path,source_sha256,release_sha256,bytes,transformed
.env.example,b00badfed4077bfee8900a536c0762df7054f89c6da45d4ea9aa2e07eb5b9516,b00badfed4077bfee8900a536c0762df7054f89c6da45d4ea9aa2e07eb5b9516,251,False
.gitignore,88616c5224a1488b5f7e5453c6413cfdcdd3a63b5e08028c17fa3f2b0a6250df,ca1725fa7b3106df88fbceaa59e5241dd536550986282160dff8dbca557d94dc,115,True
AGENTS.md,760e9d1f4cc48145e3113223391d4ec85326187cfb6952f50910866a04acb800,760e9d1f4cc48145e3113223391d4ec85326187cfb6952f50910866a04acb800,2676,False
bldg_query_plan.csv,6fd686948fe93e66efa09a3642573bdde6c04a7c0dd4b4d4f45a1710349ad984,6fd686948fe93e66efa09a3642573bdde6c04a7c0dd4b4d4f45a1710349ad984,118944,False
check_miss.py,66ecdba67a0cd7417b7ee32be356e10b4dbb2ef350f03a2387d2a6623278e25a,66ecdba67a0cd7417b7ee32be356e10b4dbb2ef350f03a2387d2a6623278e25a,290,False
conftest.py,fab945a163d3f111e4efeeb2d9bea69b31a8c5cc28c6bfa58fcbe101eece09ec,fab945a163d3f111e4efeeb2d9bea69b31a8c5cc28c6bfa58fcbe101eece09ec,1151,False
create_mock.py,05808e3e4aa17ee45fd5235915842429fd52ec0c6608d1e676cfdf8e2ed04c94,05808e3e4aa17ee45fd5235915842429fd52ec0c6608d1e676cfdf8e2ed04c94,3253,False
evaluate_final.py,de643ff87ff0ca19089af6dbd6696acc0c1e3c843b36fb37fe7dea117748d954,de643ff87ff0ca19089af6dbd6696acc0c1e3c843b36fb37fe7dea117748d954,1216,False
eval_results.json,280c47bdb6e76e50a970591b76dde0b041b12448fdb3ed53a156913daced9c19,280c47bdb6e76e50a970591b76dde0b041b12448fdb3ed53a156913daced9c19,2095,False
fetch_all.py,5cba978afbc8cfb21d2b8e77f10b71de06ddb059959532bb57e859a3cf757870,5cba978afbc8cfb21d2b8e77f10b71de06ddb059959532bb57e859a3cf757870,1160,False
fix_pilot_citycode_map.py,17dc1ec75bb5db255ee1624d9866460ed241712e492150dd3d8e175ef0102e45,17dc1ec75bb5db255ee1624d9866460ed241712e492150dd3d8e175ef0102e45,8974,False
generate_report.py,3b0d1d6812c0c37c4705f11d8419783326592788af32f426e30fda195fa40157,3b0d1d6812c0c37c4705f11d8419783326592788af32f426e30fda195fa40157,2152,False
inspect_kapt.py,360b3bd9062d0d475abbf99e778bd16562f0158618f960b49cf37f163843d6cc,360b3bd9062d0d475abbf99e778bd16562f0158618f960b49cf37f163843d6cc,6360,False
manual_overrides.csv,4b401720083aea1c55c97baa6dc4ee2e6ecb4e2028c446ff27aaabc37f38ec7f,8be6b5a27ee860c64be0e404a456343df382e1b5787351961d21d25f4ac59b28,2312,True
output.txt,71e2229c13b330e2bc3b81b33fdf210b34184e20fe73dbf37d11b6b04e96f39b,71e2229c13b330e2bc3b81b33fdf210b34184e20fe73dbf37d11b6b04e96f39b,68,False
output2.txt,8749b3a3e1cfa57e235e6540146ef2a377e1edc1c732c7a4a0d467712867b1f7,8749b3a3e1cfa57e235e6540146ef2a377e1edc1c732c7a4a0d467712867b1f7,2506,False
output3.txt,8749b3a3e1cfa57e235e6540146ef2a377e1edc1c732c7a4a0d467712867b1f7,8749b3a3e1cfa57e235e6540146ef2a377e1edc1c732c7a4a0d467712867b1f7,2506,False
pyproject.toml,2ef93ff424730524cbcff9ed39ba9c50e65f59fbc7849f7a50c2197036a29a4a,2ef93ff424730524cbcff9ed39ba9c50e65f59fbc7849f7a50c2197036a29a4a,652,False
README.md,31fe9feddbad5b2a822f3a1c08850c6b4de79cedc4ab713d2e2f84aba395d4e0,31fe9feddbad5b2a822f3a1c08850c6b4de79cedc4ab713d2e2f84aba395d4e0,5270,False
report_table.md,70204b6cdeb85c8bb660d016edecaa737b5bcb760cac7eb83d98574a3e239d8c,70204b6cdeb85c8bb660d016edecaa737b5bcb760cac7eb83d98574a3e239d8c,586,False
requirements.txt,62c0859ef6947195aa917c029cefb33720b9df12f79d8c467f1be3c66c813a5e,62c0859ef6947195aa917c029cefb33720b9df12f79d8c467f1be3c66c813a5e,171,False
sample.json,b3c995d264b609cbbddf7800582243f0df17e936853d4e03c81ceb2464a2c66d,b3c995d264b609cbbddf7800582243f0df17e936853d4e03c81ceb2464a2c66d,4920,False
temp_bldg.txt,7e5203b2f7f5cb820293a3773af44edf53ab833a92836cbbc1a29334fc14dd8d,7e5203b2f7f5cb820293a3773af44edf53ab833a92836cbbc1a29334fc14dd8d,1212,False
temp_code.txt,d5da6b302bc772aa565d3a38abf6a08160a8c6472d9aaf89c3d0c11c30dab48d,d5da6b302bc772aa565d3a38abf6a08160a8c6472d9aaf89c3d0c11c30dab48d,118,False
test.txt,60d1ddd283cc37e06d069208a48f543047ea4e5d793eab9ebcc5984ffb3d8af4,60d1ddd283cc37e06d069208a48f543047ea4e5d793eab9ebcc5984ffb3d8af4,37,False
app/app.py,1485a97917e30c4ebdb445526563544ff371efed95a1d2dd25c2d316f15917d4,1485a97917e30c4ebdb445526563544ff371efed95a1d2dd25c2d316f15917d4,887,False
config/kapt_columns.yaml,1a9435b446468327913fd05aa215036f403aeb129552f8593420dfa324524e53,1a9435b446468327913fd05aa215036f403aeb129552f8593420dfa324524e53,5433,False
config/pilots.yaml,1b04bd35c067499a6fbea724c5bc837974bc74cd80d93ca0517b0c078572e63e,1b04bd35c067499a6fbea724c5bc837974bc74cd80d93ca0517b0c078572e63e,6785,False
config/thresholds.yaml,666b7f5a95ac8995dcd7d892fd6c58d84c913cf0c1ac0b000177f6d925cb34a0,666b7f5a95ac8995dcd7d892fd6c58d84c913cf0c1ac0b000177f6d925cb34a0,185,False
data/day3_gate_result.txt,ccb7b8e480a48f0038ddfe40de7e866d90027975debf5b94c63fdd99a8c9a17b,ccb7b8e480a48f0038ddfe40de7e866d90027975debf5b94c63fdd99a8c9a17b,3886,False
data/day3_gate_result_final.txt,ccb7b8e480a48f0038ddfe40de7e866d90027975debf5b94c63fdd99a8c9a17b,ccb7b8e480a48f0038ddfe40de7e866d90027975debf5b94c63fdd99a8c9a17b,3886,False
data/FINAL_REPORT.txt,15c6d97bf312527d48848c8f5efb64a25adf655791c41232d30e2c252d9a6707,15c6d97bf312527d48848c8f5efb64a25adf655791c41232d30e2c252d9a6707,9256,False
data/source_registry_final.csv,25c155d30c4df723d4a7fd908cb66f99b5fd97b457529a5c9f7224cc73af3b3a,7486f1cc4f7ca8cfdbe2973784ba374deab0b5ba56ae47574b97cd42f8f8d781,367324,True
data/source_registry_verified.csv,1669a2adc719ff3f176c3e8bb223b6e113040a9bb7f25335a1948e26ca07c486,8916f68c4bb9bd54b75988c7bc0f3ab57d698d706aeec975ca3907a0b61feb90,379410,True
data/source_registry_verified_final.csv,788eaea580bca7384962cbdb8cfb980a5f682812d409b4df225325b6f098a5a5,99c00803c820e0af43ad4cf8d6ce374b3e074a15dd17ec3b526ceb18941788aa,361077,True
data/source_registry_verified_final_resolution.csv,8b924276c6651c3c4fc6f58af53a6088b85f45a75f9946bf0fea84fee717b9bd,846c78f39e39038ffe1fd1997e04f73f91c307a9387bcc1c3c81804710f23e72,363438,True
data/transform_log.txt,2066408e75fdc40929c2ce95295931999c652e3143532d57d0fc75ef30a50e11,2066408e75fdc40929c2ce95295931999c652e3143532d57d0fc75ef30a50e11,4836,False
data/transform_v4_log.txt,56091df6bdac9fd3a2d7a73f9f56ba106b6a69f15eea9997ce096605961e5214,56091df6bdac9fd3a2d7a73f9f56ba106b6a69f15eea9997ce096605961e5214,2894,False
data/transform_v5_log.txt,4ea190c6b342c8557328e54eb6745ffd65c0321e19ba2392d2951efe7c3d26e9,4ea190c6b342c8557328e54eb6745ffd65c0321e19ba2392d2951efe7c3d26e9,212,False
data/transform_v8_log.txt,3b92f2a1b82a5c3730771e62f39316e462038f8627616cd3fb36fdaa5d2edbbe,3b92f2a1b82a5c3730771e62f39316e462038f8627616cd3fb36fdaa5d2edbbe,1193,False
docs/.gitkeep,616502f111881c680020ce2c38442ac2f7abaa23ffc09fdb26ff4b8208b50e6c,616502f111881c680020ce2c38442ac2f7abaa23ffc09fdb26ff4b8208b50e6c,17,False
docs/approval_crosscheck.md,1364387f21ec5b3910a69528b407fefb7ba130b7f95b80c01c6f0e1c925c580c,1364387f21ec5b3910a69528b407fefb7ba130b7f95b80c01c6f0e1c925c580c,1741,False
docs/data_gate_status.md,c7b70597fdac4900cb11af0e94593579457ccd7121b84e79569cee8446a7ae2f,c7b70597fdac4900cb11af0e94593579457ccd7121b84e79569cee8446a7ae2f,1121,False
docs/headway_limits.md,aa21e34721c5b2aead0452bcff958b323555d77aae7dcd4e2fda3de11ac96fd4,aa21e34721c5b2aead0452bcff958b323555d77aae7dcd4e2fda3de11ac96fd4,7958,False
docs/kapt_intake_report.md,9320a086605f588d1e018905ddd4fa926c8a9dc8d04a54ef853a7a92c67c053c,9320a086605f588d1e018905ddd4fa926c8a9dc8d04a54ef853a7a92c67c053c,372978,False
docs/observation_plan.md,ea64e5a6bc9c0bba5087a9c306788e341d617664532da8ff8d5c54a3291d96a3,ea64e5a6bc9c0bba5087a9c306788e341d617664532da8ff8d5c54a3291d96a3,8341,False
docs/review_ledger.md,b5b3b8346aa9078c1b0fa707fffb54bba1c7e29e255e6edadd5eec166e38d488,b5b3b8346aa9078c1b0fa707fffb54bba1c7e29e255e6edadd5eec166e38d488,8924,False
docs/setup_windows.md,60fbb4422ae60f6b27e26b1c1960829de472b18291d5b98298baaebcf995eeef,60fbb4422ae60f6b27e26b1c1960829de472b18291d5b98298baaebcf995eeef,1146,False
docs/stop_registry_schema.md,5efb31428f13586002377b96404ee1c08ff4df01abc0aa6a4fe389eb7bd202da,5efb31428f13586002377b96404ee1c08ff4df01abc0aa6a4fe389eb7bd202da,7327,False
docs/tago_bus_stop_api_spec.md,646762143ba0ed19cc8ff20dd5753b0a94b0fdca7edbc9f81cd110372fd0b79e,646762143ba0ed19cc8ff20dd5753b0a94b0fdca7edbc9f81cd110372fd0b79e,3626,False
docs/tago_citycode_spec.md,20d40bec9cc15f4e382987f30c40ce06df83cad9bf1a5bb6d12f530daa715b14,20d40bec9cc15f4e382987f30c40ce06df83cad9bf1a5bb6d12f530daa715b14,1483,False
docs/tago_route_api_findings.md,b522b9785ae563fab234749a55d831c7337d364faa25429824a957a6dba430b8,b522b9785ae563fab234749a55d831c7337d364faa25429824a957a6dba430b8,13857,False
docs/오픈API활용가이드_국토교통부(TAGO)_버스정류소정보v1.0.txt,829ce922c649f25fb14a67893ec20fdbc21eecf054239de2969a0c1f49614861,829ce922c649f25fb14a67893ec20fdbc21eecf054239de2969a0c1f49614861,4204,False
evidence/arrival_ledger.csv,f74da214e81f7500ad491f7b78e2bb637a638c156eb62ab93e0ba813498641c2,c878364e93895261ca1ed19c62bffce5f9d5eb41fa7c1949a0b9d740ad7febf1,46326,True
evidence/candidate_registry.csv,a8079b1f82ddd84b29197e35735d5ffabcc4eac357ecfd13a05606dbb6983123,6dc6c3c27bc10f6c8b85b58270ea7290430c55200fae8997cc11ff82a53ea750,71961,True
evidence/cross_validation.csv,c16c80a21d744b3903a71f89823a4dd89a2922e46d916a7443a1d7c851b3418d,c16c80a21d744b3903a71f89823a4dd89a2922e46d916a7443a1d7c851b3418d,831,False
evidence/day1_qa.csv,f82be74e2b0138db0655de156704a84879be0c0f7cc4ae7e96ed90d46995d6c4,f82be74e2b0138db0655de156704a84879be0c0f7cc4ae7e96ed90d46995d6c4,21717,False
evidence/event_coverage.csv,31565de1b09ee2f129e55d09967d2411da3449e012413e1373acd2a11e1272fe,31565de1b09ee2f129e55d09967d2411da3449e012413e1373acd2a11e1272fe,5198,False
evidence/evidence_file_manifest.csv,64e2e9f74c65e0a09d191cd722d9a5dee4a6c6372a8f93164f612c003bf3c565,38e4479bfe6862e180281e91a368c3f80f0e71690b362d14360f9985a77e29d8,108142,True
evidence/evidence_hash_map.csv,b7f7649cdd009ae9507499b41a529fcba3aff1426e273615bb33600bebe323cd,87bb14b6b1bc745e52586e00b973028dff99474da391ca1c1e6f8ea95cf4c40c,100406,True
evidence/evidence_log.csv,114e11a264bafd2a2687922f6576b8651851d28b52147affd7423cec6c67267e,ecdb6929badbfd3835674f05dc233bba624c95f7afdb52f90c7d22e84ac2e3e2,236487,True
evidence/forward_monitoring.csv,e0fdb423eb43d35f4a7048a745520d0f23f1827e3744e9bd8b03171e970d7a8e,e0fdb423eb43d35f4a7048a745520d0f23f1827e3744e9bd8b03171e970d7a8e,1160,False
evidence/gate_decision.csv,a2c27e54b628b5d08c068e7de1a3e7025448271f4c1196a4a3ee6e0a82c435b2,a2c27e54b628b5d08c068e7de1a3e7025448271f4c1196a4a3ee6e0a82c435b2,277,False
evidence/gate_results.csv,81bb40ff48662cf8b2a49bde41e4303ab8cb9a909b1f78f64d727f53eeb3a423,81bb40ff48662cf8b2a49bde41e4303ab8cb9a909b1f78f64d727f53eeb3a423,1073,False
evidence/occupancy_operation_gap.csv,f7337145445799ec0916105fe72326a050640143d8f62ee698e9fc8fb3c4bcdb,f7337145445799ec0916105fe72326a050640143d8f62ee698e9fc8fb3c4bcdb,1194,False
evidence/pdf_processing_coverage.csv,d02ee2b6311b29518fb346a472d0a2fa7d9ec79e8da6ff9c6c0043c41489739e,d02ee2b6311b29518fb346a472d0a2fa7d9ec79e8da6ff9c6c0043c41489739e,21891,False
evidence/precedent_matrix.csv,50f0ae0b6d5afde8c0888edda3c6fed54265290f022300009381a81de2f0bf0b,823a16eb711df73de494df69b4e5656d29f80a97b6aa99401f33a357b0354c38,53,True
evidence/promise_linkage.csv,e18f478848a392e0e9689900cca2cdf07e322bdd27187d47724434b9af029c17,e18f478848a392e0e9689900cca2cdf07e322bdd27187d47724434b9af029c17,3241,False
evidence/promotion_log.csv,1be7c10f7568f84d0a430ccf0e694e06b5673cb42cecad825c38f30eddba0755,1be7c10f7568f84d0a430ccf0e694e06b5673cb42cecad825c38f30eddba0755,203,False
evidence/report_snapshot.json,f2639f3d196b2f50d1b5ce1ad03b1e5317716f4aadebe76203e6d33bf0f6c479,f2639f3d196b2f50d1b5ce1ad03b1e5317716f4aadebe76203e6d33bf0f6c479,34233,False
evidence/review_queue.csv,cfd60f6fc4a5a132562dc7941ca3d6266cb62481141e8a98088bc7a9a27a51fb,5392ba84495f9de13e4fcd3c65620b7bf64ec4496a287a7a20ba2c04ddd08490,247889,True
evidence/smoke_log.csv,67446bfbd92b8437a41099a7186807bbfaf0bb231d452579a24b31b2e4420dfc,67446bfbd92b8437a41099a7186807bbfaf0bb231d452579a24b31b2e4420dfc,622,False
evidence/source_registry.csv,776abcc3890588aacd3a82eaa4ca7c1782adcbf1c35a969d3a9f9c7a92d2bd41,776abcc3890588aacd3a82eaa4ca7c1782adcbf1c35a969d3a9f9c7a92d2bd41,424,False
evidence/stop_registry.csv,22bac34e38aa6b7e31c3b5bb0368a072ef2264a2d258c4008f0c0c311a2c6771,22bac34e38aa6b7e31c3b5bb0368a072ef2264a2d258c4008f0c0c311a2c6771,498,False
evidence/targeted_evidence_extraction.csv,812e7cea57bf42c638f2fdf848b5d1904e35d7b4c336523c70dfe87e0d09a23f,5ebbab71aaf20fd8affdec8dfb34778bd4c87e8b06534da2da09c33fdc55ecd6,12780,True
exports/.gitignore,0c52544197b61b6806764292a2d4eedd43f2d6f7bad8a013a0a0ed5a31eb678e,0c52544197b61b6806764292a2d4eedd43f2d6f7bad8a013a0a0ed5a31eb678e,21,False
exports/.gitkeep,616502f111881c680020ce2c38442ac2f7abaa23ffc09fdb26ff4b8208b50e6c,616502f111881c680020ce2c38442ac2f7abaa23ffc09fdb26ff4b8208b50e6c,17,False
exports/approval_crosscheck.csv,87d287c783586a8679a8dfb7d1ee108f6deb7e076f3562db147ecefe04339744,87d287c783586a8679a8dfb7d1ee108f6deb7e076f3562db147ecefe04339744,27577,False
exports/complex_geocode.csv,e2d91557710cd31a0d25fb2a1ea2654116979b4f6b9ccaf60556f387e3b5e3ce,e2d91557710cd31a0d25fb2a1ea2654116979b4f6b9ccaf60556f387e3b5e3ce,140328,False
exports/day1_day2_day3_full_refresh_report.md,eb2824c03ded4da5e508650c290512b5b308ad16fb1745719537519dac539160,eb2824c03ded4da5e508650c290512b5b308ad16fb1745719537519dac539160,2571,False
exports/evidence_manifest.csv,8e05b50ea3748d0792766f97e8985e8ebe379feefa38001d0fd87ed551c8544f,83c7d338bfeb8cc5d0bba65aae17bc4d10581a12facbb26c6ca1e7b2df0e8a29,140,True
exports/full_refresh_validation_report.md,9c998a19ef319b7318668af305b7418b74d65d76f12d3a1a214235bc1b801a4f,9c998a19ef319b7318668af305b7418b74d65d76f12d3a1a214235bc1b801a4f,1622,False
exports/headway_crosscheck.csv,02f2f71f6a8bce25a792745593702f3b745b4f28297b96c9b61eb775461b353c,02f2f71f6a8bce25a792745593702f3b745b4f28297b96c9b61eb775461b353c,7146,False
exports/headway_stop_level.csv,a6c82dee00299b64d8d0aa03ea52974c7f74ee4b7ae6d3548db99734dda0d9ec,a6c82dee00299b64d8d0aa03ea52974c7f74ee4b7ae6d3548db99734dda0d9ec,381,False
exports/kapt_match_candidates.csv,6af74cbb2ad7b034002cc8bc51f4719d4ec3284ab2d8c7e3fb48b3cb59db7770,6af74cbb2ad7b034002cc8bc51f4719d4ec3284ab2d8c7e3fb48b3cb59db7770,194342,False
exports/kapt_match_conflicts.csv,6e19b4ee9d3ba888acafab58c2aef89bfc7cfa1deb7457ad842471eab8817e91,6e19b4ee9d3ba888acafab58c2aef89bfc7cfa1deb7457ad842471eab8817e91,2233,False
exports/kapt_match_orphans.csv,d1a5b0a3810ad0120a276443ea0397569e6a4760a324955e692b9fa511b01ff9,d1a5b0a3810ad0120a276443ea0397569e6a4760a324955e692b9fa511b01ff9,88778,False
exports/kapt_qa.csv,3c9adcdf04005cdb19f3a72c12466273d6056c54c127832a4b29bc938657fd15,3c9adcdf04005cdb19f3a72c12466273d6056c54c127832a4b29bc938657fd15,72,False
exports/pilot_citycode_map.csv,2e1ffd03436791e86ac58caed02513b35e8880941788dddfc25b57dba409227f,2e1ffd03436791e86ac58caed02513b35e8880941788dddfc25b57dba409227f,1041,False
exports/pytest_collect_full.txt,c5443012e57890b341fd4cf0fa8dafcfe7bfe16d76b76552633ee032c0facdfe,84f5f77eff392ee1683629332d01ed47667b938f64f5606271df220f22113fc4,9190,True
exports/pytest_final_clean.txt,733e3a3cb5479dba1013462eccfbfedc0929bd316955af6ccc26af1b606e2153,ded7c9f21b9c79b7fa68fd3f0ea8c2b8c96fc77de0915de9b31049ceedeaf390,2648,True
exports/pytest_phase2a_clean.txt,257fc4056a1ee82e5873a34510554d820855f3b13433b102dc72300ae47be73f,50181ea276eee39be1f001e5ef8388d7b76f66fc016e84a829c07b135fe7ee23,2836,True
exports/pytest_rs_clean.txt,c6e9327fe83377bfd1de6db22d61aab049c820360f902e9946c742eb25384efc,2cc8f5e679596b709ad5e529cb275b8dc47f16440c6a29048519615674a9ced9,2836,True
exports/pytest_tb_long.txt,ad21aa1a1993b1514cac84df25f9267e084226564b3770987d22bc3f191b9f89,16ee7220fee361ff104c243f9629299c9f029ed880b0c278587f23bcf88d8b43,10191,True
exports/stop_candidates.csv,dc92fc9f30347ab7699edfa28f1f87050403a1034399811052f2d56a323b311b,dc92fc9f30347ab7699edfa28f1f87050403a1034399811052f2d56a323b311b,329213,False
exports/stop_gate_report.csv,8bd1c1cb8a1b1ec37d3efd9ec4fa71b13d537cda743fcb1bb458b4cf48cc9c7f,8bd1c1cb8a1b1ec37d3efd9ec4fa71b13d537cda743fcb1bb458b4cf48cc9c7f,799,False
exports/stop_gate_report.meta.json,8ba4321e859e18517d5de1450cd0bf3839b49a0468eb4e0c2859f4c471f98a82,8ba4321e859e18517d5de1450cd0bf3839b49a0468eb4e0c2859f4c471f98a82,360,False
scratch/6b_probe_result.csv,7abe9dd85f6b6c78dd03ea26e47d49bc17887de955e90830f986a5ab3e2b6a20,7abe9dd85f6b6c78dd03ea26e47d49bc17887de955e90830f986a5ab3e2b6a20,5378,False
scratch/analyze_7e.py,85c1110e799f65e278c662f2d5c3eadfa4dbd7c1c4eb99deb41cef3285c178ad,85c1110e799f65e278c662f2d5c3eadfa4dbd7c1c4eb99deb41cef3285c178ad,6424,False
scratch/audit_7a_outputs.py,9145800c5d2fef49ab4de432a7b4765084510105fceea6c2ad8193d7cc4da8ec,9145800c5d2fef49ab4de432a7b4765084510105fceea6c2ad8193d7cc4da8ec,7001,False
scratch/audit_7a_outputs_result.txt,eaabbf6cd342bc77a8e3c979eeb3fa0097b10cc96cc33db5850eed8d5b175ec1,eaabbf6cd342bc77a8e3c979eeb3fa0097b10cc96cc33db5850eed8d5b175ec1,2889,False
scratch/audit_7a_supplement.py,8ec732134e2dd0f2ae819efd6ae0e8badd210cd9c0226ce91a7e0e0806953289,8ec732134e2dd0f2ae819efd6ae0e8badd210cd9c0226ce91a7e0e0806953289,12496,False
scratch/audit_7a_supplement_report.md,9c06bf56cf325d3b623094a619efe46b6dd10d6d183febda9eada1c101b645e4,9c06bf56cf325d3b623094a619efe46b6dd10d6d183febda9eada1c101b645e4,15253,False
scratch/audit_collection.py,e76597671b832794d4e086a9256d7625de8f9439d9befa6abbb7c56f39c07510,e76597671b832794d4e086a9256d7625de8f9439d9befa6abbb7c56f39c07510,25617,False
scratch/audit_log_reconcile.py,11ecfdc8a295133004c3e0bf614c0af4fa5ad9c310d4f2bbe93bcb0f1e6abcbc,11ecfdc8a295133004c3e0bf614c0af4fa5ad9c310d4f2bbe93bcb0f1e6abcbc,14676,False
scratch/audit_log_reconcile_report.md,ce843e03af604113b6e6a11641914c6e26262cd635444522d175ca5951301db4,5d78b671c21e88e14931f18af5e0f3205cf00af06634e855e65c0961d3b9942c,27966,True
scratch/audit_log_reconcile_v2.py,45c08ffceb00071991814b339c8d8d3df3c1437d79b1bf220e2c7f275809fe53,45c08ffceb00071991814b339c8d8d3df3c1437d79b1bf220e2c7f275809fe53,14224,False
scratch/audit_log_reconcile_v2_report.md,e979e8715a8376ea702551b835a560106dc44f8bfd7f0bc24842bf14f8d35dcb,b2667b090fa3675389206072c0d68d90ad7147caa9ed3146e75a691d45b1620f,41859,True
scratch/audit_output.txt,da3b80f5a76700d692ce76e85ddfdb5ae378bfe97b004c84f530b7c64c4683a6,8bcd75375ffb1e20f1762ba2eaf82fb55b641cb5de753a524bb8ecd99d1aa5ec,23698,True
scratch/audit_output_utf8.txt,63a239b9fdce47f76d942b322f83de34ee5d384d47d3846f244ede88082452e2,63a239b9fdce47f76d942b322f83de34ee5d384d47d3846f244ede88082452e2,14181,False
scratch/audit_supplement.py,7e6976e159324704ada72c57e15a82596a8a493063393d7b3f5e2eed64b20d02,7e6976e159324704ada72c57e15a82596a8a493063393d7b3f5e2eed64b20d02,22327,False
scratch/audit_supplement_output.txt,89cbe802c7e8d9618e021d1c3dd5a4b90cf7d8e8e30a11446193b29bcb7b2bcb,89cbe802c7e8d9618e021d1c3dd5a4b90cf7d8e8e30a11446193b29bcb7b2bcb,18837,False
scratch/audit_supplement_report.md,b775af133ac80dbfd011cc47849052affaaee914ca30bde8065a62b96387bf5c,b775af133ac80dbfd011cc47849052affaaee914ca30bde8065a62b96387bf5c,4764,False
scratch/audit_supplement_v2.py,147cf62c417057c69b98d96eb60872e35ed56a0a2b0f4c371f388ab791f4e0c9,147cf62c417057c69b98d96eb60872e35ed56a0a2b0f4c371f388ab791f4e0c9,27290,False
scratch/audit_supplement_v2_output.txt,c942df3bb9ab0ce0b8edeb118bc87e251fa36827bf9c106f3c074b455c2fe321,c942df3bb9ab0ce0b8edeb118bc87e251fa36827bf9c106f3c074b455c2fe321,6695,False
scratch/calc_headway.py,6469b00ae9700d6516a1b8342cdc4a2623080262028ffb7bb4e0bed1f3af0f19,6469b00ae9700d6516a1b8342cdc4a2623080262028ffb7bb4e0bed1f3af0f19,21834,False
scratch/calc_headway_v2.py,3b93324854597b2922824851c64761c84c91b0031a646c0f2da632bac1873992,3b93324854597b2922824851c64761c84c91b0031a646c0f2da632bac1873992,19662,False
scratch/calc_headway_v3.py,f84825399b9383e38d9f41a6180f501d7a93df9fa34d78e9df9bc1a1204176f5,f84825399b9383e38d9f41a6180f501d7a93df9fa34d78e9df9bc1a1204176f5,39112,False
scratch/calc_headway_v4.py,12ba2b5550c3d630f82d324f8a23e4202a44c5882a643268767b869b18e46e7b,12ba2b5550c3d630f82d324f8a23e4202a44c5882a643268767b869b18e46e7b,43669,False
scratch/calc_headway_v5.py,a738ee420494f66f0a77896bb290fe44adfedad29d75763cf560a8dd069275eb,a738ee420494f66f0a77896bb290fe44adfedad29d75763cf560a8dd069275eb,52317,False
scratch/calc_headway_v6.py,1cc7eda19c1be3c1beb193671dbe9ecb673141bd87f64b1c6219f1ca46aed55e,1cc7eda19c1be3c1beb193671dbe9ecb673141bd87f64b1c6219f1ca46aed55e,68962,False
scratch/calc_headway_v6_2.py,5e4cc16760a50319421a410a9f799fd4a4be9fc0fd7f2abeaa6ba31e604833c3,5e4cc16760a50319421a410a9f799fd4a4be9fc0fd7f2abeaa6ba31e604833c3,73623,False
scratch/calc_headway_v7.py,5e4cc16760a50319421a410a9f799fd4a4be9fc0fd7f2abeaa6ba31e604833c3,5e4cc16760a50319421a410a9f799fd4a4be9fc0fd7f2abeaa6ba31e604833c3,73623,False
scratch/check_6888_collision.py,933d2df5192254c94c05015ca54d8991236611ae466df3eee3174da49587687e,933d2df5192254c94c05015ca54d8991236611ae466df3eee3174da49587687e,3536,False
scratch/check_7d_all.py,5a9398edc161038476fde425d7c46da42268f668f3787f11e25c40cc3a2cc51a,5a9398edc161038476fde425d7c46da42268f668f3787f11e25c40cc3a2cc51a,6631,False
scratch/check_hyphens.py,bfdd81961d271a75ee6f99eb8fe8b3ec0d99c9f12406aafdb61745101f008e60,bfdd81961d271a75ee6f99eb8fe8b3ec0d99c9f12406aafdb61745101f008e60,584,False
scratch/check_missing.py,81893f495da2d5ddfa41e56f01e913fdba0e653fda654233a6db41db9704758b,81893f495da2d5ddfa41e56f01e913fdba0e653fda654233a6db41db9704758b,762,False
scratch/dry_run_out.txt,8b95b6113492dd3dbb378e689e9528fb603c7d2b1339cdf73aa4fdc500929ae1,8b95b6113492dd3dbb378e689e9528fb603c7d2b1339cdf73aa4fdc500929ae1,16800,False
scratch/dry_run_v6_2_out.txt,66da485d51b4fb7900adf5000b20e0b5dd09e4a3d49fbe3ebeb42e2d6901a3f2,66da485d51b4fb7900adf5000b20e0b5dd09e4a3d49fbe3ebeb42e2d6901a3f2,46682,False
scratch/dry_run_v6_out.txt,626eefb1149919b366f3da05a7dfbe1d0de6498dc2c651d4be6d4a511d769e48,626eefb1149919b366f3da05a7dfbe1d0de6498dc2c651d4be6d4a511d769e48,27406,False
scratch/e2_precheck.py,60b32e069978815bd9e289ea65f7e1125998516d07de8d6ee53c6f89cb74fccb,60b32e069978815bd9e289ea65f7e1125998516d07de8d6ee53c6f89cb74fccb,3264,False
scratch/gate_cli_probe.py,4d05c5e4ca5ed8443146c22398f43cbf3e93288c8482b31ba2bf7301d7061797,4d05c5e4ca5ed8443146c22398f43cbf3e93288c8482b31ba2bf7301d7061797,1558,False
scratch/gate_cli_probe_out.txt,f67b9ad5eee23923ef5cc97eb015ea5f08e3d9dfc15ac42b5234cc7950ae0aa2,f67b9ad5eee23923ef5cc97eb015ea5f08e3d9dfc15ac42b5234cc7950ae0aa2,46534,False
scratch/gate_cli_probe_utf8.txt,72928fc3d2788d0eeebeded67b3d6ca65cad689c50c6d96e1e346552e6ded10d,72928fc3d2788d0eeebeded67b3d6ca65cad689c50c6d96e1e346552e6ded10d,24269,False
scratch/i1_diagnostic.py,ce33d7d61f857060326db00a422a20a2c2dc12a4503c246f88ca584881c0605e,ce33d7d61f857060326db00a422a20a2c2dc12a4503c246f88ca584881c0605e,3776,False
scratch/inspect_0911.py,3ed1c61040b2899aa6153af32347cde90d346aad98ed39a3d17fee60ce6a9b3c,3ed1c61040b2899aa6153af32347cde90d346aad98ed39a3d17fee60ce6a9b3c,385,False
scratch/inspect_e1.py,49d770e9e881fbe48fbd25192f6bec5299d795828f467f12bbf3161fdfdd9e6c,49d770e9e881fbe48fbd25192f6bec5299d795828f467f12bbf3161fdfdd9e6c,1261,False
scratch/inspect_e2.py,2ae5bad34596f7d0f4961ffd0d809894511892dacda4d42c9a88c1b7b2654eba,2ae5bad34596f7d0f4961ffd0d809894511892dacda4d42c9a88c1b7b2654eba,869,False
scratch/inspect_f1_f2.py,a978f682c9088a63f001de45ec53b6e65f9800e03f3eecbf599462f3ef2c1fb3,a978f682c9088a63f001de45ec53b6e65f9800e03f3eecbf599462f3ef2c1fb3,914,False
scratch/inspect_targets.py,ac3c0aea18074d305f3d771aead04d8ce8d6ca4f0dd979a672d96361d0f414b2,ac3c0aea18074d305f3d771aead04d8ce8d6ca4f0dd979a672d96361d0f414b2,574,False
scratch/last_prompt.txt,a5dd7abf811245d9af29913d2b357703ae0441621a680ec0425817bf6e75987d,a5dd7abf811245d9af29913d2b357703ae0441621a680ec0425817bf6e75987d,9895,False
scratch/nodeid_lookup.py,47d98cac9d92d0033e238535d14daed0e601fabc6630183fa8208868beb4bf8b,47d98cac9d92d0033e238535d14daed0e601fabc6630183fa8208868beb4bf8b,1238,False
scratch/nodeid_lookup2.py,65057d2a80c242cf725a5b8963fb4f620cb756668df29585c294618b165700a5,65057d2a80c242cf725a5b8963fb4f620cb756668df29585c294618b165700a5,1291,False
scratch/patch_notes.py,b10e3307af9ef633cac4c1c17ada59cb6b69e613d9bfdf00790daf6ecd5a0411,b10e3307af9ef633cac4c1c17ada59cb6b69e613d9bfdf00790daf6ecd5a0411,1146,False
scratch/post_promote_check.py,fac139f4a51b0c2dd3b19c04fe66f2f939ced4beb40c8e9a5220894f158df638,fac139f4a51b0c2dd3b19c04fe66f2f939ced4beb40c8e9a5220894f158df638,887,False
scratch/prereq_check.py,55fdbb8d22382ea4d7b2117765bb1761fade97d5cbc001e72c79f36b81386fa2,55fdbb8d22382ea4d7b2117765bb1761fade97d5cbc001e72c79f36b81386fa2,10368,False
scratch/prereq_check_output.txt,6a3a2c05997cfcd7cbd92d1f149f58d0e4b41a3045842bf3c0d49241c2c606c0,6a3a2c05997cfcd7cbd92d1f149f58d0e4b41a3045842bf3c0d49241c2c606c0,5221,False
scratch/preserve_and_7d.py,3afe11169dc00a0eec0a7c4f6097a60241fdb29258f09e34c5c88783a7102cae,3afe11169dc00a0eec0a7c4f6097a60241fdb29258f09e34c5c88783a7102cae,651,False
scratch/preserve_and_7d_utf8.txt,f3564cdf9378a44c5fd973442bf09e2d7c76de89f7623d4763f161e59e2aedce,f3564cdf9378a44c5fd973442bf09e2d7c76de89f7623d4763f161e59e2aedce,24020,False
scratch/read_gate_report.py,3b6fefa72ad45fb7b9a5c6cd8ca014207cdd7b5a6b60c334c94a327b42b8410f,3b6fefa72ad45fb7b9a5c6cd8ca014207cdd7b5a6b60c334c94a327b42b8410f,736,False
scratch/read_promote.py,375b263e5a4a2fdebe26d101c777527287e0f939c4ff22a0862c930f29e98b80,375b263e5a4a2fdebe26d101c777527287e0f939c4ff22a0862c930f29e98b80,479,False
scratch/search_log.py,1326fe094533e51448d0f3b9254d0840068b3eee849bfaefd9509d44e3515e4c,1326fe094533e51448d0f3b9254d0840068b3eee849bfaefd9509d44e3515e4c,758,False
scratch/step4b_output.txt,5f4fa5baea6155609452e599838489dbf40e77fa2b00a0dfa7e45dafeef99ba0,5f4fa5baea6155609452e599838489dbf40e77fa2b00a0dfa7e45dafeef99ba0,20821,False
scratch/step4b_probe.py,6c74f5c6a3bd6ea32a9cac8a56c586d8783ceab200cd0820f151fd9b532e65e1,6c74f5c6a3bd6ea32a9cac8a56c586d8783ceab200cd0820f151fd9b532e65e1,3421,False
scratch/step4b_utf8.txt,b55c24714ab067c254b3227f249eb19e8436221c87bb07cac61075580a2bc51c,b55c24714ab067c254b3227f249eb19e8436221c87bb07cac61075580a2bc51c,17579,False
scratch/step4_probe.py,b8fcdd4c6ad16594b1c18209ed06a16e8c1128350a33d19d1152b195c669fcdd,b8fcdd4c6ad16594b1c18209ed06a16e8c1128350a33d19d1152b195c669fcdd,2463,False
scratch/step5_nodeid_probe.py,5d4311a92a3f928fa3d8eabc6c4b8a08e495bafa9d8f99920b4553e250e05636,5d4311a92a3f928fa3d8eabc6c4b8a08e495bafa9d8f99920b4553e250e05636,3599,False
scratch/step6_task.py,695d0b6d6c383e995c72269bfd80cb16d35916063b781c032f69151206f06261,695d0b6d6c383e995c72269bfd80cb16d35916063b781c032f69151206f06261,2550,False
scratch/stop_pair_lookup.py,b035c0597f652a8eeb27e5a45ff412b8c2a0f192d11e355b56480fe0380b3915,b035c0597f652a8eeb27e5a45ff412b8c2a0f192d11e355b56480fe0380b3915,2192,False
scratch/stop_registry.pre_promote.bak,aa6f8368661bc490963c8d016cd11b3357bdd952adad0d1bde0ed4f1c39c7fc1,aa6f8368661bc490963c8d016cd11b3357bdd952adad0d1bde0ed4f1c39c7fc1,491,False
scratch/temp_audit_check.py,790315fcbf354f87dc3325fcc9fb0b0c5ccb3f2d00907c70b29d8c6a45cca287,790315fcbf354f87dc3325fcc9fb0b0c5ccb3f2d00907c70b29d8c6a45cca287,1176,False
scratch/test_headway.py,128cfb17342e0d14d2f14c2c4d86bfa50684ea003c1c803630f4549fc85bfbfa,128cfb17342e0d14d2f14c2c4d86bfa50684ea003c1c803630f4549fc85bfbfa,2488,False
scratch/test_headway_v2.py,446bb3b46f0b6f817058ae4caa488e9c5d26b5c52e1e517dd23dfcb5b067a60e,446bb3b46f0b6f817058ae4caa488e9c5d26b5c52e1e517dd23dfcb5b067a60e,3609,False
scratch/test_headway_v3.py,30efb9b363e310a9d01337aa9e136c451b28f4b2129a2b352b3435eb3e492ffd,30efb9b363e310a9d01337aa9e136c451b28f4b2129a2b352b3435eb3e492ffd,10141,False
scratch/test_headway_v4.py,37dfdbd724c8328cd740bb171ce7d79ca8213025a95157429bbe5f6e1f6be573,37dfdbd724c8328cd740bb171ce7d79ca8213025a95157429bbe5f6e1f6be573,12620,False
scratch/test_headway_v5.py,489e647ec262fc739cc8447d3a8b1472c90cd0debc0f2223584e3bd6bb5e3f3b,489e647ec262fc739cc8447d3a8b1472c90cd0debc0f2223584e3bd6bb5e3f3b,16423,False
scratch/test_headway_v6.py,93b215a213db494dc678f1984ca5b7babcf9d0b5d74057fdf63d5f3ea0bcb1dd,93b215a213db494dc678f1984ca5b7babcf9d0b5d74057fdf63d5f3ea0bcb1dd,23897,False
scratch/test_headway_v6_2.py,bfe1d4d1cf500c8a2b0da42380d3d4b171be739908ee28109fca174d53ab424a,bfe1d4d1cf500c8a2b0da42380d3d4b171be739908ee28109fca174d53ab424a,27589,False
scratch/test_headway_v7.py,bfe1d4d1cf500c8a2b0da42380d3d4b171be739908ee28109fca174d53ab424a,bfe1d4d1cf500c8a2b0da42380d3d4b171be739908ee28109fca174d53ab424a,27589,False
scratch/verify_6d.py,1d746981ccb6ce81d1a7ff8e4909d8afd72adaf802f218fca025938b00cec05a,1d746981ccb6ce81d1a7ff8e4909d8afd72adaf802f218fca025938b00cec05a,1041,False
scratch/verify_geocode_v3.py,ff4127625ad0bc1993ae7fc86b3a4b24b9d26744c9426fbd335e05213b4eb36d,ff4127625ad0bc1993ae7fc86b3a4b24b9d26744c9426fbd335e05213b4eb36d,4466,False
scratch/_check_ok_empty.py,e45458af8ca60302c3aa6a8841244a4f5f4611924be4536f51a8e5c6b96183eb,e45458af8ca60302c3aa6a8841244a4f5f4611924be4536f51a8e5c6b96183eb,881,False
scratch/_live_ledger.csv,bd48facb7d27d4735e6e07c2eff978c56757cd021a01cff93ba8d72ec4940174,bd48facb7d27d4735e6e07c2eff978c56757cd021a01cff93ba8d72ec4940174,312,False
scratch/_log_analysis.txt,8ba1fef3a2f51ae80476a46391438399e7d19a4984340865db4fb0f8d8b2ac95,8ba1fef3a2f51ae80476a46391438399e7d19a4984340865db4fb0f8d8b2ac95,1516,False
scratch/_log_analysis2.txt,fbeec52f4360387c3a8ded917783e479f93085bd5302ad1197b42e6752dd99ab,fbeec52f4360387c3a8ded917783e479f93085bd5302ad1197b42e6752dd99ab,830,False
scratch/_log_headers.txt,25d8d6af7d5ea2ca41efb541b64bda64961b0d19d55f4bbefd4ffb4d5cfd8027,25d8d6af7d5ea2ca41efb541b64bda64961b0d19d55f4bbefd4ffb4d5cfd8027,505,False
scratch/_ok_empty_context.txt,25b6f03661ea0d938a91f7f1e1ebcb6058c8a5218fd3d46a358d962b993f50ad,25b6f03661ea0d938a91f7f1e1ebcb6058c8a5218fd3d46a358d962b993f50ad,746,False
scratch/_task_log.txt,51dd8acfd8f3d36ef621bc81912ef698724c02e5301a01e8445ae6349a01c908,51dd8acfd8f3d36ef621bc81912ef698724c02e5301a01e8445ae6349a01c908,132528,False
scripts/smoke_arrival.py,346d409ceb8205763e1c63231f16f4aaca3788948d22e4a17833e198e5f8f010,346d409ceb8205763e1c63231f16f4aaca3788948d22e4a17833e198e5f8f010,6682,False
scripts/verify_route_info.py,b8dcc8085984625287c229995c9a483e6ed8df3202383a50eb842e36db3015c1,b8dcc8085984625287c229995c9a483e6ed8df3202383a50eb842e36db3015c1,7841,False
src/config.py,56448f8ded106ffa98036f279c81f93e19a9dcf56fbeebd8d8350458a1bd7145,56448f8ded106ffa98036f279c81f93e19a9dcf56fbeebd8d8350458a1bd7145,1186,False
src/evidence_registry.py,fcb596ba53cb3981cce9c90a8c045585f2ffb888586fa370e274741ceb9eacde,fcb596ba53cb3981cce9c90a8c045585f2ffb888586fa370e274741ceb9eacde,5155,False
src/logging_utils.py,a06b7f629dae18d629c94b19899b71010132522014e38c9205cadbdeb235553c,a06b7f629dae18d629c94b19899b71010132522014e38c9205cadbdeb235553c,1310,False
src/__init__.py,d97deea933f6e81978a36523084c6a3cd846f30cda850369131f4a2b0b3fbe92,d97deea933f6e81978a36523084c6a3cd846f30cda850369131f4a2b0b3fbe92,19,False
tests/test_api_common.py,1ae8d6b12ce63930c2e71803abac0fcfedc287afbc3480cd1d24994ce3013b62,1ae8d6b12ce63930c2e71803abac0fcfedc287afbc3480cd1d24994ce3013b62,543,False
tests/test_building_hub.py,e0627a188ebf5b36db7bc1835125f283b505034a99163952feb38396321b0bf4,e0627a188ebf5b36db7bc1835125f283b505034a99163952feb38396321b0bf4,3294,False
tests/test_building_title.py,bbf321b965e0488405d065fa6626596afec23c3093c623c25886c18dba201034,bbf321b965e0488405d065fa6626596afec23c3093c623c25886c18dba201034,2139,False
tests/test_config.py,9e15b1b221ab8c5711a6b9ccef57675b3362a7068b1b64bc92ee02ceb7542637,9e15b1b221ab8c5711a6b9ccef57675b3362a7068b1b64bc92ee02ceb7542637,1969,False
tests/test_evidence_registry.py,36d730254473802135e620be47ef002dcc4ba8afd177715ee2287a1fa1825b2c,36d730254473802135e620be47ef002dcc4ba8afd177715ee2287a1fa1825b2c,3494,False
tests/test_evidence_verifier.py,6f603875f585046afdbdd78b855b04264f0f3ded29d58eb490838f4242a88223,6f603875f585046afdbdd78b855b04264f0f3ded29d58eb490838f4242a88223,2155,False
tests/test_full_pdf_refresh.py,4a3e4602f2632efafa6bb67d32f04d07e9bd9226093fec6b6f21869c62ffd01e,4a3e4602f2632efafa6bb67d32f04d07e9bd9226093fec6b6f21869c62ffd01e,7816,False
tests/test_gate_evaluator.py,7ceabf99acdcb78a26eb56c6c7661c653a49c5ae38322b69f989a4a41246c481,7ceabf99acdcb78a26eb56c6c7661c653a49c5ae38322b69f989a4a41246c481,1065,False
tests/test_geocode_once.py,fbb52d4ebc8237f36f4b89e11019a59e03b6199cb43728b5de7e3accef1341b3,fbb52d4ebc8237f36f4b89e11019a59e03b6199cb43728b5de7e3accef1341b3,2254,False
tests/test_kapt_normalizer.py,ab7540b48678ff20d3aa503ea117481a6752c2d4100641e05c1abc8c14f21303,ab7540b48678ff20d3aa503ea117481a6752c2d4100641e05c1abc8c14f21303,4183,False
tests/test_pilots_config.py,a2559c54894738b2cd1054997940a69745e5da2323af51faa87d3b9d3089286b,a2559c54894738b2cd1054997940a69745e5da2323af51faa87d3b9d3089286b,5790,False
tests/test_route_api_spec.py,04468e8eb9297feb81d9c9afc0574004fef95b7349591f956825b9c019c4c2d3,04468e8eb9297feb81d9c9afc0574004fef95b7349591f956825b9c019c4c2d3,2307,False
tests/test_route_service_hours.py,a9203fb98045b6ceff90f42f3c7478003677161e37a280529b6491e88bef2235,a9203fb98045b6ceff90f42f3c7478003677161e37a280529b6491e88bef2235,2303,False
tests/test_secret_redaction.py,29c8ba89ac29b34688846cba0b7338c158082cdeefa34fbe11c5d02f33f4bba1,29c8ba89ac29b34688846cba0b7338c158082cdeefa34fbe11c5d02f33f4bba1,1089,False
tests/test_smoke_arrival.py,855c1e17d00e4bdf935808cced0c8982e80c9989a8f20e19845efc04c16f2b19,855c1e17d00e4bdf935808cced0c8982e80c9989a8f20e19845efc04c16f2b19,1265,False
tests/test_stop_gate.py,126110e75de3282fa158da412d8846db1d7d0ea690c2e4cd77433344df8b692f,126110e75de3282fa158da412d8846db1d7d0ea690c2e4cd77433344df8b692f,29784,False
tests/test_stop_gate_cli.py,8f57a20b64f9b9bf008a3746e7eadd5bbd4c258f635944218c525241408aadce,8f57a20b64f9b9bf008a3746e7eadd5bbd4c258f635944218c525241408aadce,19508,False
tests/test_submission_audit.py,50cee7526007028242a6a406e14c08e4262c7a7436afe0601380e7a9f7944116,50cee7526007028242a6a406e14c08e4262c7a7436afe0601380e7a9f7944116,3209,False
tests/test_submission_claims_v02.py,f31cbebd9032c81f3f6289211e33a8854b06b8b44d5d27a0d2803cc20b3da0dc,f31cbebd9032c81f3f6289211e33a8854b06b8b44d5d27a0d2803cc20b3da0dc,459,False
tests/test_submission_inventory_v02.py,79a22aef989a497b17260136e2212c2f9e3338b6a823e6cc6e4bd6e3fd0a7369,79a22aef989a497b17260136e2212c2f9e3338b6a823e6cc6e4bd6e3fd0a7369,1009,False
tests/test_submission_release_v02.py,7db2892a20fe48a4e70d5394c96ce46df6d793fca8b501e98fd4ef43934b868d,7db2892a20fe48a4e70d5394c96ce46df6d793fca8b501e98fd4ef43934b868d,527,False
tests/test_submission_v02.py,487ee2161bddd2c2324200a835d716003da9373c7b825ad2a8daeca473fa162e,487ee2161bddd2c2324200a835d716003da9373c7b825ad2a8daeca473fa162e,3221,False
tests/test_submission_windows_v02.py,207377b06ee89490c55fed55882fcc68d7b7b6ab8fece70ac04242d6b04a36ab,207377b06ee89490c55fed55882fcc68d7b7b6ab8fece70ac04242d6b04a36ab,849,False
tests/test_tago_nearby.py,12af91bf3641bb5a6505a3f553577268ee63ad377a0bd2ea120996e9fb7103c0,12af91bf3641bb5a6505a3f553577268ee63ad377a0bd2ea120996e9fb7103c0,3319,False
tests/__init__.py,735469839c842bc3fbc34792d87ecca2fb190d80bc5c631024bb850a07b5bbfb,735469839c842bc3fbc34792d87ecca2fb190d80bc5c631024bb850a07b5bbfb,16,False
tmp/render_targeted_pdf_pages.ps1,dc21c7429645068dc169423a8b8f2e1089095f5777187a8dbd9db12f3add461c,dc21c7429645068dc169423a8b8f2e1089095f5777187a8dbd9db12f3add461c,1146,False
tools/6b_review_probe.py,f90f52f7aa39e90af3aba94db2e5b385fc22e3e376fdc60a23ad14e7e3e0bd25,f90f52f7aa39e90af3aba94db2e5b385fc22e3e376fdc60a23ad14e7e3e0bd25,6591,False
tools/smoke_tago_route.py,2b95220b450db8832107ccb0752a5f66cbc45d568395ac23eb83cfd902b185ca,2b95220b450db8832107ccb0752a5f66cbc45d568395ac23eb83cfd902b185ca,3508,False
data/curated/.gitkeep,616502f111881c680020ce2c38442ac2f7abaa23ffc09fdb26ff4b8208b50e6c,616502f111881c680020ce2c38442ac2f7abaa23ffc09fdb26ff4b8208b50e6c,17,False
data/curated/artifact_manifest.json,2e226438753ba1877ce2a461cd9a59a2bfee3963bff30ea4cffe335983f774e3,49e64607b73889965523865fe9d0dad761d0b7b63f709efeb4c331bf025c6675,3438,True
data/curated/cross_validation.csv,c16c80a21d744b3903a71f89823a4dd89a2922e46d916a7443a1d7c851b3418d,c16c80a21d744b3903a71f89823a4dd89a2922e46d916a7443a1d7c851b3418d,831,False
data/curated/day1_qa.csv,f82be74e2b0138db0655de156704a84879be0c0f7cc4ae7e96ed90d46995d6c4,f82be74e2b0138db0655de156704a84879be0c0f7cc4ae7e96ed90d46995d6c4,21717,False
data/curated/event_coverage.csv,31565de1b09ee2f129e55d09967d2411da3449e012413e1373acd2a11e1272fe,31565de1b09ee2f129e55d09967d2411da3449e012413e1373acd2a11e1272fe,5198,False
data/curated/evidence_file_manifest.csv,64e2e9f74c65e0a09d191cd722d9a5dee4a6c6372a8f93164f612c003bf3c565,38e4479bfe6862e180281e91a368c3f80f0e71690b362d14360f9985a77e29d8,108142,True
data/curated/evidence_hash_map.csv,b7f7649cdd009ae9507499b41a529fcba3aff1426e273615bb33600bebe323cd,87bb14b6b1bc745e52586e00b973028dff99474da391ca1c1e6f8ea95cf4c40c,100406,True
data/curated/evidence_log.csv,114e11a264bafd2a2687922f6576b8651851d28b52147affd7423cec6c67267e,ecdb6929badbfd3835674f05dc233bba624c95f7afdb52f90c7d22e84ac2e3e2,236487,True
data/curated/forward_monitoring.csv,e0fdb423eb43d35f4a7048a745520d0f23f1827e3744e9bd8b03171e970d7a8e,e0fdb423eb43d35f4a7048a745520d0f23f1827e3744e9bd8b03171e970d7a8e,1160,False
data/curated/gate_decision.csv,a2c27e54b628b5d08c068e7de1a3e7025448271f4c1196a4a3ee6e0a82c435b2,a2c27e54b628b5d08c068e7de1a3e7025448271f4c1196a4a3ee6e0a82c435b2,277,False
data/curated/gate_results.csv,81bb40ff48662cf8b2a49bde41e4303ab8cb9a909b1f78f64d727f53eeb3a423,81bb40ff48662cf8b2a49bde41e4303ab8cb9a909b1f78f64d727f53eeb3a423,1073,False
data/curated/occupancy_operation_gap.csv,f7337145445799ec0916105fe72326a050640143d8f62ee698e9fc8fb3c4bcdb,f7337145445799ec0916105fe72326a050640143d8f62ee698e9fc8fb3c4bcdb,1194,False
data/curated/pdf_processing_coverage.csv,d02ee2b6311b29518fb346a472d0a2fa7d9ec79e8da6ff9c6c0043c41489739e,d02ee2b6311b29518fb346a472d0a2fa7d9ec79e8da6ff9c6c0043c41489739e,21891,False
data/curated/promise_linkage.csv,e18f478848a392e0e9689900cca2cdf07e322bdd27187d47724434b9af029c17,e18f478848a392e0e9689900cca2cdf07e322bdd27187d47724434b9af029c17,3241,False
data/curated/registry_merge_summary.json,8f7604cc348b782d75a63f1a625ee4951d3853ed743de4fcf9c17a903cd38660,8f7604cc348b782d75a63f1a625ee4951d3853ed743de4fcf9c17a903cd38660,440,False
data/curated/report_snapshot.json,f2639f3d196b2f50d1b5ce1ad03b1e5317716f4aadebe76203e6d33bf0f6c479,f2639f3d196b2f50d1b5ce1ad03b1e5317716f4aadebe76203e6d33bf0f6c479,34233,False
data/curated/review_queue.csv,cfd60f6fc4a5a132562dc7941ca3d6266cb62481141e8a98088bc7a9a27a51fb,5392ba84495f9de13e4fcd3c65620b7bf64ec4496a287a7a20ba2c04ddd08490,247889,True
data/curated/source_registry.csv,34d24213aa521b35b1c396c88ad95a4232b97b195f16923136f18d29d0224403,781284a815c2c4e3fc8f4473fa48556938bea46a282b58ce0f936c479bb2697e,377093,True
data/curated/targeted_evidence_extraction.csv,812e7cea57bf42c638f2fdf848b5d1904e35d7b4c336523c70dfe87e0d09a23f,5ebbab71aaf20fd8affdec8dfb34778bd4c87e8b06534da2da09c33fdc55ecd6,12780,True
data/curated/targeted_evidence_extraction_summary.json,db01d076b61fb5fcf3306a7610c056a3bc9e5e5f0ed27d48fcb8e864d61961da,db01d076b61fb5fcf3306a7610c056a3bc9e5e5f0ed27d48fcb8e864d61961da,207,False
data/curated/validation_results.csv,5374fa02061a10be01ae1aaf7d1aaaf47299b1c1e7fbbcc8845f351b9ea45058,5374fa02061a10be01ae1aaf7d1aaaf47299b1c1e7fbbcc8845f351b9ea45058,1452,False
data/raw/.gitkeep,616502f111881c680020ce2c38442ac2f7abaa23ffc09fdb26ff4b8208b50e6c,616502f111881c680020ce2c38442ac2f7abaa23ffc09fdb26ff4b8208b50e6c,17,False
data/raw/coverage_audit.md,9128af632b20f0293212c0967fa322cc8deacf59f9ce14546f1c138c6b0c44ad,9128af632b20f0293212c0967fa322cc8deacf59f9ce14546f1c138c6b0c44ad,2782,False
data/raw/forward_monitoring_candidates.psv,bf6a88f861f3291d5fccd533c530165477dbdaa15c35d7f9905189e44976e683,bf6a88f861f3291d5fccd533c530165477dbdaa15c35d7f9905189e44976e683,12964,False
data/raw/forward_monitoring_candidates_checked.csv,ae0a3b086060ecb25985b039e167123952bedd09122a39e56e03ce187406dbc8,ae0a3b086060ecb25985b039e167123952bedd09122a39e56e03ce187406dbc8,25833,False
data/raw/historical_validation_candidates.psv,7738a64685a6e6e5da5bfb687089b9760b386f08833644b49ac603484d0626f1,7738a64685a6e6e5da5bfb687089b9760b386f08833644b49ac603484d0626f1,12440,False
data/raw/historical_validation_candidates_checked.csv,97abc33624db0c1d391a4c7afba52d047d0b9b2aa670c94785912348764f09ab,97abc33624db0c1d391a4c7afba52d047d0b9b2aa670c94785912348764f09ab,25029,False
data/raw/search_log.md,383c0c1ef49528469ea334f96f78d5fe5135bc9f4201267d5b6f9fefdd63d71e,383c0c1ef49528469ea334f96f78d5fe5135bc9f4201267d5b6f9fefdd63d71e,10409,False
data/staged/.gitkeep,616502f111881c680020ce2c38442ac2f7abaa23ffc09fdb26ff4b8208b50e6c,616502f111881c680020ce2c38442ac2f7abaa23ffc09fdb26ff4b8208b50e6c,17,False
data/staged/bldg_title.parquet,09ca586249198fd035b2af0719b693747a3c6857a94a00b2b6010b55bbed5443,09ca586249198fd035b2af0719b693747a3c6857a94a00b2b6010b55bbed5443,53086,False
data/staged/evidence_archive_summary.json,242f19151eea2e939042bb0912bc154e1431a56284e446901a753cb7ab8460a9,bfa7a26b3cd2b1ce9cf70098ca5c1ea47411c5dfbe87df63c35f786fb546dedf,263,True
data/staged/evidence_file_manifest.csv,64e2e9f74c65e0a09d191cd722d9a5dee4a6c6372a8f93164f612c003bf3c565,38e4479bfe6862e180281e91a368c3f80f0e71690b362d14360f9985a77e29d8,108142,True
data/staged/evidence_hash_map.csv,b7f7649cdd009ae9507499b41a529fcba3aff1426e273615bb33600bebe323cd,87bb14b6b1bc745e52586e00b973028dff99474da391ca1c1e6f8ea95cf4c40c,100406,True
data/staged/headway_observed.parquet,d95dce80edf2b3881b9c9ffd97193498589f9276480306870ab4ae0877ecc9e7,d95dce80edf2b3881b9c9ffd97193498589f9276480306870ab4ae0877ecc9e7,7635,False
data/staged/kapt_basic.parquet,23d10ab2ae06c1c673bc2a9bed70ff634b16a4cc434fdc2e7b3d670c82f386ca,23d10ab2ae06c1c673bc2a9bed70ff634b16a4cc434fdc2e7b3d670c82f386ca,925686,False
data/staged/pdf_curated_events.csv,978b21d0e94efc7515dc83887e861305f2dad76776dce8fea138008a36a9e5ad,04cf00e29d65bc48690166da06dbf03b832af845c9cd58ab8d1ed7922bdfe9f1,128976,True
data/staged/pdf_curation_summary.json,86f491361f4c62e6f9a696c40c5c9eaf923385fd06cf1c4d0450ca1dc6373571,86f491361f4c62e6f9a696c40c5c9eaf923385fd06cf1c4d0450ca1dc6373571,341,False
data/staged/pdf_document_disposition.csv,41175d04dbe42d7a402e1c6c4cd611b2d1ad1d11261fc6720d007dee399f4a6a,41175d04dbe42d7a402e1c6c4cd611b2d1ad1d11261fc6720d007dee399f4a6a,25746,False
data/staged/pdf_event_candidates.csv,35753a898e49561ec491b263591db3ec8af260e0ddb754b1cacbf46239009a8f,35753a898e49561ec491b263591db3ec8af260e0ddb754b1cacbf46239009a8f,310627,False
data/staged/pdf_extraction_summary.json,d3835cd62591ad5fc2236c9e61c4814fbc165cb3f91ea8ce5a0443b8641e4850,4f0137d9abf3adb7d1fbef9e86b0dfe812f5f8f09dc7cbca7aed8bc96decb056,641,True
data/staged/pdf_inventory.csv,f082c5d68f50979d8ed4a2c93f61e6c5056135a1aad90447b2fafed634a1bc37,74e829b20dafb87cad775b0490c6d5ff95ef2865d297c5df7e2ef5f96ca8790c,85543,True
data/staged/pdf_match_audit.csv,2914d2b32ece4683cf725ccde1944df2d637f50361c2182ee77ff9ca9e5cf367,2914d2b32ece4683cf725ccde1944df2d637f50361c2182ee77ff9ca9e5cf367,15334,False
data/staged/pdf_registry_matches.csv,c436f3e2c1445f1fb3f971f9f151d717eca9c77208fd7dcca958b435c0a3c7b1,c436f3e2c1445f1fb3f971f9f151d717eca9c77208fd7dcca958b435c0a3c7b1,20461,False
data/staged/route_service_hours.parquet,217be1d678d22758b7593208ce23e414f143c7881791afbb186cc44017737491,217be1d678d22758b7593208ce23e414f143c7881791afbb186cc44017737491,10987,False
data/staged/SRC-E1-A04_html.txt,064bf0efa5a31d284196893619c2d2912812c8d893864c0ddf65f0e0f000aca4,064bf0efa5a31d284196893619c2d2912812c8d893864c0ddf65f0e0f000aca4,19614,False
data/staged/SRC-E1-A08_html.txt,e34d8d1d7ffaf913dd087b019cbe3a02b8cea70cbfc1dfeb4104df67a9da8bdd,e34d8d1d7ffaf913dd087b019cbe3a02b8cea70cbfc1dfeb4104df67a9da8bdd,7718,False
data/staged/SRC-E1-A10_html.txt,eb6e7cdaa0cd3b4e1c4c379ed25192e7d3ffb32e89f6b514621e39be9446fc9d,eb6e7cdaa0cd3b4e1c4c379ed25192e7d3ffb32e89f6b514621e39be9446fc9d,8733,False
data/staged/SRC-E1-B02_html.txt,d03964636a3214ca9ed14d160634b819673ef40f7677d3770fc03afca8169fb6,d03964636a3214ca9ed14d160634b819673ef40f7677d3770fc03afca8169fb6,4079,False
data/staged/SRC-E1-B05_html.txt,e6aecac15d0dc2659b535c09194cac9d3854a34071bafaf3f6323c9048df818f,e6aecac15d0dc2659b535c09194cac9d3854a34071bafaf3f6323c9048df818f,4888,False
data/staged/SRC-E1-B08_html.txt,ffc9772d850babea2ac73571cb64888904c4fd6f2c296cd8e7f5983cf4e5ce17,ffc9772d850babea2ac73571cb64888904c4fd6f2c296cd8e7f5983cf4e5ce17,20066,False
data/staged/SRC-E1-B10_html.txt,c3ceda35477d90a07f707ad0598745b80b3593856f405a6137207e3c00436384,c3ceda35477d90a07f707ad0598745b80b3593856f405a6137207e3c00436384,10233,False
data/staged/SRC-E1-C08_html.txt,ad57712c897b2c2f29f2d9e1fa5d5d5d0032dbcba9db50eb47ddd5514ea2aff4,ad57712c897b2c2f29f2d9e1fa5d5d5d0032dbcba9db50eb47ddd5514ea2aff4,30623,False
data/staged/SRC-E2-C08_html.txt,8c56d895c0adceee94a1c80baa081ef438cc64338efba084f4b3dba139335e16,8c56d895c0adceee94a1c80baa081ef438cc64338efba084f4b3dba139335e16,8968,False
data/staged/SRC-E2-C09_html.txt,853a0efe263753e1e828c95c1d70e620ecd0ca75f96329be2604f64162f7f1d0,853a0efe263753e1e828c95c1d70e620ecd0ca75f96329be2604f64162f7f1d0,20717,False
data/staged/SRC-E2-C10_html.txt,43d9a5f89e1b63b9639965157d09f957ce29ebc71f57d14e64bfe84b748d68cd,43d9a5f89e1b63b9639965157d09f957ce29ebc71f57d14e64bfe84b748d68cd,19731,False
data/staged/staged_candidates_registry.csv,c0696df8b930ca151792831eee134aad465fc065accc02e6e8aa914472855c95,c0696df8b930ca151792831eee134aad465fc065accc02e6e8aa914472855c95,97643,False
data/staged/tago_citycodes.parquet,7de74eb8068a67dfaa8935add65ed6635aa6dff73912c4f033ff8bed4af55896,7de74eb8068a67dfaa8935add65ed6635aa6dff73912c4f033ff8bed4af55896,1676,False
data/staged/tago_stops_full.parquet,12cf960ff1b7206dc7919431249136e9f10d9f466d7ff28bc31171762397470d,12cf960ff1b7206dc7919431249136e9f10d9f466d7ff28bc31171762397470d,160239,False
data/staged/tago_stops_nearby.parquet,099daa7fc51c06b2c1422c239ee063e568c39bc882c49cb0f9486c45d09c5de2,099daa7fc51c06b2c1422c239ee063e568c39bc882c49cb0f9486c45d09c5de2,310247,False
data/tmp/.gitkeep,616502f111881c680020ce2c38442ac2f7abaa23ffc09fdb26ff4b8208b50e6c,616502f111881c680020ce2c38442ac2f7abaa23ffc09fdb26ff4b8208b50e6c,17,False
data/raw/evidence/(250131)고양창릉A-4블록신혼희망타운(공공분양)입주자모집공고문.pdf,e9ecf26d9d265a70fb06ab20847c338f10a9bf24ef3dbf6ed58c57c6a251b931,e9ecf26d9d265a70fb06ab20847c338f10a9bf24ef3dbf6ed58c57c6a251b931,1014131,False
data/raw/evidence/(250724)남양주왕숙A-2블록신혼희망타운(공공분양)입주자모집공고문.pdf,70517aa73243cce5a00fb02792ec0a84e4aad3c728a1a5c48546bfa0f8409442,70517aa73243cce5a00fb02792ec0a84e4aad3c728a1a5c48546bfa0f8409442,1137640,False
data/raw/evidence/(251127)남양주왕숙_B-17BL_공공분양_입주자모집공고문.pdf,0f2f8e767b8aaf98df7013e0bdfb1f133a23c7e784c22ac5ab774d071ffa4e37,0f2f8e767b8aaf98df7013e0bdfb1f133a23c7e784c22ac5ab774d071ffa4e37,1541874,False
data/raw/evidence/(정정)(정정)고양창릉S-3블록입주자모집공고문.pdf,35fef79a31d18fdeecb52bc6a15e08811e6857245dbd14d220753f3597a10981,35fef79a31d18fdeecb52bc6a15e08811e6857245dbd14d220753f3597a10981,1619270,False
data/raw/evidence/(정정)(정정)고양창릉S-4블록공공분양입주자모집공고문.pdf,25311d447e7f43c48655b96613b1ff2bc56371612a268932071bfb8429e5107d,25311d447e7f43c48655b96613b1ff2bc56371612a268932071bfb8429e5107d,1618751,False
data/raw/evidence/(정정)250424_교산푸르지오더퍼스트_입주자모집공고.pdf,08438e6ac19967e88de5ae5dfe94e8f5bd891efefd0eb07195d96045b0707fa6,08438e6ac19967e88de5ae5dfe94e8f5bd891efefd0eb07195d96045b0707fa6,2632888,False
"data/raw/evidence/(정정)고양창릉S-5,S-6블록공공분양주택입주자모집공고문.pdf",a65a5c4807f9e93fe2cd6c465ccaaccae2657d5b48db24ded879e80b26468319,a65a5c4807f9e93fe2cd6c465ccaaccae2657d5b48db24ded879e80b26468319,1479031,False
data/raw/evidence/(정정)교산푸르지오더퍼스트_입주자모집공고.pdf,17f890d3468fb4f720c33fa6aefb56dd0eb6cfae7df0b4bd9996a5b6f554de4d,17f890d3468fb4f720c33fa6aefb56dd0eb6cfae7df0b4bd9996a5b6f554de4d,2668773,False
data/raw/evidence/(정정공고) 다산신도시 자연앤푸르지오 입주자모집 정정공고(A3).pdf,78e1f182e7fd0b7a08ca5d3c27ae6e6d7fda39a6479c6788bce1f18d7d80e999,78e1f182e7fd0b7a08ca5d3c27ae6e6d7fda39a6479c6788bce1f18d7d80e999,814894,False
data/raw/evidence/(정정공고)인천계양A-2블록공공분양입주자모집공고문.pdf,f7202e924988f383730f245784e37a1ec66f0f54d655fb3b8171c45314389195,f7202e924988f383730f245784e37a1ec66f0f54d655fb3b8171c45314389195,1486848,False
data/raw/evidence/(정정공고)인천계양A3블록단지내상가분양공고문(게시용).pdf,5f2a920d6c4eef88fda95d7fd9fb6692d4f8aed29368d2e5a968886069317666,5f2a920d6c4eef88fda95d7fd9fb6692d4f8aed29368d2e5a968886069317666,274244,False
data/raw/evidence/(참고자료)김포양곡_행복주택_사회적기업공간_위치_및_공간현황.pdf,a3c74951c8e5c04931fc3d631c069bf6b22718e2978eb0d577e1941c58393e7f,a3c74951c8e5c04931fc3d631c069bf6b22718e2978eb0d577e1941c58393e7f,11321040,False
data/raw/evidence/(참고자료)김포한강_행복주택_사회적기업공간_위치_및_공간_현황.pdf,e1ebc0fea640403e26a71cfea8ebace74b5da734ea1371ad0713ba9974d0da49,e1ebc0fea640403e26a71cfea8ebace74b5da734ea1371ad0713ba9974d0da49,20512357,False
data/raw/evidence/(최종)250331_교산푸르지오더퍼스트_입주자모집공고.pdf,b247b3e65cb7029821c352a345952c0fb73323ae3462b90b52f5b653dca1a2f5,b247b3e65cb7029821c352a345952c0fb73323ae3462b90b52f5b653dca1a2f5,2611355,False
data/raw/evidence/110624(조간)__11년_6~8월_입주예정_아파트_공개(주택정책과).pdf,dc233154be5b674cb88e215791cc0f37d90bdbe94d06dff17e6fed269a0f7d9f,dc233154be5b674cb88e215791cc0f37d90bdbe94d06dff17e6fed269a0f7d9f,350076,False
data/raw/evidence/140630_LH_미사강변도시_첫_입주_시작.pdf,6a368721bcef1b229bfe5bd3bb2d40b5ddf61811dd86483a53841c6ecdfc15a4,6a368721bcef1b229bfe5bd3bb2d40b5ddf61811dd86483a53841c6ecdfc15a4,228581,False
data/raw/evidence/200521(14시이후) 하남교산 신도시_과천지구 광역교통개선대책 확정(공공택지기획과).pdf,fb08785a7962ad8088d930c4598ac1d095187eb34f7a52ea2b675bb0f5fc72cc,fb08785a7962ad8088d930c4598ac1d095187eb34f7a52ea2b675bb0f5fc72cc,563837,False
data/raw/evidence/200521(14시이후)+하남교산+신도시_과천지구+광역교통개선대책+확정(공공택지기획과).pdf,fbe43488370ed17260f5eb6525fcfb25d0453d9a5c2222cb252bf9de41dd62d1,fbe43488370ed17260f5eb6525fcfb25d0453d9a5c2222cb252bf9de41dd62d1,563837,False
data/raw/evidence/201230(조간)남양주왕숙_고양창릉 신도시 교통대책 확정(공공택지기획과 광역교통정책과).pdf,ecc470f4fb71a5b29f7499ce815fe4f6605f9de139444664a3134be6e5dcd577,ecc470f4fb71a5b29f7499ce815fe4f6605f9de139444664a3134be6e5dcd577,698887,False
data/raw/evidence/20150123_ 동탄2신도시 첫 입주.pdf,5ec7ad2f8fde7650b4723adcec0d6931c2ecdb8af0bd0ccaab60f6db6b6c63e6,5ec7ad2f8fde7650b4723adcec0d6931c2ecdb8af0bd0ccaab60f6db6b6c63e6,306583,False
data/raw/evidence/210125 (조간)3기 신도시_패스트트랙_교통대책 조기 확정 등으로 신속 공급(공공택지기획과).pdf,894b933a4fc5a46612a01bb5806599544d52a78c702fdf34203d30d7240bac5b,894b933a4fc5a46612a01bb5806599544d52a78c702fdf34203d30d7240bac5b,663185,False
data/raw/evidence/210629(15시이후)서부권 2기 신도시 (김포한강_인천검단) 교통개선 대책(광역시설운영과).pdf,f54821ed2da56cc09c6281ab080ed96a84252a1fad9af1fff9c07bb78913eb1f,f54821ed2da56cc09c6281ab080ed96a84252a1fad9af1fff9c07bb78913eb1f,803365,False
data/raw/evidence/220318(석간)_진접선_개통_남양주의_새로운_길(철도투자개발과).pdf,5ca5a14c242fdc43aba2946d19a90fd682ecf38054edf2acaaa843cc89f8112b,5ca5a14c242fdc43aba2946d19a90fd682ecf38054edf2acaaa843cc89f8112b,1494677,False
data/raw/evidence/220617(조간)_호매실_동탄2_광역교통_개선을_위해_주민의견_듣는다(광역교통정책과).pdf,ea078d9bb489eb228f003f5675c7825a8b6223f409e3dad8375bcf6a9e780378,ea078d9bb489eb228f003f5675c7825a8b6223f409e3dad8375bcf6a9e780378,323021,False
data/raw/evidence/221026(석간)_수원_호매실_화성_동탄2_광역교통특별대책_발표(광역교통정책과).pdf,b289b7a3fb07c631744d95e58f66b47e45e0a4347c138c16684c58554010050c,b289b7a3fb07c631744d95e58f66b47e45e0a4347c138c16684c58554010050c,694415,False
data/raw/evidence/221111(석간)_수도권_서부지역의_광역교통_확충_등_지역현안_해결_추진(공공택지조사과).pdf,d7e578abba3c7c6fe3592dbebdaef288ee0ace8aeb5d4a35909946668e2838f1,d7e578abba3c7c6fe3592dbebdaef288ee0ace8aeb5d4a35909946668e2838f1,1152620,False
data/raw/evidence/221128(석간)_위례신도시_노면전차_사업으로_교통이_편리해진다(광역시설정책과).pdf,da11fbf0ece767ab2872f6f40311e00bf7df9bceafc4f9ce045d9c29bb28ed92,da11fbf0ece767ab2872f6f40311e00bf7df9bceafc4f9ce045d9c29bb28ed92,470583,False
data/raw/evidence/230630(참고)_대곡-소사_복선전철_7월_1일_개통(철도투자개발과).pdf,808adcd9cfba65450c62f6187416790bf6dcca2d2c50af97e8ecee5c8f9a84fc,808adcd9cfba65450c62f6187416790bf6dcca2d2c50af97e8ecee5c8f9a84fc,475648,False
data/raw/evidence/240329(참고)_GTX-A_수서~동탄_3월_30일_개통(수도권광역급행철도과).pdf,83da19e7f5e189f542899a4ff549fbf2cd6caff6dab96ef41ff11835f4e66734,83da19e7f5e189f542899a4ff549fbf2cd6caff6dab96ef41ff11835f4e66734,3853033,False
data/raw/evidence/240719(조간)_수도권_동부지역__출퇴근_30분_시대_실현_4.4조원_규모의_철도·도로_사업_본격_추진(광역교통정책과) (1).pdf,c9e00558131c031e6df06cef301f3d81f8c0f0fe4f6eab31b670b0512414feab,c9e00558131c031e6df06cef301f3d81f8c0f0fe4f6eab31b670b0512414feab,1953774,False
data/raw/evidence/240809(조간)_남양주~잠실_27분__8월_10일_별내선_개통(광역시설정책과).pdf,e5df2c787de7dcb0a2e0db08463e2f03569396fed88580c86947a2197a284875,e5df2c787de7dcb0a2e0db08463e2f03569396fed88580c86947a2197a284875,1542929,False
data/raw/evidence/241212(조간)_GTX-A_운정중앙~서울역구간__12월_28일_개통(광역급행철도건설과).pdf,d3bdc37aa3e72dd26cd4065e2019ef0154a1f93b16d3f0202d05f03b5fe8c968,d3bdc37aa3e72dd26cd4065e2019ef0154a1f93b16d3f0202d05f03b5fe8c968,7240195,False
data/raw/evidence/250724(석간) 3기 신도시 남양주왕숙 첫 공급 개시(공공택지관리과).pdf,75b73130d02612d7c1c05f64b5a800a662554d854abc4445e565e0caf2439cb6,75b73130d02612d7c1c05f64b5a800a662554d854abc4445e565e0caf2439cb6,1034272,False
data/raw/evidence/260226(동정) 김용석 대광위원장 위례신도시 광역교통개선대책 점검(광역교통정책과).pdf,dbf2922f167bc6ed4a6e634ca45cd33925611b91d3696fffa35e4263bd88d3ad,dbf2922f167bc6ed4a6e634ca45cd33925611b91d3696fffa35e4263bd88d3ad,444373,False
"data/raw/evidence/8849번(하남-미사-김포,인천공항) - 하남시청.pdf",7ffd1f81084ea1df1f970a4b81c950d8c381769be3c0f1ef2ab578354b184249,7ffd1f81084ea1df1f970a4b81c950d8c381769be3c0f1ef2ab578354b184249,291345,False
data/raw/evidence/artifact_manifest.json,ea3aadcd4bc67e4305b27e4ecbfc3a7a3b7f6a8b29dadb24c99c0a9f3a93ad52,ea3aadcd4bc67e4305b27e4ecbfc3a7a3b7f6a8b29dadb24c99c0a9f3a93ad52,4590,False
data/raw/evidence/bodo_2.pdf,90f107e315964eadde4d306bc9bd50f6b4883562335c9cbb3a6a6c4b486b8c77,90f107e315964eadde4d306bc9bd50f6b4883562335c9cbb3a6a6c4b486b8c77,2962879,False
data/raw/evidence/BRT _ 대도시권광역교통위원회.pdf,7714332a5b225299facb069431a9cd3ca9d7535e10986b2ec3dc5b3a7fc359a5,7714332a5b225299facb069431a9cd3ca9d7535e10986b2ec3dc5b3a7fc359a5,1630346,False
data/raw/evidence/buy.gh.or.kr_land_svc_announce_land_announce_html.jsp_strFile=00586_201802271541281.jsp.pdf,7139dab4d1a5071c526396881c1e3160f3ab1957c9f42437a0cf9a3c533885ab,7139dab4d1a5071c526396881c1e3160f3ab1957c9f42437a0cf9a3c533885ab,849543,False
data/raw/evidence/cross_validation.csv,2d574da136e64b0f1ed965f8f36b11274dc968170c85909139a431e173e61cf4,2d574da136e64b0f1ed965f8f36b11274dc968170c85909139a431e173e61cf4,974,False
data/raw/evidence/cross_validation_sources.csv,868fdc1826d66c121587fa315ba58da6dcc916a0ee9e372da6e06a30985ecefe,868fdc1826d66c121587fa315ba58da6dcc916a0ee9e372da6e06a30985ecefe,408,False
data/raw/evidence/day1_qa.csv,3cff173b3fcbb59c2656ef755a353900c283b2612fc30733f2eba63d0ee8f498,3cff173b3fcbb59c2656ef755a353900c283b2612fc30733f2eba63d0ee8f498,11739,False
data/raw/evidence/event_coverage.csv,a652581978d7ebc4e812abda52adecf16381117bc7c3d691e6f437b235efc9ff,a652581978d7ebc4e812abda52adecf16381117bc7c3d691e6f437b235efc9ff,5161,False
data/raw/evidence/evidence_log.csv,0cc2da27786bcb3c7dc5615f99d9bd8aefd797de4830dd06caa84b180936f155,0cc2da27786bcb3c7dc5615f99d9bd8aefd797de4830dd06caa84b180936f155,118508,False
data/raw/evidence/forward_monitoring.csv,9ef455b6072e67af89a99086ca8c8e597e6660d147a811fd5956f7ce49985d9f,9ef455b6072e67af89a99086ca8c8e597e6660d147a811fd5956f7ce49985d9f,1144,False
data/raw/evidence/gate_decision.csv,c0d92636a8c75f7a9f09354bca4b51b3ac8e7be2c9dd290083a82fd0ea281a82,c0d92636a8c75f7a9f09354bca4b51b3ac8e7be2c9dd290083a82fd0ea281a82,279,False
data/raw/evidence/gate_results.csv,df45e11f90dc87de4d4e07386e5548b9111529e8d08e208b94083b481d1b5d6c,df45e11f90dc87de4d4e07386e5548b9111529e8d08e208b94083b481d1b5d6c,1444,False
data/raw/evidence/kapt_candidates.csv,7fff531a21d69c5c402de78f63e854c9083c0ff44eedb9d7ebdce68275afb486,7fff531a21d69c5c402de78f63e854c9083c0ff44eedb9d7ebdce68275afb486,69203,False
data/raw/evidence/occupancy_operation_gap.csv,6a863ee081e1398d2365ffb3ca0109c6596d5cd68aa3c5b478a1c0e4960413c5,6a863ee081e1398d2365ffb3ca0109c6596d5cd68aa3c5b478a1c0e4960413c5,1291,False
data/raw/evidence/pairing_audit.csv,f7e3e83655fb5586e96f323e6c5e9c5dd8ad1eb87160da8c980f863fcc9f9888,f7e3e83655fb5586e96f323e6c5e9c5dd8ad1eb87160da8c980f863fcc9f9888,16220,False
data/raw/evidence/pair_summary.csv,4610f284387a0c477cc39aa064c3a9680b17f708ca398fbf78a016255f753ab7,4610f284387a0c477cc39aa064c3a9680b17f708ca398fbf78a016255f753ab7,3182,False
data/raw/evidence/precedent_matrix.csv,eef4b87fbd8b5050dbeea93ad05588e6d8bb2987ed6f4002edab82833c59e01a,eef4b87fbd8b5050dbeea93ad05588e6d8bb2987ed6f4002edab82833c59e01a,5039,False
data/raw/evidence/promise_linkage.csv,4610f284387a0c477cc39aa064c3a9680b17f708ca398fbf78a016255f753ab7,4610f284387a0c477cc39aa064c3a9680b17f708ca398fbf78a016255f753ab7,3182,False
data/raw/evidence/repair_log.csv,31d5176af277407a7b8a2fc8fdace47df8f540b9c74ab6051fbc722adbcdf2fe,31d5176af277407a7b8a2fc8fdace47df8f540b9c74ab6051fbc722adbcdf2fe,29807,False
data/raw/evidence/report_snapshot.json,643fa77f59771a0dd045c13df810701e39819b8019eba2272d719ec44d8597c6,643fa77f59771a0dd045c13df810701e39819b8019eba2272d719ec44d8597c6,72884,False
data/raw/evidence/review_queue.csv,c30279a8a5775c61ea5762b93d751375cbbbed842eec601f4b564d9840639d41,c30279a8a5775c61ea5762b93d751375cbbbed842eec601f4b564d9840639d41,144903,False
data/raw/evidence/source_registry.csv,e7911aa0967c700222d2759bafaaa4478355cd2a11af4f396007f47da5c6db97,e7911aa0967c700222d2759bafaaa4478355cd2a11af4f396007f47da5c6db97,190665,False
data/raw/evidence/[공고문]부천대장_A5블록_신혼희망타운_행복주택_입주자모집(`26.07.23.).pdf,6cdd357410777803b9423465738698e06c86d90f2770b19fe8e598acca238bb1,6cdd357410777803b9423465738698e06c86d90f2770b19fe8e598acca238bb1,1205791,False
data/raw/evidence/[공고문]부천대장_A6블록_신혼희망타운_행복주택_입주자모집(`26.07.23.).pdf,4c96f574d6f235f71d79e3e067d5d2f666e5895a0c0db9ae0b862e31aa96c14d,4c96f574d6f235f71d79e3e067d5d2f666e5895a0c0db9ae0b862e31aa96c14d,1206203,False
data/raw/evidence/★(정정)남양주왕숙A-1BL공공분양입주자모집공고문.pdf,9f8e43212a22fdd573254ea59bd1cd1ba3f8d1ac7a1494b97682b50c65adc95b,9f8e43212a22fdd573254ea59bd1cd1ba3f8d1ac7a1494b97682b50c65adc95b,1443442,False
data/raw/evidence/★하남시지역국민임대주택예비입주자모집공고(20250314)_최종.pdf,2759529f5e28ddedc459b8499ccd88c52df2a3be5388dd8afaab954540cad938,2759529f5e28ddedc459b8499ccd88c52df2a3be5388dd8afaab954540cad938,732942,False
data/raw/evidence/★화성동탄2C-27블록공공분양주택입주자모집공고문.pdf,7566afe81be70a79ee692a52f0438da0bfc935eb971e853654613533d09d55c7,7566afe81be70a79ee692a52f0438da0bfc935eb971e853654613533d09d55c7,1403321,False
"data/raw/evidence/경기도, 별내선 개통. 남양주 별내에서 잠실까지 27분이면 간다. 김동연, “구리, 남양주. 경기동북부 주민들 교통 숨통 확 트일 것”.pdf",6725ccec06129673dcd030a56859bb9c08dc0d33fa297914ba75e9197c95f38b,6725ccec06129673dcd030a56859bb9c08dc0d33fa297914ba75e9197c95f38b,15456412,False
data/raw/evidence/고양창릉S-4블록공공분양입주자모집공고문(안).pdf,565721aa8e656d20e2b2edb9c8db64b0ffdab8bfd02ea4e2ad8119bc9b76e5d9,565721aa8e656d20e2b2edb9c8db64b0ffdab8bfd02ea4e2ad8119bc9b76e5d9,1613205,False
"data/raw/evidence/김상호 하남시장, “5호선 개통은 마을, 도시, 일자리 잇는 촉진제”.pdf",a462e80e674ef097b025a5d6a1fd147bba70fc5ecd04a37c12c03435d394b18d,a462e80e674ef097b025a5d6a1fd147bba70fc5ecd04a37c12c03435d394b18d,300202,False
data/raw/evidence/김포한강Ac-01a블록(데세리브)10년공공임대주택리츠예비입주자모집공고문(26.06.19).pdf,5fae342e3aebe93b2118cd32e37d603c71670b7b78aad88b4b859e882a73ee3c,5fae342e3aebe93b2118cd32e37d603c71670b7b78aad88b4b859e882a73ee3c,401851,False
data/raw/evidence/김포한강Ac-05블록(센트럴블루힐)10년공공임대주택리츠예비입주자모집공고문(26.08.25).pdf,bff83f4d343364fcf84955d49a59748b9f82b4116f02cfbfb70ca9e5c3ba6b9d,bff83f4d343364fcf84955d49a59748b9f82b4116f02cfbfb70ca9e5c3ba6b9d,406347,False
data/raw/evidence/김포한강센트럴블루힐10년공공임대주택리츠예비입주자모집공고(25.10.28).pdf,b0c5c614416bcefdea6f27d7eb88f9a6be6c9a728f9a8bc0380f9356db04e18d,b0c5c614416bcefdea6f27d7eb88f9a6be6c9a728f9a8bc0380f9356db04e18d,386968,False
"data/raw/evidence/남양주시, 땡큐버스 등 6개 노선 개편으로 시민 불편 해소.pdf",70e61cf108214fb5b0a5bb9c687aa196fbffbb203a42f2b527b9f9a14f88e4a7,70e61cf108214fb5b0a5bb9c687aa196fbffbb203a42f2b527b9f9a14f88e4a7,299568,False
data/raw/evidence/남양주왕숙A-1BL공공분양입주자모집공고문(250724).pdf,1dac689d7133335f0bd75cc2a88000f862410209efa5bcfc9ea429ca4dc19515,1dac689d7133335f0bd75cc2a88000f862410209efa5bcfc9ea429ca4dc19515,1443242,False
"data/raw/evidence/내년 개통 앞둔 위례선 트램, 실제 차량 대공개! 승하차 태그는 어떻게_ _ 서울시 - 내 손안에 서울.pdf",720b75ef0bff8893c739dde9a900298f9a9b9f95ec74db696ec8841b828d5850,720b75ef0bff8893c739dde9a900298f9a9b9f95ec74db696ec8841b828d5850,10331609,False
data/raw/evidence/다산신도시 상업ㆍ주유소용지 공급공고.pdf,21afbf75fd6243f1e1b87d13d67fdab22fb686efa11024477c8f375e79286055,21afbf75fd6243f1e1b87d13d67fdab22fb686efa11024477c8f375e79286055,849543,False
data/raw/evidence/다산지금A1블록 국민임대주택 입주자모집공고문(200827).pdf,b742188f7e7a4d25e76a9e308fece038462ad1460e35f54b631a7ac587408d8d,b742188f7e7a4d25e76a9e308fece038462ad1460e35f54b631a7ac587408d8d,1114862,False
"data/raw/evidence/달려간다,미사위례신도시 대중교통.pdf",083f8f6b7c56a257a98f0d1266285c1d0f002be24c227c16f382d5bcdd3f1386,083f8f6b7c56a257a98f0d1266285c1d0f002be24c227c16f382d5bcdd3f1386,264217,False
data/raw/evidence/미사강변도시 A24블록 10년 공공임대주택리츠 입주자 모집.pdf,fe6a75eea6be0515dd7aae147197495ec4ecbc0e96e953f867d6a3d269c7dcbd,fe6a75eea6be0515dd7aae147197495ec4ecbc0e96e953f867d6a3d269c7dcbd,164969,False
data/raw/evidence/미사강변도시 A25블록 10년 공공임대주택리츠 입주자 모집.pdf,90fcc484062c53afba4d33beaa9b5e0e5027ca7eea745254829727621b4dea52,90fcc484062c53afba4d33beaa9b5e0e5027ca7eea745254829727621b4dea52,164613,False
data/raw/evidence/민생토론회(교통) _ 국토교통부.pdf,8f0fe3faf922f11b696f2037df4e39f81f0469ee14c22ff396095a3bede4965c,8f0fe3faf922f11b696f2037df4e39f81f0469ee14c22ff396095a3bede4965c,1333685,False
data/raw/evidence/변경 노선도（다산역）-홈페이지 게시용.pdf,672466fe557eca52389b61cf8eb9697e0f4110033cbb0418bbe8d3193d9dc68c,672466fe557eca52389b61cf8eb9697e0f4110033cbb0418bbe8d3193d9dc68c,488496,False
data/raw/evidence/보도자료 - 김포시뉴스포털.pdf,dbf7426f5af96c441bb07cbbd80a31ca690cde79a1dc426fac9700ba227bf998,dbf7426f5af96c441bb07cbbd80a31ca690cde79a1dc426fac9700ba227bf998,4564328,False
data/raw/evidence/보도자료 다산신도시 입주지원 특별대책반 가동.pdf,548a8ff7ef6d0fd6ce3db6989f1392e926873d063fe4344760061cb9d3637fea,548a8ff7ef6d0fd6ce3db6989f1392e926873d063fe4344760061cb9d3637fea,116867,False
data/raw/evidence/보도자료_final_동탄2신도시_070601.pdf,14d43f72c1bb4607b6cff9727d014a71548ad15d99861b90d0da6b55c76c35d8,14d43f72c1bb4607b6cff9727d014a71548ad15d99861b90d0da6b55c76c35d8,1413246,False
data/raw/evidence/부천대장A7블록공공분양주택입주자모집공고문_최종.pdf,1fb52b9e26ce23b6131d05e4dcf6b2e8c294a5b4aafe585c9b8b4313d706d3f6,1fb52b9e26ce23b6131d05e4dcf6b2e8c294a5b4aafe585c9b8b4313d706d3f6,1398306,False
data/raw/evidence/부천대장A8블록공공분양주택입주자모집공고문.pdf,d225b71e078de3e7903d26ef108379f624797a80735d28f23efba6334c373912,d225b71e078de3e7903d26ef108379f624797a80735d28f23efba6334c373912,1433877,False
data/raw/evidence/선단지_RAW.csv,12f9144f59d8a057c51409646f4587456be9e9f3ccf23f5bdf1f5bdb1d239a4c,12f9144f59d8a057c51409646f4587456be9e9f3ccf23f5bdf1f5bdb1d239a4c,18710,False
data/raw/evidence/선단지_RAW.xlsx,6818529d216e5264e72fecd70d154aee7751197e0ecde210b90a68171c245181,6818529d216e5264e72fecd70d154aee7751197e0ecde210b90a68171c245181,15568,False
data/raw/evidence/선단지_RAW_checked.csv,085ada2a512851730a615ef4015aa9d2edb1abc929f63a702049605ca339f50e,085ada2a512851730a615ef4015aa9d2edb1abc929f63a702049605ca339f50e,28606,False
data/raw/evidence/송파구청 - 분야별정보 - 주택_도시 - 교통대책 - 위례신도시 광역교통 개선대책.pdf,7e77caac8ab8aadaad63f26fe2d9c7bb2754b437be598bcb82795b95a75c5d21,7e77caac8ab8aadaad63f26fe2d9c7bb2754b437be598bcb82795b95a75c5d21,125916,False
"data/raw/evidence/예비입주자모집공고문(미사12,16)(2).pdf",5f78b95ae640847279af2e71ce967b3b8f2160776ac08cf24f46e5d731c0aca5,5f78b95ae640847279af2e71ce967b3b8f2160776ac08cf24f46e5d731c0aca5,1785865,False
"data/raw/evidence/오 시장, 12월 개통 '위례선 트램' 현장점검… _교통체계 혁신, 지역상권 활성화_ _ 시정뉴스 _ 소통공간 _ 서울특별시장.pdf",91764a04183cf52a403ab40f3f4eb7de4a23120b84df4d271aa7ae5fcc0d0b83,91764a04183cf52a403ab40f3f4eb7de4a23120b84df4d271aa7ae5fcc0d0b83,480814,False
"data/raw/evidence/위례신도시 1,676세대 공공분양…분양가·청약조건은_ _ 서울시 - 내 손안에 서울.pdf",1c78338e3624cbdc6b2e58a875448c9fb1f5e6cecb6fba1b8bb7317940bd0094,1c78338e3624cbdc6b2e58a875448c9fb1f5e6cecb6fba1b8bb7317940bd0094,673811,False
data/raw/evidence/인쇄하기 - 하남시청.pdf,ade438681fd2b080ed26cbafd823416f4d95a0df7fed95a67f508db4ccb0ac7c,ade438681fd2b080ed26cbafd823416f4d95a0df7fed95a67f508db4ccb0ac7c,264218,False
"data/raw/evidence/인천시, 6월 27일 검단연장선 개통 기념행사 개최 … 28일 첫 운행.pdf",dfdccd29d1cffe983af2ea5d909ff6fc9c5ea5aabe1a4167e04d8ce4029f36c4,dfdccd29d1cffe983af2ea5d909ff6fc9c5ea5aabe1a4167e04d8ce4029f36c4,193780,False
data/raw/evidence/정책브리핑 _ 기사인쇄하기.pdf,543077ecbacfb56aba75f592cde54280c508f1c5653cf9a25b3196a9c060df3d,543077ecbacfb56aba75f592cde54280c508f1c5653cf9a25b3196a9c060df3d,238399,False
data/raw/evidence/제259회 제1차 본회의(2011.05.03. 화요일) _ 경기도의회 회의록 _ 경기도의회.pdf,a7dd2379b5b5c8ef62f841f11759dc858b2f3a120b4f0f27f9ff50b737a17289,a7dd2379b5b5c8ef62f841f11759dc858b2f3a120b4f0f27f9ff50b737a17289,305141,False
data/raw/evidence/제312회 제2차 기획재정위원회(2016.07.18. 월요일) _ 경기도의회 회의록 _ 경기도의회.pdf,662cae34a3c8e14374c392303378b0ba439c99f3c2adc01123332b85f12a931f,662cae34a3c8e14374c392303378b0ba439c99f3c2adc01123332b85f12a931f,1356568,False
data/raw/evidence/지하철 8호선 남위례역 18일 개통…잠실까지 15분 _ 서울시 - 내 손안에 서울.pdf,c527d0ab39cb4e427fa62ce8c97d7f7b5074d06dcf2ac3af96ae616ddf7fdcc9,c527d0ab39cb4e427fa62ce8c97d7f7b5074d06dcf2ac3af96ae616ddf7fdcc9,2423032,False
data/raw/evidence/지하철 하남선 개통에 대하여.pdf,64d6f55fad58be64ef283ac365cab3c13752d7b05688569522b570c1f4438157,64d6f55fad58be64ef283ac365cab3c13752d7b05688569522b570c1f4438157,284198,False
data/raw/evidence/청정하남-10월호-최종 단면-저해상.pdf,f7d1029283830f3ac7dfd255ec4b2f248fd38cb22aa444baaff4f759b04d80d0,f7d1029283830f3ac7dfd255ec4b2f248fd38cb22aa444baaff4f759b04d80d0,11319353,False
data/raw/evidence/친환경 트램 '위례선' 시범운행 시작…내년 하반기 개통 _ 서울시 - 내 손안에 서울.pdf,a9beb607d64a9ebdabe680bf68c20f0f2cfd347c8d24d9a0a3d82b30fa1094bc,a9beb607d64a9ebdabe680bf68c20f0f2cfd347c8d24d9a0a3d82b30fa1094bc,1256869,False
"data/raw/evidence/하남미사지구 광역교통개선대책 변경, 확정된 바 없어.pdf",8c8756bf0041e944a8ce2c1e3d1d8e3aa16e34722cd7c5643a68f09fb3e5a5d9,8c8756bf0041e944a8ce2c1e3d1d8e3aa16e34722cd7c5643a68f09fb3e5a5d9,138219,False
data/raw/evidence/하남시 시내버스 - 하남시청.pdf,8ac431b91d3d060832a9e275cef5f02f8f259cf1b8a41b8716d2cd3bc3ab32d2,8ac431b91d3d060832a9e275cef5f02f8f259cf1b8a41b8716d2cd3bc3ab32d2,344362,False
"data/raw/evidence/하남시, 2021년 ‘빛나는 하남’ 10대 뉴스 선정.pdf",ec903ff08af3f81b601966e19ded4bbc7ec874605458f51aa9d213ffc322d3aa,ec903ff08af3f81b601966e19ded4bbc7ec874605458f51aa9d213ffc322d3aa,404094,False
"data/raw/evidence/하남시, 미사순환 마을버스 노선 개통.pdf",35c0ffd16b7581c3888e2559c2e9d9d71dc598c9243d1ff23162619533ae7729,35c0ffd16b7581c3888e2559c2e9d9d71dc598c9243d1ff23162619533ae7729,1600582,False
data/raw/evidence/홈_열린시장실_의견공감 _ 인천은 소통이 가득.pdf,2a3f750b161fd40b3fe721027885cc698b4e8456e20cc2ded266c64a03eb85ca,2a3f750b161fd40b3fe721027885cc698b4e8456e20cc2ded266c64a03eb85ca,124564,False
data/raw/evidence/화성 동탄신도시∼김포공항 버스 노선 내달 1일부터 운행 _ 연합뉴스.pdf,e8f57f80285b5bdd4a7c065b26e86816a49adf47b0621eb892b91b0ed574c58a,e8f57f80285b5bdd4a7c065b26e86816a49adf47b0621eb892b91b0ed574c58a,438687,False
data/raw/evidence/후기단지_RAW.csv,27f3b2599fdff433e52e4c96f05263eced6511c9468ff8ef16e3ea966634ec87,27f3b2599fdff433e52e4c96f05263eced6511c9468ff8ef16e3ea966634ec87,10347,False
data/raw/evidence/후기단지_RAW.xlsx,e93921891d453985c01f1395a7891f2a829a8276828697a33f0ff578880fcdb6,e93921891d453985c01f1395a7891f2a829a8276828697a33f0ff578880fcdb6,12677,False
data/raw/evidence/후기단지_RAW_checked.csv,b5095b3c37bebecadc71135fc8e3da9a105d1ded573afd69f3972101acd303c3,b5095b3c37bebecadc71135fc8e3da9a105d1ded573afd69f3972101acd303c3,15511,False
data/raw/evidence/＇25년 상반기 경기행복주택 예비입주자 추가모집 공고.pdf,17e730dc3c2b81cfa2c2e820f79ca45e50b657236b8cb5870235dfbf463083b2,17e730dc3c2b81cfa2c2e820f79ca45e50b657236b8cb5870235dfbf463083b2,1578117,False
data/raw/kapt/20260821_kapt.xlsx,043321ead941629822b9cbd6c383c5b18ddf4122992f294d85c7df8e8c36be86,043321ead941629822b9cbd6c383c5b18ddf4122992f294d85c7df8e8c36be86,11633054,False
data/raw/mois/행정안전부_지역별(행정동) 세대원수별 주민등록 세대수_20260731.csv,6a70cd4e56efb6d15fc69f3153067fa57341596f67188b2f1699d393885a04af,6a70cd4e56efb6d15fc69f3153067fa57341596f67188b2f1699d393885a04af,315508,False
data/raw/tago_route_smoke/getCtyCodeList_smoke.json,a38ff7779ff362bddb0c732be8afa3ae3ed9fe221aa173db525472e1255b2157,a38ff7779ff362bddb0c732be8afa3ae3ed9fe221aa173db525472e1255b2157,14820,False
data/raw/tago_route_smoke/getRouteAcctoThrghSttnList_smoke.json,891d40916aa4f3038b03a4dce02e70814585f9db154aef5fa8f153c192e38760,891d40916aa4f3038b03a4dce02e70814585f9db154aef5fa8f153c192e38760,776,False
data/raw/tago_route_smoke/getRouteInfoIem_smoke.json,70f0bfcca3b9f86991ab74fd1f573a4c54747e842fa5abe7e6b8b287b727625e,70f0bfcca3b9f86991ab74fd1f573a4c54747e842fa5abe7e6b8b287b727625e,810,False
data/raw/tago_route_smoke/getRouteNoList_smoke.json,f2072b912302c989f64bfc01339e321685c47a4b81bc0a9d2c6b2b381cda0e55,f2072b912302c989f64bfc01339e321685c47a4b81bc0a9d2c6b2b381cda0e55,778,False
data/raw/building_hub/2026-09-03/002e7e523fecf2815e609f40720571a612f759abee1cd63dcd79fce876307965.json,f9be224ee6456c53f5c583e1db6955dbfe24775582c85af08f43905bfccd2b87,f9be224ee6456c53f5c583e1db6955dbfe24775582c85af08f43905bfccd2b87,164,False
data/raw/building_hub/2026-09-03/004488ca6e008873d217a72d2c2a377c32e48d213d42e605cb978fbacae58800.json,62a3c7a576d3efbb4810369849a2685f04a89b3eec74ca9564ca81e211995cfa,62a3c7a576d3efbb4810369849a2685f04a89b3eec74ca9564ca81e211995cfa,36235,False
data/raw/building_hub/2026-09-03/0089831690138bf45aecfdbc1d1c30dae8a0edc948986fc200d5a0821147365b.json,f9be224ee6456c53f5c583e1db6955dbfe24775582c85af08f43905bfccd2b87,f9be224ee6456c53f5c583e1db6955dbfe24775582c85af08f43905bfccd2b87,164,False
data/raw/building_hub/2026-09-03/0097271da4a3f1316490b820835cb7426d226681a1f9fd3046f57ea6eaaf9f2e.json,f9be224ee6456c53f5c583e1db6955dbfe24775582c85af08f43905bfccd2b87,f9be224ee6456c53f5c583e1db6955dbfe24775582c85af08f43905bfccd2b87,164,False
data/raw/building_hub/2026-09-03/00e04aa78c6d94476c368e884aea89bcd15d5f715eb0a759049a389d53799800.json,f9be224ee6456c53f5c583e1db6955dbfe24775582c85af08f43905bfccd2b87,f9be224ee6456c53f5c583e1db6955dbfe24775582c85af08f43905bfccd2b87,164,False
data/raw/building_hub/2026-09-03/011ea60c47d4fcee5e73a9529d7e008f8570327452990d52ca22747dad35b9e4.json,f9be224ee6456c53f5c583e1db6955dbfe24775582c85af08f43905bfccd2b87,f9be224ee6456c53f5c583e1db6955dbfe24775582c85af08f43905bfccd2b87,164,False
data/raw/building_hub/2026-09-03/012acdcea64da5caec59eec3bc83b0931928ba6c10651ea82eeab75e518fd452.json,f9be224ee6456c53f5c583e1db6955dbfe24775582c85af08f43905bfccd2b87,f9be224ee6456c53f5c583e1db6955dbfe24775582c85af08f43905bfccd2b87,164,False
data/raw/building_hub/2026-09-03/026d0c5090ac8e9f8d9a30a64dcf5dd9d6979d5630830874956bc3298d67480e.json,d6e6993a32b1ac21acfb0f19f51d66f76c5455ca84f575e534991343affcc74c,d6e6993a32b1ac21acfb0f19f51d66f76c5455ca84f575e534991343affcc74c,32852,False
data/raw/building_hub/2026-09-03/027a0198feadd5925dce8924e8de9e5512989b1bc14dfa55b178dfddf1e69d41.json,f9be224ee6456c53f5c583e1db6955dbfe24775582c85af08f43905bfccd2b87,f9be224ee6456c53f5c583e1db6955dbfe24775582c85af08f43905bfccd2b87,164,False
data/raw/building_hub/2026-09-03/02b17eb2d73dfcf90b75798499b3b928549816bb57df30cefc5f41daf2ddd2ad.json,f9be224ee6456c53f5c583e1db6955dbfe24775582c85af08f43905bfccd2b87,f9be224ee6456c53f5c583e1db6955dbfe24775582c85af08f43905bfccd2b87,164,False
data/raw/building_hub/2026-09-03/034d346c4b579623f8fdc5b8d6395b5a25354da4d654c76bc9ae0eda771c08e8.json,f9be224ee6456c53f5c583e1db6955dbfe24775582c85af08f43905bfccd2b87,f9be224ee6456c53f5c583e1db6955dbfe24775582c85af08f43905bfccd2b87,164,False
data/raw/building_hub/2026-09-03/03ad46c7cf0536402b9c3ae11f9ae86f02e97836aed731b76fef2be44d6e6330.json,69ffd8b29291ceda3cdea90543e959ef267911a210e0556b986f1396b1546e45,69ffd8b29291ceda3cdea90543e959ef267911a210e0556b986f1396b1546e45,41095,False
data/raw/building_hub/2026-09-03/055d2195ec7143c46776dec1c9872f225077c9f241ad13ea0a007797557ccc8e.json,de310532ec4ef9a34cf99f55953a73ed704294a5dda42e6d528edf88988e77ed,de310532ec4ef9a34cf99f55953a73ed704294a5dda42e6d528edf88988e77ed,51788,False
data/raw/building_hub/2026-09-03/08273ca8c901aadc1474cdc132668ae9b97e468306e9c3ea286d4a701918df38.json,f9be224ee6456c53f5c583e1db6955dbfe24775582c85af08f43905bfccd2b87,f9be224ee6456c53f5c583e1db6955dbfe24775582c85af08f43905bfccd2b87,164,False
data/raw/building_hub/2026-09-03/0972fcd0a961e782e5fc6305690dcb8987fcf41bee548286c31e9f30cd702db8.json,b1335695d9aad747f89dfb33b11777cd15928954bafa0a574a0da380f4c6f6f8,b1335695d9aad747f89dfb33b11777cd15928954bafa0a574a0da380f4c6f6f8,38495,False
data/raw/building_hub/2026-09-03/097aab643813c874af7301ca5c97040fb3c920519854956cda39d8bb640bef59.json,939882fc8c2a65111af2386cebdd1c4f4b5515e1a3732aa4ef2dbe59063d4914,939882fc8c2a65111af2386cebdd1c4f4b5515e1a3732aa4ef2dbe59063d4914,3309,False
data/raw/building_hub/2026-09-03/0a4a0d6f1e8ed881903f486facfdc4bfe12c6093201af08d47d7104dc5504e4c.json,f9be224ee6456c53f5c583e1db6955dbfe24775582c85af08f43905bfccd2b87,f9be224ee6456c53f5c583e1db6955dbfe24775582c85af08f43905bfccd2b87,164,False
data/raw/building_hub/2026-09-03/0ac38d3749a7fc65ce2a5bb88cc3517e0cefbd304dfd2253204c2e6ca312eb3f.json,c78a8f01bb1529247fe0a23aa58590f27cf30cf35a67b155cdf3cd4ce9e49852,c78a8f01bb1529247fe0a23aa58590f27cf30cf35a67b155cdf3cd4ce9e49852,22212,False
data/raw/building_hub/2026-09-03/0bfd46e55dec6c8ad01456eaf6807f1c760e1f619a65d81e187df9f28869a95c.json,f9be224ee6456c53f5c583e1db6955dbfe24775582c85af08f43905bfccd2b87,f9be224ee6456c53f5c583e1db6955dbfe24775582c85af08f43905bfccd2b87,164,False
data/raw/building_hub/2026-09-03/0cd4fdccdddf273e3cc3ccfe6cd870bdbdcec161be6559cc1fb0d11d6c9870a7.json,f9be224ee6456c53f5c583e1db6955dbfe24775582c85af08f43905bfccd2b87,f9be224ee6456c53f5c583e1db6955dbfe24775582c85af08f43905bfccd2b87,164,False
data/raw/building_hub/2026-09-03/0ea19e62be9527829d2170f2c3fc400c522ea88b39f6b0a6d227276b9e902446.json,1fbf792b1179acbd8d66919de10be052aae039d30248f31a370de5605f3ad0d5,1fbf792b1179acbd8d66919de10be052aae039d30248f31a370de5605f3ad0d5,20026,False
data/raw/building_hub/2026-09-03/0ef31ed5ca4e2c9e96623be112c4c13dc2c830eda91c073707d242122ca6990f.json,6e8f8598dd95dd595e434baf929d0a51553d0abdc4ce5bfc8916b16b553afc07,6e8f8598dd95dd595e434baf929d0a51553d0abdc4ce5bfc8916b16b553afc07,48823,False
data/raw/building_hub/2026-09-03/0f80528322bdcaf3c0ff2f886f4b18c6dc755364d250433b336b8736283de79e.json,d72a7c833e83ed8bf1c3da8e72c959126a296878e5aa6d5b3c78c1ec81cf07be,d72a7c833e83ed8bf1c3da8e72c959126a296878e5aa6d5b3c78c1ec81cf07be,25309,False
data/raw/building_hub/2026-09-03/0fa60522698ea3bafc7bf8c74650ec281ac3c8bf8191d87aad63ae635fde8582.json,da3c0a3d1458c69983db6174f002150d27b484e6df1f804ef993cef272a0f48f,da3c0a3d1458c69983db6174f002150d27b484e6df1f804ef993cef272a0f48f,52482,False
data/raw/building_hub/2026-09-03/0fcd98adcc939c1a2ce51e34959ee97ed38e512f344f8a99ee82b38d6948d4e9.json,ff470f224aa54180289cef2ac3299396ad4fc12d2fe9837497cc4c6d025f2521,ff470f224aa54180289cef2ac3299396ad4fc12d2fe9837497cc4c6d025f2521,73877,False
data/raw/building_hub/2026-09-03/108a59d90f422efe5bf43183ec07b4a3d17b3e27375d3d7f33d4cc206732e018.json,f9be224ee6456c53f5c583e1db6955dbfe24775582c85af08f43905bfccd2b87,f9be224ee6456c53f5c583e1db6955dbfe24775582c85af08f43905bfccd2b87,164,False
data/raw/building_hub/2026-09-03/10cb9c1cdc0cf803e6062dbcd35eb78fe1264551dd95cf45e7ea470a6103b995.json,21bccb696ecf27df8ec6edc65851232d00b31e4e21b704b56e5a78fa2824be68,21bccb696ecf27df8ec6edc65851232d00b31e4e21b704b56e5a78fa2824be68,45532,False
data/raw/building_hub/2026-09-03/12368fd5242dbcb1996f3424923962b86002f30b9cfefe8a048d6976cc535398.json,f16ced801e383c9b00c46bd04166ba17a73f048baa265724aabbe6280d2ff6ac,f16ced801e383c9b00c46bd04166ba17a73f048baa265724aabbe6280d2ff6ac,50787,False
data/raw/building_hub/2026-09-03/1335abc3fe77f31bdfdaf6f64d3c58f47900a482664332c5484fdf90adeec5f8.json,f9be224ee6456c53f5c583e1db6955dbfe24775582c85af08f43905bfccd2b87,f9be224ee6456c53f5c583e1db6955dbfe24775582c85af08f43905bfccd2b87,164,False
data/raw/building_hub/2026-09-03/135c2a83102f4eaefe240c0a21db7b5a227ad6e73f76dbb373137eec38e5c8cc.json,f9be224ee6456c53f5c583e1db6955dbfe24775582c85af08f43905bfccd2b87,f9be224ee6456c53f5c583e1db6955dbfe24775582c85af08f43905bfccd2b87,164,False
data/raw/building_hub/2026-09-03/1366398a2559de7cd025fc7aa3d7144f417c96f550b26978880a8012a1cefd7c.json,f9be224ee6456c53f5c583e1db6955dbfe24775582c85af08f43905bfccd2b87,f9be224ee6456c53f5c583e1db6955dbfe24775582c85af08f43905bfccd2b87,164,False
data/raw/building_hub/2026-09-03/145c56141695fff676f0783446b54c2d64fcf6022ca0a483b2fd9006c1bd0998.json,2908a18c0c5bb80eb47f45fbb97298309322c6752f020d494ad76dfba9ffe0cd,2908a18c0c5bb80eb47f45fbb97298309322c6752f020d494ad76dfba9ffe0cd,48356,False
data/raw/building_hub/2026-09-03/1a91bc24ede83e0cf4bbaf1c3133078f691ac53097df2d352b64e0fae391e4f3.json,9dba97715dfd60dae1697a07151952ce48067141b7af92acedb6464475d18fa1,9dba97715dfd60dae1697a07151952ce48067141b7af92acedb6464475d18fa1,33327,False
data/raw/building_hub/2026-09-03/1b4a57318aa89d3c80b7f8213d7c7ef7766b39b87b422950355c642e8a30c514.json,cb47055edffbdb1caae80a73c38307d110fb96c187d7902ee4695f17165cd6fc,cb47055edffbdb1caae80a73c38307d110fb96c187d7902ee4695f17165cd6fc,36204,False
data/raw/building_hub/2026-09-03/1dbd84ed5d4a3631daf074961bf483ef37e2e4bbaacb23b468fca58acf41597c.json,f0774ebfac1ef8186509f3529eb1b3ddf136f73e515aee955b19c0b3703b0f78,f0774ebfac1ef8186509f3529eb1b3ddf136f73e515aee955b19c0b3703b0f78,75972,False
data/raw/building_hub/2026-09-03/1e820b40719931833b741e4fd74d87bd535feeef445203111554f3bca891e396.json,f9be224ee6456c53f5c583e1db6955dbfe24775582c85af08f43905bfccd2b87,f9be224ee6456c53f5c583e1db6955dbfe24775582c85af08f43905bfccd2b87,164,False
data/raw/building_hub/2026-09-03/1f6447961d0d8a50d4633e076614fa00832bf65191c17aa42e8328d9a5af975c.json,31d4ef05db28a00d3487a81b63ba673aca6decaff331b70211ebb3b0a9f4f35f,31d4ef05db28a00d3487a81b63ba673aca6decaff331b70211ebb3b0a9f4f35f,27176,False
data/raw/building_hub/2026-09-03/1ffc8bac492079c6eaee46489e8304fe355da03b2cf75a328f2320783fab33cd.json,cb83f1eb4cc0096a356a54a2e9b30840bc66deb920ee0de5eed628f67730cd17,cb83f1eb4cc0096a356a54a2e9b30840bc66deb920ee0de5eed628f67730cd17,39041,False
data/raw/building_hub/2026-09-03/201e86a396774cea1fc2c9bc2c5df06e0e367437e075107e39598342f73afa88.json,2699db0fc8bb6f8be829246f0c7e341d3946f8ff039becf3494a5779cabe5bcd,2699db0fc8bb6f8be829246f0c7e341d3946f8ff039becf3494a5779cabe5bcd,37764,False
data/raw/building_hub/2026-09-03/22928c42bc5801a41b2cce4c2c6ddc187063a57b9d5845006a63b2cee98bcd95.json,f9be224ee6456c53f5c583e1db6955dbfe24775582c85af08f43905bfccd2b87,f9be224ee6456c53f5c583e1db6955dbfe24775582c85af08f43905bfccd2b87,164,False
data/raw/building_hub/2026-09-03/22d7f6218c09c88de624df5cfaa90c674eaba7440764ec0cab8dcbbea496c179.json,89d75c7f028df198aaff8354ade5593bda051c59ef418ca0ccb0efccfd02d9bd,89d75c7f028df198aaff8354ade5593bda051c59ef418ca0ccb0efccfd02d9bd,51294,False
data/raw/building_hub/2026-09-03/23f78f8322f3b34db826693b4250063172da25c0844b4d06fc79d2164e40622a.json,f9be224ee6456c53f5c583e1db6955dbfe24775582c85af08f43905bfccd2b87,f9be224ee6456c53f5c583e1db6955dbfe24775582c85af08f43905bfccd2b87,164,False
data/raw/building_hub/2026-09-03/25ebaada100d103c32b359a97a9b53351c6547e1f3e8a74e6ddc85fef76f2608.json,f9be224ee6456c53f5c583e1db6955dbfe24775582c85af08f43905bfccd2b87,f9be224ee6456c53f5c583e1db6955dbfe24775582c85af08f43905bfccd2b87,164,False
data/raw/building_hub/2026-09-03/2652767112a684cc82017bf78461a0cb1a777b3c5ac2c90d8cd42f15581c1c7c.json,f9be224ee6456c53f5c583e1db6955dbfe24775582c85af08f43905bfccd2b87,f9be224ee6456c53f5c583e1db6955dbfe24775582c85af08f43905bfccd2b87,164,False
data/raw/building_hub/2026-09-03/2677a848e30f3d0017c53e2745601faa3eb1235218827a8699bdcd915672b755.json,d029980f546e9f0e0b79209de2632f39ff8ce9dd4e3dcb2c5b2bef90e36d0578,d029980f546e9f0e0b79209de2632f39ff8ce9dd4e3dcb2c5b2bef90e36d0578,84737,False
data/raw/building_hub/2026-09-03/272fd09fd27890ce69ec99c7e41c3449e8b449a2e8a6758a255161838a75999e.json,f9be224ee6456c53f5c583e1db6955dbfe24775582c85af08f43905bfccd2b87,f9be224ee6456c53f5c583e1db6955dbfe24775582c85af08f43905bfccd2b87,164,False
data/raw/building_hub/2026-09-03/2851d7e55c213912df3f8ecaff642be7e3cec87a33c51eb3cd66c8da7db8ab74.json,f9be224ee6456c53f5c583e1db6955dbfe24775582c85af08f43905bfccd2b87,f9be224ee6456c53f5c583e1db6955dbfe24775582c85af08f43905bfccd2b87,164,False
data/raw/building_hub/2026-09-03/2855ef9ca27d2fe088878dabcf27f4f45323607c3bc63c5929ca43c9eb6b540c.json,2037a9d1fc604e451cb47b8844cee4bf286fb25f7da7955c35423ed2a81af9f1,2037a9d1fc604e451cb47b8844cee4bf286fb25f7da7955c35423ed2a81af9f1,20027,False
data/raw/building_hub/2026-09-03/28cd58143557e32f9ddf02f8ef7c5e10d107904487d5aba63cec7270e4794fe8.json,8d41a70e72e182bfed579ff0efb51487a291a4d559a2a8f3877666ea906fd7c2,8d41a70e72e182bfed579ff0efb51487a291a4d559a2a8f3877666ea906fd7c2,31640,False
data/raw/building_hub/2026-09-03/28f096207e2dacab94608771b5a6d9cf5c4923389645ef5ade6821eb17b1bcf5.json,2366e71200a4f72f315f17b3a4c665255a0bf093fbc58996e13e5d56d638fc03,2366e71200a4f72f315f17b3a4c665255a0bf093fbc58996e13e5d56d638fc03,31915,False
data/raw/building_hub/2026-09-03/297ef4281bb9021e4785d763836f22317b6ef27c6918617b3c75d08ce92ea16e.json,f9be224ee6456c53f5c583e1db6955dbfe24775582c85af08f43905bfccd2b87,f9be224ee6456c53f5c583e1db6955dbfe24775582c85af08f43905bfccd2b87,164,False
data/raw/building_hub/2026-09-03/29979ee64d42b12f0be15f073fd4cef628509e8ec0fd080c995b7ab8b2de4e92.json,f9be224ee6456c53f5c583e1db6955dbfe24775582c85af08f43905bfccd2b87,f9be224ee6456c53f5c583e1db6955dbfe24775582c85af08f43905bfccd2b87,164,False
data/raw/building_hub/2026-09-03/2a0c4c963601e3062a8256dc6e7f8c9fe46d26b4f5530ce46b614c1d2d6b52ef.json,0abe3feb43e80a710285b8583b1c7bbb76a66997034dd867e9f2fede921793d6,0abe3feb43e80a710285b8583b1c7bbb76a66997034dd867e9f2fede921793d6,32276,False
data/raw/building_hub/2026-09-03/2dbb50045275cff9f62004647743a0af8413b465ed8b5e092ff050804e347354.json,f9be224ee6456c53f5c583e1db6955dbfe24775582c85af08f43905bfccd2b87,f9be224ee6456c53f5c583e1db6955dbfe24775582c85af08f43905bfccd2b87,164,False
data/raw/building_hub/2026-09-03/2e421e14c5aedebf693792f42e6cea21e72fbd5efd5a9598d1bc877b578674a6.json,c0902884720cdca57111eda77bf6d04ba22d9d0709d2586184a18277f71c6422,c0902884720cdca57111eda77bf6d04ba22d9d0709d2586184a18277f71c6422,30854,False
data/raw/building_hub/2026-09-03/2e6eec7ef4dea5cd3b860b4e72b325b43e8494826d29b39200542c24a6bcf9c4.json,f9be224ee6456c53f5c583e1db6955dbfe24775582c85af08f43905bfccd2b87,f9be224ee6456c53f5c583e1db6955dbfe24775582c85af08f43905bfccd2b87,164,False
data/raw/building_hub/2026-09-03/2ef37359deeef3231efebea77284308f9e0de383941ddeaaf709e20dda3ceccc.json,f9be224ee6456c53f5c583e1db6955dbfe24775582c85af08f43905bfccd2b87,f9be224ee6456c53f5c583e1db6955dbfe24775582c85af08f43905bfccd2b87,164,False
data/raw/building_hub/2026-09-03/2f1ae17ef9869e3d6a1c507e796dc193b13ad5a330318c4a78e44974df17605d.json,56b30c72d6600fec5d3e510211b8af3e2e39daf1a8a925c5f9013980c4364b1d,56b30c72d6600fec5d3e510211b8af3e2e39daf1a8a925c5f9013980c4364b1d,55097,False
data/raw/building_hub/2026-09-03/307d24399f45f4b1196e0ce27c9d419a77794ef79a400042cd9715ffd2f073f7.json,8f621ef6b04379320bfe5ef5700ca0bc957d5670ad66d88d4c12918ee5b1e45a,8f621ef6b04379320bfe5ef5700ca0bc957d5670ad66d88d4c12918ee5b1e45a,20016,False
data/raw/building_hub/2026-09-03/30ba0944a8a0856a701f128001f8d5840598bd27418763684d3d7ff285a1297d.json,f9be224ee6456c53f5c583e1db6955dbfe24775582c85af08f43905bfccd2b87,f9be224ee6456c53f5c583e1db6955dbfe24775582c85af08f43905bfccd2b87,164,False
data/raw/building_hub/2026-09-03/30ff2dc901c95a2461f3a53fb1fdf4af117555d6fd7b510b1de76f69713aa286.json,2f121a55d1769f9bef8aa5a3490239cb6fc0c06400c1abf463ac2be64650d715,2f121a55d1769f9bef8aa5a3490239cb6fc0c06400c1abf463ac2be64650d715,51372,False
data/raw/building_hub/2026-09-03/32209ef6b2c304a31327307d02fe365d1ac13bde52a7762d81165ca11949fac3.json,f9be224ee6456c53f5c583e1db6955dbfe24775582c85af08f43905bfccd2b87,f9be224ee6456c53f5c583e1db6955dbfe24775582c85af08f43905bfccd2b87,164,False
data/raw/building_hub/2026-09-03/33fe44462093348cd1a61be6848c0844a16968c99b54e111ef96732cd5ec2bf9.json,fe04b1038a4205b132175e22470e3b2a60cafdd363989fa30b70f94fbf620a73,fe04b1038a4205b132175e22470e3b2a60cafdd363989fa30b70f94fbf620a73,38502,False
data/raw/building_hub/2026-09-03/363b0f3cb9fa5a17d62463890ee3a120866511787cdb3e7250c98aa50a595b8d.json,f9be224ee6456c53f5c583e1db6955dbfe24775582c85af08f43905bfccd2b87,f9be224ee6456c53f5c583e1db6955dbfe24775582c85af08f43905bfccd2b87,164,False
data/raw/building_hub/2026-09-03/365ef7e4f7c6bc34238e4a052188107d1d30c4dc617631d772c6a3d2a24e815b.json,f9be224ee6456c53f5c583e1db6955dbfe24775582c85af08f43905bfccd2b87,f9be224ee6456c53f5c583e1db6955dbfe24775582c85af08f43905bfccd2b87,164,False
data/raw/building_hub/2026-09-03/3684176467dae9a25c9f0e8ee258b0cd09bb7ed4ef55baa92083dddb2d967e75.json,f9be224ee6456c53f5c583e1db6955dbfe24775582c85af08f43905bfccd2b87,f9be224ee6456c53f5c583e1db6955dbfe24775582c85af08f43905bfccd2b87,164,False
data/raw/building_hub/2026-09-03/37e7cb7de55a9fd9e1bf47d0b1730f8def71bf11b170772779146cddddfeac95.json,dd66365cac57af6d7f33d491d1b4fd2da49c9011e5ca279c59abee4238f702cc,dd66365cac57af6d7f33d491d1b4fd2da49c9011e5ca279c59abee4238f702cc,43454,False
data/raw/building_hub/2026-09-03/381273f6e432b839a7132dd1adf69ea7083dfcbf071d9cfb118ced76dc14c32a.json,f9be224ee6456c53f5c583e1db6955dbfe24775582c85af08f43905bfccd2b87,f9be224ee6456c53f5c583e1db6955dbfe24775582c85af08f43905bfccd2b87,164,False
data/raw/building_hub/2026-09-03/38ade00d1f19be2b7376e1964172033d6b8dc8b07d748f48e607650cbbab3014.json,005b2e1faadc56b097319ed5e0e185d9a1ac8295db32c667ac39e2fe66c83438,005b2e1faadc56b097319ed5e0e185d9a1ac8295db32c667ac39e2fe66c83438,35020,False
data/raw/building_hub/2026-09-03/38bd61f05e59e053ed06e304593a82e6011301bc74a91a5e4dc43ff669888f3b.json,f9be224ee6456c53f5c583e1db6955dbfe24775582c85af08f43905bfccd2b87,f9be224ee6456c53f5c583e1db6955dbfe24775582c85af08f43905bfccd2b87,164,False
data/raw/building_hub/2026-09-03/3936104cb627453605656941df5e11993d69bed017d75f538989aba24731f7cc.json,f09233656fb2b7586d9478bfe52289a44f2ff72d2c1ee43690e664132add8586,f09233656fb2b7586d9478bfe52289a44f2ff72d2c1ee43690e664132add8586,20132,False
data/raw/building_hub/2026-09-03/3a7709fda13e2a49e88d46a37ae1112ab7cfe151375af0804eda291e780fc795.json,e581d92766f62f5e6201b94261f812bbab3be5cc2468656865f411536d10ea52,e581d92766f62f5e6201b94261f812bbab3be5cc2468656865f411536d10ea52,49022,False
data/raw/building_hub/2026-09-03/3b2b6e0ee7e0b7d8ee4b94c1288705b8ad61736b6b8ee3ba597376709382e44f.json,f9be224ee6456c53f5c583e1db6955dbfe24775582c85af08f43905bfccd2b87,f9be224ee6456c53f5c583e1db6955dbfe24775582c85af08f43905bfccd2b87,164,False
data/raw/building_hub/2026-09-03/3c7fdc3006a19e6ec66d09c5de1b0b1d707f127dd80e8143a2eab080fc67d40f.json,af839b494f5e3619e40ae1802f1d8165d6131ff35f399546f1e35700177397e1,af839b494f5e3619e40ae1802f1d8165d6131ff35f399546f1e35700177397e1,34955,False
data/raw/building_hub/2026-09-03/3cc65864447b979d36ffe4bf90c4780738282457b6f0277f1bb0ee88a3ae7366.json,f9be224ee6456c53f5c583e1db6955dbfe24775582c85af08f43905bfccd2b87,f9be224ee6456c53f5c583e1db6955dbfe24775582c85af08f43905bfccd2b87,164,False
data/raw/building_hub/2026-09-03/3d54623587f02deb5b4da87a1aa366e66a6aff9f4bd33774fb05e63336758cae.json,f9be224ee6456c53f5c583e1db6955dbfe24775582c85af08f43905bfccd2b87,f9be224ee6456c53f5c583e1db6955dbfe24775582c85af08f43905bfccd2b87,164,False
data/raw/building_hub/2026-09-03/3e3c791ad2b745ddfc50612162d0c5ef22dfc47deb6cff55f9f6cbbd091c9c85.json,f9be224ee6456c53f5c583e1db6955dbfe24775582c85af08f43905bfccd2b87,f9be224ee6456c53f5c583e1db6955dbfe24775582c85af08f43905bfccd2b87,164,False
data/raw/building_hub/2026-09-03/3f00e40b79c639293c76d62acb5d9c7092847b2b06b34237a33cab12e3f1fdcf.json,910b1cd8e5c2e0cf944db47a1ae96a91cffcc12232b7f93e35dfdddd35351241,910b1cd8e5c2e0cf944db47a1ae96a91cffcc12232b7f93e35dfdddd35351241,40606,False
data/raw/building_hub/2026-09-03/3f2a1805c29809835c73d950eb657ba05f1c9f8e6b05f7ececdb5a6d7bfa5a78.json,f9be224ee6456c53f5c583e1db6955dbfe24775582c85af08f43905bfccd2b87,f9be224ee6456c53f5c583e1db6955dbfe24775582c85af08f43905bfccd2b87,164,False
data/raw/building_hub/2026-09-03/4003b82c76a971ba187b51a0a3f3fe1df4b17e15990d2f1e8a5ded7cbfbea3f4.json,f9be224ee6456c53f5c583e1db6955dbfe24775582c85af08f43905bfccd2b87,f9be224ee6456c53f5c583e1db6955dbfe24775582c85af08f43905bfccd2b87,164,False
data/raw/building_hub/2026-09-03/407cd79f609f06d9ce90b8f6e0368947b174b01df98e77c0f95bd18355325cec.json,3fb5aa3ce4c48e1c158282d93e4c95d7ce3e894a9ffde467395c339e0582398c,3fb5aa3ce4c48e1c158282d93e4c95d7ce3e894a9ffde467395c339e0582398c,33995,False
data/raw/building_hub/2026-09-03/40f1faee9277aa54a52537c5a2dfb008320574a5453d2a10fd698cb5c0b9d726.json,f9be224ee6456c53f5c583e1db6955dbfe24775582c85af08f43905bfccd2b87,f9be224ee6456c53f5c583e1db6955dbfe24775582c85af08f43905bfccd2b87,164,False
data/raw/building_hub/2026-09-03/41761213a73b08a615ed87b323ad8f33736702fe86b9e3894182f4bd38df39fb.json,7cd680b89b9a7c58bc96c964a8381d62c6166a528fde49847f3bceca1d82744f,7cd680b89b9a7c58bc96c964a8381d62c6166a528fde49847f3bceca1d82744f,1834,False
data/raw/building_hub/2026-09-03/425f3decd83a5b4f19af7371e1e4beeefa851035721b46334a472fd331ad12d2.json,8ca9f803f039bb8d5978c574451d0a6bded1cf52fc4ebfc9c58b834c42681d4a,8ca9f803f039bb8d5978c574451d0a6bded1cf52fc4ebfc9c58b834c42681d4a,20103,False
data/raw/building_hub/2026-09-03/42bc36b2e971f8b66870d27ec44f56a8474dc736f6b9c0e933fd9883c9de1cc6.json,f9be224ee6456c53f5c583e1db6955dbfe24775582c85af08f43905bfccd2b87,f9be224ee6456c53f5c583e1db6955dbfe24775582c85af08f43905bfccd2b87,164,False
data/raw/building_hub/2026-09-03/43961d121ba41a73cffc3363ae8a6be8c69285542d41b60f1c164c6e97748a2a.json,f9be224ee6456c53f5c583e1db6955dbfe24775582c85af08f43905bfccd2b87,f9be224ee6456c53f5c583e1db6955dbfe24775582c85af08f43905bfccd2b87,164,False
data/raw/building_hub/2026-09-03/43f1d2d032207174a56f344ac0478418b2a2024c03e42325037863bd381b9692.json,f9be224ee6456c53f5c583e1db6955dbfe24775582c85af08f43905bfccd2b87,f9be224ee6456c53f5c583e1db6955dbfe24775582c85af08f43905bfccd2b87,164,False
data/raw/building_hub/2026-09-03/4489cb424e0bd754254a336dfd9a9b4a3980ed6e70c671cda348561a5c18021c.json,d88d7b678cc914f4881240f33a755ec98724bbb6c370942d0dcf41aac2593b5c,d88d7b678cc914f4881240f33a755ec98724bbb6c370942d0dcf41aac2593b5c,36745,False
data/raw/building_hub/2026-09-03/45217d13eedbaedc1fcee297d453bea95ee287e6eff4577a201fafa0511a72fb.json,b9c75eba4389e93d7c0570de23ac8ae153dcf63de9f086c327e8ecedacb7eeac,b9c75eba4389e93d7c0570de23ac8ae153dcf63de9f086c327e8ecedacb7eeac,36964,False
data/raw/building_hub/2026-09-03/472db431d10ae31cd4870708cff8d4a05a2ce8b496775512a888a198ace3d90e.json,07fe971e3e4841cd3455e7a9bb443d7550c14e311e74b717c4a8924cd341c1da,07fe971e3e4841cd3455e7a9bb443d7550c14e311e74b717c4a8924cd341c1da,48266,False
data/raw/building_hub/2026-09-03/476cbb30352e46da23d11264ed604329e8121ea9c7ef1212d6538aadf6a798b4.json,f9be224ee6456c53f5c583e1db6955dbfe24775582c85af08f43905bfccd2b87,f9be224ee6456c53f5c583e1db6955dbfe24775582c85af08f43905bfccd2b87,164,False
data/raw/building_hub/2026-09-03/47844b03fe20c564a93c375e11bbc4dc02fa45702e1796fec2597c8eca38755f.json,f9be224ee6456c53f5c583e1db6955dbfe24775582c85af08f43905bfccd2b87,f9be224ee6456c53f5c583e1db6955dbfe24775582c85af08f43905bfccd2b87,164,False
data/raw/building_hub/2026-09-03/48039169057ab09d242e7b1396afcef3ddee0bd12a32654ab8ea52ee73c2997f.json,d20609756d788d782dd0b739e41940312ba3473a015dcbcdc0b7656dd7c9500c,d20609756d788d782dd0b739e41940312ba3473a015dcbcdc0b7656dd7c9500c,24278,False
data/raw/building_hub/2026-09-03/4a1ca43d415599412915ed337a7af7bb2e4e820a7041b44dfb5f8c04e762ddf5.json,f9be224ee6456c53f5c583e1db6955dbfe24775582c85af08f43905bfccd2b87,f9be224ee6456c53f5c583e1db6955dbfe24775582c85af08f43905bfccd2b87,164,False
data/raw/building_hub/2026-09-03/4a34cd6086f498d19827eb2594cc0cb4512f94513fcc980715b71a6faf2c2c2c.json,2ebc42f105227bb4cf1eb03726fc0581ac19c38ac3b025cc4bd9eba37a516caa,2ebc42f105227bb4cf1eb03726fc0581ac19c38ac3b025cc4bd9eba37a516caa,39488,False
data/raw/building_hub/2026-09-03/4b07fe4b0bb0ca7b0855908cbc62b7c8538b8081e5165978ad77effa80b6c06b.json,7eeff858d1797e7afe5ab260542ec50ab528535eb3105b20f33f6469d31288f0,7eeff858d1797e7afe5ab260542ec50ab528535eb3105b20f33f6469d31288f0,51900,False
data/raw/building_hub/2026-09-03/4d170ef993c20584c42ee6fbe6212c595e25e5f1a2b133b2359dbfd41e6c8e75.json,14966426af97bb3ecb9e2fda10c7cbb51d07a45034d7b3232e8c34cfe6f6ac28,14966426af97bb3ecb9e2fda10c7cbb51d07a45034d7b3232e8c34cfe6f6ac28,42653,False
data/raw/building_hub/2026-09-03/4dee5f820de3f18a922b167584ecf3b4ee1421dbefa3122114a4c72173ed4713.json,c9fabf89277137adf35f56e22f469ff88c5d7338efe7488853f990dc26d880cd,c9fabf89277137adf35f56e22f469ff88c5d7338efe7488853f990dc26d880cd,48760,False
data/raw/building_hub/2026-09-03/4e02ba7ba8742c5ef5f2d865a97137327094303f467cc0081fffd8b1b1557a76.json,e564552bdf5d935aff311252ebedab48b46036a883482328b6c98d21172710fe,e564552bdf5d935aff311252ebedab48b46036a883482328b6c98d21172710fe,44203,False
data/raw/building_hub/2026-09-03/4e48761770655634df43d01c8558073d85677ee3aba005f878889de2a6440356.json,062c83ff1e3d3d944c0fa2ca5d2b25024c581e7ccb225488dfd0fc0e03b97a98,062c83ff1e3d3d944c0fa2ca5d2b25024c581e7ccb225488dfd0fc0e03b97a98,75349,False
data/raw/building_hub/2026-09-03/4ec2dd19e02ec13e7eed9f269780504f40a85d73824ffd8a59e6453ebab8573d.json,a41bc998d78f7b8d111be2b86ca7f606bc44c93156572492afb151c06140ea90,a41bc998d78f7b8d111be2b86ca7f606bc44c93156572492afb151c06140ea90,56014,False
data/raw/building_hub/2026-09-03/4ef42c0a1a6034b8f04ab4c28a8db2f7fb4a20701a88d422ced1fbab19db103c.json,47ffaf6a1d8f7282f20d65ea0885d1203eb59dc76267dcb23243e4a801b9dd7d,47ffaf6a1d8f7282f20d65ea0885d1203eb59dc76267dcb23243e4a801b9dd7d,38910,False
data/raw/building_hub/2026-09-03/50cc8cb7164cd463d08e65ce8d429d5d6c1a955538786382a793a427873c0585.json,f9be224ee6456c53f5c583e1db6955dbfe24775582c85af08f43905bfccd2b87,f9be224ee6456c53f5c583e1db6955dbfe24775582c85af08f43905bfccd2b87,164,False
data/raw/building_hub/2026-09-03/50cdc74a4b41943a2c0a674114c324677e9b67dd66129f5c967ad65c054dc34f.json,e6cc0cea0c9b841cfb43346a744b06bb561b7b9003c854f6b1bc1fca87d4878b,e6cc0cea0c9b841cfb43346a744b06bb561b7b9003c854f6b1bc1fca87d4878b,47591,False
data/raw/building_hub/2026-09-03/5136f3faaf3f06ee9dbcfa4257786b0dd144e0fd622523a5fa0e500ca69c44b8.json,2515e76b8d3bc0aa59de225328a62a6be0274fe58c83788b4d46d7b3b9823e12,2515e76b8d3bc0aa59de225328a62a6be0274fe58c83788b4d46d7b3b9823e12,37790,False
data/raw/building_hub/2026-09-03/5278279f27daef988ee4955f4ea6ed60d40f28193aa7443b9cff12248f626890.json,2f10d8f60e2a7808621cb8267ed4ca1270bbf3d76ac68cfedc57b8482075f4cf,2f10d8f60e2a7808621cb8267ed4ca1270bbf3d76ac68cfedc57b8482075f4cf,27944,False
data/raw/building_hub/2026-09-03/538c8c96673844b3178f190abbeda8e3f57cefb27d9673a5e9d5102d5e092402.json,36a33fcf889269b7ff9612c904c112073cd33b508669eda920bf529eafcfa8a6,36a33fcf889269b7ff9612c904c112073cd33b508669eda920bf529eafcfa8a6,34274,False
data/raw/building_hub/2026-09-03/53d908fad8be1925e60f807df2d19ffbbd31e3ef70be801e5a6e6884fccb23ae.json,f9be224ee6456c53f5c583e1db6955dbfe24775582c85af08f43905bfccd2b87,f9be224ee6456c53f5c583e1db6955dbfe24775582c85af08f43905bfccd2b87,164,False
data/raw/building_hub/2026-09-03/54659946913efed2cdac6deac272f101685527c43333b81ddad93d6e430e4db1.json,f9be224ee6456c53f5c583e1db6955dbfe24775582c85af08f43905bfccd2b87,f9be224ee6456c53f5c583e1db6955dbfe24775582c85af08f43905bfccd2b87,164,False
data/raw/building_hub/2026-09-03/564897b70c5fea5eb045dc432d05ddbbdf887b84288771b4b9434c83cfa61f2c.json,f9be224ee6456c53f5c583e1db6955dbfe24775582c85af08f43905bfccd2b87,f9be224ee6456c53f5c583e1db6955dbfe24775582c85af08f43905bfccd2b87,164,False
data/raw/building_hub/2026-09-03/565b23a0f4417d524985fa14f2990593d0b743cf7769e3c9656245ca441e705f.json,95fe6fa3a1073b85d38b504aad9fb6ea2ff2d19433ceaf752f1181661f5fc5b7,95fe6fa3a1073b85d38b504aad9fb6ea2ff2d19433ceaf752f1181661f5fc5b7,52076,False
data/raw/building_hub/2026-09-03/566c3ac5b24b846be23b77f2066abff4931e2f34a26eaff9014ea14f36930396.json,f9be224ee6456c53f5c583e1db6955dbfe24775582c85af08f43905bfccd2b87,f9be224ee6456c53f5c583e1db6955dbfe24775582c85af08f43905bfccd2b87,164,False
data/raw/building_hub/2026-09-03/56965ba920a9b92f2613f6ae9e5637f49e607a9a34be470e57bd3a5ebed109d4.json,4456ef9ad133b3f5fc3b94277a48bbc8f6e0548ff97db0864ab64a65559bed99,4456ef9ad133b3f5fc3b94277a48bbc8f6e0548ff97db0864ab64a65559bed99,29009,False
data/raw/building_hub/2026-09-03/56a44fad25c436487b3dc50e56d9c64090d3b19198a8d97d3251c84efc85ab22.json,f9be224ee6456c53f5c583e1db6955dbfe24775582c85af08f43905bfccd2b87,f9be224ee6456c53f5c583e1db6955dbfe24775582c85af08f43905bfccd2b87,164,False
data/raw/building_hub/2026-09-03/595bf62e5056ce30588eb25c924887fd16ce7ca0c3afcb964f16691df6beb215.json,f9be224ee6456c53f5c583e1db6955dbfe24775582c85af08f43905bfccd2b87,f9be224ee6456c53f5c583e1db6955dbfe24775582c85af08f43905bfccd2b87,164,False
data/raw/building_hub/2026-09-03/59ad49e7844f90a8dd13890852749896f082ebbbc8e703aebeb6bf7ec25ebd01.json,336b66a23e8dcbd5658347bb5f3882ef3075af0af744b0b72e6791b8fa7f448f,336b66a23e8dcbd5658347bb5f3882ef3075af0af744b0b72e6791b8fa7f448f,38974,False
data/raw/building_hub/2026-09-03/5aff156a3c37db9f14be1edecf963dd33c2771301673f32010d5717c79052db3.json,b33d49865297d7ea46e04f4b3f07fb5a46504a64f712d97abd4630da55d586c3,b33d49865297d7ea46e04f4b3f07fb5a46504a64f712d97abd4630da55d586c3,60371,False
data/raw/building_hub/2026-09-03/5b62cf4d3883c347be526a65c3266f80d9b5f38249151a54ffaef4e53def245f.json,2a9222400efee977f02281e6f0971560a399fc9e1ca2d56439816091ba46d8bd,2a9222400efee977f02281e6f0971560a399fc9e1ca2d56439816091ba46d8bd,27944,False
data/raw/building_hub/2026-09-03/5e28468fbca1cd70f8222b080535f5aeee41b2a93e2a36b34724e21fdf1006b5.json,f9be224ee6456c53f5c583e1db6955dbfe24775582c85af08f43905bfccd2b87,f9be224ee6456c53f5c583e1db6955dbfe24775582c85af08f43905bfccd2b87,164,False
data/raw/building_hub/2026-09-03/5e2b32579a1f39beb159a59b2028c7b839a7e583578f95e75d95368d3f379904.json,5760e6dc729a7096c03cdb65f0267c940f1680733991d36b2b027b0ed3be1ced,5760e6dc729a7096c03cdb65f0267c940f1680733991d36b2b027b0ed3be1ced,37581,False
data/raw/building_hub/2026-09-03/5e617cdf5a4c6378a50ca7f534cacd13213a2820dd2ad980d35790ca3ebce518.json,29ab116db8f6f95062fe5aae21bc3655b5dccb9cc553cc69248d40edb73db471,29ab116db8f6f95062fe5aae21bc3655b5dccb9cc553cc69248d40edb73db471,31501,False
data/raw/building_hub/2026-09-03/61d779903687fdea0083a6dc1579b3f29c6e4a8355171c167f9d67a6997fc13f.json,f56b040284853e60a8c36e1cb25e0d4c7252bda040671464e2c141a24845bde9,f56b040284853e60a8c36e1cb25e0d4c7252bda040671464e2c141a24845bde9,20055,False
data/raw/building_hub/2026-09-03/64a950125957f9813c3a7c341c07179ab8490c705039ab6866d0477c088de59f.json,f9be224ee6456c53f5c583e1db6955dbfe24775582c85af08f43905bfccd2b87,f9be224ee6456c53f5c583e1db6955dbfe24775582c85af08f43905bfccd2b87,164,False
data/raw/building_hub/2026-09-03/68b5e462ced9f0d2ab95ea83f02bbe0c76527068a4cb791de0053146ab5ca34e.json,f9be224ee6456c53f5c583e1db6955dbfe24775582c85af08f43905bfccd2b87,f9be224ee6456c53f5c583e1db6955dbfe24775582c85af08f43905bfccd2b87,164,False
data/raw/building_hub/2026-09-03/68cba55491307f0d6a5e7bdfc66325aff852616d76e048e56a68ee18cdc6b246.json,3685db2c53213e52e6c89472f5fa80b48c2dfe734a987a486a9ed28dde9623a0,3685db2c53213e52e6c89472f5fa80b48c2dfe734a987a486a9ed28dde9623a0,28725,False
data/raw/building_hub/2026-09-03/6a9af61b818c6047ebbe6e6c9049535efb9fcacaa46b55e2e610f4c36967d1cb.json,f44534229d088eaee8905bbbc2499748e6a03b3657d268352482cb0c3fc47c43,f44534229d088eaee8905bbbc2499748e6a03b3657d268352482cb0c3fc47c43,36416,False
data/raw/building_hub/2026-09-03/6acb4b1ddf6d3fb03946e49974f337b84a600bf4daa7e7fa537f60fb533ad0a1.json,0d88f7fb4c7bf570be952050fe86b12a532cd4cec788fae7ab300a4dd755df5a,0d88f7fb4c7bf570be952050fe86b12a532cd4cec788fae7ab300a4dd755df5a,35422,False
data/raw/building_hub/2026-09-03/6b0f808e5a2667f1bd8a7fd03221ff93b0466244b197b77b5b9ad45d0c2c9183.json,4ec2a23cd3b5693ba315ce97a460f48312b6fd76b1808e18e99631f8bdf2427b,4ec2a23cd3b5693ba315ce97a460f48312b6fd76b1808e18e99631f8bdf2427b,41713,False
data/raw/building_hub/2026-09-03/6b3604b29e93b554ef3e156de71bf928c90b5bdf728f17fb1c7ce3b51a60e3f2.json,f9be224ee6456c53f5c583e1db6955dbfe24775582c85af08f43905bfccd2b87,f9be224ee6456c53f5c583e1db6955dbfe24775582c85af08f43905bfccd2b87,164,False
data/raw/building_hub/2026-09-03/6b8e32941dc7c0139c256d7205f414e9f75013bcd4ba6d70c3569ed4a94e6b43.json,1c29551613309db525598ce205e44d0f949f8e2864713b87655a446a011e6edc,1c29551613309db525598ce205e44d0f949f8e2864713b87655a446a011e6edc,30799,False
data/raw/building_hub/2026-09-03/6c1d6710be3640e74866dff12a370d507354544ae176b1195581f2bf65a04ddb.json,1712a14238474320ce77af74c1a76e586c033a3b880890908514011b71bc187d,1712a14238474320ce77af74c1a76e586c033a3b880890908514011b71bc187d,58842,False
data/raw/building_hub/2026-09-03/6cc56cdd10b68600422115559b8d619a6f5571f5c5d5d4f78bc0e82a56abe283.json,f3ecb790a0f89a29593e1f0569837e58d31633b7f02a828c78f812e8afe22d89,f3ecb790a0f89a29593e1f0569837e58d31633b7f02a828c78f812e8afe22d89,73899,False
data/raw/building_hub/2026-09-03/6d5fd4798e096343ce9411f824f342fc5d8f4cec10a0fe49aff30a398a772451.json,f9be224ee6456c53f5c583e1db6955dbfe24775582c85af08f43905bfccd2b87,f9be224ee6456c53f5c583e1db6955dbfe24775582c85af08f43905bfccd2b87,164,False
data/raw/building_hub/2026-09-03/6d7c9cba3006bf7a18de365e2591c77ea7d5795c0588eea99e478317b21903b7.json,4f9ea66d4d25d8cb1321e11bd28a50a03e510f3e08186b33e704f65e94575718,4f9ea66d4d25d8cb1321e11bd28a50a03e510f3e08186b33e704f65e94575718,25690,False
data/raw/building_hub/2026-09-03/6df088c83516301552231f737b142cb2faba89408ca07f58cf0273632327835f.json,dd9d44bd1ef07cce2e756d3c648d54ceda065289356aa0c4b925e5822b420dff,dd9d44bd1ef07cce2e756d3c648d54ceda065289356aa0c4b925e5822b420dff,35658,False
data/raw/building_hub/2026-09-03/6dfb355e74947812ef3d5bf0299c38d6ecb38c38460ecdbba48638e62b6d95d3.json,e372e08e2cdd645dce1f0472d7d0d60ea95817be247383be58125fd8a2a78128,e372e08e2cdd645dce1f0472d7d0d60ea95817be247383be58125fd8a2a78128,43448,False
data/raw/building_hub/2026-09-03/6ebfcd3865774cca1727b8f317c8b6cf994ccd3a34f030ae1f3b3accb55305cc.json,f9be224ee6456c53f5c583e1db6955dbfe24775582c85af08f43905bfccd2b87,f9be224ee6456c53f5c583e1db6955dbfe24775582c85af08f43905bfccd2b87,164,False
data/raw/building_hub/2026-09-03/6f1fca2827cafb76d23fcb757cbbd42f2b1adc718079b57867f1dc7a77e08598.json,f9be224ee6456c53f5c583e1db6955dbfe24775582c85af08f43905bfccd2b87,f9be224ee6456c53f5c583e1db6955dbfe24775582c85af08f43905bfccd2b87,164,False
data/raw/building_hub/2026-09-03/6f59002a4e33f1043f2a36e4325b4967a784cc0a1fefeefa4a66f45b6c0fbd9d.json,f2ed7580c57ac7dd208b175359a306576773b0a5d9062b5ce879e751fe7ddb7a,f2ed7580c57ac7dd208b175359a306576773b0a5d9062b5ce879e751fe7ddb7a,49597,False
data/raw/building_hub/2026-09-03/6fd334c5a109ff6a970d98bbcf44540f02dd96c37ee14d132b59ac32729f595d.json,f9be224ee6456c53f5c583e1db6955dbfe24775582c85af08f43905bfccd2b87,f9be224ee6456c53f5c583e1db6955dbfe24775582c85af08f43905bfccd2b87,164,False
data/raw/building_hub/2026-09-03/70030bd3036ccaa58c5d4b417c1d5669c23c3fb76d2a7b2f1f1c188c1a4eb8c1.json,f9be224ee6456c53f5c583e1db6955dbfe24775582c85af08f43905bfccd2b87,f9be224ee6456c53f5c583e1db6955dbfe24775582c85af08f43905bfccd2b87,164,False
data/raw/building_hub/2026-09-03/707efe3f29087f819123dffffaef4deccb1575a4a94092701d1395b78407314b.json,3b5f43c54ccd99c1b07a5cce2a661b192637c2293ee43c30988155fa1c28b143,3b5f43c54ccd99c1b07a5cce2a661b192637c2293ee43c30988155fa1c28b143,42085,False
data/raw/building_hub/2026-09-03/70f16250526e5622cdd8e39361e3c9b968ae499ce72777c5a471589f557ced4d.json,f9be224ee6456c53f5c583e1db6955dbfe24775582c85af08f43905bfccd2b87,f9be224ee6456c53f5c583e1db6955dbfe24775582c85af08f43905bfccd2b87,164,False
data/raw/building_hub/2026-09-03/7161b89f1b22bbc1fac3ca20db77376f2e017dabec15407623cb8a36e68f967f.json,c986aeb15aaa404bdc3a02d932a13cda8f9f5d0b684b189f60b355259c4dc716,c986aeb15aaa404bdc3a02d932a13cda8f9f5d0b684b189f60b355259c4dc716,43629,False
data/raw/building_hub/2026-09-03/75bca97bcd42536ea5bc12d6177065cead4789b2af05d95ed4166f7e920b1950.json,f07c91df45f6965080c0096d1071b7788846c1538b46e93467da962c41670921,f07c91df45f6965080c0096d1071b7788846c1538b46e93467da962c41670921,61850,False
data/raw/building_hub/2026-09-03/75dffb6078b0b5cbd33b36efc6bdf0a0b55613f8dff8b723de86445c320a5851.json,f9be224ee6456c53f5c583e1db6955dbfe24775582c85af08f43905bfccd2b87,f9be224ee6456c53f5c583e1db6955dbfe24775582c85af08f43905bfccd2b87,164,False
data/raw/building_hub/2026-09-03/767820f5e635a191d8ebd76184cf83846ec596c31750d59948ac4a9609d7cacb.json,f9be224ee6456c53f5c583e1db6955dbfe24775582c85af08f43905bfccd2b87,f9be224ee6456c53f5c583e1db6955dbfe24775582c85af08f43905bfccd2b87,164,False
data/raw/building_hub/2026-09-03/76eee82486971836492859766c605e09eabc2fcf17ce6ec33c65558902692063.json,f9be224ee6456c53f5c583e1db6955dbfe24775582c85af08f43905bfccd2b87,f9be224ee6456c53f5c583e1db6955dbfe24775582c85af08f43905bfccd2b87,164,False
data/raw/building_hub/2026-09-03/7700ce636099f6cf634d78193e9c0e86c8d120f7c58cd5c5359e9ba50cac5e85.json,aa7227909cccdc30573ddfe505936827466095c8ccb91c0522652afdd0efc50f,aa7227909cccdc30573ddfe505936827466095c8ccb91c0522652afdd0efc50f,60277,False
data/raw/building_hub/2026-09-03/7776a91d01078a20027057a7d07df0035c5ac5109598d4ac82d948bd703c6257.json,318270742a9162b4dfc6be337175f09ad0d9aab03d8ee229936259610a206603,318270742a9162b4dfc6be337175f09ad0d9aab03d8ee229936259610a206603,25640,False
data/raw/building_hub/2026-09-03/778ff2db012601e2961bcf5e471110e267ad2bc6ce00f5d1dc79c6c2989b12f9.json,f9be224ee6456c53f5c583e1db6955dbfe24775582c85af08f43905bfccd2b87,f9be224ee6456c53f5c583e1db6955dbfe24775582c85af08f43905bfccd2b87,164,False
data/raw/building_hub/2026-09-03/77d66bb19651130e808ff327c0e03ae1e6bd4559c7af82b9a88bda1ad3c6f2f1.json,f9be224ee6456c53f5c583e1db6955dbfe24775582c85af08f43905bfccd2b87,f9be224ee6456c53f5c583e1db6955dbfe24775582c85af08f43905bfccd2b87,164,False
data/raw/building_hub/2026-09-03/781eba2ad6a91ecd2f8aaa60e7c56b08a1dfb3422e0c5ae1f9286df5b5df88a5.json,f9be224ee6456c53f5c583e1db6955dbfe24775582c85af08f43905bfccd2b87,f9be224ee6456c53f5c583e1db6955dbfe24775582c85af08f43905bfccd2b87,164,False
data/raw/building_hub/2026-09-03/78605a99c395e32345debcdc8dd8a2563d0884ed524eb60a440ad7db4c665489.json,9e9c62585dee2f9087588183005cf40437d1c045ca10984ac174e852fc3d879f,9e9c62585dee2f9087588183005cf40437d1c045ca10984ac174e852fc3d879f,34250,False
data/raw/building_hub/2026-09-03/79f5194a30a602bae6ddf8faca1f4f7f96af50b40482a71e29f8945cbc91dd50.json,f9be224ee6456c53f5c583e1db6955dbfe24775582c85af08f43905bfccd2b87,f9be224ee6456c53f5c583e1db6955dbfe24775582c85af08f43905bfccd2b87,164,False
data/raw/building_hub/2026-09-03/7c3f6e77db109c5aed72a6a9601380519a23e3780ac30cb6a1303b98cbfd8982.json,8f4b289e3dc0873b9631598c2ef8943d40c54cfea5daa7b4ffc961f7d6c6fd9f,8f4b289e3dc0873b9631598c2ef8943d40c54cfea5daa7b4ffc961f7d6c6fd9f,33294,False
data/raw/building_hub/2026-09-03/7d19765f4753bbddcd8e4b13e6301eaf45837e66d9bd5467c7f534fbc2032b3a.json,e16ab743023daa140a511b3013de4dc7c66f5159a4781ab0fdadddef172c3375,e16ab743023daa140a511b3013de4dc7c66f5159a4781ab0fdadddef172c3375,3962,False
data/raw/building_hub/2026-09-03/7d2cefa15e7cae9bc77a718408dcc94e847a235127466156047194455b3d2240.json,f9be224ee6456c53f5c583e1db6955dbfe24775582c85af08f43905bfccd2b87,f9be224ee6456c53f5c583e1db6955dbfe24775582c85af08f43905bfccd2b87,164,False
data/raw/building_hub/2026-09-03/7d8dbeab607919a0c3a08dbd916991c3a1fbbb0eca5e7abce27784943d2891c8.json,967fe0d19b46d130655512f7834f92b63710959c1fb4f7a62855a5e78d2cd9c0,967fe0d19b46d130655512f7834f92b63710959c1fb4f7a62855a5e78d2cd9c0,43605,False
data/raw/building_hub/2026-09-03/7deac9ce82a8d5274ef0329ce75ec1768f4475670ed94c8f72d660d1e4a2c342.json,f9be224ee6456c53f5c583e1db6955dbfe24775582c85af08f43905bfccd2b87,f9be224ee6456c53f5c583e1db6955dbfe24775582c85af08f43905bfccd2b87,164,False
data/raw/building_hub/2026-09-03/7f1c15b8c0af5818c405d374f73ffecf398c5043de2f2f7630facc686edbfa42.json,f7db017064fdba1baf65f85b8bec025b4a14a697574ab3497b4c23263aaedff9,f7db017064fdba1baf65f85b8bec025b4a14a697574ab3497b4c23263aaedff9,67479,False
data/raw/building_hub/2026-09-03/7fd95cb19fa9447f34ce2cb4ce6c72d08cb10e3c4eb1e06abbd44bea2652d07b.json,d02de85722bc18f2b31af2eda60ffb5a8d00cb9ecf400bc3f442d15c7edbb9c9,d02de85722bc18f2b31af2eda60ffb5a8d00cb9ecf400bc3f442d15c7edbb9c9,38066,False
data/raw/building_hub/2026-09-03/80aa379804493c559b7e460a7c74ed6a654a870b4676c5f8cdf6d7b10016100b.json,f1e85617a7c227116d38e4cfe2809029cd362dee2651576948b031122c963ca3,f1e85617a7c227116d38e4cfe2809029cd362dee2651576948b031122c963ca3,62539,False
data/raw/building_hub/2026-09-03/818bb7d403b4e71ebabf56cdb544ac92da9012a74a0676e2610b9a316a0bb39c.json,3dd167dd491a77db4f820c25579277c5bdfa71e87edebe5dd02222896358d51a,3dd167dd491a77db4f820c25579277c5bdfa71e87edebe5dd02222896358d51a,38456,False
data/raw/building_hub/2026-09-03/819ee57cdc1db77a5348ee5102c2d1118f0d80c3b2676ae6bb22b5a0beb4a8e3.json,f9be224ee6456c53f5c583e1db6955dbfe24775582c85af08f43905bfccd2b87,f9be224ee6456c53f5c583e1db6955dbfe24775582c85af08f43905bfccd2b87,164,False
data/raw/building_hub/2026-09-03/833b8d251f77931533d101d1f2a7bccc20c473c9aec657f0cc752452b174c6d7.json,74267709286eb6268ffbb37a7f5208c14acdd28f3162ddad1ea5a7fd7c27d4a4,74267709286eb6268ffbb37a7f5208c14acdd28f3162ddad1ea5a7fd7c27d4a4,26546,False
data/raw/building_hub/2026-09-03/87ced0d63bb74515a6e60b2b99caaeb0081ba8b4eb6fc20a7f4acdd911742253.json,9de986f8d71903b2e18a0fd7ad9c64f364f20a6e1a84ca3208d39f96aca09b40,9de986f8d71903b2e18a0fd7ad9c64f364f20a6e1a84ca3208d39f96aca09b40,25399,False
data/raw/building_hub/2026-09-03/887cf92f771d4ae30ff606c180f324334b665d81539e920fdf91bec4be663dd7.json,76f365ace177d0f7585afa7d5aa353e6bcba0f61eba8c09e0d7d8886b9023f3c,76f365ace177d0f7585afa7d5aa353e6bcba0f61eba8c09e0d7d8886b9023f3c,77121,False
data/raw/building_hub/2026-09-03/88a6a55b7fbcd27eb3084cabea196141db699d2e02095e2ee4704e052346eec8.json,86639a75f5e8a7963827957dc208943bc8603dec431f253713218a0425181274,86639a75f5e8a7963827957dc208943bc8603dec431f253713218a0425181274,31021,False
data/raw/building_hub/2026-09-03/88f4e6c34301370b23160aa444370fc1b5b0b4300bbf5a3a2ba30146e1c28fa6.json,6af463e53a605ac1b70f24858baf81a40a1abdeebbfbe41ac254f9d2d50166b3,6af463e53a605ac1b70f24858baf81a40a1abdeebbfbe41ac254f9d2d50166b3,51767,False
data/raw/building_hub/2026-09-03/891a49ccce96f33a35b8c086be8171f14433835d564705c34bf98fa0f557e9b2.json,f9be224ee6456c53f5c583e1db6955dbfe24775582c85af08f43905bfccd2b87,f9be224ee6456c53f5c583e1db6955dbfe24775582c85af08f43905bfccd2b87,164,False
data/raw/building_hub/2026-09-03/8a30936708121f25dd267970eadc7f579552a1aba331e119cc500b12e1eef818.json,f9be224ee6456c53f5c583e1db6955dbfe24775582c85af08f43905bfccd2b87,f9be224ee6456c53f5c583e1db6955dbfe24775582c85af08f43905bfccd2b87,164,False
data/raw/building_hub/2026-09-03/8a6a505f8873f6814b2d856bc462336ee4f059f61b59128252a7a28ef6f6f6f5.json,60b015c6e1bd10fee99146744c8bc72c58c3bd6e34044269a70468b998186dd6,60b015c6e1bd10fee99146744c8bc72c58c3bd6e34044269a70468b998186dd6,27442,False
data/raw/building_hub/2026-09-03/8bac7c8ac89449c158c8e848c575508f7d72d38522ff078f0611263d3a2961e9.json,553675e9c7ba41e25bf7e4c3ba470b33a6455ef1b0541e32580d7b1de1835604,553675e9c7ba41e25bf7e4c3ba470b33a6455ef1b0541e32580d7b1de1835604,22945,False
data/raw/building_hub/2026-09-03/8c0a3d2d14674072859973f2a8bf02fd5de30604116318b62b755ef0ce3b0682.json,f9be224ee6456c53f5c583e1db6955dbfe24775582c85af08f43905bfccd2b87,f9be224ee6456c53f5c583e1db6955dbfe24775582c85af08f43905bfccd2b87,164,False
data/raw/building_hub/2026-09-03/8ccc8819601a3852d198ccb49fda84fa13251136921e00696c158467995e5a58.json,f9be224ee6456c53f5c583e1db6955dbfe24775582c85af08f43905bfccd2b87,f9be224ee6456c53f5c583e1db6955dbfe24775582c85af08f43905bfccd2b87,164,False
data/raw/building_hub/2026-09-03/8ce67dcc9ce1effa8d26b3486c43ce3d10e2b7b832b107c3c1c0bad7384201dc.json,f9be224ee6456c53f5c583e1db6955dbfe24775582c85af08f43905bfccd2b87,f9be224ee6456c53f5c583e1db6955dbfe24775582c85af08f43905bfccd2b87,164,False
data/raw/building_hub/2026-09-03/8d2f1bea6c846f2dc0ad105c7cab0326a48c106989ae17fbcfe8edc23bfef4c6.json,048f44b06b0e88f734dc8b18be88596cb23a8a8727a03bcdc86dba008abc62e7,048f44b06b0e88f734dc8b18be88596cb23a8a8727a03bcdc86dba008abc62e7,20193,False
data/raw/building_hub/2026-09-03/8d898e92c8f00482be96b8cbbd40f5f14887e06abe4df65d31083c01ac028ba4.json,52a978c927f1d5a7a2136c16aea2d81e2dd4ebada10b56013a3df6ae8b52659b,52a978c927f1d5a7a2136c16aea2d81e2dd4ebada10b56013a3df6ae8b52659b,44610,False
data/raw/building_hub/2026-09-03/8da361f6bfb8391452e5b81125eb48cbccb7bf46c2381e9f3f04e355da873a51.json,ed03e63ba2b60e4303c7ccbef9ecb65d2e6663aaa023babbceed9d47a8bc9b48,ed03e63ba2b60e4303c7ccbef9ecb65d2e6663aaa023babbceed9d47a8bc9b48,28782,False
data/raw/building_hub/2026-09-03/8e47eb594af0fb74821bbb82ac892abffd9ac5ae21a476a19907bb889ea018f7.json,a1a8c096bd15e57596313e676f718fbdba7351417efa4ae2b8b182b3ef3cf967,a1a8c096bd15e57596313e676f718fbdba7351417efa4ae2b8b182b3ef3cf967,42623,False
data/raw/building_hub/2026-09-03/8ea823f30475aea207282a9e0615eeaad13163723f0c0d3ae12e4373ac586625.json,f9be224ee6456c53f5c583e1db6955dbfe24775582c85af08f43905bfccd2b87,f9be224ee6456c53f5c583e1db6955dbfe24775582c85af08f43905bfccd2b87,164,False
data/raw/building_hub/2026-09-03/8f415abcda10c394ce4a7638e01a7c9988250e5ed744daa1ecf8638f4cda6d6a.json,f9be224ee6456c53f5c583e1db6955dbfe24775582c85af08f43905bfccd2b87,f9be224ee6456c53f5c583e1db6955dbfe24775582c85af08f43905bfccd2b87,164,False
data/raw/building_hub/2026-09-03/8f5565a893343011c895dc3da62835044f64619d8c0bb0dd33c3e48050d6feb6.json,58c3975b4d49bd0b53058febf5799e8be81a8f25a70a5f3cf92edc9e94da8fd6,58c3975b4d49bd0b53058febf5799e8be81a8f25a70a5f3cf92edc9e94da8fd6,59626,False
data/raw/building_hub/2026-09-03/8fbc51f2ddbae75296fece407224af80d3e996ca6e23fd90b2d78a7caf574228.json,dd007bf8b24b09e9a23953de1b771613475ada454671bb0c52b42de1da2c4b02,dd007bf8b24b09e9a23953de1b771613475ada454671bb0c52b42de1da2c4b02,36559,False
data/raw/building_hub/2026-09-03/92a387c220b84ec124039701089b89d070af2cfef8052e2e449dc6803d51b04b.json,a2e3761dbe5fce742dc2c68c21da83e817ff7cb174e115ec30ce29d240a93ca9,a2e3761dbe5fce742dc2c68c21da83e817ff7cb174e115ec30ce29d240a93ca9,21695,False
data/raw/building_hub/2026-09-03/92a77aeb094bf84400b800238edaf521abe556bc2d424c7b01d90e3830b19e76.json,77e06828582b5447e031b9323d6c31b54b07f54ef7444b049f18e6ec9341bacd,77e06828582b5447e031b9323d6c31b54b07f54ef7444b049f18e6ec9341bacd,5610,False
data/raw/building_hub/2026-09-03/9544eccca6d1a8a07daaa77ec5036674320b158d7683e26bd83ee9d6d3d1916c.json,f9be224ee6456c53f5c583e1db6955dbfe24775582c85af08f43905bfccd2b87,f9be224ee6456c53f5c583e1db6955dbfe24775582c85af08f43905bfccd2b87,164,False
data/raw/building_hub/2026-09-03/96663aa4ecd8d217624b3d0cb1f7131d0e09296b1c3d79fdcdaecd32a8c700c2.json,f9be224ee6456c53f5c583e1db6955dbfe24775582c85af08f43905bfccd2b87,f9be224ee6456c53f5c583e1db6955dbfe24775582c85af08f43905bfccd2b87,164,False
data/raw/building_hub/2026-09-03/96f55a0b05f7ae0b708f4b86663d6e755c77890f67dd15a5588b000dca5da426.json,5cf48eeac307926df3599cbe9f3e05c368c280f9e66587a5600e5eb4bba7ebef,5cf48eeac307926df3599cbe9f3e05c368c280f9e66587a5600e5eb4bba7ebef,31145,False
data/raw/building_hub/2026-09-03/9931fe5737851bb54ab5f011958cb049fe442dcfa5e91efcc8dd75be908c9a11.json,0d60c81625ec0fd41c83b39c72672bd1e45d8a190ce5db5b8d4143095e4cff39,0d60c81625ec0fd41c83b39c72672bd1e45d8a190ce5db5b8d4143095e4cff39,30929,False
data/raw/building_hub/2026-09-03/998c24fdbea044dc5acd09a613d19377413483f09655d43a24a4f4246e3cdac1.json,f9be224ee6456c53f5c583e1db6955dbfe24775582c85af08f43905bfccd2b87,f9be224ee6456c53f5c583e1db6955dbfe24775582c85af08f43905bfccd2b87,164,False
data/raw/building_hub/2026-09-03/9a81a980e08ba916284ffc145014114457ac99a8221e393d401018607b3a65ef.json,f9be224ee6456c53f5c583e1db6955dbfe24775582c85af08f43905bfccd2b87,f9be224ee6456c53f5c583e1db6955dbfe24775582c85af08f43905bfccd2b87,164,False
data/raw/building_hub/2026-09-03/9c31347bec128c41f5029d15473f8f42a5371e179138611de6ba527dec77693d.json,ac99b737c17ed71aaaafc8dbd583ff5310656edf0450d860be76ec2a658b2bd6,ac99b737c17ed71aaaafc8dbd583ff5310656edf0450d860be76ec2a658b2bd6,49021,False
data/raw/building_hub/2026-09-03/9c3188975ef0ffa2afd3d2a6659b4f581e1af0b2ade12e353d0e55e1d9462cd4.json,f9be224ee6456c53f5c583e1db6955dbfe24775582c85af08f43905bfccd2b87,f9be224ee6456c53f5c583e1db6955dbfe24775582c85af08f43905bfccd2b87,164,False
data/raw/building_hub/2026-09-03/9d260798aa63eb5712de862f84e0fc6209628f1afb8bf2010e763db00261bf55.json,f9be224ee6456c53f5c583e1db6955dbfe24775582c85af08f43905bfccd2b87,f9be224ee6456c53f5c583e1db6955dbfe24775582c85af08f43905bfccd2b87,164,False
data/raw/building_hub/2026-09-03/9db80792facf52aef6dc467966064410bfb449050fc3bf88547b2f1a198b7280.json,a33b8c164e08846caf7ae4b7fcfb590aae66408ba6002094ac06649a4dd4039a,a33b8c164e08846caf7ae4b7fcfb590aae66408ba6002094ac06649a4dd4039a,34755,False
data/raw/building_hub/2026-09-03/9ddc7134da67c38dc05c2d241ab81f363ff40c229661330603f168b107843337.json,4f26933b5678f3d3e7da57e86bab8e80578d3d6e7cfeb9313d577555bb06f483,4f26933b5678f3d3e7da57e86bab8e80578d3d6e7cfeb9313d577555bb06f483,32934,False
data/raw/building_hub/2026-09-03/9ea84c937d657a9b855c66b91b098c5937861025f319474e167818bdd710aed8.json,fb27e03395280741634b2c54f7eb96876f314c5db4742e0911ab0c41d00d8723,fb27e03395280741634b2c54f7eb96876f314c5db4742e0911ab0c41d00d8723,35314,False
data/raw/building_hub/2026-09-03/9ed920cfdb17b704e8933d7f2d3c610b815150272c2b227c158fff85f03f83d9.json,f9be224ee6456c53f5c583e1db6955dbfe24775582c85af08f43905bfccd2b87,f9be224ee6456c53f5c583e1db6955dbfe24775582c85af08f43905bfccd2b87,164,False
data/raw/building_hub/2026-09-03/9f1be8157fdf93531fe0589e7e11de368f8ccddab062bbf1df6873254fcef1a6.json,ec79f318c788cb708300450b607e141aa619e5f0c37729e268653ad6648673fd,ec79f318c788cb708300450b607e141aa619e5f0c37729e268653ad6648673fd,48668,False
data/raw/building_hub/2026-09-03/9fbc4cd4a890f1afa6e3162aba9161afbc4bdca06f5c4244346f22e81b953935.json,f9be224ee6456c53f5c583e1db6955dbfe24775582c85af08f43905bfccd2b87,f9be224ee6456c53f5c583e1db6955dbfe24775582c85af08f43905bfccd2b87,164,False
data/raw/building_hub/2026-09-03/a0935fcdb87e7b24e70dc687cd1156404e254820f3cdc97428fddbf2f5e49789.json,f9be224ee6456c53f5c583e1db6955dbfe24775582c85af08f43905bfccd2b87,f9be224ee6456c53f5c583e1db6955dbfe24775582c85af08f43905bfccd2b87,164,False
data/raw/building_hub/2026-09-03/a1187d90ccf4ebc6c3f05fc697a2b0edf7ecd58aeeab3381a092e947684a8257.json,f9be224ee6456c53f5c583e1db6955dbfe24775582c85af08f43905bfccd2b87,f9be224ee6456c53f5c583e1db6955dbfe24775582c85af08f43905bfccd2b87,164,False
data/raw/building_hub/2026-09-03/a24ae3749082f107f218fe7e995c2bc7a8ab43a9b2ad1f964f94d8b075da36d1.json,f9be224ee6456c53f5c583e1db6955dbfe24775582c85af08f43905bfccd2b87,f9be224ee6456c53f5c583e1db6955dbfe24775582c85af08f43905bfccd2b87,164,False
data/raw/building_hub/2026-09-03/a61f9831bb3cf0fbf5f494e6b269e62e5256207e98ca5cfa2673c1f7853aecb3.json,f9be224ee6456c53f5c583e1db6955dbfe24775582c85af08f43905bfccd2b87,f9be224ee6456c53f5c583e1db6955dbfe24775582c85af08f43905bfccd2b87,164,False
data/raw/building_hub/2026-09-03/a641d555dbf1bc51399825f531249edfd66dbc3f24af8520149cb753f8d76aa8.json,cf25f7036b195b6dec5ba8b42286b12dfdf702056677720f37a8cd44c112e322,cf25f7036b195b6dec5ba8b42286b12dfdf702056677720f37a8cd44c112e322,54345,False
data/raw/building_hub/2026-09-03/a6b3d90ed69389793c2435c6a0754dc9a2a9de71076a278653d01345deca02a8.json,12a0597cf91febfa85937c1f8020f3bf86873aba94671ebf4e32a4eba571c1bb,12a0597cf91febfa85937c1f8020f3bf86873aba94671ebf4e32a4eba571c1bb,36370,False
data/raw/building_hub/2026-09-03/a940198f9d0b134609c0e5b471ef14e6e11df60550b05251b10459008a64dea2.json,f9be224ee6456c53f5c583e1db6955dbfe24775582c85af08f43905bfccd2b87,f9be224ee6456c53f5c583e1db6955dbfe24775582c85af08f43905bfccd2b87,164,False
data/raw/building_hub/2026-09-03/a99ac557374204296a526e707e1b87ec70939de4ffe85328f04582d6ca232353.json,f9be224ee6456c53f5c583e1db6955dbfe24775582c85af08f43905bfccd2b87,f9be224ee6456c53f5c583e1db6955dbfe24775582c85af08f43905bfccd2b87,164,False
data/raw/building_hub/2026-09-03/a9c5e5423b49575d957c721efb88270f3b044fcabdd2f3c72a62c3e612b57a4c.json,a5720149c122f9f33891513bac78baaffd5ff2667c69ac63bb8bdd282ef59b84,a5720149c122f9f33891513bac78baaffd5ff2667c69ac63bb8bdd282ef59b84,47177,False
data/raw/building_hub/2026-09-03/a9d0f8df80e601ff9137ab8cf9db32480dc0b9b3eb6a25f8c96f0cd869651529.json,6ccf79138d1ca2c7ca5f86d01729477b90bf36f52926bf8abf15573ef31d2a3d,6ccf79138d1ca2c7ca5f86d01729477b90bf36f52926bf8abf15573ef31d2a3d,38606,False
data/raw/building_hub/2026-09-03/aa6634ca6bbaca3b94691fbbaff24331c51b72724ac287707fd74c66bf5b8d7c.json,ff037c8e241d4355fc162e59087d9754d41917d738fb7130dbc54683c9b0e18d,ff037c8e241d4355fc162e59087d9754d41917d738fb7130dbc54683c9b0e18d,34536,False
data/raw/building_hub/2026-09-03/abeacd9583a257eb89bb41c5fc5c3cbaf580eb5ebced14f13e6f931d710e9261.json,f9be224ee6456c53f5c583e1db6955dbfe24775582c85af08f43905bfccd2b87,f9be224ee6456c53f5c583e1db6955dbfe24775582c85af08f43905bfccd2b87,164,False
data/raw/building_hub/2026-09-03/aceb30e6f2c0691b5105ff880e869500308957284b30b5be1137d9eaaeef535f.json,18bbc71b108ffa180ade1d60623611c870854bdd2b3d88cc7c945469e5325203,18bbc71b108ffa180ade1d60623611c870854bdd2b3d88cc7c945469e5325203,33128,False
data/raw/building_hub/2026-09-03/ae4f7f1674091ecff803143b152f06adc4a11ab0f68e7bfdc28e478dde9dc4bd.json,6111a50ce2c70e0d238c5ca568d8e6422c5d3529de99235b449a1326404cc5dc,6111a50ce2c70e0d238c5ca568d8e6422c5d3529de99235b449a1326404cc5dc,29780,False
data/raw/building_hub/2026-09-03/b00b9c0a8688511ad6c2bad18a24369d6ee0c70c6b264cc600f3d1154d9b09d9.json,0da16d212dcd1e4ec3a62cbb0e69b373ae22f630ff6b4c961bbac97651455f1f,0da16d212dcd1e4ec3a62cbb0e69b373ae22f630ff6b4c961bbac97651455f1f,48846,False
data/raw/building_hub/2026-09-03/b011f37baa03ef3427abec678a9b0005c43cfff972a198ef02fe2fa3d89ad1e7.json,8517bc2c9f8de10e9a06688099602ca80fb86ef2ee916b08b5d3ce8a315a21c8,8517bc2c9f8de10e9a06688099602ca80fb86ef2ee916b08b5d3ce8a315a21c8,31041,False
data/raw/building_hub/2026-09-03/b0b4b67d0ddbc961fec850a858c12039c9b84023b68deca7fc9eb427157faca1.json,f9be224ee6456c53f5c583e1db6955dbfe24775582c85af08f43905bfccd2b87,f9be224ee6456c53f5c583e1db6955dbfe24775582c85af08f43905bfccd2b87,164,False
data/raw/building_hub/2026-09-03/b1a2fb533c4fd889a17a75f11af51269272d697d6b838a415ea419adfcf4cb6a.json,f9be224ee6456c53f5c583e1db6955dbfe24775582c85af08f43905bfccd2b87,f9be224ee6456c53f5c583e1db6955dbfe24775582c85af08f43905bfccd2b87,164,False
data/raw/building_hub/2026-09-03/b2206f6dc23232550390f18af4755d05135100bac0d4eb3ac9d8fe4a7b58d579.json,68bc593856e91fe8fbd5324d87e3af4a9d81d6ab029465ab006ece7b479fe076,68bc593856e91fe8fbd5324d87e3af4a9d81d6ab029465ab006ece7b479fe076,46739,False
data/raw/building_hub/2026-09-03/b2675167f242c8e55c04fe5ba7347519426ceb44fbc8ac158909634a6115ec6f.json,895b51285a5c446191a1c76f5ca21d4f3de8ac4004aa77ecddda8225f0082b38,895b51285a5c446191a1c76f5ca21d4f3de8ac4004aa77ecddda8225f0082b38,25273,False
data/raw/building_hub/2026-09-03/b2f4fd907db86fbdc59ff188520b6a2106dd00a7397950a97b21e086699ded1e.json,e4ab9903ee8050005a57eeec2812196b7abd5e592e6d4c65d7347b656ffcf113,e4ab9903ee8050005a57eeec2812196b7abd5e592e6d4c65d7347b656ffcf113,47269,False
data/raw/building_hub/2026-09-03/b2ff8332b976bc32cfa46ec1f366be939a38288eca1b08a5d1cc0482fdadc03f.json,6aa4811266fd717fd0f83f2b57ed3dcea1e831075f06e6cfbadb0832464c56b3,6aa4811266fd717fd0f83f2b57ed3dcea1e831075f06e6cfbadb0832464c56b3,37672,False
data/raw/building_hub/2026-09-03/b3c00cdbca26c17562149fcdae6994bdc92e9fe5fc075bf742ff0bfc29ecf309.json,4267b97b781411d2e963ea41efbf58a85f8913ae1ad9a26ff99ecd5ae1f05104,4267b97b781411d2e963ea41efbf58a85f8913ae1ad9a26ff99ecd5ae1f05104,79533,False
data/raw/building_hub/2026-09-03/b452b3ed974e1953626898211e2918fe40c1b39bfbf61e17b0a945a8635c699a.json,797815abe2bc151ea69dab627a3d9ffb90eaebfb71bccedf69fc715bc09c63e5,797815abe2bc151ea69dab627a3d9ffb90eaebfb71bccedf69fc715bc09c63e5,53740,False
data/raw/building_hub/2026-09-03/b4b250644ba26a1eb8c7996859b39c99333e566e7dd2b5fdf90b56fb9dd84563.json,445d971bb627bcac79fa000bdabb2fddb2d8b8452953b6ace5c026028554ce85,445d971bb627bcac79fa000bdabb2fddb2d8b8452953b6ace5c026028554ce85,76989,False
data/raw/building_hub/2026-09-03/b4d5d4e934689bc947384ed63b3d919ba8608d037b51014bb682ca1ade877070.json,f9be224ee6456c53f5c583e1db6955dbfe24775582c85af08f43905bfccd2b87,f9be224ee6456c53f5c583e1db6955dbfe24775582c85af08f43905bfccd2b87,164,False
data/raw/building_hub/2026-09-03/b4d708bf5a129fb52b0c9d7c553d9defcbecce07763d65c760f9d4fb8a4e600c.json,5c9b90711018e3f460c9cb67d70bb9bd95111defb993dc4b5c15caeeeb70cfa5,5c9b90711018e3f460c9cb67d70bb9bd95111defb993dc4b5c15caeeeb70cfa5,49256,False
data/raw/building_hub/2026-09-03/b5707911d2d6515a115495e75926bce612eb9e5d0fba2719fade81066667c50d.json,f9be224ee6456c53f5c583e1db6955dbfe24775582c85af08f43905bfccd2b87,f9be224ee6456c53f5c583e1db6955dbfe24775582c85af08f43905bfccd2b87,164,False
data/raw/building_hub/2026-09-03/b5c088313610ef5bbe06bfae65088f391fb1b4fdf0ffbd37f5005d15b9929e12.json,f9be224ee6456c53f5c583e1db6955dbfe24775582c85af08f43905bfccd2b87,f9be224ee6456c53f5c583e1db6955dbfe24775582c85af08f43905bfccd2b87,164,False
data/raw/building_hub/2026-09-03/b61691e2238d6e685f110929357029b08e308674ff866641f74e7a0bf816e890.json,9441cd81ca47a1c1b1a1f4d8e9e3402029a4ac86e84308eaae5bd6f888f7c910,9441cd81ca47a1c1b1a1f4d8e9e3402029a4ac86e84308eaae5bd6f888f7c910,46764,False
data/raw/building_hub/2026-09-03/b77ef9267ee673a2056dbd2830609f5c304db9b4b1ff775b248b7513240e68e7.json,f9be224ee6456c53f5c583e1db6955dbfe24775582c85af08f43905bfccd2b87,f9be224ee6456c53f5c583e1db6955dbfe24775582c85af08f43905bfccd2b87,164,False
data/raw/building_hub/2026-09-03/b7aed4f3032e9746dacd3baac8691bb34f54daf9e6744b3c09353837c430a0a8.json,19ae719122553d346ab54b3ede5bbb27d82710d90d9e5665fb51e09f43aa61b2,19ae719122553d346ab54b3ede5bbb27d82710d90d9e5665fb51e09f43aa61b2,3298,False
data/raw/building_hub/2026-09-03/b83b59afbdddf566eb00c41cd3ca45f585dd8be15fb52a9360872dfccfdf8b5e.json,f9be224ee6456c53f5c583e1db6955dbfe24775582c85af08f43905bfccd2b87,f9be224ee6456c53f5c583e1db6955dbfe24775582c85af08f43905bfccd2b87,164,False
data/raw/building_hub/2026-09-03/b8f7bf7a0c82c794c05850e82237281631fe1fe239d5eeb7f956c16b6b1eba9a.json,1cfa903d6b0cb63cf6534a119a2a8fa7f7dc881a48e6edc35c5e3c8055c54e2f,1cfa903d6b0cb63cf6534a119a2a8fa7f7dc881a48e6edc35c5e3c8055c54e2f,19971,False
data/raw/building_hub/2026-09-03/b99a3f4076be5ed5c71dcd2a923a28e493de032cd11c40afa1346a84df2828ae.json,d9e784761fba3cbdda18a957537211bb6e1bb338366a7fed00b4e629351ced4c,d9e784761fba3cbdda18a957537211bb6e1bb338366a7fed00b4e629351ced4c,69431,False
data/raw/building_hub/2026-09-03/ba98296a533a06fa01a982adea55eaa64889eaa3eae13d74835db351121aaaf5.json,f9be224ee6456c53f5c583e1db6955dbfe24775582c85af08f43905bfccd2b87,f9be224ee6456c53f5c583e1db6955dbfe24775582c85af08f43905bfccd2b87,164,False
data/raw/building_hub/2026-09-03/baaec04ca43166bb0ac52fa9775e3c09999daa769ab59f65914029080c53976a.json,f9be224ee6456c53f5c583e1db6955dbfe24775582c85af08f43905bfccd2b87,f9be224ee6456c53f5c583e1db6955dbfe24775582c85af08f43905bfccd2b87,164,False
data/raw/building_hub/2026-09-03/bad41c1c85d9709329503df2894f124682fc46a7ef0b57ff2177641b76a7cb72.json,54746dae12ce454b155d38aac85299a5134a2a867e1b7de4aa9fe64640403beb,54746dae12ce454b155d38aac85299a5134a2a867e1b7de4aa9fe64640403beb,20422,False
data/raw/building_hub/2026-09-03/bb355b4f7623f16dd6e036ce3800e361a19a40138bcb001b49b17848c6f6ebb3.json,851a743295a1a89d92d45bbd61dc4a7eb485d38e2a0d82430b7a215d993f54f4,851a743295a1a89d92d45bbd61dc4a7eb485d38e2a0d82430b7a215d993f54f4,35126,False
data/raw/building_hub/2026-09-03/bc4a60207e0e90be64c3509b3032aef89eacef764b021f0bdfff706b95eef898.json,dd779e82f1892e6f420baf761ea771fcce50240afb600c7a0b10e62ee1b38478,dd779e82f1892e6f420baf761ea771fcce50240afb600c7a0b10e62ee1b38478,40248,False
data/raw/building_hub/2026-09-03/bc5430e94b16df5104c966aa30d82ea86e83ba4c3081193fc7c6274ba0e31dc7.json,7dc6329da4ccaca780893505060726e90dfa68240e79451036545a772da93cf7,7dc6329da4ccaca780893505060726e90dfa68240e79451036545a772da93cf7,45665,False
data/raw/building_hub/2026-09-03/bdbac8d232d4ad7fc0a7e8dd0eed2e2b8e50459711672949374e2af139fa0859.json,f9be224ee6456c53f5c583e1db6955dbfe24775582c85af08f43905bfccd2b87,f9be224ee6456c53f5c583e1db6955dbfe24775582c85af08f43905bfccd2b87,164,False
data/raw/building_hub/2026-09-03/bf3860778899a322350798f2f3fda78b488c2ef23447a381550f24596b6eaee8.json,e3204bfbca4affd11df1fab870fcd12e1e02926cbef053b6c30aabcb00f74913,e3204bfbca4affd11df1fab870fcd12e1e02926cbef053b6c30aabcb00f74913,18267,False
data/raw/building_hub/2026-09-03/c053ced82b71a8d5dff6e8ceda4317147b1c568fc3429dac2497364f36931943.json,2e57584ca87393299d8d031781f91cf998de130845bca4ffe1be31f56bf95198,2e57584ca87393299d8d031781f91cf998de130845bca4ffe1be31f56bf95198,32723,False
data/raw/building_hub/2026-09-03/c13acf6cd0d30a4e709af68d1b2d73a02d35f0ed990a41d08fde24ac9e7514fc.json,c2eb045a6897eb7cbaa368a158f30ca84d34025146661e81788c571b93b9cfad,c2eb045a6897eb7cbaa368a158f30ca84d34025146661e81788c571b93b9cfad,32694,False
data/raw/building_hub/2026-09-03/c252dcea50728d3711015ed8f27f124404f1950aefe29a8c58e3c5d633bbec6c.json,8b0e936dcc8e6b86ca32eed8a86d32c55c78272e6f6258220a7f53b559f9de02,8b0e936dcc8e6b86ca32eed8a86d32c55c78272e6f6258220a7f53b559f9de02,47104,False
data/raw/building_hub/2026-09-03/c3337c5fac9bee572867937e7c4632dc246777f3d20804e80cf034898ddcc44e.json,1d96e931245b1129e3e2e669204aff3f36f49f73b66ef0d0c751c318a8c69c84,1d96e931245b1129e3e2e669204aff3f36f49f73b66ef0d0c751c318a8c69c84,47547,False
data/raw/building_hub/2026-09-03/c53f603625350fc78a7ed5c2288fce50754543e6d529edd5044c41e4197e63dc.json,1158f1231a74aaca751d7e053d2e2224ab3edbcad19c305ccf5df7a811574dc5,1158f1231a74aaca751d7e053d2e2224ab3edbcad19c305ccf5df7a811574dc5,43000,False
data/raw/building_hub/2026-09-03/c5cf7fdcf6a5b56678de0812aee70357c2cb5beceee23b162fea24649194cabd.json,234936317a5901c2827db63943bf0a1d29b8180e735cbae67811dfebfd10e674,234936317a5901c2827db63943bf0a1d29b8180e735cbae67811dfebfd10e674,18250,False
data/raw/building_hub/2026-09-03/c703050897f26ce222785ce02ee560f395395adc11c9b5465c5caecb0ceab7d3.json,f9be224ee6456c53f5c583e1db6955dbfe24775582c85af08f43905bfccd2b87,f9be224ee6456c53f5c583e1db6955dbfe24775582c85af08f43905bfccd2b87,164,False
data/raw/building_hub/2026-09-03/c741d508854cd768d9f49357d1cb5746c665d9f181e72c703f489bb361fd1f61.json,f9be224ee6456c53f5c583e1db6955dbfe24775582c85af08f43905bfccd2b87,f9be224ee6456c53f5c583e1db6955dbfe24775582c85af08f43905bfccd2b87,164,False
data/raw/building_hub/2026-09-03/c83f6c9022152cffa3f13d90f30c5d067144ea9ec8c2e3e9111b002a6537b08c.json,f9be224ee6456c53f5c583e1db6955dbfe24775582c85af08f43905bfccd2b87,f9be224ee6456c53f5c583e1db6955dbfe24775582c85af08f43905bfccd2b87,164,False
data/raw/building_hub/2026-09-03/c84d885c35d430fc29e95639610a2f4ed97fb967c4005e626e811c83e8621966.json,970fdef764bfb08771c6e4447e11fcd2a3e8b73e04c9be5f2c5caf94bda4710e,970fdef764bfb08771c6e4447e11fcd2a3e8b73e04c9be5f2c5caf94bda4710e,80705,False
data/raw/building_hub/2026-09-03/c86054eacd27f812368793958088cc671dc3dbad19abf5fed396a11524b9eea8.json,659203fed8c32fc3e4de1db92c2391e96676d2bbbb74e10514012d25175c4bae,659203fed8c32fc3e4de1db92c2391e96676d2bbbb74e10514012d25175c4bae,31132,False
data/raw/building_hub/2026-09-03/c91389de15f925bf13a1b9b6433b1a1e0a29fe0f80241403d6daccbf577c497b.json,1499bfbec409febb368c78725356cd930f5bdd633d8a4192e42f58d6f76295df,1499bfbec409febb368c78725356cd930f5bdd633d8a4192e42f58d6f76295df,48150,False
data/raw/building_hub/2026-09-03/cb88bebf9d00d5f02f08eb82dddacf118a2bb9f64d9ce7acdf43a90752fcad9a.json,20f2107d0d14693dba91d3a55723fae532036689e162635ec0c02008a4e5a38d,20f2107d0d14693dba91d3a55723fae532036689e162635ec0c02008a4e5a38d,64445,False
data/raw/building_hub/2026-09-03/cd33d1f33dcdef9c2700b6adf13d751696c94537b059420e733097c535d26ceb.json,000d636999f7dea1fbd9e691fcc846e1dff9a85e402cdf22d95bb541ad4b67a3,000d636999f7dea1fbd9e691fcc846e1dff9a85e402cdf22d95bb541ad4b67a3,61568,False
data/raw/building_hub/2026-09-03/cd3b3406a9ff47b22f938b7340c19f44ec4145c6d5b22421c690c5ea729c885d.json,f9be224ee6456c53f5c583e1db6955dbfe24775582c85af08f43905bfccd2b87,f9be224ee6456c53f5c583e1db6955dbfe24775582c85af08f43905bfccd2b87,164,False
data/raw/building_hub/2026-09-03/ce4db78be6378fb954b46ebf009ef4ad75e0d0762b05d7cf98240b0ee91c3d78.json,1fdd8f52876837a98ea8cb418e02ef9ba63c68df45722199d836e3d9bac402df,1fdd8f52876837a98ea8cb418e02ef9ba63c68df45722199d836e3d9bac402df,27156,False
data/raw/building_hub/2026-09-03/cfd77a966abc69e804294accda6c1416b8f1ce9ced2bf40b938898369fd963db.json,f9be224ee6456c53f5c583e1db6955dbfe24775582c85af08f43905bfccd2b87,f9be224ee6456c53f5c583e1db6955dbfe24775582c85af08f43905bfccd2b87,164,False
data/raw/building_hub/2026-09-03/d0e48f26583bce08338de5db71fbc09c82ef5fab47955b4cad9f7afb6b62387a.json,f9be224ee6456c53f5c583e1db6955dbfe24775582c85af08f43905bfccd2b87,f9be224ee6456c53f5c583e1db6955dbfe24775582c85af08f43905bfccd2b87,164,False
data/raw/building_hub/2026-09-03/d1bfacd11fecb902861103ebe41a9914a4c73ee0095edb5f78c8b242781e1875.json,f9be224ee6456c53f5c583e1db6955dbfe24775582c85af08f43905bfccd2b87,f9be224ee6456c53f5c583e1db6955dbfe24775582c85af08f43905bfccd2b87,164,False
data/raw/building_hub/2026-09-03/d1d116e1eff6ffef8796283110cdf7521c5bf62de2f787d63d8a9281d171d259.json,f9be224ee6456c53f5c583e1db6955dbfe24775582c85af08f43905bfccd2b87,f9be224ee6456c53f5c583e1db6955dbfe24775582c85af08f43905bfccd2b87,164,False
data/raw/building_hub/2026-09-03/d268bfd2e70afddfdc594375f979616391ce043de16c989e999c3f9e96da01b1.json,c6c969fd39da2d5cba0ca88e5550e8f094e7c2dbfb904e89eb1074b6b1133dd3,c6c969fd39da2d5cba0ca88e5550e8f094e7c2dbfb904e89eb1074b6b1133dd3,47788,False
data/raw/building_hub/2026-09-03/d38e48109eebf44d353868b383aa0a880ce714eb7d9ba4982708c3ed39f0422a.json,f9be224ee6456c53f5c583e1db6955dbfe24775582c85af08f43905bfccd2b87,f9be224ee6456c53f5c583e1db6955dbfe24775582c85af08f43905bfccd2b87,164,False
data/raw/building_hub/2026-09-03/d44ab7aad883ccd0218aa8222a354cc8d46eaa72269bfbe5f028f59c64329f65.json,498beea30a8e2bd0a6f56b9095711488ac60873280c1b611da997ebef53178c5,498beea30a8e2bd0a6f56b9095711488ac60873280c1b611da997ebef53178c5,42912,False
data/raw/building_hub/2026-09-03/d485cb1884ba53d26f918fabe2427455156f10a94d776ca3283c0f61f203864f.json,f9be224ee6456c53f5c583e1db6955dbfe24775582c85af08f43905bfccd2b87,f9be224ee6456c53f5c583e1db6955dbfe24775582c85af08f43905bfccd2b87,164,False
data/raw/building_hub/2026-09-03/d58f1d83e52af145a248da295d7472bea4f2bdb2db34fef291f74d937bb7e8d2.json,10aefb1110570d0e14d2563d1223425f95189aee9df12b7ea690a048f1319782,10aefb1110570d0e14d2563d1223425f95189aee9df12b7ea690a048f1319782,25964,False
data/raw/building_hub/2026-09-03/d5b6683d9464d545f121c5f964933ff819c8cd04ae065a7575a4172e6570a200.json,f9be224ee6456c53f5c583e1db6955dbfe24775582c85af08f43905bfccd2b87,f9be224ee6456c53f5c583e1db6955dbfe24775582c85af08f43905bfccd2b87,164,False
data/raw/building_hub/2026-09-03/d66f2d447e2410109ccc763cd2c2d705541d6b6a51d463dcee61aee8bf564085.json,6d765f4ab73e3c26ffe42aa0b1825f079a298194a5d3fd5d51b9dcda6995137b,6d765f4ab73e3c26ffe42aa0b1825f079a298194a5d3fd5d51b9dcda6995137b,39494,False
data/raw/building_hub/2026-09-03/d90ddf29e826dcbd0baf08a0697170a5facce6ba56cbd7ac0b79a73fb08d1c96.json,f9be224ee6456c53f5c583e1db6955dbfe24775582c85af08f43905bfccd2b87,f9be224ee6456c53f5c583e1db6955dbfe24775582c85af08f43905bfccd2b87,164,False
data/raw/building_hub/2026-09-03/da48b4dc837bf4bcce4c951ce8966f0acd8d9a92ba0f72ebca26e3d2bfbe6e2d.json,f9be224ee6456c53f5c583e1db6955dbfe24775582c85af08f43905bfccd2b87,f9be224ee6456c53f5c583e1db6955dbfe24775582c85af08f43905bfccd2b87,164,False
data/raw/building_hub/2026-09-03/dafadc18cc6a52622a40e867d55b99cdd4d012e4ea949455bc50b13c4d728c98.json,e54bb2dfa61aae1921dabd21e18cf705a53569d0da3d5a568b828c82963cb90f,e54bb2dfa61aae1921dabd21e18cf705a53569d0da3d5a568b828c82963cb90f,65947,False
data/raw/building_hub/2026-09-03/db8e9d13208ea934b21e46bda4bb851fc08008a9fb532f8993320767f8f90f6f.json,f9be224ee6456c53f5c583e1db6955dbfe24775582c85af08f43905bfccd2b87,f9be224ee6456c53f5c583e1db6955dbfe24775582c85af08f43905bfccd2b87,164,False
data/raw/building_hub/2026-09-03/dccbefda0d54b9beecc4ec0c5f6959356b926c11ab87828e3a677ce052385a9b.json,f9be224ee6456c53f5c583e1db6955dbfe24775582c85af08f43905bfccd2b87,f9be224ee6456c53f5c583e1db6955dbfe24775582c85af08f43905bfccd2b87,164,False
data/raw/building_hub/2026-09-03/dda5cd0ec770f8b3806fea478822e43136ad63f7e4eb186971ae0948afae6222.json,2a92be750826203ed308064f1790a066bac90c5bf3d2f7a7c2056e1d6f58b878,2a92be750826203ed308064f1790a066bac90c5bf3d2f7a7c2056e1d6f58b878,42230,False
data/raw/building_hub/2026-09-03/ddca48ea88729962bdce7bae2f8cf515edd9c45f84bcbe2eeae4650190646701.json,2991ade154558ce48bf6096943c7acf254550c279d2a86b1d624ab7430ad0ab6,2991ade154558ce48bf6096943c7acf254550c279d2a86b1d624ab7430ad0ab6,5493,False
data/raw/building_hub/2026-09-03/df5326d795be09012fa6b32cc0b638b0381557db8085fed47601160a95134000.json,f9be224ee6456c53f5c583e1db6955dbfe24775582c85af08f43905bfccd2b87,f9be224ee6456c53f5c583e1db6955dbfe24775582c85af08f43905bfccd2b87,164,False
data/raw/building_hub/2026-09-03/e155c288185d62d9051b8461b227f8202b71f41d7c374975936417e43de76f6b.json,a8a3d67dab977afd6884265377dbd263cd79d64bb75eb5322ba71d105ed117cc,a8a3d67dab977afd6884265377dbd263cd79d64bb75eb5322ba71d105ed117cc,43588,False
data/raw/building_hub/2026-09-03/e16e098b8012cdbf5a757ebd61f160dd4ad1779d50e1052a67545a1a7b12142e.json,f9be224ee6456c53f5c583e1db6955dbfe24775582c85af08f43905bfccd2b87,f9be224ee6456c53f5c583e1db6955dbfe24775582c85af08f43905bfccd2b87,164,False
data/raw/building_hub/2026-09-03/e237c52cbe95c4f7044572c78ded1ae29169f2b7f7d3265eec9788088c844f44.json,ca5d22336f425b3fdf2dae9580d5683e910d53d56bfaebc77ebd64d39463c646,ca5d22336f425b3fdf2dae9580d5683e910d53d56bfaebc77ebd64d39463c646,54260,False
data/raw/building_hub/2026-09-03/e2a258f4ef63bb3d98d4b5e3fb8a0a7e0f41187c1c7d5913de965209b09c1829.json,f9be224ee6456c53f5c583e1db6955dbfe24775582c85af08f43905bfccd2b87,f9be224ee6456c53f5c583e1db6955dbfe24775582c85af08f43905bfccd2b87,164,False
data/raw/building_hub/2026-09-03/e43ff94cb9b6f279b47b30a5a1ec88acc80ac51322e11c7f5b46ceb3b29ebe3a.json,87309a456c4dc66defec0c3f2566a0c0497748d90618d156d15d8c31328d380a,87309a456c4dc66defec0c3f2566a0c0497748d90618d156d15d8c31328d380a,39568,False
data/raw/building_hub/2026-09-03/e4589d2ef0e69da8478fb81a0984d9fce0a138bfdbb17513bebbfaca83c282d9.json,8549894d488f990fc3d22965149eb99a7f75eea9ebb1d2f12c59e7b7b52026ac,8549894d488f990fc3d22965149eb99a7f75eea9ebb1d2f12c59e7b7b52026ac,21921,False
data/raw/building_hub/2026-09-03/e567f1b0096cd29988859fdc8583b0d68fb1269644093ec83fe4254b870827c8.json,f9be224ee6456c53f5c583e1db6955dbfe24775582c85af08f43905bfccd2b87,f9be224ee6456c53f5c583e1db6955dbfe24775582c85af08f43905bfccd2b87,164,False
data/raw/building_hub/2026-09-03/e604ebe022782f26dd31b6366d4639546fe3b943eaa805886c81c90b58364d96.json,f9be224ee6456c53f5c583e1db6955dbfe24775582c85af08f43905bfccd2b87,f9be224ee6456c53f5c583e1db6955dbfe24775582c85af08f43905bfccd2b87,164,False
data/raw/building_hub/2026-09-03/e6114f6d75a2ac799b2c6c2376495d4bc9308dc86744ffc87aac3c167926b4a6.json,dfb9d898bcd244ec33ea92a53540a2b35abddd3d17afbdd3010948bb81b2408e,dfb9d898bcd244ec33ea92a53540a2b35abddd3d17afbdd3010948bb81b2408e,57657,False
data/raw/building_hub/2026-09-03/e6d5260d69b0c70e01674aa68ae9303d9fbb45a87183dc2bbe120481c9e448ea.json,9b3c120e497efa79690361247cb0a4466a52bfae59e6b68c3fa8187bf5fbd35e,9b3c120e497efa79690361247cb0a4466a52bfae59e6b68c3fa8187bf5fbd35e,39979,False
data/raw/building_hub/2026-09-03/e70e5773df8cd0b3a51bf6beb0c03da729f4117a4b38145b81ca36111c66dd18.json,f9be224ee6456c53f5c583e1db6955dbfe24775582c85af08f43905bfccd2b87,f9be224ee6456c53f5c583e1db6955dbfe24775582c85af08f43905bfccd2b87,164,False
data/raw/building_hub/2026-09-03/e78f00f332039d9a57a951f986d95b58d21ba2232426add877e225e374d09a00.json,7b599a0ddd9116bfea8cd355ed2dcd91f66e995bbe764bad6333efa8c0f74d02,7b599a0ddd9116bfea8cd355ed2dcd91f66e995bbe764bad6333efa8c0f74d02,43846,False
data/raw/building_hub/2026-09-03/e8110e2085211d066e796c33b5d21ed611c16289a24b3c50337bda7f56c9a9c2.json,39e30e36088f9379ec67d4bb62214dabb0e1bf846e96fec5bd0c170a90b15589,39e30e36088f9379ec67d4bb62214dabb0e1bf846e96fec5bd0c170a90b15589,31752,False
data/raw/building_hub/2026-09-03/e887a291ea1ca7ea6a093c6c0d88d96d350784b96647e700982bc1e9663fd0cd.json,0c12f60f894177ebe9e2b5bc2c59f54f0f4327f95b548adfacacce9444872e30,0c12f60f894177ebe9e2b5bc2c59f54f0f4327f95b548adfacacce9444872e30,25995,False
data/raw/building_hub/2026-09-03/e8d28dff7387d27f6909c2e1b13ab90e101166250aac583d8f126d4e0d4f5998.json,f9be224ee6456c53f5c583e1db6955dbfe24775582c85af08f43905bfccd2b87,f9be224ee6456c53f5c583e1db6955dbfe24775582c85af08f43905bfccd2b87,164,False
data/raw/building_hub/2026-09-03/e999fe89a32cf5ce089056076d6c6a3c7298d11575b0f040cf7c1cbb45a117bd.json,f9be224ee6456c53f5c583e1db6955dbfe24775582c85af08f43905bfccd2b87,f9be224ee6456c53f5c583e1db6955dbfe24775582c85af08f43905bfccd2b87,164,False
data/raw/building_hub/2026-09-03/e9f14c6959aadbc62166cea6b4d2a919d8fde6a5ce28f3c88fc502ad85a67d8d.json,1358544823b490bc0fd3517f96e228ef1e4b067ecae1fe192615ed8997e8c3fd,1358544823b490bc0fd3517f96e228ef1e4b067ecae1fe192615ed8997e8c3fd,45089,False
data/raw/building_hub/2026-09-03/e9fd183acc873cb9f626d3821f028d6253beaf5609ea56864b8413ee6f3fe633.json,59cf5b7714ad16a728d84f09ee6c1d82e6976bc790df9b0bd75cf484d4325c8d,59cf5b7714ad16a728d84f09ee6c1d82e6976bc790df9b0bd75cf484d4325c8d,36744,False
data/raw/building_hub/2026-09-03/ea2592bb959ed55a1241e3101d9465b366c2463cff98a3cf54aff362ee0cf6ee.json,f9be224ee6456c53f5c583e1db6955dbfe24775582c85af08f43905bfccd2b87,f9be224ee6456c53f5c583e1db6955dbfe24775582c85af08f43905bfccd2b87,164,False
data/raw/building_hub/2026-09-03/ea5ec1f5e20e3563d57c31dcbc3ef979b40513f3ca3de025624945de8db754e9.json,f9be224ee6456c53f5c583e1db6955dbfe24775582c85af08f43905bfccd2b87,f9be224ee6456c53f5c583e1db6955dbfe24775582c85af08f43905bfccd2b87,164,False
data/raw/building_hub/2026-09-03/ea9fea927c19fb5bb626ecb17a0b90502fa7147e47d7fd83d327a8e43732fa9b.json,bfd29178472b30757a403e58b3b42c003dad87015d70f4f8da2aebac4b331a58,bfd29178472b30757a403e58b3b42c003dad87015d70f4f8da2aebac4b331a58,41611,False
data/raw/building_hub/2026-09-03/ebc7957dc72c7049391f5142d7e629560f5868b1a2cc6c98393ab3b60689e2aa.json,ad2494e5cd01cf5f97c1e8ccd3266393bb45918c2a9408dde9a6c5103a266604,ad2494e5cd01cf5f97c1e8ccd3266393bb45918c2a9408dde9a6c5103a266604,33832,False
data/raw/building_hub/2026-09-03/ebe459b92b2f7aaf863a0b65f49bff3c530ce392481ed6ff3e8c5334df9a99e1.json,f9be224ee6456c53f5c583e1db6955dbfe24775582c85af08f43905bfccd2b87,f9be224ee6456c53f5c583e1db6955dbfe24775582c85af08f43905bfccd2b87,164,False
data/raw/building_hub/2026-09-03/edcaa3b485bef574a9476e7ed6e7f0ef140f4679bbbcc60843e82c7fd8beeb74.json,0673d150169c3e903380024a452158b58724ddcb00e111af1d433c8320e4691c,0673d150169c3e903380024a452158b58724ddcb00e111af1d433c8320e4691c,39400,False
data/raw/building_hub/2026-09-03/edd7496a5dfcdbb37a9185692c20a96f04cf4e577fd12da83e3f8f1368274173.json,f9be224ee6456c53f5c583e1db6955dbfe24775582c85af08f43905bfccd2b87,f9be224ee6456c53f5c583e1db6955dbfe24775582c85af08f43905bfccd2b87,164,False
data/raw/building_hub/2026-09-03/edf6ce78cb67ce8b5804b461376d88364886636f374b450f55e586b3d368c307.json,f9be224ee6456c53f5c583e1db6955dbfe24775582c85af08f43905bfccd2b87,f9be224ee6456c53f5c583e1db6955dbfe24775582c85af08f43905bfccd2b87,164,False
data/raw/building_hub/2026-09-03/eecec916631e59c5e87caf905743e353ca4b7e5ba80d749c830e78578d76beb2.json,34b568fa887e0f4a433694faa094c3eb9b8eb5cce7e66679156942ce0bf1fdab,34b568fa887e0f4a433694faa094c3eb9b8eb5cce7e66679156942ce0bf1fdab,47133,False
data/raw/building_hub/2026-09-03/f050eeacc8397113671b169d32dd42ab41c99cd17f33bf9d389d626ea0215aa6.json,432cbbc58326c86add926fed9ee3c7ea06b5e5b04ae741ed1b420c7f5a8c84f2,432cbbc58326c86add926fed9ee3c7ea06b5e5b04ae741ed1b420c7f5a8c84f2,17122,False
data/raw/building_hub/2026-09-03/f06d0768fb0ea352490c40f9aa4b4afbb340f793a0dbaa0117535591f8019dd4.json,97655f15f7f25e59a1eada11333e1321a6dc339c856b4d7812b0aaa3e8d4c2b7,97655f15f7f25e59a1eada11333e1321a6dc339c856b4d7812b0aaa3e8d4c2b7,35108,False
data/raw/building_hub/2026-09-03/f1378046e0177a1f6b08d73fd82536a1c31705499b458e0f8a1d5e2de4c814b2.json,f9be224ee6456c53f5c583e1db6955dbfe24775582c85af08f43905bfccd2b87,f9be224ee6456c53f5c583e1db6955dbfe24775582c85af08f43905bfccd2b87,164,False
data/raw/building_hub/2026-09-03/f21f7d9acdb90ee09670bae88555309379c84fad17045a24ccc31656071a1744.json,668fefc1b0fd6adbd7bc7c84bcd9153b37b43fb224f9d424adf516d3bbd830fa,668fefc1b0fd6adbd7bc7c84bcd9153b37b43fb224f9d424adf516d3bbd830fa,32265,False
data/raw/building_hub/2026-09-03/f39c34d9c58c60b82a7abc9ea1fa7b72dfcf8ecfac5d69af8eeece8aa59013a1.json,2f954342465cf413c8164911a852ca7cefb9b30be2ecd309870907a0b5f161cf,2f954342465cf413c8164911a852ca7cefb9b30be2ecd309870907a0b5f161cf,18340,False
data/raw/building_hub/2026-09-03/f3b382332f44655d9360a4554e4d769d4a686d3248b89c2bb4a42e6aaddcc546.json,f9be224ee6456c53f5c583e1db6955dbfe24775582c85af08f43905bfccd2b87,f9be224ee6456c53f5c583e1db6955dbfe24775582c85af08f43905bfccd2b87,164,False
data/raw/building_hub/2026-09-03/f3be3dade56667946cdfb04b213cf1d83501e3d5ec275f606695884241fd47a5.json,baae12644067f223b06065c1d107709a05502a0d15dd4481f7e03d8b4ed13362,baae12644067f223b06065c1d107709a05502a0d15dd4481f7e03d8b4ed13362,31983,False
data/raw/building_hub/2026-09-03/f40e89dbfa1c4eaa5645037a426e245e10c610a7a557b93199b54f88540a32e7.json,f9be224ee6456c53f5c583e1db6955dbfe24775582c85af08f43905bfccd2b87,f9be224ee6456c53f5c583e1db6955dbfe24775582c85af08f43905bfccd2b87,164,False
data/raw/building_hub/2026-09-03/f501110513f30aa9891bc3684a9f4f0b590e1289feef9e0606604810f5df71e3.json,f9be224ee6456c53f5c583e1db6955dbfe24775582c85af08f43905bfccd2b87,f9be224ee6456c53f5c583e1db6955dbfe24775582c85af08f43905bfccd2b87,164,False
data/raw/building_hub/2026-09-03/f5f7811dd309a4629bf8a2256aeffc5b66b2408ad4d083e1eb3493d2b57663ee.json,f9be224ee6456c53f5c583e1db6955dbfe24775582c85af08f43905bfccd2b87,f9be224ee6456c53f5c583e1db6955dbfe24775582c85af08f43905bfccd2b87,164,False
data/raw/building_hub/2026-09-03/f67813d215b9a4cc64b47f8ce95f5122c0fa6efdc08468085a6df257951e306e.json,f9be224ee6456c53f5c583e1db6955dbfe24775582c85af08f43905bfccd2b87,f9be224ee6456c53f5c583e1db6955dbfe24775582c85af08f43905bfccd2b87,164,False
data/raw/building_hub/2026-09-03/f6a80fc177ea8bdc3925514bbe49e97872701281fac03365774e1f2d2106e2cb.json,f9be224ee6456c53f5c583e1db6955dbfe24775582c85af08f43905bfccd2b87,f9be224ee6456c53f5c583e1db6955dbfe24775582c85af08f43905bfccd2b87,164,False
data/raw/building_hub/2026-09-03/f762a666d90679053c366407360b82e590f09bc8bfb3a57c6e231f8c8b18db99.json,08e7ccc495e897c3fbf590c6748e4596f45fe72a0a750943a4414755e1a737b0,08e7ccc495e897c3fbf590c6748e4596f45fe72a0a750943a4414755e1a737b0,25619,False
data/raw/building_hub/2026-09-03/f89db33cc487ee6e00c625a0e6fa7b6d7a44bafbe2c189b1ddb391ebb81f5db2.json,d7786ffc42fdea4bef472f33f605502145f9342923ef20652d16dee38e40679d,d7786ffc42fdea4bef472f33f605502145f9342923ef20652d16dee38e40679d,16789,False
data/raw/building_hub/2026-09-03/f8a53be75d69d6c8e1bdbd4efaed9241d70be2dcd6fae019263e637d44d8738f.json,f9be224ee6456c53f5c583e1db6955dbfe24775582c85af08f43905bfccd2b87,f9be224ee6456c53f5c583e1db6955dbfe24775582c85af08f43905bfccd2b87,164,False
data/raw/building_hub/2026-09-03/f8ed8e8b37895de870d788200164dea3fd9226e9dea5c8346f6b7f280c36da53.json,2b4efac12a5410655a4fc89d3a82dbadf5edc309e6e5e1d9b717964e82634f58,2b4efac12a5410655a4fc89d3a82dbadf5edc309e6e5e1d9b717964e82634f58,47576,False
data/raw/building_hub/2026-09-03/f95f1e4380a858229b8126fa08b12001a91056795d45c3d7bf71fc7b2020e633.json,37c5e4e138073d35fa0d93054aeebd885531250e72819488143eb4cfaafd5f30,37c5e4e138073d35fa0d93054aeebd885531250e72819488143eb4cfaafd5f30,45546,False
data/raw/building_hub/2026-09-03/f9ab8663dab21344e0a483dc848f98672b4ba25e6b349f4b3218721d481db93b.json,f9be224ee6456c53f5c583e1db6955dbfe24775582c85af08f43905bfccd2b87,f9be224ee6456c53f5c583e1db6955dbfe24775582c85af08f43905bfccd2b87,164,False
data/raw/building_hub/2026-09-03/f9ad56d13fc238bedc0a006d7b45ee89ef0c68d17fae0851a1f0e61d5ae0cf02.json,f5ac4807c2930e21b21829afbaae1ec39e3469cd9c31a51defd4c2d17d71e143,f5ac4807c2930e21b21829afbaae1ec39e3469cd9c31a51defd4c2d17d71e143,31639,False
data/raw/building_hub/2026-09-03/f9e54728f8ab3cd09834cd82b23bfb8498c2bbde4922eeb1871dc77c87994d4d.json,01f744e3e1d12bc9dd0ec7e5ed6b4b8fae6e17fc6c3acce80da565e688a46fc8,01f744e3e1d12bc9dd0ec7e5ed6b4b8fae6e17fc6c3acce80da565e688a46fc8,23864,False
data/raw/building_hub/2026-09-03/f9fe25b03f59b0c337d934a91e248073dfc5f3ad094bfec7a85857d6762b2cb4.json,f9be224ee6456c53f5c583e1db6955dbfe24775582c85af08f43905bfccd2b87,f9be224ee6456c53f5c583e1db6955dbfe24775582c85af08f43905bfccd2b87,164,False
data/raw/building_hub/2026-09-03/fa37254dcc1cf17a67b5bce7a1c300618cc5bc4417b1a537a9025dc9e1b494c8.json,f9be224ee6456c53f5c583e1db6955dbfe24775582c85af08f43905bfccd2b87,f9be224ee6456c53f5c583e1db6955dbfe24775582c85af08f43905bfccd2b87,164,False
data/raw/building_hub/2026-09-03/fb0708edbb555511059b41022c900151e9345510831dd0abfb01b121fbf0c171.json,f4c376fccb255463c9ad60f75f72c65498de43f9fb56f51f4b53567e9af7f897,f4c376fccb255463c9ad60f75f72c65498de43f9fb56f51f4b53567e9af7f897,39114,False
data/raw/building_hub/2026-09-03/fb8575383d4c537633b14dc44b0764fe252e903211cc7ee36a989afc6207ce15.json,31a1a7c892548daf7dded24c4185c8c58837ca663d32eeed8017d304a4c3cc29,31a1a7c892548daf7dded24c4185c8c58837ca663d32eeed8017d304a4c3cc29,41464,False
data/raw/building_hub/2026-09-03/fc0e06a9d98477193f164553a24d7eabc5990f585a1cd720c8f8bb03084747c6.json,2d6c97149322e82bb9b586e505d0a7dfe25c5c1f366d1431fbbafbec4984ba8d,2d6c97149322e82bb9b586e505d0a7dfe25c5c1f366d1431fbbafbec4984ba8d,38174,False
data/raw/building_hub/2026-09-03/fc12d46d190c5ac29e49bb03bcbc692736ed63b0fb0e37cd9c7a1075d4d9cbe8.json,43b1db327be3968898ce4a52275388d4f2eb642e143633fb59532b8cbd157567,43b1db327be3968898ce4a52275388d4f2eb642e143633fb59532b8cbd157567,26465,False
data/raw/building_hub/2026-09-03/fc3cb87e696e59f1a194276da1a802f5cbb9e5e3ec5168f8ba10300c7755be5c.json,f9be224ee6456c53f5c583e1db6955dbfe24775582c85af08f43905bfccd2b87,f9be224ee6456c53f5c583e1db6955dbfe24775582c85af08f43905bfccd2b87,164,False
data/raw/building_hub/2026-09-03/fd4380f96b21f958f74ac5e6ea93ee84e6a95d785e00c270dc48548fd62e3136.json,52efcebf194c4196e30d59a0f01255d6e6222afda6577a77552dacd9e083c9bb,52efcebf194c4196e30d59a0f01255d6e6222afda6577a77552dacd9e083c9bb,9404,False
data/raw/code/code_go_kr/code_go_kr.txt,8cfd829c797270b56243a46e9f1e4e95377c2135153c36909021a35a1e32966a,8cfd829c797270b56243a46e9f1e4e95377c2135153c36909021a35a1e32966a,2471662,False
data/raw/evidence/documents/.gitkeep,616502f111881c680020ce2c38442ac2f7abaa23ffc09fdb26ff4b8208b50e6c,616502f111881c680020ce2c38442ac2f7abaa23ffc09fdb26ff4b8208b50e6c,17,False
data/raw/evidence/refetched/E1-A02.html,483a159ffdcd7600d071b1685f6411f9cbfc6159229dc73d2c118476b8c21b7d,483a159ffdcd7600d071b1685f6411f9cbfc6159229dc73d2c118476b8c21b7d,197054,False
data/raw/evidence/refetched/E1-B01.pdf,ee97d54c55cef1585e0d54df1a891d04e68b3dbdc1c8fcde9b4cbc7ef7087556,ee97d54c55cef1585e0d54df1a891d04e68b3dbdc1c8fcde9b4cbc7ef7087556,507009,False
data/raw/evidence/refetched/E1-B02.pdf,ea078d9bb489eb228f003f5675c7825a8b6223f409e3dad8375bcf6a9e780378,ea078d9bb489eb228f003f5675c7825a8b6223f409e3dad8375bcf6a9e780378,323021,False
data/raw/evidence/refetched/E1-B03.pdf,f54821ed2da56cc09c6281ab080ed96a84252a1fad9af1fff9c07bb78913eb1f,f54821ed2da56cc09c6281ab080ed96a84252a1fad9af1fff9c07bb78913eb1f,803365,False
data/raw/evidence/refetched/E1-B04.pdf,d7e578abba3c7c6fe3592dbebdaef288ee0ace8aeb5d4a35909946668e2838f1,d7e578abba3c7c6fe3592dbebdaef288ee0ace8aeb5d4a35909946668e2838f1,1152620,False
data/raw/evidence/refetched/E1-B09.pdf,bc80d2e3ee3dadbec345a636c7840673b07f8bc9da12f3a14d21a33c94ed5d33,bc80d2e3ee3dadbec345a636c7840673b07f8bc9da12f3a14d21a33c94ed5d33,397019,False
data/raw/evidence/refetched/E2-A06.html,1a28625cfa16aee4a4281ca41c0471c48b1bce6736a2efcbcc38532be094d2c2,1a28625cfa16aee4a4281ca41c0471c48b1bce6736a2efcbcc38532be094d2c2,197323,False
data/raw/evidence/refetched/E2-A07.html,dfe4326c581605d3dfd0a6807e14c2aa9eb1f2fd5234018da250e1ba2741ed62,dfe4326c581605d3dfd0a6807e14c2aa9eb1f2fd5234018da250e1ba2741ed62,195523,False
data/raw/evidence/refetched/E2-A08.html,08dd45cadec7c5190d70c69f04a8723764a45beba7ab2fc216d67517dae884f2,08dd45cadec7c5190d70c69f04a8723764a45beba7ab2fc216d67517dae884f2,192529,False
data/raw/evidence/refetched/E2-A09.html,889eb0c955d3b04442e9440d46fabb3c71e119b73a65e85394374d9dae759cf7,889eb0c955d3b04442e9440d46fabb3c71e119b73a65e85394374d9dae759cf7,199149,False
data/raw/evidence/refetched/E2-A10.html,a058acb1e85fad8cf75c7c6feeeb60d395ea4f064fb66f6d7aa5b1ed5b967025,a058acb1e85fad8cf75c7c6feeeb60d395ea4f064fb66f6d7aa5b1ed5b967025,195256,False
data/raw/evidence/text/E1-A02.txt,12d914cad7528de92f41bd619bb1076dab35b692cb23beead1ea7ccc7c1dcab7,12d914cad7528de92f41bd619bb1076dab35b692cb23beead1ea7ccc7c1dcab7,21454,False
data/raw/evidence/text/E1-B01.txt,8ecb8ed3d2138b5dff72f67042ebbb8e4b464833f8097deb3db1d48c5fc8a031,8ecb8ed3d2138b5dff72f67042ebbb8e4b464833f8097deb3db1d48c5fc8a031,17926,False
data/raw/evidence/text/E1-B02.txt,819d729513efa667987205ce85698b7a13a91253c9d587027831ad2320be4dda,819d729513efa667987205ce85698b7a13a91253c9d587027831ad2320be4dda,3525,False
data/raw/evidence/text/E1-B03.txt,f9b0a3ce08e20a7448069c52737c33f10a27677cf58093a610d6c767423c2f1e,f9b0a3ce08e20a7448069c52737c33f10a27677cf58093a610d6c767423c2f1e,13114,False
data/raw/evidence/text/E1-B04.txt,82465c5bfedc78d5524b93e715a1816c0c6c43d7221657407024f15f58c34e6f,82465c5bfedc78d5524b93e715a1816c0c6c43d7221657407024f15f58c34e6f,13229,False
data/raw/evidence/text/E1-B09.txt,d34a88ef83e557ca60858b0e1de11c6ad126e05dde7c83f26d08c09390ed620d,d34a88ef83e557ca60858b0e1de11c6ad126e05dde7c83f26d08c09390ed620d,8000,False
data/raw/evidence/text/E2-A06.txt,03ec118c4794a06ecddeb8acd3c465781d2506f59958c953e2beb35991f0ef81,03ec118c4794a06ecddeb8acd3c465781d2506f59958c953e2beb35991f0ef81,21080,False
data/raw/evidence/text/E2-A07.txt,2fe3d42da68d3e5d68bf884f1d179b8a62c5b89e2cf9fb04e7c9e5d8889ba3a0,2fe3d42da68d3e5d68bf884f1d179b8a62c5b89e2cf9fb04e7c9e5d8889ba3a0,20202,False
data/raw/evidence/text/E2-A08.txt,43753b3d0a7181368482f33fa0549ec3fa630f1d7ab86e25e6d8b20576dfda6b,43753b3d0a7181368482f33fa0549ec3fa630f1d7ab86e25e6d8b20576dfda6b,20375,False
data/raw/evidence/text/E2-A09.txt,c051c9e77e8ac1593de0048c6c1d6eb7164b6ccd5907afed58bbace30f4c5ccf,c051c9e77e8ac1593de0048c6c1d6eb7164b6ccd5907afed58bbace30f4c5ccf,20687,False
data/raw/evidence/text/E2-A10.txt,94a2ee5b3884193716563dd668a031930c846d441ccb1007edb4556e7f35f054,94a2ee5b3884193716563dd668a031930c846d441ccb1007edb4556e7f35f054,19779,False
data/raw/evidence/documents/target_refresh_20260902/SRC-E1-A04_2026-09-02.html,dd1eea25a083869bc0080717335818364f5c6e839c8171398874506adedc1b68,dd1eea25a083869bc0080717335818364f5c6e839c8171398874506adedc1b68,201072,False
data/raw/evidence/documents/target_refresh_20260902/SRC-E1-A08_2026-09-02.html,bdb1345c8170615daf356b35c1358f00753446231ba9c16bf125dddf7e83ec64,bdb1345c8170615daf356b35c1358f00753446231ba9c16bf125dddf7e83ec64,182307,False
data/raw/evidence/documents/target_refresh_20260902/SRC-E1-A10_2026-09-02.html,752c19d614dfe13b904ae2a8de553ad1d3d0fb31ad5c2d08e1793e5b198cbb91,752c19d614dfe13b904ae2a8de553ad1d3d0fb31ad5c2d08e1793e5b198cbb91,175848,False
data/raw/evidence/documents/target_refresh_20260902/SRC-E1-B02_2026-09-02.html,df2cbfe762270dabaf2c3911c19f4deeb857f4be18ac45241af3e8e696efe827,df2cbfe762270dabaf2c3911c19f4deeb857f4be18ac45241af3e8e696efe827,61789,False
data/raw/evidence/documents/target_refresh_20260902/SRC-E1-B05_2026-09-02.html,e32fe204aa721434cbce9866f87f1abebdb0b8a4b6f6ed5981c0e92cdd3244e6,e32fe204aa721434cbce9866f87f1abebdb0b8a4b6f6ed5981c0e92cdd3244e6,23025,False
data/raw/evidence/documents/target_refresh_20260902/SRC-E1-B08_2026-09-02.html,1d72cd00dd83924f534a60db0f3228ed118a03cc18de266843584d3cef9dda90,1d72cd00dd83924f534a60db0f3228ed118a03cc18de266843584d3cef9dda90,178474,False
data/raw/evidence/documents/target_refresh_20260902/SRC-E1-B10_2026-09-02.html,1929aa409048a60bb18bcd573aa1d833e8f5288a2dc71c67de384878e9c0e983,1929aa409048a60bb18bcd573aa1d833e8f5288a2dc71c67de384878e9c0e983,151586,False
data/raw/evidence/documents/target_refresh_20260902/SRC-E1-C08_2026-09-02.html,c521312de632ca3c23f97f9c9d70fbf59a7154947a6b3f863e4d08b250f5cf71,c521312de632ca3c23f97f9c9d70fbf59a7154947a6b3f863e4d08b250f5cf71,334932,False
data/raw/evidence/documents/target_refresh_20260902/SRC-E2-C08_2026-09-02.html,1453c59d79bae2b543831e37cb145e8c1bebfe7c99937945ca331b2e3f50ce85,1453c59d79bae2b543831e37cb145e8c1bebfe7c99937945ca331b2e3f50ce85,279435,False
data/raw/evidence/documents/target_refresh_20260902/SRC-E2-C09_2026-09-02.html,b4d142f0e99e8a8aaa8092f2623ce0f5daaaf4ab93fd899f06d19e2550185ca4,b4d142f0e99e8a8aaa8092f2623ce0f5daaaf4ab93fd899f06d19e2550185ca4,200067,False
data/raw/evidence/documents/target_refresh_20260902/SRC-E2-C10_2026-09-02.html,74cef30b17bd093346b8467ab7653e9d4bf48c1c71e30d2e0463b87a751f2a7e,74cef30b17bd093346b8467ab7653e9d4bf48c1c71e30d2e0463b87a751f2a7e,196148,False
data/raw/evidence/documents/고양 창릉/2020-12-29_남양주왕숙_고양창릉_신도시_교통대책_확정.html,8ee7a86658599816f214698b17e6e112177ba0732f00d6aeccf725dfc5e59a66,8ee7a86658599816f214698b17e6e112177ba0732f00d6aeccf725dfc5e59a66,35788,False
data/raw/evidence/documents/고양 창릉/2021-01-24_3기_신도시__패스트트랙_교통대책_조기_확정_등으로_신속_공급.html,cf4ccec819b0d8c7d075b4764b8601176da04a11518277e0e2d2558c4ff86233,cf4ccec819b0d8c7d075b4764b8601176da04a11518277e0e2d2558c4ff86233,27350,False
data/raw/evidence/documents/고양 창릉/2023-06-30_대곡_소사_복선전철_7월_1일_개통.html,805805051e9bff565c9ea87ca545c58172d6fb52684c432d4476e5a0522eaf17,805805051e9bff565c9ea87ca545c58172d6fb52684c432d4476e5a0522eaf17,58513,False
data/raw/evidence/documents/고양 창릉/2024-01-25_신도시_광역교통_개선_투자계획.pdf,90f107e315964eadde4d306bc9bd50f6b4883562335c9cbb3a6a6c4b486b8c77,90f107e315964eadde4d306bc9bd50f6b4883562335c9cbb3a6a6c4b486b8c77,2962879,False
data/raw/evidence/documents/고양 창릉/2024-12-11_GTX-A_운정중앙_서울역_구간_12월_28일_개통.html,7a6ec410b2924164a236a0822a7dc0c53f48a479da8f2a672f6dae714cf189e1,7a6ec410b2924164a236a0822a7dc0c53f48a479da8f2a672f6dae714cf189e1,61285,False
data/raw/evidence/documents/고양 창릉/2025-01-31_고양창릉_A-4블록_신혼희망타운_입주자모집공고.html,e4a387df85f8daae54bf9abeeb928f870bf686f83a27d2b04baa393e1403fadd,e4a387df85f8daae54bf9abeeb928f870bf686f83a27d2b04baa393e1403fadd,192823,False
data/raw/evidence/documents/고양 창릉/2025-01-31_고양창릉_S-5블록_공공분양주택_입주자모집공고.html,19b4c82a88778520cbffc6fc57418825966d34b995b62ff6965cd59d3083eb81,19b4c82a88778520cbffc6fc57418825966d34b995b62ff6965cd59d3083eb81,199405,False
data/raw/evidence/documents/고양 창릉/2026-06-30_고양창릉_S-4블록_공공분양주택_입주자모집공고.html,def247ee3e61c7b5d8576d67e52b47efb3c3786432cc144a9e0ed757d84a253b,def247ee3e61c7b5d8576d67e52b47efb3c3786432cc144a9e0ed757d84a253b,2775,False
data/raw/evidence/documents/김포 한강/2011-05-03_경기도의회_제258회_임시회_회의록.html,4383ab01a57617fd5f9f980139afe773bf414b256f1f7dba188b4509bc0153e9,4383ab01a57617fd5f9f980139afe773bf414b256f1f7dba188b4509bc0153e9,75413,False
data/raw/evidence/documents/김포 한강/2011-06-30_김포한강신도시_아파트_첫_입주_등_입주물량_증가세.html,9ad6d54a2e031812263f4e52c1c1a6da2f6a69c9ef0c2c261dfc10f1c386d0ce,9ad6d54a2e031812263f4e52c1c1a6da2f6a69c9ef0c2c261dfc10f1c386d0ce,61161,False
data/raw/evidence/documents/김포 한강/2017_김포양곡_행복주택_지역위치도_교통망도.pdf,a3c74951c8e5c04931fc3d631c069bf6b22718e2978eb0d577e1941c58393e7f,a3c74951c8e5c04931fc3d631c069bf6b22718e2978eb0d577e1941c58393e7f,11321040,False
data/raw/evidence/documents/김포 한강/2017_김포한강_행복주택_지역위치도_교통망도.pdf,e1ebc0fea640403e26a71cfea8ebace74b5da734ea1371ad0713ba9974d0da49,e1ebc0fea640403e26a71cfea8ebace74b5da734ea1371ad0713ba9974d0da49,20512357,False
data/raw/evidence/documents/김포 한강/2019-09-27__김포_지하철시대_열렸다__28일_첫_열차_출발.html,a265b079ba28e19d5d576585c0af3b05651915e777695e20644851113feb8e10,a265b079ba28e19d5d576585c0af3b05651915e777695e20644851113feb8e10,152367,False
data/raw/evidence/documents/김포 한강/2021-06-29__참고__서부권_2기_신도시_김포한강__인천검단__교통개선_대책.html,724ddf75001dcf20706283c799fd80f2afe9cf86db840e743cf727343d0826dc,724ddf75001dcf20706283c799fd80f2afe9cf86db840e743cf727343d0826dc,352543,False
data/raw/evidence/documents/김포 한강/2021-06-29__참고__서부권_2기_신도시_김포한강__인천검단__교통개선_대책.pdf,f73aeb4a71997f5df77ed1b4d5cd616609805096dc5b3333ed61b3dba5b62051,f73aeb4a71997f5df77ed1b4d5cd616609805096dc5b3333ed61b3dba5b62051,352543,False
data/raw/evidence/documents/김포 한강/2022-11-11_수도권_서부지역의_광역교통_확충_등_지역현안_해결_추진.html,9cc46a0d922e79590787a43049feb1a04f75fdb6ca7a5f4c16d9a68f6b207409,9cc46a0d922e79590787a43049feb1a04f75fdb6ca7a5f4c16d9a68f6b207409,69200,False
data/raw/evidence/documents/김포 한강/2022-11-11_수도권_서부지역의_광역교통_확충_등_지역현안_해결_추진.pdf,1bb829548e89c9bc87d68f9d08d8950cbcd1c4a2598056dd77d8bd5a723bab5e,1bb829548e89c9bc87d68f9d08d8950cbcd1c4a2598056dd77d8bd5a723bab5e,69200,False
data/raw/evidence/documents/김포 한강/2024-01-02_8849번_하남-미사-김포_인천공항__운행시간_정보.html,08bd470d778e7846c46e553e410cfe82112162b8754acb030315bc5e98978d3c,08bd470d778e7846c46e553e410cfe82112162b8754acb030315bc5e98978d3c,309650,False
data/raw/evidence/documents/김포 한강/2025-12_2035년_김포도시기본계획_변경_주요내용.pdf,0fe071799169540ddae02383e3dcd67457b752ddf6d52e1f0881c4811e3aa8c1,0fe071799169540ddae02383e3dcd67457b752ddf6d52e1f0881c4811e3aa8c1,46047740,False
data/raw/evidence/documents/김포 한강/2026-06-19_김포한강_Ac-01a블록_10년_공공임대주택리츠_입주자_모집공고.html,1b2ff982d5fe4cfb4d4ee83f764c717069b1e2c97fd538e2a99a78d88520c0fa,1b2ff982d5fe4cfb4d4ee83f764c717069b1e2c97fd538e2a99a78d88520c0fa,200983,False
data/raw/evidence/documents/남양주 다산/2015-08-11_다산신도시_지금지구_A1블록_국민임대주택_입주자모집공고.html,2514f69cab8c2f81040add73d02a37db5347508a5714c2acfa347bfffe0258d4,2514f69cab8c2f81040add73d02a37db5347508a5714c2acfa347bfffe0258d4,166818,False
data/raw/evidence/documents/남양주 다산/2016-07-18_경기도의회_제312회_임시회_회의록.html,3fc514500716ecb7f54fb787de4ed6ff89e09d04cc941be9deea346ab544af72,3fc514500716ecb7f54fb787de4ed6ff89e09d04cc941be9deea346ab544af72,510545,False
data/raw/evidence/documents/남양주 다산/2018-02-12_다산신도시_입주지원_특별대책반_본격_가동.html,cbfe676c61ddc941745739b811bc43bbb3f5a7a112c0298b4dc0bb62014a2085,cbfe676c61ddc941745739b811bc43bbb3f5a7a112c0298b4dc0bb62014a2085,45208,False
data/raw/evidence/documents/남양주 다산/2018-02-27_다산신도시_상업_주유소용지_공급공고.html,947d3813b20833a7f52050eb889950247ca7f92e84e71745f4a9652b4ddcf3a2,947d3813b20833a7f52050eb889950247ca7f92e84e71745f4a9652b4ddcf3a2,209811,False
data/raw/evidence/documents/남양주 다산/2018-12-12_남양주_다산역_A2_경기행복주택_입주자모집.html,ff77b98e0e52ceeee6c20d00168b11a81f1045cae05afdb11308724afb7851d5,ff77b98e0e52ceeee6c20d00168b11a81f1045cae05afdb11308724afb7851d5,2862,False
data/raw/evidence/documents/남양주 다산/2019_다산신도시_자연_푸르지오_공공분양주택_입주자모집_정정공고.pdf,78e1f182e7fd0b7a08ca5d3c27ae6e6d7fda39a6479c6788bce1f18d7d80e999,78e1f182e7fd0b7a08ca5d3c27ae6e6d7fda39a6479c6788bce1f18d7d80e999,814894,False
data/raw/evidence/documents/남양주 다산/2020-12-29_남양주왕숙_고양창릉_신도시_교통대책_확정_.html,773ef92a950674c20a9fb0ee461fea3e5344baeb0c2fb6d8346a5011f0d3c107,773ef92a950674c20a9fb0ee461fea3e5344baeb0c2fb6d8346a5011f0d3c107,35788,False
data/raw/evidence/documents/남양주 다산/2022-12-29_남양주시_땡큐버스_노선체계_개선_공약이행.html,dc808280cc97c24e65722715692721b4433009e1dc463ed9fb4dd8d67f21a125,076c310f3337a0a95cba13b6d24a289aeb6cb43be1faeddd5f02dd184aa5e7a1,38997,True
data/raw/evidence/documents/남양주 다산/2024-07-03_다산역_개통에_따른_버스노선_변경_알림.html,a6d4837d85331f74a95b9c531d00a4408cda460dd10a7dbd2df4eed29ca65a66,a6d4837d85331f74a95b9c531d00a4408cda460dd10a7dbd2df4eed29ca65a66,308399,False
data/raw/evidence/documents/남양주 다산/2024-07-18_8월_별내선_개통__버스_18개_노선___34대_증차___수도권_동부지역_출퇴근_30분_시대.html,f338e93ecd2908b2c140c17399bdad495b6a4a3cb6e639e14c68c43bfa160ada,f338e93ecd2908b2c140c17399bdad495b6a4a3cb6e639e14c68c43bfa160ada,2833,False
data/raw/evidence/documents/남양주 다산/2024-08-09__남양주_잠실_27분___8월_10일_별내선_개통.html,2e12c3efeb1f158b5dc6284cf6da6e12bb0d3c00d335d323d50eb16842724139,2e12c3efeb1f158b5dc6284cf6da6e12bb0d3c00d335d323d50eb16842724139,54127,False
data/raw/evidence/documents/남양주 다산/2024-08-10_별내선_개통__첫_열차_운행.html,46c878afe7723b77f7ddfac3796a15c955700305935340ff93d2e072ddba5766,46c878afe7723b77f7ddfac3796a15c955700305935340ff93d2e072ddba5766,60091,False
data/raw/evidence/documents/남양주 왕숙/2020-12-29_남양주왕숙_고양창릉_신도시_교통대책_확정.html,6dae1eeca5a29545344277026e601cfbe8230b042347f95b2aa9f4cf88b17409,6dae1eeca5a29545344277026e601cfbe8230b042347f95b2aa9f4cf88b17409,35788,False
data/raw/evidence/documents/남양주 왕숙/2020-12-29_남양주왕숙_고양창릉_신도시_교통대책_확정_.html,ef0529cf32bdcf2a2be5535bb4201829631146b7f6b6a2e3c2dd5e074c870a6d,ef0529cf32bdcf2a2be5535bb4201829631146b7f6b6a2e3c2dd5e074c870a6d,35788,False
data/raw/evidence/documents/남양주 왕숙/2022-03-18_진접선_개통__남양주의_새로운_길이_열립니다.html,ad7806c3360f86c8f5018922d0dd6b57fff128514c7e81757630cbccc5cc5e8e,ad7806c3360f86c8f5018922d0dd6b57fff128514c7e81757630cbccc5cc5e8e,61591,False
data/raw/evidence/documents/남양주 왕숙/2024-01-25_신도시_광역교통_개선_투자계획.pdf,90f107e315964eadde4d306bc9bd50f6b4883562335c9cbb3a6a6c4b486b8c77,90f107e315964eadde4d306bc9bd50f6b4883562335c9cbb3a6a6c4b486b8c77,2962879,False
data/raw/evidence/documents/남양주 왕숙/2024-08-10_별내선_개통__첫_열차_운행.html,7426809fef38ea73371315bb6b00306b5876f9570b98d55705d620541531d6a2,7426809fef38ea73371315bb6b00306b5876f9570b98d55705d620541531d6a2,60091,False
data/raw/evidence/documents/남양주 왕숙/2025-07-24_남양주왕숙_A-1블록_공공분양주택_입주자모집공고.html,def247ee3e61c7b5d8576d67e52b47efb3c3786432cc144a9e0ed757d84a253b,def247ee3e61c7b5d8576d67e52b47efb3c3786432cc144a9e0ed757d84a253b,2775,False
data/raw/evidence/documents/남양주 왕숙/2025-07-24_남양주왕숙_A-2블록_신혼희망타운_입주자모집공고.html,722d39198a5909bee3459cfb78f636dc4d2f072bab7405d14fa04d358d0840d7,722d39198a5909bee3459cfb78f636dc4d2f072bab7405d14fa04d358d0840d7,193986,False
data/raw/evidence/documents/남양주 왕숙/2025_남양주왕숙_A-1블록_공공분양주택_입주자모집공고.html,3d2fbd3e41f74d681d9633ab3443d963b9e101185935e096e1b754b22d05ec88,3d2fbd3e41f74d681d9633ab3443d963b9e101185935e096e1b754b22d05ec88,196665,False
data/raw/evidence/documents/부천 대장/2021-01-24_3기_신도시__패스트트랙_교통대책_조기_확정_등으로_신속_공급.html,31f5ea11323f9ed9188ac1643293212a8479e34bb69bae7ac0a70da00be3c351,31f5ea11323f9ed9188ac1643293212a8479e34bb69bae7ac0a70da00be3c351,27350,False
data/raw/evidence/documents/부천 대장/2021-01-24_인천계양_부천대장_광역교통개선대책_확정.html,154c414897c7d63020ea7b9608ecd089af1a1ed7f4185e759a77ac2f09fef7b1,154c414897c7d63020ea7b9608ecd089af1a1ed7f4185e759a77ac2f09fef7b1,27350,False
data/raw/evidence/documents/부천 대장/2023-06-30_대곡_소사_복선전철_7월_1일_개통.html,3a440438e7ec34858de3d17f59dba5933f55f9ce9ba439a881006c9271a68f11,3a440438e7ec34858de3d17f59dba5933f55f9ce9ba439a881006c9271a68f11,58513,False
data/raw/evidence/documents/부천 대장/2025-04-30_부천대장_A7블록_공공분양주택_입주자모집공고.html,def247ee3e61c7b5d8576d67e52b47efb3c3786432cc144a9e0ed757d84a253b,def247ee3e61c7b5d8576d67e52b47efb3c3786432cc144a9e0ed757d84a253b,2775,False
data/raw/evidence/documents/부천 대장/2025-04-30_부천대장_A8블록_공공분양주택_입주자모집공고.html,a3f97246c7b08c98b53bbd90c7304fa0c90093ff5dce1ea14ba53279df9073d0,a3f97246c7b08c98b53bbd90c7304fa0c90093ff5dce1ea14ba53279df9073d0,195279,False
data/raw/evidence/documents/부천 대장/2025-11-03_소사-대곡선_사업현황.html,f66b4990197018219272aa85631fc7d627478966c4bb87d39cfeebd96de64df8,f66b4990197018219272aa85631fc7d627478966c4bb87d39cfeebd96de64df8,156209,False
data/raw/evidence/documents/부천 대장/2026-07-23_부천대장_A5_A6블록_행복주택_입주자_최초모집.html,a2c5229416956e228a75c90d8b04952434069c504ad625280c6dea584731fd86,a2c5229416956e228a75c90d8b04952434069c504ad625280c6dea584731fd86,245515,False
data/raw/evidence/documents/부천 대장/확인불가_BRT_고급화_S-BRT__추진.html,ea7e2a95951f422d9bc6adee96f50dae36ad3fbc19b3e1d59600f6fbb5e48c15,ea7e2a95951f422d9bc6adee96f50dae36ad3fbc19b3e1d59600f6fbb5e48c15,53484,False
data/raw/evidence/documents/위례/2011-11-29_위례신도시_보금자리_2949가구_내달_5일부터_본청약.html,0d97e44a94f96b7a2b340bfcb7c3a8364acd7bed754b4c12ace566c1aa71f6c2,0d97e44a94f96b7a2b340bfcb7c3a8364acd7bed754b4c12ace566c1aa71f6c2,158590,False
data/raw/evidence/documents/위례/2014-05-15_국토부__위례신도시_광역교통대책_확정.html,2b703cdd109d28a52f5d2795aaa3e3c7d253eabe9c916b49635e2c94ef2ce908,2b703cdd109d28a52f5d2795aaa3e3c7d253eabe9c916b49635e2c94ef2ce908,154941,False
data/raw/evidence/documents/위례/2015-07-27_위례신도시_하남권역_입주대비_교통대책.html,7797c1100afd0c85cb91eaf6235494beb7c4a8d7136ebbd4cf8e2c35bb9a9aec,7797c1100afd0c85cb91eaf6235494beb7c4a8d7136ebbd4cf8e2c35bb9a9aec,14687,False
data/raw/evidence/documents/위례/2020-11-19_위례지구_A1-5BL__A1-12BL_분양주택_입주자_모집.html,9bfb5fd75d138d350deeff3a082f5c7910d568cbe9f2b4d933ea1bab35950a26,9bfb5fd75d138d350deeff3a082f5c7910d568cbe9f2b4d933ea1bab35950a26,127826,False
data/raw/evidence/documents/위례/2021-12-16_지하철_8호선_남위례역_18일_개통.html,8bd8f0178588d76612028c4594297b046ddda3b45289e9092fb76e0a5eb7d489,8bd8f0178588d76612028c4594297b046ddda3b45289e9092fb76e0a5eb7d489,110869,False
data/raw/evidence/documents/위례/2022-10-11_위례신도시_광역교통_개선대책.html,d525efe8604cad985bae0ae4894829116ca3a99fb4e9b575ad4734fcf05434eb,d525efe8604cad985bae0ae4894829116ca3a99fb4e9b575ad4734fcf05434eb,517093,False
data/raw/evidence/documents/위례/2022-11-28_대광위__28일_위례선_도시철도사업_사업계획_승인_착공__25년_개통.html,22dc29dedf04c77cb34775024aa5ad13c497e6c8416d7583bf027987b632af64,22dc29dedf04c77cb34775024aa5ad13c497e6c8416d7583bf027987b632af64,23025,False
data/raw/evidence/documents/위례/2022_위례신도시_교통_현황과_개선_계획.html,5ad0c40f29df2cbebab51894f18a7aafeffd02c37107512bb52bc8de2ab0e702,5ad0c40f29df2cbebab51894f18a7aafeffd02c37107512bb52bc8de2ab0e702,142383,False
data/raw/evidence/documents/위례/2023-09_하남시_똑버스_운행.html,349f134b0941de89423042e3637348154dc8ca95e3a9b3da0f39f52cfce5ae27,349f134b0941de89423042e3637348154dc8ca95e3a9b3da0f39f52cfce5ae27,121162,False
data/raw/evidence/documents/위례/2025-09-05_위례선_트램__2026년_하반기_개통_목표.html,40bdcb00aff724a8a641044b5ef748ae63fa0f34704ea84ee5b0a51927aa9425,40bdcb00aff724a8a641044b5ef748ae63fa0f34704ea84ee5b0a51927aa9425,119970,False
data/raw/evidence/documents/위례/2026-02-26_김용석_대광위원장__위례신도시_광역교통개선대책_점검.html,9d33b78322fa981272be62037cfae20837fac617fddb71188aaa84ba0a2b9959,9d33b78322fa981272be62037cfae20837fac617fddb71188aaa84ba0a2b9959,61661,False
data/raw/evidence/documents/위례/2026_위례선_트램_시운전_현장_점검.html,eb0691b05a0db8fea8ee8ff4fb1496334134756ecf2f8371760df812447e0679,eb0691b05a0db8fea8ee8ff4fb1496334134756ecf2f8371760df812447e0679,23605,False
data/raw/evidence/documents/인천 계양/2021-01-24_3기_신도시__패스트트랙_교통대책_조기_확정_등으로_신속_공급.html,0553e1245c054ee29e36c23d0263cc561e243ece1b77a9e987de1d594e4cd66b,0553e1245c054ee29e36c23d0263cc561e243ece1b77a9e987de1d594e4cd66b,27350,False
data/raw/evidence/documents/인천 계양/2021-01-24_인천계양_부천대장_광역교통개선대책_확정.html,9eaae5277162495e97ddf189edad305711b636676a8daa566b7f3466375b35c5,9eaae5277162495e97ddf189edad305711b636676a8daa566b7f3466375b35c5,27350,False
data/raw/evidence/documents/인천 계양/2024-09-20_인천계양_A2_공공분양주택_입주자모집공고.html,01bc504183290e9396f18bb39c2584d4b17399188a016a4cba5351052a00c011,01bc504183290e9396f18bb39c2584d4b17399188a016a4cba5351052a00c011,197323,False
data/raw/evidence/documents/인천 계양/2024-09-30__정정공고_인천계양_A2블록_공공분양주택_입주자모집공고.html,def247ee3e61c7b5d8576d67e52b47efb3c3786432cc144a9e0ed757d84a253b,def247ee3e61c7b5d8576d67e52b47efb3c3786432cc144a9e0ed757d84a253b,2775,False
data/raw/evidence/documents/인천 계양/2025-06-16_검단연장선_6월_28일_첫_운행.html,ddfb5baf54349d7451558757ccc81658e2ff79b80a37285c9bb5ddd49dd36359,ddfb5baf54349d7451558757ccc81658e2ff79b80a37285c9bb5ddd49dd36359,201789,False
data/raw/evidence/documents/인천 계양/2025-06-28_인천도시철도_1호선_검단연장선_개통.html,8a7dd42c598c7b53ed0b4bc831d8e4a139b16bd22b43069a47ab9bc174eabcc9,8a7dd42c598c7b53ed0b4bc831d8e4a139b16bd22b43069a47ab9bc174eabcc9,81369,False
data/raw/evidence/documents/인천 계양/2026-05-01_계양신도시_광역버스_신설과_관련하여.html,120b9f301e1b07a0695be78eac9daf0e54ef75452ed07a6f0f838cc005603fe8,120b9f301e1b07a0695be78eac9daf0e54ef75452ed07a6f0f838cc005603fe8,121184,False
data/raw/evidence/documents/인천 계양/2026-07-10_인천계양_A3블록_단지내상가_재분양공고.html,0d9239bb1c0b7c81b51ba1a7bde70f065d119672d3b0d3f67655838c0ec98dfd,0d9239bb1c0b7c81b51ba1a7bde70f065d119672d3b0d3f67655838c0ec98dfd,176719,False
data/raw/evidence/documents/인천 계양/확인불가_BRT_고급화_S-BRT__추진.html,ea7e2a95951f422d9bc6adee96f50dae36ad3fbc19b3e1d59600f6fbb5e48c15,ea7e2a95951f422d9bc6adee96f50dae36ad3fbc19b3e1d59600f6fbb5e48c15,53484,False
data/raw/evidence/documents/하남 교산/2020-05-21_하남교산__과천지구_광역교통개선대책_확정.html,0adfc0053fb55223522d96d48316b3437838b03fa268aa79333c47e8d5ffbfac,0adfc0053fb55223522d96d48316b3437838b03fa268aa79333c47e8d5ffbfac,33649,False
data/raw/evidence/documents/하남 교산/2020-05-21_하남교산_과천_광역교통개선대책_확정.html,4817a8af4673acbc0d43eece66ca74d2e9537fb6dec0abc36be2a178e75230b6,4817a8af4673acbc0d43eece66ca74d2e9537fb6dec0abc36be2a178e75230b6,30735,False
data/raw/evidence/documents/하남 교산/2020-08-07_하남선_1단계_개통.html,268065f4354f3297624b33b5c737b4af1b40ad90f5bff6b53ce3936878e72500,268065f4354f3297624b33b5c737b4af1b40ad90f5bff6b53ce3936878e72500,39840,False
data/raw/evidence/documents/하남 교산/2021-03-26_지하철_5호선_하남선_전_구간_개통.html,8075b0e7df9f7dbaf71bc879d8388fe5e3e8db8f74e6e4b74926612667684f1a,8075b0e7df9f7dbaf71bc879d8388fe5e3e8db8f74e6e4b74926612667684f1a,97832,False
data/raw/evidence/documents/하남 교산/2024-01-25_2024년_교통_분야_민생토론회.html,cf44511a66ef2ff733c9e6ee1c60fcd1eae70390a999d827e1b10f15519321d9,cf44511a66ef2ff733c9e6ee1c60fcd1eae70390a999d827e1b10f15519321d9,43606,False
data/raw/evidence/documents/하남 교산/2025-03-31_교산_푸르지오_더_퍼스트_입주자모집공고.html,6148722fa9e6fb4ef4ecf538e89bd1564b5e371ee3578caa4e6d9048936852be,6148722fa9e6fb4ef4ecf538e89bd1564b5e371ee3578caa4e6d9048936852be,190728,False
data/raw/evidence/documents/하남 교산/2025-03-31_교산_푸르지오_더_퍼스트_정정공고.html,d32f5a13e0313fd406b65a4345ecd2b2ed97a521b75c7b75333a26ae6128c997,d32f5a13e0313fd406b65a4345ecd2b2ed97a521b75c7b75333a26ae6128c997,192529,False
data/raw/evidence/documents/하남 교산/2025-03-31_교산_푸르지오_더_퍼스트_하남교산_A-2BL_공공분양주택_입주자모집공고.html,def247ee3e61c7b5d8576d67e52b47efb3c3786432cc144a9e0ed757d84a253b,def247ee3e61c7b5d8576d67e52b47efb3c3786432cc144a9e0ed757d84a253b,2775,False
data/raw/evidence/documents/하남 미사/2014-03-19_하남미사지구_광역교통개선대책_변경__확정된_바_없어.html,0865ac63da6f18919fabca07bdb06cb3b8e0259aa799e6efbe4fbf0be0f72a43,0865ac63da6f18919fabca07bdb06cb3b8e0259aa799e6efbe4fbf0be0f72a43,151969,False
data/raw/evidence/documents/하남 미사/2014-06-30_LH_미사강변도시_첫_입주_시작.html,8aabe1b7f7511cce6a13994ef8a2bac916de0089e07419d7f0c2c80534a24999,8aabe1b7f7511cce6a13994ef8a2bac916de0089e07419d7f0c2c80534a24999,84392,False
data/raw/evidence/documents/하남 미사/2015_하남미사_A12_A16블록_임대주택_공고.html,b80ebe4971273ae1477ba64d399b7b698cb1bd64c64ae016640ad4876422572c,b80ebe4971273ae1477ba64d399b7b698cb1bd64c64ae016640ad4876422572c,209394,False
data/raw/evidence/documents/하남 미사/2016-07-01_미사강변도시_A24__A25블록_10년_공공임대주택리츠_입주자_모집.html,46d9655b975a37912dff085416a8b77ff01b5ce8be656795bff7b8f94d9ce854,46d9655b975a37912dff085416a8b77ff01b5ce8be656795bff7b8f94d9ce854,924736,False
data/raw/evidence/documents/하남 미사/2020-05-21_하남교산_신도시__과천지구_광역교통개선대책_확정.html,2b2f145a9ed12d8d34b529016462b1b8f4d5683dc7a7e281dd64f99490007b41,2b2f145a9ed12d8d34b529016462b1b8f4d5683dc7a7e281dd64f99490007b41,61846,False
data/raw/evidence/documents/하남 미사/2020-05-21_하남교산_신도시__과천지구_광역교통개선대책_확정.pdf,5c8bd8f5fb2ae4023300d399bf8deb93f05dd5dff08af27165cd6c6a2201d89c,5c8bd8f5fb2ae4023300d399bf8deb93f05dd5dff08af27165cd6c6a2201d89c,61846,False
data/raw/evidence/documents/하남 미사/2020-06_하남선_1단계_개통일_관련_안내.html,d9976457dfd0c4b6efd024d40290267bba47a9f56c14fe6ab74f2f95e5062a25,d9976457dfd0c4b6efd024d40290267bba47a9f56c14fe6ab74f2f95e5062a25,236870,False
data/raw/evidence/documents/하남 미사/2020-08-07_하남선_1단계_개통.html,268065f4354f3297624b33b5c737b4af1b40ad90f5bff6b53ce3936878e72500,268065f4354f3297624b33b5c737b4af1b40ad90f5bff6b53ce3936878e72500,39840,False
data/raw/evidence/documents/하남 미사/2020-12-31_하남시_2020년_10대_뉴스.html,5f677f3d1200fa35363643aaef52eebb157d84d90539ee15a04868e77fe3495d,5f677f3d1200fa35363643aaef52eebb157d84d90539ee15a04868e77fe3495d,91035,False
data/raw/evidence/documents/하남 미사/2021-03-26_지하철_5호선_하남선_전_구간_개통.html,8075b0e7df9f7dbaf71bc879d8388fe5e3e8db8f74e6e4b74926612667684f1a,8075b0e7df9f7dbaf71bc879d8388fe5e3e8db8f74e6e4b74926612667684f1a,97832,False
data/raw/evidence/documents/하남 미사/2023-09-18_하남시__미사순환_마을버스_노선_개통.html,a78261741b0877bb01912251029dd366f3a12629616cc0a470b9063b4f950f75,a78261741b0877bb01912251029dd366f3a12629616cc0a470b9063b4f950f75,320313,False
data/raw/evidence/documents/하남 미사/2024-01-02_8849번_하남-미사-김포_인천공항__운행시간_정보.html,08bd470d778e7846c46e553e410cfe82112162b8754acb030315bc5e98978d3c,08bd470d778e7846c46e553e410cfe82112162b8754acb030315bc5e98978d3c,309650,False
data/raw/evidence/documents/하남 미사/2025-03-14_하남미사17단지_임대주택_입주자모집공고.html,ed89eaafefe6bedf10fbdd14d6ffd26f6db3ea172a6961e787b0659cb092edf4,ed89eaafefe6bedf10fbdd14d6ffd26f6db3ea172a6961e787b0659cb092edf4,253207,False
data/raw/evidence/documents/화성 동탄2/2007-05-11_동탄_2_신도시_개발계획_확정.html,192e29362a4c1c7ffd0383a68178cc767e91130b425d82bd9667b9cfc87350aa,192e29362a4c1c7ffd0383a68178cc767e91130b425d82bd9667b9cfc87350aa,77151,False
data/raw/evidence/documents/화성 동탄2/2015-01-23_LH_수도권_최대_신도시_동탄_2_지구__첫_입주_시작.html,186fbbd4158f0d99383f971b740a45594b0d65ff222357ec2be35ed32576ecdc,186fbbd4158f0d99383f971b740a45594b0d65ff222357ec2be35ed32576ecdc,84516,False
data/raw/evidence/documents/화성 동탄2/2016-12-09__Start_SRT__기대_속_첫_출발.html,afe281f924c5c9a6d36b273d524df37506d339837651f6160fe0b006d24eab68,afe281f924c5c9a6d36b273d524df37506d339837651f6160fe0b006d24eab68,42904,False
data/raw/evidence/documents/화성 동탄2/2022-06-16_수원_호매실_17일__화성_동탄2지구_21일__광역교통_주민간담회_개최.html,4977928568e807e95b1759306e01bab4cce6650d55fe03994b459ef9667d0946,4977928568e807e95b1759306e01bab4cce6650d55fe03994b459ef9667d0946,61789,False
data/raw/evidence/documents/화성 동탄2/2022-06-16_수원_호매실_17일__화성_동탄2지구_21일__광역교통_주민간담회_개최.pdf,a27d8c520db11a7da4c8dc60168a373f40ed7f87cbee81d6da883b550f43e871,a27d8c520db11a7da4c8dc60168a373f40ed7f87cbee81d6da883b550f43e871,61789,False
data/raw/evidence/documents/화성 동탄2/2022-06-16_수원호매실_화성동탄2_광역교통_특별대책_주민간담회.html,8373e47f77ceeaf11f8f57611ad1bf042889d32f5045388bfcab532e3114134e,8373e47f77ceeaf11f8f57611ad1bf042889d32f5045388bfcab532e3114134e,23410,False
data/raw/evidence/documents/화성 동탄2/2022-10-26__수원호매실_화성동탄2_광역교통_특별대책__발표.html,0044dd4613d893129c40e44ee84a2a97ee510a7787a006a75665462d110c7950,0044dd4613d893129c40e44ee84a2a97ee510a7787a006a75665462d110c7950,62720,False
data/raw/evidence/documents/화성 동탄2/2022-10-26__수원호매실_화성동탄2_광역교통_특별대책__발표.pdf,0a6095cb415fbeedd0727303ba11c005733bf4f2d7721122b6d577220077c258,0a6095cb415fbeedd0727303ba11c005733bf4f2d7721122b6d577220077c258,62720,False
data/raw/evidence/documents/화성 동탄2/2022-10-26_수원호매실_화성동탄2_광역교통_특별대책.html,13a063885f63b7ed81d889fc19b67294ea7b718629b3e158a3c951490f286f1a,13a063885f63b7ed81d889fc19b67294ea7b718629b3e158a3c951490f286f1a,28790,False
data/raw/evidence/documents/화성 동탄2/2024-03-29_GTX-A_수서_동탄_구간_3월_30일_개통.html,8d574faa72a6fcb866671e00af961c8a3435f8db51695c18c372357547b79bc7,8d574faa72a6fcb866671e00af961c8a3435f8db51695c18c372357547b79bc7,58587,False
data/raw/evidence/documents/화성 동탄2/2026-05-29_LH__동탄2_공공분양_473가구_공급_7년만에_재개.html,def247ee3e61c7b5d8576d67e52b47efb3c3786432cc144a9e0ed757d84a253b,def247ee3e61c7b5d8576d67e52b47efb3c3786432cc144a9e0ed757d84a253b,2775,False
data/raw/evidence/documents/화성 동탄2/2026-05-29_화성동탄2_C-27블록_공공분양주택_입주자모집공고.html,8c425455ac503ddd63d6d6a57eab177703472928873e315bffedf97995c2872e,8c425455ac503ddd63d6d6a57eab177703472928873e315bffedf97995c2872e,197054,False
data/raw/evidence/imported/SRC-E1-A02/E1-A02.html,483a159ffdcd7600d071b1685f6411f9cbfc6159229dc73d2c118476b8c21b7d,483a159ffdcd7600d071b1685f6411f9cbfc6159229dc73d2c118476b8c21b7d,197054,False
data/raw/evidence/imported/SRC-E1-A08/＇25년 상반기 경기행복주택 예비입주자 추가모집 공고.pdf,17e730dc3c2b81cfa2c2e820f79ca45e50b657236b8cb5870235dfbf463083b2,17e730dc3c2b81cfa2c2e820f79ca45e50b657236b8cb5870235dfbf463083b2,1578117,False
data/raw/evidence/imported/SRC-E1-B01/221026(석간)_수원_호매실_화성_동탄2_광역교통특별대책_발표(광역교통정책과).hwpx,74559c5998f914659f03ac463e5d3dcc84711904e8cf927c4592cff20c181fcb,74559c5998f914659f03ac463e5d3dcc84711904e8cf927c4592cff20c181fcb,289101,False
data/raw/evidence/imported/SRC-E1-B01/E1-B01.pdf,ee97d54c55cef1585e0d54df1a891d04e68b3dbdc1c8fcde9b4cbc7ef7087556,ee97d54c55cef1585e0d54df1a891d04e68b3dbdc1c8fcde9b4cbc7ef7087556,507009,False
data/raw/evidence/imported/SRC-E1-B02/E1-B02.pdf,ea078d9bb489eb228f003f5675c7825a8b6223f409e3dad8375bcf6a9e780378,ea078d9bb489eb228f003f5675c7825a8b6223f409e3dad8375bcf6a9e780378,323021,False
data/raw/evidence/imported/SRC-E1-B03/E1-B03.pdf,f54821ed2da56cc09c6281ab080ed96a84252a1fad9af1fff9c07bb78913eb1f,f54821ed2da56cc09c6281ab080ed96a84252a1fad9af1fff9c07bb78913eb1f,803365,False
data/raw/evidence/imported/SRC-E1-B04/E1-B04.pdf,d7e578abba3c7c6fe3592dbebdaef288ee0ace8aeb5d4a35909946668e2838f1,d7e578abba3c7c6fe3592dbebdaef288ee0ace8aeb5d4a35909946668e2838f1,1152620,False
data/raw/evidence/imported/SRC-E1-B09/200521(14시이후) 하남교산 신도시_과천지구 광역교통개선대책 확정(공공택지기획과).pdf,fb08785a7962ad8088d930c4598ac1d095187eb34f7a52ea2b675bb0f5fc72cc,fb08785a7962ad8088d930c4598ac1d095187eb34f7a52ea2b675bb0f5fc72cc,563837,False
data/raw/evidence/imported/SRC-E1-B09/E1-B09.pdf,bc80d2e3ee3dadbec345a636c7840673b07f8bc9da12f3a14d21a33c94ed5d33,bc80d2e3ee3dadbec345a636c7840673b07f8bc9da12f3a14d21a33c94ed5d33,397019,False
data/raw/evidence/imported/SRC-E1-C05/221128(석간)_위례신도시_노면전차_사업으로_교통이_편리해진다(광역시설정책과).hwpx,19d89d604a33493888484f1c76c7edb44f94aa15df511e02e3395ba6666ee11e,19d89d604a33493888484f1c76c7edb44f94aa15df511e02e3395ba6666ee11e,998088,False
data/raw/evidence/imported/SRC-E1-C06/260226(동정) 김용석 대광위원장 위례신도시 광역교통개선대책 점검(광역교통정책과).hwpx,6245af210bae8bf40c565532b0aaf7459419510e135d4f5bae17076657055179,6245af210bae8bf40c565532b0aaf7459419510e135d4f5bae17076657055179,783869,False
data/raw/evidence/imported/SRC-E2-A06/(정정공고)인천계양A-2블록공공분양입주자모집공고문.pdf,f7202e924988f383730f245784e37a1ec66f0f54d655fb3b8171c45314389195,f7202e924988f383730f245784e37a1ec66f0f54d655fb3b8171c45314389195,1486848,False
data/raw/evidence/imported/SRC-E2-A07/E2-A07.html,dfe4326c581605d3dfd0a6807e14c2aa9eb1f2fd5234018da250e1ba2741ed62,dfe4326c581605d3dfd0a6807e14c2aa9eb1f2fd5234018da250e1ba2741ed62,195523,False
data/raw/evidence/imported/SRC-E2-A08/E2-A08.html,08dd45cadec7c5190d70c69f04a8723764a45beba7ab2fc216d67517dae884f2,08dd45cadec7c5190d70c69f04a8723764a45beba7ab2fc216d67517dae884f2,192529,False
data/raw/evidence/imported/SRC-E2-A09/E2-A09.html,889eb0c955d3b04442e9440d46fabb3c71e119b73a65e85394374d9dae759cf7,889eb0c955d3b04442e9440d46fabb3c71e119b73a65e85394374d9dae759cf7,199149,False
data/raw/evidence/imported/SRC-E2-A10/E2-A10.html,a058acb1e85fad8cf75c7c6feeeb60d395ea4f064fb66f6d7aa5b1ed5b967025,a058acb1e85fad8cf75c7c6feeeb60d395ea4f064fb66f6d7aa5b1ed5b967025,195256,False
data/raw/evidence/imported/SRC-E2-B07/201230(조간)남양주왕숙_고양창릉 신도시 교통대책 확정(공공택지기획과 광역교통정책과).hwp,28b1bacbe0ea7e9ad4dd42c5659f47b22ef4a07e27221f47169c6838b10f657e,28b1bacbe0ea7e9ad4dd42c5659f47b22ef4a07e27221f47169c6838b10f657e,1572864,False
data/raw/evidence/imported/SRC-E2-B08/200521(14시이후) 하남교산 신도시_과천지구 광역교통개선대책 확정(공공택지기획과).pdf,fb08785a7962ad8088d930c4598ac1d095187eb34f7a52ea2b675bb0f5fc72cc,fb08785a7962ad8088d930c4598ac1d095187eb34f7a52ea2b675bb0f5fc72cc,563837,False
data/raw/evidence/imported/SRC-F009/201230(조간)남양주왕숙_고양창릉 신도시 교통대책 확정(공공택지기획과 광역교통정책과).hwp,28b1bacbe0ea7e9ad4dd42c5659f47b22ef4a07e27221f47169c6838b10f657e,28b1bacbe0ea7e9ad4dd42c5659f47b22ef4a07e27221f47169c6838b10f657e,1572864,False
data/raw/evidence/imported/SRC-F012/경기도， 별내선 개통. 남양주 별내에서 잠실까지 27분이면 간다. 김동연， “구리， 남양주. 경기동북부 주민들 교통 숨통 확 트일 것”.hwpx,9cff104b4f41afbe4669f7a111d11ca3712b641fe4d2a7d52e5ec8fa9b6b8b2d,9cff104b4f41afbe4669f7a111d11ca3712b641fe4d2a7d52e5ec8fa9b6b8b2d,221949,False
data/raw/evidence/imported/SRC-F015/200521(14시이후) 하남교산 신도시_과천지구 광역교통개선대책 확정(공공택지기획과).pdf,fb08785a7962ad8088d930c4598ac1d095187eb34f7a52ea2b675bb0f5fc72cc,fb08785a7962ad8088d930c4598ac1d095187eb34f7a52ea2b675bb0f5fc72cc,563837,False
data/raw/evidence/imported/SRC-F021/201230(조간)남양주왕숙_고양창릉 신도시 교통대책 확정(공공택지기획과 광역교통정책과).hwp,28b1bacbe0ea7e9ad4dd42c5659f47b22ef4a07e27221f47169c6838b10f657e,28b1bacbe0ea7e9ad4dd42c5659f47b22ef4a07e27221f47169c6838b10f657e,1572864,False
data/raw/evidence/imported/SRC-H001/20150123_ 동탄2신도시 첫 입주.hwp,27b6ad3d1a72070c73aaf3ae06cfcea168bc56e728a1e093ebc847b56e66ae08,27b6ad3d1a72070c73aaf3ae06cfcea168bc56e728a1e093ebc847b56e66ae08,133632,False
data/raw/evidence/imported/SRC-H003/221026(석간)_수원_호매실_화성_동탄2_광역교통특별대책_발표(광역교통정책과).hwpx,74559c5998f914659f03ac463e5d3dcc84711904e8cf927c4592cff20c181fcb,74559c5998f914659f03ac463e5d3dcc84711904e8cf927c4592cff20c181fcb,289101,False
data/raw/evidence/imported/SRC-H023/경기도， 별내선 개통. 남양주 별내에서 잠실까지 27분이면 간다. 김동연， “구리， 남양주. 경기동북부 주민들 교통 숨통 확 트일 것”.hwpx,9cff104b4f41afbe4669f7a111d11ca3712b641fe4d2a7d52e5ec8fa9b6b8b2d,9cff104b4f41afbe4669f7a111d11ca3712b641fe4d2a7d52e5ec8fa9b6b8b2d,221949,False
data/raw/evidence/imported/SRC-H024/240809(조간)_남양주~잠실_27분__8월_10일_별내선_개통(광역시설정책과).hwpx,f4e6597f2b41e5740e7424835f8f210d91934f9b91c4b068d749f613e8817840,f4e6597f2b41e5740e7424835f8f210d91934f9b91c4b068d749f613e8817840,3214602,False
data/raw/evidence/imported/SRC-H025/140630_LH_미사강변도시_첫_입주_시작.hwp,9deb6701eac845967d257f313f011c97ed6ec7eb1114ca44f3e0a42072099b06,9deb6701eac845967d257f313f011c97ed6ec7eb1114ca44f3e0a42072099b06,167936,False
data/raw/evidence/imported/SRC-U001/(251127)남양주왕숙_B-17BL_공공분양_입주자모집공고문.pdf,0f2f8e767b8aaf98df7013e0bdfb1f133a23c7e784c22ac5ab774d071ffa4e37,0f2f8e767b8aaf98df7013e0bdfb1f133a23c7e784c22ac5ab774d071ffa4e37,1541874,False
data/raw/evidence/imported/SRC-U002/(정정)250424_교산푸르지오더퍼스트_입주자모집공고.pdf,08438e6ac19967e88de5ae5dfe94e8f5bd891efefd0eb07195d96045b0707fa6,08438e6ac19967e88de5ae5dfe94e8f5bd891efefd0eb07195d96045b0707fa6,2632888,False
data/raw/tago_anchor/2026-09-03/grid_0a426ad5a5d1e3063538ddb2b47158a92c8150918ed5fef273113390f71f1b75.json,74eac6e93b5817c484aee7bced68f3a5d2adc3970095f1214120f01bb3b8655b,74eac6e93b5817c484aee7bced68f3a5d2adc3970095f1214120f01bb3b8655b,4809,False
data/raw/tago_anchor/2026-09-03/grid_7284246cb9bec29327396b8f53285513616c6a63eed1da4b0b5e00781485cdb1.json,40877c355cf5b7dccf3f2f8fc0eeecccf8bafeb4db32ad756759ecbced87aff1,40877c355cf5b7dccf3f2f8fc0eeecccf8bafeb4db32ad756759ecbced87aff1,8663,False
data/raw/tago_anchor/2026-09-03/grid_ab4a8a2c5768a132fc85bc31f6d010cec76802dc2e7a228f5b18b022ba819d08.json,ee59772ffacc68edaadb5442dd27e89c48849c2c0b9125b24a106ee3d15bffe4,ee59772ffacc68edaadb5442dd27e89c48849c2c0b9125b24a106ee3d15bffe4,2516,False
data/raw/tago_anchor/2026-09-03/grid_af884404c5c21973911f467be2a141e917ac3fa195e20b0877ed6ffbf5b61820.json,18a64d15504b70b28e0598af5f6ac545bb1d1d73b6b000ae02a22066a3ae0441,18a64d15504b70b28e0598af5f6ac545bb1d1d73b6b000ae02a22066a3ae0441,5283,False
data/raw/tago_anchor/2026-09-03/grid_ebc241781212599f390adc0f2886f95a173c03f5c91cfc0bb17cefb324278d80.json,ff783160284425dc584450374126b71ed0e3b1c4c22a37ef3be0b86069cb9acd,ff783160284425dc584450374126b71ed0e3b1c4c22a37ef3be0b86069cb9acd,5260,False
data/raw/tago_citycode/2026-09-03/2bdf944a838ba8caa98f278140ba4a422d14278a595c87c17c2f495c057c5a0d.json,624539bde23061c74c6bb820e3f02debc5657385bfec13801810c0593fe6c23d,624539bde23061c74c6bb820e3f02debc5657385bfec13801810c0593fe6c23d,13489,False
data/raw/tago_stops_full/2026-09-03/31020_1_84a2452711f834731cfbfdcb845251206facd950f441d75458071eecf89cc4fa.json,44ad6cb50377520d900935cf73786f5fe636035f647dbece0b57badff4aa41b6,44ad6cb50377520d900935cf73786f5fe636035f647dbece0b57badff4aa41b6,328439,False
data/raw/tago_stops_full/2026-09-03/31130_1_02f81d69164eab654c4a1c89739bf25bae4eb143acb4951e5f90142aa274b2be.json,34a5b1edce70f7e621ac6bf805eedaea1f2fa588b157feabbe783cfbba43f357,34a5b1edce70f7e621ac6bf805eedaea1f2fa588b157feabbe783cfbba43f357,471607,False
data/raw/tago_stops_full/2026-09-03/31180_1_e7617d39902ebfa970c86961d915c60c781984c1d1447745b6be19358f7e80a9.json,08ae26dcdd81e9c290d6e994b2355ffdc1b40ea5b171bdfd04c7f1bd37065477,08ae26dcdd81e9c290d6e994b2355ffdc1b40ea5b171bdfd04c7f1bd37065477,97909,False
data/raw/tago_stops_full/2026-09-03/31230_1_8e4d0d943b451b241dbc3d6547ad37f6062788206623d6f2024bdb5c9824ea0c.json,3f6b5c398a4a4e44a18c22b5ebe4dbbcf8136a1c9944e9a1ba9f54e753c561e9,3f6b5c398a4a4e44a18c22b5ebe4dbbcf8136a1c9944e9a1ba9f54e753c561e9,198199,False
data/raw/tago_stops_full/2026-09-03/31240_1_3b8f493e7acc640a1be257bebb4dde4f2856797ee4fd55ea730d6216989e170a.json,253bf5f3183fa2363383b1f4337b6164a9b2f819b7f9d002c5e95c78bd36bc39,253bf5f3183fa2363383b1f4337b6164a9b2f819b7f9d002c5e95c78bd36bc39,220228,False
data/raw/tago_stops_full/2026-09-03/31240_2_a03ae0e7ba05a9838125a00feeb39cc16e12cbd6958ff6513aa0b2197cce7a22.json,2c1caa8aa666a56a9d257a8c5d868bc9b9ae9efbacc1b0e4ffafaf5281b03cd4,2c1caa8aa666a56a9d257a8c5d868bc9b9ae9efbacc1b0e4ffafaf5281b03cd4,212537,False
data/raw/tago_stops_full/2026-09-03/31240_3_2b155d9476c89c054a29ba6e76ec8438aa161ac76aeabaaa49e3a758cf56b634.json,1fc7b82d02f58a2beef191af50d02013ff8f51351709248ec6078693f1f0d74c,1fc7b82d02f58a2beef191af50d02013ff8f51351709248ec6078693f1f0d74c,211185,False
data/raw/tago_stops_full/2026-09-03/31240_4_cc3b9d92c6026e4dffe0229cf04188b9b74ef31e2f2c232a82cad168020aa286.json,8fc9281471e5f0cb89eaa6afa203fe241a4838ef7e5a896b75fb898e954a5d67,8fc9281471e5f0cb89eaa6afa203fe241a4838ef7e5a896b75fb898e954a5d67,80445,False
data/raw/tago_stops_nearby/2026-09-03/grid_000081623ad242dd0430b3f6b367eaf681dbeca7a93d0805f26f7a0ff81177ba.json,6517e5653cab5fbea3b753faa892e9a5fc1c18b91849da7847529e0e2c95e0ab,6517e5653cab5fbea3b753faa892e9a5fc1c18b91849da7847529e0e2c95e0ab,6984,False
data/raw/tago_stops_nearby/2026-09-03/grid_000dcdb43c0eded026d186a3f223c528aaa6aff109361cbdedb70cc409ac6cdd.json,48636498856f8ee76d48b0294b7b24bdeaf164ac71124126890902b61c2bbd2a,48636498856f8ee76d48b0294b7b24bdeaf164ac71124126890902b61c2bbd2a,2537,False
data/raw/tago_stops_nearby/2026-09-03/grid_003a4055a234153f87f4a13c891ae469c01a2e53636942700e235d2f091ad73d.json,befcbbfe9edb605d61d9f48b8db0289d19a26697658b26b656b825cefeed063e,befcbbfe9edb605d61d9f48b8db0289d19a26697658b26b656b825cefeed063e,227,False
data/raw/tago_stops_nearby/2026-09-03/grid_006a009360069c99aeb1164efd7529d117310cace8d7052475ffadf30844ebb4.json,befcbbfe9edb605d61d9f48b8db0289d19a26697658b26b656b825cefeed063e,befcbbfe9edb605d61d9f48b8db0289d19a26697658b26b656b825cefeed063e,227,False
data/raw/tago_stops_nearby/2026-09-03/grid_008b96b69003037982710eae6f5bc140ef9823bd8381dd73de2c4b2624dc7785.json,0cc90f49ec21e1f0b37f4f53322e68072aefef92f6d690a82c1da5a352cad18f,0cc90f49ec21e1f0b37f4f53322e68072aefef92f6d690a82c1da5a352cad18f,2949,False
data/raw/tago_stops_nearby/2026-09-03/grid_0092c963ff85e51418419ef21e31087a39a5e729d36005d9bb0458765953b914.json,878f6a3adbe3961a6cdce7d9be2a0c1918a3229e53df226f1c6742a798e0ff51,878f6a3adbe3961a6cdce7d9be2a0c1918a3229e53df226f1c6742a798e0ff51,2736,False
data/raw/tago_stops_nearby/2026-09-03/grid_00cf2c5704ef1de7cc49719a764e16fdac3bcf7fd06c6bd6f84fe949f05e3806.json,1363a0535e840d40519663118b49461e30a69a0330523e4718e0bf984f693ade,1363a0535e840d40519663118b49461e30a69a0330523e4718e0bf984f693ade,2996,False
data/raw/tago_stops_nearby/2026-09-03/grid_00f122f69c78dbfe6560aa643b5443a56342a2045465dfb3044a061b0373db77.json,092f9d0e1730b4e2c58b345af9d6de8c947dd53da85ebc84dc80c772edd4af3c,092f9d0e1730b4e2c58b345af9d6de8c947dd53da85ebc84dc80c772edd4af3c,2516,False
data/raw/tago_stops_nearby/2026-09-03/grid_00f238789a0197760a2f1eb9103bab80cf255515c86ad00703250eb019976220.json,56b24624a7337eb2cab643d4d73aa410a0b7e7aaf06bae2531a874847b8603e2,56b24624a7337eb2cab643d4d73aa410a0b7e7aaf06bae2531a874847b8603e2,5550,False
data/raw/tago_stops_nearby/2026-09-03/grid_0136af5809f426b99272b360e7ab248acd1a08ff947ea37f442960476190c5eb.json,16cacae208909f4f5f3dfa5d651e4564b65696d32c91fdc29ff65eb7ff09f85f,16cacae208909f4f5f3dfa5d651e4564b65696d32c91fdc29ff65eb7ff09f85f,1316,False
data/raw/tago_stops_nearby/2026-09-03/grid_0149ba442bb28e1a7a87ec9aa9594a3d29ecd772ab1983630c2b24700907120f.json,743eec29694f5a2403ff0a6c2dc7239aa8e4a62205a21f34c5c8f1d627a18b9f,743eec29694f5a2403ff0a6c2dc7239aa8e4a62205a21f34c5c8f1d627a18b9f,4506,False
data/raw/tago_stops_nearby/2026-09-03/grid_01567a0533d746403e3a99e17ef7a7e8d62b0c9e3dac2523bd43d1d0b6429b57.json,34f247be6ffc8ebf014e34fcde160468ce04be01503be897e2086b5b5c0de0a6,34f247be6ffc8ebf014e34fcde160468ce04be01503be897e2086b5b5c0de0a6,472,False
data/raw/tago_stops_nearby/2026-09-03/grid_016a66497c3298240c8733cfe42da4282d5fa9d35f93c36678fcf26223dd3afb.json,85b2995ab07b30bf057d8e2e81090eb101f0b286fe06809c0b88f0f70fc9d7ac,85b2995ab07b30bf057d8e2e81090eb101f0b286fe06809c0b88f0f70fc9d7ac,1777,False
data/raw/tago_stops_nearby/2026-09-03/grid_017147a2afc0a8a23747ab9dd1358c2c2e9653b2d12fc36e68c27ac0a497b22c.json,158c7881ee1ef10649094d027d90d84cacc9362ce131521fea9d42e1f3b33782,158c7881ee1ef10649094d027d90d84cacc9362ce131521fea9d42e1f3b33782,5947,False
data/raw/tago_stops_nearby/2026-09-03/grid_017b29fd247d8100b086293159b5d24060eed7528040b477fbb22e67df15aa64.json,3d45b773554d3f072001caf955b43f486ae2a1b0277293c9082bbdc35d77054a,3d45b773554d3f072001caf955b43f486ae2a1b0277293c9082bbdc35d77054a,3934,False
data/raw/tago_stops_nearby/2026-09-03/grid_01a9b583adaf8c4eb5ca393f5e08b1da2c92785c9867c20b45eb9299952da02a.json,45d35033e8bbd7e2341608cda05741f51865eebcf635e193a08a39d41a8f4d3a,45d35033e8bbd7e2341608cda05741f51865eebcf635e193a08a39d41a8f4d3a,1028,False
data/raw/tago_stops_nearby/2026-09-03/grid_01eb316afa6b29581b42ae114464581f35949754c2a34075d63001768c86bf2f.json,7a2a752b60195f4031f5ea02b7b46cae833b9313af811ad9d3aaead14bf53355,7a2a752b60195f4031f5ea02b7b46cae833b9313af811ad9d3aaead14bf53355,2765,False
data/raw/tago_stops_nearby/2026-09-03/grid_01ef70b5ba84e661012cd923784df11d970ebdc7d1c34b167815ea2601db6123.json,c9c53d9bea8a0c2e77f8d2d0793b8003a0ceae7fda313f5628dc43c7159c7519,c9c53d9bea8a0c2e77f8d2d0793b8003a0ceae7fda313f5628dc43c7159c7519,1711,False
data/raw/tago_stops_nearby/2026-09-03/grid_01fa9df39fdf5370e7f6fd3245c393beaf6cccb38abc8ab3af37e24c4d2c9ab8.json,a39a9805d3f1106098764f2a0ae770410221109e06b9eb54f6fbb8cf6a7a3a03,a39a9805d3f1106098764f2a0ae770410221109e06b9eb54f6fbb8cf6a7a3a03,4333,False
data/raw/tago_stops_nearby/2026-09-03/grid_020cd18d56f9a1ca8e6111a72a9c9542ce02e12e8ead869a1cedd2a249475e5c.json,e898ceff0a73f17e86f8aff3261c28b741194a69a678571677c010ea7f8e19df,e898ceff0a73f17e86f8aff3261c28b741194a69a678571677c010ea7f8e19df,3877,False
data/raw/tago_stops_nearby/2026-09-03/grid_0259f5084dcf73c1a5ccbf5428b80725fd4eef224d4d7afcb0534491f2cece47.json,5598e96efdd9fc0d296d032b2f6c04abb98282c0e23d961a5531f8388a73ef8e,5598e96efdd9fc0d296d032b2f6c04abb98282c0e23d961a5531f8388a73ef8e,6131,False
data/raw/tago_stops_nearby/2026-09-03/grid_025c7acd42a0f0ce28a38b58b5f3e95073943ade542692bdf934e59e6180cba2.json,befcbbfe9edb605d61d9f48b8db0289d19a26697658b26b656b825cefeed063e,befcbbfe9edb605d61d9f48b8db0289d19a26697658b26b656b825cefeed063e,227,False
data/raw/tago_stops_nearby/2026-09-03/grid_026d758127f7ac1ce5c896a42ba938bd0a26575ead5b4747ed3dec2d02d3de8d.json,befcbbfe9edb605d61d9f48b8db0289d19a26697658b26b656b825cefeed063e,befcbbfe9edb605d61d9f48b8db0289d19a26697658b26b656b825cefeed063e,227,False
data/raw/tago_stops_nearby/2026-09-03/grid_027077b39969b37a7dab75fea90369fcf50faa5f7408cfbcb8dc38c176d404e9.json,c6eff96e1b1c409664ef03bc1dbe3cef86ecdd1db36df7c779612f33ca411fc3,c6eff96e1b1c409664ef03bc1dbe3cef86ecdd1db36df7c779612f33ca411fc3,2813,False
data/raw/tago_stops_nearby/2026-09-03/grid_0287bdf7e08c4466bf2279217ce3df3e61b20b5130d037638afcf48a8f48342f.json,42722de06c4e9f197546424141988f82de0d072c5b02dee9eb90825d59b567ba,42722de06c4e9f197546424141988f82de0d072c5b02dee9eb90825d59b567ba,6028,False
data/raw/tago_stops_nearby/2026-09-03/grid_0296971f2c929d1c91a254c840a56f128dd1d50844c9ba12c3bb7dc27adccd42.json,2b425d7d6beddb219a4f7325dad40fd04ddfc32e7ead1049ccdcbc5543cd5b18,2b425d7d6beddb219a4f7325dad40fd04ddfc32e7ead1049ccdcbc5543cd5b18,9217,False
data/raw/tago_stops_nearby/2026-09-03/grid_02d9400937223d1476222deaa214001ac358b8c2e4fb4c494b09f6e52950a81f.json,0eecb760927fe3e664bb708e8c79684fabe22761836d133b76fce50667be360a,0eecb760927fe3e664bb708e8c79684fabe22761836d133b76fce50667be360a,4741,False
data/raw/tago_stops_nearby/2026-09-03/grid_02dae42f6b4af79e11eb04e0ce2a64845a2bd5818d4d729a726c13e78165388d.json,251b472f6985df8836ad5b31ef3d5ba4b600e281e465cef028c647578595e139,251b472f6985df8836ad5b31ef3d5ba4b600e281e465cef028c647578595e139,3757,False
data/raw/tago_stops_nearby/2026-09-03/grid_02fa61e96e56f972e04f39e19f41f4f4e59dce72f967453fd85535240e94f96f.json,fd8db59942f43ef4ab2dd44d2aaf6663446f5fdabc9582571ce7c5975f35f0b8,fd8db59942f43ef4ab2dd44d2aaf6663446f5fdabc9582571ce7c5975f35f0b8,749,False
data/raw/tago_stops_nearby/2026-09-03/grid_030113e1e557ef1b82d5248e4b43803c1bb7016b87cf2c416fc99ee3cedbb654.json,e6a73b7375109c4141ae338ca240d73200acb37da878b334ae5167f1aab7b334,e6a73b7375109c4141ae338ca240d73200acb37da878b334ae5167f1aab7b334,3010,False
data/raw/tago_stops_nearby/2026-09-03/grid_0307ed45256ce2f9b484959417ec08ae051a2082ae0cdffe030d820c72f18997.json,b2e0f0bc136c9d24aa9b3547cca8b6f3d4e6473a4127322dcde868719a76e414,b2e0f0bc136c9d24aa9b3547cca8b6f3d4e6473a4127322dcde868719a76e414,4446,False
data/raw/tago_stops_nearby/2026-09-03/grid_03215fff7891e1c69b4776544a6b12cc86d62501b3b3ff98b8374bdbfb107721.json,5752eb44f6c2c30ce115b6c424ed2ea0759120c8a01ddf7a9d9fbf5755806e80,5752eb44f6c2c30ce115b6c424ed2ea0759120c8a01ddf7a9d9fbf5755806e80,3194,False
data/raw/tago_stops_nearby/2026-09-03/grid_034ebe08810041f9403602476c4906f0778da430143695e8011541c9f667a847.json,65280929b19249e947a628cf94ec13b8b06929384d7a0fe30216248fa6389e62,65280929b19249e947a628cf94ec13b8b06929384d7a0fe30216248fa6389e62,3648,False
data/raw/tago_stops_nearby/2026-09-03/grid_037270588de32a19cff12c401fa91f39fdf3a99fd0b9bab7af381a75037a6751.json,d33f8fafa3315b204e6f4f7210e11ba3913e145a999829ca12f8e6519a953baa,d33f8fafa3315b204e6f4f7210e11ba3913e145a999829ca12f8e6519a953baa,1242,False
data/raw/tago_stops_nearby/2026-09-03/grid_03806a35de943840a6c21efd2c1987eba5735b67e19fda7901fbc4c4fd693e8a.json,40460a12b4b5a677e73a8c5d7433d2dc42741c0341cfc27a7cbed599a140a453,40460a12b4b5a677e73a8c5d7433d2dc42741c0341cfc27a7cbed599a140a453,2738,False
data/raw/tago_stops_nearby/2026-09-03/grid_0382db0399c94a5def6131058c89381c4a55bd3b58fceec0c4c5ec536d757e7f.json,75b220c84716509b0d575033c7ab6d8b5aa4c5b1f20cbca6ce2e2feccd59d206,75b220c84716509b0d575033c7ab6d8b5aa4c5b1f20cbca6ce2e2feccd59d206,4746,False
data/raw/tago_stops_nearby/2026-09-03/grid_0398a6ceafc663ffc035a8c7fdc22d66b25d0d173b0fbbde968ccc7844396987.json,c66369fc741ef5d6c5d1fa2cf43cbfb03e921f678f186bd36480e70b8a27ca11,c66369fc741ef5d6c5d1fa2cf43cbfb03e921f678f186bd36480e70b8a27ca11,3509,False
data/raw/tago_stops_nearby/2026-09-03/grid_039d046f1f317e7078fdfda766a0d7aaccded3811ad2a9db983895ce2b95f2ab.json,ffb3d2fa722bc9ae39142b143b2256ae790f2d67200d39cd0c1f31d3e7c76592,ffb3d2fa722bc9ae39142b143b2256ae790f2d67200d39cd0c1f31d3e7c76592,1692,False
data/raw/tago_stops_nearby/2026-09-03/grid_03add54dcfb932b0b054a470e3d152f905635f0bc80587e5163b25cd7b6ec007.json,45e7b8f55b72a38ff58fbd3028c3228e58f129ec10a5e20135ec603836cc7b3f,45e7b8f55b72a38ff58fbd3028c3228e58f129ec10a5e20135ec603836cc7b3f,4937,False
data/raw/tago_stops_nearby/2026-09-03/grid_03be06edc36afc6229fd1cb7ccb0b2ec88495de225ab4e6d3387ce00a11b4524.json,bb8552704ea277d6ad6515369eeac21846d6a9ac4e918e823e6d24bde90f203f,bb8552704ea277d6ad6515369eeac21846d6a9ac4e918e823e6d24bde90f203f,1631,False
data/raw/tago_stops_nearby/2026-09-03/grid_03c1915d0ae9c5f91d9ddb86dcfe73c232b0d9556dc769275a2951874c615a9c.json,60c147c953c35c973da3a2ed35132e4e07243446f43c4ebfcc5311d0d4a341fa,60c147c953c35c973da3a2ed35132e4e07243446f43c4ebfcc5311d0d4a341fa,2284,False
data/raw/tago_stops_nearby/2026-09-03/grid_03fc26e487d99ebcc7c2372e49b154f9ce661c9be466b8bf74403bcfc25e1c4f.json,bdd41a420539ddf97c47527c0af51a9ce47e05e997081f126b5aaebcfb8a0a11,bdd41a420539ddf97c47527c0af51a9ce47e05e997081f126b5aaebcfb8a0a11,979,False
data/raw/tago_stops_nearby/2026-09-03/grid_040aeacf1bd562baa6140861499f98f2ce11d9127bfeaaaef76a44ce4467e21f.json,731d7b6074c617beedb1c44005689ac98757a10b1735912371aaf3d892a98869,731d7b6074c617beedb1c44005689ac98757a10b1735912371aaf3d892a98869,478,False
data/raw/tago_stops_nearby/2026-09-03/grid_0437cb1c1f23fb48d2bd41afecae2273c9d1ee7bfed905de43831b07864d465c.json,00a0200382ce269e4c65d94f9f0f8356bf11155dbf8804e824fbb2b609e3ecdb,00a0200382ce269e4c65d94f9f0f8356bf11155dbf8804e824fbb2b609e3ecdb,3761,False
data/raw/tago_stops_nearby/2026-09-03/grid_045c064ce962c3da844000c69cfc659c7e186a8f22be9e4b0efc8edffcaaedff.json,60a449a540fcf64869cc9b63a35deb1a338a170ac593d2dfbd4945f6ec68638f,60a449a540fcf64869cc9b63a35deb1a338a170ac593d2dfbd4945f6ec68638f,3752,False
data/raw/tago_stops_nearby/2026-09-03/grid_046ecfd840d55fde1325d3426b7bdace7346e3681c92312e52080e75b683aff3.json,befcbbfe9edb605d61d9f48b8db0289d19a26697658b26b656b825cefeed063e,befcbbfe9edb605d61d9f48b8db0289d19a26697658b26b656b825cefeed063e,227,False
data/raw/tago_stops_nearby/2026-09-03/grid_04bae0588eae51dd7ece466f4bc273c57d10bce0334deece436401f5d0fa23bf.json,1149bfc5957854ba2fc414dd00aa0efc80e226e36aa1bf5457602c20ee77f336,1149bfc5957854ba2fc414dd00aa0efc80e226e36aa1bf5457602c20ee77f336,4680,False
data/raw/tago_stops_nearby/2026-09-03/grid_04c72d8bc08c18341922464caeb8e458910b90278fa143bdf9f0e78bcbfb46f2.json,be52ce5985a3b6754ed2aa28ad81c5310d512b8a49567b5a02bdaa35cb6bd9c1,be52ce5985a3b6754ed2aa28ad81c5310d512b8a49567b5a02bdaa35cb6bd9c1,4063,False
data/raw/tago_stops_nearby/2026-09-03/grid_04d441a511e62fcc20d77bf9bd3bd2b74f942a3a6351b4d05a62e622a451f0bb.json,a4fa4860b64d0b82e442f30383fbd00c6c28022b6e14852c8ff8e4a359307cdd,a4fa4860b64d0b82e442f30383fbd00c6c28022b6e14852c8ff8e4a359307cdd,1644,False
data/raw/tago_stops_nearby/2026-09-03/grid_04d57e4ea9333c7191146b0bbf611a7527a651d5aeda30adf463ddbfcf5ad9d8.json,5f107f784beda54a8ce5be842a33176183709f41bc6ec97b213709450d367acd,5f107f784beda54a8ce5be842a33176183709f41bc6ec97b213709450d367acd,1749,False
data/raw/tago_stops_nearby/2026-09-03/grid_04f76ae89e53151fea120a1951bb9c4d8205fad34baa80ece29f331b376a3fd2.json,407c0ee983e90d4d5bfee22b7a526882d23fa55dda15ea3d4acdd090863ffaff,407c0ee983e90d4d5bfee22b7a526882d23fa55dda15ea3d4acdd090863ffaff,1508,False
data/raw/tago_stops_nearby/2026-09-03/grid_0515691fe28fda0e57b865f24115526f639453327bcf734b1c566e3d1e9e7559.json,262ddae99926beaf2aca6097afa50a7055fc3de727b7c67c0bc4465099348137,262ddae99926beaf2aca6097afa50a7055fc3de727b7c67c0bc4465099348137,5741,False
data/raw/tago_stops_nearby/2026-09-03/grid_05669ffef6d8c2daa2078793f4e27cb964b069660e66a0b361dee62b58148ebc.json,64d1a76ef09dd708bb7aa452cfba0cfec35e2476782c2b8771882546cf04fd1c,64d1a76ef09dd708bb7aa452cfba0cfec35e2476782c2b8771882546cf04fd1c,3756,False
data/raw/tago_stops_nearby/2026-09-03/grid_05a98ef784ec2e1733e3ab8c217660aa9f1d1cc78a2296f3dc18005f88386514.json,acb53f9483f61d02961920cfef1e54999eda38d2add740d7ba2c92bacb6e58e4,acb53f9483f61d02961920cfef1e54999eda38d2add740d7ba2c92bacb6e58e4,3361,False
data/raw/tago_stops_nearby/2026-09-03/grid_05ba74141a2e1e54c8cc145d10dc0b68b9a2240068ae78abb240ca21f6cc71cd.json,ca7cd5fca82124d97e680e7b9326e94da88ce40335df9ddd896eef335c1338ee,ca7cd5fca82124d97e680e7b9326e94da88ce40335df9ddd896eef335c1338ee,2514,False
data/raw/tago_stops_nearby/2026-09-03/grid_05bf0f2cd128a8428f2ab08e9667a247a1b58923426602778a7ffcc588953293.json,49df23a8d963f92cfee4ae7f8355d38d17c8f5cc8439dc6fcc6e13daf6aa7411,49df23a8d963f92cfee4ae7f8355d38d17c8f5cc8439dc6fcc6e13daf6aa7411,5791,False
data/raw/tago_stops_nearby/2026-09-03/grid_05cb872aa8693cbce664b3659520a390cbd36b318479d788c3b9a43eccad1c7d.json,663ec7dbed24917b65ff50a3a5cf29fedd59bfaefce570749d993565ddd87eaf,663ec7dbed24917b65ff50a3a5cf29fedd59bfaefce570749d993565ddd87eaf,1973,False
data/raw/tago_stops_nearby/2026-09-03/grid_05db38968d69eaf91da5802596317dbfb27b1fca2a25e3958aefdc82efd3ae77.json,6dc33b69b459d1454f02076be023ec2ef1f6950edd327557a354239f9a140199,6dc33b69b459d1454f02076be023ec2ef1f6950edd327557a354239f9a140199,4674,False
data/raw/tago_stops_nearby/2026-09-03/grid_05fb99ea9748cb457cf6318800bea00bc7cd82acdb188a5ece3d5242ff01c4f0.json,e62168633d0794643864487b9de4c62e6fe05c1161d380bae741c84e55d2e0c5,e62168633d0794643864487b9de4c62e6fe05c1161d380bae741c84e55d2e0c5,1248,False
data/raw/tago_stops_nearby/2026-09-03/grid_061ceb26ea22f62ddd26e5dc1ef7041d90ea4b03666472113a1ea84158261661.json,e1ad27a4b028db4692cdde991b3b9001fd73c568661b15c7e51b5695b1c253fe,e1ad27a4b028db4692cdde991b3b9001fd73c568661b15c7e51b5695b1c253fe,4356,False
data/raw/tago_stops_nearby/2026-09-03/grid_06365941b961d5b6907edcddcb0dd67a7160c447415b016e57edfa77ed3f85c7.json,f381f9cbd0dcacc5e574972b55d16ea459f05a059bea26601c054f6af948fff2,f381f9cbd0dcacc5e574972b55d16ea459f05a059bea26601c054f6af948fff2,2206,False
data/raw/tago_stops_nearby/2026-09-03/grid_06413ef57b15d916c755a6ddc3cc70cc329c83759fdbf85f36bf7a32beaf34a3.json,2af71d70c1758c91b10d0ec56d4462baca3086402d95c4d6e94e77b15006c351,2af71d70c1758c91b10d0ec56d4462baca3086402d95c4d6e94e77b15006c351,3544,False
data/raw/tago_stops_nearby/2026-09-03/grid_0644b30a04cd419ebb18f5bf5cb25881190ac207b29f2fdadabf3b6fcd97e07a.json,49834b59a8ef35b042538f1c5d26eefb620b55cd8d8e7ac6c4d9c0c58133e247,49834b59a8ef35b042538f1c5d26eefb620b55cd8d8e7ac6c4d9c0c58133e247,485,False
data/raw/tago_stops_nearby/2026-09-03/grid_067ae8ef7e4ebcff70bfc1b46064a7102c7185bf1750156365f641932b443c2d.json,727960220b97dfcfb670381c3691b3afe3ced0e7b66ff8934345a5f172800bfa,727960220b97dfcfb670381c3691b3afe3ced0e7b66ff8934345a5f172800bfa,4317,False
data/raw/tago_stops_nearby/2026-09-03/grid_067fc51f8d4619b40be7a5de1f094dc318e035b939eb7920a3bd6df64b13471d.json,1ba8616dac9242230b42964e783d409ac98a4e7ad899bb83ebf9b774278e0061,1ba8616dac9242230b42964e783d409ac98a4e7ad899bb83ebf9b774278e0061,4038,False
data/raw/tago_stops_nearby/2026-09-03/grid_06a837417e5f10b37d1774a57a2c3446c29a038b1d47864c3239272e41c9e7e9.json,4b8cd644a35f1210be9eebeaea9a5a4f4e41227b02ae0ca0ecf4dbe2117b36b2,4b8cd644a35f1210be9eebeaea9a5a4f4e41227b02ae0ca0ecf4dbe2117b36b2,2999,False
data/raw/tago_stops_nearby/2026-09-03/grid_06c1b76a192b5677e2363f7da38b955bebc72fa3fbc857b8695ac4d519ce40f3.json,8885a48d114ba1fc348813db4279623d37305d1c880da2ec04eaaa3837fc1ec4,8885a48d114ba1fc348813db4279623d37305d1c880da2ec04eaaa3837fc1ec4,1318,False
data/raw/tago_stops_nearby/2026-09-03/grid_06e163242f9b07c62b936c9b5bdea36675724c01f9964704469d4011fa05d62a.json,dfec3b20eab46c8c8f616b49f8a717294b999a120aae4204345231ccd5696fcd,dfec3b20eab46c8c8f616b49f8a717294b999a120aae4204345231ccd5696fcd,3743,False
data/raw/tago_stops_nearby/2026-09-03/grid_06ea7a9bfb5c3c16be511d5bee7e566be299ecac4f4a56b48880d2f645b98287.json,089f811cc45135f7a29e6670312bef374cafcfe5d8d75e763bd985ca6a65a59d,089f811cc45135f7a29e6670312bef374cafcfe5d8d75e763bd985ca6a65a59d,2180,False
data/raw/tago_stops_nearby/2026-09-03/grid_073d78560d73b4200104e6ea90ca2747d25da3d2c7d1772a67e22681f9c0a3f7.json,6d884433bd9dcaf71a134a44cc0594cbdb7cc1e3dffa809da896d96f30881c68,6d884433bd9dcaf71a134a44cc0594cbdb7cc1e3dffa809da896d96f30881c68,5724,False
data/raw/tago_stops_nearby/2026-09-03/grid_0765fe24c525212d4fe8c4dfe6e2468b02aac926ccc982479084b758a44eb03d.json,a01d6f102f75b475d438d1f4d5bd70b5df3bb98db8f10d7f548a7ff56fb109af,a01d6f102f75b475d438d1f4d5bd70b5df3bb98db8f10d7f548a7ff56fb109af,4431,False
data/raw/tago_stops_nearby/2026-09-03/grid_07734fc9559717ce88376a3ae981057e30be8b115d35ca61da2a7ad4eac4efba.json,4f60a3604cdb7907cd51aeb0beee3e8f667671f8bb567ac7733d606e39168c4a,4f60a3604cdb7907cd51aeb0beee3e8f667671f8bb567ac7733d606e39168c4a,1744,False
data/raw/tago_stops_nearby/2026-09-03/grid_078b1b398f5a6260986cfe069352811a3549e70980579334ba5fa409d471c3f5.json,41761b69feef642f1c8821dd0d91a8c6cdcdbbed84fd6f61ecbd8ddd59e7cac5,41761b69feef642f1c8821dd0d91a8c6cdcdbbed84fd6f61ecbd8ddd59e7cac5,4092,False
data/raw/tago_stops_nearby/2026-09-03/grid_078b7fd5340c552fc4f7f1f855d70563b1853c8a29580d65c56752c16411e630.json,dbeb39bc876a9f999ceb4b8b22ba3b0c10d1d3a24be5e22bef5a53da37c6b9d5,dbeb39bc876a9f999ceb4b8b22ba3b0c10d1d3a24be5e22bef5a53da37c6b9d5,2812,False
data/raw/tago_stops_nearby/2026-09-03/grid_07deca09c260d9afadfbc1a56a99f2460711fe6bb6cd81488e88de23cae3e43d.json,abaf6f25cd3b9f1984272995bb0ae2724fd58ad9b824f0d8c7dd905d8c3e3c82,abaf6f25cd3b9f1984272995bb0ae2724fd58ad9b824f0d8c7dd905d8c3e3c82,6454,False
data/raw/tago_stops_nearby/2026-09-03/grid_081224d07239e82b2ab0263251d0eb5584921acd7e22d0a8c00e1ae22575dad8.json,ffbf1ad24734ffc16230476f09830d78dd39b29859d0b3074330d22ab45bc253,ffbf1ad24734ffc16230476f09830d78dd39b29859d0b3074330d22ab45bc253,4955,False
data/raw/tago_stops_nearby/2026-09-03/grid_0817966c292931baaab7343568f1580ae57d305df7ad23f3df4e8dabc0e1141c.json,13403db12ad3f80fdc5e78866c87ec3a7fbaae990a131523f66c89af6bb75990,13403db12ad3f80fdc5e78866c87ec3a7fbaae990a131523f66c89af6bb75990,2214,False
data/raw/tago_stops_nearby/2026-09-03/grid_08338ceaa304abda2d6a09a776666c35abcde6c90e52e39a105a4a5d74a9f8b5.json,ec4562b944fb71df42d9c18a4b855b1a64348e2b25e5059326afcb7b64f94037,ec4562b944fb71df42d9c18a4b855b1a64348e2b25e5059326afcb7b64f94037,4042,False
data/raw/tago_stops_nearby/2026-09-03/grid_085920a7b57eb15b819d7c69df03d3f58c2b8999bd87dbb76345935f90b226ee.json,013f787312b2b25688a98365defb58cc6d40d8fc0ccfde4873b65dfbff8ab228,013f787312b2b25688a98365defb58cc6d40d8fc0ccfde4873b65dfbff8ab228,1037,False
data/raw/tago_stops_nearby/2026-09-03/grid_085ab61dd2cd828ea5d231425109c9206f541dd0a26aef7d9bd16f137da28738.json,be7b3e3c329bb629e96ec0799497b7e120ccc3bc75ad222b531c42543958da04,be7b3e3c329bb629e96ec0799497b7e120ccc3bc75ad222b531c42543958da04,1524,False
data/raw/tago_stops_nearby/2026-09-03/grid_087434f42ea8457d451a0ca72821234bd7b830130ad6cb600df45be0d0d27c3a.json,ceea0e3bc1331770f7db0bc6a0e7bfe9c4eb483e29b09556edcda3d97bf64962,ceea0e3bc1331770f7db0bc6a0e7bfe9c4eb483e29b09556edcda3d97bf64962,987,False
data/raw/tago_stops_nearby/2026-09-03/grid_088a12f7de960dcf4afa9d7169a1da07879cd53322e96ab46cb7cf6210459c6a.json,1c3cc8ebb56fedf62de1965db852a84c5d1cecf6d3d2be71255df54329194791,1c3cc8ebb56fedf62de1965db852a84c5d1cecf6d3d2be71255df54329194791,2223,False
data/raw/tago_stops_nearby/2026-09-03/grid_088ed9afec488de9869b207861b21d8839a0503722e4ea046547bcdef11901f1.json,5092594bafe5a9d8262cca758dc54487173becbb76d5605339b7bc020bd7eceb,5092594bafe5a9d8262cca758dc54487173becbb76d5605339b7bc020bd7eceb,1994,False
data/raw/tago_stops_nearby/2026-09-03/grid_08bbd6a7b3b7af8fbfef02d7e58da82d243e08fdb25586e9a718413f3e58000f.json,cda56ff259d984edfc824c5abcb0cc254514036f974a96dcacbdd284809df7e6,cda56ff259d984edfc824c5abcb0cc254514036f974a96dcacbdd284809df7e6,4201,False
data/raw/tago_stops_nearby/2026-09-03/grid_08bd2cbc6f377ccbb3804e20a5c0406c9d336833aa44ec512e7a4783771ca315.json,95e3ddbcbe4dcb7324042013b19626eb6f8ce805c276673a11a9009bc370285a,95e3ddbcbe4dcb7324042013b19626eb6f8ce805c276673a11a9009bc370285a,2960,False
data/raw/tago_stops_nearby/2026-09-03/grid_08d9b5952ca2515513ffcb1886ae5adc72711c37b81a41054caf2c6623613c69.json,994a10d2907536b22d142346ae20b69cbca242bf5705237c07467b3593e1b32f,994a10d2907536b22d142346ae20b69cbca242bf5705237c07467b3593e1b32f,3961,False
data/raw/tago_stops_nearby/2026-09-03/grid_08e96c6e740f9ae82dcd0a73b412457f894afef002fcf388ef65c5f4d449b488.json,eeca2359ad7dc1ac4e71063f10a533015509cb07cbda7db8ee370053aa1cb4eb,eeca2359ad7dc1ac4e71063f10a533015509cb07cbda7db8ee370053aa1cb4eb,1213,False
data/raw/tago_stops_nearby/2026-09-03/grid_090a4ad5e4261a94c66248b78cc6250afacb3c6bc2a096c886bbba6987675b87.json,e3a1563e182a97e95e74149c2e11165ff0c5e563e7d82790daf18ffafe23427e,e3a1563e182a97e95e74149c2e11165ff0c5e563e7d82790daf18ffafe23427e,1663,False
data/raw/tago_stops_nearby/2026-09-03/grid_0918164de6a4ce5fd06db1a562fe2dc024d4e71fc858ddfb703872bcde018038.json,69667b1f45c04e57e01bd53ebe6593e6260ebbf02f1dab2ca5f57d1c1c961086,69667b1f45c04e57e01bd53ebe6593e6260ebbf02f1dab2ca5f57d1c1c961086,1981,False
data/raw/tago_stops_nearby/2026-09-03/grid_091eb53e90488395b63998077da265bee7d087518f7c2b21a28c33f49b745c79.json,befcbbfe9edb605d61d9f48b8db0289d19a26697658b26b656b825cefeed063e,befcbbfe9edb605d61d9f48b8db0289d19a26697658b26b656b825cefeed063e,227,False
data/raw/tago_stops_nearby/2026-09-03/grid_0928566fb59656374b5edc7e9598ac4f5d543db4362f29f24acc79502ae81db7.json,befcbbfe9edb605d61d9f48b8db0289d19a26697658b26b656b825cefeed063e,befcbbfe9edb605d61d9f48b8db0289d19a26697658b26b656b825cefeed063e,227,False
data/raw/tago_stops_nearby/2026-09-03/grid_097b0edb80bf5a749e4e59ab9fa8e38c77140d6e0c0f9e814e4ffb6ce29820a5.json,befcbbfe9edb605d61d9f48b8db0289d19a26697658b26b656b825cefeed063e,befcbbfe9edb605d61d9f48b8db0289d19a26697658b26b656b825cefeed063e,227,False
data/raw/tago_stops_nearby/2026-09-03/grid_0992737a4548a5cfdd40c34ede365d30e1c10907702c8dea0f236b78acc8a946.json,c34ed017722833bf20e1da53629e477ca0f8fdfb90d9a8e8c27fccdcdbab3bec,c34ed017722833bf20e1da53629e477ca0f8fdfb90d9a8e8c27fccdcdbab3bec,3460,False
data/raw/tago_stops_nearby/2026-09-03/grid_09b454a21b925039db6f4aca2627cca8ba4a5a998ba1db803f56d653aa10f282.json,1cb9c34a42cc936c3f1e8dec39a61b6313c987cd01d03c95ae1accc949684028,1cb9c34a42cc936c3f1e8dec39a61b6313c987cd01d03c95ae1accc949684028,10209,False
data/raw/tago_stops_nearby/2026-09-03/grid_09b62588c8d6727b48684f633938a0e070512b0a781ae0e609b9fee1e0596bc7.json,befcbbfe9edb605d61d9f48b8db0289d19a26697658b26b656b825cefeed063e,befcbbfe9edb605d61d9f48b8db0289d19a26697658b26b656b825cefeed063e,227,False
data/raw/tago_stops_nearby/2026-09-03/grid_09c15ab742f607153b483b5a411ec086737edc5038f2d1e1220e8f2c52216456.json,41d7547014063f91760b462e20d0224baad755b38e4e912ebfaf14bda808c359,41d7547014063f91760b462e20d0224baad755b38e4e912ebfaf14bda808c359,3731,False
data/raw/tago_stops_nearby/2026-09-03/grid_09d9da9c582556150614c930036629036a372e23ccdd3aaad65aad0babcf2f52.json,5355796d890b5788e3c64f855d7c2641b22b2f5e10aef817e9adbb532ed1f13e,5355796d890b5788e3c64f855d7c2641b22b2f5e10aef817e9adbb532ed1f13e,2488,False
data/raw/tago_stops_nearby/2026-09-03/grid_09e8177dd87654ea70bf59d653ca2c55cb970a1502903788a0737ee3b5d4c868.json,6dd2dc9450330234b258c927c636c0fe16aa802d13d54be0f8a025d2df4d5ac3,6dd2dc9450330234b258c927c636c0fe16aa802d13d54be0f8a025d2df4d5ac3,2726,False
data/raw/tago_stops_nearby/2026-09-03/grid_09e96a54df3a12c8d19cb70d29bb94f49d04d3033343395ddd030d87a85e1ed2.json,136e7df1cf07366e28baf3f36ddaa8792d2324f3263a62c6df6eff3e695f0e57,136e7df1cf07366e28baf3f36ddaa8792d2324f3263a62c6df6eff3e695f0e57,6232,False
data/raw/tago_stops_nearby/2026-09-03/grid_0a14093c87f719c6f9e586bc4d20788cfaecd3e8adf256d98ef5674239b085b3.json,befcbbfe9edb605d61d9f48b8db0289d19a26697658b26b656b825cefeed063e,befcbbfe9edb605d61d9f48b8db0289d19a26697658b26b656b825cefeed063e,227,False
data/raw/tago_stops_nearby/2026-09-03/grid_0a50704f401d37ec9fb35837dc227bcdd755e55962d0c6c1866e9ca27688d3d5.json,497c68c03cae193704152117320382f24f3d5a6da91fd5a9a01d1b771e0abe12,497c68c03cae193704152117320382f24f3d5a6da91fd5a9a01d1b771e0abe12,1945,False
data/raw/tago_stops_nearby/2026-09-03/grid_0a5f8638b3e95edaf778d4a2b2f2e0074c187fb74686163b136af983c50e969d.json,b9ce334f9283a015c59001f54451a341ca04d94beaa440522cc1aa72de63fd2d,b9ce334f9283a015c59001f54451a341ca04d94beaa440522cc1aa72de63fd2d,2719,False
data/raw/tago_stops_nearby/2026-09-03/grid_0a5f963580c88a43282654448c23a247d13c0c294d3ace08018b6b1db694deed.json,82e9791fded195b16eef1b520c8dec5d1181551deb28de65d0e8ee5991f7d52b,82e9791fded195b16eef1b520c8dec5d1181551deb28de65d0e8ee5991f7d52b,2234,False
data/raw/tago_stops_nearby/2026-09-03/grid_0a78316a45f042a4c02b8535867afa3acb940e7fbe78119050f9267d233b6976.json,b028469085a2562eb370cfb976a068a6d72486ee3d239b06bb3c65f612c82870,b028469085a2562eb370cfb976a068a6d72486ee3d239b06bb3c65f612c82870,3900,False
data/raw/tago_stops_nearby/2026-09-03/grid_0aa45ea4d2f09fcb58b900487424fd3c9e06f2b5c7ad2108c3b4b9e73da0059f.json,5efed7d76c1cc595c27ef40cbb4a1b3a9e26b0a3393294136f8135d16784d00f,5efed7d76c1cc595c27ef40cbb4a1b3a9e26b0a3393294136f8135d16784d00f,1298,False
data/raw/tago_stops_nearby/2026-09-03/grid_0aa54cca111dccd47bdcf742ff0081e3401e217a093780169bb562174642d83e.json,d31672c2fffd61bb3a93c6ae6629ca720b5eabcaf9feeb1aeb23bc79ce76794c,d31672c2fffd61bb3a93c6ae6629ca720b5eabcaf9feeb1aeb23bc79ce76794c,3742,False
data/raw/tago_stops_nearby/2026-09-03/grid_0abbb437202e795de8e3e1eb0a6fac6657ee96081214d94ee90f8554284d177c.json,739215ab6e16d8143971879e57c88b531a8d2bb5010e4362b2651b247ba629aa,739215ab6e16d8143971879e57c88b531a8d2bb5010e4362b2651b247ba629aa,1224,False
data/raw/tago_stops_nearby/2026-09-03/grid_0abc0ae47bbf534521decd8555bf6fc567906ff6fa40f2fdbfcccb663b61ba56.json,befcbbfe9edb605d61d9f48b8db0289d19a26697658b26b656b825cefeed063e,befcbbfe9edb605d61d9f48b8db0289d19a26697658b26b656b825cefeed063e,227,False
data/raw/tago_stops_nearby/2026-09-03/grid_0ad0a905536bd4c8598e656798a7e36ee64dd3d03f58e84cf80a1b42cb639a1e.json,a465aa061c30a089f1effffefdf3cbe1199a22130415952da8f8395fbc22ada4,a465aa061c30a089f1effffefdf3cbe1199a22130415952da8f8395fbc22ada4,6015,False
data/raw/tago_stops_nearby/2026-09-03/grid_0ad20a04de1883fc37ccb69468b5ad477a508ebd45c8ef0b30b1e65142cd54c4.json,e6e0135c2e4228849680db8782ee0167db89dc3431516e2332fa7f04d6f440d2,e6e0135c2e4228849680db8782ee0167db89dc3431516e2332fa7f04d6f440d2,3310,False
data/raw/tago_stops_nearby/2026-09-03/grid_0ad4d34d455bcb13bc69b567810e500d79686296db7cc6e2c400087e7dfa085c.json,51d10173870eb912fcb7dec04c1085f43048e424470b15af89065fb125d28a55,51d10173870eb912fcb7dec04c1085f43048e424470b15af89065fb125d28a55,4045,False
data/raw/tago_stops_nearby/2026-09-03/grid_0aff4f8894e1aa1700ce011e2b488c2c751f4fea54a694ba9836fe9ac974f8a1.json,dfb0a50a10e05d6d6eba13a6c9c18656cdc4914c39f823e71283b93f5a756c39,dfb0a50a10e05d6d6eba13a6c9c18656cdc4914c39f823e71283b93f5a756c39,2736,False
data/raw/tago_stops_nearby/2026-09-03/grid_0b2f9138a3918ffd42d0c6c5d64698ddb0d87d9e5ac178bfce26d67d63827618.json,2fcfc3783a37eb983ae7e096245341874bc78f0aa35e6de8014510de48fdce6a,2fcfc3783a37eb983ae7e096245341874bc78f0aa35e6de8014510de48fdce6a,2733,False
data/raw/tago_stops_nearby/2026-09-03/grid_0b3b515f0a5f4b0653a37a526c9c969078e21461eeaeb9d6a8bbad09565b3ea0.json,5b342aa090fc12604f23053e66205f888db074b22084f66e2e493fd216242694,5b342aa090fc12604f23053e66205f888db074b22084f66e2e493fd216242694,3244,False
data/raw/tago_stops_nearby/2026-09-03/grid_0b41fe97876330d433588a665e87d0a673047c0d9d6431d4b52856558accd2ae.json,aa1991f686390e9b4cb9e3900041884164db42fd93a21f46c8fa30e76426379a,aa1991f686390e9b4cb9e3900041884164db42fd93a21f46c8fa30e76426379a,2098,False
data/raw/tago_stops_nearby/2026-09-03/grid_0b51b7d309ae665e77cf7ee5d63fe32bfdb903335347abf13917a7f0fc24cc5f.json,74dbc7f6d8a19168e468b82c1ff2dfa2dd62f8dbf770e5bb694f017386ec792b,74dbc7f6d8a19168e468b82c1ff2dfa2dd62f8dbf770e5bb694f017386ec792b,2749,False
data/raw/tago_stops_nearby/2026-09-03/grid_0b677e6dec80593f33826c03d10caf03e75ddf9b58a0fd6b580243ea0387b6e2.json,62e275febe89b7280ca082f552df5660ccbb1d6e314e536f353c8b10b7feb7c5,62e275febe89b7280ca082f552df5660ccbb1d6e314e536f353c8b10b7feb7c5,2765,False
data/raw/tago_stops_nearby/2026-09-03/grid_0ba2001f5978bd8ff72a8d68b863074dcfe5e40e1638734a0ed1c5922c771ae4.json,252e3258f0f9fec76f00e5e6f27b6645a3af5ae5da73f18740a670fab4b2d545,252e3258f0f9fec76f00e5e6f27b6645a3af5ae5da73f18740a670fab4b2d545,5281,False
data/raw/tago_stops_nearby/2026-09-03/grid_0bc815bdfcc60cb0e85cd6f465a1d2cb589841dc6b854a5638e810d987772230.json,54493ad53c267fe454ef07fc7b94c52e1e308ccb2d92b97d5d68208b89388ee1,54493ad53c267fe454ef07fc7b94c52e1e308ccb2d92b97d5d68208b89388ee1,5524,False
data/raw/tago_stops_nearby/2026-09-03/grid_0bdd3daef9b79ea0a34bf3274e2af236c7ca48f73e087b01fd33174f1ce97636.json,fb0e82c63ecd2265ad947a94710206a6d559e492e8053c766a24ba455821bfc5,fb0e82c63ecd2265ad947a94710206a6d559e492e8053c766a24ba455821bfc5,2490,False
data/raw/tago_stops_nearby/2026-09-03/grid_0be97410f0745f71a22f52cb631d06d52a1d329a8a9f94cd79a451e7dfeba445.json,41efbb710707df5c7c7a59b4c1439d6ffadddc1b2cbeca0d5bd37887a1d5f936,41efbb710707df5c7c7a59b4c1439d6ffadddc1b2cbeca0d5bd37887a1d5f936,1260,False
data/raw/tago_stops_nearby/2026-09-03/grid_0bfb6ab3ad7ad1c291614d4240916affab7541c4edc5fb1c7b61f2823be0e382.json,ac339f0c7d3827babf91246e8a7c096d7b03ea5deb7dbacab7fa4a2b07652349,ac339f0c7d3827babf91246e8a7c096d7b03ea5deb7dbacab7fa4a2b07652349,2968,False
data/raw/tago_stops_nearby/2026-09-03/grid_0c7ed97bec41a7c95c35599c78b4589d0477826ad3e3c981d8e2429830e6811a.json,40f4d12d84203d9c90a0209abe3074ee0fc3665a4b3fdd36609dd5f73a74a593,40f4d12d84203d9c90a0209abe3074ee0fc3665a4b3fdd36609dd5f73a74a593,748,False
data/raw/tago_stops_nearby/2026-09-03/grid_0c8f782171d1fbbdb7c4d0cc0d8e0531eda2b249f048b38f6f3c3f1f044e9beb.json,5e2520bbe56912710c4a005171b10c1f25ab4c1dba9b864470e7196b1b6b2fc6,5e2520bbe56912710c4a005171b10c1f25ab4c1dba9b864470e7196b1b6b2fc6,2233,False
data/raw/tago_stops_nearby/2026-09-03/grid_0d175dcde1ea18b89bf64d395072f7945c8b88ab71a23d46673799094fb40ebc.json,907c0c6709b950dbb231e57f21eb27014318ade83ee7153c8f9281685ed90202,907c0c6709b950dbb231e57f21eb27014318ade83ee7153c8f9281685ed90202,4760,False
data/raw/tago_stops_nearby/2026-09-03/grid_0d3375aef0af0c56bf40a7e61dd4f4b66adc825d5f8b2a8c00ab7ed2ce261790.json,0c9d89968964def02449192f905c455579035dd034ed65436626d8cc0b53eb67,0c9d89968964def02449192f905c455579035dd034ed65436626d8cc0b53eb67,4043,False
data/raw/tago_stops_nearby/2026-09-03/grid_0d41abc32a007e4d41e42f43df00a8120d315c9805c98376b3d437a53d6c2586.json,2ee4a33d9c8fc3f8ca2d82ab5066a73a7b204df2b969be945a33e6751e84604e,2ee4a33d9c8fc3f8ca2d82ab5066a73a7b204df2b969be945a33e6751e84604e,1298,False
data/raw/tago_stops_nearby/2026-09-03/grid_0d526a0a4a20782d221f237dbe9115de1eb3ebe3ce6ceae40ec7071c5b77e4f9.json,8abad46500fff0ac1980cfdbcb6ee7edab84bb7893b02d95dbb065edf68c2d4f,8abad46500fff0ac1980cfdbcb6ee7edab84bb7893b02d95dbb065edf68c2d4f,2293,False
data/raw/tago_stops_nearby/2026-09-03/grid_0d6034e20a8876bc12e291ecd1754e1722266e10572f0e5ce1319dfd8be3cbe6.json,a8792178e3b78d998c359ef2853027814e59858d8fda77a0de7f0aa82116a532,a8792178e3b78d998c359ef2853027814e59858d8fda77a0de7f0aa82116a532,4556,False
data/raw/tago_stops_nearby/2026-09-03/grid_0db497424aa3f18327c7cc7de5c234f5fbbcfa09b59d9768998c9c98993f3cbf.json,d79b96765211f655a3f023275a11daa64a90136b0cba9719c31da2745228f393,d79b96765211f655a3f023275a11daa64a90136b0cba9719c31da2745228f393,2501,False
data/raw/tago_stops_nearby/2026-09-03/grid_0dd0efceec4dcf4944da8bf47ad7be9f062aa59bee90a19f558179411558ccac.json,35f8d230408a2a1a10639db8e62af624456450cd0c5cb48d6f71e74feabdb05a,35f8d230408a2a1a10639db8e62af624456450cd0c5cb48d6f71e74feabdb05a,5868,False
data/raw/tago_stops_nearby/2026-09-03/grid_0dd3883c6b3231aae89a6efb6e78c7dbfc8f196cbdf5ca026807e618146b3346.json,68b5c6c0b80785e0957ff8888e9a7a87a56f81d2b3e7c1d3634978cc309ed7e3,68b5c6c0b80785e0957ff8888e9a7a87a56f81d2b3e7c1d3634978cc309ed7e3,3449,False
data/raw/tago_stops_nearby/2026-09-03/grid_0de09f9e2d722b9c95bc56840da1251b29557c18963a8c3a566f0f265300c2da.json,c1d0e31ce2adbe95ec734520763271e7562b2480cfe1423c7d01b806700f402c,c1d0e31ce2adbe95ec734520763271e7562b2480cfe1423c7d01b806700f402c,6381,False
data/raw/tago_stops_nearby/2026-09-03/grid_0de9c025db7181e8d89fb3f15a1c5f9681f3a5a12fe8312634885c1ab19c630d.json,5964cc27584667c422d40510c3e99029793b3d8981649f2d3b04f62cc0fd3e64,5964cc27584667c422d40510c3e99029793b3d8981649f2d3b04f62cc0fd3e64,4112,False
data/raw/tago_stops_nearby/2026-09-03/grid_0df4935c7fa8358ce613fa4cf00b1111cc45a5f3aef8b68d64cd81ddf982de09.json,599f662b452ae6b58522febe46b0c3abb94643be890f249ebdc5f8f855ab60e1,599f662b452ae6b58522febe46b0c3abb94643be890f249ebdc5f8f855ab60e1,6199,False
data/raw/tago_stops_nearby/2026-09-03/grid_0e0b266cba3959846854cc1e705745fed870cfe0df084daa8e7a453a53f44f54.json,4b4c74ecd5d8a4c3ad1c18e751c1927498d042d98fc10c2a56263c4b5212c8f6,4b4c74ecd5d8a4c3ad1c18e751c1927498d042d98fc10c2a56263c4b5212c8f6,1260,False
data/raw/tago_stops_nearby/2026-09-03/grid_0e4be9fab7d2b371d2ed5b2e341800b11898535b711aaefd3e97dd381d5f7d31.json,2d5bc74a2589977cbc48374ea55c1058553979672367df2d1d7c2cf64ff13873,2d5bc74a2589977cbc48374ea55c1058553979672367df2d1d7c2cf64ff13873,4079,False
data/raw/tago_stops_nearby/2026-09-03/grid_0e7690ed764ad9a89c82ff658616c127a9d541b634f428f410bda8c0b196453e.json,a72fd9aa0f929ae5d755058683d0c059973017db5359192d4f34a75aedbb64ca,a72fd9aa0f929ae5d755058683d0c059973017db5359192d4f34a75aedbb64ca,3517,False
data/raw/tago_stops_nearby/2026-09-03/grid_0e7eb0c7b121a9fd931e516bda72ec627b36a57ffda790fd075359193875f6f3.json,eef78658e3a34b3b381ce453b5ebe0687991f4f39fd3022e734805715c64b94b,eef78658e3a34b3b381ce453b5ebe0687991f4f39fd3022e734805715c64b94b,6047,False
data/raw/tago_stops_nearby/2026-09-03/grid_0e8c9d7605a5fc468d5c1047a9e0360d70e7a37287dd8c806f425aa26345e745.json,befcbbfe9edb605d61d9f48b8db0289d19a26697658b26b656b825cefeed063e,befcbbfe9edb605d61d9f48b8db0289d19a26697658b26b656b825cefeed063e,227,False
data/raw/tago_stops_nearby/2026-09-03/grid_0e9c6fce42b910774f8d12603d266463374c6eb623c3d713145062da41a7020c.json,e65e59c59261acbd3d9132223e58cb974c27775db9f3cb25604ceeb59cadcec1,e65e59c59261acbd3d9132223e58cb974c27775db9f3cb25604ceeb59cadcec1,3073,False
data/raw/tago_stops_nearby/2026-09-03/grid_0eaf2ddf07afe8dc4c3f5509602e2c6da32baac859fbb6fdfee2cef8db75fba0.json,538d89e4e61a6199b7ee5f50415f81a079580adff3c1a7d3e25f37016718d974,538d89e4e61a6199b7ee5f50415f81a079580adff3c1a7d3e25f37016718d974,4660,False
data/raw/tago_stops_nearby/2026-09-03/grid_0ecbbbcac86ceb908d2822ad9fb19a4782478f6a145161f63ff22428fd29d1b5.json,f620156ed7734503c3c29fa7a4fcc0abfd33c8a58b1b28d0a756441f74d6e7d8,f620156ed7734503c3c29fa7a4fcc0abfd33c8a58b1b28d0a756441f74d6e7d8,4766,False
data/raw/tago_stops_nearby/2026-09-03/grid_0ef7a227bd194340d17a4133418ffba17b69be34d954ed1d0114069dbf0b53ad.json,befcbbfe9edb605d61d9f48b8db0289d19a26697658b26b656b825cefeed063e,befcbbfe9edb605d61d9f48b8db0289d19a26697658b26b656b825cefeed063e,227,False
data/raw/tago_stops_nearby/2026-09-03/grid_0f0a2a547dc3d7c078722f18545dde2329c9d17b5f16ce192f0c4d6d672673c6.json,792330d4f847e8d88e98069b2bbbe5bd9ec9f1b6fd34036e7cd27a17b445d85d,792330d4f847e8d88e98069b2bbbe5bd9ec9f1b6fd34036e7cd27a17b445d85d,6302,False
data/raw/tago_stops_nearby/2026-09-03/grid_0f299b51b006c75ee3385324a47ed72518c89e06c61c5167c9db3952f982808f.json,586b8fd7ba2e08f14de465f71365bd94f2f81203d518a62e86cfa074c062b4f1,586b8fd7ba2e08f14de465f71365bd94f2f81203d518a62e86cfa074c062b4f1,4397,False
data/raw/tago_stops_nearby/2026-09-03/grid_0f34dfd2e935bab65e1c7dcd03ed5655168aa7ab1b9dc1b6960329b85390fdc8.json,e7d09a1dec7804691a22a4e50d099b79a7f62b8b0e41a79c3a308bb8bbe04a6c,e7d09a1dec7804691a22a4e50d099b79a7f62b8b0e41a79c3a308bb8bbe04a6c,5656,False
data/raw/tago_stops_nearby/2026-09-03/grid_0f3ed8572651adf9ca5fa64d0bde63f069d8f3a99f4029ecbc0023a5c65363fc.json,506f2ee5505b8061169d89e7c6da4d5a96ed30aa8979807c45da5a538c20ae4a,506f2ee5505b8061169d89e7c6da4d5a96ed30aa8979807c45da5a538c20ae4a,2686,False
data/raw/tago_stops_nearby/2026-09-03/grid_0f42b82c97f65055fed870c46c859a95550b0cabf23d57cdc613f7ecf6b884c4.json,fda092fe9108bf129543bd3da5ddc7b60650a39a861e6d917c28c3fc9c499fa0,fda092fe9108bf129543bd3da5ddc7b60650a39a861e6d917c28c3fc9c499fa0,2428,False
data/raw/tago_stops_nearby/2026-09-03/grid_0f4a39701c01b7f4d15f034664080b9f4199f37d688b2415374c90da952fcb0e.json,44dda17cd89d20f75eefb6439a085cd1108161c3aaba55df4abbb7f003601fb1,44dda17cd89d20f75eefb6439a085cd1108161c3aaba55df4abbb7f003601fb1,3816,False
data/raw/tago_stops_nearby/2026-09-03/grid_0f7371de4f8a259ac87bad556297d29874f12b280d297fde1e9ed3140d93ac15.json,352d78c3a6c71f6548b8d5348b050c19bb84a6860ef1c962b198d421a29328d3,352d78c3a6c71f6548b8d5348b050c19bb84a6860ef1c962b198d421a29328d3,3484,False
data/raw/tago_stops_nearby/2026-09-03/grid_0f760d985e6bbedd3309722141d07798ad8cd27249cd5e4000c21ca6ca89ccb7.json,7e209b68814cabe6ad4648767205874edafb62a89a4bf2362d6ba73235cdf8a4,7e209b68814cabe6ad4648767205874edafb62a89a4bf2362d6ba73235cdf8a4,842,False
data/raw/tago_stops_nearby/2026-09-03/grid_0f795a50607a373d0550aa325e02c4b34b2b83b6aa27355a9d20c1f8353888fe.json,76d87fafeaa88bbe8de33b60d9bc1f3ebce91e54ab65c539d90c12530332b063,76d87fafeaa88bbe8de33b60d9bc1f3ebce91e54ab65c539d90c12530332b063,2411,False
data/raw/tago_stops_nearby/2026-09-03/grid_0fac50bf9c01ff894795c654169a2827f016b1c850c94544addaf9ca06fb6243.json,a63bfa2d856c25ea204fb79073e1ed5e79a214ee411867dfffbbb952e26eaa67,a63bfa2d856c25ea204fb79073e1ed5e79a214ee411867dfffbbb952e26eaa67,1495,False
data/raw/tago_stops_nearby/2026-09-03/grid_0fe00b7fc264253c844415cbb743f86f4eb7f14b9f1e590cad8096f1110d1ab4.json,10511546ff4b0dd7bb38a408edf7b0fbd35f01e5ec3b79ed2bd7a0883e2607ea,10511546ff4b0dd7bb38a408edf7b0fbd35f01e5ec3b79ed2bd7a0883e2607ea,2559,False
data/raw/tago_stops_nearby/2026-09-03/grid_102400f60242e36a6ade73185e0f7a76e2d61e59251109e5594ef79e05a40c09.json,befcbbfe9edb605d61d9f48b8db0289d19a26697658b26b656b825cefeed063e,befcbbfe9edb605d61d9f48b8db0289d19a26697658b26b656b825cefeed063e,227,False
data/raw/tago_stops_nearby/2026-09-03/grid_102d64b3e992a887abb7f0274199f69fdd8196a402e1cc7a2b2ec5bec4d6de99.json,126acd461a34d9bc5a27e995f095e61bda6c6209b7e5aa5d50f875408c951c94,126acd461a34d9bc5a27e995f095e61bda6c6209b7e5aa5d50f875408c951c94,981,False
data/raw/tago_stops_nearby/2026-09-03/grid_1063e5634678353e89eb1f07fd28131b35268d5ae6913074e8bdf78f96c19c5c.json,03f0d733c9434b7cc7e50ad4c34475fa21146d41e3b35effeba7f19279cb9941,03f0d733c9434b7cc7e50ad4c34475fa21146d41e3b35effeba7f19279cb9941,3325,False
data/raw/tago_stops_nearby/2026-09-03/grid_109392318487be356adde7665ec40c7c5920cdd2f6042830880b9612c0881a02.json,3d1d609461115a915b42e8fa0629d6d55d479aadc6c25179709b3070d7886db3,3d1d609461115a915b42e8fa0629d6d55d479aadc6c25179709b3070d7886db3,471,False
data/raw/tago_stops_nearby/2026-09-03/grid_10b5ce2fdfc895ef8f7c1f8f91d8d0a7bfbe041ca6521365fd632039011bc2a4.json,d4a6fd9c90260a6f5a8b20a4e6fd6a0b60ed6d057e1ee16dcc5f3213c9734771,d4a6fd9c90260a6f5a8b20a4e6fd6a0b60ed6d057e1ee16dcc5f3213c9734771,992,False
data/raw/tago_stops_nearby/2026-09-03/grid_10c022f4435b82b6150f2e2f84ee043342e38a0e24f909b9e5e0691c8dad8403.json,9c50dd438dfb1b0cc4192d7448c151f76b7a27e4141e3dd615e7ef2176236720,9c50dd438dfb1b0cc4192d7448c151f76b7a27e4141e3dd615e7ef2176236720,5271,False
data/raw/tago_stops_nearby/2026-09-03/grid_10cd2a475e449e55d3dc1d61a81760a733ee555689d47be22685e516cc446cba.json,d750cf19c1a4d5c4dc8193fdba56349ab2554a74150e7d238f507fd2ca624b54,d750cf19c1a4d5c4dc8193fdba56349ab2554a74150e7d238f507fd2ca624b54,3561,False
data/raw/tago_stops_nearby/2026-09-03/grid_10f42d753d447aabfe9be1360030e753e28e68d504baae3f4c5a28d40114c9cd.json,87a3d84fc58132d47ffaff33b41f3068d5f5083d92056a1da315c2b8c0d02b29,87a3d84fc58132d47ffaff33b41f3068d5f5083d92056a1da315c2b8c0d02b29,5169,False
data/raw/tago_stops_nearby/2026-09-03/grid_111d9e0ac9e5d4b9beb84cec916c28e87eabd0479b6d128b63f4c4d405a262c1.json,d8aced06f556c834051ab1e9a55abb41e7b34f5e482b7231c3c2e70830b1970a,d8aced06f556c834051ab1e9a55abb41e7b34f5e482b7231c3c2e70830b1970a,5274,False
data/raw/tago_stops_nearby/2026-09-03/grid_1120cf168eae83b2db59f51a275d7a9b9c849a7dce41d0df12232821341e19c3.json,4efe1370a74ff2059e86c865e0bfc2a10e7390419ad173384d7efb02c3e368e9,4efe1370a74ff2059e86c865e0bfc2a10e7390419ad173384d7efb02c3e368e9,3454,False
data/raw/tago_stops_nearby/2026-09-03/grid_113d6ab81862341a30552afbe3fef2b66766888bf41ec117ba91b6be43ae054e.json,5e1cdadfc847581b3c4c1625c225b64f19951d4b84e6453530943be92627dcee,5e1cdadfc847581b3c4c1625c225b64f19951d4b84e6453530943be92627dcee,2480,False
data/raw/tago_stops_nearby/2026-09-03/grid_114952df63f0c376eeadccff172f6b49be18e5a57fac3bc393ad49d35429836f.json,b680dc6b6c4beeafcb064c1c64d21596e21cdc062b2362482d66bad652dfa176,b680dc6b6c4beeafcb064c1c64d21596e21cdc062b2362482d66bad652dfa176,3323,False
data/raw/tago_stops_nearby/2026-09-03/grid_11714e2efd05e6698f0e4e47800af2fccb0e07a420d3ef1ddb56ad76c5ab09a8.json,73d29820e7c2bf8099bd31580688870ed4531d59926c9980805011bd775a86d4,73d29820e7c2bf8099bd31580688870ed4531d59926c9980805011bd775a86d4,3945,False
data/raw/tago_stops_nearby/2026-09-03/grid_1196368740bbc1acb540a4474cc4579046b3da2aea721708fb071aa2d017c5e1.json,723fe922fe10beaf294176aa7177dbc263782da43476c2cd9a27a45efb464331,723fe922fe10beaf294176aa7177dbc263782da43476c2cd9a27a45efb464331,4446,False
data/raw/tago_stops_nearby/2026-09-03/grid_11c105543611cb06ad31f2660be89a843d684422dc0a6d9a8ff7dd1eb242ca5c.json,3464f1f9a0ae5ce40e00858b9a3db7dc6521d10091a6d32186dc0d23e4a3def9,3464f1f9a0ae5ce40e00858b9a3db7dc6521d10091a6d32186dc0d23e4a3def9,3604,False
data/raw/tago_stops_nearby/2026-09-03/grid_11cb5d77f5e9716335dbb2f593f0cd6480454b48684dfd03bb3292686738b1b3.json,befcbbfe9edb605d61d9f48b8db0289d19a26697658b26b656b825cefeed063e,befcbbfe9edb605d61d9f48b8db0289d19a26697658b26b656b825cefeed063e,227,False
data/raw/tago_stops_nearby/2026-09-03/grid_11edcca7f982ce051b055c9b009da70c1aa43e37e0db217ccd99db7b2da620e4.json,befcbbfe9edb605d61d9f48b8db0289d19a26697658b26b656b825cefeed063e,befcbbfe9edb605d61d9f48b8db0289d19a26697658b26b656b825cefeed063e,227,False
data/raw/tago_stops_nearby/2026-09-03/grid_1251bbfffa025efec3c6971daa7eeb24d0020d51b747483cada9ecc6de7e180d.json,f2e3f56549aa0279ca6b327dfbb18141144e6072009f13f81f9e2293e1613724,f2e3f56549aa0279ca6b327dfbb18141144e6072009f13f81f9e2293e1613724,1264,False
data/raw/tago_stops_nearby/2026-09-03/grid_1262369c12cfa8dc8dfd8104601c143cb7bad5886c0c4646f1ff2d172887ad84.json,35f34faccbdc18f6118303f9fa162a319572abd8eccf7c4866cb7ffaacbe73b7,35f34faccbdc18f6118303f9fa162a319572abd8eccf7c4866cb7ffaacbe73b7,5532,False
data/raw/tago_stops_nearby/2026-09-03/grid_1277bf88be2697393fad0544e09c14ee480e263ed408eca4b05d1eaf8f5e7c00.json,5e34f70f2adcfc09bf025ba1f6faf646f4e1443e1bd5d825135ac94a336a1c72,5e34f70f2adcfc09bf025ba1f6faf646f4e1443e1bd5d825135ac94a336a1c72,4492,False
data/raw/tago_stops_nearby/2026-09-03/grid_12c2119afb6d7663c92f3da68fe1a569682e95feb6f5699288591dd29645f342.json,509218e920f288eb5971769d45df5cf78c13d0c3006d5c345e5e7c2230072c5f,509218e920f288eb5971769d45df5cf78c13d0c3006d5c345e5e7c2230072c5f,4893,False
data/raw/tago_stops_nearby/2026-09-03/grid_12c836cab77f7fef436ca85d6ce51b57e6c656709003ff715e8e8b531ba0c825.json,5cbc34454f28e154648ec213aef52dfb338066928c4b9f24a19d3ee2e118c4fe,5cbc34454f28e154648ec213aef52dfb338066928c4b9f24a19d3ee2e118c4fe,2229,False
data/raw/tago_stops_nearby/2026-09-03/grid_1308f8e82728a15178e1efd5999813c0a71ce53e9140002d602d38c1cc76f4af.json,01197303628a251db4bc06a906f8a3fc4eb06fe5d5ad207fab1d15acccc13c5c,01197303628a251db4bc06a906f8a3fc4eb06fe5d5ad207fab1d15acccc13c5c,3608,False
data/raw/tago_stops_nearby/2026-09-03/grid_1330437ed533579312d125ba89c82b464c424ec4d506330b63ceada64d206db8.json,b0f86a565956a45e0f8173a8d8aa23eda158c0d13948798529b0e0f2f9ca655b,b0f86a565956a45e0f8173a8d8aa23eda158c0d13948798529b0e0f2f9ca655b,4025,False
data/raw/tago_stops_nearby/2026-09-03/grid_1343895beb00495a550f5714e9fbc4043bd17976cdc06fab52dac966baca7029.json,e367f1175b2b99034ef3e1bf9f4e2ccda2a451d72e2ddc8c46a5423e34c314f5,e367f1175b2b99034ef3e1bf9f4e2ccda2a451d72e2ddc8c46a5423e34c314f5,3718,False
data/raw/tago_stops_nearby/2026-09-03/grid_136c0db3c15bfbbe4c4924ccf6650aee262531725cbd552169ae5decfb5ea8d5.json,6538666e6ea7a89974005b51c0a80b4beecdb39d918e3eb146ce918099435fea,6538666e6ea7a89974005b51c0a80b4beecdb39d918e3eb146ce918099435fea,2706,False
data/raw/tago_stops_nearby/2026-09-03/grid_138a2e123bc6223db56129a7f77e204ccb78adec08a87037ca7e30081d76b546.json,befcbbfe9edb605d61d9f48b8db0289d19a26697658b26b656b825cefeed063e,befcbbfe9edb605d61d9f48b8db0289d19a26697658b26b656b825cefeed063e,227,False
data/raw/tago_stops_nearby/2026-09-03/grid_13996c5befc3d6eaef0bb04cf722d23af2bc62c2dcb0a3c57c3ade213e7a9a27.json,08f42a8958c7737e45290882bc9c77c7078cf2b0edb4267f8897e638d9c0a634,08f42a8958c7737e45290882bc9c77c7078cf2b0edb4267f8897e638d9c0a634,2766,False
data/raw/tago_stops_nearby/2026-09-03/grid_13c6949bf6a3ac1958de710d652ffd476a0b1e391b494bf65a8cda7f7c86b57d.json,224b706040873f81731111a90d47b16155c4188f8ee7d2d7894d09ea47b97b5d,224b706040873f81731111a90d47b16155c4188f8ee7d2d7894d09ea47b97b5d,4419,False
data/raw/tago_stops_nearby/2026-09-03/grid_13d9756584c1aca70ccf04c85b52495f31e17c43c5579315278fbb8a2f2e2314.json,c9dee7c3509f868de4fd1abc7435441df4ba73ed25919b53322698c0e682bcd1,c9dee7c3509f868de4fd1abc7435441df4ba73ed25919b53322698c0e682bcd1,1480,False
data/raw/tago_stops_nearby/2026-09-03/grid_13dc071c23d9148ba349f31b81367056e3cc5c1a99f91ac59970a17b12858840.json,ec74646fbd47e60ae2a122aa8f52c23c2889d88fc0c08ab761e5bd7ce4108e77,ec74646fbd47e60ae2a122aa8f52c23c2889d88fc0c08ab761e5bd7ce4108e77,3244,False
data/raw/tago_stops_nearby/2026-09-03/grid_13dfbb75f94bc1aaff562a9d82318ddaa845961db1833e4aecb45327ffdc86cd.json,fb841f3f6b7acaad2979e227676d4bbe02445c5868e6ea90f61c83f70e90037b,fb841f3f6b7acaad2979e227676d4bbe02445c5868e6ea90f61c83f70e90037b,3340,False
data/raw/tago_stops_nearby/2026-09-03/grid_142fd3104745c741fdc027752e11801d2e403bd8026f96030a424101d523bc9c.json,befcbbfe9edb605d61d9f48b8db0289d19a26697658b26b656b825cefeed063e,befcbbfe9edb605d61d9f48b8db0289d19a26697658b26b656b825cefeed063e,227,False
data/raw/tago_stops_nearby/2026-09-03/grid_14391c48a6539ba6e618260f7a31816130936ec4589a71b5e2644449f35eae85.json,85faa53316be96cfa4eeca31bf4a9d86d7f19a6cb739b418ef7172614415d4f8,85faa53316be96cfa4eeca31bf4a9d86d7f19a6cb739b418ef7172614415d4f8,1474,False
data/raw/tago_stops_nearby/2026-09-03/grid_14515062c0f5503f3332d2de8f467fc52d6c4b5fcb00e4ab30553ac8c6df20b7.json,b0c53b99963b98e835d3a85517f4d7c5e1d79aefbae76fe675ceae4d67d772e7,b0c53b99963b98e835d3a85517f4d7c5e1d79aefbae76fe675ceae4d67d772e7,4916,False
data/raw/tago_stops_nearby/2026-09-03/grid_14b65421fd0c4e5e5ae6859b240443ae16a5f616ac4b8fb90382ea7c2ce42287.json,e0e5da587315774d2733a677cba583aed7679c7ed4acf71dca70c98893ff5b95,e0e5da587315774d2733a677cba583aed7679c7ed4acf71dca70c98893ff5b95,3188,False
data/raw/tago_stops_nearby/2026-09-03/grid_14d2174b1c9542e1e54baf47f748289bab138bfa966ba7d3ef36ca2337daedd4.json,d00cdd6d6f0e8433799fbe578dd3d518a2c75b8130d7a778e9e7a5509b554239,d00cdd6d6f0e8433799fbe578dd3d518a2c75b8130d7a778e9e7a5509b554239,1663,False
data/raw/tago_stops_nearby/2026-09-03/grid_14fe3bdfa9242622728d0fd6e7229a096eff4d6943d0261267146aa57576b98e.json,1c936e96659879b0d439ec549307a75d9050656e1b5be3b8d78539895e5f7bfa,1c936e96659879b0d439ec549307a75d9050656e1b5be3b8d78539895e5f7bfa,6389,False
data/raw/tago_stops_nearby/2026-09-03/grid_15620ebec86d1a08cf1fbc8d27ebb19c5d77dbc0f4b02baa39974534e26de624.json,c23c1b13d80952c62824c06f663f1cf71160680de96e7da600c080620331512e,c23c1b13d80952c62824c06f663f1cf71160680de96e7da600c080620331512e,750,False
data/raw/tago_stops_nearby/2026-09-03/grid_156be521e7486f52426f0fcce054753a87fbca5602118329b279041596d91820.json,45d386215f349b15cfc5dfa64694eda43d9784ba5e207dd696ed620eed0d0d65,45d386215f349b15cfc5dfa64694eda43d9784ba5e207dd696ed620eed0d0d65,1251,False
data/raw/tago_stops_nearby/2026-09-03/grid_157aa0998377ab777bee33a72625a0acbe83264a4f8ebfefb9454a9926ad05bb.json,3e6a48b94cdbcb6ccdbd7282daea2d51974bb44f2859eb81fc7336e8169f025c,3e6a48b94cdbcb6ccdbd7282daea2d51974bb44f2859eb81fc7336e8169f025c,4906,False
data/raw/tago_stops_nearby/2026-09-03/grid_1582c371feb071d41e04f9d4b001590328fb3b67cf434a436b8d8a8b663198e9.json,dc0ddcefe7184704b36de7a70f095bc350fd155125bc38cb21d59f4e62518249,dc0ddcefe7184704b36de7a70f095bc350fd155125bc38cb21d59f4e62518249,5293,False
data/raw/tago_stops_nearby/2026-09-03/grid_15a6034b2a87c999489f2ebf987e00e4e6e5d6c2e73cb7d95dceca9d5c9bf4a2.json,07b9c4be6dd2343c59022b6549514f9d9f1788f1b9bcb0df72889fcf3267ba19,07b9c4be6dd2343c59022b6549514f9d9f1788f1b9bcb0df72889fcf3267ba19,4296,False
data/raw/tago_stops_nearby/2026-09-03/grid_15d18a633fc39cd2a95f7e82da9dbab70df1ed65b18b5c655bd5d85e08117291.json,e0e913888436d649796a304122b944d4bbe3b865278f1867f36bd8c3a6963662,e0e913888436d649796a304122b944d4bbe3b865278f1867f36bd8c3a6963662,1219,False
data/raw/tago_stops_nearby/2026-09-03/grid_15f6769f3b835136cde2d3778fbdf45aaf06696c6b02a0a7acb297a60727812d.json,81a591974060ea23eb430d25ef9a596dba04e6e70813c19a55a8282ea298d1b9,81a591974060ea23eb430d25ef9a596dba04e6e70813c19a55a8282ea298d1b9,2969,False
data/raw/tago_stops_nearby/2026-09-03/grid_16093d3e35a1d6ebb99c6604c608a09080cd28dc519d86c4fd543de065d26f23.json,9c61be75bad8479688721d0f009cc9e0c63893267f5d9fd678e9aec6ab8463ef,9c61be75bad8479688721d0f009cc9e0c63893267f5d9fd678e9aec6ab8463ef,3710,False
data/raw/tago_stops_nearby/2026-09-03/grid_16198fe57189aa8fdcf916afc10b8b322bf451dc53ef0102a37b876f250ca717.json,5103c3959992c33daf8d6d4395c1e2cd903d00bc6e29127f13ea7f4d2b275ffb,5103c3959992c33daf8d6d4395c1e2cd903d00bc6e29127f13ea7f4d2b275ffb,6961,False
data/raw/tago_stops_nearby/2026-09-03/grid_16266e9da79b70e361980cfd31202817cd31ba926bb19008a3bda9dfd9a6f783.json,b0812edb052796f499aca829a7428e71973d81856abe65e63a9e5e19ec45872f,b0812edb052796f499aca829a7428e71973d81856abe65e63a9e5e19ec45872f,1550,False
data/raw/tago_stops_nearby/2026-09-03/grid_162bc65e2d4c22fdb74074ab8e5ef56e357f8de8700fea26038448f683ec1e43.json,da52bae30cae2370c0a94a9b519e1d1bc3a5a75474ef1ac212b371e3860aafa7,da52bae30cae2370c0a94a9b519e1d1bc3a5a75474ef1ac212b371e3860aafa7,765,False
data/raw/tago_stops_nearby/2026-09-03/grid_1646965ae91b3df393524ba3f02a810c2a8339c70a317d74f7b020739a77b351.json,291eeb67d24db5b1f4957f3df179639381ae058ccc52d13b480337fdb64dddfd,291eeb67d24db5b1f4957f3df179639381ae058ccc52d13b480337fdb64dddfd,2543,False
data/raw/tago_stops_nearby/2026-09-03/grid_167c1096617d0082fdf20340ee7725f3438b2fa1f2eaa31183482afef9f2d9c5.json,5277cc6426afb3de0ef56a0eacf6e08734559cf8bae00c042207c2b994a2a39e,5277cc6426afb3de0ef56a0eacf6e08734559cf8bae00c042207c2b994a2a39e,3492,False
data/raw/tago_stops_nearby/2026-09-03/grid_167f589a7558435e4b2ddc1943e998106ba16b1fa048120e03984206d82b0e5a.json,3d1d609461115a915b42e8fa0629d6d55d479aadc6c25179709b3070d7886db3,3d1d609461115a915b42e8fa0629d6d55d479aadc6c25179709b3070d7886db3,471,False
data/raw/tago_stops_nearby/2026-09-03/grid_16892ec10741d385816278a22fbbddf62ecb248f1a9fef1b596977c5added8a4.json,1b92cf7da0f447aabce8447c685df465c4a8b73e978f9113355983a6c10860d2,1b92cf7da0f447aabce8447c685df465c4a8b73e978f9113355983a6c10860d2,1711,False
data/raw/tago_stops_nearby/2026-09-03/grid_16ac16d3cc2a09e85010b37220474ee71a8882433da4505dc6d27b1056564c85.json,cbef8e858ccc36b490e72705229bbf350042cbefb83469710dec2e9a30603baa,cbef8e858ccc36b490e72705229bbf350042cbefb83469710dec2e9a30603baa,3691,False
data/raw/tago_stops_nearby/2026-09-03/grid_16ca9fc32f81a87057ef27fc147a9b174876ddb54d9037bd91c0afbd96c57844.json,befcbbfe9edb605d61d9f48b8db0289d19a26697658b26b656b825cefeed063e,befcbbfe9edb605d61d9f48b8db0289d19a26697658b26b656b825cefeed063e,227,False
data/raw/tago_stops_nearby/2026-09-03/grid_16db3b2461efc0cf04a466707ba08860a26575a7232591e775a56eceffa55ef3.json,15a88dfc36db61c2af6abfb0de3e284464692c2ccbcf05848bbdb49a27d6956d,15a88dfc36db61c2af6abfb0de3e284464692c2ccbcf05848bbdb49a27d6956d,3476,False
data/raw/tago_stops_nearby/2026-09-03/grid_16ed44d66c3d95a38fcb5b3213eeb30f3c535db75c42182520233cc856e488eb.json,3a08c1e3ff1bffebc17655ed085dde8bbf03236e1e2a844c60a2f8980aa5f182,3a08c1e3ff1bffebc17655ed085dde8bbf03236e1e2a844c60a2f8980aa5f182,3738,False
data/raw/tago_stops_nearby/2026-09-03/grid_1724990e57bbbd9c3485424a5335e90117bc926aab48f3bd86edf0f2f6876480.json,b81629a84b67aff240f06839048cf271e67c2dd6d9a233458611905a243d8237,b81629a84b67aff240f06839048cf271e67c2dd6d9a233458611905a243d8237,3226,False
data/raw/tago_stops_nearby/2026-09-03/grid_173db76ad517069aa94422add0da1e44397ce3b7990185838f58bebd28fed326.json,8b9449dc86305bd67aa707f315047274252503340284ab8c41915cfcc276eb3e,8b9449dc86305bd67aa707f315047274252503340284ab8c41915cfcc276eb3e,1509,False
data/raw/tago_stops_nearby/2026-09-03/grid_1744e795aac3439c09cc73326c3ed7b1d0563498e90cf1677080b19845702d62.json,01c3737903a65c90b88171c13130f3e82d17cb8c457f547cf2711187d8d2ba27,01c3737903a65c90b88171c13130f3e82d17cb8c457f547cf2711187d8d2ba27,772,False
data/raw/tago_stops_nearby/2026-09-03/grid_176047bf511c1f138ffbcd0f2faa346c434c3773ca053f436d5a6c38dc3f20bf.json,e20fed139f8da780abb742bc254cea5bdb416439ed9cd9cfb599d75b2f5e0a62,e20fed139f8da780abb742bc254cea5bdb416439ed9cd9cfb599d75b2f5e0a62,1686,False
data/raw/tago_stops_nearby/2026-09-03/grid_178ffd765ca6f6828b70aff03f16ff0c4229a298acfc463ad84dca1d415fee16.json,de0cad00dd52b74b7606621eff6955014bd039407d4ba16c403c1a89748aba76,de0cad00dd52b74b7606621eff6955014bd039407d4ba16c403c1a89748aba76,3577,False
data/raw/tago_stops_nearby/2026-09-03/grid_17a11d365bc7ce0e3096ffbd9af1ca75df943dbbb8886e997dba63d907fd6505.json,43be50f314cfc86db3a5e554767eabb640cb6de375a2a54c652d5c8118167e53,43be50f314cfc86db3a5e554767eabb640cb6de375a2a54c652d5c8118167e53,1994,False
data/raw/tago_stops_nearby/2026-09-03/grid_17aeb4e27bf037e135ff79fa5ee2201492cf04a025885fc4742b4aa73a18c359.json,6597b31248c2c0f6fb079dfe05405da486c27ea6e5fabbc13cff62022c5b6e1b,6597b31248c2c0f6fb079dfe05405da486c27ea6e5fabbc13cff62022c5b6e1b,3612,False
data/raw/tago_stops_nearby/2026-09-03/grid_17c2abb6f1042a3706ef9b156e90dd4b4a24cdf1c365d2db1a4ec43243ac157c.json,7f53e22bcbf8edbf878cad1552d386594fc01beff46ccaeb00c310e535d1de4b,7f53e22bcbf8edbf878cad1552d386594fc01beff46ccaeb00c310e535d1de4b,4310,False
data/raw/tago_stops_nearby/2026-09-03/grid_17c3cfd0d6a6e15af4d1f45ee1db861b691de7e027788fd03de8a8d43b5e051d.json,c4ba6367a14723a234380f76ef7cc2c7707823057fcbac203e7700b49d91744f,c4ba6367a14723a234380f76ef7cc2c7707823057fcbac203e7700b49d91744f,4281,False
data/raw/tago_stops_nearby/2026-09-03/grid_17d514b62f30ee7ededd1df60239eb94778b56730bd2acdf8ac8b1e9b142847a.json,dc2a8f2dba93a3fc8ea705a131391f7ffe4ee5607a20a589ef6bd311bdf70250,dc2a8f2dba93a3fc8ea705a131391f7ffe4ee5607a20a589ef6bd311bdf70250,2926,False
data/raw/tago_stops_nearby/2026-09-03/grid_17ebcaa2b32aadcc404b1a27861f335655602410e9de05795b0f027fdecda651.json,befcbbfe9edb605d61d9f48b8db0289d19a26697658b26b656b825cefeed063e,befcbbfe9edb605d61d9f48b8db0289d19a26697658b26b656b825cefeed063e,227,False
data/raw/tago_stops_nearby/2026-09-03/grid_180febf9d6cc2b73e9f00cfa9c3f705184a4178591bc832497588ab695496c02.json,bf738afd732cd7bcca8d19cac3c14cf3b7afe62299cc7f686c0cc2222dfe5673,bf738afd732cd7bcca8d19cac3c14cf3b7afe62299cc7f686c0cc2222dfe5673,3130,False
data/raw/tago_stops_nearby/2026-09-03/grid_182b68b17367c4f73a4b55abaa44055eaef1e667036fbb19089f9d8f723c6672.json,f3c97308c56b7db8e1b5b5f4ad085a49ef265a4c66094f7d1f524cd1273acfa9,f3c97308c56b7db8e1b5b5f4ad085a49ef265a4c66094f7d1f524cd1273acfa9,2206,False
data/raw/tago_stops_nearby/2026-09-03/grid_1861180d4db1d2b8d3fd8b5eca0c21b4e58e2eb7bb561a9b3bfcd62b8cf366cc.json,2092d1ee9fe7dc223ebd33ffae9c8cd2a35c4870e102b1aa05668d6bfa0aa77d,2092d1ee9fe7dc223ebd33ffae9c8cd2a35c4870e102b1aa05668d6bfa0aa77d,3055,False
data/raw/tago_stops_nearby/2026-09-03/grid_1871f866fb5f8f4f1293a699675f83bf7ae311f821a520db932c9156a8e4b404.json,b409951ab5f2206e89638e66f8624e180cd36d80b84a6f244245ed32c1a9f92d,b409951ab5f2206e89638e66f8624e180cd36d80b84a6f244245ed32c1a9f92d,2821,False
data/raw/tago_stops_nearby/2026-09-03/grid_18a456269e0141be0270116c3d8cfdc4dd0430457214241a734b1b043a418025.json,ccc72d5553b96b80ad66352f3759d4958f0fe1e89f7b6af7970bd41d6dee5b05,ccc72d5553b96b80ad66352f3759d4958f0fe1e89f7b6af7970bd41d6dee5b05,4500,False
data/raw/tago_stops_nearby/2026-09-03/grid_18b6ef2f059b615cd11e2966e6522fe5c8bd82e5a553a8d39025a8f8076c6b8a.json,73401695d1e01d43cd9c4ee8653a70c0a3541cae95cb90980d808f25c4dfd532,73401695d1e01d43cd9c4ee8653a70c0a3541cae95cb90980d808f25c4dfd532,3296,False
data/raw/tago_stops_nearby/2026-09-03/grid_18b8606575de6eced87e47b51a4b56ac586129756c36c50dbe32bcfb974f023b.json,60baa69ddfed08cd70385390fad0dc9036cc22cc0b65316e19f907bff73438bd,60baa69ddfed08cd70385390fad0dc9036cc22cc0b65316e19f907bff73438bd,4199,False
data/raw/tago_stops_nearby/2026-09-03/grid_18bc85bc9c34ba2d1bbcfe4026c02b67a13272f8d01cfbdda7e9adf8379fc7f0.json,5d9a11d65836f98d7f23400781587f5b8a7f1247eff49c69be79a53c3de7ff1a,5d9a11d65836f98d7f23400781587f5b8a7f1247eff49c69be79a53c3de7ff1a,5573,False
data/raw/tago_stops_nearby/2026-09-03/grid_18cb4093ff372e4c929fc1a14c851ff7968969ca676ae5d3ca37dc31b86fb523.json,2d40fc1c8afdd4860be490ad0bcda67b2f5c546370a47ab8b7eac5319c595743,2d40fc1c8afdd4860be490ad0bcda67b2f5c546370a47ab8b7eac5319c595743,4298,False
data/raw/tago_stops_nearby/2026-09-03/grid_18dfd5a82725e4d538581f0e03bf1b48950f6585f43e990098ab8420da9475e2.json,befcbbfe9edb605d61d9f48b8db0289d19a26697658b26b656b825cefeed063e,befcbbfe9edb605d61d9f48b8db0289d19a26697658b26b656b825cefeed063e,227,False
data/raw/tago_stops_nearby/2026-09-03/grid_18e018c87b17873fabafce999193f4ff7cd3e2674fbdc36b23c4ff663d5a65b2.json,89b7dc4cf574be77c6abbed7ea49f1b04268f216ee5787967e1295de41dd45b1,89b7dc4cf574be77c6abbed7ea49f1b04268f216ee5787967e1295de41dd45b1,989,False
data/raw/tago_stops_nearby/2026-09-03/grid_18e755f7945750c08df11d0e301ea6804dd5dcc95cdd24e4d89754560bff7c45.json,6c7ce8ec2bd94d96e55824053c05db130b114c511dc4ac67ddd0cf0e3298f7f3,6c7ce8ec2bd94d96e55824053c05db130b114c511dc4ac67ddd0cf0e3298f7f3,2982,False
data/raw/tago_stops_nearby/2026-09-03/grid_18e7e942942790570bb360d715dfe0897a449592ccc7571b1ad8f37c3f78055b.json,6ef96ab9c8005f6bbe62a9cdb5be4596a457b183992773496225793964a70873,6ef96ab9c8005f6bbe62a9cdb5be4596a457b183992773496225793964a70873,1253,False
data/raw/tago_stops_nearby/2026-09-03/grid_191f0c2f2fb27aff50ace4f666545e43f882c624a7db2697ed881d80d1b10d7d.json,f9b9943864c32694d4e4d00d8ba6b772ef75b577350fb082d5086fac091242df,f9b9943864c32694d4e4d00d8ba6b772ef75b577350fb082d5086fac091242df,1226,False
data/raw/tago_stops_nearby/2026-09-03/grid_193d52717052213b9e6ac6c5c72e8a09bd91c07d78127b2303195fb9fc94f88f.json,befcbbfe9edb605d61d9f48b8db0289d19a26697658b26b656b825cefeed063e,befcbbfe9edb605d61d9f48b8db0289d19a26697658b26b656b825cefeed063e,227,False
data/raw/tago_stops_nearby/2026-09-03/grid_198315047888264f7bbf50f2f699c3e69955e4a2772ae66afc7434f0f31da476.json,262e19b17fb8c0f8a2a4fb6138ea7a6cb060194a398567f1455906a7c2b50dde,262e19b17fb8c0f8a2a4fb6138ea7a6cb060194a398567f1455906a7c2b50dde,4524,False
data/raw/tago_stops_nearby/2026-09-03/grid_199e989d0032c7c47a311fcd394bbb659e053daa9e39dc022623b34484a60e68.json,acf2bb0c99834a187bab05d9c9560e11d56987a2a7d4ae538d4936939e5eb840,acf2bb0c99834a187bab05d9c9560e11d56987a2a7d4ae538d4936939e5eb840,3118,False
data/raw/tago_stops_nearby/2026-09-03/grid_19c67a97c5f0c3e8dcd1b22b655baeb6d8a414250f928e04ce161a1c9e97bc30.json,44cba5edf0a3fd6ffd7a48fe007026544e161e5af2dc137939fc56ae6f0a4518,44cba5edf0a3fd6ffd7a48fe007026544e161e5af2dc137939fc56ae6f0a4518,3694,False
data/raw/tago_stops_nearby/2026-09-03/grid_19d3e47436b43ce6d10e96b14a9a61f22de7c7d16b96033c5849a8572ee0a4a8.json,2aede54e8e17bb51f7182f02b14f159b61400f2753223aa949fe5201ca943ea5,2aede54e8e17bb51f7182f02b14f159b61400f2753223aa949fe5201ca943ea5,2810,False
data/raw/tago_stops_nearby/2026-09-03/grid_19ea36dcc070670950994f6ad64b9af683d3175c14fbaabf20aab4f7d3f5d92c.json,1dd230135d33519b5bf718fe6748418acb759d7478e625f1200d8e9cbcba992e,1dd230135d33519b5bf718fe6748418acb759d7478e625f1200d8e9cbcba992e,2688,False
data/raw/tago_stops_nearby/2026-09-03/grid_19f9c7b7b43cd24d9770299519b4ff7cb02f25e9634118628b298ea0439a83e0.json,e817a485621994cbe1350e38bd01b075a693299ddd4cede97e1686e665314bad,e817a485621994cbe1350e38bd01b075a693299ddd4cede97e1686e665314bad,1210,False
data/raw/tago_stops_nearby/2026-09-03/grid_1a6872b7deaada0369362025abdb6088612d371b8c4a0acaff999e770fabae94.json,2775d1d83f70f9cd2fb6871d0b0ec06acca3331747186c31e9399c1bac4496b8,2775d1d83f70f9cd2fb6871d0b0ec06acca3331747186c31e9399c1bac4496b8,3450,False
data/raw/tago_stops_nearby/2026-09-03/grid_1aee17d5310631e8bc80ab273b9977c80c4e853a54702a8a068b90a80e7b3da0.json,befcbbfe9edb605d61d9f48b8db0289d19a26697658b26b656b825cefeed063e,befcbbfe9edb605d61d9f48b8db0289d19a26697658b26b656b825cefeed063e,227,False
data/raw/tago_stops_nearby/2026-09-03/grid_1af06ac4423e397a2e388db7f2df56fb8419c102ac1a416f1be29a1d734b5c5d.json,618cd6e36a91c208d8ba19498f4fbcbd2cf612713e0f008b41f5f73da0e34bf4,618cd6e36a91c208d8ba19498f4fbcbd2cf612713e0f008b41f5f73da0e34bf4,4684,False
data/raw/tago_stops_nearby/2026-09-03/grid_1b0c43149eb630c4a75b8a757cbca3909855c14f200e6f32c1cb1922ce2f80cf.json,f625596febb02a670d51a8897df29dbbc1ac564db1ce1107d2a99b42b7e93849,f625596febb02a670d51a8897df29dbbc1ac564db1ce1107d2a99b42b7e93849,6737,False
data/raw/tago_stops_nearby/2026-09-03/grid_1b176c7bec72ec4a1d954bb7a17e13e43717e6ca20b81bba8dd72177bdc53d13.json,5a6c52d6cd84c3d7772d9848b254ab2af92d6392a04cbdadef867bfbb18c87ae,5a6c52d6cd84c3d7772d9848b254ab2af92d6392a04cbdadef867bfbb18c87ae,7148,False
data/raw/tago_stops_nearby/2026-09-03/grid_1b21ab247fa1ca2216fe6d264dc81058705bbbb458ad9614983525cc316d5ae1.json,0ef505f626bbda49ec45e64e3cc4102e312eb4ba83898f546e81768aa538e3a4,0ef505f626bbda49ec45e64e3cc4102e312eb4ba83898f546e81768aa538e3a4,3900,False
data/raw/tago_stops_nearby/2026-09-03/grid_1b3b00a44fe53d950bf6b06ab3b96479089f9b5dad802c115e60a57eddd18918.json,cba7745ff1aae0be47252386344ee7bd24e78ce9b44870c4875f969a55b20444,cba7745ff1aae0be47252386344ee7bd24e78ce9b44870c4875f969a55b20444,2097,False
data/raw/tago_stops_nearby/2026-09-03/grid_1b424d8525b47a4179ab0eac454ca30dc4da6f0a403a434fc18472b8be0e9b77.json,c92b1b559c017ab5928b7b8c06e6ca3cad6419469e431530fb449f40ab9397ce,c92b1b559c017ab5928b7b8c06e6ca3cad6419469e431530fb449f40ab9397ce,3483,False
data/raw/tago_stops_nearby/2026-09-03/grid_1b616d587240b7fc6762e5c28aeef94f72b021addf7573ab796fdfc133e62187.json,f5968b784c2a80dbfe63053553145a601ba64e15fe8610307593ca6843616043,f5968b784c2a80dbfe63053553145a601ba64e15fe8610307593ca6843616043,5929,False
data/raw/tago_stops_nearby/2026-09-03/grid_1b7848eebf2afc3899099df798bca412adefdc746b3a913463581f1ec44e1b70.json,16da0745a1bd11530a9e25f44b754cdb1ec4850fe5fba803a3f2825cfe80453f,16da0745a1bd11530a9e25f44b754cdb1ec4850fe5fba803a3f2825cfe80453f,4064,False
data/raw/tago_stops_nearby/2026-09-03/grid_1b84b1143b51f487502801f29d874b36a681eef6c464751f327a509a4ce95dfa.json,befcbbfe9edb605d61d9f48b8db0289d19a26697658b26b656b825cefeed063e,befcbbfe9edb605d61d9f48b8db0289d19a26697658b26b656b825cefeed063e,227,False
data/raw/tago_stops_nearby/2026-09-03/grid_1b8d3282b735b70f6a59994ba1e88bba0ff1dd73a6f1280814397863064075e0.json,255924f6112645c86c92a97308ca8a11c9b222ef8dd9d4878425260a0dd21d0a,255924f6112645c86c92a97308ca8a11c9b222ef8dd9d4878425260a0dd21d0a,4712,False
data/raw/tago_stops_nearby/2026-09-03/grid_1b8fc770e1e663893ead90822d691d6ecf429a6897550448c9dacb0ecefe1ba6.json,f6d3051190e9f672a774b7f239bfc3a4705b655a5598da9ae80655360475cac7,f6d3051190e9f672a774b7f239bfc3a4705b655a5598da9ae80655360475cac7,2758,False
data/raw/tago_stops_nearby/2026-09-03/grid_1b96173ae27413c11c6860081440a1ea0a8467dc506162b05d7dc29605007e6e.json,909cdeb4667afebc4a524f2ae170ca6d75cc9b1e7a21cf1783aa22e58935c099,909cdeb4667afebc4a524f2ae170ca6d75cc9b1e7a21cf1783aa22e58935c099,3961,False
data/raw/tago_stops_nearby/2026-09-03/grid_1bae1c97244abdf26c40e10ab269facae682b96f4a1a9f4685e7a4b34ce031db.json,0d32903cf2c95518fc54a323639b63a6c355770c337707c937152255393ffccd,0d32903cf2c95518fc54a323639b63a6c355770c337707c937152255393ffccd,1318,False
data/raw/tago_stops_nearby/2026-09-03/grid_1bb72c88edbec8ed96efe19bdedbb7a0dd7f9b26fc7e065b3e0eebca5ab108ea.json,18fea23534f30e0d150e8e967cb67fa6fb4a24b86f1594c1065904a196219a06,18fea23534f30e0d150e8e967cb67fa6fb4a24b86f1594c1065904a196219a06,4013,False
data/raw/tago_stops_nearby/2026-09-03/grid_1bc669d4cafaa3c72b43dde2cc887fef1ddd956aa48e0bfd119bc81631b6450b.json,6bb4a281f0a665ba41cfbd11e42b93926f61d0941ab4f0e3337317fca4ef179b,6bb4a281f0a665ba41cfbd11e42b93926f61d0941ab4f0e3337317fca4ef179b,4883,False
data/raw/tago_stops_nearby/2026-09-03/grid_1bd63b361d5b9534f3495699337f8d607f3bbb1318db41dcca287c7540d81282.json,4c8dee28702a0020f25ed923f5aee695120bb42df2fbf1de366b38e7cb463d22,4c8dee28702a0020f25ed923f5aee695120bb42df2fbf1de366b38e7cb463d22,7058,False
data/raw/tago_stops_nearby/2026-09-03/grid_1c1f463dc466913e8b08a94215ea85f6ee0eac64e7f842c00c35745d591972e4.json,dc7e7e2e059f753cefca5cb5b08236f3dca5d9809a25c80c26c9ed907c2f6a31,dc7e7e2e059f753cefca5cb5b08236f3dca5d9809a25c80c26c9ed907c2f6a31,3669,False
data/raw/tago_stops_nearby/2026-09-03/grid_1c23eccb6bac711d721f8f461c12b15d28c3851eb265bb868e1edb755ac897a9.json,80d03d13c201717e110533c9c357ef8fe94da33c7be30d47cdd274c3620b3db7,80d03d13c201717e110533c9c357ef8fe94da33c7be30d47cdd274c3620b3db7,3571,False
data/raw/tago_stops_nearby/2026-09-03/grid_1c5391ce4eaa4e2a5e5fc2b1ff1039cfa81c03b1947570d400c9e8e6a4a281ea.json,cb0657d2783d1a18de2d5d5c61e61d04b020c7ee9995274ff2e5b875a719672b,cb0657d2783d1a18de2d5d5c61e61d04b020c7ee9995274ff2e5b875a719672b,3482,False
data/raw/tago_stops_nearby/2026-09-03/grid_1c54c108f53c0a3ad9a39c8c011268b99325033d18d66fd5c6c48d86ff60f4dd.json,579f21b94256b3bbfa9fcf7dcfbb30d6b6183e36900d9338928fb0a4c09090f7,579f21b94256b3bbfa9fcf7dcfbb30d6b6183e36900d9338928fb0a4c09090f7,1959,False
data/raw/tago_stops_nearby/2026-09-03/grid_1c812ad99283533d085caf3081e7a8701c721b39a57a30afda8a50d9c20c6f7e.json,a9d5a538eb2934f2beb1a52ee457d3e6f630f74989601745e4ab480c814d557d,a9d5a538eb2934f2beb1a52ee457d3e6f630f74989601745e4ab480c814d557d,4280,False
data/raw/tago_stops_nearby/2026-09-03/grid_1cbe6a7478addcfbcf44fb8d0e3681084969793108eab8e24417f374f673a619.json,2099052fb8cdb3bcf00da1ffbe135c6a4e27a18d982cb246dc8b1ab2d9550211,2099052fb8cdb3bcf00da1ffbe135c6a4e27a18d982cb246dc8b1ab2d9550211,2214,False
data/raw/tago_stops_nearby/2026-09-03/grid_1cc8a606fe91d6161d624a652c0e5b2982d0f895f62fe07c1a74fefdc31adfa5.json,befcbbfe9edb605d61d9f48b8db0289d19a26697658b26b656b825cefeed063e,befcbbfe9edb605d61d9f48b8db0289d19a26697658b26b656b825cefeed063e,227,False
data/raw/tago_stops_nearby/2026-09-03/grid_1ce00c6af29a3355724abb652e5eda4fabd5a96fe9dac9f52a757ad51f4a76ec.json,80ce171b3d2246c341790ce6aae4f5faa3166ee9db24f55bbe1b5bcdba1c7cfb,80ce171b3d2246c341790ce6aae4f5faa3166ee9db24f55bbe1b5bcdba1c7cfb,3306,False
data/raw/tago_stops_nearby/2026-09-03/grid_1ceb149d77934f60085e06a27ff0d1d0112ca1cf8fc97315ea42a50569fe8ad0.json,19ad2a782d3e7f50b463a9d61827d4999e2f83ced21fccf6e8d8afe96cd281d4,19ad2a782d3e7f50b463a9d61827d4999e2f83ced21fccf6e8d8afe96cd281d4,5706,False
data/raw/tago_stops_nearby/2026-09-03/grid_1d3f4b443c9c43ea42cd2d6af4a9e8119f6e7d9e3054d6e18aa5f3b69be92eee.json,befcbbfe9edb605d61d9f48b8db0289d19a26697658b26b656b825cefeed063e,befcbbfe9edb605d61d9f48b8db0289d19a26697658b26b656b825cefeed063e,227,False
data/raw/tago_stops_nearby/2026-09-03/grid_1d4eb51bb1b82b4f74e1b6a3826730bc8002b30cb5aa106dd8db4dcac8b01898.json,b2354273c614ffd22f129c7fbbb894b2249b1c6116f85ca6da6876b048ec2847,b2354273c614ffd22f129c7fbbb894b2249b1c6116f85ca6da6876b048ec2847,5185,False
data/raw/tago_stops_nearby/2026-09-03/grid_1d603c22fdec6b3fac72c76dbda80dec95fbd0157ce079538b06b37b5a0c788b.json,72368f9a39409e9cbe6e3ac2abd01bac730fb996d4e827d7e4e8da4422f828f9,72368f9a39409e9cbe6e3ac2abd01bac730fb996d4e827d7e4e8da4422f828f9,3907,False
data/raw/tago_stops_nearby/2026-09-03/grid_1d6d7da2040ea9cf06f2a0c88d2f7e5344e35a02253ad456801e645cfae4e4a9.json,ded06dd929c1a5dd34aba4b4dc64408b5996a8a57068e98eac5fb243a145bd11,ded06dd929c1a5dd34aba4b4dc64408b5996a8a57068e98eac5fb243a145bd11,6931,False
data/raw/tago_stops_nearby/2026-09-03/grid_1d8305a566041320d3d74464842cc843b696caf8a8212443ed5f066bf8461f1f.json,a785ce70c8be26de7e18a29e07a8738eaacaaa5c29af0eb316ead37e3b87aede,a785ce70c8be26de7e18a29e07a8738eaacaaa5c29af0eb316ead37e3b87aede,3285,False
data/raw/tago_stops_nearby/2026-09-03/grid_1d980f3fde7161ac662e566ed06631c3d1d5ebf0475660464d4a79ef43a4f9e8.json,9e28f045bb15f17aa4e19850c31e640f8ff15ac010175e91ddae82797becf33c,9e28f045bb15f17aa4e19850c31e640f8ff15ac010175e91ddae82797becf33c,3053,False
data/raw/tago_stops_nearby/2026-09-03/grid_1d9df4a333df024bf35bfc713a9bb9801350f67d229b7ad1249df34de499c95d.json,6bcd67f5f1b644d3bfc1bfd6d8a8fc0aeb5dd85d24dee1e4860d2b15d32ea4a8,6bcd67f5f1b644d3bfc1bfd6d8a8fc0aeb5dd85d24dee1e4860d2b15d32ea4a8,3032,False
data/raw/tago_stops_nearby/2026-09-03/grid_1d9f4385da0b4cb3e83bb4b054f57b715b77f1febd114a67967c6c4c8b91448d.json,6eacc11a8822588c85434e62f91d7e65bb80e215ba8d9d6d2480bcdabf3dfa60,6eacc11a8822588c85434e62f91d7e65bb80e215ba8d9d6d2480bcdabf3dfa60,2757,False
data/raw/tago_stops_nearby/2026-09-03/grid_1dc2090d21752166254f56e44847d67c2f80270d6f49c6148b99332354450ce0.json,f57755d7e5bba09919a6ef47cff4dfd91bf8dc0cf19360b063f30b88eb3f78a0,f57755d7e5bba09919a6ef47cff4dfd91bf8dc0cf19360b063f30b88eb3f78a0,3307,False
data/raw/tago_stops_nearby/2026-09-03/grid_1dd5e17a3266f8ba1c5acb8db46e635d7d18b54a5f5206fa8ab9039b9cde3445.json,778fe8ac8afc322cd26a7bf46143ffedac7ff3858fcf1eebd1b3d16d538ad90d,778fe8ac8afc322cd26a7bf46143ffedac7ff3858fcf1eebd1b3d16d538ad90d,4001,False
data/raw/tago_stops_nearby/2026-09-03/grid_1e0420b5c24bdaa7ca9f55d1b57a0a740666ca1264ce242f86642e79c2a9d371.json,3cc30f08c619d7144e12bfed1e761999fe84764a703607af36bad5f07897a38e,3cc30f08c619d7144e12bfed1e761999fe84764a703607af36bad5f07897a38e,3446,False
data/raw/tago_stops_nearby/2026-09-03/grid_1e0f6645c3acae4eb8d9d18111d70e8067004e8c9b15a84622755e609e770676.json,b1037fab22d121dd9efddf6e4d43d850ae62a0d6aafa22a3f6f8f0da72a3ce40,b1037fab22d121dd9efddf6e4d43d850ae62a0d6aafa22a3f6f8f0da72a3ce40,1496,False
data/raw/tago_stops_nearby/2026-09-03/grid_1e177fa7b85685dd8433beedf9baa928d4fd43fb0026dec810a3c6c693c5853d.json,80c21b7526ec78838c21ce8281035b70d4e0afa5a27739bfcd7f890dfec1fffe,80c21b7526ec78838c21ce8281035b70d4e0afa5a27739bfcd7f890dfec1fffe,4274,False
data/raw/tago_stops_nearby/2026-09-03/grid_1e359598ee2e9081ef6855304bd5d5ea6a1be154149c02b0f11fa888addc85d1.json,9261c4b334009d6cc42fd045342418c00af757a55e40ab686841479237749a26,9261c4b334009d6cc42fd045342418c00af757a55e40ab686841479237749a26,815,False
data/raw/tago_stops_nearby/2026-09-03/grid_1e39f3681da81b98f1fb899d8806f88157718a8fbd36e9eda77be8a8937176c2.json,d5ff263e63e44b2494f3ef4b2f6eecb290453882a5f85d095a0f3686f459dec9,d5ff263e63e44b2494f3ef4b2f6eecb290453882a5f85d095a0f3686f459dec9,731,False
data/raw/tago_stops_nearby/2026-09-03/grid_1e4fc2453667c5e2f08e090c42199b92a6594091b4eb05d2dcb1fd51b5c40e64.json,befcbbfe9edb605d61d9f48b8db0289d19a26697658b26b656b825cefeed063e,befcbbfe9edb605d61d9f48b8db0289d19a26697658b26b656b825cefeed063e,227,False
data/raw/tago_stops_nearby/2026-09-03/grid_1e5352e942158d9c4c11af08e51703a83a331a9bdb79623b8a648e5173d99bfc.json,b9e07a9f63a788d5e4656dab7e80c46eb2b81807c7051490f99af2893ea99812,b9e07a9f63a788d5e4656dab7e80c46eb2b81807c7051490f99af2893ea99812,2703,False
data/raw/tago_stops_nearby/2026-09-03/grid_1e552561bdf003e4d8929444092bf2332c3ea47ca860760b2ffc18001415ff4e.json,228841b4aa989ac0bd1ff183573bb64d907c816acefbfe9166734915f8ab2655,228841b4aa989ac0bd1ff183573bb64d907c816acefbfe9166734915f8ab2655,5614,False
data/raw/tago_stops_nearby/2026-09-03/grid_1e7eccd71a49600736e63e95c60f496fdda989baed311a5f6255cff141c5e98f.json,f81b77d5dc36da863b8ed2aa8b9fe32d3a1b0db74d9afc1f382130106ffc3b47,f81b77d5dc36da863b8ed2aa8b9fe32d3a1b0db74d9afc1f382130106ffc3b47,2558,False
data/raw/tago_stops_nearby/2026-09-03/grid_1e96b42ece2ce92b890aeea6466eecbd6110691d959a8add01c9832e016f5aee.json,9978770c1d38a72fd4daf469d4977b562e66eaef19533fd52e20ae1115101e32,9978770c1d38a72fd4daf469d4977b562e66eaef19533fd52e20ae1115101e32,5025,False
data/raw/tago_stops_nearby/2026-09-03/grid_1eb1ce46cc39102b07974b8dbc8863d90c3bb688aaef48d4e50356f5b54e1da6.json,ad39dc3fe84f8b64c719861dace20b5dc1036cd0285e5a20977b54ae8d4b9528,ad39dc3fe84f8b64c719861dace20b5dc1036cd0285e5a20977b54ae8d4b9528,5692,False
data/raw/tago_stops_nearby/2026-09-03/grid_1ed16964341e52e730ea30ffaca679157c2aa6148e19f0b8a220b3435d103ae1.json,f9bc4fcdeb9c0ca13c620a501e42a298d9e65f0b8e6f03d5a74b33e23fb20aed,f9bc4fcdeb9c0ca13c620a501e42a298d9e65f0b8e6f03d5a74b33e23fb20aed,752,False
data/raw/tago_stops_nearby/2026-09-03/grid_1eef08972058986c615741b214786e3de6a11e5b825511cb5bca0d9e80a4462c.json,25c2643e5c95f5906db7bbd7b9d2375f769e6e3f9f0b1d91c6abebf1fb072e60,25c2643e5c95f5906db7bbd7b9d2375f769e6e3f9f0b1d91c6abebf1fb072e60,2551,False
data/raw/tago_stops_nearby/2026-09-03/grid_1f0eb5876e979b229cd5f687fd21427c3f5cec8172e8d99af9738ce291567d2b.json,2a720f2d4426b23e02d6e144bc20dac48e3a7a275f3322dbb794c40e763f9674,2a720f2d4426b23e02d6e144bc20dac48e3a7a275f3322dbb794c40e763f9674,1588,False
data/raw/tago_stops_nearby/2026-09-03/grid_1f3c6cad02dd43b3484492e9c48a7d7e6c4b2057a4556f5f8d3c2d5c3996fc49.json,a798fd2a530a9966003f0ff5748afa11bd49a01fb9a008cc2ea89c0c659d9183,a798fd2a530a9966003f0ff5748afa11bd49a01fb9a008cc2ea89c0c659d9183,1610,False
data/raw/tago_stops_nearby/2026-09-03/grid_1f439f699e50c57824d696d37d9289e5805911bd6f1f42011b8635b7595ac545.json,a59d793c2e217b977bf953d68140b20d22b694608fcf48d1f680ebe085e9ea2b,a59d793c2e217b977bf953d68140b20d22b694608fcf48d1f680ebe085e9ea2b,5280,False
data/raw/tago_stops_nearby/2026-09-03/grid_1f44d83e139336b8103fe43ac14ac1e32830b8c78b1f07fad04d42b9d0ff4ba6.json,7bb1a8af0a7246800e891633a8cc7b368a483fe7cba2f2127f38ac9661c53b15,7bb1a8af0a7246800e891633a8cc7b368a483fe7cba2f2127f38ac9661c53b15,725,False
data/raw/tago_stops_nearby/2026-09-03/grid_1f4efeba0eea265d33a9c07bf69f10bf36e5e999e210dce54c1d774b1b8493da.json,f44ea10b51a5e1adc2c3db2e31f2e5b9c93a6ca164ed8b97e6cdd692c542ac16,f44ea10b51a5e1adc2c3db2e31f2e5b9c93a6ca164ed8b97e6cdd692c542ac16,736,False
data/raw/tago_stops_nearby/2026-09-03/grid_1f528b7a550a1f404366c4cb25882d5455fa12dc031e4f81310eb6b044fe8ece.json,e0ef86c8fc69cf188be38480f4d61d2164e6a8d1d643cecbd402f3e65908e8cf,e0ef86c8fc69cf188be38480f4d61d2164e6a8d1d643cecbd402f3e65908e8cf,3225,False
data/raw/tago_stops_nearby/2026-09-03/grid_1f65184b0be485ea72245057d87d0e7a7a29eb8af6537c43a92926dceba4c32b.json,f23319e4656d27ca9d0c13809ba32a47e6ae983fb23fd1ee000b3f14da88b34b,f23319e4656d27ca9d0c13809ba32a47e6ae983fb23fd1ee000b3f14da88b34b,468,False
data/raw/tago_stops_nearby/2026-09-03/grid_1f79d92b851e78d32839e1797704f865df17a89fa629f3ef07ea897eba2d9795.json,51e3558047a864c5af999560757edb446032f23ed7b6fbb8665e9b7d803516a6,51e3558047a864c5af999560757edb446032f23ed7b6fbb8665e9b7d803516a6,4336,False
data/raw/tago_stops_nearby/2026-09-03/grid_1f95195e6073dc9d7f387ed7d94552aa1b7154ac95cc5b32b6055d6dd7989d52.json,a0554babccfda33efe6d97d1f6abd47b40e328081ad440fb9ba5a475666ba2cb,a0554babccfda33efe6d97d1f6abd47b40e328081ad440fb9ba5a475666ba2cb,6597,False
data/raw/tago_stops_nearby/2026-09-03/grid_1fa9add60d96604b5ac58a9da7fcb64efcb4e22662bc166bd82d5800ed85f95a.json,befcbbfe9edb605d61d9f48b8db0289d19a26697658b26b656b825cefeed063e,befcbbfe9edb605d61d9f48b8db0289d19a26697658b26b656b825cefeed063e,227,False
data/raw/tago_stops_nearby/2026-09-03/grid_1fc34c31919cbeb387e3f26c8a6f30e29bb14d85e846cfe1a539d6c3fc5a5634.json,e03fdc924121bb663254afcfda663a5ab13cbffaaeb1e84fbd79f4484a94fc8a,e03fdc924121bb663254afcfda663a5ab13cbffaaeb1e84fbd79f4484a94fc8a,2790,False
data/raw/tago_stops_nearby/2026-09-03/grid_1fc8511a9df0c71c754846cbb75671862ec6a555c3b5ca381bc815db51887882.json,b61c396276c4655dc56865c7213d741a1c25569f06633c91416b14bc38a80253,b61c396276c4655dc56865c7213d741a1c25569f06633c91416b14bc38a80253,1786,False
data/raw/tago_stops_nearby/2026-09-03/grid_1fdfa58d1cac2f0ecc17c2f870f8c98d0db5d150902f5fbb70e312702fc66c3a.json,cfb7e7d4104bc6b2f25fb529c4799278dee7d926190ea27dbe368b58d5b37b02,cfb7e7d4104bc6b2f25fb529c4799278dee7d926190ea27dbe368b58d5b37b02,7400,False
data/raw/tago_stops_nearby/2026-09-03/grid_2032f1ced64bd9ba0e8b8c43f6de23873504e9e4defb1a8e130d147bc17824d2.json,befcbbfe9edb605d61d9f48b8db0289d19a26697658b26b656b825cefeed063e,befcbbfe9edb605d61d9f48b8db0289d19a26697658b26b656b825cefeed063e,227,False
data/raw/tago_stops_nearby/2026-09-03/grid_2069e3c17c111b8347ee27b2d510be658c05be689f207dca97a237c8cc7bc962.json,7e08997346745905d3d3816c3a13750aee459e5f39fd517c35cf5e9fa8103a1a,7e08997346745905d3d3816c3a13750aee459e5f39fd517c35cf5e9fa8103a1a,3927,False
data/raw/tago_stops_nearby/2026-09-03/grid_208415a42b6fe0c2c77aa9422e2804fdb42488a4b5bfe770e4f6e1216b26852b.json,ba42134b8ddce9940d17de59e084a31a7b2c974e15f86f7a96d8893b6e61912f,ba42134b8ddce9940d17de59e084a31a7b2c974e15f86f7a96d8893b6e61912f,725,False
data/raw/tago_stops_nearby/2026-09-03/grid_2096b57c4c5be022a30e7ee2db07abb4193fd3b312a455dc2c4751841ecd99ff.json,103c73e20bb3ee10324ce0fba79043250827f52c8e55bcae1df33cbb6ceb695c,103c73e20bb3ee10324ce0fba79043250827f52c8e55bcae1df33cbb6ceb695c,2726,False
data/raw/tago_stops_nearby/2026-09-03/grid_20a6de521e36b93297099b3ffbb678102ef690ae43cddacca039ab27211b0d7e.json,11fdf394546bddad4b641f3942b571cfa23882483457966633534e48d345509b,11fdf394546bddad4b641f3942b571cfa23882483457966633534e48d345509b,1701,False
data/raw/tago_stops_nearby/2026-09-03/grid_20b1d72fe9cb544d45af8ece621ae5a3b09adefbdd70af9cff24c2a08a19c0ca.json,f6b51cc0532eedc87e1790cb6257b61cb7dfc4c00e3bc3e95ec04da49b7a0a03,f6b51cc0532eedc87e1790cb6257b61cb7dfc4c00e3bc3e95ec04da49b7a0a03,4679,False
data/raw/tago_stops_nearby/2026-09-03/grid_20ee094682e26764643321906053aa003207e07eefbc3c99887f639487b6dd73.json,1b409507e1a6600dcf79af034f326ddc638c92b7c08b92227fc0442df8859159,1b409507e1a6600dcf79af034f326ddc638c92b7c08b92227fc0442df8859159,3706,False
data/raw/tago_stops_nearby/2026-09-03/grid_210980093e343f2803dbb143198537a12a8764ec47e70050bc629452b3c28061.json,816b74aaa5fe1df96200c7997435d2715f04e49d86284a7d21816ce8581b2628,816b74aaa5fe1df96200c7997435d2715f04e49d86284a7d21816ce8581b2628,4663,False
data/raw/tago_stops_nearby/2026-09-03/grid_210ed16667755306859094f5456fc1c36751d22eaeee8e3aa36c49889d30029e.json,13b94e52ff4e792d74a400b7e2c4a0d057dd2d34a69d8b640407cfffd12c98a5,13b94e52ff4e792d74a400b7e2c4a0d057dd2d34a69d8b640407cfffd12c98a5,1981,False
data/raw/tago_stops_nearby/2026-09-03/grid_211810b1689a1f329ef718f2a868cf9bc573d066b64458ea1228fe4b7671767e.json,d93ca5c2dbf69e1c8daa04929380f512fef06b2915ea82a0af09fc7671eae9a5,d93ca5c2dbf69e1c8daa04929380f512fef06b2915ea82a0af09fc7671eae9a5,2509,False
data/raw/tago_stops_nearby/2026-09-03/grid_211ee6d8a8bd823b6d2b38463e9ccb3b1a2799de43135f147c0fe5abb0923955.json,1b7a9b5eddfd10300b2894c69b4fbb254a12155bc2c8225033484b4c495a7ca5,1b7a9b5eddfd10300b2894c69b4fbb254a12155bc2c8225033484b4c495a7ca5,4089,False
data/raw/tago_stops_nearby/2026-09-03/grid_21b71517436efc9ce31e4184ac018d45565a14085746c4cfc227a56c155bc06a.json,4d669d7143182cfee45171603e8d1c6c72cb5c8ebdbbdd00eb7d0fbadee0545d,4d669d7143182cfee45171603e8d1c6c72cb5c8ebdbbdd00eb7d0fbadee0545d,5435,False
data/raw/tago_stops_nearby/2026-09-03/grid_21c6dc01a6d7e4d335f34d00cee81c7a32ae1cfd4b01f13103f6cb82481b5b03.json,4b1edafc54adf131e0245f78e4938a5fc05bfc09769f7975d88959ae1e45816f,4b1edafc54adf131e0245f78e4938a5fc05bfc09769f7975d88959ae1e45816f,1783,False
data/raw/tago_stops_nearby/2026-09-03/grid_21dd60dc9a686495aa2732783d08f2e9420ca54e457336cfacd2856110a95abb.json,befcbbfe9edb605d61d9f48b8db0289d19a26697658b26b656b825cefeed063e,befcbbfe9edb605d61d9f48b8db0289d19a26697658b26b656b825cefeed063e,227,False
data/raw/tago_stops_nearby/2026-09-03/grid_21f124818d3b4d68c7c5e81c21ff40724e5587e2f9c2ea16e05075e20f160ace.json,c427167cfad5eb5d0938500497ce15d79d10a9ccc52e40327e6e0ff3dcb75407,c427167cfad5eb5d0938500497ce15d79d10a9ccc52e40327e6e0ff3dcb75407,2246,False
data/raw/tago_stops_nearby/2026-09-03/grid_21ff839634fb5c23ceb780e9d20d7de8b92e8977da24271bf533c42773d3d232.json,2e0d297bfa68c74edfaeeeee331b06b213358d826179b1d018ef46fab35a9e9e,2e0d297bfa68c74edfaeeeee331b06b213358d826179b1d018ef46fab35a9e9e,3499,False
data/raw/tago_stops_nearby/2026-09-03/grid_2203209b079581610a69d922759f29123ed32606f4f037d22b8ff4babab90972.json,b534c18f8d3b689f34168f90ed2354c4539943ff8a9ccc623e9838a76c410ce6,b534c18f8d3b689f34168f90ed2354c4539943ff8a9ccc623e9838a76c410ce6,3011,False
data/raw/tago_stops_nearby/2026-09-03/grid_22042c31e42f03914b0757551b060b1a22010baa796c1c68be388898cd9d7ee2.json,befcbbfe9edb605d61d9f48b8db0289d19a26697658b26b656b825cefeed063e,befcbbfe9edb605d61d9f48b8db0289d19a26697658b26b656b825cefeed063e,227,False
data/raw/tago_stops_nearby/2026-09-03/grid_2212093496b24ebd1476c51f98fd057d0fc70d9abd376dd5a3ce08b07bd41a72.json,a698cd22c3646c6196a805b81f5b093ed25993f0d59eae8e5362195093437ebf,a698cd22c3646c6196a805b81f5b093ed25993f0d59eae8e5362195093437ebf,1510,False
data/raw/tago_stops_nearby/2026-09-03/grid_224fd2a7c5e812330194d7f3a2f20cccb6414ba25a6e5bf07dff67b28e99a8d3.json,c8449dae186ce0059b0d79eef33ada27fe82bd8537598fbd0a6870bf87374b66,c8449dae186ce0059b0d79eef33ada27fe82bd8537598fbd0a6870bf87374b66,1200,False
data/raw/tago_stops_nearby/2026-09-03/grid_225ad53f4d5f0fec4a57637bf1bfdec08c585511bf75688fc7e1bfc07c26e9c0.json,67cfe666ee8dfd63794628a05b7b3d69b57fb695d2a3e99cba94b44a52ada00d,67cfe666ee8dfd63794628a05b7b3d69b57fb695d2a3e99cba94b44a52ada00d,2198,False
data/raw/tago_stops_nearby/2026-09-03/grid_22778ef770b53a348e532a45a730df84b65379396242701e6939ef093b59968d.json,befcbbfe9edb605d61d9f48b8db0289d19a26697658b26b656b825cefeed063e,befcbbfe9edb605d61d9f48b8db0289d19a26697658b26b656b825cefeed063e,227,False
data/raw/tago_stops_nearby/2026-09-03/grid_227d035bb27d027a686d8abca8f11ed8d32b398a2ed7c9acf00c09f30ef3ae5b.json,c723e70ea206d9ee912f88d0bd17913225944de30c98353094cf67d14aef0381,c723e70ea206d9ee912f88d0bd17913225944de30c98353094cf67d14aef0381,2615,False
data/raw/tago_stops_nearby/2026-09-03/grid_229626ddcd9bb9bc930b21367ac02625b974ea20ff5643376485794c0799111f.json,9c609be7724b3b15464d9b7eef7525ff1117be632515c7b049598673d22c3398,9c609be7724b3b15464d9b7eef7525ff1117be632515c7b049598673d22c3398,1627,False
data/raw/tago_stops_nearby/2026-09-03/grid_22963c5fc7328192a5370233ce4cdc4d15d9f8e9b9e8c3cbd5e742ba23951b3b.json,b1aa97aff3a5e04708ee4c4f1881ba1f0b91dee6dc03bff627ebaa34d805c9f3,b1aa97aff3a5e04708ee4c4f1881ba1f0b91dee6dc03bff627ebaa34d805c9f3,4748,False
data/raw/tago_stops_nearby/2026-09-03/grid_229a74187153aa186acd8d9911b8d959e1372184e158d61391a643c6e0cc5d1f.json,c3c6cfd6da1f455f6b98594e6a4b248e9f554ebba916dca925a3464052d27eb0,c3c6cfd6da1f455f6b98594e6a4b248e9f554ebba916dca925a3464052d27eb0,4327,False
data/raw/tago_stops_nearby/2026-09-03/grid_22cbeb31040682c88524ebc9c17cd296d44b950029c83a3b5c70e501dcb3dc56.json,a5729d8172944a9bc25a8df6bdaf6753650a7191b05b0c466031ff70f0b308f7,a5729d8172944a9bc25a8df6bdaf6753650a7191b05b0c466031ff70f0b308f7,2198,False
data/raw/tago_stops_nearby/2026-09-03/grid_22f88cda37958f493dbc2b17386fabdd450c995ff602f5fe7a58f1b48995f0eb.json,6453b2a780f6feccea78fb1ee649f7e1d7ac3615ced0c5ad4202649b45914fee,6453b2a780f6feccea78fb1ee649f7e1d7ac3615ced0c5ad4202649b45914fee,3809,False
data/raw/tago_stops_nearby/2026-09-03/grid_232a75902da7e5e7816500ce7c956824f2a4682ad308b4c29ab1d574344c17c7.json,e1bf13e540209b490aa8c6f6b8caf3307abaf4e7105101a075e5f6eb7ec05b55,e1bf13e540209b490aa8c6f6b8caf3307abaf4e7105101a075e5f6eb7ec05b55,1994,False
data/raw/tago_stops_nearby/2026-09-03/grid_232d4ee37a6155a12faf6f9affbb227c3b24959becce48023aac7e334c2bd571.json,7e209b68814cabe6ad4648767205874edafb62a89a4bf2362d6ba73235cdf8a4,7e209b68814cabe6ad4648767205874edafb62a89a4bf2362d6ba73235cdf8a4,842,False
data/raw/tago_stops_nearby/2026-09-03/grid_2333b9a2c217bb938bc735182998a2b6b8f01f6ed9625427f9f8960d27f43c12.json,e12ca6effc5248b9df1c1fe111415f6aad34fd374966749b868c9d0f8d56c7bd,e12ca6effc5248b9df1c1fe111415f6aad34fd374966749b868c9d0f8d56c7bd,3932,False
data/raw/tago_stops_nearby/2026-09-03/grid_233b81ce8e41835618ac8f0d3b1e8b486109cb6ef1ab46f3c6d6199382491455.json,0c1ebdcbde6e95774b66498d5342b7eead1d29c5332e0bd9a00c0d18bf28e478,0c1ebdcbde6e95774b66498d5342b7eead1d29c5332e0bd9a00c0d18bf28e478,2503,False
data/raw/tago_stops_nearby/2026-09-03/grid_234add3ec8eb5bf393c54cc07d908142936ad2fe3740d9d71ed2d35979124a8c.json,68e12a926fa9f6eab8fd1a8d79dbb0d8a6e118115969dcc2fd5666c17f52f056,68e12a926fa9f6eab8fd1a8d79dbb0d8a6e118115969dcc2fd5666c17f52f056,2715,False
data/raw/tago_stops_nearby/2026-09-03/grid_23580c3943ccec48245b9fa39d1ecd1a55b8466b0ef30100acca7a9219fb0583.json,df8024e6db62f910f4a18e8f8169c7e7e19fad44f42db9c8fd1b401fe5a21869,df8024e6db62f910f4a18e8f8169c7e7e19fad44f42db9c8fd1b401fe5a21869,2690,False
data/raw/tago_stops_nearby/2026-09-03/grid_2370e56149afa155b168c2642ed458c4075d28ef4bf17a3ac493bd40e35d77c5.json,4e26525964d45d8ac454f939046de202e0a5c584f921199ddb62d27b8d36fe4f,4e26525964d45d8ac454f939046de202e0a5c584f921199ddb62d27b8d36fe4f,4552,False
data/raw/tago_stops_nearby/2026-09-03/grid_2374fe7f8e39e15a3c6a28c74efcea166fd859cea4957a032c06aa1213add619.json,9119fa316d477b1a10a287a9a63aa64c83c13dcd7c66d2d89bf25bdcd6a2b52a,9119fa316d477b1a10a287a9a63aa64c83c13dcd7c66d2d89bf25bdcd6a2b52a,4278,False
data/raw/tago_stops_nearby/2026-09-03/grid_237d24817af533342fea2113dd7ed4ed84a151686d76298af890ca63d9d96cf9.json,9f43d12e6a2eacf5900b8e9656b677253891cbe9e82fceedcfb1fdca9c4eada9,9f43d12e6a2eacf5900b8e9656b677253891cbe9e82fceedcfb1fdca9c4eada9,4446,False
data/raw/tago_stops_nearby/2026-09-03/grid_238ca3198bc6fccd3b326c36521633e44160c873a90aaf5f8b56bd3bd8f1a2ae.json,4fd6f6dcb978d824f6e238641a162b0551f56f19624504af69882e08e67d01ae,4fd6f6dcb978d824f6e238641a162b0551f56f19624504af69882e08e67d01ae,5601,False
data/raw/tago_stops_nearby/2026-09-03/grid_23a06525e8ff2b0af37daca91ca61d4a01ad9821950b7a5ed65ae3e337702987.json,974e0acc24eb8080b94ab46abb7606921837e5e6cf932aa37bbfc661095cd89c,974e0acc24eb8080b94ab46abb7606921837e5e6cf932aa37bbfc661095cd89c,3732,False
data/raw/tago_stops_nearby/2026-09-03/grid_23a532eea4c608d20d23dca1c8f246a5e3fc91dc62c995e86d11d5332a8d3c6e.json,7566ac20d5ed46294895c7fcfff7349916c5f3a7bd50798b07b39c4d2dcafa51,7566ac20d5ed46294895c7fcfff7349916c5f3a7bd50798b07b39c4d2dcafa51,6896,False
data/raw/tago_stops_nearby/2026-09-03/grid_23a93fb4cfa1630f2d8e9670442d2d15603b16bf3d06134afb2b63f5f1ecb48a.json,57150635d9645490cc7b34cfd0d129511366a23b5dc54c5557b23756f925e0b9,57150635d9645490cc7b34cfd0d129511366a23b5dc54c5557b23756f925e0b9,4690,False
data/raw/tago_stops_nearby/2026-09-03/grid_23e4edc6fc7cfcc8f5a84471f761f9be928387beb671ed829a8239d2fc7eb919.json,44195eac1f77be83cc86f3d68fb4bc01dcbf8d65c55928ee769e970c455da0e8,44195eac1f77be83cc86f3d68fb4bc01dcbf8d65c55928ee769e970c455da0e8,470,False
data/raw/tago_stops_nearby/2026-09-03/grid_23e54fb9fd17ea319b1d42e8b3117e519a9abaf1563fd5ea8a520f605c96fbc8.json,9dfaf479a793f7f6f13e53502cd9331a4b8728792a8d69b62c21a5827d4f1ac7,9dfaf479a793f7f6f13e53502cd9331a4b8728792a8d69b62c21a5827d4f1ac7,2463,False
data/raw/tago_stops_nearby/2026-09-03/grid_24281eb43fffddc57f49274aaf1696642bcb2c5d3c9802e94c350ef589458e18.json,75d04ddc67dbff5a46c1173caaced948849e062cf9bd52cca27790fa29e48a8c,75d04ddc67dbff5a46c1173caaced948849e062cf9bd52cca27790fa29e48a8c,806,False
data/raw/tago_stops_nearby/2026-09-03/grid_243dc40425a3fc424aac829e1ad791d26905d0c877a7df4cd1489d919fa78718.json,a527722fd62c96fa2b7568bcf569030641762661a3741857b497aa84a7e08317,a527722fd62c96fa2b7568bcf569030641762661a3741857b497aa84a7e08317,2908,False
data/raw/tago_stops_nearby/2026-09-03/grid_244956f0f6f4d58f790bf360e36af91cc151d1252ba91e5182ecceea75819eda.json,6db863f86f94f310d95dbb228357724af794e5d3a8a60da5d74fd2dc0a9e88f7,6db863f86f94f310d95dbb228357724af794e5d3a8a60da5d74fd2dc0a9e88f7,1459,False
data/raw/tago_stops_nearby/2026-09-03/grid_244a0d212ebb5c01eb34059d260047ecdc09714a94ecdaa9d400b536a39d768a.json,f984d8bf78a5f3381a0961bc68984f03df3d8dfb52353e5390a24e3e2b736b62,f984d8bf78a5f3381a0961bc68984f03df3d8dfb52353e5390a24e3e2b736b62,3259,False
data/raw/tago_stops_nearby/2026-09-03/grid_2498afcaf3e565ca74c77f10fa7d3a1967df5c5420f1dffcd8f95ffe252c3f17.json,8af9b6c53b9626823ee27c5f5869ff3f3ce7b5d8d9f2b1b6148f8b597b531607,8af9b6c53b9626823ee27c5f5869ff3f3ce7b5d8d9f2b1b6148f8b597b531607,1130,False
data/raw/tago_stops_nearby/2026-09-03/grid_24b94332b2a5f6edaee3734c7b2b7fae5cdb638c3e552ba7724b235287587e42.json,2742c3fc63b33ebb5257b39076f016016d83f773b4f37ab731882cb51641ef29,2742c3fc63b33ebb5257b39076f016016d83f773b4f37ab731882cb51641ef29,8511,False
data/raw/tago_stops_nearby/2026-09-03/grid_24e2d81d7a29039eb1333724e5398edb24e0c3c2ffb83de432bd034118fcda3f.json,7bb1a8af0a7246800e891633a8cc7b368a483fe7cba2f2127f38ac9661c53b15,7bb1a8af0a7246800e891633a8cc7b368a483fe7cba2f2127f38ac9661c53b15,725,False
data/raw/tago_stops_nearby/2026-09-03/grid_24f85ac67be6d40d5ce6001653cae0a79acb4e96737da712fd05a17d240ab389.json,726363a2851a6235622996ac0f7a722db8b293cd46dd70f1adb1899f6c8c970d,726363a2851a6235622996ac0f7a722db8b293cd46dd70f1adb1899f6c8c970d,1935,False
data/raw/tago_stops_nearby/2026-09-03/grid_250baaa1cc26adf679ad46cc5f99e6b4ed746d195fcc44e4cf60b67d1e810061.json,ecd7f87976729b1dbb6e87d860f4384fffca268e68481cf5293065789780bc3f,ecd7f87976729b1dbb6e87d860f4384fffca268e68481cf5293065789780bc3f,5555,False
data/raw/tago_stops_nearby/2026-09-03/grid_253240003d1abf167d553de062f38fe5b6ff4f4af982c962577f4c99c74a1451.json,befcbbfe9edb605d61d9f48b8db0289d19a26697658b26b656b825cefeed063e,befcbbfe9edb605d61d9f48b8db0289d19a26697658b26b656b825cefeed063e,227,False
data/raw/tago_stops_nearby/2026-09-03/grid_253722fae63a49d5381fed1081f495e91c4ef81c78bba19aa6211092529dcb66.json,53a122d1052bf0e1f15f5636683408374d63c03e0c5e7b4b509ea60f29905976,53a122d1052bf0e1f15f5636683408374d63c03e0c5e7b4b509ea60f29905976,1316,False
data/raw/tago_stops_nearby/2026-09-03/grid_253adad1809d45c4d6b1816b9790db1c854fce366892bc933bc7b3818603bcd4.json,483e5f25e2832117054cb991fd3ff9dbcb38ee41e089145d267f2ce9c56f062c,483e5f25e2832117054cb991fd3ff9dbcb38ee41e089145d267f2ce9c56f062c,4173,False
data/raw/tago_stops_nearby/2026-09-03/grid_25590aa7c45a6aa6047a85b1cd358fc2327aafdec01dbbbc002011c1a284d724.json,f5a25d823940efe1a1a2f2bdb614556c6f36a0cf5cfffed8fd7573b91362da84,f5a25d823940efe1a1a2f2bdb614556c6f36a0cf5cfffed8fd7573b91362da84,754,False
data/raw/tago_stops_nearby/2026-09-03/grid_256227db2fc89ac28d5d2118fc706484575640c937b385d6b146d21bca216ec7.json,45650f16599c41a1cd8e8f332121c5d9ce0074a68bc4526fb41e15b0d927b2e7,45650f16599c41a1cd8e8f332121c5d9ce0074a68bc4526fb41e15b0d927b2e7,4191,False
data/raw/tago_stops_nearby/2026-09-03/grid_25be76a27e27c508bf9a1a8c62d078f98c6980b36abd9b1995d51a1cc695c16e.json,f0b8b5cda6fd8b9091732f59801a964badcca06745e4bf4f10b98e0c1558f992,f0b8b5cda6fd8b9091732f59801a964badcca06745e4bf4f10b98e0c1558f992,4192,False
data/raw/tago_stops_nearby/2026-09-03/grid_25e3676a737af9b6565fa6285cf90596f896f94e59c3ef63cc34a729a2b37f87.json,c4827e63967b9af53b42ef27ede911762ee7a1c0d6edcddb0f087a2e91c594fd,c4827e63967b9af53b42ef27ede911762ee7a1c0d6edcddb0f087a2e91c594fd,734,False
data/raw/tago_stops_nearby/2026-09-03/grid_25eb5c56a231e2fc90caab2ab93eddbd1ab530310b02d4207906feced1b30072.json,473064f4d2414a122f9ccb0402b1c3e4bef56afdbd8ea6a5d6fd17246a03f755,473064f4d2414a122f9ccb0402b1c3e4bef56afdbd8ea6a5d6fd17246a03f755,2551,False
data/raw/tago_stops_nearby/2026-09-03/grid_25ff31e2368faefb327763b56b7f5d7bfa35ec9d1517247974cb75ffdce6310a.json,671212610e338d86b335968ad82669e8d9b19987016496c612ba77a6bf045380,671212610e338d86b335968ad82669e8d9b19987016496c612ba77a6bf045380,1260,False
data/raw/tago_stops_nearby/2026-09-03/grid_2601ae403f03a714ab945768d40c306f49d0165cd288cb4cfde6443025edab01.json,d32ceb8cb3c4dc3eb118153b6872787f6a507cee826c466d3f3d274a9fb561f8,d32ceb8cb3c4dc3eb118153b6872787f6a507cee826c466d3f3d274a9fb561f8,772,False
data/raw/tago_stops_nearby/2026-09-03/grid_265fe6965a56a406354434de3716cdb6e73cb422a4e85fa156ae7fddaab918b7.json,d8fe55371cefcaf32fc11c4d8b7e96a9c88fa88f2c41d9536bb1eacfaed29c2c,d8fe55371cefcaf32fc11c4d8b7e96a9c88fa88f2c41d9536bb1eacfaed29c2c,5884,False
data/raw/tago_stops_nearby/2026-09-03/grid_266628844e63bfe3f888e996c8b15bca4d116ff87d36ea03ba0fe169c26a5a35.json,d5a152deb338b61c3e3b04221a27c2787b490f2da7e3f1bb8355ec409bc16b2b,d5a152deb338b61c3e3b04221a27c2787b490f2da7e3f1bb8355ec409bc16b2b,4017,False
data/raw/tago_stops_nearby/2026-09-03/grid_26732c7886bd0ede512837a6cbd450c85b1a03cc316afa9715a020615e6cd6c2.json,07b9c4be6dd2343c59022b6549514f9d9f1788f1b9bcb0df72889fcf3267ba19,07b9c4be6dd2343c59022b6549514f9d9f1788f1b9bcb0df72889fcf3267ba19,4296,False
data/raw/tago_stops_nearby/2026-09-03/grid_269c8712042fd16924844db2ff471bbb11b86a87faed00cf14df468e9a124e84.json,8f2b1a85b6881c7323e4e3b540100930293fe6bfacaa57f699e0f6a4a696238e,8f2b1a85b6881c7323e4e3b540100930293fe6bfacaa57f699e0f6a4a696238e,3305,False
data/raw/tago_stops_nearby/2026-09-03/grid_269eb8f9504a5acf0a438a671019cbe789a919599f25c6131fcc66b38d7f6ffd.json,480d358fc9a570a2cea07a163d65a5ddf96b30431efdd7beb10cb4dee42e0de4,480d358fc9a570a2cea07a163d65a5ddf96b30431efdd7beb10cb4dee42e0de4,5715,False
data/raw/tago_stops_nearby/2026-09-03/grid_26bb4e0fce9359402bb42ae39fb77bf80356323d30b48296527be68460c4bef5.json,c12d7c6de20f225b84eb66346a1b1c2913de7e5806634656173281116cd19823,c12d7c6de20f225b84eb66346a1b1c2913de7e5806634656173281116cd19823,2248,False
data/raw/tago_stops_nearby/2026-09-03/grid_26c6a9549452a1da17774cca77b2fa9365e8f47a113497bbe65efee7a1d7bbfd.json,c056019066d2bd078c291ac9c6ac98421861f820ffa2c776b2389332a2f938cc,c056019066d2bd078c291ac9c6ac98421861f820ffa2c776b2389332a2f938cc,2637,False
data/raw/tago_stops_nearby/2026-09-03/grid_26e13408f03fd4f7f29c9536ebad8d3732c6bbc834538ed925c67a1d6b69241b.json,63da94e3b64da60de2fa77700dcc8bda39a77f7592d7061d701f91747b75c2dc,63da94e3b64da60de2fa77700dcc8bda39a77f7592d7061d701f91747b75c2dc,3997,False
data/raw/tago_stops_nearby/2026-09-03/grid_26ed64fba2f37a6aa286669821718812e8faf49580903f33bfed403eff82ca7d.json,06784a4088368282daa44c02ddc82032491c61b859ab347b7a1e78fd9f958b74,06784a4088368282daa44c02ddc82032491c61b859ab347b7a1e78fd9f958b74,2543,False
data/raw/tago_stops_nearby/2026-09-03/grid_26f9e59fb2024dfce839999d3064a735068aff5653046466e3514c47239da8c7.json,b00d266d45c52ce6acdff187f44b4105abf95cdb0be249bf68e894502a55b0ac,b00d266d45c52ce6acdff187f44b4105abf95cdb0be249bf68e894502a55b0ac,1498,False
data/raw/tago_stops_nearby/2026-09-03/grid_2716ec4481491c934afacfc37b87c854810706468ce058644da837bbb4bc00bc.json,86cd4f706e6df514adf9198e28d68255e1b77c8e57abd7c6fa514ee188e738b7,86cd4f706e6df514adf9198e28d68255e1b77c8e57abd7c6fa514ee188e738b7,1296,False
data/raw/tago_stops_nearby/2026-09-03/grid_273e2bbd6a2ac0e19bce98086d4217c6685449333acad1131c5c09fcb5091da1.json,a17c196104ca00c3f98235b1469b61478801723935b6c0c0260e110d89c7f9f3,a17c196104ca00c3f98235b1469b61478801723935b6c0c0260e110d89c7f9f3,2354,False
data/raw/tago_stops_nearby/2026-09-03/grid_276808d300d39daf3f3d153d607386c768d73cfd92d51a25456ee0467b5e11eb.json,e68c1c40cf517651c5af66f07032087c6cc239a235e0eafe5b9c328e66399d97,e68c1c40cf517651c5af66f07032087c6cc239a235e0eafe5b9c328e66399d97,996,False
data/raw/tago_stops_nearby/2026-09-03/grid_276cfd0ae9e88d4bbf63c55f8db240c0aee01e64464e6c56eda4abf323502cce.json,2b23209f14896577f1ea6b40ff0cfe03b28da3faa58089d6ca187e505fb0141b,2b23209f14896577f1ea6b40ff0cfe03b28da3faa58089d6ca187e505fb0141b,4998,False
data/raw/tago_stops_nearby/2026-09-03/grid_2770559c093779dfe31d5a73589451708082a0911556de4d65573a9a92f2b98a.json,fc9f892474f62435f60079c211e3bd3b9d4e472a269fa96ab2c3443a5ba73e43,fc9f892474f62435f60079c211e3bd3b9d4e472a269fa96ab2c3443a5ba73e43,5676,False
data/raw/tago_stops_nearby/2026-09-03/grid_27713315f51959b1407d6f63edffa4cc9fb54427cdf0fcac5dbbf796fa81164e.json,88db8885088ba37fb3789429f2dda5f42d38372b045d32384b4d48ff8371c176,88db8885088ba37fb3789429f2dda5f42d38372b045d32384b4d48ff8371c176,3061,False
data/raw/tago_stops_nearby/2026-09-03/grid_27819d4b1eeeaeed52131156e048704f29eb22a135750497dacfebe0bdd0924f.json,3714e54383a96c29826e47994978b1ef35ea3aa314789739e79c663fb04feee2,3714e54383a96c29826e47994978b1ef35ea3aa314789739e79c663fb04feee2,512,False
data/raw/tago_stops_nearby/2026-09-03/grid_2794ea76651629e952974b3942e4ce01743916c232c16818f2d8df35516752e1.json,a2bedb908a64a34ea443a383aa67384044d4a6dbfa15a68d1644ff8dad33159f,a2bedb908a64a34ea443a383aa67384044d4a6dbfa15a68d1644ff8dad33159f,2981,False
data/raw/tago_stops_nearby/2026-09-03/grid_27a50087f9f704d2db52b174691013a6294e0ffec8a3ae0b6aca1df46d68ea96.json,bc4dfe98e143c0c1f3dd540b8860d7a345d9aa6238116bd4839e29442f0ba579,bc4dfe98e143c0c1f3dd540b8860d7a345d9aa6238116bd4839e29442f0ba579,2547,False
data/raw/tago_stops_nearby/2026-09-03/grid_27aa855129ca929925cbb645ede2cb742c62c635dcae5bbdd7b4bc1cf7bc0a10.json,e92782cc655a63a04f8d6da02caf959619ab8c9a2a41e84f845384c6bb508adc,e92782cc655a63a04f8d6da02caf959619ab8c9a2a41e84f845384c6bb508adc,2767,False
data/raw/tago_stops_nearby/2026-09-03/grid_27ba3de0cd3ba0ec9deb238f7b26d4bde799931c553e814fb4228b3b054f630c.json,22ec123108d64d464d6e708776e809b982ad90fd0d37be86c86bb56cf2047521,22ec123108d64d464d6e708776e809b982ad90fd0d37be86c86bb56cf2047521,3138,False
data/raw/tago_stops_nearby/2026-09-03/grid_27ccd4be2d451c0eb048181d1821123dfe3814ea4e1de8d0a0acd590a8957024.json,dc5c9c3ec9e64e0e68be70edfb74669148401dd016b5236e779e96fc7fd773c5,dc5c9c3ec9e64e0e68be70edfb74669148401dd016b5236e779e96fc7fd773c5,2690,False
data/raw/tago_stops_nearby/2026-09-03/grid_27cf0161f3e15ee38ca3335d0fb2f8ab2b7b94919c2b748de63ec5f3c1cda498.json,befcbbfe9edb605d61d9f48b8db0289d19a26697658b26b656b825cefeed063e,befcbbfe9edb605d61d9f48b8db0289d19a26697658b26b656b825cefeed063e,227,False
data/raw/tago_stops_nearby/2026-09-03/grid_27e61850af4348c0704c3174c691284b962fc3ceaf75ec307a6f3b3de41d2bd0.json,af522ea71d59aea95211a06f48e95d165aac575cf7ad0bcbad043c4ecb74637b,af522ea71d59aea95211a06f48e95d165aac575cf7ad0bcbad043c4ecb74637b,2419,False
data/raw/tago_stops_nearby/2026-09-03/grid_27f394e0454cac9cd650b7205b4936c35c63801f85ad7e0ff2ed5171de2f1ece.json,3c9892c75fe8a8d0a0e30442279798c31285be8191f42ff770bd620c4a6fa793,3c9892c75fe8a8d0a0e30442279798c31285be8191f42ff770bd620c4a6fa793,2281,False
data/raw/tago_stops_nearby/2026-09-03/grid_27f7201e29649224776dbc6c38254ab2ae11bada52c93068613df259bd9a61ba.json,50f29c18c2a57ef5bea678ddc185a56a782c33bb0e0ac9fa4e79066fa78b77f9,50f29c18c2a57ef5bea678ddc185a56a782c33bb0e0ac9fa4e79066fa78b77f9,3618,False
data/raw/tago_stops_nearby/2026-09-03/grid_2831c2b1a487e6dd7d69e25ee451f6abbd62f0beccc10e44802227be0f03dc3e.json,779345fe95bf47b2ae4d03e0dabf9555fa4b0de761561c4db3dc4dc2c69c6124,779345fe95bf47b2ae4d03e0dabf9555fa4b0de761561c4db3dc4dc2c69c6124,3226,False
data/raw/tago_stops_nearby/2026-09-03/grid_2832c12e76e30d6e91dbd52950397c2138919b13af724b510de0da28ef5b7151.json,b917504044fba86770493701ba916be94d345d1b43cd1a7afe82d39d34523670,b917504044fba86770493701ba916be94d345d1b43cd1a7afe82d39d34523670,2483,False
data/raw/tago_stops_nearby/2026-09-03/grid_2842371a92e37d894c040494c0645251c85c3129782907217a253f65d989ee4f.json,c1d431d5a545f2da8da2078207e15f4d68b2a0b4f16cd3a91bdbe7efcf9127d4,c1d431d5a545f2da8da2078207e15f4d68b2a0b4f16cd3a91bdbe7efcf9127d4,6447,False
data/raw/tago_stops_nearby/2026-09-03/grid_2866acbf1020085657c057b6e1dd11c18ece0ebf36e902449b123f13c730e8ab.json,0503a2a99462d6a07009208f13ede2ff7d84f07109519a4dd88248818c51a9c7,0503a2a99462d6a07009208f13ede2ff7d84f07109519a4dd88248818c51a9c7,3890,False
data/raw/tago_stops_nearby/2026-09-03/grid_2868a3d67af772c57ba1da41e5b9a88cacbee8d39f53ef4b3cb6141f3fdb0aef.json,7ff0f454f2096f5081f81799bb1ae5ebf6c7cf717389f800e62348dad538ce6a,7ff0f454f2096f5081f81799bb1ae5ebf6c7cf717389f800e62348dad538ce6a,3311,False
data/raw/tago_stops_nearby/2026-09-03/grid_2885368fc67414c6a0a4e6ca5cd2132672c37432c21b5ad6df74a85019ae4870.json,013f787312b2b25688a98365defb58cc6d40d8fc0ccfde4873b65dfbff8ab228,013f787312b2b25688a98365defb58cc6d40d8fc0ccfde4873b65dfbff8ab228,1037,False
data/raw/tago_stops_nearby/2026-09-03/grid_28923a9decf2a2746e0544adedc90701cd3cb928a52edc2c315d70ea7b97cb5f.json,9c1cd3c1319e44fb62b36560b7d352ad071e7cf4dd0bb43abad073dbf988b1b2,9c1cd3c1319e44fb62b36560b7d352ad071e7cf4dd0bb43abad073dbf988b1b2,3414,False
data/raw/tago_stops_nearby/2026-09-03/grid_28a4f565205f7501acd9365bf7f564f65b924fdc3c8d54ffcaf50c6efaeffbb6.json,b2ec8874060505a9b4ef614e8a6f3c3ffa3234a791671ac17dbfb79328353571,b2ec8874060505a9b4ef614e8a6f3c3ffa3234a791671ac17dbfb79328353571,3249,False
data/raw/tago_stops_nearby/2026-09-03/grid_28b14f9650117bf7b109a287f06879352c559c97d6917c3150be6d385cf17675.json,a400ff03085bb05892800b35ff152fb6d7219d462b426e501454e5f1a1ceb7b7,a400ff03085bb05892800b35ff152fb6d7219d462b426e501454e5f1a1ceb7b7,6169,False
data/raw/tago_stops_nearby/2026-09-03/grid_290a6917ee3a69543ff56f0bf4773fb8b25a405e4bdd63d4384446917ff4a335.json,61e58ff56ba5f7c3979d3e9daabe5cede5dcb4ec3388dc754d38918e3c22ee49,61e58ff56ba5f7c3979d3e9daabe5cede5dcb4ec3388dc754d38918e3c22ee49,4111,False
data/raw/tago_stops_nearby/2026-09-03/grid_29747facc650864ff9deaafaaabb7651c276b11a1f5f08f94c9ec52a8f9a3ba4.json,cd738a8030deddd986b8fe96e287c090aa32beb39a8cb0706320ae2960ed363c,cd738a8030deddd986b8fe96e287c090aa32beb39a8cb0706320ae2960ed363c,2695,False
data/raw/tago_stops_nearby/2026-09-03/grid_29ebd0700c2b9ad0413dad9cd173399f1ef4aec2117f4dd97529a77102c5a338.json,a5445b6f0fd377cc49d6bc2628195e66d160203770270c1aa7687480175798ee,a5445b6f0fd377cc49d6bc2628195e66d160203770270c1aa7687480175798ee,1688,False
data/raw/tago_stops_nearby/2026-09-03/grid_29f0ffd7d6ce0362dd8927dac33cf36663d645e5b12dfd0d823a631e087a5d70.json,742c06935a94eb6c2d613171f12bd9b10d5980e642f4311ac657ddefbb2afc7f,742c06935a94eb6c2d613171f12bd9b10d5980e642f4311ac657ddefbb2afc7f,2050,False
data/raw/tago_stops_nearby/2026-09-03/grid_29f149d8574bc8f7e3e85edc80b500cf572dbb8a49130f52c58e6b14ea039889.json,3a454390852042c1ad0468d99d6e6437b0a4f4487aa28c3e5ab3e363aac80c48,3a454390852042c1ad0468d99d6e6437b0a4f4487aa28c3e5ab3e363aac80c48,6409,False
data/raw/tago_stops_nearby/2026-09-03/grid_2a1a368766845605d0ad237e8a8dd780d029186dce1104beca2b79d1ab963321.json,568634ef7f262e72daf0ad0029159b330c155c5b24ffdec5f5338c9835a9d8ea,568634ef7f262e72daf0ad0029159b330c155c5b24ffdec5f5338c9835a9d8ea,5025,False
data/raw/tago_stops_nearby/2026-09-03/grid_2a30a10c83ce07aefbc2ce36817304f2a57b73aecab0de9779c913ce4dcd5072.json,9dc6f0df706d8dd6908e5bc8831da4b876c06a77e5aae623fc8efafd3a910762,9dc6f0df706d8dd6908e5bc8831da4b876c06a77e5aae623fc8efafd3a910762,5664,False
data/raw/tago_stops_nearby/2026-09-03/grid_2a51001c09b2077a72d9fa29502f52d365b6ca78cd865c1db59ea760fe1552c4.json,671212610e338d86b335968ad82669e8d9b19987016496c612ba77a6bf045380,671212610e338d86b335968ad82669e8d9b19987016496c612ba77a6bf045380,1260,False
data/raw/tago_stops_nearby/2026-09-03/grid_2a5d07e0b8d3c2a87b182648a07475e97b8f4a6b82b2633262a7d202fed8061e.json,03a388d964625e418f91430d8ed034d5a57db696bd3bc9f47ad6806189627ef0,03a388d964625e418f91430d8ed034d5a57db696bd3bc9f47ad6806189627ef0,5022,False
data/raw/tago_stops_nearby/2026-09-03/grid_2a7f3fed4a70cf9fb572e73ba3f3546f9992a6752b35b71d7823fc69bc4bceb4.json,49a29dd21ddcb6c9c485e14edd3b10c8cc53f86d3111939b6a58db6fd1ce6346,49a29dd21ddcb6c9c485e14edd3b10c8cc53f86d3111939b6a58db6fd1ce6346,3680,False
data/raw/tago_stops_nearby/2026-09-03/grid_2a80e4cafb2caecdeb68cdd59ffa5d86c3113121dd22b0fa8f3a1e3ee32b8cd6.json,454ebca81755eab4d88bfa973a5fbfded802dbc5ab9d62f89cb2413559360ba5,454ebca81755eab4d88bfa973a5fbfded802dbc5ab9d62f89cb2413559360ba5,5852,False
data/raw/tago_stops_nearby/2026-09-03/grid_2a84aca40ab5befc2ead4fe6b5a9b31b52450afb4d8a53ffd3ff0410d94b4c02.json,ddb84d704296e8cf120673cbeab44aa6cd8fa1b9117dd4c8d2fbfa4cbee5b31b,ddb84d704296e8cf120673cbeab44aa6cd8fa1b9117dd4c8d2fbfa4cbee5b31b,4674,False
data/raw/tago_stops_nearby/2026-09-03/grid_2abe2b83b1518de8fcf376a122ca05f34e6493ffc310320826118d03bc7a0172.json,befcbbfe9edb605d61d9f48b8db0289d19a26697658b26b656b825cefeed063e,befcbbfe9edb605d61d9f48b8db0289d19a26697658b26b656b825cefeed063e,227,False
data/raw/tago_stops_nearby/2026-09-03/grid_2aeddec710c26415ed64bce9bf4d83d6294af634a4da95229f3d9e7914eab808.json,a1359dee0bbc269d746db39586147c01920148e9ff0455c2ce0c67695b346082,a1359dee0bbc269d746db39586147c01920148e9ff0455c2ce0c67695b346082,1700,False
data/raw/tago_stops_nearby/2026-09-03/grid_2af2033dd6784ea8208a85415e2eaa5c06246b53e3cd826ec127f0ed9388e45f.json,6785b8cc185765a61fed6eebc4513552189a73a6639c99fcd80fbc8e4a0ce4ad,6785b8cc185765a61fed6eebc4513552189a73a6639c99fcd80fbc8e4a0ce4ad,3955,False
data/raw/tago_stops_nearby/2026-09-03/grid_2afc37b9c78c56cf120e1c4e7d4ffdb0c64338447a0b1f889156fd3cfff4db54.json,d0e70fea822b68046e344e49402d40eaf50ab12fee4d50c106340df70b981bdc,d0e70fea822b68046e344e49402d40eaf50ab12fee4d50c106340df70b981bdc,1824,False
data/raw/tago_stops_nearby/2026-09-03/grid_2b09901fa15ec8063a92e90c18a6885b137fc5ee71920782efd81d0f26fcc044.json,df1d5c400543eac8f9d5e2e22f3ff5f988c36888c44c3e2cff36cb07cd418142,df1d5c400543eac8f9d5e2e22f3ff5f988c36888c44c3e2cff36cb07cd418142,2747,False
data/raw/tago_stops_nearby/2026-09-03/grid_2b12378f8428dd7fb0119e96cf36c436610a02da721306855ef4e2fa31e1e0ec.json,4fda193d35c92ff0dcd4f1878a5fe17fa8aca5db1133cdfb9e717ce94a64222d,4fda193d35c92ff0dcd4f1878a5fe17fa8aca5db1133cdfb9e717ce94a64222d,2230,False
data/raw/tago_stops_nearby/2026-09-03/grid_2b20f02289e869f765f206b919edd181e646c662f72e39fd618711e4deef009d.json,d9a7604a2ab30fd4167ec567ab8d43c5a9b037eecbfdbeadecf2cfbac2c83d75,d9a7604a2ab30fd4167ec567ab8d43c5a9b037eecbfdbeadecf2cfbac2c83d75,3601,False
data/raw/tago_stops_nearby/2026-09-03/grid_2b345e71c37d0cb4feb6c00df7d7ca5369f5ba8b40443da02ef50459398afac3.json,7553d2f38aa77ec8ff52061b957dc8b89aa05e4c3f66c71f227bcf4187fdfee6,7553d2f38aa77ec8ff52061b957dc8b89aa05e4c3f66c71f227bcf4187fdfee6,3934,False
data/raw/tago_stops_nearby/2026-09-03/grid_2b7658981d1f2f94a61982cc26fd61eacf8c2aaf606ad764e253652b399362ba.json,f6c0eb0b5a4898379b7a6f6895c7e016a4a1ff64509e5f0addcbe121c422edb2,f6c0eb0b5a4898379b7a6f6895c7e016a4a1ff64509e5f0addcbe121c422edb2,2238,False
data/raw/tago_stops_nearby/2026-09-03/grid_2b84193fc4465c263ea376595ce2d6ee523ab087ed0d85f907648edd2e49ecd1.json,4df9ef9b896225b848227012cb992f62c23cdc9822a44a456d488912cc511722,4df9ef9b896225b848227012cb992f62c23cdc9822a44a456d488912cc511722,3412,False
data/raw/tago_stops_nearby/2026-09-03/grid_2c093ba00e0c690c3f1b11cbef09f0b2b31673f8d2850800120617eec5608160.json,68df898dfacfc78d6405e70159f912b161b7e89c9287c2d87f1dc76701111fab,68df898dfacfc78d6405e70159f912b161b7e89c9287c2d87f1dc76701111fab,762,False
data/raw/tago_stops_nearby/2026-09-03/grid_2c3927b441393b1442dbc3f5eda50cd11a0efde3b3f21b11fdf9f7ff914147cc.json,e12f9fb177002023b045f139388fe0f8bf31e304cff21d354b4623551e2785a1,e12f9fb177002023b045f139388fe0f8bf31e304cff21d354b4623551e2785a1,3420,False
data/raw/tago_stops_nearby/2026-09-03/grid_2c431dc714f8d57a29115b3ae0c885f5ab83abd91a14e9643901a22571979e12.json,93c32cd9b841f74bdc0f4465769c63da9f20c55990c9cb6f571d104fa0a21189,93c32cd9b841f74bdc0f4465769c63da9f20c55990c9cb6f571d104fa0a21189,3683,False
data/raw/tago_stops_nearby/2026-09-03/grid_2c5b7dfb3572b5b0ffe1c2f9a67d29af657e21b013fe36723ccceb906592c09a.json,2d80ec2d88031fa98a13d432f07b9afff53c298fdbab1e91d94065726d424512,2d80ec2d88031fa98a13d432f07b9afff53c298fdbab1e91d94065726d424512,466,False
data/raw/tago_stops_nearby/2026-09-03/grid_2c6446293c68a063217f28d70175b4dfd2a30bf00e1862292d329ac30ca45611.json,ceb4e33c9512f4e0179f9671d17753b69a90fd87829cfedd0aaa52a3b2631a3f,ceb4e33c9512f4e0179f9671d17753b69a90fd87829cfedd0aaa52a3b2631a3f,4255,False
data/raw/tago_stops_nearby/2026-09-03/grid_2c72a8ffa29f7f5b68889dc7c7287ec3b8f4a1fab9acafe2453da4f9b0a5e35e.json,c83756842334f2242521a733aee3fbafeca718f23a0ca600b02156ae9ed7b280,c83756842334f2242521a733aee3fbafeca718f23a0ca600b02156ae9ed7b280,746,False
data/raw/tago_stops_nearby/2026-09-03/grid_2c8d407a98ae1a9984259f418de1345cbd30cb7e3614570c4bc6e8a3dd748227.json,2bee7797e8554295edf0dceb9f3939a0c5020ae38e15c2b73ca4d9c91b668022,2bee7797e8554295edf0dceb9f3939a0c5020ae38e15c2b73ca4d9c91b668022,1518,False
data/raw/tago_stops_nearby/2026-09-03/grid_2c8e7a315abdcb7ea10f188d5a27054223d74f291f4d69fa87dd34136904b026.json,fb75c8fc5bf0d67344ff9fe8cf36493f2905a30f2b72c8ded92b00264c687f8d,fb75c8fc5bf0d67344ff9fe8cf36493f2905a30f2b72c8ded92b00264c687f8d,7361,False
data/raw/tago_stops_nearby/2026-09-03/grid_2c9631ccfa9175d59a5ddd609533c316c72c8022969283f7368cc0b09632263d.json,6237c4552ea695c3610cb490e35f8a9e0dca21d8edc026bea8977eb29dae689c,6237c4552ea695c3610cb490e35f8a9e0dca21d8edc026bea8977eb29dae689c,1541,False
data/raw/tago_stops_nearby/2026-09-03/grid_2cb0e07f9088415a9d4625daa5e8f798bb6ec50545e8e26859f36d17d1ec3a2e.json,010423ab6107bfa8f55b93fdcd061634e4687ed8d329c71cfcc7091d8cc1ce71,010423ab6107bfa8f55b93fdcd061634e4687ed8d329c71cfcc7091d8cc1ce71,3000,False
data/raw/tago_stops_nearby/2026-09-03/grid_2cccae1acc871928f93257b75f1aa54b48a34e004550646b55579d5d35578bcc.json,6e55a93dc8a3856df7073a7379c3bf5abc940e56231b5a4a29fd58fc396afd47,6e55a93dc8a3856df7073a7379c3bf5abc940e56231b5a4a29fd58fc396afd47,2752,False
data/raw/tago_stops_nearby/2026-09-03/grid_2ce6bb17ab7f6b5ee07ea7025f13af55cc180a4eeb00e389ccbeaaa5ac63a317.json,e39495ce16a7fcb3eb448b7399d150a41a238193acbc89b7475c601adb34002e,e39495ce16a7fcb3eb448b7399d150a41a238193acbc89b7475c601adb34002e,766,False
data/raw/tago_stops_nearby/2026-09-03/grid_2cfc1e229e6daa4bfa6aa9bda4d00315d8191b4b06dbbd7b812c001e9258424d.json,829d09b3dd32bf542c8ffc9a7642aaeed64354fa52be2b4b8d751acba09b160b,829d09b3dd32bf542c8ffc9a7642aaeed64354fa52be2b4b8d751acba09b160b,7297,False
data/raw/tago_stops_nearby/2026-09-03/grid_2d12fad4e9033745e8058ce101b47c719caa6eeb72ed637d1d40ed39b03e7ddd.json,47c2d4215948e66a03c28b5132ddc1188d93c8969fcc16fdfa5321f7df9910f8,47c2d4215948e66a03c28b5132ddc1188d93c8969fcc16fdfa5321f7df9910f8,1948,False
data/raw/tago_stops_nearby/2026-09-03/grid_2d515ba80ee950420c10e7d1a17cd9fda7933ba26703c1c252c0450cd1b7c5fd.json,b45cd9f660db3e0ccbed76a9f0962d11d474fdec9a30e8bacf710760139b8254,b45cd9f660db3e0ccbed76a9f0962d11d474fdec9a30e8bacf710760139b8254,3889,False
data/raw/tago_stops_nearby/2026-09-03/grid_2d5818dd7e8ded13b8c5a686ae27110a63d8571dae2b857d14372c6aece2f770.json,e68c1c40cf517651c5af66f07032087c6cc239a235e0eafe5b9c328e66399d97,e68c1c40cf517651c5af66f07032087c6cc239a235e0eafe5b9c328e66399d97,996,False
data/raw/tago_stops_nearby/2026-09-03/grid_2d89f5d3d034c2655a67bf02e789544da92eaa1e96327431e116c6817f627778.json,3b432f7cded307f9c19c3f57c812f0e6d6ff2b0886891182e012318b476bafe5,3b432f7cded307f9c19c3f57c812f0e6d6ff2b0886891182e012318b476bafe5,5682,False
data/raw/tago_stops_nearby/2026-09-03/grid_2da60b551c674eed257c79e018050465a7ed02c876a3d618f8c7485b300c97e2.json,2674821fe17b0a80792ac8f4a5ae98d243d2b4fb723a58b6e30fc825e66df76b,2674821fe17b0a80792ac8f4a5ae98d243d2b4fb723a58b6e30fc825e66df76b,3095,False
data/raw/tago_stops_nearby/2026-09-03/grid_2dbce4bc108a1d01f58458ea72451df0a38ed6412d9ce7cd907a8a24007fd307.json,b772de514307287403c96b9659c8ebf3dab785906d11a4087c5ada1d92b9e275,b772de514307287403c96b9659c8ebf3dab785906d11a4087c5ada1d92b9e275,472,False
data/raw/tago_stops_nearby/2026-09-03/grid_2dd4dbe11ad70f92e81206cef0c9dcf46d172baafda613dc0960c601f7d0d9f1.json,a15533572326591f4eb0f527c48b382d91a3762d18952ce26698b09e0dc8ef7d,a15533572326591f4eb0f527c48b382d91a3762d18952ce26698b09e0dc8ef7d,3187,False
data/raw/tago_stops_nearby/2026-09-03/grid_2e0fbcbfd352d445c19ef8100d2e8a9c48086d20f20e4015d389fdfff8e53c56.json,51cd03b91428f6db0e01218ce34efdf42b92a476fd07f1449a6cd7107ffdc3a4,51cd03b91428f6db0e01218ce34efdf42b92a476fd07f1449a6cd7107ffdc3a4,3683,False
data/raw/tago_stops_nearby/2026-09-03/grid_2e47e885ef1757d3842346f5ac572fd79fefa97246eed5b2ea61a8ed0254f6c4.json,e0af6a1705c0f37d43d2a908f1d3b60aa3ada5f3b1f09c1e9061b4f28491f27e,e0af6a1705c0f37d43d2a908f1d3b60aa3ada5f3b1f09c1e9061b4f28491f27e,8443,False
data/raw/tago_stops_nearby/2026-09-03/grid_2e49aa3c783cdcfa11e4a0cec4b9879447ec6bbb3bf888daec4f134c715975b0.json,76c9f240e5053d93d4b71097210021c16bf44f5f0df26ddf2cdf22a317b241d5,76c9f240e5053d93d4b71097210021c16bf44f5f0df26ddf2cdf22a317b241d5,9849,False
data/raw/tago_stops_nearby/2026-09-03/grid_2e50056413eeb1f113fa050f105ecbc91abc62602810957706d3fe2d67cc72dc.json,56eb05cab89f6b176b6a8fb886165216f4b73712a28e04feef57bf0c5a68cdc3,56eb05cab89f6b176b6a8fb886165216f4b73712a28e04feef57bf0c5a68cdc3,3219,False
data/raw/tago_stops_nearby/2026-09-03/grid_2e72ac9839784fddeb976b3309ac223e6a7d04ddb0d55ac5f187ec9620c3c8ba.json,60cdb24ed74eb2b6a3334ce97ed52e32386e458086298f6913563a4736137caf,60cdb24ed74eb2b6a3334ce97ed52e32386e458086298f6913563a4736137caf,3612,False
data/raw/tago_stops_nearby/2026-09-03/grid_2e78e4e74d2d6e3672061ad2644bb874e1e9c0ab4837cc9d09af7c48f0c4e13c.json,c6243de1acc1e6398547644c5fa34ae794c73480bd6fbb9daf3df0735265f9f7,c6243de1acc1e6398547644c5fa34ae794c73480bd6fbb9daf3df0735265f9f7,6301,False
data/raw/tago_stops_nearby/2026-09-03/grid_2e8988f0d14930482acfaeae536f5a31d75fdcf415fef455244891e34c580d6f.json,aa6fcf441fe8a39b9a516127d2da4b54be493fa6844f73d521363617e56639b2,aa6fcf441fe8a39b9a516127d2da4b54be493fa6844f73d521363617e56639b2,4045,False
data/raw/tago_stops_nearby/2026-09-03/grid_2e90aaad85d0f99f739057af44c3567704843c24cd8add0b7c4c227cb9dc5cdd.json,2d307173cb9e29fd30ba02e11cd42680785c33670afa76353160890b6689af07,2d307173cb9e29fd30ba02e11cd42680785c33670afa76353160890b6689af07,2954,False
data/raw/tago_stops_nearby/2026-09-03/grid_2e92d07cd6dae1344abdc60efe9d973ca6089f61d98e0f1a2c766ff4858820ef.json,c988cd74e425dd17963c0e97046e32b9ec7b9eeeaefea1d4a39c8888b0cb8450,c988cd74e425dd17963c0e97046e32b9ec7b9eeeaefea1d4a39c8888b0cb8450,3745,False
data/raw/tago_stops_nearby/2026-09-03/grid_2ed713ee052cdc30f51a12700c2b8d712f33a08c8477eb21114643199e9632dc.json,c7e6dcc27992677cc08afd965b372001284d9643f5d50650e4eefd9268f082f5,c7e6dcc27992677cc08afd965b372001284d9643f5d50650e4eefd9268f082f5,4471,False
data/raw/tago_stops_nearby/2026-09-03/grid_2ed8af5c2c5a8fc1614a7739fa7a392131f4ea6cacf0f6c50f044414f0b2c64d.json,62a7fc727a225edd2af308c81d97bf36ebabf386c30209ff1422f99686336eb7,62a7fc727a225edd2af308c81d97bf36ebabf386c30209ff1422f99686336eb7,7575,False
data/raw/tago_stops_nearby/2026-09-03/grid_2ef7fd14dbea7f4642b5094e5039d90bcc4a8588fdbb3952eb9f81a9619dc263.json,befcbbfe9edb605d61d9f48b8db0289d19a26697658b26b656b825cefeed063e,befcbbfe9edb605d61d9f48b8db0289d19a26697658b26b656b825cefeed063e,227,False
data/raw/tago_stops_nearby/2026-09-03/grid_2f5c1ea18de41d6d257d8bd1993c5ea4c95cf8ee166ec80b623d199689c08d48.json,1a4a1b6b0c2448b107e00d7517a277ece05e063af2de4f2f1c04f8b5848e54fd,1a4a1b6b0c2448b107e00d7517a277ece05e063af2de4f2f1c04f8b5848e54fd,4726,False
data/raw/tago_stops_nearby/2026-09-03/grid_2f7e13c870b4786d7c6e6df2cb2b27de16b162baf33ac9f9dd1e9e7c3ef05182.json,5f0a514d4fe489195429227758158028c99e8cdc55c3843f6113f24696bb67e7,5f0a514d4fe489195429227758158028c99e8cdc55c3843f6113f24696bb67e7,4696,False
data/raw/tago_stops_nearby/2026-09-03/grid_2fb924901c8dffd94ebb7fd42ede3e9db4c8177c4236d2e66139891a088ecb75.json,befcbbfe9edb605d61d9f48b8db0289d19a26697658b26b656b825cefeed063e,befcbbfe9edb605d61d9f48b8db0289d19a26697658b26b656b825cefeed063e,227,False
data/raw/tago_stops_nearby/2026-09-03/grid_301250c2e11b5ece87c6bd9af12304c136a4846ed0b4e04b76c3b12b76837df3.json,d9bfff482941690f837327656d650d9561e62bd8d411fe6b99518cd5cea2de21,d9bfff482941690f837327656d650d9561e62bd8d411fe6b99518cd5cea2de21,4392,False
data/raw/tago_stops_nearby/2026-09-03/grid_3139b645062d555293cf96f58f3ca15b367bf65e6ae98e2438cd57da018b906d.json,3d54b62ef3d0eecdf748fca130e0f9b84465b73aabd1e35f53223b150e84e67a,3d54b62ef3d0eecdf748fca130e0f9b84465b73aabd1e35f53223b150e84e67a,3850,False
data/raw/tago_stops_nearby/2026-09-03/grid_313b56992fe00164787f605d8a2b546f1b76bc4f55b303afc8251c21b4f6bb6c.json,99ca3953c311165945d89efcd680eced3f8196d3f3ca5275235661b5ab898016,99ca3953c311165945d89efcd680eced3f8196d3f3ca5275235661b5ab898016,2731,False
data/raw/tago_stops_nearby/2026-09-03/grid_3174f65875083973f5c6416b908ecae19ecf6ece4beb4ead06ff21f44f3b56d6.json,c10a1ea62ffdb9c5f5297afd1ab8952d88cb811b606801780a5757366f39387b,c10a1ea62ffdb9c5f5297afd1ab8952d88cb811b606801780a5757366f39387b,2821,False
data/raw/tago_stops_nearby/2026-09-03/grid_3178fcd6b7edb03dcbeebbd3ee9eea3e84634ce54d37bce4b9aa17d233a4fec9.json,340918f12dcfdaaeb6b349f57b0237ddd8d9f5fdbe7f9f173e0bdddd115b5da7,340918f12dcfdaaeb6b349f57b0237ddd8d9f5fdbe7f9f173e0bdddd115b5da7,5137,False
data/raw/tago_stops_nearby/2026-09-03/grid_318e5f9299398859bb8665527cd2038d8e8b3b131d593343d28603611d76f55c.json,c63011c013e20b5d48462ecc7dd5e508686f065d4e3d23ffbcf65bf29ea3f364,c63011c013e20b5d48462ecc7dd5e508686f065d4e3d23ffbcf65bf29ea3f364,3788,False
data/raw/tago_stops_nearby/2026-09-03/grid_31a1edc6b68cba2f3bf4768f2e8ab00ddaf4b27df3696dbecc28e473092559e8.json,97f90769868921217c29ec244c62030eefa300c768c9bd6d4fb25919d76f628b,97f90769868921217c29ec244c62030eefa300c768c9bd6d4fb25919d76f628b,5919,False
data/raw/tago_stops_nearby/2026-09-03/grid_31ad776467046710ceea34293b0a1bcc3b2aa899f72ac0a4c980f31905c24b55.json,de4498121e8e9b4fe3b94cbf6292d688f42cda19747aa38188e890018c8d4a04,de4498121e8e9b4fe3b94cbf6292d688f42cda19747aa38188e890018c8d4a04,4519,False
data/raw/tago_stops_nearby/2026-09-03/grid_31c9f36aafd3efd01a7ada4ad9530a8ff4d83bdb8887adb33e10a08773512cc3.json,e85f3f00f0fe4518777304894c13262bfe9b97751166c63d6c32808c8240a7a5,e85f3f00f0fe4518777304894c13262bfe9b97751166c63d6c32808c8240a7a5,2680,False
data/raw/tago_stops_nearby/2026-09-03/grid_3221ac02bdfd236b8644cfc683506214a8d5ba1527b957f520d286cb89325649.json,9c52ea9c3eda69d82823f082978e60aed42b273e74e89eb8519f89fbc36e2338,9c52ea9c3eda69d82823f082978e60aed42b273e74e89eb8519f89fbc36e2338,4483,False
data/raw/tago_stops_nearby/2026-09-03/grid_3222f3eb794808bc604c53ad98e8bab5bf7a54b676db69af3dc34cdfadc265ef.json,1899dc34e43630935c7ab3fbaf18ffcd3476fa77f025e3c8c9e6f58daa54ea40,1899dc34e43630935c7ab3fbaf18ffcd3476fa77f025e3c8c9e6f58daa54ea40,3828,False
data/raw/tago_stops_nearby/2026-09-03/grid_3237b15c36d12b9c19a07ff1458cb4e80af72b6b0034fd447a198f3846d848ed.json,4a94d97e95f8a1b1c672c013ac682bef30964c87aeb559bc7c075940c8b8e800,4a94d97e95f8a1b1c672c013ac682bef30964c87aeb559bc7c075940c8b8e800,4765,False
data/raw/tago_stops_nearby/2026-09-03/grid_323a442a7c884bea4b3c928509c656ffea9ac18fb29c62521907be2a047ae7b0.json,c97bf983c59558b7fcdbc895c1e6027f0b479c1194f79d1ea2c3356e3bb944fe,c97bf983c59558b7fcdbc895c1e6027f0b479c1194f79d1ea2c3356e3bb944fe,2930,False
data/raw/tago_stops_nearby/2026-09-03/grid_323ff6a00532b1e5607eb66a4001242e2bfed56a16cf1e02f0c96b0beb69bc39.json,91981d4be53e478f3b8b9d0d0015f4eb946f8c75b4eb2feb41bb719457e2e302,91981d4be53e478f3b8b9d0d0015f4eb946f8c75b4eb2feb41bb719457e2e302,2489,False
data/raw/tago_stops_nearby/2026-09-03/grid_324b04cc3451d1152b3ddccdc94a31d7678124287ab9b21d2a87ef2fd1724891.json,6b2b2b568d3de0d769b4890d5a6c2fda3e45717218bd56c3db28fa02301814b7,6b2b2b568d3de0d769b4890d5a6c2fda3e45717218bd56c3db28fa02301814b7,1921,False
data/raw/tago_stops_nearby/2026-09-03/grid_3252b08fd0b435691895441745e125b7379ffdf4579a866bfc9c380a31187075.json,793f4a0f339ce59d2cae37aa3cfc712b53b78fc0bdd2c1abfc4f7f87f7e5ae78,793f4a0f339ce59d2cae37aa3cfc712b53b78fc0bdd2c1abfc4f7f87f7e5ae78,4187,False
data/raw/tago_stops_nearby/2026-09-03/grid_3258f017df39070abac1af1f3bce9f306ca1983bc097577f5efd55b574736d00.json,874aeaf76d316ce12c8a4b3a51f04cac1f793f4cac461008fd647ec229255159,874aeaf76d316ce12c8a4b3a51f04cac1f793f4cac461008fd647ec229255159,3506,False
data/raw/tago_stops_nearby/2026-09-03/grid_3266b8567d75d0c59b8293434e6c49d2922958bbd0eb1038dad7ed634b824aaa.json,26ed9f8d7d3d73fa12b54a8b562b171121da33bc06219414f2b362b3ff16318b,26ed9f8d7d3d73fa12b54a8b562b171121da33bc06219414f2b362b3ff16318b,1895,False
data/raw/tago_stops_nearby/2026-09-03/grid_32759d56eeb035a99c6e693b6d572c7116e4a9829972d05ca6be7b71f398239d.json,a7bc83b417f4df1b92d4febe7fc9f022bd4fdb3c09912d91ac96f71f3501aeeb,a7bc83b417f4df1b92d4febe7fc9f022bd4fdb3c09912d91ac96f71f3501aeeb,5534,False
data/raw/tago_stops_nearby/2026-09-03/grid_32abc25b2ce3549e4f5491659eb13598720b7c2998686ee181a29abd13caaae8.json,9ae75206840691ba2463932a6ce5ea7b937b738371d8243ea3148fb331539409,9ae75206840691ba2463932a6ce5ea7b937b738371d8243ea3148fb331539409,2464,False
data/raw/tago_stops_nearby/2026-09-03/grid_32c091c83551dd67c1b1c010b16457604536e73a5900a603eff08ae602ed1967.json,f5cee1ace30cec3769a172935f5e1e93dd5392c39506034cec87d1db6fbfc9c2,f5cee1ace30cec3769a172935f5e1e93dd5392c39506034cec87d1db6fbfc9c2,9400,False
data/raw/tago_stops_nearby/2026-09-03/grid_32c9fe8f3efe209b427aac0511cae3c9bdfa9fbc08762cc7e2a3dd942931d515.json,ea06bed44dedba49724fea2cded2dcb0bedbd14b2a184f174f52cd02ab9ac580,ea06bed44dedba49724fea2cded2dcb0bedbd14b2a184f174f52cd02ab9ac580,1308,False
data/raw/tago_stops_nearby/2026-09-03/grid_32f959ed78ff7195678ba882ae91fa40c518804af5a9a4497a402967e45fa4dd.json,c94907c41ac07fc971502c9f3f2a1ccc9711bbbd6d05c344774d69c7cbf09b76,c94907c41ac07fc971502c9f3f2a1ccc9711bbbd6d05c344774d69c7cbf09b76,3848,False
data/raw/tago_stops_nearby/2026-09-03/grid_330bd7de6b3733ee10ca7c6f436f3c0a52cac28181018e1082014a9eaf35cf21.json,fce950587f5e4e190a48a6c9e401dfae025538481d538ba0600567faa2e9e745,fce950587f5e4e190a48a6c9e401dfae025538481d538ba0600567faa2e9e745,739,False
data/raw/tago_stops_nearby/2026-09-03/grid_3322cd655b5b6af2f8c02297543830b18c3e18687624014266f4f98c3e987989.json,ae750281955c6c0c6dab763d5607481d88fb5cd4ace7f549c4c374f665199066,ae750281955c6c0c6dab763d5607481d88fb5cd4ace7f549c4c374f665199066,5393,False
data/raw/tago_stops_nearby/2026-09-03/grid_33338b1fa99c99e23a20ad88c2797f658fb04c727e5646fc5ec8d19f058b833e.json,b4e661ea80c9313c62fd674bedcda5e3d7351c35beab8b22fb9c755789b64a6b,b4e661ea80c9313c62fd674bedcda5e3d7351c35beab8b22fb9c755789b64a6b,4974,False
data/raw/tago_stops_nearby/2026-09-03/grid_33397dce82ad0b735cd6ad753ab240647d5390ac91372bc5614ad4b701deae7e.json,bff5be0a256998577ca61efac4ec8c15684113112eec3d2793eae41dcd060ec6,bff5be0a256998577ca61efac4ec8c15684113112eec3d2793eae41dcd060ec6,4638,False
data/raw/tago_stops_nearby/2026-09-03/grid_334deaa424f8c799289c3d881692078ca1889f942f4d04e775b07a72c41a923c.json,ee7f8e178bd9112cae4aab1080ce547c3e79d30c7aa916f1f6d7c73f71ffebac,ee7f8e178bd9112cae4aab1080ce547c3e79d30c7aa916f1f6d7c73f71ffebac,3179,False
data/raw/tago_stops_nearby/2026-09-03/grid_338acfb7db210ce98850319bb07e3935d0fc2ac03dc61c2e6e8aa1892149ce83.json,3ed851146940ea159e964d3450ed439c75892f386d95ddf7c438e58407656bb8,3ed851146940ea159e964d3450ed439c75892f386d95ddf7c438e58407656bb8,3894,False
data/raw/tago_stops_nearby/2026-09-03/grid_33a0930d89a5c64217c3845763f073cdab11ac544b60d0bb04b7c6ab7538f544.json,de93c7bfda06762d43c21024fd76acbf5076eb9c542cf966eba652206d9622b1,de93c7bfda06762d43c21024fd76acbf5076eb9c542cf966eba652206d9622b1,2835,False
data/raw/tago_stops_nearby/2026-09-03/grid_33a3027953c03606603c6768fc1a7918a48c87eff8fef32eb3faf2c3afa76cb6.json,af49c466bfa9c2c3ce4b5d19e36fe29554a5527874f7f27e88175195e1a19ad1,af49c466bfa9c2c3ce4b5d19e36fe29554a5527874f7f27e88175195e1a19ad1,4710,False
data/raw/tago_stops_nearby/2026-09-03/grid_33aec2de2bb05ed7d54254582659e62e733ad9e5f86e769f28e688b26652fe3d.json,a9bb18933ff629e08c7909028194f2b594a0d005a729bf7645c2ad465a7f7363,a9bb18933ff629e08c7909028194f2b594a0d005a729bf7645c2ad465a7f7363,1513,False
data/raw/tago_stops_nearby/2026-09-03/grid_33b818c173eec8f12e011800db21adaeb41e7b581a52cb0b020621e7c41d9658.json,8adff0bce40d84c000e27661bb11d929b6f46fcd085911e8dcde82b9a2c2ec55,8adff0bce40d84c000e27661bb11d929b6f46fcd085911e8dcde82b9a2c2ec55,2543,False
data/raw/tago_stops_nearby/2026-09-03/grid_33c03ddd66c3531dfc6597bd6bc9f22a64e598536fd1636af6d535a81fb9dc69.json,7a592aeb7d8ae3703414318ab030e9ba763979518f73719d5896b0d0c032c285,7a592aeb7d8ae3703414318ab030e9ba763979518f73719d5896b0d0c032c285,961,False
data/raw/tago_stops_nearby/2026-09-03/grid_33d44e6ae03e0a5ab062d86574406be3b24d3b6ff79f39b3e88d958327646511.json,06fa1108a610d72d29c681a25a5804937b9659d472dfe4c3f19f36dc2c1a9966,06fa1108a610d72d29c681a25a5804937b9659d472dfe4c3f19f36dc2c1a9966,3534,False
data/raw/tago_stops_nearby/2026-09-03/grid_33df97556e1955269201035f5010219dd07a174c6150136ca35d4bb174662d10.json,d25696c562e02f8ca903f839c465f6fc4cb492eaded2875c0119c9008619d5c3,d25696c562e02f8ca903f839c465f6fc4cb492eaded2875c0119c9008619d5c3,3295,False
data/raw/tago_stops_nearby/2026-09-03/grid_33f0de2bfc7ca9c15876fac3c4930f0834bc8d97f621f3bd72a5cbe6a924d10f.json,9f4cb61d0d9a3c1cfd5c8fc720d97e6b7a5951fb1ba26805aa7004d67062f5dd,9f4cb61d0d9a3c1cfd5c8fc720d97e6b7a5951fb1ba26805aa7004d67062f5dd,4562,False
data/raw/tago_stops_nearby/2026-09-03/grid_3449de4566e8e986c803619b96523dae13497efbff90c8d8bf69cffc439b15ba.json,5d0996f31d5efe6d1faee66acb3015681ccfb69aaf02fcb58b376f3668e6b883,5d0996f31d5efe6d1faee66acb3015681ccfb69aaf02fcb58b376f3668e6b883,3691,False
data/raw/tago_stops_nearby/2026-09-03/grid_344f2471406b186ea53c9897226ed534ff649431d5b3240aef7a989b49982fe6.json,c158845d07f07db7b8f91ac7f4eec516943dd56a2af10e9364246e13cc711507,c158845d07f07db7b8f91ac7f4eec516943dd56a2af10e9364246e13cc711507,1462,False
data/raw/tago_stops_nearby/2026-09-03/grid_34591174910a57b78f9f171e96f30a1580041a88e603c3c3ef504903fe264c49.json,69d9d09a62398c629bab863636fc8653cf8a4e807c61058eaa154682ef61b29a,69d9d09a62398c629bab863636fc8653cf8a4e807c61058eaa154682ef61b29a,5588,False
data/raw/tago_stops_nearby/2026-09-03/grid_345b7c9531779bd751e2c9aedf5500e28148ff9f80d1a6ee2a3d19486609c47e.json,23e5dff2989996dbcc8ff128e8b86131e02cf0651f50eb0f0bd19416f0077049,23e5dff2989996dbcc8ff128e8b86131e02cf0651f50eb0f0bd19416f0077049,1271,False
data/raw/tago_stops_nearby/2026-09-03/grid_348d89b82c3777429933cfc9143c7adc024980287b302b2b53644806635e8bf8.json,befcbbfe9edb605d61d9f48b8db0289d19a26697658b26b656b825cefeed063e,befcbbfe9edb605d61d9f48b8db0289d19a26697658b26b656b825cefeed063e,227,False
data/raw/tago_stops_nearby/2026-09-03/grid_34b334339cb4f82e7a78625b3af4a9abb034f80a3a5258f04399c5d6e3b3cce7.json,5ba5c067e7d072bd3934f79e92fb14990cbd8dcbbd7c9d00717afed9c43c8ebc,5ba5c067e7d072bd3934f79e92fb14990cbd8dcbbd7c9d00717afed9c43c8ebc,5000,False
data/raw/tago_stops_nearby/2026-09-03/grid_34be15a2c2fdfd84fcdcef6766e7d1de240e43fd1ec8f23895b248b2f3042fef.json,befcbbfe9edb605d61d9f48b8db0289d19a26697658b26b656b825cefeed063e,befcbbfe9edb605d61d9f48b8db0289d19a26697658b26b656b825cefeed063e,227,False
data/raw/tago_stops_nearby/2026-09-03/grid_34d4f3b98046f844826fc4bd21550cee46cd995fcacb7520127a9d313b95d876.json,c073c676364450ce06a83645dc63415baa85ecd8effec8fe899eedba11ee9fbc,c073c676364450ce06a83645dc63415baa85ecd8effec8fe899eedba11ee9fbc,998,False
data/raw/tago_stops_nearby/2026-09-03/grid_34ef799c9eb43f5a4b51e0532bcced293c8949d6be24b566555738e97cea5458.json,93858fe9f58424b1a9940d1556efa0baeaab8b394e2031962743be664231cfcb,93858fe9f58424b1a9940d1556efa0baeaab8b394e2031962743be664231cfcb,1787,False
data/raw/tago_stops_nearby/2026-09-03/grid_34f166d316baf63c5c964d79b969a499a2eb306a5f924b71eb13b0f5a4fe0d10.json,33e2290f0069916bb63a3116889ae87dde8bcd204ed9cceffbb67d9c8c2e85a4,33e2290f0069916bb63a3116889ae87dde8bcd204ed9cceffbb67d9c8c2e85a4,3308,False
data/raw/tago_stops_nearby/2026-09-03/grid_35029fbe0312778a3307fe4f32256b529f24e088f4ce1c5abbe3b081e318f534.json,0c88a290e5d33b5f5dddd815d960c25933ff52ef27316861a1a05ffb05ecd3c2,0c88a290e5d33b5f5dddd815d960c25933ff52ef27316861a1a05ffb05ecd3c2,1974,False
data/raw/tago_stops_nearby/2026-09-03/grid_3516d71cfa3de2e9c1a656ae4eafda77599fac7fe22993de29cba62b6e006f36.json,4cfb5581231576676a0873deb7dcf52b0e9d614184e74432fc1a1348108bd99b,4cfb5581231576676a0873deb7dcf52b0e9d614184e74432fc1a1348108bd99b,1247,False
data/raw/tago_stops_nearby/2026-09-03/grid_3544eea34befdcde3fe6c3f221aa39abfdd48a48c2042b25d3a05150efc10b45.json,ba08417d2f22c9d64bf3fee977e769e191786687af2d7e54a5d6371746c67a74,ba08417d2f22c9d64bf3fee977e769e191786687af2d7e54a5d6371746c67a74,4931,False
data/raw/tago_stops_nearby/2026-09-03/grid_3587ac21150720cdd80c48fbfd72cc224331f4281ae0ee11398d45351cfb1ee5.json,be9d79072b718536fb581d0b22ff8927abaa51004285b82afa0df9868ba34045,be9d79072b718536fb581d0b22ff8927abaa51004285b82afa0df9868ba34045,996,False
data/raw/tago_stops_nearby/2026-09-03/grid_35adafd691a383b3ca56239bdd8d673b914753a46b16a0f871ae508287b226ab.json,9d36c5397dfa3268631c3e17536488fd084474cb28c3dc632234d7a2dcb1a926,9d36c5397dfa3268631c3e17536488fd084474cb28c3dc632234d7a2dcb1a926,3531,False
data/raw/tago_stops_nearby/2026-09-03/grid_35ce1ee22aa5dba78daa4f3bb6d3409af2cc69fb36bbc67c8c0715e9faf04e4a.json,53f6a6ec6bba630f7482d078f9dcc9e2efbdaeb52793d44b1c401524007aea52,53f6a6ec6bba630f7482d078f9dcc9e2efbdaeb52793d44b1c401524007aea52,3489,False
data/raw/tago_stops_nearby/2026-09-03/grid_362278a267089ae465258c4d11e04d8a471824e314310ee7653e645efb84a860.json,46d597bbc46e8e1aa75d80c3f005f800f6dc1f25e6b1882447cf79c000f25d5b,46d597bbc46e8e1aa75d80c3f005f800f6dc1f25e6b1882447cf79c000f25d5b,2356,False
data/raw/tago_stops_nearby/2026-09-03/grid_363dc358346e0c971d6299fedc0712c7d23202f489b5b1bb9c9503a6f2491359.json,31bd20fb7133ee21b6302d2c7cdb629f14ea08c0e092a76965ce36bb40a381e2,31bd20fb7133ee21b6302d2c7cdb629f14ea08c0e092a76965ce36bb40a381e2,3161,False
data/raw/tago_stops_nearby/2026-09-03/grid_364cd1391e0c880088dc895308d1b69a34f1b57646fcac1a3a528c3fe5222d57.json,d0aede0543746a7a141034a1dfa19e066f2482bb21a2bc94f0c53ac6deda1cab,d0aede0543746a7a141034a1dfa19e066f2482bb21a2bc94f0c53ac6deda1cab,1226,False
data/raw/tago_stops_nearby/2026-09-03/grid_3666d34c659f237afd1775ce4a8544825ec58bc831b6aa15c260e65ff566d9ec.json,6f6356c7793683e21981e68d4c2a1ae93e187eae3aefdf1b8563e00baa55227f,6f6356c7793683e21981e68d4c2a1ae93e187eae3aefdf1b8563e00baa55227f,2266,False
data/raw/tago_stops_nearby/2026-09-03/grid_36acdb7a0e816685158a6df0c7f40ae7df81e10468b5b9552fd67df1b50bfac9.json,4259af334d986bc25350cb904928d170ee978f7ca97c56767b8d470e8c9ce96c,4259af334d986bc25350cb904928d170ee978f7ca97c56767b8d470e8c9ce96c,2146,False
data/raw/tago_stops_nearby/2026-09-03/grid_36f1f68dbee1bfeb887070789bc887465cf92cc047dce83e4f76a4038e5199af.json,4a2e293b91cd1c48182cdc31f19a315a2dde54e12a835bfbeba0555059d43684,4a2e293b91cd1c48182cdc31f19a315a2dde54e12a835bfbeba0555059d43684,1986,False
data/raw/tago_stops_nearby/2026-09-03/grid_36f55de394df78e24fedb150c8f56489582c0331aadb3d45680f20ef03631dc9.json,517f69f534c6cad740e844945c46ac3047760443730bae12cd70ce3f284ca477,517f69f534c6cad740e844945c46ac3047760443730bae12cd70ce3f284ca477,4931,False
data/raw/tago_stops_nearby/2026-09-03/grid_370e129780b290926547a32a193bf2e97c95a94cca60d49b5bb4a044d340917a.json,a6cece6b8ddc95dcb873dc4b722e51e01fe5df5575beadc3693f1b575409d8d2,a6cece6b8ddc95dcb873dc4b722e51e01fe5df5575beadc3693f1b575409d8d2,5778,False
data/raw/tago_stops_nearby/2026-09-03/grid_37115419526f7f4a2020e723ad086f1b368f170a60d5d858dba430fb36b350cf.json,a13d6bc420f7670c9938c97ec2971618e9aa6e5d2224bcee218417550b2feb5b,a13d6bc420f7670c9938c97ec2971618e9aa6e5d2224bcee218417550b2feb5b,1985,False
data/raw/tago_stops_nearby/2026-09-03/grid_371311224490e086ef67fe0aa8e7ce121aad8e86b4fd69ed72b5f209962813eb.json,8bdafc7f1952dfd5376e6754029806f042bcabb2730b70c73e525a10db651c4d,8bdafc7f1952dfd5376e6754029806f042bcabb2730b70c73e525a10db651c4d,5147,False
data/raw/tago_stops_nearby/2026-09-03/grid_37572021f69770615385017d22cb364882d7535400af8f1c3d52fb197dc936dd.json,ad877f6a6612fea4e4e79c37a15d3bf14eb3e8ec2492a4195c532b6006cd76ba,ad877f6a6612fea4e4e79c37a15d3bf14eb3e8ec2492a4195c532b6006cd76ba,1926,False
data/raw/tago_stops_nearby/2026-09-03/grid_3761d0f5056b5e25902ab0d21bdab5b58f22559f541a5774d4cc3a2dba16123f.json,716256f12f6590457b76be3506d3c14ab67c6aaa45e687b3831336b00ee2bde1,716256f12f6590457b76be3506d3c14ab67c6aaa45e687b3831336b00ee2bde1,3220,False
data/raw/tago_stops_nearby/2026-09-03/grid_376f0f39aa0160826d9b41aca0b35bfa7c037713ddfd70c05257d2cb4b704745.json,c586934958a49a3e7948f5e4b222c2e02e21e0e5e97c6926518e41cc2036ad36,c586934958a49a3e7948f5e4b222c2e02e21e0e5e97c6926518e41cc2036ad36,2181,False
data/raw/tago_stops_nearby/2026-09-03/grid_37aa116ddaa3de80dda8a1e2300baa106a442fe2f9114ff3d064576995849b69.json,ddab69cc397142345959edbdd57f73be5fe7087f865ba6a6ee3107cd3d3b2725,ddab69cc397142345959edbdd57f73be5fe7087f865ba6a6ee3107cd3d3b2725,4095,False
data/raw/tago_stops_nearby/2026-09-03/grid_37e5bf29a6c17803691a2aae4ea44ae04d5d2ab374c290b55ca361824eb071eb.json,b097fc2c7efff6ca3b72c552315a14a16e957fabe1c2c863cbf9309d122c04f5,b097fc2c7efff6ca3b72c552315a14a16e957fabe1c2c863cbf9309d122c04f5,2698,False
data/raw/tago_stops_nearby/2026-09-03/grid_37edbec4ef740b957c3727acfbad2c385decdd5dd4713c34cc895e3363647786.json,a41e0da0bf3ef00b16ae77b62f41e0884ef9c472773707ab5742b9af077fed57,a41e0da0bf3ef00b16ae77b62f41e0884ef9c472773707ab5742b9af077fed57,2260,False
data/raw/tago_stops_nearby/2026-09-03/grid_38027920d0fe5164b737a9ef5f0639234c60471bde6239d715b7aff93abedca6.json,c02d11584be0399da2a3052d7796df2b093fe2ffb878218efce05534fbe7d7df,c02d11584be0399da2a3052d7796df2b093fe2ffb878218efce05534fbe7d7df,2073,False
data/raw/tago_stops_nearby/2026-09-03/grid_380ff62c31c35deab615ded594bbbbe9f811fece2e0ed9b42b10c34c008abfbf.json,0675fb6b6539a36ce9aa6fcb83e1882c2533a71c72aff3ded33d10593446a62e,0675fb6b6539a36ce9aa6fcb83e1882c2533a71c72aff3ded33d10593446a62e,1824,False
data/raw/tago_stops_nearby/2026-09-03/grid_382229fd28c6f4c6ec8d02d464c5e55008494c5e838861ded43787fd5437f8f4.json,dea34b8ba471ce5d53f99f2392c06f40ff4d5dff9f2591ec9347eea81949fa80,dea34b8ba471ce5d53f99f2392c06f40ff4d5dff9f2591ec9347eea81949fa80,6066,False
data/raw/tago_stops_nearby/2026-09-03/grid_384debed948c2cb21ab3bc4918c3f953b6a473bc78160794646d2b3d8e37af68.json,447eb168d5ba84bdad3d51d3cb26073fdae4b60823a0fa7dd449272834e3d5af,447eb168d5ba84bdad3d51d3cb26073fdae4b60823a0fa7dd449272834e3d5af,1905,False
data/raw/tago_stops_nearby/2026-09-03/grid_38587ac18c22089b6deda97cd229dc5d862d03d3988cc0a33c14bee56bbaf0af.json,7edcb793c31b22db5f9829a84352b706df51584ddbd62e4deada4a8199b07b43,7edcb793c31b22db5f9829a84352b706df51584ddbd62e4deada4a8199b07b43,1215,False
data/raw/tago_stops_nearby/2026-09-03/grid_385b18d180a3aacf8e053b78782de35101c4f2d8a04ec870cf67dcc6afefadcf.json,5efed7d76c1cc595c27ef40cbb4a1b3a9e26b0a3393294136f8135d16784d00f,5efed7d76c1cc595c27ef40cbb4a1b3a9e26b0a3393294136f8135d16784d00f,1298,False
data/raw/tago_stops_nearby/2026-09-03/grid_3883bb620fe0a9a897d8652b587d8415e03a6dca021e62bbc5fb9b66b02183dc.json,c7a07e73fed69fc6b71235c36d7ce4e52e49bf59b8801ef83d5178a8a6dc6f37,c7a07e73fed69fc6b71235c36d7ce4e52e49bf59b8801ef83d5178a8a6dc6f37,4381,False
data/raw/tago_stops_nearby/2026-09-03/grid_38a3df4e79680b98b0a2fec40c6158aafe13dcf13aa33cfc0b072a06d898a0af.json,f382009da9e23c8ab7cc57e6b7a266d912c4128895da6c49c85a8b6c7487b432,f382009da9e23c8ab7cc57e6b7a266d912c4128895da6c49c85a8b6c7487b432,3715,False
data/raw/tago_stops_nearby/2026-09-03/grid_38ab853312c2f5b5abfae88dd6410718020d90aad3aa9573b9ded8e895e236f4.json,770d0c0dea76315742e8b6c6d6467b58383e52889c259fd4d0fea30d34e8e0ad,770d0c0dea76315742e8b6c6d6467b58383e52889c259fd4d0fea30d34e8e0ad,2692,False
data/raw/tago_stops_nearby/2026-09-03/grid_38ae33c8503ac9844d34b857b113616015afc8a5ebd52a98f36e67b27cf96499.json,6ac4c7d260b6aad11953a295e22c5ac5a6a8efc9fd3d64284c9ab31ddf47b74a,6ac4c7d260b6aad11953a295e22c5ac5a6a8efc9fd3d64284c9ab31ddf47b74a,2945,False
data/raw/tago_stops_nearby/2026-09-03/grid_38b4fd013065b36b3194e9b282d6b49bac50123aecfbead5e9b7fa24802a986f.json,62b8a3734ea4a4d0392e97e95b41e5fb918fc1cb722c0085836fdd0c3c00cb62,62b8a3734ea4a4d0392e97e95b41e5fb918fc1cb722c0085836fdd0c3c00cb62,2707,False
data/raw/tago_stops_nearby/2026-09-03/grid_38df4683983f8899282cba016faea1ae4f7c9100f32dc65ce421adf32f552bf0.json,92d050f475a7d185d3c822ea6c9f518605389aa336c27698e2f18855efede6d4,92d050f475a7d185d3c822ea6c9f518605389aa336c27698e2f18855efede6d4,3214,False
data/raw/tago_stops_nearby/2026-09-03/grid_38fddf9c69c955fb00f666dc33e98926acbb42308bdbd9ebc0fe659b86948dfc.json,5205630adacb667b54c4edd89f157f8175a50fe1865a4bab3426cae3cb5c2f16,5205630adacb667b54c4edd89f157f8175a50fe1865a4bab3426cae3cb5c2f16,1270,False
data/raw/tago_stops_nearby/2026-09-03/grid_39517dd376fdf009b24a5e78e1167f804b53807e8f1d90f8b2451e1013bf40f2.json,8620cb512d8e1c77f578f89a35c1f982b2b72e5a6879d7076ce689715d6af351,8620cb512d8e1c77f578f89a35c1f982b2b72e5a6879d7076ce689715d6af351,5161,False
data/raw/tago_stops_nearby/2026-09-03/grid_3952ac2a5509068898f87faf93020858b4519e73ae59d3c03bacc2d99ab01c2f.json,8d5c440023c68980b1fbb7fe9a4298f8f6b302e2b3174ee4363fa07f398d87bb,8d5c440023c68980b1fbb7fe9a4298f8f6b302e2b3174ee4363fa07f398d87bb,2483,False
data/raw/tago_stops_nearby/2026-09-03/grid_3976e936717b0db2067b15dd88ebae03136ff50dea462100fe8984189d71b1ff.json,cccd8f94cfa3060f205ce47d981d08262a7e6953247625ac6249bd3fbd40e120,cccd8f94cfa3060f205ce47d981d08262a7e6953247625ac6249bd3fbd40e120,3563,False
data/raw/tago_stops_nearby/2026-09-03/grid_397b1b3640ee07cd3fe799f1a1d5da1992e14debe0364ab33231c8b92129e03a.json,befcbbfe9edb605d61d9f48b8db0289d19a26697658b26b656b825cefeed063e,befcbbfe9edb605d61d9f48b8db0289d19a26697658b26b656b825cefeed063e,227,False
data/raw/tago_stops_nearby/2026-09-03/grid_39929554a8960e184bce8299a1dd059d04a1ecc03c2d036d8e3847da326137cd.json,e50ca2ae5b30ead4e2eeefcd9c37dd1f1a28d301f52e3a93763eb8dc2830aca2,e50ca2ae5b30ead4e2eeefcd9c37dd1f1a28d301f52e3a93763eb8dc2830aca2,4891,False
data/raw/tago_stops_nearby/2026-09-03/grid_39af3767a93f65b78de512498fff203938c0ad75e368b46773c711a86537a4c7.json,befcbbfe9edb605d61d9f48b8db0289d19a26697658b26b656b825cefeed063e,befcbbfe9edb605d61d9f48b8db0289d19a26697658b26b656b825cefeed063e,227,False
data/raw/tago_stops_nearby/2026-09-03/grid_39bbf9a7623d596ddac42665672ca2d8c9020062087f1b543fdfb077ab8a187f.json,36ff4ae4ea90f25c3e2b2571ba805ea4660cc940e1720527addfe984a187439d,36ff4ae4ea90f25c3e2b2571ba805ea4660cc940e1720527addfe984a187439d,3987,False
data/raw/tago_stops_nearby/2026-09-03/grid_3a01151d9e9d5a321b0149a38f156116b84b505f37baef6635c76aee6bfae68f.json,72c07a18606033c2b434ded4eb81457e4d95528b7e311582635f8db16a63e578,72c07a18606033c2b434ded4eb81457e4d95528b7e311582635f8db16a63e578,7380,False
data/raw/tago_stops_nearby/2026-09-03/grid_3a5e8c8c9f227623c6ef8349c4913954258b3ca6620b7babef430f793906eacf.json,5727cb0cf7f43fc84fcae3820abace27a4caed3faca6f33002ae54f1194a8975,5727cb0cf7f43fc84fcae3820abace27a4caed3faca6f33002ae54f1194a8975,4642,False
data/raw/tago_stops_nearby/2026-09-03/grid_3a6dcbebc7c3d3e64b505e09e3b7db94eb525973473b466c6a01b41f1d3d7d2a.json,3d5d8a0f302a33af48a148cd776ae7c547c036166c528a3683296b50677ca0f4,3d5d8a0f302a33af48a148cd776ae7c547c036166c528a3683296b50677ca0f4,1974,False
data/raw/tago_stops_nearby/2026-09-03/grid_3aa0f4ddbaa1372bf950a6f5e38af78ae287b3adc1034af8ea44a4e4a2424537.json,9854e2850aa809b117090375097ca2f826f230c919bb95300fcf9357c14b7e43,9854e2850aa809b117090375097ca2f826f230c919bb95300fcf9357c14b7e43,5514,False
data/raw/tago_stops_nearby/2026-09-03/grid_3aa5eee1d9ccb586b3b37436392a4df4bde6fc1c6551ab382b56108b1a40f337.json,3712c299b0eca046ecb212441c1f7fc1cb3bfc63fe227afbd28b3275d7e69b96,3712c299b0eca046ecb212441c1f7fc1cb3bfc63fe227afbd28b3275d7e69b96,4222,False
data/raw/tago_stops_nearby/2026-09-03/grid_3ab6c9424c8fcf8eca134486c89a7792004252117125ea24522dc970303a6057.json,b4e2843eb482fe84cbabd4b0d1e08b3dcf1fb4763ca1ccec9fa6ae744169b514,b4e2843eb482fe84cbabd4b0d1e08b3dcf1fb4763ca1ccec9fa6ae744169b514,1792,False
data/raw/tago_stops_nearby/2026-09-03/grid_3addb21fc7d7583d64e8521de7b769fb0c26907fe7b3c3fd4d89b7f1b34ed3ab.json,f0534e4c2f0d56e251c70f308b09a2b5df316a62443a1321838be45245278b4b,f0534e4c2f0d56e251c70f308b09a2b5df316a62443a1321838be45245278b4b,3576,False
data/raw/tago_stops_nearby/2026-09-03/grid_3ade11d8dd0e7b91cca1b194f3e7cceb6ffb76c042da15605e03a1a541dd7bde.json,ea887f47e729b96e28742b48be7eec8a12c4d439e4b204a2e32bb8ba076b5f41,ea887f47e729b96e28742b48be7eec8a12c4d439e4b204a2e32bb8ba076b5f41,4999,False
data/raw/tago_stops_nearby/2026-09-03/grid_3b262962b188ab2aa118c375fb1e53387bf70aaf0480079185e1b747c4e887a4.json,57f63016b165dfaf025289ac18a9fbc9efd9beb48699093c4af2df9135b254b6,57f63016b165dfaf025289ac18a9fbc9efd9beb48699093c4af2df9135b254b6,1224,False
data/raw/tago_stops_nearby/2026-09-03/grid_3b3740798d6038b4e1098d9c116307973ef598537806068306563e5c0b3f23aa.json,2bf9d1de3ff201fa8ae33fd4d0dd077b69ea9b7688de2ab46eb3f00b4843af3c,2bf9d1de3ff201fa8ae33fd4d0dd077b69ea9b7688de2ab46eb3f00b4843af3c,3073,False
data/raw/tago_stops_nearby/2026-09-03/grid_3b80782cdc87abca8b8a71d95a7a318f7ccfba7b207e619320759ee7c7c4e5e3.json,0e3ddbf91390a64827e1280299fd910e94b38cc6dd1296f573648e6102e4f119,0e3ddbf91390a64827e1280299fd910e94b38cc6dd1296f573648e6102e4f119,4434,False
data/raw/tago_stops_nearby/2026-09-03/grid_3b82c6378e3e25f07728911c1cba0167f538783fd5fe58e9265b091d5b07839f.json,d97ae951a434241835ad7c42628fdb3569d00373f1977eb9f56e707eea049660,d97ae951a434241835ad7c42628fdb3569d00373f1977eb9f56e707eea049660,5786,False
data/raw/tago_stops_nearby/2026-09-03/grid_3b98636d8f60198784f9fe32a9cfa50a45eb06c72ba954ed4852dc771cb3de9b.json,0338bc31e304d951d924fef4e2ee34f65bdef8d216d866a747148b718f93d738,0338bc31e304d951d924fef4e2ee34f65bdef8d216d866a747148b718f93d738,760,False
data/raw/tago_stops_nearby/2026-09-03/grid_3bae02d89765cd784c352db0af022a555b0afe20b2891c8f2fef2fab23cb924b.json,2a15f3bb4d1b7da6c74ea57d60db6effd1f641c2560a556e94402388760333e1,2a15f3bb4d1b7da6c74ea57d60db6effd1f641c2560a556e94402388760333e1,3652,False
data/raw/tago_stops_nearby/2026-09-03/grid_3bc46feae60022653e18fcc7458d00d160d6dc903f232f77b024ace564e21c61.json,befcbbfe9edb605d61d9f48b8db0289d19a26697658b26b656b825cefeed063e,befcbbfe9edb605d61d9f48b8db0289d19a26697658b26b656b825cefeed063e,227,False
data/raw/tago_stops_nearby/2026-09-03/grid_3bdc58dc39526844fdf33d38d8811d911515ca32edb36cf9e7f44d0e65a62ee4.json,59c286f5bb50fa0d48630f02303ea2e27c2ac54697813f0e457d9372f844b707,59c286f5bb50fa0d48630f02303ea2e27c2ac54697813f0e457d9372f844b707,3458,False
data/raw/tago_stops_nearby/2026-09-03/grid_3c1a8c1d4c4cec1e4489ca859ae1ff9664d4eea459f092dde09ea168f1e49820.json,befcbbfe9edb605d61d9f48b8db0289d19a26697658b26b656b825cefeed063e,befcbbfe9edb605d61d9f48b8db0289d19a26697658b26b656b825cefeed063e,227,False
data/raw/tago_stops_nearby/2026-09-03/grid_3c320abfafd8dc7b0abe4c3aba970c50788d404f74f0f7946cc3308b53e16f72.json,0ced556430001995480bd41ebeb0fc46513edf9209f30097ba59c553afee6ecb,0ced556430001995480bd41ebeb0fc46513edf9209f30097ba59c553afee6ecb,1561,False
data/raw/tago_stops_nearby/2026-09-03/grid_3c36ef4c9e3af434ccbe947540e6a9469a50130e94bb10158c5932c2741ff1a5.json,5e398e8d05957a8f3bcf034f0c9a29574105b5cbda20f3ca521de883aa897d14,5e398e8d05957a8f3bcf034f0c9a29574105b5cbda20f3ca521de883aa897d14,3065,False
data/raw/tago_stops_nearby/2026-09-03/grid_3c596319f1c4c0f3a8817cdb6b864d1d20b456098087b4bcfeb234fd8ea6f490.json,a45b977d99d7d275576929f78b41cb1e15c16357eb00207243b99b65c1bbb924,a45b977d99d7d275576929f78b41cb1e15c16357eb00207243b99b65c1bbb924,1495,False
data/raw/tago_stops_nearby/2026-09-03/grid_3c84194a487e6b1fc44c02519136fd1dcb54e0144fa4d8040e7a327abcdc4979.json,f43cec23616fd01084f8c04c24ec99aaf45572752a7d3a56ee4eb08f6bf0bad0,f43cec23616fd01084f8c04c24ec99aaf45572752a7d3a56ee4eb08f6bf0bad0,5649,False
data/raw/tago_stops_nearby/2026-09-03/grid_3c84df4c189bec5230eca45f537703a899282101921917cfa03f41c519f33176.json,0123e6d1ed72ff5b324d3ee1107a1e41d1dbb0ed39bac0baa408691d12bd0bc0,0123e6d1ed72ff5b324d3ee1107a1e41d1dbb0ed39bac0baa408691d12bd0bc0,5471,False
data/raw/tago_stops_nearby/2026-09-03/grid_3c8bed6a0020d829425c752d9e693fc3b3a55eb2344114ae1040beea1488651e.json,1f28ddb973a7a19d692d7f718007c8994a4e1b2521ead802066ba95c973b9bfd,1f28ddb973a7a19d692d7f718007c8994a4e1b2521ead802066ba95c973b9bfd,2706,False
data/raw/tago_stops_nearby/2026-09-03/grid_3c9a73fb29c07019b1a038b58668106d33c4a67faaa8f9802ec340e8e0f11d82.json,a5f650e83baf8ae4497cf0570bcff54a4ff79397f4602e5f1246a03773e0d075,a5f650e83baf8ae4497cf0570bcff54a4ff79397f4602e5f1246a03773e0d075,2541,False
data/raw/tago_stops_nearby/2026-09-03/grid_3cc5ae741dae3e9929e9e60ba4221173f1c81223321b9cb5a028c0b01fdbc507.json,178efb3c8962ef2fbd098805f5c5339177f02b1358ded523cc441d2d06b8f156,178efb3c8962ef2fbd098805f5c5339177f02b1358ded523cc441d2d06b8f156,5107,False
data/raw/tago_stops_nearby/2026-09-03/grid_3cd980ecef6d3c4646704f5716472913180b0da87428e957552e596f1108755a.json,e9e8b2a0ecbb81d36d93889990a3f1537104f48e79efe2ec8fdd5724b6bcd487,e9e8b2a0ecbb81d36d93889990a3f1537104f48e79efe2ec8fdd5724b6bcd487,4940,False
data/raw/tago_stops_nearby/2026-09-03/grid_3cdc3e59b21bffaae02af4fd2143455229f880139f78b24c05511182481a519e.json,584d557a1e5778e895858c8c9c43e06073560bcd0163fa53febc71735fb13a78,584d557a1e5778e895858c8c9c43e06073560bcd0163fa53febc71735fb13a78,3172,False
data/raw/tago_stops_nearby/2026-09-03/grid_3cf78f85fad539374b907f5ee2767047da6b97354678477f642d74ff49b4bb02.json,52cddcec6dec400b5f654bebfaa629368a6b9deea0e238f3a26d29180beecec2,52cddcec6dec400b5f654bebfaa629368a6b9deea0e238f3a26d29180beecec2,774,False
data/raw/tago_stops_nearby/2026-09-03/grid_3cf9ae31158f62d162cde55ebce1acdd5250b1fdeed079bce2a7940092339eef.json,e3437694a68ef4a3d2b5187b66106618e7516319c2a65565fd05de28c5bd5cd7,e3437694a68ef4a3d2b5187b66106618e7516319c2a65565fd05de28c5bd5cd7,4417,False
data/raw/tago_stops_nearby/2026-09-03/grid_3d1793b9a98ac07d45a1a1bff7be0141eceef4256025feaa2091336fc53cfc39.json,15cf67b9084e4f4f183ae316c6a825ab1f34ab4a160dd698f19800ef2585920f,15cf67b9084e4f4f183ae316c6a825ab1f34ab4a160dd698f19800ef2585920f,4581,False
data/raw/tago_stops_nearby/2026-09-03/grid_3d181a7744bc0ddf5a210bba0ffa637fd99d4e48898436be9bd125440dea8570.json,be25401afa3e08521943c652fec7792e6ea34a26b1aa95a0ee23ddae9710bb00,be25401afa3e08521943c652fec7792e6ea34a26b1aa95a0ee23ddae9710bb00,5705,False
data/raw/tago_stops_nearby/2026-09-03/grid_3d51cf730b77616c4fc2962da7a60a15e922fcd75ebd814a168945e8e336d145.json,e954559c30d51a0c815952ede1cc5445dc87162d96e818608b98bf2e0543b860,e954559c30d51a0c815952ede1cc5445dc87162d96e818608b98bf2e0543b860,4173,False
data/raw/tago_stops_nearby/2026-09-03/grid_3d5415deac6bdad88e6de77542e68c59e30c1d55dacc13a8fdce003be1219123.json,4bd13c4ce1f219bac275f0664f5981354c398114ff5c29a62515be232f20ead1,4bd13c4ce1f219bac275f0664f5981354c398114ff5c29a62515be232f20ead1,2245,False
data/raw/tago_stops_nearby/2026-09-03/grid_3d6621039a532011d53aa7fd4891e4e815ea000e508f3b0d3391f945c23fffb9.json,a2c955758122eed21475db0dd709ceed5a52d28871900961326ab34f5f5a615c,a2c955758122eed21475db0dd709ceed5a52d28871900961326ab34f5f5a615c,9673,False
data/raw/tago_stops_nearby/2026-09-03/grid_3d8245ae9e26184726f0057851c5c9fb17008b9adb06daf5d89d9bb6bc7c1bae.json,00e00bea76a6a98805e5d016a8391f0e989c4dab22d74c8b950c5ead2f138ba4,00e00bea76a6a98805e5d016a8391f0e989c4dab22d74c8b950c5ead2f138ba4,4763,False
data/raw/tago_stops_nearby/2026-09-03/grid_3db6aaa06bbc9c1978957a96c6227d8c89bffb3444a282187512f13a44ffe11d.json,0e4cb943d4c2607b80771edde827417c28e6ba4d28e83fa819520fcaa2b3aac1,0e4cb943d4c2607b80771edde827417c28e6ba4d28e83fa819520fcaa2b3aac1,1811,False
data/raw/tago_stops_nearby/2026-09-03/grid_3dd6e7803c5bb05c94efb3677fcfeb02a8288a134c78047a230efda84d984647.json,290e95db633cbba8020f32ebde3495ae97f2bc1b51cc3f2914c57196d8a3cdcb,290e95db633cbba8020f32ebde3495ae97f2bc1b51cc3f2914c57196d8a3cdcb,4018,False
data/raw/tago_stops_nearby/2026-09-03/grid_3dee39337f60fe91eb98adaacea3d55cd95e552bded63024a9704a0b0db8fa16.json,e28176c645aa9eb0a3fed26e352d59c5e84a7a2f201cfa5c34bd03869321db29,e28176c645aa9eb0a3fed26e352d59c5e84a7a2f201cfa5c34bd03869321db29,5190,False
data/raw/tago_stops_nearby/2026-09-03/grid_3def3d7855dca0c7f60fb9e67508e10e9029c81587b872eff70472e1fd2feace.json,cf7ab1b84349bd57bb01c6bc959896bdc686860804cb392d3cd310559e7b2fa2,cf7ab1b84349bd57bb01c6bc959896bdc686860804cb392d3cd310559e7b2fa2,1567,False
data/raw/tago_stops_nearby/2026-09-03/grid_3dfbe716100addfaba3f44770ef5530c3a3c5deee9708ffc1a0c98688db63130.json,1d143b30f997a8617179f43046f2e65391949250c155a4dc54d15c43b22be8d2,1d143b30f997a8617179f43046f2e65391949250c155a4dc54d15c43b22be8d2,2206,False
data/raw/tago_stops_nearby/2026-09-03/grid_3e10c9e0d37001668f058924f448b8b52572481be6083bbf7ad35d785a2e6a06.json,ae5070e11c458ce34ffb6fd5f878f9f21b9b4c835fb653e34d20ad79e3fcc593,ae5070e11c458ce34ffb6fd5f878f9f21b9b4c835fb653e34d20ad79e3fcc593,1461,False
data/raw/tago_stops_nearby/2026-09-03/grid_3e110af2197f745232328496fedfdb3f83bd1b0ac7ab6c112943520512b7d97e.json,d48e6dc45b5b58f8af7ec0f318646ade768dd67a652dab88555c3d9f4d1c0e56,d48e6dc45b5b58f8af7ec0f318646ade768dd67a652dab88555c3d9f4d1c0e56,5492,False
data/raw/tago_stops_nearby/2026-09-03/grid_3e22d602294d085a8278e8ccf0b60f022780216b8c589959bc6b1d66afc6d78d.json,befcbbfe9edb605d61d9f48b8db0289d19a26697658b26b656b825cefeed063e,befcbbfe9edb605d61d9f48b8db0289d19a26697658b26b656b825cefeed063e,227,False
data/raw/tago_stops_nearby/2026-09-03/grid_3e2b349c036f1d3303f3eb0a1f19a0e2e1cf38829680c58e7f4e3d2d413173a8.json,8888ac6e5baee39a8e32969619582d66207ce6a439d9039844ac0769e94fabfd,8888ac6e5baee39a8e32969619582d66207ce6a439d9039844ac0769e94fabfd,4275,False
data/raw/tago_stops_nearby/2026-09-03/grid_3e3fcc06cf3e78de6b784118b31d624515981340f85de83254df3efcfc81ee4b.json,146fdb30cf117fc54965c6b26e459bd70de101eedf04bfa01456179579f21137,146fdb30cf117fc54965c6b26e459bd70de101eedf04bfa01456179579f21137,5985,False
data/raw/tago_stops_nearby/2026-09-03/grid_3e77a4f99fe926d6382c45eab002313c8ef89b18a5e73a0e20e2bf76138b123a.json,4f6a8afe12966b05deac4e02298b09661d6f60d9158f1b2804b96a09095bf461,4f6a8afe12966b05deac4e02298b09661d6f60d9158f1b2804b96a09095bf461,3829,False
data/raw/tago_stops_nearby/2026-09-03/grid_3e8af594587b635efe0423f8aaae07c371541ef3dd527afe924a107423c9356c.json,58468a92f9f7145544b0c957e0b465cec5aea8a761bbdeaf000758ea566ccd07,58468a92f9f7145544b0c957e0b465cec5aea8a761bbdeaf000758ea566ccd07,2293,False
data/raw/tago_stops_nearby/2026-09-03/grid_3e9d51d22af73c48fe309bf4f4c8df39bdd2e3e26fb05079681f6c0372ef3a2f.json,74bf840b3c6336bd00b6bf59849920d429ce71dac16e389c4efd55ac156e046d,74bf840b3c6336bd00b6bf59849920d429ce71dac16e389c4efd55ac156e046d,7622,False
data/raw/tago_stops_nearby/2026-09-03/grid_3e9f0320b4162525516704f242b889e64fcf9bec014185e23b20e074841571ba.json,8a0d074a893c3c00d46745992373adbc41d4c438032e13fb8a1502f1ff9c00f3,8a0d074a893c3c00d46745992373adbc41d4c438032e13fb8a1502f1ff9c00f3,3291,False
data/raw/tago_stops_nearby/2026-09-03/grid_3ea4ab109b7b5000d400e89573c9f1e0eed985da4eb2ad96401ef93174c39fbc.json,9096eee3ab35b6d2ab3a3f40f76f79de5b60fb09a451000ce013d0a32082485d,9096eee3ab35b6d2ab3a3f40f76f79de5b60fb09a451000ce013d0a32082485d,3809,False
data/raw/tago_stops_nearby/2026-09-03/grid_3ec90cbebbad429827ddd3abf493f82bee434e88dba233a2738fada351ab0ea9.json,befcbbfe9edb605d61d9f48b8db0289d19a26697658b26b656b825cefeed063e,befcbbfe9edb605d61d9f48b8db0289d19a26697658b26b656b825cefeed063e,227,False
data/raw/tago_stops_nearby/2026-09-03/grid_3eef274216f2dfaf04f3d716afe41e92ce8c3187f82e07bc238fabb76890ba85.json,befcbbfe9edb605d61d9f48b8db0289d19a26697658b26b656b825cefeed063e,befcbbfe9edb605d61d9f48b8db0289d19a26697658b26b656b825cefeed063e,227,False
data/raw/tago_stops_nearby/2026-09-03/grid_3ef48d0958ac800622102d1f4235844038059fdb57a41fed36277c4edb5a0009.json,befcbbfe9edb605d61d9f48b8db0289d19a26697658b26b656b825cefeed063e,befcbbfe9edb605d61d9f48b8db0289d19a26697658b26b656b825cefeed063e,227,False
data/raw/tago_stops_nearby/2026-09-03/grid_3f368e25c78acd58459ce3bad0447a877f246424c0d202b365aaeb3ebcf13622.json,23c10e3922ecdee5a9308db1b38b74cd51d6029629eec5f59f7453be383903bc,23c10e3922ecdee5a9308db1b38b74cd51d6029629eec5f59f7453be383903bc,6071,False
data/raw/tago_stops_nearby/2026-09-03/grid_3f5119f9b7c63ce958000e42e65ccb1a2dbe826b23de06f3407bc32af4c83304.json,9aad3267684063e84113a447cad261069212a05885207bd8e2da1b6855f68276,9aad3267684063e84113a447cad261069212a05885207bd8e2da1b6855f68276,2739,False
data/raw/tago_stops_nearby/2026-09-03/grid_3f64f222a00e4f7cbe91ad449c9f3e68eb5fa1a2faa93c369fb904be812ad1c7.json,26572018cdbd66a06b705dc73a1123b0e84ca6c9ae583620ce75a91b1e50799d,26572018cdbd66a06b705dc73a1123b0e84ca6c9ae583620ce75a91b1e50799d,3985,False
data/raw/tago_stops_nearby/2026-09-03/grid_3f7433acf682fa4e78358e8c85b4645c2a5e2efea43d70618d6efe695647ae0c.json,2492d7ac7f24e0220a4d3a4974d7527364c6fb476871ad8768b935f5160a9d21,2492d7ac7f24e0220a4d3a4974d7527364c6fb476871ad8768b935f5160a9d21,739,False
data/raw/tago_stops_nearby/2026-09-03/grid_3f770414c5bfafcdc555856b7e60d04b5da8a0c9326714786ee8f5c748208a61.json,adcc2e15503f36ad246369108e1701f9d922bf9e2b9437b32ba376624d977ede,adcc2e15503f36ad246369108e1701f9d922bf9e2b9437b32ba376624d977ede,3755,False
data/raw/tago_stops_nearby/2026-09-03/grid_3f7f9688c05bc13b7351cc03b71d8774d7dafa2bf31190bf51e1139753e66560.json,049f42aaae7aa84871866498d2177ab385be758b778902706f8684f532b195ae,049f42aaae7aa84871866498d2177ab385be758b778902706f8684f532b195ae,2695,False
data/raw/tago_stops_nearby/2026-09-03/grid_3f8110f019fa24f0f58c00ac39a48a903a520d9561813f7211add1b096525f61.json,1ba6dea81ed6e53dee49088fabe1075834eb7214d4c152020820e00ea96406ae,1ba6dea81ed6e53dee49088fabe1075834eb7214d4c152020820e00ea96406ae,4850,False
data/raw/tago_stops_nearby/2026-09-03/grid_3faa758a38ab15bb8d5523c1c2383f87c919b6a16856d157c7acfa72e931a356.json,58778aaae9531c23ca040701354d1cb8e91e452e665c7eed5da6e2116961a301,58778aaae9531c23ca040701354d1cb8e91e452e665c7eed5da6e2116961a301,2314,False
data/raw/tago_stops_nearby/2026-09-03/grid_3fc491a8b9c69bb93eaafac73b1667d2c293d874b749232bc7d9d1d620ececfc.json,5451160348523e8efab076bdf32cdcc3982b0939fa07b7710a18e52a8a6b4524,5451160348523e8efab076bdf32cdcc3982b0939fa07b7710a18e52a8a6b4524,6610,False
data/raw/tago_stops_nearby/2026-09-03/grid_3fd526b7bbfbc1099266e717db44c2bbcaae3b41d4a9238bc0b5cae0a5d0cd50.json,196439cdce8d08950f75022ac18737677c67dabdf27ca83976c7f5cad4f927bc,196439cdce8d08950f75022ac18737677c67dabdf27ca83976c7f5cad4f927bc,1525,False
data/raw/tago_stops_nearby/2026-09-03/grid_3fde603c0f3ca4a2468a008b10e116728a32805c4f7cbd19104b5f644681b760.json,d32ceb8cb3c4dc3eb118153b6872787f6a507cee826c466d3f3d274a9fb561f8,d32ceb8cb3c4dc3eb118153b6872787f6a507cee826c466d3f3d274a9fb561f8,772,False
data/raw/tago_stops_nearby/2026-09-03/grid_3feb7d303c808ba7441208145b67375107316f7b68db4a5db484bcd575e58466.json,f0fcbe65ea2a7f52dc5569e22806eec86b8e5fd8c72620b41239487d4656fe41,f0fcbe65ea2a7f52dc5569e22806eec86b8e5fd8c72620b41239487d4656fe41,4974,False
data/raw/tago_stops_nearby/2026-09-03/grid_40238663d236e1863172aff32f743c83288e27087e4f6186d95bf0b32f76ad03.json,7b59dfc852e625cff19034313aec34af5801e94cec94880c49a080241a00b8cb,7b59dfc852e625cff19034313aec34af5801e94cec94880c49a080241a00b8cb,758,False
data/raw/tago_stops_nearby/2026-09-03/grid_403a4508bd74ace7d2c1c12223b2c758103b5ac98baae7f1df20acf73130968a.json,c8a8564718fa269037ca3cc1616f2c26e1002cbb75854b97fb9a5463c190806b,c8a8564718fa269037ca3cc1616f2c26e1002cbb75854b97fb9a5463c190806b,4127,False
data/raw/tago_stops_nearby/2026-09-03/grid_40458580e160fb67e8684e884cd394e4812d9f683c16630df2e4d1ca6d3fa382.json,1afc91e7c988cdde0b8c8b606e6747e5d220c1e3b207bc0f2d7b7d1313784a0e,1afc91e7c988cdde0b8c8b606e6747e5d220c1e3b207bc0f2d7b7d1313784a0e,963,False
data/raw/tago_stops_nearby/2026-09-03/grid_4048bfb1e71e47231bc9b496f1f28871bdc39d65c2eca283fd8b0b4e5930d260.json,befcbbfe9edb605d61d9f48b8db0289d19a26697658b26b656b825cefeed063e,befcbbfe9edb605d61d9f48b8db0289d19a26697658b26b656b825cefeed063e,227,False
data/raw/tago_stops_nearby/2026-09-03/grid_40513b12994d6ddee0663aec773d331c36e92af130163b9366661fec7603ff1e.json,c1ca2f242f4c47a6dcf68c9ee338915680fd651c367f1fd808223abfa4643f60,c1ca2f242f4c47a6dcf68c9ee338915680fd651c367f1fd808223abfa4643f60,4266,False
data/raw/tago_stops_nearby/2026-09-03/grid_407e2532b0f96593078d3cb366210904b72fb024e0c033049f08611a5bc02322.json,7d8da6c746abd009c9be188ea461cbfc5f12fdd3e6b48416569444d6d7a8cc91,7d8da6c746abd009c9be188ea461cbfc5f12fdd3e6b48416569444d6d7a8cc91,4437,False
data/raw/tago_stops_nearby/2026-09-03/grid_4082316d60282701e1892a8ae42e92d7150f429e973e8905135fc3448781b51c.json,751b8dd9babdff7161aebb6db9f3a1758895753ec07b03708d9e58329e9a8977,751b8dd9babdff7161aebb6db9f3a1758895753ec07b03708d9e58329e9a8977,2224,False
data/raw/tago_stops_nearby/2026-09-03/grid_40d4c446edfb4a27ab5adbfef9966ff4a9eddc8ef84046fd16761bae53a7aa07.json,a500710ff322b86880a5c238f70e7ea6acaf7923e9fa5a079a6054a3038a99ef,a500710ff322b86880a5c238f70e7ea6acaf7923e9fa5a079a6054a3038a99ef,4006,False
data/raw/tago_stops_nearby/2026-09-03/grid_40e0f0ab30fa048a129f4a7c3a8620569307ba5026bc40d70669590e577ca68b.json,68f1587face829a87aa40759b45ceac25f72e842d92ceb7064cdb16fe9b10d4d,68f1587face829a87aa40759b45ceac25f72e842d92ceb7064cdb16fe9b10d4d,3713,False
data/raw/tago_stops_nearby/2026-09-03/grid_40f072a44b99c368ef1f7ff13676dca7dce873859baadb09efba5d04d6b7ce5d.json,cbcb064fc6681c7718f5d42ce658ff28e36c95be3e2015683ff980341e21326f,cbcb064fc6681c7718f5d42ce658ff28e36c95be3e2015683ff980341e21326f,1726,False
data/raw/tago_stops_nearby/2026-09-03/grid_410e57b8d3aa9a3a41f29edbf1f1176dfb7eb52691ced41bab0876bc97110fd0.json,21c3a9a52862cd41d2eaef7619b82f2c5e04e7f414544f00d75575feb17289a6,21c3a9a52862cd41d2eaef7619b82f2c5e04e7f414544f00d75575feb17289a6,2180,False
data/raw/tago_stops_nearby/2026-09-03/grid_4125e1339188caca11d85dd30d16df4fa6419be83fc6ad8d89d410053ee4aef7.json,a8743b92b1494b9e91d96e232cf94689cbb912e702f7b16155e471cb6ed7a40f,a8743b92b1494b9e91d96e232cf94689cbb912e702f7b16155e471cb6ed7a40f,5558,False
data/raw/tago_stops_nearby/2026-09-03/grid_41432e86472ae5913ddd87b84b8b62558c969eb0d5a313bd097cb0300110b43e.json,befcbbfe9edb605d61d9f48b8db0289d19a26697658b26b656b825cefeed063e,befcbbfe9edb605d61d9f48b8db0289d19a26697658b26b656b825cefeed063e,227,False
data/raw/tago_stops_nearby/2026-09-03/grid_4160feef38e6c76e4b2f9eb02a75dcd3875f11843ffb14faf172f5c8806e414d.json,24eed79bc9d242ed8b989971c420650b350372a756b5b958067ab74d4556a595,24eed79bc9d242ed8b989971c420650b350372a756b5b958067ab74d4556a595,3219,False
data/raw/tago_stops_nearby/2026-09-03/grid_416b7b79471b5a18328b644c632b57543b535e7768c7119a54780e7b52ee9480.json,c27067d89eee6b249ef2e8fb2c68d7a8231b55c8ad9b4fcbc735043a6a07e684,c27067d89eee6b249ef2e8fb2c68d7a8231b55c8ad9b4fcbc735043a6a07e684,2465,False
data/raw/tago_stops_nearby/2026-09-03/grid_416c84f9ccd5db91a61b17113537755afb0ed8826647d80f4a611dc57afebe77.json,2492d7ac7f24e0220a4d3a4974d7527364c6fb476871ad8768b935f5160a9d21,2492d7ac7f24e0220a4d3a4974d7527364c6fb476871ad8768b935f5160a9d21,739,False
data/raw/tago_stops_nearby/2026-09-03/grid_417d45a220c80bb0270d45fc54bbb63771441ac629b09c8cbe3a4ac6c8e822e8.json,b9ceb33082a18536123253902805a3f0a609d0e28af4ae38849bd3db53db71cd,b9ceb33082a18536123253902805a3f0a609d0e28af4ae38849bd3db53db71cd,2223,False
data/raw/tago_stops_nearby/2026-09-03/grid_41966c0afb0ba14864d41b5429761d7a9c442eefe6c04ebc0be2f1ec594347d7.json,f80cf60c40c8945bc276d4feebe89efb0ac3b624ad06cecc4c7d6d913ffe73b2,f80cf60c40c8945bc276d4feebe89efb0ac3b624ad06cecc4c7d6d913ffe73b2,3081,False
data/raw/tago_stops_nearby/2026-09-03/grid_419f2d0441da5fdad100aca16a26bd985af0a024025760330876be7ff838050f.json,99ac1927e09c50a6b267b5489139499d4f12bfa8230d07a5d4af2746147de5f5,99ac1927e09c50a6b267b5489139499d4f12bfa8230d07a5d4af2746147de5f5,4192,False
data/raw/tago_stops_nearby/2026-09-03/grid_41ad7c808ec66ffd3e237c6411bea0b165b3581570bda9769f1d48a3fb2d2ef2.json,56917cea17c08f1e406b122dd34525dd30fbf5f8bf1983c557220f4475364277,56917cea17c08f1e406b122dd34525dd30fbf5f8bf1983c557220f4475364277,1030,False
data/raw/tago_stops_nearby/2026-09-03/grid_41d7895d2630a0b8da9e262dcc00cb1d7694fb90cba99a2c878b87a60b2457fe.json,f658d1fde83d0bb7d8b0b1eb0a5d14e4ea571db1352f4643bec0c33ad5258546,f658d1fde83d0bb7d8b0b1eb0a5d14e4ea571db1352f4643bec0c33ad5258546,2703,False
data/raw/tago_stops_nearby/2026-09-03/grid_421cdc7b54c0e14995b15ca18991586eff73c9029c55feeeaaaa8ba74afc748a.json,a7d38513e1742006e76990f9867d8e22103b91b024c69696b62d68be7874355b,a7d38513e1742006e76990f9867d8e22103b91b024c69696b62d68be7874355b,3832,False
data/raw/tago_stops_nearby/2026-09-03/grid_423d47b12dc0fe6e88a5f40a7d10cbb0214fc330c4544e3a96f128e29e0c7896.json,d3ab86197a22d7bbd73e0c1cbd125b8b6537b10671aa66b5e47764fd1b2fb033,d3ab86197a22d7bbd73e0c1cbd125b8b6537b10671aa66b5e47764fd1b2fb033,6728,False
data/raw/tago_stops_nearby/2026-09-03/grid_4249edcd0b721015f8a32eb15ac813f8a096fc3d88e9dbe6fff79178ec4aba41.json,27e4ef25abe26faaf24c1e5b76ac7112765b2076ad84e105df88beab8fe48378,27e4ef25abe26faaf24c1e5b76ac7112765b2076ad84e105df88beab8fe48378,1705,False
data/raw/tago_stops_nearby/2026-09-03/grid_427e46ab8ed5e77c66d09288523669360a1971d9f5fe866c59448089e6a7f26a.json,5689fa1336540888d80cc82e5d1d76e878acd49f55378dfbf884a881ba8d0f96,5689fa1336540888d80cc82e5d1d76e878acd49f55378dfbf884a881ba8d0f96,3519,False
data/raw/tago_stops_nearby/2026-09-03/grid_42ab5fce10bdaae97314615e29be7390be99363a2dcf39d641a135e803d9cc6e.json,c97a50fcf2de3674a2c85ac5d5b0e439e36836e98acaadfb7f77c135b2d7dfdb,c97a50fcf2de3674a2c85ac5d5b0e439e36836e98acaadfb7f77c135b2d7dfdb,3181,False
data/raw/tago_stops_nearby/2026-09-03/grid_42b9495e221449f5086ef3b3a1aba068539e02dac13f6443c0989b46687f5c82.json,6ddfb60363cc98b8557440cac5051010a0dcebee64cd88e9ea2d0c62c863254c,6ddfb60363cc98b8557440cac5051010a0dcebee64cd88e9ea2d0c62c863254c,3333,False
data/raw/tago_stops_nearby/2026-09-03/grid_42b9789182ad70464f8b4abe4f024f54345b3ebe4d3d48bfe24b2bad4c7db1f0.json,befcbbfe9edb605d61d9f48b8db0289d19a26697658b26b656b825cefeed063e,befcbbfe9edb605d61d9f48b8db0289d19a26697658b26b656b825cefeed063e,227,False
data/raw/tago_stops_nearby/2026-09-03/grid_42cc8f464d5f7b22ac817f690811d90b7183dbd35a9dadbcb13e7eace6a9e163.json,4e9215584b3a8e09f0751ffe1319ec5ff54ba82060fce6a5ff51cd039044b896,4e9215584b3a8e09f0751ffe1319ec5ff54ba82060fce6a5ff51cd039044b896,3957,False
data/raw/tago_stops_nearby/2026-09-03/grid_43535d728370711e30c4ec4b39f6a169eb23cbb4a2584b29b838fe5fe4eaa2ea.json,c85d70266b33a960f6374f6ee02f87ff1c61aa98b9714b7876f924d8bb5e59f5,c85d70266b33a960f6374f6ee02f87ff1c61aa98b9714b7876f924d8bb5e59f5,3885,False
data/raw/tago_stops_nearby/2026-09-03/grid_4357233813487eeab967a105a8cc5e640b201f8c8093cc840e1658f98850f142.json,6da210b2efe2aa8aac8dfbbb1e1996015a279281e4765345e02fc888b8fffb9f,6da210b2efe2aa8aac8dfbbb1e1996015a279281e4765345e02fc888b8fffb9f,3219,False
data/raw/tago_stops_nearby/2026-09-03/grid_43619e331d2d8add56e81684bb31d4904bb1b00a813485562b2cced90bd72687.json,7f6d62b3606fddc2e7a249311f9942c58180626e2a8ad4bfa7086700912f4fb9,7f6d62b3606fddc2e7a249311f9942c58180626e2a8ad4bfa7086700912f4fb9,2241,False
data/raw/tago_stops_nearby/2026-09-03/grid_436ce5f3d5d3302556bd21fdaa556a5c4cb6d3dd30211bf3bbb3a77196cbf9a1.json,036d8da51a40f63f83bd40ec95fe55b1801ad93de93421b070512e815cf80b04,036d8da51a40f63f83bd40ec95fe55b1801ad93de93421b070512e815cf80b04,3244,False
data/raw/tago_stops_nearby/2026-09-03/grid_437c942c520e8ec6c0ff579709f9d2c40bcc4023da9a95789b847d4a0639fdde.json,4c78b512e29fcca64f50da5cc4a46ea524f8577b5c34992899a4d06970dce05f,4c78b512e29fcca64f50da5cc4a46ea524f8577b5c34992899a4d06970dce05f,3416,False
data/raw/tago_stops_nearby/2026-09-03/grid_43c153c9208f9c519339e8a14b79820e13b013e599ea216e1e607a899f1ecca9.json,a8313ebe3a0bf52cb7189654f60fe35496650f3f0e94b972c9974ab2656387f4,a8313ebe3a0bf52cb7189654f60fe35496650f3f0e94b972c9974ab2656387f4,2535,False
data/raw/tago_stops_nearby/2026-09-03/grid_43e5a56baeb7053dd5de6a6f8fb93050507f98805e6a94e413e44d13620787ea.json,b7d8e53a29beb02cd2d03dcde2b160757d256282711ec1a671d325f241e6f345,b7d8e53a29beb02cd2d03dcde2b160757d256282711ec1a671d325f241e6f345,4960,False
data/raw/tago_stops_nearby/2026-09-03/grid_440d04db9536d48b9e585e0f0ef9db83ed42e19362271e77234f42c43e419ab9.json,992a90846573e011219c898e11a70fbbae4159465047af04a0196907ba6feb0c,992a90846573e011219c898e11a70fbbae4159465047af04a0196907ba6feb0c,4761,False
data/raw/tago_stops_nearby/2026-09-03/grid_4446207d66b54918c35d792f0da83a00faa24a366812fea8c8c3de3b22215a8f.json,e7dd00b01396a958815c9136010149226ac921b2b919c43a00368bc4970b71c5,e7dd00b01396a958815c9136010149226ac921b2b919c43a00368bc4970b71c5,1228,False
data/raw/tago_stops_nearby/2026-09-03/grid_4453e45ef35533198d0cf7988136452b6b6c2704fa3eedbd46678e34c1303a76.json,4aa5b2a79c44b1d8f42b10c1fdbf246dfab6c4de3727fd0dcf5ed1be9d06f4c9,4aa5b2a79c44b1d8f42b10c1fdbf246dfab6c4de3727fd0dcf5ed1be9d06f4c9,3684,False
data/raw/tago_stops_nearby/2026-09-03/grid_446157eed19bcdd9494dbc64f4b785d81d4ae634ad203650fba9fc23670273bb.json,02c9726e22c9bfa79e30edbf8ba597921875193fcb797718a5f49b20b174a761,02c9726e22c9bfa79e30edbf8ba597921875193fcb797718a5f49b20b174a761,1994,False
data/raw/tago_stops_nearby/2026-09-03/grid_44805553c1022aa93a25a17666d515d841a475a30cfdc06535cd9d6b2decb215.json,0b025dc9c018bcdc109212b7214805e2c89e86a827f75579decd46a76205aa7c,0b025dc9c018bcdc109212b7214805e2c89e86a827f75579decd46a76205aa7c,3758,False
data/raw/tago_stops_nearby/2026-09-03/grid_44a6805aec58d4846318f4edd82202925c6c4dd5f246a586d9940e0e5567099c.json,8a8fd7070e0a3bfa2dcd9509e1a317a2fd021a72972d1d30fd58c73abc5a7796,8a8fd7070e0a3bfa2dcd9509e1a317a2fd021a72972d1d30fd58c73abc5a7796,1247,False
data/raw/tago_stops_nearby/2026-09-03/grid_44a7b591b503a3fadc63dfc727edfbd834f1a435e8cc0fb0ece8ccba4c636bed.json,b9ceb33082a18536123253902805a3f0a609d0e28af4ae38849bd3db53db71cd,b9ceb33082a18536123253902805a3f0a609d0e28af4ae38849bd3db53db71cd,2223,False
data/raw/tago_stops_nearby/2026-09-03/grid_44a965788deb1f22478dfed40f221f2b62a22841594ab79564abaac074cafb37.json,96711b73830ff14513da9f4bfd2f7ac9ff67e9a9504d1b8316b8ea9528aa94c2,96711b73830ff14513da9f4bfd2f7ac9ff67e9a9504d1b8316b8ea9528aa94c2,6357,False
data/raw/tago_stops_nearby/2026-09-03/grid_44aae89736bef6f25244b7d0bf6660136211be5c3f37d0f96e004bf064ee5a6f.json,d31613a18234d3afa1fe54658ab7776b5a0891676230d5cee86d949aca341ed9,d31613a18234d3afa1fe54658ab7776b5a0891676230d5cee86d949aca341ed9,2820,False
data/raw/tago_stops_nearby/2026-09-03/grid_44c26b1936fef79c8e76b025c3de7f5b4f078272a0977b6009d92b4f0e0393df.json,cc0f4c900918162343aedf32dfaff7cc8654d285acd7ad9e9bf64ede2e69575c,cc0f4c900918162343aedf32dfaff7cc8654d285acd7ad9e9bf64ede2e69575c,3482,False
data/raw/tago_stops_nearby/2026-09-03/grid_4529814dda2ff226aa5778d401edcc8f92650aaff75c41c6b0522fbb3b296df1.json,d3712e1933341a6db071ddf57f96be83539668a2d68238e87fbb6fbdb8d1b33b,d3712e1933341a6db071ddf57f96be83539668a2d68238e87fbb6fbdb8d1b33b,2915,False
data/raw/tago_stops_nearby/2026-09-03/grid_45340b03a011b865f7ceec7b65e0f98a1b7aaee8597d4e053dba305a4ad318c4.json,328e732407428a5892e07c2cfcd789c85ea02ad714587d366939678bcf463eb3,328e732407428a5892e07c2cfcd789c85ea02ad714587d366939678bcf463eb3,2781,False
data/raw/tago_stops_nearby/2026-09-03/grid_4538a25028b73b657686e62f7a338f11a5c5d309f735830110eeec44b70b7337.json,d00cdd6d6f0e8433799fbe578dd3d518a2c75b8130d7a778e9e7a5509b554239,d00cdd6d6f0e8433799fbe578dd3d518a2c75b8130d7a778e9e7a5509b554239,1663,False
data/raw/tago_stops_nearby/2026-09-03/grid_4539f1c7b66a2eecef81530f80e946b4e2098feab883528c480bda5363934128.json,5ae6cb2b0dcf34f6ad92da9c5247787f3c47024ae6f53c32b33e5c06723857b6,5ae6cb2b0dcf34f6ad92da9c5247787f3c47024ae6f53c32b33e5c06723857b6,6012,False
data/raw/tago_stops_nearby/2026-09-03/grid_4564333482aa1c04d04b7842a9f3e4523a0e4b0aeddb10b0fa9308f9f47ff461.json,befcbbfe9edb605d61d9f48b8db0289d19a26697658b26b656b825cefeed063e,befcbbfe9edb605d61d9f48b8db0289d19a26697658b26b656b825cefeed063e,227,False
data/raw/tago_stops_nearby/2026-09-03/grid_4586b02a7b6c86112d4b1559b10758e5356be84afb90a2c177877cf1eca7b1ab.json,aeb1b24c4271e777a30d7d872b7b4e987d4c3b8c66b953865a292b61ce558679,aeb1b24c4271e777a30d7d872b7b4e987d4c3b8c66b953865a292b61ce558679,752,False
data/raw/tago_stops_nearby/2026-09-03/grid_4597b0d261a07e4a78ee91bf44a33fc8111f348e93a6c9abbea94dd65876e564.json,5c3f077f1d75003accbcf5465e74d1686c049952ee5c8e1c12669a2b42fdaba3,5c3f077f1d75003accbcf5465e74d1686c049952ee5c8e1c12669a2b42fdaba3,2961,False
data/raw/tago_stops_nearby/2026-09-03/grid_459cf491ef5501a20aaa43595aa7fa7c699a61114465f466a7eb00316a2d2c2f.json,bdc79b96e10a361d9dca3d45a43cda92f23459f116ef013dfc04f44e4e847c0d,bdc79b96e10a361d9dca3d45a43cda92f23459f116ef013dfc04f44e4e847c0d,3481,False
data/raw/tago_stops_nearby/2026-09-03/grid_45b182935125a62767e4ec2a2511fcd3362f7de801aabc076be469351626d8e6.json,591225ce44979b63f3cda657ce59f8fd02105ed31fec3221103abf635bd9e13e,591225ce44979b63f3cda657ce59f8fd02105ed31fec3221103abf635bd9e13e,2587,False
data/raw/tago_stops_nearby/2026-09-03/grid_45e5240501a9b6118cce03c3eb3de551ea6e8f84b1d32fd58d360842a73e904d.json,1ad3e06e177334b7b56290e47ed616fb653b4da016f7d05915c3c708bdc2a8cb,1ad3e06e177334b7b56290e47ed616fb653b4da016f7d05915c3c708bdc2a8cb,4387,False
data/raw/tago_stops_nearby/2026-09-03/grid_45e52fe02f3a59f97d83435cb8a50180437dd9afb741dbceeb033de7a3e4cefe.json,9eb31fc2ecd66b10da15cf78c7901ff38dd11eee2bdb5f5800f0c24224b0e1e6,9eb31fc2ecd66b10da15cf78c7901ff38dd11eee2bdb5f5800f0c24224b0e1e6,4627,False
data/raw/tago_stops_nearby/2026-09-03/grid_45fe54ab7f548557f3572dd902f496d066de154c4167567bfe91c49b1c106bc3.json,ad2e24f41467f2505233613413a4c0b0fc888769e6385365a6bcdcaed8e3b754,ad2e24f41467f2505233613413a4c0b0fc888769e6385365a6bcdcaed8e3b754,1974,False
data/raw/tago_stops_nearby/2026-09-03/grid_4600d4e183d062213ef1f97237a81a124024b29d656386583dcd42dc9ead2293.json,6d50d95c4c201de420a22505bcd13844bbe005db4f3b80427e843781fe124928,6d50d95c4c201de420a22505bcd13844bbe005db4f3b80427e843781fe124928,4685,False
data/raw/tago_stops_nearby/2026-09-03/grid_4615503bbc58ee53f7201ff09b47c0f0a2e2009889a369d16d43c58bc40092af.json,519d117bcab9f9c1ffb2535bb36aec0434f0fd731e3e85fd9af778cd59394a3e,519d117bcab9f9c1ffb2535bb36aec0434f0fd731e3e85fd9af778cd59394a3e,6929,False
data/raw/tago_stops_nearby/2026-09-03/grid_462473e7cd082fd16195ec68dfcb54a786c5ec5e8343e6b03e2ee1f99ac39899.json,c451ece24508330b0b7dc8c993197ec7bbb25e7a34a171de7868e95c8bdd2828,c451ece24508330b0b7dc8c993197ec7bbb25e7a34a171de7868e95c8bdd2828,495,False
data/raw/tago_stops_nearby/2026-09-03/grid_462e3ae77a07fc2ccc0eb84731a601a046da926c4c8e6bc20dc70ff03646dd4b.json,a225dcc0a09d8be3fcf2af111749d934061c739a0a82cca643af1672064e34bb,a225dcc0a09d8be3fcf2af111749d934061c739a0a82cca643af1672064e34bb,3421,False
data/raw/tago_stops_nearby/2026-09-03/grid_46314f54c15bdaee0fdb8e6a4410243f9311b20eb17055f4cdcb3e7b4bcbb388.json,2c9d108e1daf76868e390e9a7924620c83c3dc2e196718ab37d17cacda9edf5c,2c9d108e1daf76868e390e9a7924620c83c3dc2e196718ab37d17cacda9edf5c,2275,False
data/raw/tago_stops_nearby/2026-09-03/grid_464fdb99d04dde9ab54ceb4e2d95e204da84230e34d0cb24067a1ca0577a4f4c.json,a1341ac6dd14ecec5288ac7ed3c96c91166a958510d54bb450cb708760d39595,a1341ac6dd14ecec5288ac7ed3c96c91166a958510d54bb450cb708760d39595,2966,False
data/raw/tago_stops_nearby/2026-09-03/grid_46580e64446e631e775a1fe4ced304663011db93a17f223330b4ab59860aee91.json,dddfdbcbaf39b9c8eb46c94e2723aa8941df68d67fd8c4c8bff0d6c84799fbdc,dddfdbcbaf39b9c8eb46c94e2723aa8941df68d67fd8c4c8bff0d6c84799fbdc,1497,False
data/raw/tago_stops_nearby/2026-09-03/grid_468192e556ad6af3f214534f8f6b696fb13c410ef34d1f3be75fc20832b81c19.json,a20e270e862d2dbf0fee1dfad1f4c4036ed95f7efece0aa3e85d834d3ae210d4,a20e270e862d2dbf0fee1dfad1f4c4036ed95f7efece0aa3e85d834d3ae210d4,6055,False
data/raw/tago_stops_nearby/2026-09-03/grid_4681acfd839024a396cd59d1a8d175b3c450ac1f1d0d09b2735ffcac1ccd971f.json,30df818d72f615e231246c0e97d1b7202b78eae752ee1f9d840dd673033bad01,30df818d72f615e231246c0e97d1b7202b78eae752ee1f9d840dd673033bad01,2714,False
data/raw/tago_stops_nearby/2026-09-03/grid_468402e4fc1324834f60c9737f3d3c9e32a2e9a49e7accb29355d3610bf5c45a.json,ba7188a91c6150d5402c643dd7b8b17eea5d5c52808a3dcbfa85c83dc99881c4,ba7188a91c6150d5402c643dd7b8b17eea5d5c52808a3dcbfa85c83dc99881c4,3128,False
data/raw/tago_stops_nearby/2026-09-03/grid_4688f6f93d3ebc06847f06466fc0d3b0168fb7002f54c64fb114ca9ea19ad7d0.json,5e90ed8b72bfcf90f0f5cd55a21f89a05880485c62b18dfa1a0be6f15cdaa9e5,5e90ed8b72bfcf90f0f5cd55a21f89a05880485c62b18dfa1a0be6f15cdaa9e5,6268,False
data/raw/tago_stops_nearby/2026-09-03/grid_46a51c943af5bdd9100ba55aa17644509421cfd3217b1a18633ba092e252a0e8.json,cb360937678410fda0c8ea900461df70f2534e890a3ed44c1034e1787cd30283,cb360937678410fda0c8ea900461df70f2534e890a3ed44c1034e1787cd30283,469,False
data/raw/tago_stops_nearby/2026-09-03/grid_46b44e885bcb6bacf20fcf80f84b6573daf3155f7e4471aed87b760675cfde0a.json,a2850f0379977d9d0b21f61f6b69f58ed5f364924aab2be66ba7ceed95954786,a2850f0379977d9d0b21f61f6b69f58ed5f364924aab2be66ba7ceed95954786,3272,False
data/raw/tago_stops_nearby/2026-09-03/grid_46d6cd71ecbcad571de8efbfde5a3867f1b17970989a6938713206e5726fee42.json,f7aac3e6443292a81102960d9f502f9aa551eb7906cc1ab456eb118a91cd9508,f7aac3e6443292a81102960d9f502f9aa551eb7906cc1ab456eb118a91cd9508,5433,False
data/raw/tago_stops_nearby/2026-09-03/grid_46edc8565e480ce0f33779e522e8b27ff87d67c2b6739e2521ea71a13db9d870.json,6928d81941497439ef85eee47071087a71b44cfc3de82092183ace9f9b8a046a,6928d81941497439ef85eee47071087a71b44cfc3de82092183ace9f9b8a046a,1463,False
data/raw/tago_stops_nearby/2026-09-03/grid_46f73d5db52618b7d1bd2aea2d36d1b609ee5629f79c70eb0caa9b818bc7b241.json,11420bd2d72a76c4d33529d2bbdc8e598ac120bff5d975b2bb2ab755c55286a2,11420bd2d72a76c4d33529d2bbdc8e598ac120bff5d975b2bb2ab755c55286a2,4465,False
data/raw/tago_stops_nearby/2026-09-03/grid_470230607276752110aabb575a9f277169330eb66d1e1296c534dce6fd4efb73.json,fe49d3218e72f3e66ebb927e5f1d6ee5bdcf509da2a4d6116e1db4b9edacda88,fe49d3218e72f3e66ebb927e5f1d6ee5bdcf509da2a4d6116e1db4b9edacda88,3493,False
data/raw/tago_stops_nearby/2026-09-03/grid_4717fccbbf432a6b3d31744e3932c44d4e6aa6941ddedb25b945c11b7a5f3624.json,22cfa66cd49f5b376c9740fc8775f9a17588362081dc92e9cf407c42ebe27621,22cfa66cd49f5b376c9740fc8775f9a17588362081dc92e9cf407c42ebe27621,3271,False
data/raw/tago_stops_nearby/2026-09-03/grid_4750a96aa412bae166ef1772d4cd5c1dbae54fc892e0ad513b249f921fc458b6.json,e5b4d7b4d2ad3298558a50c2813c239035a9f7c16ceed3f5132a46da4ee3d2ae,e5b4d7b4d2ad3298558a50c2813c239035a9f7c16ceed3f5132a46da4ee3d2ae,3754,False
data/raw/tago_stops_nearby/2026-09-03/grid_4755cffe87c85d632b259adba0333a124de464dd79b899ba6acf9694f7cdde00.json,d43a7014a421824c06e7ad172f65ed7bf0f1cb62e41f3e60f1498d3790420a1f,d43a7014a421824c06e7ad172f65ed7bf0f1cb62e41f3e60f1498d3790420a1f,1482,False
data/raw/tago_stops_nearby/2026-09-03/grid_4756560efa59a29a78f50444fbd1a293afcf7522e58b28fa2c4b3999d9734ea0.json,dbca1deb391360578e42e172c2984af3578c89bce68e1b8ed43a783cbc5ba172,dbca1deb391360578e42e172c2984af3578c89bce68e1b8ed43a783cbc5ba172,3534,False
data/raw/tago_stops_nearby/2026-09-03/grid_478f0c11faf3b4f004c0496f21f8373975a8b80392bba3736d283f460fec449c.json,e65d3337abc9f8b3aa7877c9f336d5b93fdd612431594308d9b26bcdd21c240f,e65d3337abc9f8b3aa7877c9f336d5b93fdd612431594308d9b26bcdd21c240f,3966,False
data/raw/tago_stops_nearby/2026-09-03/grid_47a18be166022416636315e300d9afe762daa2a15894d86b0eaa78fd72f577cb.json,42b817927fc48491a6682001958a8a789d86a0c3127a13122a672cc5abb3a012,42b817927fc48491a6682001958a8a789d86a0c3127a13122a672cc5abb3a012,1715,False
data/raw/tago_stops_nearby/2026-09-03/grid_47b93a4fddd627dd01289c8adf43752bdaeb933742080da57d79e7fe79b7c445.json,798baf01fd118196bc116c018c355d3e532799b6fb9036909988e8c4479e4b45,798baf01fd118196bc116c018c355d3e532799b6fb9036909988e8c4479e4b45,1696,False
data/raw/tago_stops_nearby/2026-09-03/grid_47c773a7dbea8840dbd142440b2356e52c16307d1a53b7b9b0037281040c19f7.json,0cac1752bd8592216ac0ffd3adb2b05bb8723e8dfa0b052123175813505deb44,0cac1752bd8592216ac0ffd3adb2b05bb8723e8dfa0b052123175813505deb44,4039,False
data/raw/tago_stops_nearby/2026-09-03/grid_47d0349b18bb0f74af1ce9157f26340f8481fabf5aca6116937a151db2529da0.json,befcbbfe9edb605d61d9f48b8db0289d19a26697658b26b656b825cefeed063e,befcbbfe9edb605d61d9f48b8db0289d19a26697658b26b656b825cefeed063e,227,False
data/raw/tago_stops_nearby/2026-09-03/grid_47d44b0bab19abdbc5e31fd606c4c6d832b0118eaf1f2a96befaa53c1491c5f9.json,55ebd4bcb55cbf2b8b1d3ec30cc9d5fddad079897cf8ccb67a14d0474eebf9fd,55ebd4bcb55cbf2b8b1d3ec30cc9d5fddad079897cf8ccb67a14d0474eebf9fd,1484,False
data/raw/tago_stops_nearby/2026-09-03/grid_47d7aee4b16dab80b21286a419e22d98ecae64e73256841429f9882a1f48bc16.json,f1a86f7d03d92d6647b4d218db1b74943dee77797e041bbc31115129920bd554,f1a86f7d03d92d6647b4d218db1b74943dee77797e041bbc31115129920bd554,3095,False
data/raw/tago_stops_nearby/2026-09-03/grid_47ee40b45e4ded92912ffc34d268a7634e8dbf51c12697e9bd5286d95cd7b713.json,32317ff32385dfd824722d02b300f2b4672cf5e33039f0a059252ba68b8d99a4,32317ff32385dfd824722d02b300f2b4672cf5e33039f0a059252ba68b8d99a4,7364,False
data/raw/tago_stops_nearby/2026-09-03/grid_48051feb9bf532aef9a28c15c339927a0efeba97aa7035e3c9ba2a5ee597803c.json,d54b36400179a9642dab641b2ada45436a7faba9e4bf045caffa08e659be57be,d54b36400179a9642dab641b2ada45436a7faba9e4bf045caffa08e659be57be,2927,False
data/raw/tago_stops_nearby/2026-09-03/grid_481ed536ae8d6ed3e0efc5a8c6c53c412ba2d79bff81e7009840105c4c2f2efb.json,4dd288594232f58388857523e927dbd89272d2422ffed80c89228cd44525ccfe,4dd288594232f58388857523e927dbd89272d2422ffed80c89228cd44525ccfe,2825,False
data/raw/tago_stops_nearby/2026-09-03/grid_482e19c07c9d525cc78aeb6d37146c6ce758e5673be48630381b09c3ecce278e.json,646dceb105959724a1fde6ef2cc7de4d30e546cc35b5a6737878423669ac9dff,646dceb105959724a1fde6ef2cc7de4d30e546cc35b5a6737878423669ac9dff,6113,False
data/raw/tago_stops_nearby/2026-09-03/grid_483369c8ef9cecbb7b8532b490bab7d8ea8138135281c599b197778e92d9c25d.json,82fd45cea92a8ec6d6175c88d2a09e7a40f1b8e0cd5cab57f00282971b4394b7,82fd45cea92a8ec6d6175c88d2a09e7a40f1b8e0cd5cab57f00282971b4394b7,3677,False
data/raw/tago_stops_nearby/2026-09-03/grid_483878424024c1a096c686fc6a391829d383f6ab01d4a02f954649d53eb7f031.json,d2b58c4b0c3de56c388126927b9d82980789f2c2edd4a6309ebadd8582e60fbf,d2b58c4b0c3de56c388126927b9d82980789f2c2edd4a6309ebadd8582e60fbf,3487,False
data/raw/tago_stops_nearby/2026-09-03/grid_486f617e7e2d0e55987333b5da89bfbac037871b706b4486431d8ca45799ff9b.json,ad220bfedaa4bb7432105e068a04cf21954ba52e289d54ba75ee4a9953069322,ad220bfedaa4bb7432105e068a04cf21954ba52e289d54ba75ee4a9953069322,2724,False
data/raw/tago_stops_nearby/2026-09-03/grid_487a841bfcb7ed237725a273b79bc9598f772a5cd877bfea521d2723c3ff7c48.json,c01d9701c286eec5754f5b72a266afcc41c3ac7daf203499f3b09b79512a3288,c01d9701c286eec5754f5b72a266afcc41c3ac7daf203499f3b09b79512a3288,5211,False
data/raw/tago_stops_nearby/2026-09-03/grid_48a9c3823b5b65480f500074f4de1911297a01414f9c7cd57c744eba84d5f3a2.json,befcbbfe9edb605d61d9f48b8db0289d19a26697658b26b656b825cefeed063e,befcbbfe9edb605d61d9f48b8db0289d19a26697658b26b656b825cefeed063e,227,False
data/raw/tago_stops_nearby/2026-09-03/grid_48b056df9c3d130a4af8242b3c16d6875d41243b4f2a2dc2e9c9c45aac326e85.json,b4a11ea99b5aa01252f43eb0e00fbc410c3897720e04b07401d4281de8b4380c,b4a11ea99b5aa01252f43eb0e00fbc410c3897720e04b07401d4281de8b4380c,2426,False
data/raw/tago_stops_nearby/2026-09-03/grid_48d3d5994022a93241961624854077d0f81c9d6722e95699a384b1894d5a81d0.json,c72c263c213fbf0fa55733b13e465cc6794ff536d5c339e698730286654074f5,c72c263c213fbf0fa55733b13e465cc6794ff536d5c339e698730286654074f5,3916,False
data/raw/tago_stops_nearby/2026-09-03/grid_49473129f44a2fb965ea042a65d53854502e1cd30eba72ede5599370933d9aae.json,029938c10c4254a4181fbba3ca0c12d13f386c33c7fc69f96e1e2e437cd71eeb,029938c10c4254a4181fbba3ca0c12d13f386c33c7fc69f96e1e2e437cd71eeb,4244,False
data/raw/tago_stops_nearby/2026-09-03/grid_4959c10549a837eb2a5515fc2018cfe49f92bfaa43ccabbf93048df68faeb11a.json,4133fa835f2b744ba245ab192f4529aaf0cbc3983822b37cb8b671954545ab34,4133fa835f2b744ba245ab192f4529aaf0cbc3983822b37cb8b671954545ab34,3690,False
data/raw/tago_stops_nearby/2026-09-03/grid_49a58528b2de7821b8f8791a93c51c39c630e05760e9a8809326aa1f754a6675.json,27f94ea752fc0e46f3cbe35515640fe71e6bbfbb733a34c292d9a7a1c82ee8e4,27f94ea752fc0e46f3cbe35515640fe71e6bbfbb733a34c292d9a7a1c82ee8e4,1705,False
data/raw/tago_stops_nearby/2026-09-03/grid_49ca710700ebe20d5f819ca05133e19e1115010477c9a8f43a32cabd9f295cd4.json,eca160f496a99309cb3096f683a80485b26ddfe9364813c6f8948b0be41eb9ec,eca160f496a99309cb3096f683a80485b26ddfe9364813c6f8948b0be41eb9ec,5470,False
data/raw/tago_stops_nearby/2026-09-03/grid_49dcfaeeeb6e523f5e633f0337825be3228da8bcedf896b1f13a4b2a23bb517f.json,ef348cc29af5f7dba428a1aa30f8102ce739605bcacccd6255f5b13a3a042fd5,ef348cc29af5f7dba428a1aa30f8102ce739605bcacccd6255f5b13a3a042fd5,4386,False
data/raw/tago_stops_nearby/2026-09-03/grid_4a076e0129f458ca825a6e9b58a019c62f78834d8ece405e2a4e68bf9c359921.json,ae70ef8bb084a1736d9a7127ced4c08faee5018b2b0162a65c7e2abc1cdee2aa,ae70ef8bb084a1736d9a7127ced4c08faee5018b2b0162a65c7e2abc1cdee2aa,4484,False
data/raw/tago_stops_nearby/2026-09-03/grid_4a18ae154c95f2558b27bc074aa54702bb634b66d83085735e06962e3a139d79.json,74e9d12ee727f2186240a01cf658d471163ce6c260a7eff98868d233fd891405,74e9d12ee727f2186240a01cf658d471163ce6c260a7eff98868d233fd891405,6298,False
data/raw/tago_stops_nearby/2026-09-03/grid_4a296266f075efb62ef5afddb8a5082f8daf2f9edae55e2bfe944c1617e86fa2.json,3add0d7038ddd99f9962de2ee9a3deda734443ef2991bca8c623c85e9eb3dd57,3add0d7038ddd99f9962de2ee9a3deda734443ef2991bca8c623c85e9eb3dd57,4712,False
data/raw/tago_stops_nearby/2026-09-03/grid_4a64ec50606be17535e7b539298392d1572f518268623abf5b93a5b74c5ea51c.json,befcbbfe9edb605d61d9f48b8db0289d19a26697658b26b656b825cefeed063e,befcbbfe9edb605d61d9f48b8db0289d19a26697658b26b656b825cefeed063e,227,False
data/raw/tago_stops_nearby/2026-09-03/grid_4a659d2593a8d3f436fe4251fe5a85e95baca93742c9033344ca455b3f3191dd.json,4ce2e875be4d59c6a2e161eb40e27e8637f89b4213d20f0ab5a95460d7b9a1ef,4ce2e875be4d59c6a2e161eb40e27e8637f89b4213d20f0ab5a95460d7b9a1ef,4427,False
data/raw/tago_stops_nearby/2026-09-03/grid_4a8758e8638c78523daa33f43e486479a002becdf94c1bbae3bd24e55f2ecd06.json,8aae37e58be0ee2ba6db689aafbcb8511cb747a09db24b763a1aee96ca9e7c62,8aae37e58be0ee2ba6db689aafbcb8511cb747a09db24b763a1aee96ca9e7c62,4412,False
data/raw/tago_stops_nearby/2026-09-03/grid_4a9bc45d4c6535f777ac3f9da97b8ce048aab5ee5ee4383eb39378d062cae932.json,6c31a1496debf7e3f2ec2f1bc64c7e1f9cb925f529c38cd63c192ce9c7922651,6c31a1496debf7e3f2ec2f1bc64c7e1f9cb925f529c38cd63c192ce9c7922651,6195,False
data/raw/tago_stops_nearby/2026-09-03/grid_4a9e59229e971239728016909c0a5bd231393a7b215b617f46b6cb0e0b11a778.json,64d0d5d685ce8fe71b37b81f18708497682d0e75e9ef2ddb815eb587b4c70c04,64d0d5d685ce8fe71b37b81f18708497682d0e75e9ef2ddb815eb587b4c70c04,4309,False
data/raw/tago_stops_nearby/2026-09-03/grid_4ab1a5c5d9fc953b243cdcec306fd45bb7798774799f21605b9881dfc8067178.json,1be1fb65a4937519a20d9e948c018083ee340e436237b49c241104f67f351e6f,1be1fb65a4937519a20d9e948c018083ee340e436237b49c241104f67f351e6f,2164,False
data/raw/tago_stops_nearby/2026-09-03/grid_4b24f812996be5be9dfcc3ca14bc0caac962846818f24388f3bfd9491c052fb3.json,43ed4f6d9ec350c09dc313d67ae8313979d8a9ca45ba8764299c4f0307874022,43ed4f6d9ec350c09dc313d67ae8313979d8a9ca45ba8764299c4f0307874022,2214,False
data/raw/tago_stops_nearby/2026-09-03/grid_4b5499f80da44332d17d10c32f6e16574a8576542dc7da0faaa47c8a6e1e1b4e.json,1c8a6f7af26e67b275da07c63ff9e080186bc77d13e159ff463c9636c5fbbf22,1c8a6f7af26e67b275da07c63ff9e080186bc77d13e159ff463c9636c5fbbf22,3099,False
data/raw/tago_stops_nearby/2026-09-03/grid_4b8b0676b3a48ae04a1e5a4dc1a9b68f7d6065e3e45a43d5058c36f565a0dce5.json,60dc1aa67ab3ae4b760239e49e529b9d4f070eb88877d2d7b1f6c3cdd74bc35a,60dc1aa67ab3ae4b760239e49e529b9d4f070eb88877d2d7b1f6c3cdd74bc35a,3757,False
data/raw/tago_stops_nearby/2026-09-03/grid_4bf3a028ef8a3a7d999335d73b4156edb78f95bc264ea5422d41a23e04acece7.json,72a0923b57b018c9234f77f95c5f49b4547c77a275bcb1fb974738b51b39fe01,72a0923b57b018c9234f77f95c5f49b4547c77a275bcb1fb974738b51b39fe01,484,False
data/raw/tago_stops_nearby/2026-09-03/grid_4bf4318cc3bc983e27c824049007275ba4c0e14c238cd3d69162ec4561e66ad1.json,befcbbfe9edb605d61d9f48b8db0289d19a26697658b26b656b825cefeed063e,befcbbfe9edb605d61d9f48b8db0289d19a26697658b26b656b825cefeed063e,227,False
data/raw/tago_stops_nearby/2026-09-03/grid_4bfe98806aac0b2a3a044190e51138b8bf046fb3165eaad047f973b6aa0dba7f.json,9fd669fd6d3345eb57dfa3895c4b4b3eee3e23fa3bcceb7912220db1ffe3d6c5,9fd669fd6d3345eb57dfa3895c4b4b3eee3e23fa3bcceb7912220db1ffe3d6c5,2230,False
data/raw/tago_stops_nearby/2026-09-03/grid_4c01e458bc9d86fd169261e6bd1b5f9c9e37d983195acc14490751b7caaccf57.json,09fa5fab5b6f4c2ced6e0cb8d7359d664c93a244c570b278f2122273b7172651,09fa5fab5b6f4c2ced6e0cb8d7359d664c93a244c570b278f2122273b7172651,2666,False
data/raw/tago_stops_nearby/2026-09-03/grid_4c0e323d273e12c236e552a2b4e9b7a532936fff9b86057273c1e73e74a3d681.json,a94b99825b436c3d4869d2209657ab4b84a5ace987981046aec5936b2c784c44,a94b99825b436c3d4869d2209657ab4b84a5ace987981046aec5936b2c784c44,1981,False
data/raw/tago_stops_nearby/2026-09-03/grid_4c16e11812e4e6be17bba4598bfc1097c79119e55df9f5ef35b4dc63e235c00c.json,dbd06a6e7e86dbb51f005a3c0eb5cb3aae9113b4cb650694b7572d57b738f263,dbd06a6e7e86dbb51f005a3c0eb5cb3aae9113b4cb650694b7572d57b738f263,2684,False
data/raw/tago_stops_nearby/2026-09-03/grid_4c51379cc8d7553c7eff079554a1ba64c63fac3e9577b8ed1a4ef6eef3a22c19.json,6732205c446e50cc7142cfd4e4e38e88c20f0595b2ae5c2fd75b4dfdbcf210ac,6732205c446e50cc7142cfd4e4e38e88c20f0595b2ae5c2fd75b4dfdbcf210ac,1577,False
data/raw/tago_stops_nearby/2026-09-03/grid_4c58451f9f00122d884a77c761a607f9287c1d5c0cb6a2e40e7a02ab64414177.json,e10697cf070cb8ce08d8da831c20f76a56ce3c99c84c25abe6e7fef48fd599be,e10697cf070cb8ce08d8da831c20f76a56ce3c99c84c25abe6e7fef48fd599be,5217,False
data/raw/tago_stops_nearby/2026-09-03/grid_4c5c0f0fb2d95a9a12f539e2b9321cb9cee9e7bc6b19ef6d36f66a5937a31f5d.json,befcbbfe9edb605d61d9f48b8db0289d19a26697658b26b656b825cefeed063e,befcbbfe9edb605d61d9f48b8db0289d19a26697658b26b656b825cefeed063e,227,False
data/raw/tago_stops_nearby/2026-09-03/grid_4c78c30cdf2410145f6555e0c97483daf79a3af2f470c9dbd5c50efb0470655e.json,c817c11b0cc4b048c89bb44c0df212e3ce64bef85c3bf96907e42f030667bd26,c817c11b0cc4b048c89bb44c0df212e3ce64bef85c3bf96907e42f030667bd26,3710,False
data/raw/tago_stops_nearby/2026-09-03/grid_4c8811fbe116306030adf8f9a5799d3f373cbe9f84da5ba7867af696659c8dd7.json,534ed552102a81543ff79bfd11816e5060a05969dc391e185512d2988a1ef0f3,534ed552102a81543ff79bfd11816e5060a05969dc391e185512d2988a1ef0f3,4940,False
data/raw/tago_stops_nearby/2026-09-03/grid_4c9622485df68260f765f05b602c9f602786b17e523af88a39636856e46b3568.json,47cd88537238a2c773a684d130b8375e12c90e183089173277bf0ef323dd29ec,47cd88537238a2c773a684d130b8375e12c90e183089173277bf0ef323dd29ec,1754,False
data/raw/tago_stops_nearby/2026-09-03/grid_4c9cb903e5189f063d59426346d73ff46ae7aa889000d1afbccdea39e8663a91.json,8bfe30482f520495595235d2725c4699e9c00a21ae10e9f6b357ae79dea37f50,8bfe30482f520495595235d2725c4699e9c00a21ae10e9f6b357ae79dea37f50,3712,False
data/raw/tago_stops_nearby/2026-09-03/grid_4d1e741a6a2c89772e1bbedfc5cc02e1d2a2980c49f7b1d204ee57665762816b.json,c13e0d24103df2b68413d514c270213eee7b1f9d25eae1db37ebbc42d22e5939,c13e0d24103df2b68413d514c270213eee7b1f9d25eae1db37ebbc42d22e5939,6232,False
data/raw/tago_stops_nearby/2026-09-03/grid_4d255bd3b6d2dc1df0ebffd3e96d59849967733ed84f24cb7e78a007a207e8c9.json,0fddf63b71d390549d4c0a1ac7e90fbcb17b3b891bdf51b50ed4bbd0ad2d2617,0fddf63b71d390549d4c0a1ac7e90fbcb17b3b891bdf51b50ed4bbd0ad2d2617,4616,False
data/raw/tago_stops_nearby/2026-09-03/grid_4d277bb839f468c62b4585357042aa3726c6b02c3839b1ae72031cfef38e1037.json,62119f7179d41a78c9b16eea254f11f2680a7c4a94c89d9370c2e88ce11db0a5,62119f7179d41a78c9b16eea254f11f2680a7c4a94c89d9370c2e88ce11db0a5,3175,False
data/raw/tago_stops_nearby/2026-09-03/grid_4d5ea023cbbd81b028de7547e03b059cd14d116501bdcd1b9be30daf6626db07.json,c40ffa4b92359714d276e5fd5e8479a2fd4961242d88bd042427852e6b3517e6,c40ffa4b92359714d276e5fd5e8479a2fd4961242d88bd042427852e6b3517e6,3771,False
data/raw/tago_stops_nearby/2026-09-03/grid_4d6621604d182f5227e893088a9e66e3a5868a86b9532dcfe35db1d36fb255a9.json,e78c615f3e96f4d78c753debfa7c0120369d5f50474b48b80eb2707d42ffae42,e78c615f3e96f4d78c753debfa7c0120369d5f50474b48b80eb2707d42ffae42,4294,False
data/raw/tago_stops_nearby/2026-09-03/grid_4d83a46b9072e0381234ebad62d7380042674672e7077b84ded23da48cb108f7.json,49c4333cecfbc6e168562e4d245798322eff105b86e967e2217c16b648bae993,49c4333cecfbc6e168562e4d245798322eff105b86e967e2217c16b648bae993,1519,False
data/raw/tago_stops_nearby/2026-09-03/grid_4d9d41904f15d1ea4b5fa36bc95fcc8031c19ef39596e72bccf1d6209a2282b5.json,aab5cdd5eb54f1b1b6b44bd1b56da6e7965569b5ab05823a15e3a970ba7b74c3,aab5cdd5eb54f1b1b6b44bd1b56da6e7965569b5ab05823a15e3a970ba7b74c3,3201,False
data/raw/tago_stops_nearby/2026-09-03/grid_4dad1b701c7055ff6dc089ebbe23e228ed034b12992f7d7129e56da85dd50ea9.json,a84279b9b248b7bd50dab13f12d026d7ddf204dd446da4f4f8f5516eef08c309,a84279b9b248b7bd50dab13f12d026d7ddf204dd446da4f4f8f5516eef08c309,2457,False
data/raw/tago_stops_nearby/2026-09-03/grid_4db75941cebb92b56841452ee6d6bed8f4f00eba2a972d517413a4cf78dd848b.json,d3bdeb66573775f535d3c8ffaa2c750f41d63dcee396263c1667a6d8054b01b9,d3bdeb66573775f535d3c8ffaa2c750f41d63dcee396263c1667a6d8054b01b9,1495,False
data/raw/tago_stops_nearby/2026-09-03/grid_4dcd2af6dc97695d2fdbad7c94a45976c3dfe7a19b20686c862936867dc5d024.json,befcbbfe9edb605d61d9f48b8db0289d19a26697658b26b656b825cefeed063e,befcbbfe9edb605d61d9f48b8db0289d19a26697658b26b656b825cefeed063e,227,False
data/raw/tago_stops_nearby/2026-09-03/grid_4de0eb248301b2cf55e93b81a6b37817804782dcb45f23fee032bf60607c883c.json,60a178150f91e85d0c100d3289527d5e7529735e9df97115367ac5b8482fa53b,60a178150f91e85d0c100d3289527d5e7529735e9df97115367ac5b8482fa53b,4199,False
data/raw/tago_stops_nearby/2026-09-03/grid_4de4bd41d2501ca473b6c8a5c851655e60fc25cca4ef40c8addec415eaaadea7.json,379b108a1fb0bf6517bbf6a05ebc9462e69e9ca7432e70d1f8c196a42ffd3689,379b108a1fb0bf6517bbf6a05ebc9462e69e9ca7432e70d1f8c196a42ffd3689,4471,False
data/raw/tago_stops_nearby/2026-09-03/grid_4de8db9c6663d3fdee6217e7d127e9fde3bc97f93fa011e4131ad9a9765de660.json,f673302d0f762d92d1822d48ff3376ba9ca27a4e164121fda0098fe34917cb0a,f673302d0f762d92d1822d48ff3376ba9ca27a4e164121fda0098fe34917cb0a,961,False
data/raw/tago_stops_nearby/2026-09-03/grid_4e5e5c6cc41ebfcc5600ec4976cb121b6d21d02836feb41c886516830f72bd97.json,b8069fd9ddec9de88fbc19fb5ed2e4cc7e39e6250ed9eaca02c625e4279ab6e5,b8069fd9ddec9de88fbc19fb5ed2e4cc7e39e6250ed9eaca02c625e4279ab6e5,3716,False
data/raw/tago_stops_nearby/2026-09-03/grid_4e70352f74b97e0f9f58e6633f94201b2b94ecef8542d103339fa21b32097421.json,5938d25d6d588307bed4db767fa26e3fbdfaec6680e463b2172aa716f54531a5,5938d25d6d588307bed4db767fa26e3fbdfaec6680e463b2172aa716f54531a5,3188,False
data/raw/tago_stops_nearby/2026-09-03/grid_4e7474ce8be3440cec43346851fe4a149ee170d4871e054bca2b40cb2021ac91.json,5f9c78026004463c50df1b231c2ccdbc2a539880852e103d69d1550b7b87ebba,5f9c78026004463c50df1b231c2ccdbc2a539880852e103d69d1550b7b87ebba,4662,False
data/raw/tago_stops_nearby/2026-09-03/grid_4e98eee309ef2e52528958b9174a4755abc003532ccadb0e4f4c9dca1036cf1a.json,04946bc3cffbb4d58b2cb8b5ff793e171ce954ad28a0bc41e04dd770f13dbc73,04946bc3cffbb4d58b2cb8b5ff793e171ce954ad28a0bc41e04dd770f13dbc73,5642,False
data/raw/tago_stops_nearby/2026-09-03/grid_4ebef4f577606eef10f7f758892af5a81f346fceef7ce721f19985872f581ddf.json,f3e13a96f2b966e7dbd75192178d901af6992ffbad39a8aa5b513012366692b6,f3e13a96f2b966e7dbd75192178d901af6992ffbad39a8aa5b513012366692b6,6240,False
data/raw/tago_stops_nearby/2026-09-03/grid_4ef8882d3dbb69874c13c1fdb2d710d431c5e7ec9f1fb74370d63e4864dd2faa.json,97b522993f86aa5e406c957a84ff5177384f998ce5d781860ac6b028e68923cd,97b522993f86aa5e406c957a84ff5177384f998ce5d781860ac6b028e68923cd,3208,False
data/raw/tago_stops_nearby/2026-09-03/grid_4efd777c23abdffceb5fadc61c53ed6428a602aee66eda47aaeb6bae908b7ce2.json,bed3c055da0093ada54b33178d4cee718e465217c1e0a10bb7893800b0fa8a03,bed3c055da0093ada54b33178d4cee718e465217c1e0a10bb7893800b0fa8a03,3985,False
data/raw/tago_stops_nearby/2026-09-03/grid_4f10f28dff0a34b7f44f93956b479c1e3da714de0ee72a018e6ca3a434f746d1.json,35daa757c90d75e2122b4bfc6e60a1192201efaf4346203d5b0d1ca731d1cdcb,35daa757c90d75e2122b4bfc6e60a1192201efaf4346203d5b0d1ca731d1cdcb,1263,False
data/raw/tago_stops_nearby/2026-09-03/grid_4f4f8d5826662a057d352c26b1b0851d8a59ec27f057215bdce462e339699035.json,befcbbfe9edb605d61d9f48b8db0289d19a26697658b26b656b825cefeed063e,befcbbfe9edb605d61d9f48b8db0289d19a26697658b26b656b825cefeed063e,227,False
data/raw/tago_stops_nearby/2026-09-03/grid_4f508a8f4aa8cb553f57fb39b839a19fd77699e6289a508b3b575cbabc426ed0.json,52048b816bffe3fbb4fce9b79c1ee97793e5c9d764b205f9f14400a2411776ce,52048b816bffe3fbb4fce9b79c1ee97793e5c9d764b205f9f14400a2411776ce,751,False
data/raw/tago_stops_nearby/2026-09-03/grid_4f51ac04a17493de628869297fbb9cb59727b24646e36944dbcf7855775a0c05.json,5f19307da1a8c91ba5e3e931efa0595462418a980ae90115655f32adbd14b6f6,5f19307da1a8c91ba5e3e931efa0595462418a980ae90115655f32adbd14b6f6,1720,False
data/raw/tago_stops_nearby/2026-09-03/grid_4f86766f0ab8163f98b02e1c1d9f4846989b01ccb136580107dcb1f87ea35b07.json,2e4257a8982386ab5678962863b1f2a6bf57da6cd29884d472986df9f8b0edc4,2e4257a8982386ab5678962863b1f2a6bf57da6cd29884d472986df9f8b0edc4,3025,False
data/raw/tago_stops_nearby/2026-09-03/grid_4f9fd3993ccc9d666208ec6a9ac19549e8ce95f9fcb36305347335fc4d73e428.json,840257d2e044b70b88c3f93f99c9afb07259f23976c77738240d3eee7d0c99bd,840257d2e044b70b88c3f93f99c9afb07259f23976c77738240d3eee7d0c99bd,1366,False
data/raw/tago_stops_nearby/2026-09-03/grid_4fbe0e15f47ca584ba48331c2f184346e325d075775488c40718ba7bdbc3b327.json,ab1be1fe9e080ca571778921851d573e3c1e9cceda95c17bc1f2fb518399347a,ab1be1fe9e080ca571778921851d573e3c1e9cceda95c17bc1f2fb518399347a,4032,False
data/raw/tago_stops_nearby/2026-09-03/grid_4fc432aad678385b0b3495d984e6c817566bacc84d5a952dc478be8189471291.json,e39495ce16a7fcb3eb448b7399d150a41a238193acbc89b7475c601adb34002e,e39495ce16a7fcb3eb448b7399d150a41a238193acbc89b7475c601adb34002e,766,False
data/raw/tago_stops_nearby/2026-09-03/grid_4ff66f5e2d415b2a3d8ed875d5aca617f3c76f5999a6f8b6d99cb29de6e4a5b1.json,adf52818becbbea3b592910000147cc68058cee388f0ca9412b094f4dc33d5c9,adf52818becbbea3b592910000147cc68058cee388f0ca9412b094f4dc33d5c9,3188,False
data/raw/tago_stops_nearby/2026-09-03/grid_50289180e8bbce857d8826b5dd92962a25e05c96340282df2df91b054538d17f.json,ffbf107aa63e8f3b2e2f3e4d242ce9f235c56b0536bde3e6955303b0239046b7,ffbf107aa63e8f3b2e2f3e4d242ce9f235c56b0536bde3e6955303b0239046b7,5634,False
data/raw/tago_stops_nearby/2026-09-03/grid_503c0e08aa73aafe2901c12115c38a87f5ed1f22693b93673767d490c65eb8f3.json,da049841a01196e9ec41311532e4726a8a105fb0c2dfb6441673ab85731ac63c,da049841a01196e9ec41311532e4726a8a105fb0c2dfb6441673ab85731ac63c,3056,False
data/raw/tago_stops_nearby/2026-09-03/grid_507383260edb8e3b6ed2138858f6d2742670a7c6a56aeda6c22e4afc461e3ebd.json,d504135458196aafe60618542930aa93e5eae4f4f03719af3e70adba58b51941,d504135458196aafe60618542930aa93e5eae4f4f03719af3e70adba58b51941,3860,False
data/raw/tago_stops_nearby/2026-09-03/grid_50a1e687ca384fb9bff9d75030f1d6b288fb59de151e3fc567caf816d181e48a.json,59e5be933be728bd19604817a6cf1beebeff17b6a6c5fc50a64fa86009efa39f,59e5be933be728bd19604817a6cf1beebeff17b6a6c5fc50a64fa86009efa39f,762,False
data/raw/tago_stops_nearby/2026-09-03/grid_50cc88a5cd1424eb02fc7e0433da2f163d215c1a024bfaad0af87de1df0b8ce2.json,a12810c24fd47a321a9c3c5b4557a61d85444e03e3e02479f652c8c405b75892,a12810c24fd47a321a9c3c5b4557a61d85444e03e3e02479f652c8c405b75892,4687,False
data/raw/tago_stops_nearby/2026-09-03/grid_50cf8e10aa6275eb4c91d16941f5bb00e6a21fe7b6a56f4e35120aadbee33b12.json,87a4ca9caaea327ebd056e9a164996e615eb7744b29773af0424c9b8d852c1c7,87a4ca9caaea327ebd056e9a164996e615eb7744b29773af0424c9b8d852c1c7,5760,False
data/raw/tago_stops_nearby/2026-09-03/grid_5115d1577484f9f037b84186e7b75f1926d29d08e032b7a3b76dbf0ad95a2e0e.json,9c28cafa50de312fe3ddd4455f4e58114a37f2dce13a7503f1f2628a302e493c,9c28cafa50de312fe3ddd4455f4e58114a37f2dce13a7503f1f2628a302e493c,3796,False
data/raw/tago_stops_nearby/2026-09-03/grid_5128aa7ec12de9e194950070f4ba07590609168a4de9a1d5a52c3e5e66290609.json,afd480df93e172e8b739cefd60ff3591bd97f5923edbdf3a47536109769f4d17,afd480df93e172e8b739cefd60ff3591bd97f5923edbdf3a47536109769f4d17,5037,False
data/raw/tago_stops_nearby/2026-09-03/grid_51513f7c196d32694eff232b3ddc95bd7ffef5a16dca314f7965e5b011e4a387.json,1ddaa7fe2ff99aa2c74920406d3abb92909935dda23e69ee492879e929b65100,1ddaa7fe2ff99aa2c74920406d3abb92909935dda23e69ee492879e929b65100,4415,False
data/raw/tago_stops_nearby/2026-09-03/grid_51783cf6f75b1dfdcc35901a67add3aac1a3945ead05abc9c48a2941203a5ed0.json,9d7674e42c7976dcfecbe1e175e18b4e681d00033541f2c84d47ff61ee18eef1,9d7674e42c7976dcfecbe1e175e18b4e681d00033541f2c84d47ff61ee18eef1,738,False
data/raw/tago_stops_nearby/2026-09-03/grid_5191c5f80945ef0f9c8819bbb57e93d49c13bbe56a153cf9251915d1f4d92d1a.json,86532cf1ea9b5cac8dc221f5843053032b8eb1ec066b7f6f52cee8c7d979c67d,86532cf1ea9b5cac8dc221f5843053032b8eb1ec066b7f6f52cee8c7d979c67d,6298,False
data/raw/tago_stops_nearby/2026-09-03/grid_51971353bf2de6f281badd725e9b5337e76d12aefa8b818b6921376da16a9508.json,fff1560dddab8a85567af8f02cfa3ded7324c9f14a3cb8509e9eb12e417456a8,fff1560dddab8a85567af8f02cfa3ded7324c9f14a3cb8509e9eb12e417456a8,3574,False
data/raw/tago_stops_nearby/2026-09-03/grid_51a8e12579a01c10a73833bcc3b40c08a0b172c361721a064793b01d5a461b57.json,1b92cf7da0f447aabce8447c685df465c4a8b73e978f9113355983a6c10860d2,1b92cf7da0f447aabce8447c685df465c4a8b73e978f9113355983a6c10860d2,1711,False
data/raw/tago_stops_nearby/2026-09-03/grid_51b938da52aa467aae68d13bb4d74c70c185e9202f10bb26bf73be6332a4ed83.json,dfb476c8a3f379c054ec4837d206a12520b620a45aac181cd2ffd2b564a049d9,dfb476c8a3f379c054ec4837d206a12520b620a45aac181cd2ffd2b564a049d9,2592,False
data/raw/tago_stops_nearby/2026-09-03/grid_51bb68d1f8cbcd7455dc0d7188380658985498f98bcfc527e28d211943e30db4.json,5744ba4a9d4f70b419293cc046a79257fec624e34d25dab4e3ea5e4ba27f9f12,5744ba4a9d4f70b419293cc046a79257fec624e34d25dab4e3ea5e4ba27f9f12,3387,False
data/raw/tago_stops_nearby/2026-09-03/grid_51ddd6b4f376b1af6aa47130ab45e36aacf4b465ac0eb3ad207659f0a42ad1b5.json,478ea7ac19db3672b2a2dbe23aea9f2868b56517d016ebff98a3b53b7ce62304,478ea7ac19db3672b2a2dbe23aea9f2868b56517d016ebff98a3b53b7ce62304,3832,False
data/raw/tago_stops_nearby/2026-09-03/grid_51e2e468a40409e6abd128318f6a41ef29215a6e3f3019918a90aa9040cfa54a.json,570d36b5de407241a2d43ec5616591f22126cb6962116eed0ac204d2ad6f97b5,570d36b5de407241a2d43ec5616591f22126cb6962116eed0ac204d2ad6f97b5,1218,False
data/raw/tago_stops_nearby/2026-09-03/grid_51eb8876d355d981f60bd76f90efe310c6863f1fbd1806afb8b4a90bde89a7eb.json,dd323a514ecf24f5442d295a239fbb0eedb52e021b984959dce7e063ee3cddcb,dd323a514ecf24f5442d295a239fbb0eedb52e021b984959dce7e063ee3cddcb,760,False
data/raw/tago_stops_nearby/2026-09-03/grid_51fa8d3ccae20f092411a4fbfd970815d10f958653b0b70b84140330183ea28e.json,599f00401ab9ce333dbc24c0c83391ec68870c1e18d692ee0b4f50a726b911b4,599f00401ab9ce333dbc24c0c83391ec68870c1e18d692ee0b4f50a726b911b4,2305,False
data/raw/tago_stops_nearby/2026-09-03/grid_5206ae40663bf9cf0fdaa79826f56e87d86110051a4976eb8d1ce2359b9ba18d.json,b5cd164f79fa5f178036da57a3fcf62c08283876764b8b1d520bf3b0990bfa03,b5cd164f79fa5f178036da57a3fcf62c08283876764b8b1d520bf3b0990bfa03,738,False
data/raw/tago_stops_nearby/2026-09-03/grid_521d3e5205c4634dbe6af66f9da7b36b6748c43c680a1b5ef278741203253db8.json,a88b9beabc66c265cb40c1968fd31cbad7cb0ccca4216360b579a1cf5915131c,a88b9beabc66c265cb40c1968fd31cbad7cb0ccca4216360b579a1cf5915131c,3766,False
data/raw/tago_stops_nearby/2026-09-03/grid_523c11b4b03f0e30393a4e9d192c107b28fd397a17f3e54eab9b985dc43039b9.json,878091e4d9146487a3ddf3ec6bd332f33439c9780e01d4a7c4aadaa3af8f0350,878091e4d9146487a3ddf3ec6bd332f33439c9780e01d4a7c4aadaa3af8f0350,4762,False
data/raw/tago_stops_nearby/2026-09-03/grid_524e67c239705fc57638d07662b04292a6d5ddbd794a7b56dd7741ec8db5d6af.json,a627836e8b0f16896702a5fe9d648a50abe2abc770e0ce4b99950d38385d9c45,a627836e8b0f16896702a5fe9d648a50abe2abc770e0ce4b99950d38385d9c45,3850,False
data/raw/tago_stops_nearby/2026-09-03/grid_526208b5256a105e1bd74935f5f2aad003c9a67cfc5314c6a1ad867ea1660ee4.json,0b1c419d1aa7ce67b09a1ea5b2d494e0af60ce62aec095160356b61a71226e6d,0b1c419d1aa7ce67b09a1ea5b2d494e0af60ce62aec095160356b61a71226e6d,2704,False
data/raw/tago_stops_nearby/2026-09-03/grid_5263e87095c6d548868efe7e2d1ddb7222cbfe22c27febe160507997ca98250b.json,befcbbfe9edb605d61d9f48b8db0289d19a26697658b26b656b825cefeed063e,befcbbfe9edb605d61d9f48b8db0289d19a26697658b26b656b825cefeed063e,227,False
data/raw/tago_stops_nearby/2026-09-03/grid_526acf86abfc8b6ee2af968ef06f495abe69d50aad075935f57e0bae374e5f8a.json,cdb109c3dc4e356ead111c627a625a910e8b32c6e45a370eafb35501bcff5d1d,cdb109c3dc4e356ead111c627a625a910e8b32c6e45a370eafb35501bcff5d1d,3683,False
data/raw/tago_stops_nearby/2026-09-03/grid_527a6da310fe03a842afa52536497f937ebc32ae059197953112cd65eef86881.json,39cce608e371de1b599eaa8ef143ecc0ddec6bd27bd74aa32214ccde6bd9f1d0,39cce608e371de1b599eaa8ef143ecc0ddec6bd27bd74aa32214ccde6bd9f1d0,1932,False
data/raw/tago_stops_nearby/2026-09-03/grid_5292cfbe154331d35d935d49239fcff68c2afbfa52344c24dded74d08f59e14a.json,2097cd3ab36a90122e960b146f5bd98bdf2de971a93c68364ae005a555bab94a,2097cd3ab36a90122e960b146f5bd98bdf2de971a93c68364ae005a555bab94a,1373,False
data/raw/tago_stops_nearby/2026-09-03/grid_52a38377d7da0488ec926f66f36696cd068a211b34657984804ba4c314a991b6.json,d6ac3a015a58ed367b88a8096c70d945b99fd709e59c4172d4a57f6932f2fa45,d6ac3a015a58ed367b88a8096c70d945b99fd709e59c4172d4a57f6932f2fa45,3776,False
data/raw/tago_stops_nearby/2026-09-03/grid_52bf1ce49b60651dcc5e1d6684afffc28258d95b61e231d0b06294da5c404728.json,96b96165e04f2139771403879385ff854ccdac3809c673cb9208f69ac2101636,96b96165e04f2139771403879385ff854ccdac3809c673cb9208f69ac2101636,3187,False
data/raw/tago_stops_nearby/2026-09-03/grid_52cabbf4d68c5e2295b1f29e448247a595bc89be33dc3eb224d5144a3bf03ac1.json,4c09ea59649e59ebdd801e716b4206d186f839788bf80272b0c93364c5423bca,4c09ea59649e59ebdd801e716b4206d186f839788bf80272b0c93364c5423bca,2775,False
data/raw/tago_stops_nearby/2026-09-03/grid_52fae72cdf1b099af6fb9bdf2dcaebc06761158b020c89ea726ab963e98f132f.json,91f716064666f5ff5884e05c58971cd6b5b775c2d92681d67d079f3f59cfe045,91f716064666f5ff5884e05c58971cd6b5b775c2d92681d67d079f3f59cfe045,2991,False
data/raw/tago_stops_nearby/2026-09-03/grid_52ffa27600e6563d5e7645a2cd4dc8e91f394c6bdfa7754c34cf9244a74c3383.json,3d4d0e8935fb3353330278d1aa2b937382e8d1a9f164cb30042089a8e5bebe58,3d4d0e8935fb3353330278d1aa2b937382e8d1a9f164cb30042089a8e5bebe58,4312,False
data/raw/tago_stops_nearby/2026-09-03/grid_5301bdfa391074b4a8913895c1785d7e3ca5f6a82ab3707c1b5cfe8541036eb1.json,39cd3a79d10c0a3c8de09fefe45c4ef43bbff697f1b700333f33cf21f5c6932a,39cd3a79d10c0a3c8de09fefe45c4ef43bbff697f1b700333f33cf21f5c6932a,1508,False
data/raw/tago_stops_nearby/2026-09-03/grid_5344a8c7090437aa696def700947560777d039e7ba5eccdf7a77d19620bfc384.json,305f6e4fff96ee9eb5c099510f3600a9fa3ee167ebd7dbf3dfa52a8431894679,305f6e4fff96ee9eb5c099510f3600a9fa3ee167ebd7dbf3dfa52a8431894679,1489,False
data/raw/tago_stops_nearby/2026-09-03/grid_53456667ba329995dec793a39dfff3ca40085eb4da96688c03155cb2e71edb96.json,ebab17c2124c644227d0fc0f1353ecedc4df02a1d86b4c7f22c3ef28bb9a34c3,ebab17c2124c644227d0fc0f1353ecedc4df02a1d86b4c7f22c3ef28bb9a34c3,3219,False
data/raw/tago_stops_nearby/2026-09-03/grid_53796756c3f7abaea3601554512aa7a51608aaa83499eef50f9edb11a703327b.json,911428fccb4855fcac9c5a7f6eb75b495a01318ccd62807626397b5a53cb4f32,911428fccb4855fcac9c5a7f6eb75b495a01318ccd62807626397b5a53cb4f32,1790,False
data/raw/tago_stops_nearby/2026-09-03/grid_5388529237b164c6142a5550f3070bc64e85805c3dbfea13d92da5269db3f186.json,ed21d9b708121a2c117d3a3c441758cd1d53b76b6dcec25f0d076ef8a2482488,ed21d9b708121a2c117d3a3c441758cd1d53b76b6dcec25f0d076ef8a2482488,3543,False
data/raw/tago_stops_nearby/2026-09-03/grid_538c9eb515e166c032d8d1d039df76b842ba97228cfbe6c33f5a7d2db3ead28e.json,4699821d02dc9edceb3f8a3f8ee8c544660c426ed59e309889c3bd305217bb39,4699821d02dc9edceb3f8a3f8ee8c544660c426ed59e309889c3bd305217bb39,1792,False
data/raw/tago_stops_nearby/2026-09-03/grid_53fb282e5c4c53b4d0ff8c6fe8db7ec47112eeb6122f507153e8afba14dd2f00.json,6f7ec11d4c50dab7c56dfe27167dd6e09f86ca235cd5fa26297a5f7c3ab586a0,6f7ec11d4c50dab7c56dfe27167dd6e09f86ca235cd5fa26297a5f7c3ab586a0,7148,False
data/raw/tago_stops_nearby/2026-09-03/grid_540af4287d1ae2f822949a4beaad116e4aa417c1b6f0ef95fd2946d8866b18b9.json,4b4c74ecd5d8a4c3ad1c18e751c1927498d042d98fc10c2a56263c4b5212c8f6,4b4c74ecd5d8a4c3ad1c18e751c1927498d042d98fc10c2a56263c4b5212c8f6,1260,False
data/raw/tago_stops_nearby/2026-09-03/grid_54375caa7a75cee09dee3184e2920ca9bdebfeddc59abee1733beac623330460.json,35c000846177692740c85a4ff144c3e53fe00bb9b5003422bc827db2b2d7a0ba,35c000846177692740c85a4ff144c3e53fe00bb9b5003422bc827db2b2d7a0ba,1685,False
data/raw/tago_stops_nearby/2026-09-03/grid_54441cb4f1b147d9b279c894462745bdc40e2c78ffb9c924aa3bcfbeeaeb1447.json,a36ab80a036f3665c543066248d26fbe93e48e960a82759bbb933a47925f88df,a36ab80a036f3665c543066248d26fbe93e48e960a82759bbb933a47925f88df,3382,False
data/raw/tago_stops_nearby/2026-09-03/grid_5444ad1ce742784aceb8c6b14de3b753c830f8603e4c9feea6c8ed4b24624d4c.json,befcbbfe9edb605d61d9f48b8db0289d19a26697658b26b656b825cefeed063e,befcbbfe9edb605d61d9f48b8db0289d19a26697658b26b656b825cefeed063e,227,False
data/raw/tago_stops_nearby/2026-09-03/grid_54815583a9e7bd9866797f0ea879e989a80ad7cccc75b30a8653ec0b5f0e464a.json,678131302d52033d1bed0b1d8c9a1087968a161ca602487fa75cd29051cb3eca,678131302d52033d1bed0b1d8c9a1087968a161ca602487fa75cd29051cb3eca,3677,False
data/raw/tago_stops_nearby/2026-09-03/grid_549d44c30f3c734e409708a05742badf5d49f1f67071c71cc237a51b60d30863.json,48a4b00ca7334c1f7907d962a145594e6625d061aba3e02100be9b0124ed42a0,48a4b00ca7334c1f7907d962a145594e6625d061aba3e02100be9b0124ed42a0,4315,False
data/raw/tago_stops_nearby/2026-09-03/grid_54a92c903b70ed81b08145cb308dc7948d83d006a9c74b4575e45cd9490e3798.json,bc31e6661e922eba07990b6b1295785404838941e97da742978a0f3ae42470a6,bc31e6661e922eba07990b6b1295785404838941e97da742978a0f3ae42470a6,4216,False
data/raw/tago_stops_nearby/2026-09-03/grid_54c3d246b7af27db5e3254690bb36187e182da0238718184198998ed3b08cd82.json,a127e99de993a6fc329878ad53d21037edc3639a80747534d8f95e11f60f3a5b,a127e99de993a6fc329878ad53d21037edc3639a80747534d8f95e11f60f3a5b,3007,False
data/raw/tago_stops_nearby/2026-09-03/grid_54c538b56e72dc260121aaa1b5a1e9a8044e5277b3d7211c2a5b03fc7b397efa.json,4ad87c9c37113409bf75ca6a8665763cccb01fa3619cc831eb56b51400ff2010,4ad87c9c37113409bf75ca6a8665763cccb01fa3619cc831eb56b51400ff2010,4150,False
data/raw/tago_stops_nearby/2026-09-03/grid_54da4ce38b29c2943abece1a161a047cc9603e233485ee1a916a0840544b72d1.json,01c3737903a65c90b88171c13130f3e82d17cb8c457f547cf2711187d8d2ba27,01c3737903a65c90b88171c13130f3e82d17cb8c457f547cf2711187d8d2ba27,772,False
data/raw/tago_stops_nearby/2026-09-03/grid_54fb6431e485bb2ee17cac4d6642cddda52d8fb15efcdd693a004cd68d55656a.json,b21ef8088a46925155ede5a875ce84efcaf1c8c69788cf74185d5f738ecf85c8,b21ef8088a46925155ede5a875ce84efcaf1c8c69788cf74185d5f738ecf85c8,460,False
data/raw/tago_stops_nearby/2026-09-03/grid_54fd192bd7c432c1fc8cbe044cf9a2238770978d7c0a995d8b983bac44b0e6eb.json,b1d804933b05f1cb5a88e94cd3439ec9bdaf522094e9440a5585029eee7e2802,b1d804933b05f1cb5a88e94cd3439ec9bdaf522094e9440a5585029eee7e2802,3401,False
data/raw/tago_stops_nearby/2026-09-03/grid_5500a7c3c10ae5ef54a9e009154ab1110ea040e5f7f2fdc558c119d4cc8d5cfd.json,23fcedc264ca5f968572d228bcb14344d01d9ce19c35b83c912eafcaab4fefc1,23fcedc264ca5f968572d228bcb14344d01d9ce19c35b83c912eafcaab4fefc1,2559,False
data/raw/tago_stops_nearby/2026-09-03/grid_550d85a55032b78b76ce6643e7a224c7138141dcc7a45c61277de21209c80fec.json,b4b929c177ab11df32b6f3639b4f5a1387d79b830c9e6c1542be58037f1befda,b4b929c177ab11df32b6f3639b4f5a1387d79b830c9e6c1542be58037f1befda,4137,False
data/raw/tago_stops_nearby/2026-09-03/grid_551a12c6ef6b3fa8d52398ccbbbe72780214cb806aa72b8efa67b7805857e5c5.json,591bf4168c8f7f84dd1f7113d546ab6f509b5907e8775a426a82657f767d5b9a,591bf4168c8f7f84dd1f7113d546ab6f509b5907e8775a426a82657f767d5b9a,4545,False
data/raw/tago_stops_nearby/2026-09-03/grid_553081c5c38a59177817be970eda9da3004899dddde6149343828469e9cd0560.json,5de3e8c5a2904c3cabadd87d2a6e69175672fec3ea1191e2c15483afe47a594a,5de3e8c5a2904c3cabadd87d2a6e69175672fec3ea1191e2c15483afe47a594a,2508,False
data/raw/tago_stops_nearby/2026-09-03/grid_553d2ce0ba57b3c7b86be7e3f5f78c2afa7524231a29861fd8446d4d3537363d.json,2894ee9ab1d9664b3dd0ef993154156cbcbe11e5591880778fa823d37aeb82f5,2894ee9ab1d9664b3dd0ef993154156cbcbe11e5591880778fa823d37aeb82f5,4612,False
data/raw/tago_stops_nearby/2026-09-03/grid_5542bd22544440d8f969e7cdee8024f4083bf199ea4743e16eff13d70c8c7e6d.json,262f395137c91c8145b6bc5d85cccf77c7a0fa089d69552ed9edd6749eb53665,262f395137c91c8145b6bc5d85cccf77c7a0fa089d69552ed9edd6749eb53665,1755,False
data/raw/tago_stops_nearby/2026-09-03/grid_5545a55477735ff81c5cb8c71970209652e64f52e3ff61f23b7bea45d33c0f3b.json,7be78016ad56b03750cc4613ea7bcef809547ee099c430f174c9309ca34db889,7be78016ad56b03750cc4613ea7bcef809547ee099c430f174c9309ca34db889,3517,False
data/raw/tago_stops_nearby/2026-09-03/grid_55546446cf7c529807f1e2e437d3e0e8f2d12562ccc332926c54fdeb48c08627.json,33e716351b0903249869af9f429097bbdb095083d171f5e04bb6a6b3d25df66d,33e716351b0903249869af9f429097bbdb095083d171f5e04bb6a6b3d25df66d,1967,False
data/raw/tago_stops_nearby/2026-09-03/grid_558cb06fa60ddcd61f5e9884fdb90f5526c3cb17212e805d15f05107699cb482.json,3ef7ac2fa476b68604b75f944fb44c18f0f7d54c59f5437ea2d8fbc5a8bba679,3ef7ac2fa476b68604b75f944fb44c18f0f7d54c59f5437ea2d8fbc5a8bba679,5007,False
data/raw/tago_stops_nearby/2026-09-03/grid_55906465c8f34b4fb66c27474c9d76ff505a327b8baba16d7867668ac0471b7d.json,fae078c46bdf68a6591a8763197788e979759d23237b808522beea284f0a1ea1,fae078c46bdf68a6591a8763197788e979759d23237b808522beea284f0a1ea1,3519,False
data/raw/tago_stops_nearby/2026-09-03/grid_559c8e739f792c332f4c1bb5974d073fc46e9ae042678c3a1840aa01c5c80aab.json,cff571b3f90b25a6a433b28629294d61c4258f5f71e59a6aa21acd83b95c21db,cff571b3f90b25a6a433b28629294d61c4258f5f71e59a6aa21acd83b95c21db,2466,False
data/raw/tago_stops_nearby/2026-09-03/grid_55a24566d44c27a654a8e322b745b93ae475822f45b11b0005e1e1c3e009da78.json,44ce476f05aa0c4a3ff98b124f7f550e0133fefc757a87f13e5ffae1f31bdd75,44ce476f05aa0c4a3ff98b124f7f550e0133fefc757a87f13e5ffae1f31bdd75,1770,False
data/raw/tago_stops_nearby/2026-09-03/grid_55be7907fa58f747534ca0773e4116e0899d8705370f27bf301e440895a13741.json,1de773d093cb82f04da3d75c32d537282d9aab2bdde1ea3c616ea39591e916a3,1de773d093cb82f04da3d75c32d537282d9aab2bdde1ea3c616ea39591e916a3,5274,False
data/raw/tago_stops_nearby/2026-09-03/grid_55d0b9a838020c0574c2c13872ab10f31cfc1429ee6cd0ad0a383cf273728702.json,f6b41a810337ee0ae7579690c25ea11c9f75a8db2e127eb9a65a2ef79c63e236,f6b41a810337ee0ae7579690c25ea11c9f75a8db2e127eb9a65a2ef79c63e236,3248,False
data/raw/tago_stops_nearby/2026-09-03/grid_55f54afc70f77e9d9c84a1f5468cc9a152a0385ba8d3b3047e38cd392cd85090.json,15e4446e61acc6f920b381c088c2f66891256e2f77f46dca2224540c2c703495,15e4446e61acc6f920b381c088c2f66891256e2f77f46dca2224540c2c703495,2256,False
data/raw/tago_stops_nearby/2026-09-03/grid_5619c016c432cc759edb1608e53e5a68301cd15277b2166642995aae342bce1b.json,12a741ef47cffbf8175de40e22503ac7b861186cce85ff534a507e534d9b2512,12a741ef47cffbf8175de40e22503ac7b861186cce85ff534a507e534d9b2512,3724,False
data/raw/tago_stops_nearby/2026-09-03/grid_563d6adf48c81fbe4653ce4e93431af77afda584616859030db2d3a8e3eb3753.json,befcbbfe9edb605d61d9f48b8db0289d19a26697658b26b656b825cefeed063e,befcbbfe9edb605d61d9f48b8db0289d19a26697658b26b656b825cefeed063e,227,False
data/raw/tago_stops_nearby/2026-09-03/grid_567390fbc3da747128675cf6a378bbd00a27a560c1c005817ec0937b41b7eb08.json,2ec4ca6f2701a0981a9c99e9b8775d388831827a610859a41006c10713cb325c,2ec4ca6f2701a0981a9c99e9b8775d388831827a610859a41006c10713cb325c,5183,False
data/raw/tago_stops_nearby/2026-09-03/grid_56a02bdd54302d3235d80eb19098f1d412c1c9b4d6d843cc88035fd5da6f2d0d.json,6b6683a1eb5a05ca4865b96eafd7942823c07eb3d28658bf9422abb14690ba5c,6b6683a1eb5a05ca4865b96eafd7942823c07eb3d28658bf9422abb14690ba5c,740,False
data/raw/tago_stops_nearby/2026-09-03/grid_56d04a6cacb0d8a3530119a02bb6f5f719fbafdedbd799117ece69d5e1adcbf7.json,dea3de41dfc91fab6241c4d647a0f0807b2c7d4f467f3082b2dadb5dccb2425f,dea3de41dfc91fab6241c4d647a0f0807b2c7d4f467f3082b2dadb5dccb2425f,3690,False
data/raw/tago_stops_nearby/2026-09-03/grid_56eb38aad30cc0484d848e26135867be653c983c5c143d7b8bcc2e0b85c8c933.json,30b8b8de0671aae0ee14480226c185a94f0d454be73cef93d9c9ef371626c8fb,30b8b8de0671aae0ee14480226c185a94f0d454be73cef93d9c9ef371626c8fb,5749,False
data/raw/tago_stops_nearby/2026-09-03/grid_56ed221d452d3e398aebf021d7fc7408bc01bc95c131b23fb5b3207b50b2001c.json,ad5341ad266d0bc0749f098c3780de19c42040c7961e3ebeacfa07f4d4aea758,ad5341ad266d0bc0749f098c3780de19c42040c7961e3ebeacfa07f4d4aea758,2955,False
data/raw/tago_stops_nearby/2026-09-03/grid_571894acb88330a1be3ed0db48bbd7defd3d38b6686601bc03c2a9242903f0a4.json,a36bbae0a3e561e2a5e3aea9167ae4b0e3228f8d1ce395b21fff095fe8ceb2f9,a36bbae0a3e561e2a5e3aea9167ae4b0e3228f8d1ce395b21fff095fe8ceb2f9,2792,False
data/raw/tago_stops_nearby/2026-09-03/grid_572a66d2c4077477e787e3dd5779b01315323bb1e5cd77ba9b4e2abd4f7bd815.json,befcbbfe9edb605d61d9f48b8db0289d19a26697658b26b656b825cefeed063e,befcbbfe9edb605d61d9f48b8db0289d19a26697658b26b656b825cefeed063e,227,False
data/raw/tago_stops_nearby/2026-09-03/grid_5751c4178547ab5a5052437a3bb7b6ab64f7d2984d6c7d2a673b74df3575601c.json,14d400481e6f322d0b78e5dcea89d55f46241b17a3c9d4200a305898dc6fba54,14d400481e6f322d0b78e5dcea89d55f46241b17a3c9d4200a305898dc6fba54,3982,False
data/raw/tago_stops_nearby/2026-09-03/grid_578d4ee7a80ed4411b7b860b05a9737af15b462e5cbed1ab33a5c1081202a8f2.json,9d496875e4b64ee7a8151ca2883b88258d1312196671e5e64ec2c39ebd8bee6b,9d496875e4b64ee7a8151ca2883b88258d1312196671e5e64ec2c39ebd8bee6b,4936,False
data/raw/tago_stops_nearby/2026-09-03/grid_57c53dc7c92f347266e153a05b97e80d792cfedb01176e3af2fcc46fd572e92e.json,c358b5cb2555ac34facaa597367892304c795709f1b24b10ae88b31b72b492c9,c358b5cb2555ac34facaa597367892304c795709f1b24b10ae88b31b72b492c9,5996,False
data/raw/tago_stops_nearby/2026-09-03/grid_57e2eb72dab3a86dabfbeef4e866e27c2b941b807089aead7a7a33f5f5797e55.json,0583ea424590f72e2a6530e94e43477fad9a9c0ba520602cfb0c7e6f3f6d0aa4,0583ea424590f72e2a6530e94e43477fad9a9c0ba520602cfb0c7e6f3f6d0aa4,1008,False
data/raw/tago_stops_nearby/2026-09-03/grid_581de8e3b98edbd0b90c9d4191532011ea218dc2f55f64dace859a932fe50d79.json,68cfcba13078ca3b4c9865592f60b494f1fff802ad04ce8b10bfa5b10b023c2b,68cfcba13078ca3b4c9865592f60b494f1fff802ad04ce8b10bfa5b10b023c2b,5434,False
data/raw/tago_stops_nearby/2026-09-03/grid_583ddd04868bbe54088f3adccec9f1a36151ff9899c476e05e38dde48be88b0c.json,b8bfedb1f9ccca9cae69d469b0906489c250a0f4f1bbf395d85102b0e164b2a1,b8bfedb1f9ccca9cae69d469b0906489c250a0f4f1bbf395d85102b0e164b2a1,1248,False
data/raw/tago_stops_nearby/2026-09-03/grid_587717aae2f49dee66561b897c3cb00fb41c4dbe3ca29d90a0aea5644c2e7edc.json,a493edbb9c429491ee8276edae657be1c508d3a906dcd3ff77f1bc852914f8ff,a493edbb9c429491ee8276edae657be1c508d3a906dcd3ff77f1bc852914f8ff,1034,False
data/raw/tago_stops_nearby/2026-09-03/grid_588768d9e124f00ef59ea3433a649cb44b089af7d2eed035b767652a0ec4ba15.json,14a4adfde35c60b0ec22ba750fc84c2f3213f5e9121377a4dd1f2db755704694,14a4adfde35c60b0ec22ba750fc84c2f3213f5e9121377a4dd1f2db755704694,4470,False
data/raw/tago_stops_nearby/2026-09-03/grid_5892c5121f839170ef3daab54142b7f555603a549dda28c430db27e21533bada.json,edef0321731e43f5a5d2cd7672d2fa35e136fd945035d35f8ba8c60913f8219e,edef0321731e43f5a5d2cd7672d2fa35e136fd945035d35f8ba8c60913f8219e,2966,False
data/raw/tago_stops_nearby/2026-09-03/grid_58b375c23d3bdd2926d336b6109de51fda9a3232f700a5d1c0a19c7ac3dd7233.json,e66ab845fc4508e0695b3de4d6fb06485aa6dd625d8f04492fb8defd86fb55a8,e66ab845fc4508e0695b3de4d6fb06485aa6dd625d8f04492fb8defd86fb55a8,6768,False
data/raw/tago_stops_nearby/2026-09-03/grid_58d3466d7f6ffe5d9900a7b287f8fa36bfec2f672cc2e183d8d6358558c29481.json,bcc31ea6d7adf1acc590eb59c3816c45f68e2db0985dba59fba2b0189ccb926a,bcc31ea6d7adf1acc590eb59c3816c45f68e2db0985dba59fba2b0189ccb926a,2725,False
data/raw/tago_stops_nearby/2026-09-03/grid_58d9b7f51542fd25bcef0055cb6837390a6a18586bcd60b41fffb70c02d9c3ae.json,c50403473b36da06f470a6bbf6dc8feca9dac000d416ce83bd258091841bd53d,c50403473b36da06f470a6bbf6dc8feca9dac000d416ce83bd258091841bd53d,2028,False
data/raw/tago_stops_nearby/2026-09-03/grid_58e69089c8bbd5375a0a9d06ba667386ae988f15fa8e5f16d4093b5b364a5191.json,76ffaa5e8b2bcb006edcee6186f272254ae7f70dd160260f7d5b2df3c344de51,76ffaa5e8b2bcb006edcee6186f272254ae7f70dd160260f7d5b2df3c344de51,4465,False
data/raw/tago_stops_nearby/2026-09-03/grid_591e771cf32a4ad5659feb407ad1154ab1778bf61ee4b72f6b076d93cd774ce8.json,ae570891b1d3c6a0a8a88a58b8ece713b2f0d0e7606aef2b752f156380165547,ae570891b1d3c6a0a8a88a58b8ece713b2f0d0e7606aef2b752f156380165547,5096,False
data/raw/tago_stops_nearby/2026-09-03/grid_5930be9f0e504088147d933ac2c98cb2e6c70611dee5ecc0b6f7e9f8afb46d08.json,90a4564c53c88d683680d8e56a8f853b623fd8cfed8466bb2c26b70389caddd6,90a4564c53c88d683680d8e56a8f853b623fd8cfed8466bb2c26b70389caddd6,3679,False
data/raw/tago_stops_nearby/2026-09-03/grid_593a10b3c63171ec0c0d4bbeb152a3ddb0178298a75ea3bdd20e1786da0dc581.json,a228a40fd3b01c0ab8720503724441e6b8a20d82e1f2df14c90958a1f5137918,a228a40fd3b01c0ab8720503724441e6b8a20d82e1f2df14c90958a1f5137918,2985,False
data/raw/tago_stops_nearby/2026-09-03/grid_593ab856e95dc619a0e99c5da43cf43cc3b314aa8c516416b60d6325e287d506.json,9ebe3915c06ded7b401c475f24da3e32811636b76f238b726ca3c1b8cbd07c90,9ebe3915c06ded7b401c475f24da3e32811636b76f238b726ca3c1b8cbd07c90,4765,False
data/raw/tago_stops_nearby/2026-09-03/grid_5943ac3fcdaaa78b10730f5fb578ad1fcfd2dce8da0a267f0f24f8d5cc73ab3a.json,31dadea5bde4be9e3b02627c34e9ffe99af5daab858668da5ded511d517b6e4c,31dadea5bde4be9e3b02627c34e9ffe99af5daab858668da5ded511d517b6e4c,500,False
data/raw/tago_stops_nearby/2026-09-03/grid_59b4bc8909f3f89c32cfa79f27c00fe1b31e3b59983baaa89487db1682a79295.json,924def10a6e7bbf95eaf7e721dadc3496a9b0cc8c8779042c5d0c70852745f9d,924def10a6e7bbf95eaf7e721dadc3496a9b0cc8c8779042c5d0c70852745f9d,3945,False
data/raw/tago_stops_nearby/2026-09-03/grid_59f202cd94b1e7b31c5eb20f151c12f0a5df805e95354033a79890d0fca140a0.json,2c688c7d32477c5debf0b8e6ea656b886bb3b8a725a1cdebd030c23d76dcc7ca,2c688c7d32477c5debf0b8e6ea656b886bb3b8a725a1cdebd030c23d76dcc7ca,6875,False
data/raw/tago_stops_nearby/2026-09-03/grid_5a2a0d310b87c322941ac894bde09b80ad951c07094856d89234176cb2dad094.json,386e8dfe07e9460b9d087109aafa4a9b5dd00ae2b701dbf45d54e6f94ed2cb55,386e8dfe07e9460b9d087109aafa4a9b5dd00ae2b701dbf45d54e6f94ed2cb55,2422,False
data/raw/tago_stops_nearby/2026-09-03/grid_5a486bc1509a2782bde2b7ba4513a5382d61c660257e64b22760b95b750589e5.json,29f7c7ae04d33096e0d13f8efce10c593d0049b3c3ad487640cc8a161c3a896a,29f7c7ae04d33096e0d13f8efce10c593d0049b3c3ad487640cc8a161c3a896a,1013,False
data/raw/tago_stops_nearby/2026-09-03/grid_5a6bee55f1aa93e090d9eec8d2134b01d2eb58e6241b1c8f3c67f0ec172cd8b5.json,befcbbfe9edb605d61d9f48b8db0289d19a26697658b26b656b825cefeed063e,befcbbfe9edb605d61d9f48b8db0289d19a26697658b26b656b825cefeed063e,227,False
data/raw/tago_stops_nearby/2026-09-03/grid_5a7b849ccc4eee9ca73e2242c8850b8f7811402d29d92d0ad1ebc27ded47b852.json,7ab316f82aff34fa677dee6fec1959c7f3c3919386c427ef83e58128ea9c29eb,7ab316f82aff34fa677dee6fec1959c7f3c3919386c427ef83e58128ea9c29eb,3491,False
data/raw/tago_stops_nearby/2026-09-03/grid_5a89852b0d4c4145176404e6fb82b9d4605046adb36bc64837e7a96c9570f5d5.json,5e35732ff079dfc5f90ff698ead72e49b599896802de7ef05c7cdd7a5c72b494,5e35732ff079dfc5f90ff698ead72e49b599896802de7ef05c7cdd7a5c72b494,6490,False
data/raw/tago_stops_nearby/2026-09-03/grid_5af7d8d35a659ea052a8d886376556763e0419a6198fd1dffd2d8225c4295cba.json,86f9aae91538d39b76722f7256ea2e41b228eee93d8c47fdfc76a284c4b0ca90,86f9aae91538d39b76722f7256ea2e41b228eee93d8c47fdfc76a284c4b0ca90,4714,False
data/raw/tago_stops_nearby/2026-09-03/grid_5b121e4871e13814672e80c35e9022909c143be4f86777eb5e2042c6975e7be7.json,943632a2175c868323ef6338a11350aa6fa75cd37cd81be9092333d418f73015,943632a2175c868323ef6338a11350aa6fa75cd37cd81be9092333d418f73015,4976,False
data/raw/tago_stops_nearby/2026-09-03/grid_5b1e2c7b68bc6958af134d624b6f211b2cf25783e6d888708b9109bcdff0b234.json,3a6d3d3550731a37c403c671f8660e4bdebc4e9e92860ec34c1a65742d763521,3a6d3d3550731a37c403c671f8660e4bdebc4e9e92860ec34c1a65742d763521,3384,False
data/raw/tago_stops_nearby/2026-09-03/grid_5b3f4f36492884d7cb2c0dd8b5558febbae29f3750bd9a5cd3f81f73a5295e2e.json,336b595762d64efb89fa5e6bd1e04f0ecdb2e95ffa0ed8b8b3f926ec3bbf042f,336b595762d64efb89fa5e6bd1e04f0ecdb2e95ffa0ed8b8b3f926ec3bbf042f,2709,False
data/raw/tago_stops_nearby/2026-09-03/grid_5b43b80299ae0ec37c1720042b8ea9c1582745d9386af983b9321619377cc29e.json,3c6c92610d90ca5e2a80b6c1c7ee110379612ee71eef97494cc78eeffcfcdea8,3c6c92610d90ca5e2a80b6c1c7ee110379612ee71eef97494cc78eeffcfcdea8,3973,False
data/raw/tago_stops_nearby/2026-09-03/grid_5b4f6aaf35398477d2db94d7d59b469ccda5e822862bfb0dcf6816ef545c5cdd.json,291234a59c5d2a199b8c13e7accb95e7002fef322099292262583de981b178df,291234a59c5d2a199b8c13e7accb95e7002fef322099292262583de981b178df,3476,False
data/raw/tago_stops_nearby/2026-09-03/grid_5b54b88ae72417fd69a93f06172409ed72422b3f43e7ab2853328d907f30f2f5.json,53a4dc17958c48e5d61bab306ecb9e3fa58dee3da26ab2737ab2c227f763fe1e,53a4dc17958c48e5d61bab306ecb9e3fa58dee3da26ab2737ab2c227f763fe1e,1728,False
data/raw/tago_stops_nearby/2026-09-03/grid_5b7e4c8f86b33bc092fbb41a734d5438f05eaad01791c85eb4b8eb417eecc7ad.json,0a48cd9bc700242131c8d089e9e3562ecb904df7c9012eb3aa93c342b85fd2ac,0a48cd9bc700242131c8d089e9e3562ecb904df7c9012eb3aa93c342b85fd2ac,766,False
data/raw/tago_stops_nearby/2026-09-03/grid_5bb1b9e44869ebc46a5ca466b9229d50de84b4549bb16ceca048fc7a641f38b9.json,a44e8f94866e9863859e841c2713e40cd18ed4291e7e705bc5cb7f16baa41f7f,a44e8f94866e9863859e841c2713e40cd18ed4291e7e705bc5cb7f16baa41f7f,5778,False
data/raw/tago_stops_nearby/2026-09-03/grid_5bb8a7592e6530ea34d035c133c2c865a755764500fce6bb37418728d629bf36.json,34f247be6ffc8ebf014e34fcde160468ce04be01503be897e2086b5b5c0de0a6,34f247be6ffc8ebf014e34fcde160468ce04be01503be897e2086b5b5c0de0a6,472,False
data/raw/tago_stops_nearby/2026-09-03/grid_5bf8f200f3c3225a3379c89cbb7e642821d6e2fe812333c5edf27d9cc07cce0a.json,fbbfb3ae30f662ce0a964871469d645681f3ccbf89a80d221b534dc5821bf243,fbbfb3ae30f662ce0a964871469d645681f3ccbf89a80d221b534dc5821bf243,3158,False
data/raw/tago_stops_nearby/2026-09-03/grid_5c3a6110f243fa70031228bdc5a815f8f03e279e3426f7a7973532d3cc76368c.json,65d2d77018acdabb0bdfa7a442b276041e56e126736a0ede58267f5cf9fc2920,65d2d77018acdabb0bdfa7a442b276041e56e126736a0ede58267f5cf9fc2920,752,False
data/raw/tago_stops_nearby/2026-09-03/grid_5c40e9d3497e179f58c325a9a8af737f9954c7f0e2b59b760f6bbaf24c586b9d.json,5481381400c08d0b07d410dd386e450404333d7f0f7d5d690563d4c6e50a14f0,5481381400c08d0b07d410dd386e450404333d7f0f7d5d690563d4c6e50a14f0,7381,False
data/raw/tago_stops_nearby/2026-09-03/grid_5c54dd66c91b3170b26543004eac0033505f5f187d2ce9771b2d9e64ac2d7b8b.json,befcbbfe9edb605d61d9f48b8db0289d19a26697658b26b656b825cefeed063e,befcbbfe9edb605d61d9f48b8db0289d19a26697658b26b656b825cefeed063e,227,False
data/raw/tago_stops_nearby/2026-09-03/grid_5c5a2972334ea30766e8f00808bfaeb5d2100e26e7870bbfeb35ae5c2a029868.json,539dd692263592b84eab9dd4e34c18bf683f3e8dc8c3cafaa325826dcc64ab5b,539dd692263592b84eab9dd4e34c18bf683f3e8dc8c3cafaa325826dcc64ab5b,3691,False
data/raw/tago_stops_nearby/2026-09-03/grid_5c67e6a66d50a694c54a3f69c581a61a41f7ede03552446a263c29d642c885b8.json,4e1e4fa47ea1be56a95b0ad962bdb56c6da34b6545c40c2eb47d5b6fd832a317,4e1e4fa47ea1be56a95b0ad962bdb56c6da34b6545c40c2eb47d5b6fd832a317,2758,False
data/raw/tago_stops_nearby/2026-09-03/grid_5c6b068c3b31a9eb6ba49dc7bd8d70c8c98102cd4887594536b6097d78df0a2d.json,6337c542defe4ce4773c276f4eeb1a793c827f356acab5643c4fb787f23ce0f2,6337c542defe4ce4773c276f4eeb1a793c827f356acab5643c4fb787f23ce0f2,2503,False
data/raw/tago_stops_nearby/2026-09-03/grid_5c6ea72f17e34981f02c183b79fa08df91af0056860adbf00e08b19777deee65.json,e300d3682afa9f5fcde0e2c9986b2f7dd8f7876a2c602eb396fc54150d8a5ddd,e300d3682afa9f5fcde0e2c9986b2f7dd8f7876a2c602eb396fc54150d8a5ddd,5895,False
data/raw/tago_stops_nearby/2026-09-03/grid_5ca8b6f3633fdbf696defa8919da1127e8c64c1f44898479bf83ad34b636724f.json,25ca6f5c46f834ea575a367c66592e548fc3c2051c13a4513511021e08ca600a,25ca6f5c46f834ea575a367c66592e548fc3c2051c13a4513511021e08ca600a,5217,False
data/raw/tago_stops_nearby/2026-09-03/grid_5cb5b2e4b0ce5a5689c798e25022b67f8bd81d52a2e687d6175cd7ca175a2637.json,6ab8f3b44df038766e1ab6be703df3cf64e666595850bfbb6f0be474c2944d59,6ab8f3b44df038766e1ab6be703df3cf64e666595850bfbb6f0be474c2944d59,3260,False
data/raw/tago_stops_nearby/2026-09-03/grid_5cd0b9b10be16d8fc8215e357931c4394474794be81718762e53c244fe6bee9a.json,0b967c6528a842e59d4d4255ea08e774f85bd65fa2596a7963b06b859cc72f6e,0b967c6528a842e59d4d4255ea08e774f85bd65fa2596a7963b06b859cc72f6e,4129,False
data/raw/tago_stops_nearby/2026-09-03/grid_5d01224a691b446a38982624dcec301cc71f516839e33265aa0868ff5fccf8d8.json,b89567dfc1a663952010c17205fa5cd710fdfdc125cdbd4d96b9ad5ae94f81b0,b89567dfc1a663952010c17205fa5cd710fdfdc125cdbd4d96b9ad5ae94f81b0,5762,False
data/raw/tago_stops_nearby/2026-09-03/grid_5d1a26419e3870bf2f17d0148f3d895abe90beaabe665d493a96ff44b3db94fb.json,b0ddaa3a69d28b5d116ae8a42d3b940dfd387fba7f2713cb32160b1f78ea8d76,b0ddaa3a69d28b5d116ae8a42d3b940dfd387fba7f2713cb32160b1f78ea8d76,4170,False
data/raw/tago_stops_nearby/2026-09-03/grid_5d236a31e4159d00b5b74788640046253bcc5b2bfba3c9a84243b74b8d723bb0.json,48b7484bb0ed96ba05caaa594b427e0df245f754710a44330799011e76d9ff28,48b7484bb0ed96ba05caaa594b427e0df245f754710a44330799011e76d9ff28,2506,False
data/raw/tago_stops_nearby/2026-09-03/grid_5d32e53f5ed39fb619d18005c04ee362380dea82e8ea86c9d8de9a7acca1358a.json,0e771f56a45cf20c3adf2c47e1aed09db8c8194cf757d8379cd31f7d30543909,0e771f56a45cf20c3adf2c47e1aed09db8c8194cf757d8379cd31f7d30543909,2445,False
data/raw/tago_stops_nearby/2026-09-03/grid_5d55bce4565938697ecaa84de88d7d8719158cb942e981273603fb52ff68d91d.json,befcbbfe9edb605d61d9f48b8db0289d19a26697658b26b656b825cefeed063e,befcbbfe9edb605d61d9f48b8db0289d19a26697658b26b656b825cefeed063e,227,False
data/raw/tago_stops_nearby/2026-09-03/grid_5d871afb17881c78a9f75701bb41b53f0e651015c4e8fec81ade7992fae8bf8f.json,b4e46f609aa04f1ce9d74a3b67acfd0b1aaf33475c58b89018b537c62875f569,b4e46f609aa04f1ce9d74a3b67acfd0b1aaf33475c58b89018b537c62875f569,4699,False
data/raw/tago_stops_nearby/2026-09-03/grid_5d884fd20f0e1c91254891f01a9b0df7dd59f62727c0a3bb7acd450d4c1c87e4.json,e2027704c1e8bf1c0d1fd063ca693c97bac66337fb6055798a5cedb9b8ed9552,e2027704c1e8bf1c0d1fd063ca693c97bac66337fb6055798a5cedb9b8ed9552,2666,False
data/raw/tago_stops_nearby/2026-09-03/grid_5db3710302ef4e71a38e505fb6e96971c7a368cd7a80b234afd0b991aa6d9b7f.json,41dd7257c9de01a61c252f72301013b63d1d4ee45a064a3c6cceb391267dfa9e,41dd7257c9de01a61c252f72301013b63d1d4ee45a064a3c6cceb391267dfa9e,2008,False
data/raw/tago_stops_nearby/2026-09-03/grid_5db3c5186cb0608f195d24c11ca326480869bc4cdaa281edff07542ff7d68fdf.json,85910b1890cd53d49075e8f21bca4ed7ef23681330c0fde9145f7f9f2e80a8a5,85910b1890cd53d49075e8f21bca4ed7ef23681330c0fde9145f7f9f2e80a8a5,4087,False
data/raw/tago_stops_nearby/2026-09-03/grid_5dfd7962934b14550c3d1a83c854b6ac8c6e13692b859782266f5ccb3ab6d5dc.json,51f82e4f683ac5547ee61fc581564526d0633c594b1f024e7fe7d92c4a9f4e33,51f82e4f683ac5547ee61fc581564526d0633c594b1f024e7fe7d92c4a9f4e33,4962,False
data/raw/tago_stops_nearby/2026-09-03/grid_5e0b057505bcbdbda22d95cc99ffa9afc45f0233e1f51d6a6bfdcf6e97ab0e3a.json,667f7d105e341e524f0c2032a004059e37eb5dbfe36ae215cdf69e43427706f9,667f7d105e341e524f0c2032a004059e37eb5dbfe36ae215cdf69e43427706f9,2196,False
data/raw/tago_stops_nearby/2026-09-03/grid_5e4081b903aeb528df8f30037dbb262995f0f2a7ea92e4bb5ca1350cf79efa09.json,0e060b1d615c23beb9843a99c03809e79ad263ea924aedb416e81ce4b7ea93a3,0e060b1d615c23beb9843a99c03809e79ad263ea924aedb416e81ce4b7ea93a3,5519,False
data/raw/tago_stops_nearby/2026-09-03/grid_5e76caa6428ddfd1b8aef8cd647880df8c83237b0013ef40b0a1817cea22bdfe.json,7e6f46f97dc5bbca15a8fef9cc1441d8e7efc584201c0c3ad7588d5510232dbd,7e6f46f97dc5bbca15a8fef9cc1441d8e7efc584201c0c3ad7588d5510232dbd,1755,False
data/raw/tago_stops_nearby/2026-09-03/grid_5e7801095c92700968bab4c9b916da1884ac94306a06217d27526270cd4927bb.json,3439f44d45da4f312cce53b5ba4a906fa2127a9f506d3b1609a957b7b19d9aa3,3439f44d45da4f312cce53b5ba4a906fa2127a9f506d3b1609a957b7b19d9aa3,3191,False
data/raw/tago_stops_nearby/2026-09-03/grid_5e81c3c04a48447a8aa2f8c820acf7f9b9b43b901f95d57754d2ce35496745aa.json,825c7ec8f4eb53985ff5206c1f4a5efad43e06d2a5109582e96c842a42ef1d7c,825c7ec8f4eb53985ff5206c1f4a5efad43e06d2a5109582e96c842a42ef1d7c,4195,False
data/raw/tago_stops_nearby/2026-09-03/grid_5e853bd2fe014cfcc0177d8546d18b96f1da2b59b48f1390bbaeb264f1d8521b.json,4f0dcb1fdb06b2b48a6579572545033c3cbd797170d7bee7941fbe4a108870b1,4f0dcb1fdb06b2b48a6579572545033c3cbd797170d7bee7941fbe4a108870b1,3378,False
data/raw/tago_stops_nearby/2026-09-03/grid_5e867d0a5ba88daccbd036ac9459ffd982c68024b4af925b2040e5e3576343e5.json,e32077f3090ea7eab5533f38be7f04332b56323c3cf977aa0c93398796f90070,e32077f3090ea7eab5533f38be7f04332b56323c3cf977aa0c93398796f90070,2553,False
data/raw/tago_stops_nearby/2026-09-03/grid_5ea0bad61f7063d00d46ce398def9a63a754cc089a288af86b9ecc849ec11444.json,befcbbfe9edb605d61d9f48b8db0289d19a26697658b26b656b825cefeed063e,befcbbfe9edb605d61d9f48b8db0289d19a26697658b26b656b825cefeed063e,227,False
data/raw/tago_stops_nearby/2026-09-03/grid_5ea3974813c59fb025dd093a92139b24aef9450075deac1805f6df919fe6b5a0.json,589ec492de08876a310ee4ccc1fd423e1b82797a57c57a1d71f3ce85460cfc40,589ec492de08876a310ee4ccc1fd423e1b82797a57c57a1d71f3ce85460cfc40,4051,False
data/raw/tago_stops_nearby/2026-09-03/grid_5ea59807a537c64abdc584eb100a5ff8e7a2e6dc605d756a399c493222fee598.json,befcbbfe9edb605d61d9f48b8db0289d19a26697658b26b656b825cefeed063e,befcbbfe9edb605d61d9f48b8db0289d19a26697658b26b656b825cefeed063e,227,False
data/raw/tago_stops_nearby/2026-09-03/grid_5eaef8edcbfff766ea72bfd53adb52689e5f71f89f2ed13df23440beb015d4e9.json,48c65e7db1c0dfbc119c1f4d474349adc7fcc65560ef5077689f72bab8664f63,48c65e7db1c0dfbc119c1f4d474349adc7fcc65560ef5077689f72bab8664f63,4271,False
data/raw/tago_stops_nearby/2026-09-03/grid_5ebafceff8c506f8edca01cfcb9a9877e077d1e1df14a3494bf631bbeb3a6048.json,3bd28ed08fe0de7d9a69a4f282ab7db747dbcc5ab871d09836c137368093a146,3bd28ed08fe0de7d9a69a4f282ab7db747dbcc5ab871d09836c137368093a146,6319,False
data/raw/tago_stops_nearby/2026-09-03/grid_5ec23dfb5bf6989e396348d6c50c0e5147bf937403597acd82a0b4da995e7a4e.json,0dbbe882d291a17beec9f4a226fcf2573cd24c24feb45383d3623b8e532cf868,0dbbe882d291a17beec9f4a226fcf2573cd24c24feb45383d3623b8e532cf868,1775,False
data/raw/tago_stops_nearby/2026-09-03/grid_5ec67c62487abe2f83bc376d90d14c1f9a5dbc80afded801c5e0398c276281e3.json,e6521a50b10da1dbe808a3ea3287a1ac57bbf113ae4e2436509608a048ddf283,e6521a50b10da1dbe808a3ea3287a1ac57bbf113ae4e2436509608a048ddf283,2812,False
data/raw/tago_stops_nearby/2026-09-03/grid_5ecdac0a3d2df7d2ba38afd70770d36183f1e8867106027411cfef50b94e6211.json,75e7ff9fc92c5b69e2971aa1f73e49789b83f6c0572235482280af1a8b298e8d,75e7ff9fc92c5b69e2971aa1f73e49789b83f6c0572235482280af1a8b298e8d,4754,False
data/raw/tago_stops_nearby/2026-09-03/grid_5ed5068f45b1244001fbace1d590cd4283e8918e40eb31affb53969345465937.json,37d66321eaf363abcab97009187e50a79c4e18bf642930383d37b9210b914db8,37d66321eaf363abcab97009187e50a79c4e18bf642930383d37b9210b914db8,1471,False
data/raw/tago_stops_nearby/2026-09-03/grid_5f1540128a6dedda55a3543730a49451dc8515c3dbfe4260942e424ec51e1f6a.json,e25fe9ad64eb4ce7ba3b9312d1a970e40a3ef52718a456eac242c4f57adcca40,e25fe9ad64eb4ce7ba3b9312d1a970e40a3ef52718a456eac242c4f57adcca40,1008,False
data/raw/tago_stops_nearby/2026-09-03/grid_5f1b0c03ef6e0b05b8144b8ccf8e86986d34db602fb083e9d5ca74dbf142198e.json,17f3c24da62982fb3da0717927bfc92babd9e11db43e99764603bd63ce709bb1,17f3c24da62982fb3da0717927bfc92babd9e11db43e99764603bd63ce709bb1,1253,False
data/raw/tago_stops_nearby/2026-09-03/grid_5f2673a55d03cd8bce38cd61d286134b194ba642290f0750485eb6d07ba58ccc.json,befcbbfe9edb605d61d9f48b8db0289d19a26697658b26b656b825cefeed063e,befcbbfe9edb605d61d9f48b8db0289d19a26697658b26b656b825cefeed063e,227,False
data/raw/tago_stops_nearby/2026-09-03/grid_5f2a524ea2daf7552f42ff4bffc9c21d812c48d1f5d3db801220dafb84b99be3.json,68df898dfacfc78d6405e70159f912b161b7e89c9287c2d87f1dc76701111fab,68df898dfacfc78d6405e70159f912b161b7e89c9287c2d87f1dc76701111fab,762,False
data/raw/tago_stops_nearby/2026-09-03/grid_5f850544d684679512b9030857f7225e43e46b7d9296b45e2217746e7182041f.json,34402793d08ce9cb62e77076b57f698963599711552ae2889c370b664eeb4ffa,34402793d08ce9cb62e77076b57f698963599711552ae2889c370b664eeb4ffa,4211,False
data/raw/tago_stops_nearby/2026-09-03/grid_5f93cb607529002996dea9306b7a0cf7d80d80384842ebb74b89380dec1b729e.json,1475bb3c781292be0ce8c21eb527956368883fb5db33cc7ffb7004814b52074f,1475bb3c781292be0ce8c21eb527956368883fb5db33cc7ffb7004814b52074f,3484,False
data/raw/tago_stops_nearby/2026-09-03/grid_5fbaeffd31d7019d3c487db37d9230eb1520b9375e4bb052e4df076cba1b9717.json,afbe0fa5cb584721518f9813bc9df394cab686650a57d8f1e73c8380348c65fc,afbe0fa5cb584721518f9813bc9df394cab686650a57d8f1e73c8380348c65fc,6460,False
data/raw/tago_stops_nearby/2026-09-03/grid_5fd34c3f7dc02f977590f2952f2b8801f10d7d9c5075b4b5e0b92c56d671a4d8.json,780676fd9c230d1ba5264b6e2f4ef0d227e3c4e0f7b0731012090701501ac925,780676fd9c230d1ba5264b6e2f4ef0d227e3c4e0f7b0731012090701501ac925,3839,False
data/raw/tago_stops_nearby/2026-09-03/grid_60002eaac08696612388c92fafc5cec33c73b2f825b6339621e833b654d188f2.json,22a97362ba1724c631e364590c0718562020e386cf2f933aa787f80fbfe02b72,22a97362ba1724c631e364590c0718562020e386cf2f933aa787f80fbfe02b72,6146,False
data/raw/tago_stops_nearby/2026-09-03/grid_60244c50ffc6f529ae76db5cb9a480fc1cb374571ae16083e7b74e7e1db9e11f.json,2ee4a33d9c8fc3f8ca2d82ab5066a73a7b204df2b969be945a33e6751e84604e,2ee4a33d9c8fc3f8ca2d82ab5066a73a7b204df2b969be945a33e6751e84604e,1298,False
data/raw/tago_stops_nearby/2026-09-03/grid_6024bf9db8b758817d388f96e59669f4678e9c29870b598c3a1b8508317b9250.json,f41d38329872c897d0ab0eec8ee0fed37f22cf61070132691f7546a96caf652a,f41d38329872c897d0ab0eec8ee0fed37f22cf61070132691f7546a96caf652a,3995,False
data/raw/tago_stops_nearby/2026-09-03/grid_6055e98ce535d8b50f7bea5d35473ca2c549d5b7f7fc9a3c7c4e1b2d651e9e1e.json,7ca030ac00389a758bdf446ca1be1baeafc2b8a33ecc806b330f5eaaac0abed9,7ca030ac00389a758bdf446ca1be1baeafc2b8a33ecc806b330f5eaaac0abed9,5571,False
data/raw/tago_stops_nearby/2026-09-03/grid_6064ddc3d6c89f6d1bf3654838db4b3b6524b96ff5870106326e90c962729d90.json,befcbbfe9edb605d61d9f48b8db0289d19a26697658b26b656b825cefeed063e,befcbbfe9edb605d61d9f48b8db0289d19a26697658b26b656b825cefeed063e,227,False
data/raw/tago_stops_nearby/2026-09-03/grid_6090a176dc1db772707cc51b35ecf42be05ac2adb58ebc6cd9b2849f74639233.json,29451a082feeda0f8a2b003e2c14c8317d3d9a5d50ba26a35b66a75119449da3,29451a082feeda0f8a2b003e2c14c8317d3d9a5d50ba26a35b66a75119449da3,2211,False
data/raw/tago_stops_nearby/2026-09-03/grid_60a84cacccadb774fb8c10d22be4588e50cf17525e6b4ce0eb91b17f4d2e35ae.json,2f63d92e2fe9a8db1df9771a7d3d744ebc9260bf69e60ed5327782f04b0c2709,2f63d92e2fe9a8db1df9771a7d3d744ebc9260bf69e60ed5327782f04b0c2709,2233,False
data/raw/tago_stops_nearby/2026-09-03/grid_60dd7ea05764592ff68dc4edf662bf3e7450ad1560295635807e41c97011d91b.json,7ac4aea3a53f521f1cfd5aefb68be60638788e46ec0050472b4eb1dac30c08f9,7ac4aea3a53f521f1cfd5aefb68be60638788e46ec0050472b4eb1dac30c08f9,7394,False
data/raw/tago_stops_nearby/2026-09-03/grid_60e974ed024b06559a710ba440aff803c9316231d835a603d51665fafc6353d0.json,befcbbfe9edb605d61d9f48b8db0289d19a26697658b26b656b825cefeed063e,befcbbfe9edb605d61d9f48b8db0289d19a26697658b26b656b825cefeed063e,227,False
data/raw/tago_stops_nearby/2026-09-03/grid_61050a7a47dfb7f23353550ab5145276044dc2c9551f15cf4877ad786497540b.json,c6aa3cc9ba1becbe29548785fe7c9ba64804a9a0a57557b74b32db1ee6d93424,c6aa3cc9ba1becbe29548785fe7c9ba64804a9a0a57557b74b32db1ee6d93424,3992,False
data/raw/tago_stops_nearby/2026-09-03/grid_6120ad8d5b7414aa222edf345fb5b4c6e01ccda3d80fbff87a7734c438e76d36.json,78a7560ecbe4fb85a3553207c7787734bd8a2eddd32fcb9e53417c8ec1b0c024,78a7560ecbe4fb85a3553207c7787734bd8a2eddd32fcb9e53417c8ec1b0c024,3461,False
data/raw/tago_stops_nearby/2026-09-03/grid_618582197f9a9b04767c54f13d6e1132903ca7f1f805db6a6c7294faa35d5330.json,40a26a604dd1ebdcde55e2ab559bc536deba1e447977734bac88b343c18279ef,40a26a604dd1ebdcde55e2ab559bc536deba1e447977734bac88b343c18279ef,2304,False
data/raw/tago_stops_nearby/2026-09-03/grid_6192dfad6c6354ab22cdb61e341629b0478f8e16d6c4ed11476297eb65d5e627.json,5e250a8aba005c1d1e46e30b2be9262652693b20b2d23b627185b892b76b5ec6,5e250a8aba005c1d1e46e30b2be9262652693b20b2d23b627185b892b76b5ec6,3592,False
data/raw/tago_stops_nearby/2026-09-03/grid_61c657ea79426cad73c78143bd3c1baf1c08736e2443549de165cfd7428cc02b.json,befcbbfe9edb605d61d9f48b8db0289d19a26697658b26b656b825cefeed063e,befcbbfe9edb605d61d9f48b8db0289d19a26697658b26b656b825cefeed063e,227,False
data/raw/tago_stops_nearby/2026-09-03/grid_61edd82abe2aae6c4cae252de0550e3da467b93ef53d70cf955b060b4d37847c.json,cd03a62fb7a5c9d97ffea2fb109a40bdfb93f60e0a63d00c28f479f3580433e6,cd03a62fb7a5c9d97ffea2fb109a40bdfb93f60e0a63d00c28f479f3580433e6,6111,False
data/raw/tago_stops_nearby/2026-09-03/grid_61fbdb9d16a6264824d5fdf1e27406103aff36b629454f162dfe0f9974b17a80.json,0a396599b735c838e036effd0ab4f76070c99835c84cacee7f9109f806aa4a20,0a396599b735c838e036effd0ab4f76070c99835c84cacee7f9109f806aa4a20,2982,False
data/raw/tago_stops_nearby/2026-09-03/grid_6227357d20a78de7cf764cb6c38c136cce6c4c962b8c6ed44145d984fec5e84b.json,205d51708244e25be0af960eed54f1da55b30ed5d16f525fb01795a56aeff85e,205d51708244e25be0af960eed54f1da55b30ed5d16f525fb01795a56aeff85e,3462,False
data/raw/tago_stops_nearby/2026-09-03/grid_622c102cc34f0934bdd5149f61a690960e108bb1922a934315ff9fc49b7965a0.json,b842982c09993a675e4ce77092a833efeb8455f501cc21aa8c1221f7f8935650,b842982c09993a675e4ce77092a833efeb8455f501cc21aa8c1221f7f8935650,1773,False
data/raw/tago_stops_nearby/2026-09-03/grid_623fc048fdf971d14bd7fda437d0832ab73688207490285416c64ef59992f42f.json,21df1a69ac026d58a244bceaede967784d0487405d3cbef6d19bfa86ad55f5a3,21df1a69ac026d58a244bceaede967784d0487405d3cbef6d19bfa86ad55f5a3,1216,False
data/raw/tago_stops_nearby/2026-09-03/grid_624a58150ba31267c1f3b0007bb2dbbaae99f6a56ae384fcb64c2987b8f52c7e.json,56a5ce491b5dbf1415cc99c3663f8f822f3eaec0385023e2b40f89bee7f0810a,56a5ce491b5dbf1415cc99c3663f8f822f3eaec0385023e2b40f89bee7f0810a,2475,False
data/raw/tago_stops_nearby/2026-09-03/grid_62691e3151d7755b58234ef413bc4a7fcfcec43d4c6dcb71101631381d38738d.json,660cf1270b63f7f109ad667f51cb924683c49ccbc7cd36983c8979fb29fcda35,660cf1270b63f7f109ad667f51cb924683c49ccbc7cd36983c8979fb29fcda35,3446,False
data/raw/tago_stops_nearby/2026-09-03/grid_62767610c0df7d93dd5a1da2da26f2206cb73c5fc4e1716d1b34bcedbd4d1e75.json,a13d6bc420f7670c9938c97ec2971618e9aa6e5d2224bcee218417550b2feb5b,a13d6bc420f7670c9938c97ec2971618e9aa6e5d2224bcee218417550b2feb5b,1985,False
data/raw/tago_stops_nearby/2026-09-03/grid_6283273f1c1a887d219fe0fb942fc6a44a51fae3ccb91ea95c07eca68b84ff4b.json,65142ae36ce7f5b177ad64fea5b2033c947d113f03e928ac20c07ee9ffa62ae9,65142ae36ce7f5b177ad64fea5b2033c947d113f03e928ac20c07ee9ffa62ae9,2551,False
data/raw/tago_stops_nearby/2026-09-03/grid_62990de2a8dcbc2014ac0c3859cd8b46a729d693c35a87f783afb16b792dee9d.json,387439a0238e5ed6e7ce2ff5a9e1fa4aaaa35917a63f5baf7a7ebf7ae24142b3,387439a0238e5ed6e7ce2ff5a9e1fa4aaaa35917a63f5baf7a7ebf7ae24142b3,1253,False
data/raw/tago_stops_nearby/2026-09-03/grid_629918b0482d1195c8fac9fb5f934ad238c19e2693a5658b6d7e067ef2015172.json,2b606761fe8f0855abec11113ec318c21c71a9cfd4587c0a83ad9f232e95399e,2b606761fe8f0855abec11113ec318c21c71a9cfd4587c0a83ad9f232e95399e,1242,False
data/raw/tago_stops_nearby/2026-09-03/grid_62a7462547a372099f0c27bb936b119f7cead9d23fcda30b1fcf83167d4ac6b4.json,87f21add1b773389cef66f9604854edd1a6aec5f2bdeb8b2055d057979ee718d,87f21add1b773389cef66f9604854edd1a6aec5f2bdeb8b2055d057979ee718d,4053,False
data/raw/tago_stops_nearby/2026-09-03/grid_62b93ab1cad6ae2a12d555022ab44b220d1959df2895368a14780f01afc0ec08.json,82c0c8ea2fabe759bfea9b7120f0a5d114e0f8ac6db2cf32652f94fc94c8aa96,82c0c8ea2fabe759bfea9b7120f0a5d114e0f8ac6db2cf32652f94fc94c8aa96,2731,False
data/raw/tago_stops_nearby/2026-09-03/grid_62e1308d67791d5f11e8abd83a93978f1e08e5556c2903145a7d71dcfd22bc46.json,b0cb871721fcabc400e452b39e3b3bc493c78164c42c81ab490e54bbc466ce45,b0cb871721fcabc400e452b39e3b3bc493c78164c42c81ab490e54bbc466ce45,3517,False
data/raw/tago_stops_nearby/2026-09-03/grid_62e4cb286b4335d90993a1f305626afadd52ad81182bf86a99818d0dfdbef4f5.json,befcbbfe9edb605d61d9f48b8db0289d19a26697658b26b656b825cefeed063e,befcbbfe9edb605d61d9f48b8db0289d19a26697658b26b656b825cefeed063e,227,False
data/raw/tago_stops_nearby/2026-09-03/grid_62e5f939ae518d38bf9c835cd01684e669f8cce176d2ad9b578539bbe03e089b.json,2e0913ae16b7f3e3bf54cf032af9ea0ca5d4da58cb746926308b9e317e188da8,2e0913ae16b7f3e3bf54cf032af9ea0ca5d4da58cb746926308b9e317e188da8,3609,False
data/raw/tago_stops_nearby/2026-09-03/grid_633bf02e6490d641a6a72835a24fbf63ce1b58e48e192bea647b31af4b43e9b1.json,52b324e71b1143f89de9b5d5a51a251d9d4bd25e594c0309f0908cda78d474a4,52b324e71b1143f89de9b5d5a51a251d9d4bd25e594c0309f0908cda78d474a4,5445,False
data/raw/tago_stops_nearby/2026-09-03/grid_6383f80f2b12c0c64a31b63cf10095bb481baf83b256a61dfe765851683d0c74.json,807b1f063f385ac688587a87f301f27449eca59ff1fd7a4338829672f4eddc24,807b1f063f385ac688587a87f301f27449eca59ff1fd7a4338829672f4eddc24,3769,False
data/raw/tago_stops_nearby/2026-09-03/grid_63a444a94cef22cfe66eb25df5214a7852602fe8d4f5c8008e2266f2c5cfe45d.json,8f579cdd182e21ee09c3dcb34c9b623c3efe46d0659781bd802e92b3ddca4f35,8f579cdd182e21ee09c3dcb34c9b623c3efe46d0659781bd802e92b3ddca4f35,1238,False
data/raw/tago_stops_nearby/2026-09-03/grid_640696722d35dca1c4a6d9e71a06bbb5a63b70dc67e68428b538259d1dc38f44.json,a6a35af5a0ae3df982595ff93e6cd8cf99ad2e64ff043c1966e66ff852ee57f2,a6a35af5a0ae3df982595ff93e6cd8cf99ad2e64ff043c1966e66ff852ee57f2,4089,False
data/raw/tago_stops_nearby/2026-09-03/grid_64168f08151534b41b5f5ef4dfbd8eac8a5adc48c0a35b5976c24f672b604fe7.json,7b5c2d7e62eabd24d5788bdd5325fed9dd294a49a0cf857bf17816d138d9417b,7b5c2d7e62eabd24d5788bdd5325fed9dd294a49a0cf857bf17816d138d9417b,4329,False
data/raw/tago_stops_nearby/2026-09-03/grid_641ddd9abc8a47b8ca440d8877d049f244aeb92c0ea675a3cf9b65cfd1fcc53b.json,befcbbfe9edb605d61d9f48b8db0289d19a26697658b26b656b825cefeed063e,befcbbfe9edb605d61d9f48b8db0289d19a26697658b26b656b825cefeed063e,227,False
data/raw/tago_stops_nearby/2026-09-03/grid_642ad078b19c786b47e270d875e8310365c3bac46ca88fa76ef97d970f1947df.json,7ba46d351d8ec027a78fc3b953e3a115e2f434f20752d6e11b921e9b93c9f530,7ba46d351d8ec027a78fc3b953e3a115e2f434f20752d6e11b921e9b93c9f530,3018,False
data/raw/tago_stops_nearby/2026-09-03/grid_644390dea959c03f13f61da47220598b93cbc806d9511805363ce73c1ebbb53d.json,d9a2043be2ca1672231f16d80cfa714a86f80575f62c2cb208e32a1f0943397c,d9a2043be2ca1672231f16d80cfa714a86f80575f62c2cb208e32a1f0943397c,2056,False
data/raw/tago_stops_nearby/2026-09-03/grid_6470f6715b3538f920173122cd91ea84bba969f8f0e69801e2557648ff4c3ca9.json,e54abdb88002e3c153da81102ddc5a12a5e7dca87f6e7f91c1866f8eed4c3c48,e54abdb88002e3c153da81102ddc5a12a5e7dca87f6e7f91c1866f8eed4c3c48,3061,False
data/raw/tago_stops_nearby/2026-09-03/grid_6477da472805ea34ae86da7bf6a39620e932d831cea7afa5e2ebdd6d165bd795.json,b6496d15d25fc9b44c8ba81d5735d429534641f6e5df8a38e3aa4c62fa601586,b6496d15d25fc9b44c8ba81d5735d429534641f6e5df8a38e3aa4c62fa601586,763,False
data/raw/tago_stops_nearby/2026-09-03/grid_64c2db6ec4e876115ce7e19febc223529db19545e6c45892b9a0734826dc9f53.json,90d34b24e85e5fbc2df2bc1156d402c63084818729c0309f4d679a32c378539d,90d34b24e85e5fbc2df2bc1156d402c63084818729c0309f4d679a32c378539d,3017,False
data/raw/tago_stops_nearby/2026-09-03/grid_64c7bd8c33b4d2275f6e0c4f421c42b740b8a9555defefc449137ff40c6d9912.json,b5cd164f79fa5f178036da57a3fcf62c08283876764b8b1d520bf3b0990bfa03,b5cd164f79fa5f178036da57a3fcf62c08283876764b8b1d520bf3b0990bfa03,738,False
data/raw/tago_stops_nearby/2026-09-03/grid_653d038002b59ed50a2c03f10d6ea8bbf3feaa7e510dffd5e530c9642f088165.json,befcbbfe9edb605d61d9f48b8db0289d19a26697658b26b656b825cefeed063e,befcbbfe9edb605d61d9f48b8db0289d19a26697658b26b656b825cefeed063e,227,False
data/raw/tago_stops_nearby/2026-09-03/grid_6563ea45da510f89c42e5d8ad8649d5cfb2dbee76609bc7f949d20a6b3a03127.json,30e347c93f097f7a2fae9bd0cfdb9b34f204ec28bdb3e921bc920fe1254e4fee,30e347c93f097f7a2fae9bd0cfdb9b34f204ec28bdb3e921bc920fe1254e4fee,4777,False
data/raw/tago_stops_nearby/2026-09-03/grid_658c185203e8b27fce2738af3e66c4bcade02bf440366ebdb55d44297a3f1706.json,cac275b24c75427302af9904325cd74410b7f41b95d955aa5f7d8d111dba9072,cac275b24c75427302af9904325cd74410b7f41b95d955aa5f7d8d111dba9072,5644,False
data/raw/tago_stops_nearby/2026-09-03/grid_65a87e110bdaaae8585dee9e1b4308931fbf3b5e8e1480c98c8d9a6615ec260e.json,d7e3f02d1bd316411586dda67c17603a326d72cf64ef1ab63961c9b4aafeca07,d7e3f02d1bd316411586dda67c17603a326d72cf64ef1ab63961c9b4aafeca07,3488,False
data/raw/tago_stops_nearby/2026-09-03/grid_65f08a3978906f278c249b8bcc23c325c86a7764533960272abd1ee038f7dcbe.json,cfb3e1d9683e4cb8d63da960a5dbd9cd8814454cce5e61364923b34c903021cd,cfb3e1d9683e4cb8d63da960a5dbd9cd8814454cce5e61364923b34c903021cd,5878,False
data/raw/tago_stops_nearby/2026-09-03/grid_663dccd8346ef2005086ac420105a94f365dd848a86d5d58fcf6fcaa9af8dc50.json,bce310f343e4a24a3b7b4f9c44488277cbba694913c1b31206d2bac0e18a450b,bce310f343e4a24a3b7b4f9c44488277cbba694913c1b31206d2bac0e18a450b,4952,False
data/raw/tago_stops_nearby/2026-09-03/grid_667707bc80821fef8731803bf7e66b91f56afeb2025ad0d17924bb83b09c2582.json,c7cf52b6984e9d839d76cb38a22259f182bce7020fb71014bfb1a6fd9065ec94,c7cf52b6984e9d839d76cb38a22259f182bce7020fb71014bfb1a6fd9065ec94,3244,False
data/raw/tago_stops_nearby/2026-09-03/grid_668763e483d2c02dbc739fa84da5ed076e83fb5f0231c986027d44618cd2c2a2.json,befcbbfe9edb605d61d9f48b8db0289d19a26697658b26b656b825cefeed063e,befcbbfe9edb605d61d9f48b8db0289d19a26697658b26b656b825cefeed063e,227,False
data/raw/tago_stops_nearby/2026-09-03/grid_6690b008296245771b540e3d9664b9b5049fd30d5248cca5aa457b990e391050.json,efd97c0a762843231235a9a1c968de74e5d88b6009366583d0c348e89b3b90e1,efd97c0a762843231235a9a1c968de74e5d88b6009366583d0c348e89b3b90e1,4630,False
data/raw/tago_stops_nearby/2026-09-03/grid_66a7084815f10125586c015d26213040e0d9bd0e75be50d9a93fb6f916c04c41.json,21e7440c639633b950cc81167d2a8f10843c9255179765b69f913f40d9054677,21e7440c639633b950cc81167d2a8f10843c9255179765b69f913f40d9054677,4731,False
data/raw/tago_stops_nearby/2026-09-03/grid_66b1acefbd394c24574d6945736a4f86cab2915deaabef44bd001401c4909b8a.json,d95aa56c634b0d0550aa3e3bcef3f289c262e7f5befd5ee3f3445d161d36b817,d95aa56c634b0d0550aa3e3bcef3f289c262e7f5befd5ee3f3445d161d36b817,2260,False
data/raw/tago_stops_nearby/2026-09-03/grid_66b627dc7363976e212f05eb252d38ff36cea6b3fbb8332edd753f4892ae0cd7.json,ea9469bef2b5fcd7f547bb07b808a39c32863f0ec46f0abf183b420c111a43cb,ea9469bef2b5fcd7f547bb07b808a39c32863f0ec46f0abf183b420c111a43cb,2490,False
data/raw/tago_stops_nearby/2026-09-03/grid_66cc541dc58e0d38084c689a4718ec5c51ba960829a08babf175562c838e7677.json,7169e2b323cb5666a86d9456423325c27d7a9d8eaae8e623929a6f4537da5346,7169e2b323cb5666a86d9456423325c27d7a9d8eaae8e623929a6f4537da5346,3933,False
data/raw/tago_stops_nearby/2026-09-03/grid_66f95708ff8d74d9bb600440ad86e2b32d43dd4802e91c90b3d7389d7870d04d.json,081ca9c0ede0da375fa91b259b28a77d4e58ae2e690a8c9aafedfb5c04baf381,081ca9c0ede0da375fa91b259b28a77d4e58ae2e690a8c9aafedfb5c04baf381,2821,False
data/raw/tago_stops_nearby/2026-09-03/grid_672c5c0d6c84390343d1ad8762464c6a4f9de78f893b396a316476e5b0e98b2a.json,1a91771b03f8d935dbd456a33f70abdb10fe0d4726411e7bd4046a5a5532c205,1a91771b03f8d935dbd456a33f70abdb10fe0d4726411e7bd4046a5a5532c205,4192,False
data/raw/tago_stops_nearby/2026-09-03/grid_67414eb378fc51c54e7cc5e5403b1e8c6b29023e8a5b8ae6258c27cbe8a49176.json,b31327245af052a19cfb584acabe0d2430b0bb8fd0227f1ca57464b2efab19e6,b31327245af052a19cfb584acabe0d2430b0bb8fd0227f1ca57464b2efab19e6,3447,False
data/raw/tago_stops_nearby/2026-09-03/grid_67468f9fc03c70a63fd877617ef3b200bba8cbec5c52b0446cf8f441724d729e.json,befcbbfe9edb605d61d9f48b8db0289d19a26697658b26b656b825cefeed063e,befcbbfe9edb605d61d9f48b8db0289d19a26697658b26b656b825cefeed063e,227,False
data/raw/tago_stops_nearby/2026-09-03/grid_674ad7fc4ba94e5711795e8b3ecc6966bf22286c0c5a44dfda4d45da0bcebb24.json,deb59f088efaab188d513fd60ccc6658ba672d00b3459720f45aeff451551350,deb59f088efaab188d513fd60ccc6658ba672d00b3459720f45aeff451551350,2982,False
data/raw/tago_stops_nearby/2026-09-03/grid_6752e0f2ad67d503c71be8449fbf6ba5a59a9752d747dcbad153612aba69d39c.json,3b2206c2ef5d6d6a6e16c8c5ad02e188136193eb76b812a1e32e225787699ee2,3b2206c2ef5d6d6a6e16c8c5ad02e188136193eb76b812a1e32e225787699ee2,3937,False
data/raw/tago_stops_nearby/2026-09-03/grid_6777357dd9a4fedae4258186fdc27b2ceed26a9151d408a533a0d823fe15c01f.json,3c02ad8186bbc60379de5160161e4419f08a6e51e054997abaf3041313181da0,3c02ad8186bbc60379de5160161e4419f08a6e51e054997abaf3041313181da0,4423,False
data/raw/tago_stops_nearby/2026-09-03/grid_67b6c92ef5802b3676ce9c8d31da4895f564040f5bc329bfedd2d99049e540e5.json,68df898dfacfc78d6405e70159f912b161b7e89c9287c2d87f1dc76701111fab,68df898dfacfc78d6405e70159f912b161b7e89c9287c2d87f1dc76701111fab,762,False
data/raw/tago_stops_nearby/2026-09-03/grid_67be69b1984e533ccbd6c1d090edca76c6e8881b9d53e9bb8cc58d44ad9e1369.json,f955c06e82bde79cc8a807adff6d84e35cdf73538b93fe76867b7cb9d4ad3192,f955c06e82bde79cc8a807adff6d84e35cdf73538b93fe76867b7cb9d4ad3192,3713,False
data/raw/tago_stops_nearby/2026-09-03/grid_67eb2c8b115c6e327972539d8afd93cb1a1a6ca546271042fc8032d46af84f2a.json,f304ef26f60a4907ba8ae5254b3ab5de01555c5be237f426e7e971848ea23dea,f304ef26f60a4907ba8ae5254b3ab5de01555c5be237f426e7e971848ea23dea,1852,False
data/raw/tago_stops_nearby/2026-09-03/grid_680e90615661ad09392685a1ae8e02fc402e88e39b72dd632138d866ac7d4451.json,54fa5ab03fdfff3f20e83b86d128843b654961a3e8f0c312e71a67ce9baae698,54fa5ab03fdfff3f20e83b86d128843b654961a3e8f0c312e71a67ce9baae698,4730,False
data/raw/tago_stops_nearby/2026-09-03/grid_6860307c3086ad7df41b7ebd531e6cab114e048da10ef4fb6188589af6837c04.json,7a9fb4b776dbaa3f4ee88f91039dd2e5c07b39489bc632fe7fb46cc84f9945c7,7a9fb4b776dbaa3f4ee88f91039dd2e5c07b39489bc632fe7fb46cc84f9945c7,1238,False
data/raw/tago_stops_nearby/2026-09-03/grid_687cf81c9c33605837ec9ec58cfab60bae901eb872f59fe0456a2d2c683cc633.json,9f2f32d85e3d281ff99ba82014ec4d66f4ba72d96369b47de2aaf1a370702a08,9f2f32d85e3d281ff99ba82014ec4d66f4ba72d96369b47de2aaf1a370702a08,3310,False
data/raw/tago_stops_nearby/2026-09-03/grid_687e0bb7afb165d4c95c36ec407f6519fc56d333cc9f1490d303c680c5b0b11d.json,c444468704153002a160f3b9dd27262357ec1c8891a8508ce4c6abedec95ab86,c444468704153002a160f3b9dd27262357ec1c8891a8508ce4c6abedec95ab86,2646,False
data/raw/tago_stops_nearby/2026-09-03/grid_68b5a9b53b488eb8a8e8bd8b9d48ee499dc7832aabbd7511830958d944c29f82.json,91c39f55dfd77ba2148021466707e55864e6c217fddac103b6899c99378ec46f,91c39f55dfd77ba2148021466707e55864e6c217fddac103b6899c99378ec46f,4775,False
data/raw/tago_stops_nearby/2026-09-03/grid_68dabe35b18c254c050d9d72ab57fe7b48f1486e1ebde72425a0adbc4a17568e.json,ba287f4f9e2cbaf7769cfd3eb760bdde920d05523e8ebc51f284b19ac6a58b8f,ba287f4f9e2cbaf7769cfd3eb760bdde920d05523e8ebc51f284b19ac6a58b8f,3217,False
data/raw/tago_stops_nearby/2026-09-03/grid_68dcc703a600d9ef63c15df78d1fe81c76c1977babcca089991512a9a572fd76.json,d3aec77e6f1e6e43d6a0a21beee072ecd965dbf79f42cfb848e192ae038b0dda,d3aec77e6f1e6e43d6a0a21beee072ecd965dbf79f42cfb848e192ae038b0dda,2219,False
data/raw/tago_stops_nearby/2026-09-03/grid_696597c1c750381bd004b2b9f3dc72f68dcac77bc3021bc5ca757ad9880fe710.json,384267f2c7d157457f47a8da3cf648f3f0abcc48fd60dc2324d52dc891c44f5d,384267f2c7d157457f47a8da3cf648f3f0abcc48fd60dc2324d52dc891c44f5d,1600,False
data/raw/tago_stops_nearby/2026-09-03/grid_69859bc3a6b9a7ccbf6d4a0ecf611b5d42dbb2ad9bbfea4a3c08a834bd8813d4.json,727eaa8d5eb3075faa5dfb6072f4cdfd7b7c48e82673e5235df9aaf04b999992,727eaa8d5eb3075faa5dfb6072f4cdfd7b7c48e82673e5235df9aaf04b999992,3547,False
data/raw/tago_stops_nearby/2026-09-03/grid_6999cc9056b2b951c931a66128e804e83ad3a2cf8fc5685069911c419d1ac5a0.json,3b244084687c10ec1ee1eac4424c409d30ca550379a76d02336259756d2875ff,3b244084687c10ec1ee1eac4424c409d30ca550379a76d02336259756d2875ff,4049,False
data/raw/tago_stops_nearby/2026-09-03/grid_69c17f740863a4d63b440707292157c78dc23eb40343f76a677b4c40ab04b3ba.json,3609747613a928d83a2d31e841a2300c43a53480af307b86f9c57971a626a52c,3609747613a928d83a2d31e841a2300c43a53480af307b86f9c57971a626a52c,6738,False
data/raw/tago_stops_nearby/2026-09-03/grid_69ca2972600874e5e2d4f5308a15ad6bbe8620121deb7cec54c6e9588e25aa9d.json,368aaeff9d4ce78b9956d8a22ae4adde86b1d2208a92541ed08eeab3cd472a19,368aaeff9d4ce78b9956d8a22ae4adde86b1d2208a92541ed08eeab3cd472a19,1220,False
data/raw/tago_stops_nearby/2026-09-03/grid_69e99e4a6894f3d8cfec9e1593221c77a019999cf9e3eba86ab83e7ca9d8c883.json,d312ea1f58e4c117741d99848452307b8058219004be9d13204d7047abfb401f,d312ea1f58e4c117741d99848452307b8058219004be9d13204d7047abfb401f,4362,False
data/raw/tago_stops_nearby/2026-09-03/grid_6a22f7c46c209f86d4f6276e457050f2908454124ec6495a34ad94b701160289.json,728b253972b10595f8338791b35380857cf3ca114c2bf6744315e99833789bc3,728b253972b10595f8338791b35380857cf3ca114c2bf6744315e99833789bc3,3084,False
data/raw/tago_stops_nearby/2026-09-03/grid_6a297886f5f32825d97a6f712932bf7a428bbc5c22561eb718f8d56e4ce7bc17.json,d709754b6816da89d83053458e145d6d84e6002df8f1779b2883cc9629d39afd,d709754b6816da89d83053458e145d6d84e6002df8f1779b2883cc9629d39afd,2674,False
data/raw/tago_stops_nearby/2026-09-03/grid_6a733f0447b80a482140481269c92b9da3109cdc8f134fc2068564886f38728c.json,a7cffb967aa9a68da59c9acf71b72e5527e06fa52d949254acfa9e116cd73a04,a7cffb967aa9a68da59c9acf71b72e5527e06fa52d949254acfa9e116cd73a04,2256,False
data/raw/tago_stops_nearby/2026-09-03/grid_6a900c2578be3b6ced55418fb0315c1473b0f9bab548f2aad2b664a6216a41c9.json,ea48ba614d212f4f8eb95eb324ee5f0dad86fd5ba39de3373631c383e27ce08c,ea48ba614d212f4f8eb95eb324ee5f0dad86fd5ba39de3373631c383e27ce08c,4255,False
data/raw/tago_stops_nearby/2026-09-03/grid_6aadc469729fcd6f736bd272dea053837214e8622bb0cfa8c2935d490e755fc2.json,befcbbfe9edb605d61d9f48b8db0289d19a26697658b26b656b825cefeed063e,befcbbfe9edb605d61d9f48b8db0289d19a26697658b26b656b825cefeed063e,227,False
data/raw/tago_stops_nearby/2026-09-03/grid_6ab929ad07744d781670a14fb4b8bb580798c6fc214a3a97f8c5fdfa93b47114.json,befcbbfe9edb605d61d9f48b8db0289d19a26697658b26b656b825cefeed063e,befcbbfe9edb605d61d9f48b8db0289d19a26697658b26b656b825cefeed063e,227,False
data/raw/tago_stops_nearby/2026-09-03/grid_6ac90055855ae7c9cffdb259c989fe8e67e0950059bbcd181f140a0606a26028.json,732ab90e81a02836206deeae275e088690e4b98f20303ee9bd8ecb358cda47dd,732ab90e81a02836206deeae275e088690e4b98f20303ee9bd8ecb358cda47dd,2193,False
data/raw/tago_stops_nearby/2026-09-03/grid_6aed1a4a0d73be53879377e9d48e834ff984511c8687a71c9759a5b3e3548ba1.json,28bc5ede2cc2e58bc82975df1ab3d6e60e215ec26b6914ba243cca115e7f97b6,28bc5ede2cc2e58bc82975df1ab3d6e60e215ec26b6914ba243cca115e7f97b6,3296,False
data/raw/tago_stops_nearby/2026-09-03/grid_6af19bcbda8f8f5805e082ac9f2a610ae31e6ffd6c7ce6820d6b91864024d38c.json,2b4fd8b3d6c7e69939bb701859d2831e4d73fc041256320e1d337938c5ff72d5,2b4fd8b3d6c7e69939bb701859d2831e4d73fc041256320e1d337938c5ff72d5,1271,False
data/raw/tago_stops_nearby/2026-09-03/grid_6b168a42753831248574522819fcf3e2e3aa7cf7b60b547591cdd55f6072f852.json,63661088796c6e5e1f1dc4ea3638c807f38ee2eda31b60c1a898ca0db3a7c8e5,63661088796c6e5e1f1dc4ea3638c807f38ee2eda31b60c1a898ca0db3a7c8e5,4471,False
data/raw/tago_stops_nearby/2026-09-03/grid_6b175ad08312ea012009e0f217af5be952c04c3c750038cfb8e539099ae6134d.json,da55661cd3e84c4e4da87cd27e85f29c4c9438a17c8e245c68a9babd01068f0b,da55661cd3e84c4e4da87cd27e85f29c4c9438a17c8e245c68a9babd01068f0b,6189,False
data/raw/tago_stops_nearby/2026-09-03/grid_6b230c50f30f80a1de697c058338b7cc0a482b088c2d29a08511f96b802ddb85.json,b4ae539c39717c0d75461f93459ea6d7525a0ac62db0923a50fef5e92b52e7c7,b4ae539c39717c0d75461f93459ea6d7525a0ac62db0923a50fef5e92b52e7c7,1359,False
data/raw/tago_stops_nearby/2026-09-03/grid_6b452267d32cb5b90907718505cdf64394f6e067b01861a0f7cc9594bef32328.json,c1a4a8ab46f0935c33f634b3be9a1d3c90bae4d27d460c2cc8a3f5ea56eb53d2,c1a4a8ab46f0935c33f634b3be9a1d3c90bae4d27d460c2cc8a3f5ea56eb53d2,4259,False
data/raw/tago_stops_nearby/2026-09-03/grid_6b4e2834ed9ae212f0f6633792055842240cfeb0a84dd877a0d2e60befec69a1.json,9a728b54482073014b8a674bf1a9fe8d03934e894eaafaec2fe3cf64669f7a50,9a728b54482073014b8a674bf1a9fe8d03934e894eaafaec2fe3cf64669f7a50,5997,False
data/raw/tago_stops_nearby/2026-09-03/grid_6b8b7a7ba74d2a5bd143a0af4ee8ddc4e87d258efc14abd408b415b110d6c33c.json,c5bcd051eb8d71a18cd42dd9b68fc5db76e4d6c30bc332fa57bf082b8feb9187,c5bcd051eb8d71a18cd42dd9b68fc5db76e4d6c30bc332fa57bf082b8feb9187,2338,False
data/raw/tago_stops_nearby/2026-09-03/grid_6b8c714d44d3c6c54d0ea5c06be7bd2b8705d4ef250aa4621a40b4849f33359c.json,952c5b7f26c8aa72eb220292bbd600ad32ec950bb5437a49766e044e66e91ae2,952c5b7f26c8aa72eb220292bbd600ad32ec950bb5437a49766e044e66e91ae2,2999,False
data/raw/tago_stops_nearby/2026-09-03/grid_6bdb3de740d7c284756a8333e7b1da57b599e48ee6d28b4bd93b4dd382796043.json,1280c091ccf7626677ec71c0f2f866b17fa8ade7fac497895bcb2deade300bc2,1280c091ccf7626677ec71c0f2f866b17fa8ade7fac497895bcb2deade300bc2,4887,False
data/raw/tago_stops_nearby/2026-09-03/grid_6bfaabb0b419f09e614e76ff9d0bde173ddf983f43ddf2a586549d93c114d4a3.json,954d1e1b0924b3121336e35376774028f4f1b3e665bfb722936913653784e878,954d1e1b0924b3121336e35376774028f4f1b3e665bfb722936913653784e878,1731,False
data/raw/tago_stops_nearby/2026-09-03/grid_6c2bbc81c3cd2b74ca829e76ffa024a16f8128ccd46705e5548d489a3aab08df.json,b7855ad822fde28902227f2fc06dd5d1c43639dbdeca724d1966ce241ea60bbe,b7855ad822fde28902227f2fc06dd5d1c43639dbdeca724d1966ce241ea60bbe,2991,False
data/raw/tago_stops_nearby/2026-09-03/grid_6c5b4efaad6d76452ade073d93442fc33bf48366baea06184047f36a48d078ae.json,9feb068531cee40f4050b499a6df39cbbf62f45fc6557a7ad67add46ac1cb258,9feb068531cee40f4050b499a6df39cbbf62f45fc6557a7ad67add46ac1cb258,3887,False
data/raw/tago_stops_nearby/2026-09-03/grid_6c670edec1b3069d53fda2709b968c8c9b4fb809cf07b00f9be57002a87a016b.json,efcc60d69068b7394d65cec1d38b8c14f179cb4c29150715fb2785875ce4d2cb,efcc60d69068b7394d65cec1d38b8c14f179cb4c29150715fb2785875ce4d2cb,1795,False
data/raw/tago_stops_nearby/2026-09-03/grid_6c69aec2d20bb5ecba0a72b2551969690078b4bab9fa736af4d6ef8f48cbfdeb.json,8bb841f821451de96c7a34145aa33ccf7d06e8cd319478dc441ccd76487d5e5b,8bb841f821451de96c7a34145aa33ccf7d06e8cd319478dc441ccd76487d5e5b,1280,False
data/raw/tago_stops_nearby/2026-09-03/grid_6c69cc023c78ba2f9d7d22c1bd6a81b4a0b94663e595fd2c097ec9d3bfbb7110.json,fc171785509eeec17aea3d0183408c2c1a8ee6002fc9fc110d00cd4b540093cc,fc171785509eeec17aea3d0183408c2c1a8ee6002fc9fc110d00cd4b540093cc,2747,False
data/raw/tago_stops_nearby/2026-09-03/grid_6c8b64601f2a8a41fc7b56637809da77775f819c7bb1b11187ad0ac4ce2e5cca.json,eb2cb468b712db2b8beec492ed86190dffd1fd63379d1d31b45d88f41d3cf4df,eb2cb468b712db2b8beec492ed86190dffd1fd63379d1d31b45d88f41d3cf4df,3001,False
data/raw/tago_stops_nearby/2026-09-03/grid_6c9862e53c18bee64ab210ab79150feb1b3260cda90ca7741a710aa35fa8df80.json,d2543a8c43ae6351443ce1579c1724d69882cc2b831a2a1e0887b2bafac52355,d2543a8c43ae6351443ce1579c1724d69882cc2b831a2a1e0887b2bafac52355,1638,False
data/raw/tago_stops_nearby/2026-09-03/grid_6c9bd17c7ec154dc26f9ce04539c8bb7f35e00d805f3d4ae772a83a42fbc417c.json,1dc92be488d0af938decae27b35b0c4b8ae308eecb0f255ae391189eadcb8c42,1dc92be488d0af938decae27b35b0c4b8ae308eecb0f255ae391189eadcb8c42,1219,False
data/raw/tago_stops_nearby/2026-09-03/grid_6ca0f2927d7c7854974685e5641a76dd364236747dd283d648138d1c1bfe0835.json,ff08d4d49aff05299299d95fdd394b704d799345662914c8c228b27c3210d155,ff08d4d49aff05299299d95fdd394b704d799345662914c8c228b27c3210d155,5275,False
data/raw/tago_stops_nearby/2026-09-03/grid_6cb3a407b30b5eb4384057757acea030ebee2c9f6d78196a48520cbe3c2687a5.json,6c70b4e187e17a3e1829ab2dd1a75bb074982f67a1b18674943d380483f419c7,6c70b4e187e17a3e1829ab2dd1a75bb074982f67a1b18674943d380483f419c7,3296,False
data/raw/tago_stops_nearby/2026-09-03/grid_6ccfff6cf3ef1c94428148fab64eb49803529a09943da15d723175ed2c78401f.json,82acb175c5a5262305c7c4c9198d99faca23e1293f15b6bb54921dc1b511f44a,82acb175c5a5262305c7c4c9198d99faca23e1293f15b6bb54921dc1b511f44a,5816,False
data/raw/tago_stops_nearby/2026-09-03/grid_6cdae21e1f45f075c94c7fdf545b99f1fdc7f2f3f9c420a6d46ab86cef39300e.json,befcbbfe9edb605d61d9f48b8db0289d19a26697658b26b656b825cefeed063e,befcbbfe9edb605d61d9f48b8db0289d19a26697658b26b656b825cefeed063e,227,False
data/raw/tago_stops_nearby/2026-09-03/grid_6d02d951675f64d47ff8c75119af08afcf96e6359c06a9a67a75826d0e6524cf.json,befcbbfe9edb605d61d9f48b8db0289d19a26697658b26b656b825cefeed063e,befcbbfe9edb605d61d9f48b8db0289d19a26697658b26b656b825cefeed063e,227,False
data/raw/tago_stops_nearby/2026-09-03/grid_6d09d335b82c4596612cdb9432a01af340e8c977e37bfd1b38880c00d16b9a27.json,bcde1a97e645758f9598139f2e90462352426b946361e61685f84d2853098329,bcde1a97e645758f9598139f2e90462352426b946361e61685f84d2853098329,1255,False
data/raw/tago_stops_nearby/2026-09-03/grid_6d4c52b6e1c4fd81ab2fd9d0784488d117f3c92cc6f367839dfc713f4be76186.json,821ab16e4bd46279976b695aed114730e0bb318c90526354daec4b55df0a7f73,821ab16e4bd46279976b695aed114730e0bb318c90526354daec4b55df0a7f73,3983,False
data/raw/tago_stops_nearby/2026-09-03/grid_6d75f377da9fd566b9b5e0dfcf0906f2473abe13955c854062c8f93c3a454463.json,c54d862affbe35883c568946efa2c9ea55bcd8f67f0c8245ae876d99b7d89f2a,c54d862affbe35883c568946efa2c9ea55bcd8f67f0c8245ae876d99b7d89f2a,4718,False
data/raw/tago_stops_nearby/2026-09-03/grid_6d7c7412d113ea96ccf4041c2e7af5c5e98b4db667056f6c2c071c9affee16c4.json,d5b19a439f2aa49cb4ab3ba48339a1cd3655f5edfa8abd1c7edf861ba193e355,d5b19a439f2aa49cb4ab3ba48339a1cd3655f5edfa8abd1c7edf861ba193e355,4569,False
data/raw/tago_stops_nearby/2026-09-03/grid_6d868cdf080a2c3a87b3df83e9ba30096b0f1a82b2e87b21be1143bd3974de74.json,e83e15c91702fa750672b6b59604f522798f8633c26bd01f527d59048a6fce5c,e83e15c91702fa750672b6b59604f522798f8633c26bd01f527d59048a6fce5c,4145,False
data/raw/tago_stops_nearby/2026-09-03/grid_6dadd361d5fc406892be59c2180ddbd9caeacfccb54d9739abaef1854a1876e1.json,9426c9c1f29fd64a4f1514b7dbefe4d1c7a8a3b37542427352057675800f480d,9426c9c1f29fd64a4f1514b7dbefe4d1c7a8a3b37542427352057675800f480d,3930,False
data/raw/tago_stops_nearby/2026-09-03/grid_6dd50f4c227e609abda7ae3fb1c201fc33764a368e60332456a3da598bc4a508.json,befcbbfe9edb605d61d9f48b8db0289d19a26697658b26b656b825cefeed063e,befcbbfe9edb605d61d9f48b8db0289d19a26697658b26b656b825cefeed063e,227,False
data/raw/tago_stops_nearby/2026-09-03/grid_6df1806d3ab078f2c981e4eb6659f5d936d3948818e0b6ac634b7003d15d6217.json,f4a6e3c051d5e5a8f43652fd1d6e6ea039425bfeaeaf4f4ec9ef601a1b1dd679,f4a6e3c051d5e5a8f43652fd1d6e6ea039425bfeaeaf4f4ec9ef601a1b1dd679,1246,False
data/raw/tago_stops_nearby/2026-09-03/grid_6df8419604161945e282e7bb59dba896ff5f4f7fb1dd9185054ba5d0529e36f0.json,befcbbfe9edb605d61d9f48b8db0289d19a26697658b26b656b825cefeed063e,befcbbfe9edb605d61d9f48b8db0289d19a26697658b26b656b825cefeed063e,227,False
data/raw/tago_stops_nearby/2026-09-03/grid_6e11e05eedfb4201bfd9a3720fb977b4da41ca20e5f8f80f69d71a14f2bc928b.json,47fa434323c04f89dfee01547fb8eaea296244af5260da8a85c1367b5ef35536,47fa434323c04f89dfee01547fb8eaea296244af5260da8a85c1367b5ef35536,3460,False
data/raw/tago_stops_nearby/2026-09-03/grid_6e416b11eeb73e292bad3ee94c0ce5ec5e98d5e97412ed4e00a224951c5f1085.json,53904ae3349471f8711332f20b06e4000eaae0ea7a60020d7a20867e759ce237,53904ae3349471f8711332f20b06e4000eaae0ea7a60020d7a20867e759ce237,2748,False
data/raw/tago_stops_nearby/2026-09-03/grid_6e48609ce2c41664ec47837982aa950b1a20f447e99a456742f482f183306b6b.json,545f136b118d2c422c5445429270911a6c274e2b6ce1ab13d9606dd25c251684,545f136b118d2c422c5445429270911a6c274e2b6ce1ab13d9606dd25c251684,2967,False
data/raw/tago_stops_nearby/2026-09-03/grid_6e4b60cdacdd75e063879a95493ec23931bd3f36ccb808e4ca2ab43cf55199e2.json,338fb820509c688689c2302c6dd9a52098e7a3d80dd96e7a5020279f2edbdfbd,338fb820509c688689c2302c6dd9a52098e7a3d80dd96e7a5020279f2edbdfbd,3028,False
data/raw/tago_stops_nearby/2026-09-03/grid_6e6a3fe64e5faf3772867ff486a65938122f5548d298bf116ff79d43b10f1228.json,ba494e8e6387749036c1627fa61fca313ecadbf9dcb8998fff0975a866c581b8,ba494e8e6387749036c1627fa61fca313ecadbf9dcb8998fff0975a866c581b8,6150,False
data/raw/tago_stops_nearby/2026-09-03/grid_6e8162f999390510d897dc4c98a955c3ea478474ba28f9f37633d1ca3d6b8a9a.json,1d95c481ee8d4a4c122e0823d415c666761a14bfbf29cf18dfdc1acf560a902d,1d95c481ee8d4a4c122e0823d415c666761a14bfbf29cf18dfdc1acf560a902d,2234,False
data/raw/tago_stops_nearby/2026-09-03/grid_6ec3eda0df8990aa85caf3ae879bdf0a9a39ec669e5aa4e8583cca8c4f502901.json,5a9ff1ff464ed0803c950d616f96081b87f0de1d30873b836223f278c9dfc3bf,5a9ff1ff464ed0803c950d616f96081b87f0de1d30873b836223f278c9dfc3bf,2179,False
data/raw/tago_stops_nearby/2026-09-03/grid_6ef92ad47f4e448b754e7fe54705920e30abf7d1eb71df9351f72d7fb0d0b631.json,5ad4a7096bebd5640af2a25cbba841254c601b3f30e5dd8675ba9876af436fb3,5ad4a7096bebd5640af2a25cbba841254c601b3f30e5dd8675ba9876af436fb3,3010,False
data/raw/tago_stops_nearby/2026-09-03/grid_6efed9f862e07907cf89c6680a8a08611aa03bd9743ac0f21c80a22e7009d0b2.json,3d1d609461115a915b42e8fa0629d6d55d479aadc6c25179709b3070d7886db3,3d1d609461115a915b42e8fa0629d6d55d479aadc6c25179709b3070d7886db3,471,False
data/raw/tago_stops_nearby/2026-09-03/grid_6f208a28520f6553530d48b02fa07de063211d353cb22e85335a5fc26f3f422b.json,474fcdcc5afd84ee18b40f5b5d31ca3cd844cf953cf9fec2e711f4bbb262f719,474fcdcc5afd84ee18b40f5b5d31ca3cd844cf953cf9fec2e711f4bbb262f719,5036,False
data/raw/tago_stops_nearby/2026-09-03/grid_6f518d47c63459fe302b77b20e13879160b80fa966a80bd40ad34e327e4a2fcb.json,1ffc2cee7190c3ddfe4342689ff1cb13018de584ac62fb0891c82df9837b673f,1ffc2cee7190c3ddfe4342689ff1cb13018de584ac62fb0891c82df9837b673f,3251,False
data/raw/tago_stops_nearby/2026-09-03/grid_6f67d716dcc555e28620856b9309e4d036d3d388e71954302a1ed9b3d7666bba.json,befcbbfe9edb605d61d9f48b8db0289d19a26697658b26b656b825cefeed063e,befcbbfe9edb605d61d9f48b8db0289d19a26697658b26b656b825cefeed063e,227,False
data/raw/tago_stops_nearby/2026-09-03/grid_6f815adff6bfeed1a189bfef2fbb3ec509a25db554f1289ff1b7b10fbde80b9c.json,4a5983cc19fa9d997b872c3f0ca6a4abe2ff04f4f5fa60d9efec8098a4d997b3,4a5983cc19fa9d997b872c3f0ca6a4abe2ff04f4f5fa60d9efec8098a4d997b3,2985,False
data/raw/tago_stops_nearby/2026-09-03/grid_6f919209b9247f3f7ea20782b1f3ec482a2e46928276acb99a88432bd2644a6c.json,552fef6584ef9a16f611da78e095a6c8c8858e3630c048e0613e461b13d0246d,552fef6584ef9a16f611da78e095a6c8c8858e3630c048e0613e461b13d0246d,2912,False
data/raw/tago_stops_nearby/2026-09-03/grid_6fa0228e853a2b093739bc4613af66f9ad4be937c373623e56276d767a2edb3f.json,51c44e0a0e5bc16641bb02cb63c895e593f6e556f163fff6021a696c664d2da5,51c44e0a0e5bc16641bb02cb63c895e593f6e556f163fff6021a696c664d2da5,2966,False
data/raw/tago_stops_nearby/2026-09-03/grid_6fd115c36759d9f58798d4f63a915ec837bc3e9cee301fff8e88075acd71c393.json,9cc637338a004c53a0a29471023f29701bff2785295641be8aa37e117abe3b1d,9cc637338a004c53a0a29471023f29701bff2785295641be8aa37e117abe3b1d,2462,False
data/raw/tago_stops_nearby/2026-09-03/grid_703f5d9a6d3dcf281e6f5cd296978609bdc1456fc99efbb5e8dbfab63ae03a77.json,10bdb6d2dbe2eb27f7790d18bddb78076d5dec54b1b740e5bf5199bc7a95543f,10bdb6d2dbe2eb27f7790d18bddb78076d5dec54b1b740e5bf5199bc7a95543f,778,False
data/raw/tago_stops_nearby/2026-09-03/grid_704f1a584136db03831ee8171c7c0e985ece9dc26cb61a980cc8596f8041f75f.json,61150b6d28e83bbe7bd87918f0e8bb781161ceeabf7966c2c24fb706b51774dd,61150b6d28e83bbe7bd87918f0e8bb781161ceeabf7966c2c24fb706b51774dd,5514,False
data/raw/tago_stops_nearby/2026-09-03/grid_7054efda61f1c692039dd961bb4386918db2e706f564fac40cb5b57458d5d472.json,27ae5487b357ff60493498b79ffaa0548cfeb44eef2f25160c11c3da1e53c01c,27ae5487b357ff60493498b79ffaa0548cfeb44eef2f25160c11c3da1e53c01c,5111,False
data/raw/tago_stops_nearby/2026-09-03/grid_706f2f5bc0a5de7edbdb8e8163d324544643bff9d6ae11a0f74a9539f9eb87de.json,3b1f0483a8a19f4e0689d195d8a82d64b9d518196f49fa08281603eef055b38a,3b1f0483a8a19f4e0689d195d8a82d64b9d518196f49fa08281603eef055b38a,2248,False
data/raw/tago_stops_nearby/2026-09-03/grid_707375b2964020396a800ade8197645a91e3d96d53f4f0e15fc3d7fe58715976.json,3c9511dbdb3d7c732a81893f16aa2b17049b65af37c2b83f567f2456411c7061,3c9511dbdb3d7c732a81893f16aa2b17049b65af37c2b83f567f2456411c7061,1751,False
data/raw/tago_stops_nearby/2026-09-03/grid_707ab287dacc8f3f9399d0da1ce61546d5edbaf5c55455889240a79de93f2849.json,befcbbfe9edb605d61d9f48b8db0289d19a26697658b26b656b825cefeed063e,befcbbfe9edb605d61d9f48b8db0289d19a26697658b26b656b825cefeed063e,227,False
data/raw/tago_stops_nearby/2026-09-03/grid_708849ff473e0fd222cf9cd30134285f6307d9e488163eae489ec66259fbfaaa.json,a88b1c380f93bd3ab4e12a426f388a9c95cbc030ad7566f71be31566922f5757,a88b1c380f93bd3ab4e12a426f388a9c95cbc030ad7566f71be31566922f5757,4562,False
data/raw/tago_stops_nearby/2026-09-03/grid_70a153070dbaf2d07b18d5a707f6728c024beb7d3bd5a1100607c63ff1a8067d.json,578e65fa28d79c40473d9a49bf7a247eb58bb63419d7ae54393fc9ee054f6f3d,578e65fa28d79c40473d9a49bf7a247eb58bb63419d7ae54393fc9ee054f6f3d,3791,False
data/raw/tago_stops_nearby/2026-09-03/grid_70c7bc31130c7c9ef988f9d900766db65fe24d0c70d5c91b82e5d10bc46c1b83.json,54ec6fa42e6e2c494cdc0064426006cb14eeafbd69e3abade0a50a595a04d638,54ec6fa42e6e2c494cdc0064426006cb14eeafbd69e3abade0a50a595a04d638,1846,False
data/raw/tago_stops_nearby/2026-09-03/grid_70c88b69b651ec70fcf75b5093dfaad05c63394aafba4b7c199c307fe154a75e.json,f5319779e55ffede2f6cd655156f3d6ef932b9c912d79c0a58e130a37783c52c,f5319779e55ffede2f6cd655156f3d6ef932b9c912d79c0a58e130a37783c52c,1735,False
data/raw/tago_stops_nearby/2026-09-03/grid_70d2ef0e870239b3a324a5cab564313db37b001c6abb547cb2828df87b47f25d.json,ea95266d6ab9a2fe022c2d35fa5390b384888a84fb7508c9b0780d3134c780ab,ea95266d6ab9a2fe022c2d35fa5390b384888a84fb7508c9b0780d3134c780ab,5963,False
data/raw/tago_stops_nearby/2026-09-03/grid_70dbafce767146d9efb125833df503dad322fc8595930b986529bfe2c59182fa.json,79b5f2178d49f5e04a80976794ce26b4ddba22adfd06472fee9459dfd85c26fb,79b5f2178d49f5e04a80976794ce26b4ddba22adfd06472fee9459dfd85c26fb,1990,False
data/raw/tago_stops_nearby/2026-09-03/grid_70ff476deab59c95d44707c5b9af3d407f3ab9c162ad95b80176c45cde78e45f.json,6515020d18b53537d6c6986121bc9b2003af0aec48abad7288db2f5e334434b6,6515020d18b53537d6c6986121bc9b2003af0aec48abad7288db2f5e334434b6,3202,False
data/raw/tago_stops_nearby/2026-09-03/grid_710f42341eb6917886e751fd84fcb657c911db9cc63be2db4f27ed229a867292.json,1daa607d7ff709d6b99a3219f51e9127336510bdb82d8f7d6f95a58f7af94613,1daa607d7ff709d6b99a3219f51e9127336510bdb82d8f7d6f95a58f7af94613,3028,False
data/raw/tago_stops_nearby/2026-09-03/grid_711ed96617ab773210034c7d34253bbd3a37e5604217a92baa310ebf2796dbcc.json,b5a8f0fa99b7d353c53f52ffe54c1eeeaaaec42d236a530e7bcbe121f69e153d,b5a8f0fa99b7d353c53f52ffe54c1eeeaaaec42d236a530e7bcbe121f69e153d,5073,False
data/raw/tago_stops_nearby/2026-09-03/grid_71443ef54c9357fb40cd02bf31189eafa47b7375f61bc1b102525578320a2696.json,47609264638ff6da916adcefe88152bc913d59d3db16e61544cfff588f4a4f01,47609264638ff6da916adcefe88152bc913d59d3db16e61544cfff588f4a4f01,6005,False
data/raw/tago_stops_nearby/2026-09-03/grid_715ccd8dfdccd08681d2d4f23a5a8532918c4821d76ccbe4cf75066c4b4006d1.json,670f11a8cfe9d370a24dfb4861149f4ca9fe9be4a26f14e7529bfcda36af1e66,670f11a8cfe9d370a24dfb4861149f4ca9fe9be4a26f14e7529bfcda36af1e66,2044,False
data/raw/tago_stops_nearby/2026-09-03/grid_716ae418f12e81bb53281f1ad27ad937ac1a920e8449284073d8ea6a4d148a7d.json,7184f3103a57e59e71f456b3707dcf492c29e568380edc185f45303d063b6dfa,7184f3103a57e59e71f456b3707dcf492c29e568380edc185f45303d063b6dfa,3088,False
data/raw/tago_stops_nearby/2026-09-03/grid_718cac044d2b7fbd34be497d419f25421858aba61cebd37366c16cc18bcfdd29.json,b25b38dac77390ab565700ab80222cf4afa2e419751b34d66825aa4c7dd9e964,b25b38dac77390ab565700ab80222cf4afa2e419751b34d66825aa4c7dd9e964,4530,False
data/raw/tago_stops_nearby/2026-09-03/grid_71a7fff1fdd1bda0f9c0cb09419d2be3c75c760fa136f8c85770845eb42327ed.json,50ea1797ba39fc94c48d8a12e9114c0eca81fd54281a656615a1f35364e603fa,50ea1797ba39fc94c48d8a12e9114c0eca81fd54281a656615a1f35364e603fa,1298,False
data/raw/tago_stops_nearby/2026-09-03/grid_71a9286b84c7fb06658bf6db2a13e9f5d38c05076019409ea4168a03ee62cd27.json,5d274ca0156aaf36ed848a1461ae3aaada7eb66b81b7f7af213ac604cec25dea,5d274ca0156aaf36ed848a1461ae3aaada7eb66b81b7f7af213ac604cec25dea,2993,False
data/raw/tago_stops_nearby/2026-09-03/grid_71b0ab294067e87b8628650cd988d1c128d85496a8ac2a26bfe9a03a9987a248.json,befcbbfe9edb605d61d9f48b8db0289d19a26697658b26b656b825cefeed063e,befcbbfe9edb605d61d9f48b8db0289d19a26697658b26b656b825cefeed063e,227,False
data/raw/tago_stops_nearby/2026-09-03/grid_71b5c7b1a8eff54c45e3093e9ea62134715d87346b3701e5f997f4640a415f84.json,5e1cdadfc847581b3c4c1625c225b64f19951d4b84e6453530943be92627dcee,5e1cdadfc847581b3c4c1625c225b64f19951d4b84e6453530943be92627dcee,2480,False
data/raw/tago_stops_nearby/2026-09-03/grid_71cb2b97a1d0a8168fba248c22db2aa73081b61bd3299b1d0c84ce99c3e45e31.json,56568c0a017625e1f18de2e7907944211f480a69a702fd98d11c9c19415f9596,56568c0a017625e1f18de2e7907944211f480a69a702fd98d11c9c19415f9596,1218,False
data/raw/tago_stops_nearby/2026-09-03/grid_721e94e0261a4500918218733ec55083f0ce61f00e9c45587a475a3469e15398.json,b24f9b0561d21904aac58df3da48b3752c1ec550ce7cf8a59ae8e7eb2b40d57d,b24f9b0561d21904aac58df3da48b3752c1ec550ce7cf8a59ae8e7eb2b40d57d,755,False
data/raw/tago_stops_nearby/2026-09-03/grid_7224c2fa1693815a4adf3fb48909dadb897bcd22a37cef8e074bb9e6cef5f215.json,dd72cafc45c8e614b9d5a869e7417abfc78ce84f30bde6d10692a163d5cb9204,dd72cafc45c8e614b9d5a869e7417abfc78ce84f30bde6d10692a163d5cb9204,6129,False
data/raw/tago_stops_nearby/2026-09-03/grid_72270cb229d05b98dd36bc721be485011505d09bd1956e20c81c3b10ef2be44b.json,f7add3a0034e50e845a03d0b6855d82a74888cf455c60a6eb2dfc4254fc6f4f4,f7add3a0034e50e845a03d0b6855d82a74888cf455c60a6eb2dfc4254fc6f4f4,3199,False
data/raw/tago_stops_nearby/2026-09-03/grid_7281b3367c374c78ad9617971baaadd7865c1027d95a2d7d01baafed4eef3d54.json,35059efb57719de6a4685044db304c0b4ecb120a77892ff4329860837743850d,35059efb57719de6a4685044db304c0b4ecb120a77892ff4329860837743850d,6737,False
data/raw/tago_stops_nearby/2026-09-03/grid_728fa4dbb5865d146026925e1d3deeb297034d01e5b519947851348325a4d2f6.json,befcbbfe9edb605d61d9f48b8db0289d19a26697658b26b656b825cefeed063e,befcbbfe9edb605d61d9f48b8db0289d19a26697658b26b656b825cefeed063e,227,False
data/raw/tago_stops_nearby/2026-09-03/grid_7294f27e96e06d43d171ba5934511b1c2b37b7686ecbbe250b53ee6f6024dfde.json,d44873dba1188e0e1f4c81d4fdffbead8234b8b57860be6395ee8ec54fb84652,d44873dba1188e0e1f4c81d4fdffbead8234b8b57860be6395ee8ec54fb84652,1325,False
data/raw/tago_stops_nearby/2026-09-03/grid_72ba81efbb745581af04b5e31fae1cc2fdd96a2e70219eb4925b94aea9919f76.json,50c752b3f249dde4decb92d73cd9d916f3f9817a9268e6796e519a40fba68dbd,50c752b3f249dde4decb92d73cd9d916f3f9817a9268e6796e519a40fba68dbd,1571,False
data/raw/tago_stops_nearby/2026-09-03/grid_72fb77a8deb33648d105017c058d3a7b5950737efb1f0287089bc791a276272e.json,83a45ba8bfcb95b5d29711b2814c2086784e98e8fc6200937f8b5174a70f6f24,83a45ba8bfcb95b5d29711b2814c2086784e98e8fc6200937f8b5174a70f6f24,3802,False
data/raw/tago_stops_nearby/2026-09-03/grid_731a9d82cedc589b7d61a778508a1cda1211037d545f505b185abded7f0f5cea.json,e7bf7af277437b848047c759d6d42ba93535e5a68d9c687b4a9d8533323d4d02,e7bf7af277437b848047c759d6d42ba93535e5a68d9c687b4a9d8533323d4d02,1296,False
data/raw/tago_stops_nearby/2026-09-03/grid_7337c12d04540216de6e29d4624105566da80f84b872c396e1a71f312701c0ae.json,148abdf7390fdfd10731912634f8c15e755614a65ccf9a32d7c5b48ebd3c648e,148abdf7390fdfd10731912634f8c15e755614a65ccf9a32d7c5b48ebd3c648e,3882,False
data/raw/tago_stops_nearby/2026-09-03/grid_73565d88ddbc33f0cd7fe8459f002c9d5058acdf83e427b6cbaa3aec67531dc1.json,7a4a9d13afc4ccc4242ac1e055ca14280ad9602366a4eefd8b1ab20f522e3a83,7a4a9d13afc4ccc4242ac1e055ca14280ad9602366a4eefd8b1ab20f522e3a83,982,False
data/raw/tago_stops_nearby/2026-09-03/grid_73b20363aadd88164802be0b1255b23dfd0b35ac9ae66972580c5fb9af31eb02.json,262932b45ddfba21fe52d0d88bda9d934cd38348c452edfabd674cf5e1b88c59,262932b45ddfba21fe52d0d88bda9d934cd38348c452edfabd674cf5e1b88c59,5808,False
data/raw/tago_stops_nearby/2026-09-03/grid_73e4f2eb213c1af59404bb4a2df1da60dd74d4b7b2baf868a0e27f0abab3795b.json,9414906f931ffe6609ccbbc1f55e55df3dc2ec5b7a90828acf5858e49ffc51d4,9414906f931ffe6609ccbbc1f55e55df3dc2ec5b7a90828acf5858e49ffc51d4,1976,False
data/raw/tago_stops_nearby/2026-09-03/grid_73f819455ebb9ab852a0f9c9c5a3b5a3f46c29d3dfd5f837978a1bf56800c0e4.json,0200ad2c7ff79ba0eae8b307db18c72fcfe1bbd9ceef57a73bbfb5e51fa90d2e,0200ad2c7ff79ba0eae8b307db18c72fcfe1bbd9ceef57a73bbfb5e51fa90d2e,2205,False
data/raw/tago_stops_nearby/2026-09-03/grid_7404dbbe6fb5d9a6cfa77fc8b9e0f811f6d6f84aa9e4bd247fb6abb629a9bef2.json,29978493450f550187090f202d97683ae3a8c99690a5507211e230d7f00b4428,29978493450f550187090f202d97683ae3a8c99690a5507211e230d7f00b4428,2806,False
data/raw/tago_stops_nearby/2026-09-03/grid_7408f7f90899362a060269c2931d234cf18abbcd5d69f8e49068fa88842e2391.json,d6e8513571b6c60a07ba0264e842ee9d8953d3174752d0fb08afb3d946b614df,d6e8513571b6c60a07ba0264e842ee9d8953d3174752d0fb08afb3d946b614df,4046,False
data/raw/tago_stops_nearby/2026-09-03/grid_742b16ad34b9b26f7cd8c7cfe7d08af6f988862bb793bdda11e8aaff93e35b82.json,befcbbfe9edb605d61d9f48b8db0289d19a26697658b26b656b825cefeed063e,befcbbfe9edb605d61d9f48b8db0289d19a26697658b26b656b825cefeed063e,227,False
data/raw/tago_stops_nearby/2026-09-03/grid_74512250b50c738cd0a6df3378d3af49299f08604e952ff52052ec9dd559ae8f.json,0d222d2a8ff4901a5e959ee810b92032a79945a9efc667bf9e0eaa02941aa963,0d222d2a8ff4901a5e959ee810b92032a79945a9efc667bf9e0eaa02941aa963,3571,False
data/raw/tago_stops_nearby/2026-09-03/grid_74791029f1c4e77927d8ac1b9269fc7a49321a84d5a0c18bd956fc907e6630dd.json,befcbbfe9edb605d61d9f48b8db0289d19a26697658b26b656b825cefeed063e,befcbbfe9edb605d61d9f48b8db0289d19a26697658b26b656b825cefeed063e,227,False
data/raw/tago_stops_nearby/2026-09-03/grid_7490b40adbccc4e1a05f612a086089c267ec26adc16f2bd881286012d938ffb5.json,bb7bbbb58c7c5afc6202c7e40dd243ddef986c77b744e91ac3af761b125fff8d,bb7bbbb58c7c5afc6202c7e40dd243ddef986c77b744e91ac3af761b125fff8d,748,False
data/raw/tago_stops_nearby/2026-09-03/grid_7499d001e03bb745723c8f661e5f492ef83b336506aa8131f7b40be3f825fdd3.json,0c78bd897d4eb2ab3442cbefdb99eed18fabef694d28560d336655ec9f50b36b,0c78bd897d4eb2ab3442cbefdb99eed18fabef694d28560d336655ec9f50b36b,759,False
data/raw/tago_stops_nearby/2026-09-03/grid_749ec83cf93d62ccc9be4b6772c43e8ffdd34936e73339f2299e4c826b0f99c2.json,4b63a5e1822030863b97bd9325f32f22f45d554d12bb04344db134f29fa502dd,4b63a5e1822030863b97bd9325f32f22f45d554d12bb04344db134f29fa502dd,6389,False
data/raw/tago_stops_nearby/2026-09-03/grid_74c49bae859dcbb0b79f933b7a66dac939ca578aaa151dee83893d7eb9d3d8c6.json,da912f27c08f461688af873c9fa0a27a11c6a605e19eaab7e39e45893f34d32b,da912f27c08f461688af873c9fa0a27a11c6a605e19eaab7e39e45893f34d32b,5081,False
data/raw/tago_stops_nearby/2026-09-03/grid_74e3c9e682c150c107fb620a496dcf95bb009697083d441c73b097a063e63f0f.json,abb4a06b692a12342c0d8f3f8e5e96db73fb5f972b863702e665c638ce921e50,abb4a06b692a12342c0d8f3f8e5e96db73fb5f972b863702e665c638ce921e50,1034,False
data/raw/tago_stops_nearby/2026-09-03/grid_7518a6d8a9c334647f23d9282f07d7b99d1d72a81d6098f71ad14308f1266b58.json,af5fa6a05fa34b9634a318012109a83da215ed701629f446056431bddb263652,af5fa6a05fa34b9634a318012109a83da215ed701629f446056431bddb263652,3257,False
data/raw/tago_stops_nearby/2026-09-03/grid_751a967e6810443e1c7f6d5668663b9f375ed1d40f26293932d84831153f8bca.json,312d0fcd78c79bf7c67692487438bbf1dfdf02a9c4ea30ad525b08313cef9ef3,312d0fcd78c79bf7c67692487438bbf1dfdf02a9c4ea30ad525b08313cef9ef3,5620,False
data/raw/tago_stops_nearby/2026-09-03/grid_758e8af63bcd443497fc49b09ecb762e2847317037cfe00aba66051e4f53bfd7.json,803efd5f59baa4526a2e9975e0f2b98e66d56c7ddcebaff0f5daf0ef14baf9c4,803efd5f59baa4526a2e9975e0f2b98e66d56c7ddcebaff0f5daf0ef14baf9c4,3007,False
data/raw/tago_stops_nearby/2026-09-03/grid_75906f188a5160bdabb61fdae5777285e7be92fdd0641b45d6d8de2088abd8b9.json,aa6eca56a7b53faab1218586953d6d96797f91af107b6ec75182ad5f269459f7,aa6eca56a7b53faab1218586953d6d96797f91af107b6ec75182ad5f269459f7,5644,False
data/raw/tago_stops_nearby/2026-09-03/grid_7596eed150bcd6deee16af9455438ea42b4f993eb32955b4a4a0dd8fa32d41d0.json,2330d876b00aa3fc925a68377ac7140c63120095803a84d396485c02657b1cc4,2330d876b00aa3fc925a68377ac7140c63120095803a84d396485c02657b1cc4,4006,False
data/raw/tago_stops_nearby/2026-09-03/grid_75984027be1283ec38ac7c341195cf90ff23dfb9ad64bdb8d15c3d98f9046f33.json,e523fedc27235c6de8cf7746ba64d4f93949d002ca0d858f2b73ebdfa9e206bc,e523fedc27235c6de8cf7746ba64d4f93949d002ca0d858f2b73ebdfa9e206bc,3720,False
data/raw/tago_stops_nearby/2026-09-03/grid_75bcce4aceee39e9bff4fb5b60c896e70b4968349440d36a4a325a3e5d11d737.json,4e3506a5131b62d11ca68edac76af1dcca4692ede544c9455955677827d707d1,4e3506a5131b62d11ca68edac76af1dcca4692ede544c9455955677827d707d1,3475,False
data/raw/tago_stops_nearby/2026-09-03/grid_75d7d70ae4e919e233a426ad6c9dbad1cbeaa765255b9705c9b122ca943488d4.json,e13c1c7f814f14afd92071da797e681735bcec380319a49c6e0fcdee1cb1ca5d,e13c1c7f814f14afd92071da797e681735bcec380319a49c6e0fcdee1cb1ca5d,2964,False
data/raw/tago_stops_nearby/2026-09-03/grid_75dc0bf550828f035f3b8c25f6fb6978612a799b5e4b77ae74ed062949bdf8f6.json,a13d6bc420f7670c9938c97ec2971618e9aa6e5d2224bcee218417550b2feb5b,a13d6bc420f7670c9938c97ec2971618e9aa6e5d2224bcee218417550b2feb5b,1985,False
data/raw/tago_stops_nearby/2026-09-03/grid_761ce689ae91451472e7add04b5074c783c3162300a41231e653a1e622b0caa8.json,befcbbfe9edb605d61d9f48b8db0289d19a26697658b26b656b825cefeed063e,befcbbfe9edb605d61d9f48b8db0289d19a26697658b26b656b825cefeed063e,227,False
data/raw/tago_stops_nearby/2026-09-03/grid_76206ab477bd9f0380e4f87a3433156e2de4194fb3e54133022581c656b11327.json,d84094ad26ab6e3df6b56ab19227c12764976b69787326dea32fdcb06aeda41d,d84094ad26ab6e3df6b56ab19227c12764976b69787326dea32fdcb06aeda41d,4397,False
data/raw/tago_stops_nearby/2026-09-03/grid_7621d436cc733969ab37ba1939ba8029d65a9a627c1c3274ba40cbb7bd489702.json,46804275d35caa643fbfd465b51e5f5a0b35f49348bdd2abbca0c3a7da22c759,46804275d35caa643fbfd465b51e5f5a0b35f49348bdd2abbca0c3a7da22c759,3340,False
data/raw/tago_stops_nearby/2026-09-03/grid_7625454c204ba6d356b7ec9775a184bee017613b1860253c99d24337389f9d30.json,98d04e5539363ebd4570209a6b71fde22345f1da86c0fedb7ffef0abbad609b0,98d04e5539363ebd4570209a6b71fde22345f1da86c0fedb7ffef0abbad609b0,2164,False
data/raw/tago_stops_nearby/2026-09-03/grid_7637f314295e61b2a6fe52f36ae15f97f7de22e6cd0afb0f23bd1795fba6c0f2.json,2c1112e6c21d724bfc8e7d4d4e6c60bd82fa18ee72100c2c4db95f253e3b0e69,2c1112e6c21d724bfc8e7d4d4e6c60bd82fa18ee72100c2c4db95f253e3b0e69,2255,False
data/raw/tago_stops_nearby/2026-09-03/grid_76662ae595fca9bde7e09c1599f1d695987ecf0b3ead38f6b27b079637a1ff8d.json,dba378ccedcba233ff3c98ff5dc53c2c5a35ad17ca04f9e3dc8d30eb2c421342,dba378ccedcba233ff3c98ff5dc53c2c5a35ad17ca04f9e3dc8d30eb2c421342,6460,False
data/raw/tago_stops_nearby/2026-09-03/grid_7682930a2c661d8bfacc0ec4e11df8a299e434e57555221496a874f35f7e996e.json,23e5dff2989996dbcc8ff128e8b86131e02cf0651f50eb0f0bd19416f0077049,23e5dff2989996dbcc8ff128e8b86131e02cf0651f50eb0f0bd19416f0077049,1271,False
data/raw/tago_stops_nearby/2026-09-03/grid_769347d1fa6c3a6cfc776a4b534531b0f16ddefc81cd225365e7bceed85b87f3.json,fca3fd3e47b8555e52a41631933ef7da97f3e65ccbb41b0e5491e7aa76691841,fca3fd3e47b8555e52a41631933ef7da97f3e65ccbb41b0e5491e7aa76691841,1224,False
data/raw/tago_stops_nearby/2026-09-03/grid_76a770fece91d19104a8bed4815f19158bfc54dd434ef00969e978282f7d9326.json,3c483095e1a8779b29d553bcebd1b2ba17c7a74f525e17ecba69a7106cc210aa,3c483095e1a8779b29d553bcebd1b2ba17c7a74f525e17ecba69a7106cc210aa,3054,False
data/raw/tago_stops_nearby/2026-09-03/grid_76dc26739cd0530da01a4ba6c147d8bc83a5ce5b37a91adebce6f3ec891222d1.json,c8cc4cf7cd88fefff232e8c0ff11b2f542b0d4a2666cc058d7296ce51d00ae46,c8cc4cf7cd88fefff232e8c0ff11b2f542b0d4a2666cc058d7296ce51d00ae46,6093,False
data/raw/tago_stops_nearby/2026-09-03/grid_77303032eabef767dbefc590a05b8d77298490a267901e95433c82248ddb1af8.json,5b74905e4b09727f175518cc6ffae230fd31ca9ff6f9d8090c34c9af14ede1a5,5b74905e4b09727f175518cc6ffae230fd31ca9ff6f9d8090c34c9af14ede1a5,2833,False
data/raw/tago_stops_nearby/2026-09-03/grid_775b2972c5b53d7e8750b615463060628c180061d5d6322e715e18473bdca040.json,befcbbfe9edb605d61d9f48b8db0289d19a26697658b26b656b825cefeed063e,befcbbfe9edb605d61d9f48b8db0289d19a26697658b26b656b825cefeed063e,227,False
data/raw/tago_stops_nearby/2026-09-03/grid_776194c081361d646dcd76414585a2883703bb31714816f8b336a5d125f8a2cf.json,925024b358bbbf460320fe427f263df6d422bd5e2b21baeefaadc429b53f8250,925024b358bbbf460320fe427f263df6d422bd5e2b21baeefaadc429b53f8250,2133,False
data/raw/tago_stops_nearby/2026-09-03/grid_7761b4aebec731ab079b6a7f5f9707cbf75868e4fdfe161de290da2fe19686c3.json,68aba4dcd6330461b64dcc50da7e98c1844926d8b2524ad1051a795b79baa3bc,68aba4dcd6330461b64dcc50da7e98c1844926d8b2524ad1051a795b79baa3bc,5548,False
data/raw/tago_stops_nearby/2026-09-03/grid_7762f19b7ca93452b5ef1d171617fd1ccf1340d00c88f87a9641edbb2dd8e9db.json,e0171286c7928ca81ecdf06a5644acb00de5a44b713cdbf0623203af160d3aa4,e0171286c7928ca81ecdf06a5644acb00de5a44b713cdbf0623203af160d3aa4,3972,False
data/raw/tago_stops_nearby/2026-09-03/grid_776a019c2a25a559a0f831f697a07b6749430b1fba82e016eb44d1c6aa922a7a.json,b71be3389489033a8462f0ccf39beb169aba0a926fe74a824535f81c6def7c14,b71be3389489033a8462f0ccf39beb169aba0a926fe74a824535f81c6def7c14,2727,False
data/raw/tago_stops_nearby/2026-09-03/grid_778b2483fc9446c134cf7e683ace93b46b8e7eb45493a17d82075f3a03ba3e79.json,d640f76eaf6377f390d448fd0872607b260aed86be684dec57b4478edfbc9179,d640f76eaf6377f390d448fd0872607b260aed86be684dec57b4478edfbc9179,1827,False
data/raw/tago_stops_nearby/2026-09-03/grid_77e82020c24acc4ceaf78ef6ce00abeded6af847313f7f6c84a7948fc7818342.json,481cd649a2c507293dd916d887d0ad62a9f0e659288e2bcf18bed3a1806da1fb,481cd649a2c507293dd916d887d0ad62a9f0e659288e2bcf18bed3a1806da1fb,3095,False
data/raw/tago_stops_nearby/2026-09-03/grid_77eca4e4e7110ee7643276b3bc878ec36f826bf4ad113f3a78bc85570a3c345e.json,4222c79fec3b38829a7256ceb53bb80d24c4aa7d35fe3b17ecafe0304141abcb,4222c79fec3b38829a7256ceb53bb80d24c4aa7d35fe3b17ecafe0304141abcb,4907,False
data/raw/tago_stops_nearby/2026-09-03/grid_7804acbea4f956ed799db139bddf4eca27814c96ebc0bc3b5c18baf9fb18ef6a.json,0f5fa2b489b04904625cc56f573163888e4c2fca71e60752e8bd1bc7f96b86cb,0f5fa2b489b04904625cc56f573163888e4c2fca71e60752e8bd1bc7f96b86cb,7169,False
data/raw/tago_stops_nearby/2026-09-03/grid_781b022ca63cbd1d661e330ec88d4077101e2f8f897f6a2abe73b9fcde8c020a.json,72d9c77216cd059f1d5189999708f8ece63f191bd52ce694ed3faf3c4b467fde,72d9c77216cd059f1d5189999708f8ece63f191bd52ce694ed3faf3c4b467fde,5661,False
data/raw/tago_stops_nearby/2026-09-03/grid_781faaf42cabe4380aac9582abb893d8eee2c35a6a224f8c39602c7266019b5a.json,c451ece24508330b0b7dc8c993197ec7bbb25e7a34a171de7868e95c8bdd2828,c451ece24508330b0b7dc8c993197ec7bbb25e7a34a171de7868e95c8bdd2828,495,False
data/raw/tago_stops_nearby/2026-09-03/grid_785a1cd3d83b402912ef9eddb68895971fa8f0cb70466f19a83968297365ebc8.json,7aeaf275a0ea82ca893c27d8b919c11a95b1035600ac0617ea3898d8cc214eb5,7aeaf275a0ea82ca893c27d8b919c11a95b1035600ac0617ea3898d8cc214eb5,3364,False
data/raw/tago_stops_nearby/2026-09-03/grid_78ca976dafe604507761b5cb7455b329912da04519749d235167dc86fa18934e.json,d0632dea02f2eed70be05928d3d18788582ec09b42a1520253204b08adbaa480,d0632dea02f2eed70be05928d3d18788582ec09b42a1520253204b08adbaa480,2060,False
data/raw/tago_stops_nearby/2026-09-03/grid_78cddf331cdd7f52777e6a8d226d4c8f34a9d8ff44255b56a92eb16f78cd18a6.json,befcbbfe9edb605d61d9f48b8db0289d19a26697658b26b656b825cefeed063e,befcbbfe9edb605d61d9f48b8db0289d19a26697658b26b656b825cefeed063e,227,False
data/raw/tago_stops_nearby/2026-09-03/grid_78ddb3d5bb648531199271a6ebeee937c24ddb77501159f3a19e9147eadb8d55.json,742622ccd27c51e586e83f4240854ad083deda1c4e8b0296905485b6b34fb371,742622ccd27c51e586e83f4240854ad083deda1c4e8b0296905485b6b34fb371,5027,False
data/raw/tago_stops_nearby/2026-09-03/grid_795d8bea991d1fdbf87f9afcca65ba8c906ad98355c7b370e600cda8884c12de.json,20116d92aa707a88fdb99f5d5637c1cc32dd5cd44a136d47e9e5abff0058a4e0,20116d92aa707a88fdb99f5d5637c1cc32dd5cd44a136d47e9e5abff0058a4e0,3985,False
data/raw/tago_stops_nearby/2026-09-03/grid_796bee4a14ba74e85f380e0686c27d89e4a2efb02115ff70bc298022a9232c16.json,888faabecf473ed063bb470aabad695a1d9154a741fffd468742e136bcd5d3f7,888faabecf473ed063bb470aabad695a1d9154a741fffd468742e136bcd5d3f7,3162,False
data/raw/tago_stops_nearby/2026-09-03/grid_79832766a41540f30b1bfd9738564e11e6228e83dad646e5d4b1a16a8ae00f01.json,e4bb8e24ee91e291a93af651112b3aef9af3caa1c71b4ecd621029ea2ff52daa,e4bb8e24ee91e291a93af651112b3aef9af3caa1c71b4ecd621029ea2ff52daa,3498,False
data/raw/tago_stops_nearby/2026-09-03/grid_798c3787de6709d216673e0ce1cf1356be31e5c429d416a9c168971570d78e74.json,40b95a33eb9d1112db15efca6c5d8c816573e70cc08979f63be0e66e43e73e11,40b95a33eb9d1112db15efca6c5d8c816573e70cc08979f63be0e66e43e73e11,1684,False
data/raw/tago_stops_nearby/2026-09-03/grid_799755026a5d0ef823c48e1eb3f66cf2204ad26975d85ebebb73a2123fc89b75.json,befcbbfe9edb605d61d9f48b8db0289d19a26697658b26b656b825cefeed063e,befcbbfe9edb605d61d9f48b8db0289d19a26697658b26b656b825cefeed063e,227,False
data/raw/tago_stops_nearby/2026-09-03/grid_79a0d9fcdc94565a181c10003a6ed39a8483b130a4baaf6c153ea6c7dde018a1.json,ddb7776728dfaf9622eff49dd5344123f3c8e2a04a49016679aa9e529f604ac0,ddb7776728dfaf9622eff49dd5344123f3c8e2a04a49016679aa9e529f604ac0,2718,False
data/raw/tago_stops_nearby/2026-09-03/grid_79b30c065388ff3ab37410bd77aac2c88a4b73c8d927882aebcddfd9d41a29d6.json,befcbbfe9edb605d61d9f48b8db0289d19a26697658b26b656b825cefeed063e,befcbbfe9edb605d61d9f48b8db0289d19a26697658b26b656b825cefeed063e,227,False
data/raw/tago_stops_nearby/2026-09-03/grid_79b5a6a017ca9943adf44d2271dfde8888f114d386c52c1d58444ae5a1837185.json,93cd2bae751f87de14715fad880491179f9443df48b64f0a0d88d178feaf80e6,93cd2bae751f87de14715fad880491179f9443df48b64f0a0d88d178feaf80e6,3306,False
data/raw/tago_stops_nearby/2026-09-03/grid_79c810e5e9d78a7e2731334e8d2241399dcd2c42b2144b1b3b8e2cb03e043cf0.json,e5a53450aaf5b353ff0fd3d4b05692686c0edb848506b2fbb895bee38f4f2856,e5a53450aaf5b353ff0fd3d4b05692686c0edb848506b2fbb895bee38f4f2856,3483,False
data/raw/tago_stops_nearby/2026-09-03/grid_79c92ea9933f0c43123e67342230c8086accf1de0e26ee206862fb09d3c966dc.json,befcbbfe9edb605d61d9f48b8db0289d19a26697658b26b656b825cefeed063e,befcbbfe9edb605d61d9f48b8db0289d19a26697658b26b656b825cefeed063e,227,False
data/raw/tago_stops_nearby/2026-09-03/grid_79e601da8ae43af210565900b81eaf01c3b67f3c93b41c1947971abcfceaf7e2.json,0ae8d8e9f9e13fe167ba389c6a6c5c6c5a8bebc207c5d0d89c474ccb727cf277,0ae8d8e9f9e13fe167ba389c6a6c5c6c5a8bebc207c5d0d89c474ccb727cf277,5935,False
data/raw/tago_stops_nearby/2026-09-03/grid_79edb17ae7a67e679a60c6b97ba62c80333c40ad3cbcde23862efc2c7a58404a.json,6cf742753b8c91913fb00101265c4b04d7efa729a76fb3b0f352d5baf8511e93,6cf742753b8c91913fb00101265c4b04d7efa729a76fb3b0f352d5baf8511e93,2520,False
data/raw/tago_stops_nearby/2026-09-03/grid_79f8f3eeec6edaa7d4deceb9a195156bf2677a82daef7f32005e212d52ab3b32.json,a791ba4f1ecc9920e4045d47d2312c2e202a57b024387402780844d8c1882b5f,a791ba4f1ecc9920e4045d47d2312c2e202a57b024387402780844d8c1882b5f,3226,False
data/raw/tago_stops_nearby/2026-09-03/grid_79f9e28bfac10611ecc45a921ddbb04d6f2317f4462cf786aa5de28948ffdc79.json,c18758a9f6dbd244633baea85f385fb94428c56b1b73307396aa6450b9d32d2c,c18758a9f6dbd244633baea85f385fb94428c56b1b73307396aa6450b9d32d2c,4212,False
data/raw/tago_stops_nearby/2026-09-03/grid_7a3f513d9dae1dc1cc0d2b69ec01f220dc98cfc92e74f193ea085a31f1f8a433.json,befcbbfe9edb605d61d9f48b8db0289d19a26697658b26b656b825cefeed063e,befcbbfe9edb605d61d9f48b8db0289d19a26697658b26b656b825cefeed063e,227,False
data/raw/tago_stops_nearby/2026-09-03/grid_7a65943ddf5560d78a98498c8b3ddf89bef9935d08f6da1916ac988164620de9.json,a77383205c12a1f70dba7f21c043e0c45e29df3b8af7f8fc8337e645d1bf535f,a77383205c12a1f70dba7f21c043e0c45e29df3b8af7f8fc8337e645d1bf535f,3244,False
data/raw/tago_stops_nearby/2026-09-03/grid_7a7f1b58e26abed18f66542dbb40b07c2a765d13169219b25445533d4fa3730e.json,3ac60a2f320a02f6474c494e625dc5476efcd81b0cb7b55c1ce00e2bf30723b0,3ac60a2f320a02f6474c494e625dc5476efcd81b0cb7b55c1ce00e2bf30723b0,4991,False
data/raw/tago_stops_nearby/2026-09-03/grid_7a93098c9ad229efa68ba37f3255f08d24bf1b7c24ca4fa824326cd9eff02d9e.json,e3462a89010c14502940b9c78552011f981dfad7611914b78c3b0c620df7055b,e3462a89010c14502940b9c78552011f981dfad7611914b78c3b0c620df7055b,1744,False
data/raw/tago_stops_nearby/2026-09-03/grid_7ab089f4e9368b56f955c59e5ba24bbabc720084fd50b6cdb3ce9390d5873cf8.json,ba2cfce8b653431504f9a4f2f952bd4e2371bdf4340c11cbb0efa65b5ba48c6d,ba2cfce8b653431504f9a4f2f952bd4e2371bdf4340c11cbb0efa65b5ba48c6d,3242,False
data/raw/tago_stops_nearby/2026-09-03/grid_7ac8003d9f307a7c3e1afb04f5af1b5a4a655467807709b14ae000595a3e9adc.json,4474b1a513a479436f404b57ad2c20be7377bde4c89a1f76e59497f57a3c8ccb,4474b1a513a479436f404b57ad2c20be7377bde4c89a1f76e59497f57a3c8ccb,2455,False
data/raw/tago_stops_nearby/2026-09-03/grid_7ad8a87dd7ec334c0534e0e53d5cdb361efc971e15cc85e4dc0b13918addc833.json,377958a9f1849a56e8515aca0563e326bb127208c5bd63d73205e9f2b88930da,377958a9f1849a56e8515aca0563e326bb127208c5bd63d73205e9f2b88930da,6474,False
data/raw/tago_stops_nearby/2026-09-03/grid_7af957ed919070847dc8c8d0a044ec425b1aaecddb9b0977c147ca2f0414cec5.json,e268fa40448b6c98cb4b468d417be01cf91367190be1201b15b9358d081490b1,e268fa40448b6c98cb4b468d417be01cf91367190be1201b15b9358d081490b1,1941,False
data/raw/tago_stops_nearby/2026-09-03/grid_7b1bfe1f37041b700d29928ec64ca1e1ae7641b2b65abed058a2ab7430151c80.json,b4abe93ffa92a86763520047fc844de5000e55d2b8d0f96f141f36f011779811,b4abe93ffa92a86763520047fc844de5000e55d2b8d0f96f141f36f011779811,1698,False
data/raw/tago_stops_nearby/2026-09-03/grid_7b1c6346921813ac1312fd6d7602eb8b08c2d7b6c3662033de5515c30295a8e8.json,befcbbfe9edb605d61d9f48b8db0289d19a26697658b26b656b825cefeed063e,befcbbfe9edb605d61d9f48b8db0289d19a26697658b26b656b825cefeed063e,227,False
data/raw/tago_stops_nearby/2026-09-03/grid_7b236123fd85065634ee602e7c9f638a31f60ff83af0bbee3a3ab62a726b08ec.json,76ac28e05abc387e1aaa0b51f8613e18e1b6f9d285abbf911f3d5996297e70d4,76ac28e05abc387e1aaa0b51f8613e18e1b6f9d285abbf911f3d5996297e70d4,5465,False
data/raw/tago_stops_nearby/2026-09-03/grid_7b4a3f413753b7e6cf93003f0e736a648e7ef3e38e5b6d9fe1c64217449ec93a.json,cc9e2466b71e6b3381cc12071a235248d36bbaf7ca959b6461eb3577b841d07b,cc9e2466b71e6b3381cc12071a235248d36bbaf7ca959b6461eb3577b841d07b,3907,False
data/raw/tago_stops_nearby/2026-09-03/grid_7b60ec12e74a6ad0ade2fdc36b4864e6ad2eec2cdf58f54f1471b1719a592ca8.json,befcbbfe9edb605d61d9f48b8db0289d19a26697658b26b656b825cefeed063e,befcbbfe9edb605d61d9f48b8db0289d19a26697658b26b656b825cefeed063e,227,False
data/raw/tago_stops_nearby/2026-09-03/grid_7b63addff08026e96db731821d1de4b8b7818af09041e5942bf24a8b15afc4e1.json,ab4da0372fbb7c1b6ed0e5a4f448aaf594a60d91e0026b219c5a3f362dd9d65d,ab4da0372fbb7c1b6ed0e5a4f448aaf594a60d91e0026b219c5a3f362dd9d65d,2735,False
data/raw/tago_stops_nearby/2026-09-03/grid_7b69f03ed667767f464e65dd9739faebd29dedaf1132ce8cb4869b6cdb4e6bc6.json,be5903d3766d68eea618dfe8608c728ed107eb3c9c936e3e886f23e7750abbb3,be5903d3766d68eea618dfe8608c728ed107eb3c9c936e3e886f23e7750abbb3,3193,False
data/raw/tago_stops_nearby/2026-09-03/grid_7b8161990957be06e8324235ccea7d12dd76cd86d632df2c93109913876e6ade.json,befcbbfe9edb605d61d9f48b8db0289d19a26697658b26b656b825cefeed063e,befcbbfe9edb605d61d9f48b8db0289d19a26697658b26b656b825cefeed063e,227,False
data/raw/tago_stops_nearby/2026-09-03/grid_7b8d9722ea6b15a345d8eae67146a0d7dc1c117ea690d5cc1c8c5c96b27c5429.json,0fd1d395510312fddcf38d2d04674e12fb30bcdbbed0a00c07525f8e1e5e9108,0fd1d395510312fddcf38d2d04674e12fb30bcdbbed0a00c07525f8e1e5e9108,3028,False
data/raw/tago_stops_nearby/2026-09-03/grid_7ba1d3f4c8b35b68d03783a23cf0e825c44593b3f4d9a13735c5908f065e4df5.json,d1d4eb8cf119ba9590f7afdd8a1aea477625a8ccc82dc3d73d5b4aae8fb89532,d1d4eb8cf119ba9590f7afdd8a1aea477625a8ccc82dc3d73d5b4aae8fb89532,5062,False
data/raw/tago_stops_nearby/2026-09-03/grid_7ba9f96bd086420996653592365c03ef7264b06d6c07214ba53a68f4288f634d.json,79dfdfaa320894b55a0ab81065d9398c5bfefaad4c7c88833a6902c34e4f1f82,79dfdfaa320894b55a0ab81065d9398c5bfefaad4c7c88833a6902c34e4f1f82,3019,False
data/raw/tago_stops_nearby/2026-09-03/grid_7bb9875ce7f714095713bb083001a75c9cb9ed9f488b48f64f3246fa1790805c.json,bd55bad699131115902f79b6e504248b8ed3911551c043faf448ae56139a477e,bd55bad699131115902f79b6e504248b8ed3911551c043faf448ae56139a477e,4735,False
data/raw/tago_stops_nearby/2026-09-03/grid_7bd99b822ec72dbd6c50cb294cb908e827a4da1ab0823ba580c276b5d8a67e77.json,377a760e1f59e5c2c4038c4ab0f73be0ea9afe96e72fa481115c0cd8cbb7da5d,377a760e1f59e5c2c4038c4ab0f73be0ea9afe96e72fa481115c0cd8cbb7da5d,2855,False
data/raw/tago_stops_nearby/2026-09-03/grid_7c0190140bbb646373894aaedff78152dfed6ca7b9cebdb712b4fe5be2a7b0bf.json,4a55d2a7609727bef8e5e886a0598f70254681d50cdd01367a4f78dfeca6b795,4a55d2a7609727bef8e5e886a0598f70254681d50cdd01367a4f78dfeca6b795,2141,False
data/raw/tago_stops_nearby/2026-09-03/grid_7c061ee2a5841bd2308a3d47baa1d039f7d2a11f835d8ae07af0bf9ad22bb451.json,8f7a0486c7336619d466e1b6a2f913b830b18c3cd9b1021a1ffbb9de5825d190,8f7a0486c7336619d466e1b6a2f913b830b18c3cd9b1021a1ffbb9de5825d190,2944,False
data/raw/tago_stops_nearby/2026-09-03/grid_7c1b622ed32bba0f2c7b1c7c16971a3953a0dd223e88eca7a31d189e3b87b1f3.json,07a68938e596f637b191439a66f69139fb90f36d60f43b5d3067974aefb14e20,07a68938e596f637b191439a66f69139fb90f36d60f43b5d3067974aefb14e20,2304,False
data/raw/tago_stops_nearby/2026-09-03/grid_7c230c61401fe2aa6a8557a4564647cd9809932d9494860f88b8a068b19d9bdb.json,8c9f3edb57f37c34fa524d2b3f333c1d34d49a5615cc925b2f251bd450654d82,8c9f3edb57f37c34fa524d2b3f333c1d34d49a5615cc925b2f251bd450654d82,474,False
data/raw/tago_stops_nearby/2026-09-03/grid_7c2b90cf7db040c7e456d4277482486ff7536e08472c9d4c67aceeb3a1744498.json,305cd18eb2a173d325c6c8d8564a766b3f41869331ac74b4c122958b592757a5,305cd18eb2a173d325c6c8d8564a766b3f41869331ac74b4c122958b592757a5,1473,False
data/raw/tago_stops_nearby/2026-09-03/grid_7c34ed128287678bd92fdb5c04f669f84b86b865cae0238f6cbc067be38b8791.json,befcbbfe9edb605d61d9f48b8db0289d19a26697658b26b656b825cefeed063e,befcbbfe9edb605d61d9f48b8db0289d19a26697658b26b656b825cefeed063e,227,False
data/raw/tago_stops_nearby/2026-09-03/grid_7c58ffaffe2fef9646be428a514e5c20b735d084842dc10e2d7261982205cd51.json,cedc036e5ef72cf853d959a74e14b81e63b99358b1914ba9ea85cb7b2fbcedb3,cedc036e5ef72cf853d959a74e14b81e63b99358b1914ba9ea85cb7b2fbcedb3,5250,False
data/raw/tago_stops_nearby/2026-09-03/grid_7c5ba2681fdf302a72c28c5cd4fd5e18b87ce31ea7cdcc40b1d9ace0ff9ee553.json,7ca210a6fe03d36fb13640ea8967e51e6af9b214172acaf09d48be3cae759ee4,7ca210a6fe03d36fb13640ea8967e51e6af9b214172acaf09d48be3cae759ee4,2539,False
data/raw/tago_stops_nearby/2026-09-03/grid_7c6e33674aeee3a9ad5f9b8a38894a76a20aec9d3de620d6f805d3babf30b799.json,e9a1866f7bc91a6136250f3dacd34ebfdb8b8e25d4480584fc8a2d656cfd1f34,e9a1866f7bc91a6136250f3dacd34ebfdb8b8e25d4480584fc8a2d656cfd1f34,5452,False
data/raw/tago_stops_nearby/2026-09-03/grid_7cce1ac4a593b67368d3807a3d4ed7edb1135209fd6d334c024b66faa774fc1f.json,dbae8dfe9b3f53a8a40a3c960886511d7894377eeba0deb03b23720c8fa99695,dbae8dfe9b3f53a8a40a3c960886511d7894377eeba0deb03b23720c8fa99695,3782,False
data/raw/tago_stops_nearby/2026-09-03/grid_7d20642002faf07c6120bbe104191c2416b1c4a745ee34743ccb728124dd237b.json,082efcb25d7a456cae4a970791d890d43bc1d92cd25752a306de0c2468f571ba,082efcb25d7a456cae4a970791d890d43bc1d92cd25752a306de0c2468f571ba,3556,False
data/raw/tago_stops_nearby/2026-09-03/grid_7d48045a889eb2ce47878af6ad20a6b6229520a22c5e80eac38871f17f933243.json,0ffa38b9d0e6d8b4d28d781e700a4bcd22c511cdf1a7add117d6772f97876276,0ffa38b9d0e6d8b4d28d781e700a4bcd22c511cdf1a7add117d6772f97876276,3643,False
data/raw/tago_stops_nearby/2026-09-03/grid_7d6093cf5a2e5ce9c00354c78e4ce64e9184d7a9e5ee29afcddc90184bff0913.json,c6119a7137c4001699a74a7e22873956fa88d8f365cb35e62beea4cbd3fdeafd,c6119a7137c4001699a74a7e22873956fa88d8f365cb35e62beea4cbd3fdeafd,4110,False
data/raw/tago_stops_nearby/2026-09-03/grid_7d74647a3cd367ad2857af88e7be125e76364ad1c653ea2307b327d02fbe7593.json,b2c614dcc37fdfff6bf54497cb5936388c2db62e0a1d53577d382f8eb6ea9fd6,b2c614dcc37fdfff6bf54497cb5936388c2db62e0a1d53577d382f8eb6ea9fd6,1248,False
data/raw/tago_stops_nearby/2026-09-03/grid_7d756bb66e212d993c35104378524386cbad124d044bf9bf71db7fad14409c8b.json,21b7bcf4190b41b61e968debd4eec0b850769f960c0e342b5732ef95735b5d5f,21b7bcf4190b41b61e968debd4eec0b850769f960c0e342b5732ef95735b5d5f,4433,False
data/raw/tago_stops_nearby/2026-09-03/grid_7d85d9130ae1f7a27d0976f0a40ebaea1a95ea090ec242c213aff49b58c90347.json,8ba621a9a7ee5e9a1694e881d1650e922e554482a8c81b3ab5485f0b4855e15d,8ba621a9a7ee5e9a1694e881d1650e922e554482a8c81b3ab5485f0b4855e15d,2440,False
data/raw/tago_stops_nearby/2026-09-03/grid_7e10a9c1a4ff7d9773603cd292577c2cb3097735b19441b5cbcbe57c6870b41a.json,b954b397cdb0c9e0620a5bd692d9fca9308de9cde36527786ce7c106958d184d,b954b397cdb0c9e0620a5bd692d9fca9308de9cde36527786ce7c106958d184d,2175,False
data/raw/tago_stops_nearby/2026-09-03/grid_7e1bad82428812adc93a2d37dd4581304f7f0d55bb30a2b745b2a53612108791.json,7bb1a8af0a7246800e891633a8cc7b368a483fe7cba2f2127f38ac9661c53b15,7bb1a8af0a7246800e891633a8cc7b368a483fe7cba2f2127f38ac9661c53b15,725,False
data/raw/tago_stops_nearby/2026-09-03/grid_7e1ee6770e0757c598a37552b2c2bc31c3d0e734c263faf78189805d26697a11.json,2a2af1a207bd13cb834ac06020922aa7fd51488e004c1d20485319f792a6de15,2a2af1a207bd13cb834ac06020922aa7fd51488e004c1d20485319f792a6de15,3709,False
data/raw/tago_stops_nearby/2026-09-03/grid_7e2c14a86effbc50d77725cec7fd07b5d62f840d0914d4b3d7cd46c15df756d7.json,befcbbfe9edb605d61d9f48b8db0289d19a26697658b26b656b825cefeed063e,befcbbfe9edb605d61d9f48b8db0289d19a26697658b26b656b825cefeed063e,227,False
data/raw/tago_stops_nearby/2026-09-03/grid_7e2f43544d00cddf7afe394d5030e7e38ab59923332a7e3cc6d1e819cfe9a3e8.json,328f9ce316e4f8094cb81ec3d51cdde187f22254ce604fb008f869a9b76fa88a,328f9ce316e4f8094cb81ec3d51cdde187f22254ce604fb008f869a9b76fa88a,1996,False
data/raw/tago_stops_nearby/2026-09-03/grid_7e711f7886a72c19677bf93f6511da446260f5eeaeca05b28c7d639a72151455.json,3c5d02c7e50a880b07b24a2d3908e94a52824aa5c79b5df2a4f28a1ae3676f90,3c5d02c7e50a880b07b24a2d3908e94a52824aa5c79b5df2a4f28a1ae3676f90,2432,False
data/raw/tago_stops_nearby/2026-09-03/grid_7ea1ea6fe3f85f45253fcb370b5e320d76849a638fcb378cc3013fc177e9f86d.json,befcbbfe9edb605d61d9f48b8db0289d19a26697658b26b656b825cefeed063e,befcbbfe9edb605d61d9f48b8db0289d19a26697658b26b656b825cefeed063e,227,False
data/raw/tago_stops_nearby/2026-09-03/grid_7ea8a796e5d88a3cc532b2bf8338d898bfd9a23fe7f9186e9047d0ad2542d6fa.json,befcbbfe9edb605d61d9f48b8db0289d19a26697658b26b656b825cefeed063e,befcbbfe9edb605d61d9f48b8db0289d19a26697658b26b656b825cefeed063e,227,False
data/raw/tago_stops_nearby/2026-09-03/grid_7eb39113f395252c536b33da8e1be2d8751e1078730c42160093492cb3e494f7.json,befcbbfe9edb605d61d9f48b8db0289d19a26697658b26b656b825cefeed063e,befcbbfe9edb605d61d9f48b8db0289d19a26697658b26b656b825cefeed063e,227,False
data/raw/tago_stops_nearby/2026-09-03/grid_7ec5241b9ed52b6653fb2dff0622d0f4f4ff369be2bd73799056a8d5b5208764.json,cdb10582268fb2bb0b58fb9dde875f7868f7a30be6b40d7c05356b9f88c5c1d3,cdb10582268fb2bb0b58fb9dde875f7868f7a30be6b40d7c05356b9f88c5c1d3,739,False
data/raw/tago_stops_nearby/2026-09-03/grid_7edf5a0bdee0bbde479c11bd7e86dc5beda1c8981f8ba0c337dc281c87c7c7a1.json,befcbbfe9edb605d61d9f48b8db0289d19a26697658b26b656b825cefeed063e,befcbbfe9edb605d61d9f48b8db0289d19a26697658b26b656b825cefeed063e,227,False
data/raw/tago_stops_nearby/2026-09-03/grid_7efe14e0323c04a19604b6de143edb5598bbf694d0f3d4b3310f7b2085da8947.json,4af5d54af0e81f0cfac6f0b8e3bd3cda0faffd0ec54dcdb17541bc66a155a11e,4af5d54af0e81f0cfac6f0b8e3bd3cda0faffd0ec54dcdb17541bc66a155a11e,4244,False
data/raw/tago_stops_nearby/2026-09-03/grid_7f31d34df83304f6f883a26da7cb8b2c746a63e38c379f288c2605d420c86bc5.json,2ccae913c50b39334e84619a8559015da0eee3fe24c9bf989bdbd04ffeb11915,2ccae913c50b39334e84619a8559015da0eee3fe24c9bf989bdbd04ffeb11915,4396,False
data/raw/tago_stops_nearby/2026-09-03/grid_7f369eae6c1c43bd3aecfd1d11dd43a6033d05a775ccb754b37f233ec0e76941.json,f32c724c0ebc56cd45cdd9d2f20a3ae5bb187d0e0ddc07f7290dc34076f6aa44,f32c724c0ebc56cd45cdd9d2f20a3ae5bb187d0e0ddc07f7290dc34076f6aa44,2453,False
data/raw/tago_stops_nearby/2026-09-03/grid_7f5f3640f78af863c9686b873c4135fa383e00d14b787ee9fc55d059eb391628.json,b1d2d1b47d9d7abe73849085c24b6245876a8443f6f37af7e090cd23e01d2696,b1d2d1b47d9d7abe73849085c24b6245876a8443f6f37af7e090cd23e01d2696,754,False
data/raw/tago_stops_nearby/2026-09-03/grid_7f79bdf80ae3b403b3d561965f504a01bf4c523c98479c5feba531d033a01b5b.json,37ea1039670a8363956da698637fc1b01d1cf4a4aed8e36943a435a22437b7c9,37ea1039670a8363956da698637fc1b01d1cf4a4aed8e36943a435a22437b7c9,2226,False
data/raw/tago_stops_nearby/2026-09-03/grid_7fada25e99b04dda7e5098a8366973b886bb78ce3e011ca3103e492e4a4c4f00.json,befcbbfe9edb605d61d9f48b8db0289d19a26697658b26b656b825cefeed063e,befcbbfe9edb605d61d9f48b8db0289d19a26697658b26b656b825cefeed063e,227,False
data/raw/tago_stops_nearby/2026-09-03/grid_7fcc3347ad20ab66674d4d36c08658f1a220a079d1120e74ccf3bdaf04d1f930.json,28926ac6ebd62752eaf6f4e9733b371435ec7ecd97f48a54939e1e41bc9129c0,28926ac6ebd62752eaf6f4e9733b371435ec7ecd97f48a54939e1e41bc9129c0,1268,False
data/raw/tago_stops_nearby/2026-09-03/grid_7fcf8c8e92e709d60bbfb3a5ba73c56a1b2ae224b6ad77926d0720cac9071bb5.json,4100a0753c55d16dd6df0131d74428b661fc62932d213b66f21ecd397dd185ec,4100a0753c55d16dd6df0131d74428b661fc62932d213b66f21ecd397dd185ec,5723,False
data/raw/tago_stops_nearby/2026-09-03/grid_7ff9cd60fe10cd68a9f9c4d7ab974ae286db59fff6a5c6f6b15aa4d5da4d7f5b.json,16cacae208909f4f5f3dfa5d651e4564b65696d32c91fdc29ff65eb7ff09f85f,16cacae208909f4f5f3dfa5d651e4564b65696d32c91fdc29ff65eb7ff09f85f,1316,False
data/raw/tago_stops_nearby/2026-09-03/grid_8025641e920f300b507043aaf58ef0436ca7ab7b5200d6d65ad53a9228e6c561.json,0b338024a9026bbc67c69280e21904f8c35262c98267f928b453e076906b61d6,0b338024a9026bbc67c69280e21904f8c35262c98267f928b453e076906b61d6,2736,False
data/raw/tago_stops_nearby/2026-09-03/grid_803593837945cc9fbfdd6d1637bd89be1763a068d9643ca449dcd0816be610ab.json,9e01bf0b8fee507183cef365600a6fd2674ec53b0920d3c0e18483382a2cdaba,9e01bf0b8fee507183cef365600a6fd2674ec53b0920d3c0e18483382a2cdaba,4671,False
data/raw/tago_stops_nearby/2026-09-03/grid_80362338d554310f431ead5962a49288db25dfab7c99badb2ff89afcccdad197.json,d44d59d4a99631ff67c9b7bdcccd30876a4e0462884fb1aab2888589086619a9,d44d59d4a99631ff67c9b7bdcccd30876a4e0462884fb1aab2888589086619a9,793,False
data/raw/tago_stops_nearby/2026-09-03/grid_805bc20a31f1f8c92b3ad205f4a58776457b270d349119b6b61ecfc8ad13be4d.json,5bf86120b2a7017c54cd3f7d1009c1eea59b085c9c511c01c5ab40da9c4df62e,5bf86120b2a7017c54cd3f7d1009c1eea59b085c9c511c01c5ab40da9c4df62e,4907,False
data/raw/tago_stops_nearby/2026-09-03/grid_805c49c4e96c12c34e7140a954088e31f2c765b83a21f7c5c1ea258d410f6b6a.json,b6496d15d25fc9b44c8ba81d5735d429534641f6e5df8a38e3aa4c62fa601586,b6496d15d25fc9b44c8ba81d5735d429534641f6e5df8a38e3aa4c62fa601586,763,False
data/raw/tago_stops_nearby/2026-09-03/grid_8093fc0bcd561d9b646e689869cfe41b5bd60ef4435f3c0e59e203b5241ebf45.json,2492d7ac7f24e0220a4d3a4974d7527364c6fb476871ad8768b935f5160a9d21,2492d7ac7f24e0220a4d3a4974d7527364c6fb476871ad8768b935f5160a9d21,739,False
data/raw/tago_stops_nearby/2026-09-03/grid_80b3945d2ecd30fe39f417b971aa562b8e7b35d844e85a241fb77d7245f9cba1.json,befcbbfe9edb605d61d9f48b8db0289d19a26697658b26b656b825cefeed063e,befcbbfe9edb605d61d9f48b8db0289d19a26697658b26b656b825cefeed063e,227,False
data/raw/tago_stops_nearby/2026-09-03/grid_80c32bfa2378d56235f7e0c5285d1dd86c252e63702f84c2a7d4ad50875ba98c.json,951ba69e77c3539b89e0e305e17d404f66b98fb03985ad403d7c2a43b0d907ee,951ba69e77c3539b89e0e305e17d404f66b98fb03985ad403d7c2a43b0d907ee,2178,False
data/raw/tago_stops_nearby/2026-09-03/grid_80c3efc455e869c10b8dc6f98ddb140421bbdbb09194f2f9a20a6966ee7f1607.json,f007c1d3bae569b3edd762dc99f8edaef790a9e4eb4f12b0640df61668ea8ce6,f007c1d3bae569b3edd762dc99f8edaef790a9e4eb4f12b0640df61668ea8ce6,2796,False
data/raw/tago_stops_nearby/2026-09-03/grid_80c96db175f746572182c29858b2e7f4d0ed37852b7250f8515371f9952c2fbf.json,30bab5f46a9aaec088572b863bfa9919b862bbf9d42b4fe37ab54981277423c3,30bab5f46a9aaec088572b863bfa9919b862bbf9d42b4fe37ab54981277423c3,1242,False
data/raw/tago_stops_nearby/2026-09-03/grid_80d3985937e952bd9d3f3d0de3a0c3b6b87ac1393dd2d5ec45b4cce0a969c077.json,100a69c44ebc89dad0e423961fd7a81c87f5124025cec30a2fa2c96fcf3914ec,100a69c44ebc89dad0e423961fd7a81c87f5124025cec30a2fa2c96fcf3914ec,3957,False
data/raw/tago_stops_nearby/2026-09-03/grid_80f0a952664081c50e9a4b1485d4d3cf0b7587ec8fc5ed9094bde3252a175cdf.json,29ee4450e41407462247012fade224bdfe425c509a1c7721f966bcbde2416be6,29ee4450e41407462247012fade224bdfe425c509a1c7721f966bcbde2416be6,5079,False
data/raw/tago_stops_nearby/2026-09-03/grid_8125f33c9c84f86865db3d8d65d36a3006d4cef0df425df26daef54c2acdfe11.json,e6d5ba1be3bd98d90d572b8d02d0428f2fd1216a1445f39b1394d58da24893e8,e6d5ba1be3bd98d90d572b8d02d0428f2fd1216a1445f39b1394d58da24893e8,3957,False
data/raw/tago_stops_nearby/2026-09-03/grid_8130dd2621bdfb7d4b7aa3e7fe6ec286f4cbedb22fb79ab879df90ef0030a8bd.json,ba59792f0f936da27a1e4fc58038d3f9851c5a7f3ed802dc42abb4b300a3e2ac,ba59792f0f936da27a1e4fc58038d3f9851c5a7f3ed802dc42abb4b300a3e2ac,2532,False
data/raw/tago_stops_nearby/2026-09-03/grid_8136d4931a89030410644f676a1db10cdef0b03caddf1081d93df794feb083f3.json,4b2f59e896c37ca39f9e7adb785f0dcaf0a7c6d82ad19b31e88434f64e548399,4b2f59e896c37ca39f9e7adb785f0dcaf0a7c6d82ad19b31e88434f64e548399,4915,False
data/raw/tago_stops_nearby/2026-09-03/grid_813cbd0bc3ea1d16f10d5767d2ebc92cd85d5e75902e0bba6d5aae0ff44d329a.json,9c9ede629b080e5d7b9e7edadf91cc8a9d123f68bbbe56a67c3042c53e492273,9c9ede629b080e5d7b9e7edadf91cc8a9d123f68bbbe56a67c3042c53e492273,1724,False
data/raw/tago_stops_nearby/2026-09-03/grid_813f81f54e54bfbde2ace9a263d0b04a3b110a6e4cde8895d513a1288cb22dc5.json,d4e66ecf767b35b0e9c921df0cbd7cb0abffc1a6ccc87dfde02cc82e8d209c22,d4e66ecf767b35b0e9c921df0cbd7cb0abffc1a6ccc87dfde02cc82e8d209c22,2203,False
data/raw/tago_stops_nearby/2026-09-03/grid_81511ed30160cb0cafe36a8815ca54d3f33abb8167d5de856a15a0ef7d501eeb.json,b43fcabfe04a7975786e5889be87e8ce979620b01fc9d738b144299592ddab70,b43fcabfe04a7975786e5889be87e8ce979620b01fc9d738b144299592ddab70,5259,False
data/raw/tago_stops_nearby/2026-09-03/grid_815d08a501fdc4c8699df8f4c766933f2cbad711d7bf7f7cdabebcf6825a7cf3.json,9ee7e266e107293b17eecafb113f7b0e782c3d5f6b581425e73c1ba5b8c49911,9ee7e266e107293b17eecafb113f7b0e782c3d5f6b581425e73c1ba5b8c49911,4939,False
data/raw/tago_stops_nearby/2026-09-03/grid_817b37761daea526162d7fabbdb33a5be7b5b945ea714903d1ce4f6f666b9be1.json,c271b1974b8b34644d7a971ae3e65a8987f9cb56130a7781086bd06c0518e0d0,c271b1974b8b34644d7a971ae3e65a8987f9cb56130a7781086bd06c0518e0d0,1470,False
data/raw/tago_stops_nearby/2026-09-03/grid_81877ec3459b6541d16be4c3c9d25dd3f31787d704ffa140f90b3bda9d928bad.json,befcbbfe9edb605d61d9f48b8db0289d19a26697658b26b656b825cefeed063e,befcbbfe9edb605d61d9f48b8db0289d19a26697658b26b656b825cefeed063e,227,False
data/raw/tago_stops_nearby/2026-09-03/grid_819f78bf8608c0653e62df465f5a02f6c1b206085d66bc8fb0d935503e875e3e.json,9184a945af3b38aa2133624858463bba017bcf15094c5a4ddb8d29345308191f,9184a945af3b38aa2133624858463bba017bcf15094c5a4ddb8d29345308191f,4145,False
data/raw/tago_stops_nearby/2026-09-03/grid_81adab17acb4ac237c7a76763c007eb29c021c48913644ce8faa4e8f52c19e59.json,21b8d75e54ffef6fa304f32a39a3d51f30e4965bc329063e3e756519ae0aef50,21b8d75e54ffef6fa304f32a39a3d51f30e4965bc329063e3e756519ae0aef50,4733,False
data/raw/tago_stops_nearby/2026-09-03/grid_81b517959b9da6471b0078a3289266bc302dbf3957ba3a0f56d4c2db025f6590.json,befcbbfe9edb605d61d9f48b8db0289d19a26697658b26b656b825cefeed063e,befcbbfe9edb605d61d9f48b8db0289d19a26697658b26b656b825cefeed063e,227,False
data/raw/tago_stops_nearby/2026-09-03/grid_81bef88a0679a9adac2756e64df8e6cdec781b3cc363da38fe8e892efe260c0c.json,dd4fb7b91a5cc78f76f377a3fa07b7a38f24017d5b0b999de61c4b19e6761904,dd4fb7b91a5cc78f76f377a3fa07b7a38f24017d5b0b999de61c4b19e6761904,1268,False
data/raw/tago_stops_nearby/2026-09-03/grid_81ff0ecfbe0b502be9d9500a7cd1e1d73b5a015f497194bd6d5efb3f887bd47e.json,727689b07f9cf05139b95e2dccddde729b255fe6a63f82891fdde48cc85b581c,727689b07f9cf05139b95e2dccddde729b255fe6a63f82891fdde48cc85b581c,1087,False
data/raw/tago_stops_nearby/2026-09-03/grid_820d4a5230e451abdbb1e00c894b9ba1454abaab33e0c6433d1d778a9452facc.json,013f787312b2b25688a98365defb58cc6d40d8fc0ccfde4873b65dfbff8ab228,013f787312b2b25688a98365defb58cc6d40d8fc0ccfde4873b65dfbff8ab228,1037,False
data/raw/tago_stops_nearby/2026-09-03/grid_827a75b1850b8d688bcdc66e74557ed48a3a07fe5777e9a112a9fdd0078b46dc.json,9227bb8ce30c76eea31663961d7cf5dec6fc44431a7144f1c2a45caad309694f,9227bb8ce30c76eea31663961d7cf5dec6fc44431a7144f1c2a45caad309694f,3742,False
data/raw/tago_stops_nearby/2026-09-03/grid_8281f1a14a6f504c9035c19f3fc2e23381ea252cc911c1a8cf36ba3f5dc8d2d7.json,64fde766b311f7abf1a8757d27c471c0974abdb649eff33ad42cca5516f96367,64fde766b311f7abf1a8757d27c471c0974abdb649eff33ad42cca5516f96367,751,False
data/raw/tago_stops_nearby/2026-09-03/grid_82ad2433c369a822968bc9995bd0e2552bd7d9d2d95ae429e9dbb0da76165360.json,6eada371b7088d43fd23ee1a8a73bc8503066ada5592698f2e7b34056d6dc86d,6eada371b7088d43fd23ee1a8a73bc8503066ada5592698f2e7b34056d6dc86d,3301,False
data/raw/tago_stops_nearby/2026-09-03/grid_82b18bcf78bb7b2beedc15511c9019aacacd563bb91a2c1cd0632e8e713ebba6.json,6c1b0edcb06094be2aac997ad85626dd7de937b6e5f3a55adf819f170494c9b5,6c1b0edcb06094be2aac997ad85626dd7de937b6e5f3a55adf819f170494c9b5,6800,False
data/raw/tago_stops_nearby/2026-09-03/grid_82b8752b32355b763a8acd9585d68baf4f1705b39a831eb077c53dd675b47c8a.json,9a6ee28a9850d1fb483840d2b6530d2be3db175e517604ad0fd5e536ca86ceb4,9a6ee28a9850d1fb483840d2b6530d2be3db175e517604ad0fd5e536ca86ceb4,3822,False
data/raw/tago_stops_nearby/2026-09-03/grid_82fcb22cc8d7fd00905bba2a15164fe78f059f701a8a1ee191d75eefa4cfc2a7.json,742dd6d382b7c7b4446a97840e1916ccb162efe3ba4baa8b0fc64795b5ef2612,742dd6d382b7c7b4446a97840e1916ccb162efe3ba4baa8b0fc64795b5ef2612,1462,False
data/raw/tago_stops_nearby/2026-09-03/grid_8324d514bc1e4609edd0a3a205bff5fbf68a72cfc0caf18e17738b8a11efb709.json,a8670241d42582f7d4e2eec1697a7ef88cac999ecd5774cbad35fe3086f70dd5,a8670241d42582f7d4e2eec1697a7ef88cac999ecd5774cbad35fe3086f70dd5,2480,False
data/raw/tago_stops_nearby/2026-09-03/grid_83b25f3790c79c5d43a18e990036d42860c390b4b76f6d191e2377fd7ab56cc7.json,169cf9fb0e13b2982d90478e27d0ac3cccc1262ff34b1189ec5dd8093cdd5176,169cf9fb0e13b2982d90478e27d0ac3cccc1262ff34b1189ec5dd8093cdd5176,493,False
data/raw/tago_stops_nearby/2026-09-03/grid_83b597415d02a152a303d8e3e29c1967ed515bd01bcd9626f2485a01eba20c9f.json,ea507f86cac873477b560394a36d1e8c623e68d87ef06b9cb488c03baee57431,ea507f86cac873477b560394a36d1e8c623e68d87ef06b9cb488c03baee57431,7308,False
data/raw/tago_stops_nearby/2026-09-03/grid_83c9ee1e9db9ee6b68b8800dcfa70aa9ddf7edd61e89bf3347e886ec387aba41.json,43515178f8f980786099ea079746a87ca8feedb21c46c771946db5b45566bb14,43515178f8f980786099ea079746a87ca8feedb21c46c771946db5b45566bb14,3300,False
data/raw/tago_stops_nearby/2026-09-03/grid_83ca5eb474371487106d661d31a8e8d72ac3f1010cc6185b9b4055a61790cc9c.json,66b7895323b8ed348133e01a4b50592d8c77c332c06598b9eb8980ef5eb3af3d,66b7895323b8ed348133e01a4b50592d8c77c332c06598b9eb8980ef5eb3af3d,4925,False
data/raw/tago_stops_nearby/2026-09-03/grid_83cd815bdd10f304f899aa11ffef39b5a22c9382a7f438da24e809ad14309322.json,48d2913c125a90533276dfbe850590f32cc6bf47395a5cba21f52e880c9c7d3b,48d2913c125a90533276dfbe850590f32cc6bf47395a5cba21f52e880c9c7d3b,3045,False
data/raw/tago_stops_nearby/2026-09-03/grid_8419784bb242daee348dbd20479d570a0e786b347b75f6e3bf110681d9bde6f3.json,befcbbfe9edb605d61d9f48b8db0289d19a26697658b26b656b825cefeed063e,befcbbfe9edb605d61d9f48b8db0289d19a26697658b26b656b825cefeed063e,227,False
data/raw/tago_stops_nearby/2026-09-03/grid_842b8c6af1cb81e1f9e62fefc646d2f53e28f1bae70b6cda7b27074ffbd89a6d.json,8053341091d4b312429150abfb26c42f22d0bbab60340f7c2c859c145a3610b0,8053341091d4b312429150abfb26c42f22d0bbab60340f7c2c859c145a3610b0,2700,False
data/raw/tago_stops_nearby/2026-09-03/grid_842f42035244a1daca5824a3a42d8d03574beac5a944bf5501a4065bc4bdd868.json,57bd9cf1a87ebddb49ca51cffd2e2ca27a5dd15dd40df00e806dcb072e895b2c,57bd9cf1a87ebddb49ca51cffd2e2ca27a5dd15dd40df00e806dcb072e895b2c,1459,False
data/raw/tago_stops_nearby/2026-09-03/grid_844893fd8af5843e2cef8c6cd345dfc76381971b68d2488442cba1fb4a156a27.json,d193942da9babc0617605cf3ba9660043c6b5c9c4036bc29223aa6f9eda85008,d193942da9babc0617605cf3ba9660043c6b5c9c4036bc29223aa6f9eda85008,3079,False
data/raw/tago_stops_nearby/2026-09-03/grid_8450ce74e0d962f182cf30bff1e4b93b6e037f7fa9ca7861f13adafeeefeb3a7.json,dd9fe3321fd2bbe30d3b7cda4841f450e6145f8891a22e397ddb71c1572012f4,dd9fe3321fd2bbe30d3b7cda4841f450e6145f8891a22e397ddb71c1572012f4,3300,False
data/raw/tago_stops_nearby/2026-09-03/grid_847da0a7b0710203862fcdafd787cab3a77ea5d5cd169eb357780616505a77d0.json,501660210f1136047c7b80dc7f30ca9b483fc38c233cdd895aa3e7a2b5c98aef,501660210f1136047c7b80dc7f30ca9b483fc38c233cdd895aa3e7a2b5c98aef,6172,False
data/raw/tago_stops_nearby/2026-09-03/grid_84aa8f588930300f5a43efb879df73685f39a84ff3a7e17ad50116fe87f92194.json,484e447d820d4b1e85e445fd16d4b85ca67d179204d5cd9bb1e763e1b1d5affb,484e447d820d4b1e85e445fd16d4b85ca67d179204d5cd9bb1e763e1b1d5affb,5404,False
data/raw/tago_stops_nearby/2026-09-03/grid_84ef394d1e917942b16aeec1d2a90a7880f4444c71df8118380911763fb2f5f6.json,b5e08732f30b3dd7790c48c34fee55c4df653b73668a262fbb7c80d84956850c,b5e08732f30b3dd7790c48c34fee55c4df653b73668a262fbb7c80d84956850c,3308,False
data/raw/tago_stops_nearby/2026-09-03/grid_84fc8937b6d405cf9c564c354b7f513d4504649485d37cbb280fa2a83bf650a2.json,08cc634d9e92142c3824e963ef616b3ca374e82fd5defb0bf190a3ca82a431aa,08cc634d9e92142c3824e963ef616b3ca374e82fd5defb0bf190a3ca82a431aa,4268,False
data/raw/tago_stops_nearby/2026-09-03/grid_8554bf8eef8736064f830ef4ee9af3f66ed51c0d5ba3c8220976bbe04e91c895.json,d00b78d05a22a3298fe11a42059f6b2b66f407b1153ae2ef2a5c10edf5488678,d00b78d05a22a3298fe11a42059f6b2b66f407b1153ae2ef2a5c10edf5488678,5742,False
data/raw/tago_stops_nearby/2026-09-03/grid_85567e7429516c174b97e2426268d556c82fea15d893d4b3ac3611ad58a47889.json,befcbbfe9edb605d61d9f48b8db0289d19a26697658b26b656b825cefeed063e,befcbbfe9edb605d61d9f48b8db0289d19a26697658b26b656b825cefeed063e,227,False
data/raw/tago_stops_nearby/2026-09-03/grid_8586d037bf33c78bdfded40bad8a6cd017cfdaeb69c893799ed35c8b3db577a7.json,ccc1dacd39f59dc5f064372429bd16016e3a4ca5162657bbf2b858f0706881cf,ccc1dacd39f59dc5f064372429bd16016e3a4ca5162657bbf2b858f0706881cf,2530,False
data/raw/tago_stops_nearby/2026-09-03/grid_85890480e2c2b8b287c5a9a398a4bd352bd67b08220e0370ba442f0ec2d15a2d.json,c4579157f59afb502ecc9dc4bc185f2b2e202d8f7fa7d51f8e5cc39780c1621b,c4579157f59afb502ecc9dc4bc185f2b2e202d8f7fa7d51f8e5cc39780c1621b,3762,False
data/raw/tago_stops_nearby/2026-09-03/grid_85a2b6741824f45435b510e994539843632b3b1148e11960a2a706f60e783b59.json,eede27a3ed4ddd67b032f15c39b7c8fcbf1445370e069a6179ff49e0ee0c69aa,eede27a3ed4ddd67b032f15c39b7c8fcbf1445370e069a6179ff49e0ee0c69aa,3618,False
data/raw/tago_stops_nearby/2026-09-03/grid_85a94ec2026695a8ba04d8a6f9b9f8638fb16a933776f771a00b80d098d23e9f.json,2023318899c72bbb95a9e4a84b229732133da4b254af339e58229152e11f58fc,2023318899c72bbb95a9e4a84b229732133da4b254af339e58229152e11f58fc,4423,False
data/raw/tago_stops_nearby/2026-09-03/grid_85e8f059c55911af68b3cf9de143b8af15824be8dd8cad136b83daa705e0fccd.json,e65869183c551bb3e2e7160da2fe6d22e0276148256c7a6c3db5046aa2f16184,e65869183c551bb3e2e7160da2fe6d22e0276148256c7a6c3db5046aa2f16184,1738,False
data/raw/tago_stops_nearby/2026-09-03/grid_85f035e8da38dd87f19450f837710b8d45c944ffd17b8d7a392d1fb8bc52c71c.json,e03a8de1e3e65a0aa24bce905984364f68ccbf1734270e7a9ef5dc0119b1c9f0,e03a8de1e3e65a0aa24bce905984364f68ccbf1734270e7a9ef5dc0119b1c9f0,2802,False
data/raw/tago_stops_nearby/2026-09-03/grid_860ad983865ee55b53b76558424f65041b29e04365d2836ae1a11ce2e92fe68a.json,35245fe146746c7296431e9c0d1dbcba6ebaa7e4879bfdad4f70555070f981e7,35245fe146746c7296431e9c0d1dbcba6ebaa7e4879bfdad4f70555070f981e7,2015,False
data/raw/tago_stops_nearby/2026-09-03/grid_860b665eaaa818a03373fb2b0ae6baa959dddba2851f8ea87931c5c204083431.json,2556a6616cf4690342992e65f6fcfd4d9c1809ed96d968b8a4cc1a799b85d889,2556a6616cf4690342992e65f6fcfd4d9c1809ed96d968b8a4cc1a799b85d889,998,False
data/raw/tago_stops_nearby/2026-09-03/grid_860b9538586d5471ec8016e7b0ad779d0db78d0968ddfc764b5c6695e83e2b53.json,850f8e4b8c1e557ba8ba10fd1ad76dab7a347a88709030721619689bf908c1ab,850f8e4b8c1e557ba8ba10fd1ad76dab7a347a88709030721619689bf908c1ab,7953,False
data/raw/tago_stops_nearby/2026-09-03/grid_86114a5a4e6421648409bf0ffe9adfe1cb5b8761c94b58863e9c012dd73558b4.json,6edb6f8e290b24f092bbd93f22f7bf8be6a9e139b43577230b6fa8199869f10c,6edb6f8e290b24f092bbd93f22f7bf8be6a9e139b43577230b6fa8199869f10c,5997,False
data/raw/tago_stops_nearby/2026-09-03/grid_862ba63decfc31acc4657083fec09877b68620b333e1126c6bef87311ddfcfd4.json,c2525f67486829d1056d097a952735788df0a95491e41475daee526e9f0bce5d,c2525f67486829d1056d097a952735788df0a95491e41475daee526e9f0bce5d,2813,False
data/raw/tago_stops_nearby/2026-09-03/grid_862f4a8e386ac0473afa0609a7e8e1a3fa7b4026f2d6690501444084258ce459.json,b08c344a7f02ae452b1ae6594d33a40a8a52a865b692e0e97308b920feb2d0d3,b08c344a7f02ae452b1ae6594d33a40a8a52a865b692e0e97308b920feb2d0d3,2540,False
data/raw/tago_stops_nearby/2026-09-03/grid_864772a661a26bff5c5ec3a9472edb346679a0edd7173a2cd930c0aa20e00181.json,ee19791301fb91e88b91a2429a11bbfad8979deeb8af15fe0acd36478fe8a2f1,ee19791301fb91e88b91a2429a11bbfad8979deeb8af15fe0acd36478fe8a2f1,2752,False
data/raw/tago_stops_nearby/2026-09-03/grid_8651aea2341c37aad2e31b247d804029b1a954ccca4d1d2de686992ef16af8cd.json,85a93b8aef3934212de8ce799c780e88e7400dd7f0b7de3b938582813b348850,85a93b8aef3934212de8ce799c780e88e7400dd7f0b7de3b938582813b348850,1681,False
data/raw/tago_stops_nearby/2026-09-03/grid_8665b803996b399b7ad28a6b67c85dc06a4ef3c36e7be28d8d89aada4d425b7e.json,57630aca72a86cde936a47e15d6d799cd521ce3f3ead0cdba9b4744c6c4071aa,57630aca72a86cde936a47e15d6d799cd521ce3f3ead0cdba9b4744c6c4071aa,6195,False
data/raw/tago_stops_nearby/2026-09-03/grid_8696ed23b50e3a3081e070cd466d9df36789645b2adc054a7031441660cec749.json,b593846d1c262dfb07c6c17d7593066d4a8f909618285900982be7240df4e7f4,b593846d1c262dfb07c6c17d7593066d4a8f909618285900982be7240df4e7f4,1932,False
data/raw/tago_stops_nearby/2026-09-03/grid_86c771b47f59ef730a230d9754134b75b8c286e3b05a1a673bbd8a56a34e5e22.json,b63fccac5a7277405d1a0c0704caae0150987289b19786cca18bd6b827bebaf8,b63fccac5a7277405d1a0c0704caae0150987289b19786cca18bd6b827bebaf8,10786,False
data/raw/tago_stops_nearby/2026-09-03/grid_87359f817a3695b6d7298dbf2258725397052ece603907dacbe566a418670793.json,3986b636595d291e77849705f746c44d14ebb7654eaca7acbcf85a8590f2b2a0,3986b636595d291e77849705f746c44d14ebb7654eaca7acbcf85a8590f2b2a0,3184,False
data/raw/tago_stops_nearby/2026-09-03/grid_876d0f4d6232cdbb851d0f235c3b86ac203c534a5e3bd2fff20f832e1df8c928.json,befcbbfe9edb605d61d9f48b8db0289d19a26697658b26b656b825cefeed063e,befcbbfe9edb605d61d9f48b8db0289d19a26697658b26b656b825cefeed063e,227,False
data/raw/tago_stops_nearby/2026-09-03/grid_876f99b397ecc58b617c7fd100b8318289cb51f8ff10ecfd664c07c7b937ec8c.json,fefe460b79a956b599b6fd111590635ca60856ed91344d1f1acd4caeea9ab49b,fefe460b79a956b599b6fd111590635ca60856ed91344d1f1acd4caeea9ab49b,2935,False
data/raw/tago_stops_nearby/2026-09-03/grid_878ce27d12bac012df65a9a94d2b36e7e0e2d03e19701862d16a5310f1f73949.json,5a018e6a936d55b02cb3b74de13add341f8484e042e502e20a93aa2f7c04ce32,5a018e6a936d55b02cb3b74de13add341f8484e042e502e20a93aa2f7c04ce32,5138,False
data/raw/tago_stops_nearby/2026-09-03/grid_8790e9d9c321878357dc9cb9060b3e6526dd6310c3829c7cbe4ac53b7633ff8c.json,0e3289e9265e74bfa32440930c67778124ff6d6cd62b644bb6447e5213b25082,0e3289e9265e74bfa32440930c67778124ff6d6cd62b644bb6447e5213b25082,2197,False
data/raw/tago_stops_nearby/2026-09-03/grid_8793e53996fdfb89d3f04178e529678e9750f8e748f1fcf263ed00a55c501b3a.json,c5edc85fe6eee0c11dff8cffddfefbf23fc323ccfe3d5a031dbc30255f24db0d,c5edc85fe6eee0c11dff8cffddfefbf23fc323ccfe3d5a031dbc30255f24db0d,1257,False
data/raw/tago_stops_nearby/2026-09-03/grid_87de2d68419a06ae715272bb9b4c0d2a9be0b23952c901b0a5502efd9a6e292e.json,eac61afac58f9e93dbaa8f4d05f377b019894f24c2c14a48569a2b7a9f46efd3,eac61afac58f9e93dbaa8f4d05f377b019894f24c2c14a48569a2b7a9f46efd3,2981,False
data/raw/tago_stops_nearby/2026-09-03/grid_880b82c53ad7a9c69cf1bf46e4bd4c40234fc3c3ace993b40796a775274a1cdc.json,00a20f990d92bfae7ae4258e3a35c510cd8e8a3804cdf2000ad936690c342ae3,00a20f990d92bfae7ae4258e3a35c510cd8e8a3804cdf2000ad936690c342ae3,1960,False
data/raw/tago_stops_nearby/2026-09-03/grid_88494959e763c469e89f89c0556582a5cf01fe27a7f36cb301082588fb5513c3.json,a028e4a47cb701fe02af4d97b6501ecc196dfa4b5292801194ee541aa35b1463,a028e4a47cb701fe02af4d97b6501ecc196dfa4b5292801194ee541aa35b1463,3386,False
data/raw/tago_stops_nearby/2026-09-03/grid_884f3b5d13027f867c172cba8e601b72ffad4182dcc07f6da9a741988338d304.json,0cd5cf06e89a20e7503febfc5cde1a170303f662ea3e711daa2357e8955621a9,0cd5cf06e89a20e7503febfc5cde1a170303f662ea3e711daa2357e8955621a9,5377,False
data/raw/tago_stops_nearby/2026-09-03/grid_888dbb7ce3dad493baca55f20ed94c95a8d854280c5d58696c3925bc2d7dcba7.json,d87a90aba1939417b240b72d7f976c705e4d0acabdf0f4403edd345f25874cb3,d87a90aba1939417b240b72d7f976c705e4d0acabdf0f4403edd345f25874cb3,3424,False
data/raw/tago_stops_nearby/2026-09-03/grid_88974855add78b3e2ab5cdda268ed83fdd0c83e4a9d7486babca2029a7f42b53.json,1b92cf7da0f447aabce8447c685df465c4a8b73e978f9113355983a6c10860d2,1b92cf7da0f447aabce8447c685df465c4a8b73e978f9113355983a6c10860d2,1711,False
data/raw/tago_stops_nearby/2026-09-03/grid_88d20d9541e05fe0bd37a746f1e2196f28e4edf0c50f83395efca8027e2af1ae.json,6ef41a3910cda30c8d1842bf0fe8ed226ddccf2fd390d227b08e0aa606d117ce,6ef41a3910cda30c8d1842bf0fe8ed226ddccf2fd390d227b08e0aa606d117ce,4265,False
data/raw/tago_stops_nearby/2026-09-03/grid_88ec14ad2f41482dc59ec01aac563ed0d675ed58e9ed85f8a125e99c13d6982d.json,f9c6befbcdf913f45becd26fd8e111b3682804699276c2fd9d6b40d909df48c9,f9c6befbcdf913f45becd26fd8e111b3682804699276c2fd9d6b40d909df48c9,5350,False
data/raw/tago_stops_nearby/2026-09-03/grid_892802cd0f1e00f445a05b011aa6f339df9798e83b667f9d6271bc166e4fce03.json,befcbbfe9edb605d61d9f48b8db0289d19a26697658b26b656b825cefeed063e,befcbbfe9edb605d61d9f48b8db0289d19a26697658b26b656b825cefeed063e,227,False
data/raw/tago_stops_nearby/2026-09-03/grid_8943d921a293ddd1cfa8deefb3822e46772ea549d7373f0b48b94787d1308e15.json,905379fc5732d1d4af70ecc261068285f4edf6048f73c7a00dbc17078eb2d352,905379fc5732d1d4af70ecc261068285f4edf6048f73c7a00dbc17078eb2d352,4044,False
data/raw/tago_stops_nearby/2026-09-03/grid_894d44962c007d366aed232b928dc6d18dec97aa2e08190743e383d278f9a98e.json,17670e9e910c121f169b485690309298770daad06a149dd6220d49cf6722e267,17670e9e910c121f169b485690309298770daad06a149dd6220d49cf6722e267,5662,False
data/raw/tago_stops_nearby/2026-09-03/grid_89536bd50a2511662608023eec01d14352547908a6e3f93e873782786d6f243b.json,c451ece24508330b0b7dc8c993197ec7bbb25e7a34a171de7868e95c8bdd2828,c451ece24508330b0b7dc8c993197ec7bbb25e7a34a171de7868e95c8bdd2828,495,False
data/raw/tago_stops_nearby/2026-09-03/grid_8982776c2052d80b01beb210ef37f2d9983a0f2d8c339225e16f7b71c4c699f6.json,ada606b5b36320c8681a12230eff648b7ded9cfd7852d5777d3e392b0202f857,ada606b5b36320c8681a12230eff648b7ded9cfd7852d5777d3e392b0202f857,2249,False
data/raw/tago_stops_nearby/2026-09-03/grid_8984a5427afee84035e95c913004268c3683ffbfb75a2f5537b99a3ae6486875.json,dde7493c2f71899f4780bee36aa35585e28a0a2d0a56b6dfe9d7df615ed1f14a,dde7493c2f71899f4780bee36aa35585e28a0a2d0a56b6dfe9d7df615ed1f14a,1726,False
data/raw/tago_stops_nearby/2026-09-03/grid_8999c034160a623593d3c99c8e725d8ccec5f2ccec19b64c718f19df0107aa32.json,0a48cd9bc700242131c8d089e9e3562ecb904df7c9012eb3aa93c342b85fd2ac,0a48cd9bc700242131c8d089e9e3562ecb904df7c9012eb3aa93c342b85fd2ac,766,False
data/raw/tago_stops_nearby/2026-09-03/grid_89d532cc17826df7de5691bca309228267d085bb4abad3224fa29999e5ac26ab.json,86a67eaa22ce37f7002f4a87db5d2bb0df5d344bcf123c27d0aa51aa054a40f8,86a67eaa22ce37f7002f4a87db5d2bb0df5d344bcf123c27d0aa51aa054a40f8,6001,False
data/raw/tago_stops_nearby/2026-09-03/grid_89f2d8d59dbfe5c3a12cb683b7d01781e9d3e35f6f03145d55898d031b4e23fa.json,f3aeeeb2d9f7f216c1a39fb8beaecf98e28592c39c79b7ed0de10c0fd140f894,f3aeeeb2d9f7f216c1a39fb8beaecf98e28592c39c79b7ed0de10c0fd140f894,3523,False
data/raw/tago_stops_nearby/2026-09-03/grid_8a32f357062d79ab9b544c1e7a40fc5f3612f5d6feb16358cdbb2c7c505eaf40.json,124bd30fad24f4e0333ba71be11a3026fa9827786c8a4dbe0626047d9d357e14,124bd30fad24f4e0333ba71be11a3026fa9827786c8a4dbe0626047d9d357e14,4500,False
data/raw/tago_stops_nearby/2026-09-03/grid_8a8f3aa583d400b423ba4568f2dd75d90ffeb47a1f3e8b9b415d80201d32bf41.json,d77021990a36f24bd538f4b6570248222d5b5f355acdcfa844d81e57cd057d98,d77021990a36f24bd538f4b6570248222d5b5f355acdcfa844d81e57cd057d98,3047,False
data/raw/tago_stops_nearby/2026-09-03/grid_8a9c1f757fe60ba2767ee33062599fa44e0421a109ccfccf0f2b80eab2c0eb2e.json,ff22ef88215563a72de17fbd906133235a8f59f0a36085cac3157cd95ded7f0d,ff22ef88215563a72de17fbd906133235a8f59f0a36085cac3157cd95ded7f0d,4687,False
data/raw/tago_stops_nearby/2026-09-03/grid_8aa906ab97b9cc6e5b7d413e4cfa1fe6d654009020ddb5819837bdca43fb1888.json,ae9e086d0a4cc0a0ceb1a91ce1c1eed8185475c455af79bcefad71e38a0d1c3b,ae9e086d0a4cc0a0ceb1a91ce1c1eed8185475c455af79bcefad71e38a0d1c3b,4325,False
data/raw/tago_stops_nearby/2026-09-03/grid_8ab85ce5f86b94c3eb3c914690185fd589b34cbc2ec8c84e2f1919d28ecc425e.json,9c9fe114808bd8d49ec51e487d7887f24f91949d4c39e2132087417cc2249c0b,9c9fe114808bd8d49ec51e487d7887f24f91949d4c39e2132087417cc2249c0b,5412,False
data/raw/tago_stops_nearby/2026-09-03/grid_8ad73e51e4589d54ad80c6b69a847e4c8e4a9c500d82830fabe40e70ae6c4e09.json,0e50c354d45dc5cb9b821315017f89beca758a3013fadde4316bc5b272f7a06f,0e50c354d45dc5cb9b821315017f89beca758a3013fadde4316bc5b272f7a06f,1766,False
data/raw/tago_stops_nearby/2026-09-03/grid_8ae1b8d639b22f0d93732afaa68da03bcd267504ebfe0724d4dcbd7f9e5d6a6c.json,d1ccd8c0fcf287617c15bbb804657a8a7ec68eca430bfc6abe0cfd056736a51b,d1ccd8c0fcf287617c15bbb804657a8a7ec68eca430bfc6abe0cfd056736a51b,2265,False
data/raw/tago_stops_nearby/2026-09-03/grid_8b5b29c3be5dbc16b0dc8ae899ccac26455e499cfdf9f6e99d332b2fe8a72396.json,15b5c9df6832e728dc305433dfd57b350c2f55ae9f507f7e850c898085dd5b13,15b5c9df6832e728dc305433dfd57b350c2f55ae9f507f7e850c898085dd5b13,2789,False
data/raw/tago_stops_nearby/2026-09-03/grid_8b677cc73a86cb479af90039b1829c7cd52f0c636b52784ddc47971c12941019.json,a87c89246290969ae4a1923b42977ac1ad77b9d8c60a5c89001e0e689cb7488d,a87c89246290969ae4a1923b42977ac1ad77b9d8c60a5c89001e0e689cb7488d,973,False
data/raw/tago_stops_nearby/2026-09-03/grid_8b781c1829479b1ce88f10fcfae22a298c1c3d69c9695d0ecc307ce45f024962.json,90f1ebc74ac2fac7c72bf460d25a9099d55e46908aaf252dc2db3bb28e5a3f22,90f1ebc74ac2fac7c72bf460d25a9099d55e46908aaf252dc2db3bb28e5a3f22,1476,False
data/raw/tago_stops_nearby/2026-09-03/grid_8b92c8b0e637f01f87015ead0f198d95f25592223fd6f65ae7cf9e0a3cbf6705.json,26681206a96fec9b33ad8f740d74a13d7cc4acce5960c42842e026b94ec45365,26681206a96fec9b33ad8f740d74a13d7cc4acce5960c42842e026b94ec45365,6513,False
data/raw/tago_stops_nearby/2026-09-03/grid_8ba46f047cd4b39554ee76e1e793c5fd11758b5e4e24526d3e2008acd0728137.json,c018552adf3b492092cf0917d6c9c719553167720c31848fbb8d1b5896143d23,c018552adf3b492092cf0917d6c9c719553167720c31848fbb8d1b5896143d23,2502,False
data/raw/tago_stops_nearby/2026-09-03/grid_8bb04718eac0e147379c71b8186b6190cc3dff0b85763a5aa8534e8cdfc0a1bd.json,947e5c9da70112af325e97e8d42de664317bb7f0b6bb0706e4533d7b3fac89a3,947e5c9da70112af325e97e8d42de664317bb7f0b6bb0706e4533d7b3fac89a3,1238,False
data/raw/tago_stops_nearby/2026-09-03/grid_8bc6888ad04ce7b76b0bcb39cc2b81492af2d906df75bf908e3765dcfecfd808.json,0f78936114125820a51597879d8263d0b32c8d22cf4dd6178953472c299f44cd,0f78936114125820a51597879d8263d0b32c8d22cf4dd6178953472c299f44cd,1529,False
data/raw/tago_stops_nearby/2026-09-03/grid_8bc779f5eb78216585856010b12b0e349f045341b1ef1dca65735e07112e1908.json,4348154cbd00801594652fe6cfc86fa619eaecbae3b5e98fcfe26152d3f58983,4348154cbd00801594652fe6cfc86fa619eaecbae3b5e98fcfe26152d3f58983,5354,False
data/raw/tago_stops_nearby/2026-09-03/grid_8bdb09d513f42ff388fab195219821f380acf952045ec243249d0e26049c7f72.json,6158ab820da1de826d15c40cb7d2b855aaaf3cd73513941de0d1c915287699a4,6158ab820da1de826d15c40cb7d2b855aaaf3cd73513941de0d1c915287699a4,3250,False
data/raw/tago_stops_nearby/2026-09-03/grid_8be3f0fb118e2e71b006837f5065ae9061ccbd5fde44f430ec6ea5c717348823.json,4fbc69acf7eb5b3282a21bf8ddb94014b4b2067034ece3d8b7003e57d10418b8,4fbc69acf7eb5b3282a21bf8ddb94014b4b2067034ece3d8b7003e57d10418b8,2661,False
data/raw/tago_stops_nearby/2026-09-03/grid_8c00cf3a7efb2d0060f3c1af23dad750cf5b0d16a2f396889245a5535fc108b1.json,b26482c4f61da63e333b3a779f8851f33cf3a052c8014de94dbd58612c6f988c,b26482c4f61da63e333b3a779f8851f33cf3a052c8014de94dbd58612c6f988c,1254,False
data/raw/tago_stops_nearby/2026-09-03/grid_8c161187ca80a3c95f080248673f324d4cd342e5506fb9c49f24cfe49e0996b0.json,b9b2d7f2cb02abc610ecfacdc9ae3cc6c3da4825d6007d76874e31583e28bb9b,b9b2d7f2cb02abc610ecfacdc9ae3cc6c3da4825d6007d76874e31583e28bb9b,5396,False
data/raw/tago_stops_nearby/2026-09-03/grid_8c16bb137981fe77619821f3d6b4a54864b39cb297633dbfc5e5d8cd6ef4aed2.json,e010e5733294a813d2e4d4c2e3b4a387d8a3b1739fd0f6e56b8beb83f01f30eb,e010e5733294a813d2e4d4c2e3b4a387d8a3b1739fd0f6e56b8beb83f01f30eb,4620,False
data/raw/tago_stops_nearby/2026-09-03/grid_8c19afc2114aab24a5544dcf1812114921abb271df2e905312691d209e33dfbb.json,befcbbfe9edb605d61d9f48b8db0289d19a26697658b26b656b825cefeed063e,befcbbfe9edb605d61d9f48b8db0289d19a26697658b26b656b825cefeed063e,227,False
data/raw/tago_stops_nearby/2026-09-03/grid_8c20235d79fe2821c35046de3863f48c0c018b04c1ab1b1709b7ec0910bf0e3d.json,3e814a3e49d5c15b98fa66b63dddc9751a42c14814aa560c0afb725a4e44a1a4,3e814a3e49d5c15b98fa66b63dddc9751a42c14814aa560c0afb725a4e44a1a4,1480,False
data/raw/tago_stops_nearby/2026-09-03/grid_8c2a5f48a3708fdf8423799ae6a0deb7f3a5839900248c020c4355e80397020d.json,475dfd9d5a25226c515e2b2c3646cc67329c7a660290931c6c9e758a7ecce287,475dfd9d5a25226c515e2b2c3646cc67329c7a660290931c6c9e758a7ecce287,5395,False
data/raw/tago_stops_nearby/2026-09-03/grid_8c384320c04cb0071ac9ea1e4d3a7875bc5d9964138fb17bac3b64dfc2c6efa6.json,b746505c4ae404278f2251ff38ad7b21b4b38db54a7f8e620ac8ce8ded8afc3a,b746505c4ae404278f2251ff38ad7b21b4b38db54a7f8e620ac8ce8ded8afc3a,5834,False
data/raw/tago_stops_nearby/2026-09-03/grid_8c4e40fbd6afc131f0bd85097678de85bd80c3cb7232c47cdadf465399926e4d.json,799ee905d1ef873594ff5b3413a816c39b293e3eb06b2af79c974936029a386f,799ee905d1ef873594ff5b3413a816c39b293e3eb06b2af79c974936029a386f,1054,False
data/raw/tago_stops_nearby/2026-09-03/grid_8c6ae1ac30c05a6474e8385dff8d357132565968df3a05162e7a48f1d47f730c.json,1972753c589c3e2744daa6566e922bd5c1efd57b2070688dcaac79064ab4dcbf,1972753c589c3e2744daa6566e922bd5c1efd57b2070688dcaac79064ab4dcbf,4192,False
data/raw/tago_stops_nearby/2026-09-03/grid_8c928639503b293391ef7e9cf4ba7158eb90aef5850655f9f2e10f2ee33ab10e.json,befcbbfe9edb605d61d9f48b8db0289d19a26697658b26b656b825cefeed063e,befcbbfe9edb605d61d9f48b8db0289d19a26697658b26b656b825cefeed063e,227,False
data/raw/tago_stops_nearby/2026-09-03/grid_8c94c21092643263f79b3d456649ecb3c254761a712433a5247a34023d047c5b.json,2e66eb2b100159d907494733c950ccf415d258fd964bd51a57889bc85c26e10c,2e66eb2b100159d907494733c950ccf415d258fd964bd51a57889bc85c26e10c,5436,False
data/raw/tago_stops_nearby/2026-09-03/grid_8c9a657a221aaae028adaa14481cbff41e3469b214ee0d890b02966ad9709cf6.json,31dadea5bde4be9e3b02627c34e9ffe99af5daab858668da5ded511d517b6e4c,31dadea5bde4be9e3b02627c34e9ffe99af5daab858668da5ded511d517b6e4c,500,False
data/raw/tago_stops_nearby/2026-09-03/grid_8c9ddb30ff7fbc6e39aa853239452eb88d79f689669dd26cb35388d8279219a5.json,d47ce9becfcebc89bc7c8692b59a9346b68fae1a7e2b55a9b093c321257e73d9,d47ce9becfcebc89bc7c8692b59a9346b68fae1a7e2b55a9b093c321257e73d9,3712,False
data/raw/tago_stops_nearby/2026-09-03/grid_8ca81a4612c2c13fee71fba48c533b3e0d595763fd45656ce8207d18c9bd9262.json,f993513c09519cec048b25f414ac7cef140ba65a73372d7aca6c5123f51e3991,f993513c09519cec048b25f414ac7cef140ba65a73372d7aca6c5123f51e3991,3712,False
data/raw/tago_stops_nearby/2026-09-03/grid_8cab28ecd8a1079aaf402ab08055981e8cfa2fd69f86c0aba810ac5dd5676ad8.json,51ce8913f27c8935c92e29ae4f65edf1f64ffd40cdfa0b2c39bc32dae363e81f,51ce8913f27c8935c92e29ae4f65edf1f64ffd40cdfa0b2c39bc32dae363e81f,3146,False
data/raw/tago_stops_nearby/2026-09-03/grid_8cad41b5ab1e1a89aa236bb292e533edbd6a3617a4bffc06a2076e5c91ee4b4d.json,65bd6f6254d0e758534568939244eed1f06229027613eda20fc3be5db44b7306,65bd6f6254d0e758534568939244eed1f06229027613eda20fc3be5db44b7306,1959,False
data/raw/tago_stops_nearby/2026-09-03/grid_8cb0276b40fbc94ad3bcd31fa1f110144cf3adebcc7da9e1fd26b832a4da7817.json,d77675d315b8841dfc0901e3b430d7b3b961443879dd0671e047e1df33f44a40,d77675d315b8841dfc0901e3b430d7b3b961443879dd0671e047e1df33f44a40,6550,False
data/raw/tago_stops_nearby/2026-09-03/grid_8cb5df4028ac670cd0402fa61f882e6472c636f3d0fead2f49159915929f7b34.json,c9260a5e0b6b63d8f3647ead2dec6a6d8882d7050720ed3932fdde7a41e5a7f7,c9260a5e0b6b63d8f3647ead2dec6a6d8882d7050720ed3932fdde7a41e5a7f7,6227,False
data/raw/tago_stops_nearby/2026-09-03/grid_8cb5edd1e38451d4d2881b435bfe05770f5430cf4898bdafe7f1b0fc7a402a62.json,a467af486e3ca612712f8a5a7ebec74884933c69aeb962bef16d06885fd2c014,a467af486e3ca612712f8a5a7ebec74884933c69aeb962bef16d06885fd2c014,5228,False
data/raw/tago_stops_nearby/2026-09-03/grid_8cb77d7570589156e37520960fe346fea443b9e6b98a4782a615d8edb1ca1657.json,20cf0b1e3e18a075464a6fce2812cab7f006796e1adc670b7b07ae888e2cad28,20cf0b1e3e18a075464a6fce2812cab7f006796e1adc670b7b07ae888e2cad28,4911,False
data/raw/tago_stops_nearby/2026-09-03/grid_8ccb43d78276ca78de82347e7d2bb899f10e7cddbd428c7a6d0ebb0241f969d1.json,badcb6692a09b2fe7fb4dc82e111a599ca8f98ffd9d2600a4fa91361fa1d8d49,badcb6692a09b2fe7fb4dc82e111a599ca8f98ffd9d2600a4fa91361fa1d8d49,2700,False
data/raw/tago_stops_nearby/2026-09-03/grid_8cda5a6c8b8394201d1cc608b5cd005445198f0cd4def35afbf53e0b84942991.json,27339df6da56b7f4d5d0d005eca932dd225bac52ba85db688f278fb5dbdcc5fb,27339df6da56b7f4d5d0d005eca932dd225bac52ba85db688f278fb5dbdcc5fb,3933,False
data/raw/tago_stops_nearby/2026-09-03/grid_8ce14a911b9a23f0bfca383f0d57213ed527c9e8056f3d5bb89a010de31edbdb.json,5d6f0176fcdd0335572de6e6ab3e6e8db5dacb92e3e32492d596d2c8e6c46f30,5d6f0176fcdd0335572de6e6ab3e6e8db5dacb92e3e32492d596d2c8e6c46f30,4222,False
data/raw/tago_stops_nearby/2026-09-03/grid_8d1af85183edf7fbe177f8547e522f3d6c5e7b20d65d47d041366e21dd4c55e8.json,6f6f5d0b95dcb369d291045ca662877dab009396697d462fcac0607ebd4d5d59,6f6f5d0b95dcb369d291045ca662877dab009396697d462fcac0607ebd4d5d59,3846,False
data/raw/tago_stops_nearby/2026-09-03/grid_8d597b24863359aa1dd97cc48730e609cd4bd72c6b7a122d99ac5308c1918513.json,befdd007d41d3fdba28b06f98de98ea1d7e52caf881ea9b3ee3ff9396813e7df,befdd007d41d3fdba28b06f98de98ea1d7e52caf881ea9b3ee3ff9396813e7df,1489,False
data/raw/tago_stops_nearby/2026-09-03/grid_8d5c16286e1692a3afbfbe09b0a5f3789e0125d15b6876cab7f57f68c49c2814.json,eed8b91c9c38c83fdac45b2e5c85d5ec119c58f2e396f46b70caf23da52143eb,eed8b91c9c38c83fdac45b2e5c85d5ec119c58f2e396f46b70caf23da52143eb,1734,False
data/raw/tago_stops_nearby/2026-09-03/grid_8d6cee8d69b30f109aebd63d1641f02980a59c8fae0944a13c07a78b551445ac.json,41e81395ea0942af7901c16a0e4ea823b4be533557c7587cd70e3e99c726cb3b,41e81395ea0942af7901c16a0e4ea823b4be533557c7587cd70e3e99c726cb3b,2695,False
data/raw/tago_stops_nearby/2026-09-03/grid_8d72d7a13f70b04142e78d8a1a075926fe964f394fb0b67fe42284a92ff4faa2.json,31e8c6a0fd0dd0bd6312073598b350961c69264e504cb40ed14c94daed689a4c,31e8c6a0fd0dd0bd6312073598b350961c69264e504cb40ed14c94daed689a4c,5641,False
data/raw/tago_stops_nearby/2026-09-03/grid_8d8ee4e9ede6e736071e2c420989a5436cc14cbb2822ca79617da2823f811983.json,537272a7674ebcd8ba145844d363cb9ec691e1e33e8726dbc56e830c53b7f0a7,537272a7674ebcd8ba145844d363cb9ec691e1e33e8726dbc56e830c53b7f0a7,2783,False
data/raw/tago_stops_nearby/2026-09-03/grid_8d954066eb600e434513b59c8934610dff9c17df657108609aed606f1e23aa76.json,55270f1c39557e0cbbd11380105be23dd5e4ebd018d2c1eef3246f38f7af6f24,55270f1c39557e0cbbd11380105be23dd5e4ebd018d2c1eef3246f38f7af6f24,2329,False
data/raw/tago_stops_nearby/2026-09-03/grid_8db080654d7629a165700130463a2968a4e959f4cd9f13edffe2d9eab0f4d59d.json,1a78484de39f9d537f347b61ffbf7987aaa83d701bcbf08729da9ecd66912606,1a78484de39f9d537f347b61ffbf7987aaa83d701bcbf08729da9ecd66912606,2163,False
data/raw/tago_stops_nearby/2026-09-03/grid_8dba7c84defbb84353c74304e1753b4eae2878306adb23ba85349a0685c4a718.json,247475a2cdb7e01114107f091d0ab810db8433b2e7423f3df206bffdf1bf35c6,247475a2cdb7e01114107f091d0ab810db8433b2e7423f3df206bffdf1bf35c6,2765,False
data/raw/tago_stops_nearby/2026-09-03/grid_8dbb52f9622ce2bfbce4432102471fe16272e34950ea61c3cd7ee141501c812d.json,b21ef8088a46925155ede5a875ce84efcaf1c8c69788cf74185d5f738ecf85c8,b21ef8088a46925155ede5a875ce84efcaf1c8c69788cf74185d5f738ecf85c8,460,False
data/raw/tago_stops_nearby/2026-09-03/grid_8dbb76c769a9d18a9e4f0752225312c9900eeaf0cc59a36455fb97c29db627fb.json,0749a8ef5ad38311692eaaf62bd6fddbbd126816ac15b4a154e4b4cd88a7b90f,0749a8ef5ad38311692eaaf62bd6fddbbd126816ac15b4a154e4b4cd88a7b90f,4853,False
data/raw/tago_stops_nearby/2026-09-03/grid_8dcd20924eeda3202036a37a493505a9a8ca3ca7de85ed21435380165139d583.json,e380a7c5688c3336ceb138095551c32dcbc26b74d7d7c7117eaac02dd24ac6b1,e380a7c5688c3336ceb138095551c32dcbc26b74d7d7c7117eaac02dd24ac6b1,4305,False
data/raw/tago_stops_nearby/2026-09-03/grid_8dd4f2cf6ca18f135831990464d4736a23c0e6fd3e36c9b77a3636889344a781.json,fc7fa5ed654395689ae05d71188a0c817991562faac4f98b350e182666a64b28,fc7fa5ed654395689ae05d71188a0c817991562faac4f98b350e182666a64b28,3964,False
data/raw/tago_stops_nearby/2026-09-03/grid_8de07f735625244a5b87b6f8c64c2bb2466b241019985d6f2fb98602d66b6590.json,e3184f56e69d57a4095dadb45871a3319898ae9c5c2ba9b052fa479071835669,e3184f56e69d57a4095dadb45871a3319898ae9c5c2ba9b052fa479071835669,1722,False
data/raw/tago_stops_nearby/2026-09-03/grid_8e1286edaaf4769e39fd5d3311435570e1a7ef67ad04a933ca0229fdb116ecd2.json,befcbbfe9edb605d61d9f48b8db0289d19a26697658b26b656b825cefeed063e,befcbbfe9edb605d61d9f48b8db0289d19a26697658b26b656b825cefeed063e,227,False
data/raw/tago_stops_nearby/2026-09-03/grid_8e3d3e2551ca85c5b0a57f1f3040d418b00ab8c7c9d74c28bc73b871f44a766b.json,3a87e7a69ccff410e629ee2baf77d6976b501aba0d5210fd6144434a4f24d612,3a87e7a69ccff410e629ee2baf77d6976b501aba0d5210fd6144434a4f24d612,2417,False
data/raw/tago_stops_nearby/2026-09-03/grid_8e450dac068a4307dc35e2e5c763e715100c3db46abc3d189e76cd7f0934a97f.json,c28c3b81eee2e6fb377ab21a181906e42aa39be51c150b78385c896b2f2e19d6,c28c3b81eee2e6fb377ab21a181906e42aa39be51c150b78385c896b2f2e19d6,1734,False
data/raw/tago_stops_nearby/2026-09-03/grid_8e51407ab7e9673f7d7f40a6f9d1dfbc7a6e66959ca4161ab080025a53619622.json,327aff385f3eddb692bfa5914b9a6521df0fbb9da039bc02d9a0e6a859f56166,327aff385f3eddb692bfa5914b9a6521df0fbb9da039bc02d9a0e6a859f56166,1086,False
data/raw/tago_stops_nearby/2026-09-03/grid_8e9609de6c43d91a0e8726dcf1bc012967286f70709816ffc5b2904d83cb575c.json,321cf3c2c849548d50e45b0a3c2e3e06c5899d99660784e6ebdefedf57114c4b,321cf3c2c849548d50e45b0a3c2e3e06c5899d99660784e6ebdefedf57114c4b,4774,False
data/raw/tago_stops_nearby/2026-09-03/grid_8eb6816c2622253c50e8d4315bd3d3c444a3e35be645be2e3ff8e746bf313d31.json,7e27159e0fa94f3e60a341448b53af69f243f3ae052edc0c5b5d7fcaf646a89a,7e27159e0fa94f3e60a341448b53af69f243f3ae052edc0c5b5d7fcaf646a89a,2459,False
data/raw/tago_stops_nearby/2026-09-03/grid_8ec5bbdaf3ce0ae2ca08d18a312943c450ad56cbf74f67b43acb273c9612c51e.json,3b919f003e51b1bf11ccf5f5d7dc3a2e8bb10d436ea63a02c3f39cd507124b85,3b919f003e51b1bf11ccf5f5d7dc3a2e8bb10d436ea63a02c3f39cd507124b85,5465,False
data/raw/tago_stops_nearby/2026-09-03/grid_8ecb8ccc72cce0a82c3ea752c451c457496ed9754b7c8a2effc011194b600e86.json,190040ef07be141abe6aee029372c0af6fec1387f112ffe05c5fbc8be7b78cbd,190040ef07be141abe6aee029372c0af6fec1387f112ffe05c5fbc8be7b78cbd,2437,False
data/raw/tago_stops_nearby/2026-09-03/grid_8ecba9ae04c69415bcfe58fe0636bdb4c5482cb0008ecf4ed3fb44a6d01dd874.json,befcbbfe9edb605d61d9f48b8db0289d19a26697658b26b656b825cefeed063e,befcbbfe9edb605d61d9f48b8db0289d19a26697658b26b656b825cefeed063e,227,False
data/raw/tago_stops_nearby/2026-09-03/grid_8ee632622c500d9fc6b497ce8ace4ab951c905c0b952c4a1661c20ec850b6d51.json,53d849f81d3ed8922a7457b2e3d33af576021d6c5cdc7b8f82d9664741fb9afa,53d849f81d3ed8922a7457b2e3d33af576021d6c5cdc7b8f82d9664741fb9afa,771,False
data/raw/tago_stops_nearby/2026-09-03/grid_8ee7d01033a5240c20170a5dc412b8ec1a2bfba692b42ca3958a480364296049.json,3fcfa687d1ffbe10fb38e9b2eb7fcc5dd9020bfd60c0a087f2b0f54f4e692648,3fcfa687d1ffbe10fb38e9b2eb7fcc5dd9020bfd60c0a087f2b0f54f4e692648,4104,False
data/raw/tago_stops_nearby/2026-09-03/grid_8ee8af122b8cdba9283620f7d166996a1398cea5c1ba24cd6c6aba0030aab86f.json,befcbbfe9edb605d61d9f48b8db0289d19a26697658b26b656b825cefeed063e,befcbbfe9edb605d61d9f48b8db0289d19a26697658b26b656b825cefeed063e,227,False
data/raw/tago_stops_nearby/2026-09-03/grid_8ef39055447614933c43e0e92b110b7640d5247925508c2b892321e6da0ab81b.json,c310c5a83b6b3412c174934081abeb9a358cfe7cf4592162daffef0303cb6245,c310c5a83b6b3412c174934081abeb9a358cfe7cf4592162daffef0303cb6245,4570,False
data/raw/tago_stops_nearby/2026-09-03/grid_8efd498f77d643e422935019272a4284e291002099491a2e517678d5152fe1f1.json,5a68e3458e12fbe1fb2c8f4778513740b0109119da6dd34be5c299e01bdc00bc,5a68e3458e12fbe1fb2c8f4778513740b0109119da6dd34be5c299e01bdc00bc,2724,False
data/raw/tago_stops_nearby/2026-09-03/grid_8f45c63448b9a30a9dc5edcb379545c353d95706d2c98761f44e348c6997c480.json,93696e0c36fc1f411a61fe1246adea30665db6c8d633d35047054c9897d28fba,93696e0c36fc1f411a61fe1246adea30665db6c8d633d35047054c9897d28fba,4872,False
data/raw/tago_stops_nearby/2026-09-03/grid_8f53c8bdba5ed1e9f706a078d9d09a610bdd182833985c2ee36e4d70e29893b9.json,92f2231af50facc43633dc5361410920fd2ea90a4e39e88a732b736f9f90fd39,92f2231af50facc43633dc5361410920fd2ea90a4e39e88a732b736f9f90fd39,5983,False
data/raw/tago_stops_nearby/2026-09-03/grid_8f6748c27c5cec6eaded7f0d7b9c691d6c94e62bca451bec24230373e5ed1566.json,b0fa0eba226c26938d6f4b803237f5478aa6e0bf4a245713d63310213a80344c,b0fa0eba226c26938d6f4b803237f5478aa6e0bf4a245713d63310213a80344c,747,False
data/raw/tago_stops_nearby/2026-09-03/grid_8fa5545c15a07b6a69e286083bd782e7db32148cd4a9d727438154313e9d29de.json,44ce476f05aa0c4a3ff98b124f7f550e0133fefc757a87f13e5ffae1f31bdd75,44ce476f05aa0c4a3ff98b124f7f550e0133fefc757a87f13e5ffae1f31bdd75,1770,False
data/raw/tago_stops_nearby/2026-09-03/grid_8fb1f8a52fa4d37e69b84ebe0a639af0020ee50fea20dcff5b270a814c3af889.json,f5a25d823940efe1a1a2f2bdb614556c6f36a0cf5cfffed8fd7573b91362da84,f5a25d823940efe1a1a2f2bdb614556c6f36a0cf5cfffed8fd7573b91362da84,754,False
data/raw/tago_stops_nearby/2026-09-03/grid_8fdbf50222559648aba15dc7ac81cc7041e76baad162086674e82c209eeb14b1.json,befcbbfe9edb605d61d9f48b8db0289d19a26697658b26b656b825cefeed063e,befcbbfe9edb605d61d9f48b8db0289d19a26697658b26b656b825cefeed063e,227,False
data/raw/tago_stops_nearby/2026-09-03/grid_8fea0873bde53c5973931f38509de0c8e9452e073317dcaa33e9fee088cb1442.json,befcbbfe9edb605d61d9f48b8db0289d19a26697658b26b656b825cefeed063e,befcbbfe9edb605d61d9f48b8db0289d19a26697658b26b656b825cefeed063e,227,False
data/raw/tago_stops_nearby/2026-09-03/grid_8fee6a859839bb7ebfcd7ed77e3fe54734bfdf33a5f343c65819ad2403b8ebc6.json,befcbbfe9edb605d61d9f48b8db0289d19a26697658b26b656b825cefeed063e,befcbbfe9edb605d61d9f48b8db0289d19a26697658b26b656b825cefeed063e,227,False
data/raw/tago_stops_nearby/2026-09-03/grid_90076aed3172efadeac277f50e7ffd18971f076fb875275904c586c6e52aa6fd.json,2748b2b19cccb8aa02706832fc562500490a6953eadc856633588c511cc4b213,2748b2b19cccb8aa02706832fc562500490a6953eadc856633588c511cc4b213,1087,False
data/raw/tago_stops_nearby/2026-09-03/grid_902dc39fd3800898622c9d510bd3fb38e3fe3f9f7b26a5d3275486caae66eb2a.json,ad65ddcc46f0cf3da52e60fe3b8b6e0ca67b294236b78df50ab666e904594a32,ad65ddcc46f0cf3da52e60fe3b8b6e0ca67b294236b78df50ab666e904594a32,3226,False
data/raw/tago_stops_nearby/2026-09-03/grid_9049582364c894d95fe9d13a52c57dac1273958bfe7a4bd22dc79593b0b19c1e.json,85307979cf0ce13423bd893b58060c2b4605f880a8aa30e81917fe9b4865fe6b,85307979cf0ce13423bd893b58060c2b4605f880a8aa30e81917fe9b4865fe6b,2146,False
data/raw/tago_stops_nearby/2026-09-03/grid_9061cf45983030502e70b31b2169cb6448395b6480af3f562ce0fc6aaf7426e3.json,9554944bfa3317eb05f8e5e05f63c58ca53e3f1cc39b1d721eae66ea7d6cff36,9554944bfa3317eb05f8e5e05f63c58ca53e3f1cc39b1d721eae66ea7d6cff36,3032,False
data/raw/tago_stops_nearby/2026-09-03/grid_907e40896a75780ebe8fd20f924ebc636e98ee194c7a034cd054ca90c162751b.json,fd208d9f1a5c27598cf4b3b79bdb0cf61f7f361b779ce8105dd177d5c222befa,fd208d9f1a5c27598cf4b3b79bdb0cf61f7f361b779ce8105dd177d5c222befa,4945,False
data/raw/tago_stops_nearby/2026-09-03/grid_9094cf315479710fa8dd7603b5b4826d916df0d0b4a27be7038778045b4e2a1c.json,95564d385dd626c70fa71bc1d4e56e99a0f6ae457dfbb06500db179c4e360616,95564d385dd626c70fa71bc1d4e56e99a0f6ae457dfbb06500db179c4e360616,2224,False
data/raw/tago_stops_nearby/2026-09-03/grid_9096edb979369ad6f92154c26856841850367db1baf14911b0a211a0dd2602ae.json,07d95d95afa1aa37ad3aad74579341ffc63ecce490b66d8f42caae1e90460deb,07d95d95afa1aa37ad3aad74579341ffc63ecce490b66d8f42caae1e90460deb,4475,False
data/raw/tago_stops_nearby/2026-09-03/grid_90ddca4d407b55a4c4ef7b776b9d87cdc7b953d7ea228634c858a4bcb5eb6d04.json,88afb4642159c96a9dafb8186c5541faf3cdc9af83c1b0120538c6985b01fd19,88afb4642159c96a9dafb8186c5541faf3cdc9af83c1b0120538c6985b01fd19,4575,False
data/raw/tago_stops_nearby/2026-09-03/grid_911fd5e29a52362b354205e2811e7976da4a143d87190d4cad16015e46111234.json,8f7426010a78f1f59d5c8b0bf41fdb3d70fa69e3a3d320c14d91093040628925,8f7426010a78f1f59d5c8b0bf41fdb3d70fa69e3a3d320c14d91093040628925,733,False
data/raw/tago_stops_nearby/2026-09-03/grid_9164291aad5fa7964ab0392f5c6a6837fea10ea114ca96f36b8651688d4e7913.json,74946bc2a9d6e27a994da01107a598a304f15e1bab9b93ecdc6ba31e57d40a3e,74946bc2a9d6e27a994da01107a598a304f15e1bab9b93ecdc6ba31e57d40a3e,1920,False
data/raw/tago_stops_nearby/2026-09-03/grid_916fb0bcdae3cbe35b64acba7e66771f38ef3a2411b2ecda1a88227de64f3e76.json,479858404042aef73a90f6af8c30d00a3f645af43c3ca26fa15ad00158689b89,479858404042aef73a90f6af8c30d00a3f645af43c3ca26fa15ad00158689b89,4913,False
data/raw/tago_stops_nearby/2026-09-03/grid_918057ca27b712d0c56420674c9ff1b16af3c8676b233d84e2d71126b415ac63.json,530a6f4aa365b810d10e9c5c47d489961009c5378fb1f900c2e716a5b8dbc6ec,530a6f4aa365b810d10e9c5c47d489961009c5378fb1f900c2e716a5b8dbc6ec,2718,False
data/raw/tago_stops_nearby/2026-09-03/grid_91828868dea0d868078a9a71bd90ac98c992954ca638e4b803647ae313dc2f25.json,6449716489ed3e4394ebe53888f8f359904446b119c8b899179dff97c983e02f,6449716489ed3e4394ebe53888f8f359904446b119c8b899179dff97c983e02f,2163,False
data/raw/tago_stops_nearby/2026-09-03/grid_918428bdf2915f147518b6f3d4322f55d00855536bd48115565141e3c410bb71.json,befcbbfe9edb605d61d9f48b8db0289d19a26697658b26b656b825cefeed063e,befcbbfe9edb605d61d9f48b8db0289d19a26697658b26b656b825cefeed063e,227,False
data/raw/tago_stops_nearby/2026-09-03/grid_91a92d33c3e496c41474815ca4922fe920a1a4fc9d3691134ab79b85eda5b27b.json,d3d8b311c0b01600feb7e8ce9d767d229cffeb0e276197f0cdcaccdd08dcdc87,d3d8b311c0b01600feb7e8ce9d767d229cffeb0e276197f0cdcaccdd08dcdc87,2515,False
data/raw/tago_stops_nearby/2026-09-03/grid_91c1e6978a55ad4137a2293ac942147181be37da5ed959084770f00246bfe80f.json,3efe933bab066dbdb9a23d4d4587b2a750516799f4d3ec913bc907dbacd2d282,3efe933bab066dbdb9a23d4d4587b2a750516799f4d3ec913bc907dbacd2d282,1727,False
data/raw/tago_stops_nearby/2026-09-03/grid_91def8e0e250b0c4e0ef64010af328a1663a3786fdadcf3455af866a053d46e4.json,b25f19bd2fbc43efc5cc64f73192e89116ca5fe2ac84a77e6dc0286c8ae56b08,b25f19bd2fbc43efc5cc64f73192e89116ca5fe2ac84a77e6dc0286c8ae56b08,5401,False
data/raw/tago_stops_nearby/2026-09-03/grid_9211787b825ace29b5f718d8c58b235b1bc4d10e31d426c8493f434f6143bee0.json,52ab8e3758552f80377f2f8b6febff5214461a7620711a4f3411819dca847596,52ab8e3758552f80377f2f8b6febff5214461a7620711a4f3411819dca847596,2713,False
data/raw/tago_stops_nearby/2026-09-03/grid_923436b7513dc30404cd9738f138dd4b9d67dd6a1d73bf29e81f13a0dff6d63c.json,ce923a20ef3c8b06140defcdd7f374635790b1a67d70839100a96b198d9e40e2,ce923a20ef3c8b06140defcdd7f374635790b1a67d70839100a96b198d9e40e2,466,False
data/raw/tago_stops_nearby/2026-09-03/grid_925f6977e4cb8dbefb6f83a615e0b609a20aafa0d72a47201919a6d37af54372.json,365ffc4d1b0b35190bfd21a61b47117b4165521e63b67358a1353365c0b51680,365ffc4d1b0b35190bfd21a61b47117b4165521e63b67358a1353365c0b51680,2267,False
data/raw/tago_stops_nearby/2026-09-03/grid_9275fcbec1060c8784dd39a43f9c9428bd984c1d30d4398f57deba54754f6c64.json,45d35033e8bbd7e2341608cda05741f51865eebcf635e193a08a39d41a8f4d3a,45d35033e8bbd7e2341608cda05741f51865eebcf635e193a08a39d41a8f4d3a,1028,False
data/raw/tago_stops_nearby/2026-09-03/grid_927b001530152a8296b20f24713a1b83d393daa54a4b379388f6f4ccec32f4d6.json,074f97454bf2e5176be4cf8f93a384e37dac1825adfed2defc5f713d216abdf1,074f97454bf2e5176be4cf8f93a384e37dac1825adfed2defc5f713d216abdf1,4553,False
data/raw/tago_stops_nearby/2026-09-03/grid_92b0c10e9c1def03febeb9bd368313a0b2ab959f073d7e71a13e9b597afdd422.json,3a98d8451329260f22709f65390bed1a486b847b5ce1bc8d4b1293d87af1eaee,3a98d8451329260f22709f65390bed1a486b847b5ce1bc8d4b1293d87af1eaee,2699,False
data/raw/tago_stops_nearby/2026-09-03/grid_92c510a28de0af5a35b515dc21ad05a8485bcdd606b100c351b0552dfd1b68be.json,befcbbfe9edb605d61d9f48b8db0289d19a26697658b26b656b825cefeed063e,befcbbfe9edb605d61d9f48b8db0289d19a26697658b26b656b825cefeed063e,227,False
data/raw/tago_stops_nearby/2026-09-03/grid_92c858a66879a350f35defa09a7811e19d04c47b60f97e43d8cbe30cb9a833e4.json,1a8864ea12d7f88e956345ae405348f9b6aa8521cd4f067ceb9f91a68f3f5ef1,1a8864ea12d7f88e956345ae405348f9b6aa8521cd4f067ceb9f91a68f3f5ef1,1783,False
data/raw/tago_stops_nearby/2026-09-03/grid_92cf0d272e4385807c9e0e6214e1d96cd220a393ab4f6ee43a95b48ec0f369b1.json,1148072080021955a93419aed378c9db40c0a9ab165e364f7a81c9e581c6be87,1148072080021955a93419aed378c9db40c0a9ab165e364f7a81c9e581c6be87,2541,False
data/raw/tago_stops_nearby/2026-09-03/grid_92da2751eebd69f2ffd64f5c1851202cbbf2e3437bc27560065dc6054e1752f1.json,3118abd992e062ba515a728b280160a4620ce70baf42f9979e03cd3898209b41,3118abd992e062ba515a728b280160a4620ce70baf42f9979e03cd3898209b41,2209,False
data/raw/tago_stops_nearby/2026-09-03/grid_92eb55515413e204619f2940091d09baf52acf61a31adc77ec2091840a9036d4.json,a0c2cc7e3d420acc6d1a70728e1c70fb0d83d0946b901d12d619e02c54d6efea,a0c2cc7e3d420acc6d1a70728e1c70fb0d83d0946b901d12d619e02c54d6efea,1933,False
data/raw/tago_stops_nearby/2026-09-03/grid_932613e84095407c25a757e7ac075196e7bcd15aff4f76555998588cdd32570d.json,047fb8e1f49c05218242c1407162b4f2dc8acd52a9ffeee0203ec8abf51957ac,047fb8e1f49c05218242c1407162b4f2dc8acd52a9ffeee0203ec8abf51957ac,1452,False
data/raw/tago_stops_nearby/2026-09-03/grid_9336bc5df6e7f5f0fd5ef97cf67c24934c49800ec58dd283dc2aae30d6cc01b4.json,3ca1436097d92b247a0f49a817d1f86cf824671afbdbcf49af0b6c36fef089be,3ca1436097d92b247a0f49a817d1f86cf824671afbdbcf49af0b6c36fef089be,2752,False
data/raw/tago_stops_nearby/2026-09-03/grid_933b2e4ec40433308a85c3443fb2452452dee142bc8f087e5c23901a11114fcc.json,7a2c8caa808ac5e13e29f7c70f80d6809ccb4a3f92bb29c6169721a5f6569216,7a2c8caa808ac5e13e29f7c70f80d6809ccb4a3f92bb29c6169721a5f6569216,3687,False
data/raw/tago_stops_nearby/2026-09-03/grid_933c17549ce8db7df4e2053ff093a99ce75917b80140c2d8860af7b44300441e.json,d035699c14d72e35b913491c482a5b68dce93821e25bd3b88803aca5d8b5c2dc,d035699c14d72e35b913491c482a5b68dce93821e25bd3b88803aca5d8b5c2dc,4228,False
data/raw/tago_stops_nearby/2026-09-03/grid_935cc3d1047c5c143d6d59539deecc18b2231486c1787d786bcc9b52de09599c.json,1b324019659d5542fcce304f4a01b41104289141fafd9526132dd6da99c5384c,1b324019659d5542fcce304f4a01b41104289141fafd9526132dd6da99c5384c,3047,False
data/raw/tago_stops_nearby/2026-09-03/grid_9366e6a97443a3c6de2f414dc67f47bdc33c4f6098c03a5f9442fe44fa3fb4d8.json,2c51d7ccb15c27d0336cd938d81671f1e5bb3c53bb9b99e50f9f7d324d6cfd0f,2c51d7ccb15c27d0336cd938d81671f1e5bb3c53bb9b99e50f9f7d324d6cfd0f,3158,False
data/raw/tago_stops_nearby/2026-09-03/grid_93b31bded12ef5183c4e4487f0374265cf3be8144573c36a069705f2d41d8a93.json,b45fffdb907c2a249e6caee4d965a635623f7b1f905ad4c2be505aa025d1019b,b45fffdb907c2a249e6caee4d965a635623f7b1f905ad4c2be505aa025d1019b,2032,False
data/raw/tago_stops_nearby/2026-09-03/grid_93c7fc0f957a3c7cec88c01dde7296690fd95cae155c833a6ff910d915e44789.json,e15468987c2e9ad771372f4aa314a9b8b155633e35c4634c18cf10bdc0c89d73,e15468987c2e9ad771372f4aa314a9b8b155633e35c4634c18cf10bdc0c89d73,4387,False
data/raw/tago_stops_nearby/2026-09-03/grid_93cc3817eee8d06288ddea9792a5b8118e14f56395b9576ab5403c1009314a5c.json,63b901242c3072366a654f52e70a0e2543b337ad890e7a4c0403b91ae728a84a,63b901242c3072366a654f52e70a0e2543b337ad890e7a4c0403b91ae728a84a,1502,False
data/raw/tago_stops_nearby/2026-09-03/grid_93d1270a79b74b2cbf4b7a4a25ecd55b74b32cdae14e68b3e706e1b8a95c9506.json,f5e601c31ce6b49ec57478032f86c2b783bcc771c60072d87b936a7fcf7493dc,f5e601c31ce6b49ec57478032f86c2b783bcc771c60072d87b936a7fcf7493dc,3730,False
data/raw/tago_stops_nearby/2026-09-03/grid_93f7aed466bd6787c9855cde574bf9ae83ecefb05130524cb9d9536216c1333f.json,8b5f0e287a43d880a63acce50d6cf8097c43fa67bc9dd19e5444f38b0c03dccc,8b5f0e287a43d880a63acce50d6cf8097c43fa67bc9dd19e5444f38b0c03dccc,2711,False
data/raw/tago_stops_nearby/2026-09-03/grid_940605c7e9d142d029f9aa9fecb48a41f17b5650bf61a4de8b011d9617cc1966.json,39ead549f4faf7498f5771d52c3fe0f85eb5abb0392e063f7c46063ab1115f01,39ead549f4faf7498f5771d52c3fe0f85eb5abb0392e063f7c46063ab1115f01,2501,False
data/raw/tago_stops_nearby/2026-09-03/grid_94089e879658c6770268b33c9825b4e174ced5f0ece61a70475615b407262a78.json,9ffc1a3d0da50c8a2f76acb1bed76d42012904a5a5cd4bd113bd81469e2fe55d,9ffc1a3d0da50c8a2f76acb1bed76d42012904a5a5cd4bd113bd81469e2fe55d,2165,False
data/raw/tago_stops_nearby/2026-09-03/grid_9414d0647dbac1da3e2594d75f4e952cea9edcf2a5779634dfda500a239d1b52.json,0374c42ff54d0623c899d9c8ad21088594f924291b635d85f3df36c6a1a38526,0374c42ff54d0623c899d9c8ad21088594f924291b635d85f3df36c6a1a38526,1447,False
data/raw/tago_stops_nearby/2026-09-03/grid_944e13a653620f8d39eb588c37b18d8ffa371890de08f249b3fc81f5b1e63e6b.json,77d4797887fa80efe2e454b7cd6a967c280f2b4b474590cf0a47a80acacfe278,77d4797887fa80efe2e454b7cd6a967c280f2b4b474590cf0a47a80acacfe278,4280,False
data/raw/tago_stops_nearby/2026-09-03/grid_944e2d8fd8064118f1764c3ff8b8143a7e9df685828a93ac5ed99a3f254cd67d.json,734ec360f53c14cf0f6bff7670c5549bee6f6efae3b86ff9a9922c70de0d6a93,734ec360f53c14cf0f6bff7670c5549bee6f6efae3b86ff9a9922c70de0d6a93,3095,False
data/raw/tago_stops_nearby/2026-09-03/grid_946d4366036784596a8b0ab0be9ca855c660d4c4510a3292124b77654aac2832.json,8b6cc965d3b98db630b9c7e4b1d497d7c427feec1f131e02ce22733534b7ebac,8b6cc965d3b98db630b9c7e4b1d497d7c427feec1f131e02ce22733534b7ebac,4781,False
data/raw/tago_stops_nearby/2026-09-03/grid_94910462fd56cfda3d91797ed34d9ce6f8dd200557996f0b4a66a94b3be47dd1.json,1d5cac7c10ce9c4b3e94c74c2114929754c9b621f610b51084ab36930c72bdd8,1d5cac7c10ce9c4b3e94c74c2114929754c9b621f610b51084ab36930c72bdd8,4244,False
data/raw/tago_stops_nearby/2026-09-03/grid_949eb33492667fadfba295b76a08de70d8995d09c5a92ce72c1b4f00ed12bebd.json,b02b26d7e1f4d4dd28cef0aceaa9cf28eb397542ccf5fec9b6a3fd1a6034d326,b02b26d7e1f4d4dd28cef0aceaa9cf28eb397542ccf5fec9b6a3fd1a6034d326,3253,False
data/raw/tago_stops_nearby/2026-09-03/grid_94aa4b4a4e8181613e960496ed6313498094727999c465af8d2f08a58547b488.json,2830e88fe50b543b4cca62befe4e1119f676ea516f815bb7e5993b7e3fdb0b77,2830e88fe50b543b4cca62befe4e1119f676ea516f815bb7e5993b7e3fdb0b77,3114,False
data/raw/tago_stops_nearby/2026-09-03/grid_94d3dac8f37aac333b0b29a389a4e1e67c560aefb6b146ee6a018518d5ffda1b.json,301aa910bbfe8286d5d6ae9b4584837f29b9d5b864971058a180edf5089ad656,301aa910bbfe8286d5d6ae9b4584837f29b9d5b864971058a180edf5089ad656,3860,False
data/raw/tago_stops_nearby/2026-09-03/grid_94f0f9a011dc5c52279ac5acd3853aff4f5c2b53d1d6119f37de918bf00cc041.json,3b14808c8395b118fc4981bbbd36ffcb8d95b3ff39fdcb0139c4bc69f71fc41a,3b14808c8395b118fc4981bbbd36ffcb8d95b3ff39fdcb0139c4bc69f71fc41a,981,False
data/raw/tago_stops_nearby/2026-09-03/grid_94f84902f3cf4e2aab28012a2c3f4216d75affca9734159060ee57c0a48ff9c0.json,0c549e101ec16155a7ecde5929d8be9120ef5de170fc2f30693f7d32ce08c7a0,0c549e101ec16155a7ecde5929d8be9120ef5de170fc2f30693f7d32ce08c7a0,2487,False
data/raw/tago_stops_nearby/2026-09-03/grid_94f9a004472a0dde8922802fd5019bf8167fbdf7d81a7b4cef1aaedda5c8b019.json,befcbbfe9edb605d61d9f48b8db0289d19a26697658b26b656b825cefeed063e,befcbbfe9edb605d61d9f48b8db0289d19a26697658b26b656b825cefeed063e,227,False
data/raw/tago_stops_nearby/2026-09-03/grid_952bdabc533fb858b468c5045894583067665850398ae6084d3c1019ba44e1dc.json,e81704d1d540afceea2c5d036c64b00c58c0f04106df4b8cc87c33cb365b3298,e81704d1d540afceea2c5d036c64b00c58c0f04106df4b8cc87c33cb365b3298,2098,False
data/raw/tago_stops_nearby/2026-09-03/grid_9559503a9eedd7e429513614d3dc47e7944da8e84ba6690b9998ee81c4bd3f84.json,15b8f2adfb1d6d7872e7193a90c6dca561bfda750687f6e143d1abffd66e8900,15b8f2adfb1d6d7872e7193a90c6dca561bfda750687f6e143d1abffd66e8900,5474,False
data/raw/tago_stops_nearby/2026-09-03/grid_95914b5387e0466c626e3b3da54a3566a67e010a081b4c4272f59fcc0e2fea3a.json,2afdb7623629d0b1fa32d372ee92bb99d6851ea109c1b07814f4fe9eced14b7e,2afdb7623629d0b1fa32d372ee92bb99d6851ea109c1b07814f4fe9eced14b7e,4303,False
data/raw/tago_stops_nearby/2026-09-03/grid_959ad9e8dc358f560cea4011bad77392c4d25b09b063f1851e0b637f25d5774f.json,0876c3e3acf098044dbb1aeabf90a367ba8b2ed8970462f29faa642266deb6b3,0876c3e3acf098044dbb1aeabf90a367ba8b2ed8970462f29faa642266deb6b3,2042,False
data/raw/tago_stops_nearby/2026-09-03/grid_959d84060a628a4c772d9ff2b7311fd9b6dbdb99a792cb12802c02c4aa3ce946.json,4c357a201fa02f3959684d82e6695115792ebbcc0db735ed0ec433051b91d39e,4c357a201fa02f3959684d82e6695115792ebbcc0db735ed0ec433051b91d39e,3576,False
data/raw/tago_stops_nearby/2026-09-03/grid_95a05dedaf14dde76b611e3c8c44f7a69d00b8ded0a5488261a8145e44f4618a.json,f1a9cd6873d7e2a58a6ead4287a6f9571eef72c6ddbd1600c644385a384655a1,f1a9cd6873d7e2a58a6ead4287a6f9571eef72c6ddbd1600c644385a384655a1,5032,False
data/raw/tago_stops_nearby/2026-09-03/grid_95b147b000852a8f7c012f7c7b79e9d681093a5f92b8ca3ca5a6a0713797cf34.json,f1e24d7105fefd088598141a2be383f1fa56476d2d58345b206c726d0d2f5349,f1e24d7105fefd088598141a2be383f1fa56476d2d58345b206c726d0d2f5349,4000,False
data/raw/tago_stops_nearby/2026-09-03/grid_95bf4bb3be26b3413fed1a62b98c6e67f58f31ff4c9fd318a5d0a3948b798b25.json,3117025f5128a2704b72085947dae3ebb76744c8f45283b5e7a7deae90b99fb5,3117025f5128a2704b72085947dae3ebb76744c8f45283b5e7a7deae90b99fb5,2955,False
data/raw/tago_stops_nearby/2026-09-03/grid_95c707d52a3bb1715a4b2c505ddffd452542a61a4a85f434d1bc02d4c9212fb2.json,34263ba1f921bbae34ef9a2bc61ca5f8a20ca02d8f19bc48aa4c8d706c531490,34263ba1f921bbae34ef9a2bc61ca5f8a20ca02d8f19bc48aa4c8d706c531490,3362,False
data/raw/tago_stops_nearby/2026-09-03/grid_95f52fef8824b204ef323a1029f64b0a1284a38fc2f4e6f41f2772c8d2c9888b.json,befcbbfe9edb605d61d9f48b8db0289d19a26697658b26b656b825cefeed063e,befcbbfe9edb605d61d9f48b8db0289d19a26697658b26b656b825cefeed063e,227,False
data/raw/tago_stops_nearby/2026-09-03/grid_95fa4ef7fac24822d3b5d65bf64dfa0b511aaa057c0a12dabb9122310872dad7.json,9b927e79539f10ce552ecbaef3be3201221fdf5a5dae9fcf7a447dcc17c0c5b0,9b927e79539f10ce552ecbaef3be3201221fdf5a5dae9fcf7a447dcc17c0c5b0,3755,False
data/raw/tago_stops_nearby/2026-09-03/grid_96057519a7692afdc3f8de56f13a5fd0256c183a8c30799a4fb89e31c42e3047.json,21ed91ea20494a8e8b28be3b560ae6657f1cda48f57c3fcf6f0cd70a1b0fe032,21ed91ea20494a8e8b28be3b560ae6657f1cda48f57c3fcf6f0cd70a1b0fe032,3936,False
data/raw/tago_stops_nearby/2026-09-03/grid_962413b0f38cf12618a984929a4c0833d4764531a0e364a160e7fde8e0b211bd.json,0bb23f6932a3ea810d4fa0b80135733ce7482338f87c71f1dbff9c8524b3fb3f,0bb23f6932a3ea810d4fa0b80135733ce7482338f87c71f1dbff9c8524b3fb3f,3791,False
data/raw/tago_stops_nearby/2026-09-03/grid_962759a435e34e370450424693e802bf18b4c45c50ba9749b1d4c9d41873713a.json,01fb6e116e5d20c73acca1f8f2e2003a41fb70e044daec234885acdbc872477c,01fb6e116e5d20c73acca1f8f2e2003a41fb70e044daec234885acdbc872477c,5811,False
data/raw/tago_stops_nearby/2026-09-03/grid_963799f3f0fd140a3732ec8c7157aa51e8ec8dccdba5c41d1b5b7b614ef3111c.json,07856f399be026ec26dd422b39d9bb69a46013987098fb92dfc823ebfe54fc74,07856f399be026ec26dd422b39d9bb69a46013987098fb92dfc823ebfe54fc74,4978,False
data/raw/tago_stops_nearby/2026-09-03/grid_963c382ba4aa07f913a640f5863be790283310258b52b263097b26f8866cb347.json,befcbbfe9edb605d61d9f48b8db0289d19a26697658b26b656b825cefeed063e,befcbbfe9edb605d61d9f48b8db0289d19a26697658b26b656b825cefeed063e,227,False
data/raw/tago_stops_nearby/2026-09-03/grid_96690b3fff1b9c0cf0cdfa07a1c1c291a6315723fdc00dc4f1ad42de36965556.json,44b36a400b66f4c7136f34b79375dc56469b73ebe1e3d2a1e4646619bfc877ac,44b36a400b66f4c7136f34b79375dc56469b73ebe1e3d2a1e4646619bfc877ac,1727,False
data/raw/tago_stops_nearby/2026-09-03/grid_966b2780b8b4b25a791f43c00ff343674f27cd7174e8acca986821a0188d3a56.json,1969fb62f0b740242b63e10554cc3e6c5b51514d83c0e2cf0b2a9e6604ad54ab,1969fb62f0b740242b63e10554cc3e6c5b51514d83c0e2cf0b2a9e6604ad54ab,2050,False
data/raw/tago_stops_nearby/2026-09-03/grid_96709895384b0d98b77501a4c7a70baf62a498f569a9af9748f54dec046ac76a.json,0193675363540cc3443f79fa7e3059e76be500c39114192a358c35376958ae72,0193675363540cc3443f79fa7e3059e76be500c39114192a358c35376958ae72,4626,False
data/raw/tago_stops_nearby/2026-09-03/grid_9695e767f423b99be298ba22f89d70bf6d200bb8e09b53f7d1d342453362ec37.json,08d826816d15b028bdeabc7a07504f59bf2bdd503e494d7ed2029fb51b3a8070,08d826816d15b028bdeabc7a07504f59bf2bdd503e494d7ed2029fb51b3a8070,1999,False
data/raw/tago_stops_nearby/2026-09-03/grid_969b9df778c58325453d51a0b659e8d65a4e2a5d5da98766c347a4cd65af3bb4.json,15e33a762cad1745f69fe5d2b493343ec1fed720ce84f13f33e9ac25e113c4ca,15e33a762cad1745f69fe5d2b493343ec1fed720ce84f13f33e9ac25e113c4ca,733,False
data/raw/tago_stops_nearby/2026-09-03/grid_969cb480059c118a4e7b0b5e250a0b7ad7b3c2664c2e0b83308c8fe1366f4f8b.json,befcbbfe9edb605d61d9f48b8db0289d19a26697658b26b656b825cefeed063e,befcbbfe9edb605d61d9f48b8db0289d19a26697658b26b656b825cefeed063e,227,False
data/raw/tago_stops_nearby/2026-09-03/grid_96a6885eff48d40dd7a6e673ba7ecbe177913c3ce980f3aacdcb647608e8ca96.json,befcbbfe9edb605d61d9f48b8db0289d19a26697658b26b656b825cefeed063e,befcbbfe9edb605d61d9f48b8db0289d19a26697658b26b656b825cefeed063e,227,False
data/raw/tago_stops_nearby/2026-09-03/grid_96ad46713e4425a7eadbcd196d3c7205cd60b678131ea22309d9e3d642777486.json,05b10b3dce64e8d69ea03917b61daf58a6c2560595660f35d37ba921dd151265,05b10b3dce64e8d69ea03917b61daf58a6c2560595660f35d37ba921dd151265,1848,False
data/raw/tago_stops_nearby/2026-09-03/grid_96b87a3da7b50854add9a8948bad7a6df8477172ebd0cf363772c22da2f623df.json,f8e16de63356fad2fb85555c42d4f10286e044cb14d4e55ab9d051b5d63d178c,f8e16de63356fad2fb85555c42d4f10286e044cb14d4e55ab9d051b5d63d178c,747,False
data/raw/tago_stops_nearby/2026-09-03/grid_96cdace09ea79ca8510fae7092c3e9cce6a5fd74616db4f25bfa003805136038.json,dea9a76d3f5698d2199a9d630be3f3c504fce162d6f720148117e34e248fc2a9,dea9a76d3f5698d2199a9d630be3f3c504fce162d6f720148117e34e248fc2a9,2443,False
data/raw/tago_stops_nearby/2026-09-03/grid_96ddc62ba92cb26d8c79fa92ed268c71671db99160c9e60511ff5b2670bab812.json,536f6add671fe9cc36f57d2d23b9162dc9288cf63790ef9a9b83adc81438781c,536f6add671fe9cc36f57d2d23b9162dc9288cf63790ef9a9b83adc81438781c,4418,False
data/raw/tago_stops_nearby/2026-09-03/grid_96fd4ed5e3795fe18385c1f6ebeaa5c2970f6cd6b7c7706d4b00e3c30f502ac5.json,260041b8ebb3e002c79251624df5b07d00e5ff92dea858f6e262e9add04bf821,260041b8ebb3e002c79251624df5b07d00e5ff92dea858f6e262e9add04bf821,6268,False
data/raw/tago_stops_nearby/2026-09-03/grid_970d25f5c037e974a5cbb8b7c66bf7292b283bcdb1a463ee58c00716fbb4e243.json,b1e3e4768d278a0ba821eefff740dafc242b75997e4b772700df1baff3b53bab,b1e3e4768d278a0ba821eefff740dafc242b75997e4b772700df1baff3b53bab,3723,False
data/raw/tago_stops_nearby/2026-09-03/grid_971ae3730de3f2b0a3eedc3a2fe291faa644a8ebd96eb11a009d0cef560e4e0d.json,d1e75c70e4b1295130b9b9c04d50bebd094e4e62c265d8bc0f1464aebe21f07e,d1e75c70e4b1295130b9b9c04d50bebd094e4e62c265d8bc0f1464aebe21f07e,5299,False
data/raw/tago_stops_nearby/2026-09-03/grid_9782c01014b35084b745c309b651f0ce31aed4510029e43145a0a8cd6113f8f0.json,e493932f41dd73ce377ce41578851652151170b968689e487c0866722495d4b7,e493932f41dd73ce377ce41578851652151170b968689e487c0866722495d4b7,2505,False
data/raw/tago_stops_nearby/2026-09-03/grid_97876f2e5ad6b7b8a286e5a517a7a024b83373b201bc66cc2b0855eaca0e1224.json,9b05f0caac35bc0efbbc01aa209d7a38a28225f8aa48544c7c188b24c06982d5,9b05f0caac35bc0efbbc01aa209d7a38a28225f8aa48544c7c188b24c06982d5,3684,False
data/raw/tago_stops_nearby/2026-09-03/grid_9796381d34c554c94a0585cd376e497ef78d50803049e2ce4ac287c44094a47f.json,d8b38d15155d652ef57b972f74a876f86eca9a23c2db2b7e2cb8b0b8f3a9ca58,d8b38d15155d652ef57b972f74a876f86eca9a23c2db2b7e2cb8b0b8f3a9ca58,6037,False
data/raw/tago_stops_nearby/2026-09-03/grid_979ad1bfa658e2dfb90908250b0085114bb1df6f0c47fdebd311f8e2e5198c8f.json,79fd93cfd15a21426f2d7a5e58d41e51492a24d737174eee8dd7bc8f48386be5,79fd93cfd15a21426f2d7a5e58d41e51492a24d737174eee8dd7bc8f48386be5,2284,False
data/raw/tago_stops_nearby/2026-09-03/grid_97a16d5733d12dcfd0eb52b5eac3e28aec7a86f8e700336f0cf78f216936b16e.json,e8b0de46022209e709b47ba2638e87d469c2c341784cf76f8d13f369c319b7ac,e8b0de46022209e709b47ba2638e87d469c2c341784cf76f8d13f369c319b7ac,756,False
data/raw/tago_stops_nearby/2026-09-03/grid_97da42eb84b7b43fafd7b51087a49e9d138651257b035756f962fbb1b80e2862.json,63bba4ad55d97708f9d288767a0f07844805c480961ffd240c93167b7b98dd3e,63bba4ad55d97708f9d288767a0f07844805c480961ffd240c93167b7b98dd3e,3460,False
data/raw/tago_stops_nearby/2026-09-03/grid_980946932b0cad7740c493ab76ec9d93623a20ee6a69a78ae329ea4701e67bff.json,1277b65008f96df4190d818420f753ee05fbefd58cc5f31ee6e1432021272e6b,1277b65008f96df4190d818420f753ee05fbefd58cc5f31ee6e1432021272e6b,1763,False
data/raw/tago_stops_nearby/2026-09-03/grid_9817c336f6ea0126301b8b73e5e152ed83ad8211e0f5374e10b1c8a447951bf9.json,7ccab9967ccc272884c0b3911e55dc15657599dbe045ea5937c714b5ce4a7c03,7ccab9967ccc272884c0b3911e55dc15657599dbe045ea5937c714b5ce4a7c03,2230,False
data/raw/tago_stops_nearby/2026-09-03/grid_983c5c4b95fddc60f0c705c8aebcc945eaad15c7eed90b28dafc338bd82f4946.json,6b7a80bc416d007bdb3828995cd8ff755ebf60877388e0527ed5fe0b6716c012,6b7a80bc416d007bdb3828995cd8ff755ebf60877388e0527ed5fe0b6716c012,4626,False
data/raw/tago_stops_nearby/2026-09-03/grid_984b250cdd4dee13710c5e7ee35e4a17221836d06029e7a750e9085a7807914d.json,e4ca273643fad04338383d36e2b33f0ecbb4f980efe784809874e9a8c83662e4,e4ca273643fad04338383d36e2b33f0ecbb4f980efe784809874e9a8c83662e4,463,False
data/raw/tago_stops_nearby/2026-09-03/grid_9850239c241414989199697719fe88dc043b0e15431820ac980b523bb90d7d99.json,d04169f1545b939f50f13fb5957d388e8ae563ace2c0903afb4adc83c19c9ff1,d04169f1545b939f50f13fb5957d388e8ae563ace2c0903afb4adc83c19c9ff1,3205,False
data/raw/tago_stops_nearby/2026-09-03/grid_985e2fd06ab7007bb2cd3e9809392b8dc12ef9c327500599c553cd5a19114b8e.json,8d9eab5752b24582f81554d798c92e1f8d9a085257e01e81fcebc4e472462c9f,8d9eab5752b24582f81554d798c92e1f8d9a085257e01e81fcebc4e472462c9f,1049,False
data/raw/tago_stops_nearby/2026-09-03/grid_9861a62c0ccae7779b855b1ae1536f99706480021250888198f7015c825a86f6.json,a9549623ddfb0e670ee34de161603816a93378263cd325d26f9ec6599b886767,a9549623ddfb0e670ee34de161603816a93378263cd325d26f9ec6599b886767,3157,False
data/raw/tago_stops_nearby/2026-09-03/grid_989cae08db818ea8532edac065f46db4aca59d44b53afd22cefcd4aeb5e11681.json,a752cc87d6a1159e377efdad4ded337076598c45eafa2ea608d4965a4a6502ae,a752cc87d6a1159e377efdad4ded337076598c45eafa2ea608d4965a4a6502ae,2352,False
data/raw/tago_stops_nearby/2026-09-03/grid_98a04bf5a82875147b08dccdbf4707084b1eb6b3767957c1241010f7328082b8.json,256b1cfceaa1c8f4fb550b3a960a1aeffbb744cfb4b5ba9e7f3c8a6c94cb5e3f,256b1cfceaa1c8f4fb550b3a960a1aeffbb744cfb4b5ba9e7f3c8a6c94cb5e3f,6037,False
data/raw/tago_stops_nearby/2026-09-03/grid_98b7d4e691f75ae8352432c53f9586ffb50ca3447a5a1094819611e64f3ad798.json,9e86d99e6a8941089cbee40c8620eb7752a3e424249700299f5ec66892b92517,9e86d99e6a8941089cbee40c8620eb7752a3e424249700299f5ec66892b92517,6062,False
data/raw/tago_stops_nearby/2026-09-03/grid_990be49cd4c85408e068ae148bb00162ec53c755cb8f0bad87068149255afd2d.json,baed8012a9a4d920ed51875ce769b34a832842139c501029f4cd92dc17ac5053,baed8012a9a4d920ed51875ce769b34a832842139c501029f4cd92dc17ac5053,1237,False
data/raw/tago_stops_nearby/2026-09-03/grid_9913154d11699b89b0e1c374afc7ad8a2838c8d2b0b41373ee8e8084abb2ab0c.json,7e209b68814cabe6ad4648767205874edafb62a89a4bf2362d6ba73235cdf8a4,7e209b68814cabe6ad4648767205874edafb62a89a4bf2362d6ba73235cdf8a4,842,False
data/raw/tago_stops_nearby/2026-09-03/grid_992d2ad2ef62e6446549a37efb9e5ec60b5d4b6e63847d4fed3cf19631184eb3.json,4bf551e7310ab04775bef4e494a5b9186c3e5bd183e1892c150f92a4dc926194,4bf551e7310ab04775bef4e494a5b9186c3e5bd183e1892c150f92a4dc926194,2703,False
data/raw/tago_stops_nearby/2026-09-03/grid_99902feb3d34a0cb3136e52810534aef1592ee34f064427c9af9fe080a45dcb4.json,25a01195ed016269721dcb251a152f0090414d39a5fe73dc63381bd7e4c86f4e,25a01195ed016269721dcb251a152f0090414d39a5fe73dc63381bd7e4c86f4e,5570,False
data/raw/tago_stops_nearby/2026-09-03/grid_99ac5edbe5799c8ca837d772c01a935600a7f1e4f0cd3d16f025a10556382be9.json,077ef95e87bcc237e7e48e8eff532fa80c67a9576e70a00c687959ac95c09e6e,077ef95e87bcc237e7e48e8eff532fa80c67a9576e70a00c687959ac95c09e6e,983,False
data/raw/tago_stops_nearby/2026-09-03/grid_99cbab20b382a9d61a72851a8f54c7b3a50e882d1d8d8920432f6aafdad38cb0.json,b9f3612d51874e6544871062b0992e6961e5aabd1fa2a1e68736c058bb91d216,b9f3612d51874e6544871062b0992e6961e5aabd1fa2a1e68736c058bb91d216,2214,False
data/raw/tago_stops_nearby/2026-09-03/grid_99e16e24e821d1cfbe1e9e668e2f7eda8b92c34f0e60930f4ba9d961b8880911.json,2bc691209b8f0b265664e8b31f4c8900960d36762c35c57a58b94c6a17399a7b,2bc691209b8f0b265664e8b31f4c8900960d36762c35c57a58b94c6a17399a7b,2639,False
data/raw/tago_stops_nearby/2026-09-03/grid_99f5cfcc48056d3297bf7d65946b9eff58c11dbfe13f9b6ff1bbbf547b5f5d75.json,befcbbfe9edb605d61d9f48b8db0289d19a26697658b26b656b825cefeed063e,befcbbfe9edb605d61d9f48b8db0289d19a26697658b26b656b825cefeed063e,227,False
data/raw/tago_stops_nearby/2026-09-03/grid_99f86cdd635780727ba90d0e9c7ec2d2df41415e0f61ead68c168c71f46eec39.json,c132d934f9a2a021b545e80e02913c526ee84a0f2644bab479ce94d6e24be1a4,c132d934f9a2a021b545e80e02913c526ee84a0f2644bab479ce94d6e24be1a4,1286,False
data/raw/tago_stops_nearby/2026-09-03/grid_99fabe8797c197b8c542dcfde51406621e5f10efe17cdfa9cb46932550a00914.json,befcbbfe9edb605d61d9f48b8db0289d19a26697658b26b656b825cefeed063e,befcbbfe9edb605d61d9f48b8db0289d19a26697658b26b656b825cefeed063e,227,False
data/raw/tago_stops_nearby/2026-09-03/grid_99fe0c6515d03baa837e5f8a98755979ca3289fdca8f289b2fa58a3fec7e531b.json,ee5dc893cdeb8dbedcb8edddbc9a50772b87ae6738a2630a773cf70a3fe89a53,ee5dc893cdeb8dbedcb8edddbc9a50772b87ae6738a2630a773cf70a3fe89a53,2980,False
data/raw/tago_stops_nearby/2026-09-03/grid_9a0d587d3f65ab1ac158fbdc99f4df4e0822683183f46f790c5e05dbdbd917a1.json,3a815dbdf613226867444e12fc37f2ec5869faec48fc0a0d136dfbb83111a0e1,3a815dbdf613226867444e12fc37f2ec5869faec48fc0a0d136dfbb83111a0e1,4247,False
data/raw/tago_stops_nearby/2026-09-03/grid_9a2398b3a111b3e92ed1772b05b0b13b0ecae12bfee13d8ae3c6abec84ff9fe2.json,837108d4e3db2cfe14f48339bfaedc981637183a9eafeb0fa910fa5335273ef5,837108d4e3db2cfe14f48339bfaedc981637183a9eafeb0fa910fa5335273ef5,4197,False
data/raw/tago_stops_nearby/2026-09-03/grid_9a336bd452ea5e10b91a135f31021de7647537ce50024fe0fd8518101af7bf8b.json,83bb9cc23b8a31dfe04f2e1aa13a3f3a373fd5fe0af31c0ab3a53badd34abce2,83bb9cc23b8a31dfe04f2e1aa13a3f3a373fd5fe0af31c0ab3a53badd34abce2,4920,False
data/raw/tago_stops_nearby/2026-09-03/grid_9a725c26efc18c0634bb2f0eed641b2afcdbdf5e448a63921556f9fce87a8f76.json,4238f88e76f47babdda46bc4878170dda92e05a5cad191ccf4076dac6a7282b4,4238f88e76f47babdda46bc4878170dda92e05a5cad191ccf4076dac6a7282b4,4260,False
data/raw/tago_stops_nearby/2026-09-03/grid_9a8439a623556522cb5a2f124840d2d58b3cbce3c5f509277fe6ff4a71f7a409.json,4c3eae16f8dd5dd12da52c513522cda5df5d8bba6d57653583aa1a22e213cd39,4c3eae16f8dd5dd12da52c513522cda5df5d8bba6d57653583aa1a22e213cd39,3353,False
data/raw/tago_stops_nearby/2026-09-03/grid_9a8fcd15d1ceaf8c97a82df007c6debc9178bf8d232f71eb593e72f06bd9fd19.json,9b4f574add5debaa868ecea26d62834175e2e46e59d38af3a7a713688848e4e7,9b4f574add5debaa868ecea26d62834175e2e46e59d38af3a7a713688848e4e7,3044,False
data/raw/tago_stops_nearby/2026-09-03/grid_9a97f96bdfffd82144365fe9dde417c8e7fbdf946354c30e822ba50fa8dd40ce.json,d11ce51d2880934151169b26946630e8527da990abd57d25f03ea35a62b05910,d11ce51d2880934151169b26946630e8527da990abd57d25f03ea35a62b05910,4674,False
data/raw/tago_stops_nearby/2026-09-03/grid_9abe43c436858f9d1ed54856f50cc1c4583ab2d3b324aeadab60cc1dd2347f05.json,42dd88669afaf6b980cc8dc74f9af8381e280e29aa1b940aa07a4a0f7c8dc104,42dd88669afaf6b980cc8dc74f9af8381e280e29aa1b940aa07a4a0f7c8dc104,984,False
data/raw/tago_stops_nearby/2026-09-03/grid_9ac21e1ee2fb79b0f7cf4c6b907609c6729d2bf424498f3ebf0ea7ec62e319b9.json,8165cbdac2162c39e59061d1516823877f30805189c41bbd5dffbd7c6fc284cc,8165cbdac2162c39e59061d1516823877f30805189c41bbd5dffbd7c6fc284cc,2232,False
data/raw/tago_stops_nearby/2026-09-03/grid_9ad4bffbc2d5e97d5b4240494165b0e9b67178c5a6b319169b40ae3a8a237b4b.json,4df2f4423de3374db8d3bd1a2b110ef7a4b567c7b2532b8346e2c88537e38ba2,4df2f4423de3374db8d3bd1a2b110ef7a4b567c7b2532b8346e2c88537e38ba2,6156,False
data/raw/tago_stops_nearby/2026-09-03/grid_9b0b64adc3fd58f84df955b8d906c6f3d0da11fffded8e3e23bb4c17271a6966.json,70abc1cbf60034e59c35c01c2cb87d97c06d6fc0544da7920887d97217c66329,70abc1cbf60034e59c35c01c2cb87d97c06d6fc0544da7920887d97217c66329,2944,False
data/raw/tago_stops_nearby/2026-09-03/grid_9b0c175622813bc1a283750b564423868845ea6785a7bbef3c771cfbf8d6b4dc.json,fb4e7f2042c968bb8f389d23cbae0d57c5ae61c249152d59e2d7305bda09f27c,fb4e7f2042c968bb8f389d23cbae0d57c5ae61c249152d59e2d7305bda09f27c,2255,False
data/raw/tago_stops_nearby/2026-09-03/grid_9b196b093c31bca0c7c812c4804a14ed71535501730af0d72e46b22e27ebbf24.json,ae3a086115e8e1be8d141c73ea81611976b23d3ce7ff445001ddf07c83b11be7,ae3a086115e8e1be8d141c73ea81611976b23d3ce7ff445001ddf07c83b11be7,2821,False
data/raw/tago_stops_nearby/2026-09-03/grid_9b24ea94783b87ad978fd5b007e64e1573647c65add1118453545b041a25bb8d.json,be2a82e846013d67737e281e02d58b30bd5ac1fc8c083cbaa3e7336cf443cdd8,be2a82e846013d67737e281e02d58b30bd5ac1fc8c083cbaa3e7336cf443cdd8,4886,False
data/raw/tago_stops_nearby/2026-09-03/grid_9b3d24616db3def869176ccf7575085ac34ea9cc9d6456e7f4f06f0ba507b013.json,6372c504bb9d506d6aeb6683523a5cae9322c0e1f70441a4d80a973a124ea28b,6372c504bb9d506d6aeb6683523a5cae9322c0e1f70441a4d80a973a124ea28b,3204,False
data/raw/tago_stops_nearby/2026-09-03/grid_9b52db160cd1d1b875ed2b0a294de5c1cb30dab9a6d5a2d47787346f4726310d.json,44eb15c8f4ead26592ebaf1121064fada50b7e22c02ff9415a382e594502ae19,44eb15c8f4ead26592ebaf1121064fada50b7e22c02ff9415a382e594502ae19,2355,False
data/raw/tago_stops_nearby/2026-09-03/grid_9b8b3b014c1505e5d1342aacb077b53186251f48f8feb3fa51ff1857825abfd3.json,1b3d7677dbcefbfab049433a73873d4a62cc3e3baffcfd7f28b83bc39b64c94b,1b3d7677dbcefbfab049433a73873d4a62cc3e3baffcfd7f28b83bc39b64c94b,4357,False
data/raw/tago_stops_nearby/2026-09-03/grid_9b98d1945bdc8b167400e7ce2ad4df9f10a4914a3bde0f807c2cb6cb9355cd87.json,bdb76b802efbcaf591a1c476690b62b84f1fa1ebbc6138d4ad0bdbf478501e09,bdb76b802efbcaf591a1c476690b62b84f1fa1ebbc6138d4ad0bdbf478501e09,5362,False
data/raw/tago_stops_nearby/2026-09-03/grid_9ba17a2af28e40f879ee1999a06c8a0ffd8bc64090a1cd752f8be3a682d7e696.json,afc79eebac180906c00af12376873fab8d4a7e2f30485e6462e9adbdfebd617c,afc79eebac180906c00af12376873fab8d4a7e2f30485e6462e9adbdfebd617c,3545,False
data/raw/tago_stops_nearby/2026-09-03/grid_9ba893b808f31be03c7670cc639dbe13db9cb9ae2f4f3389c6fb7008c4c09aa7.json,08349083cb3b36d62fce0fa665bdac81fa5996d39035e79d3fda7eccae005ac6,08349083cb3b36d62fce0fa665bdac81fa5996d39035e79d3fda7eccae005ac6,1805,False
data/raw/tago_stops_nearby/2026-09-03/grid_9bd128f2b7eec0fdf571ff83b25fb23e3b7c818ee11b600dafd29c554164a28e.json,074360dd0964c55459980266c7b7c9f5834580e1e84f6a785b49de9fa347b2c7,074360dd0964c55459980266c7b7c9f5834580e1e84f6a785b49de9fa347b2c7,3933,False
data/raw/tago_stops_nearby/2026-09-03/grid_9bf82f4a188a740cb96ed1a717bb5091c45ab514e76b1a1005ee048135c5c993.json,befcbbfe9edb605d61d9f48b8db0289d19a26697658b26b656b825cefeed063e,befcbbfe9edb605d61d9f48b8db0289d19a26697658b26b656b825cefeed063e,227,False
data/raw/tago_stops_nearby/2026-09-03/grid_9c39c389260bb66803132ee38c384cf019d04e5d56f5903ab4bf69ec967371b6.json,f13131bad681eb747e2538620025899137b793dece5d376619cee9b68407a6e5,f13131bad681eb747e2538620025899137b793dece5d376619cee9b68407a6e5,3437,False
data/raw/tago_stops_nearby/2026-09-03/grid_9c3e9bd8f0c7018fdaa14b2e3004052ce6e2b5cf1166ecb0610e3338374a184a.json,e448c6cefb5a220039b566201e901858ed49d06235d112c0634fcb31c37caaff,e448c6cefb5a220039b566201e901858ed49d06235d112c0634fcb31c37caaff,4277,False
data/raw/tago_stops_nearby/2026-09-03/grid_9c7c887e95921d47a5c115eb2eaf53ba0e7ca36440967f6de581c6b28af1548e.json,7318ddb7023c0e5718ea23114d7b3dad9aa562dd39a51e738404cc88614400ed,7318ddb7023c0e5718ea23114d7b3dad9aa562dd39a51e738404cc88614400ed,2248,False
data/raw/tago_stops_nearby/2026-09-03/grid_9c7d2b7acf6217f091fecd3159e759215fa8a7fcc24a5f6babe0237943319034.json,a2cb2f33d8d15c71ff2804d4fc9695b45315ad4f25e36d4d877638e5fc401ae2,a2cb2f33d8d15c71ff2804d4fc9695b45315ad4f25e36d4d877638e5fc401ae2,2086,False
data/raw/tago_stops_nearby/2026-09-03/grid_9c90b7f274df8c0acde8e96e3a5f5ff241286fb4d3898fb8441db8547b5d87c9.json,d288540209af680e2b61d7851c55cd73284391f213aee1ea6d04659bfc8a2cb8,d288540209af680e2b61d7851c55cd73284391f213aee1ea6d04659bfc8a2cb8,3540,False
data/raw/tago_stops_nearby/2026-09-03/grid_9c950335d7deacbf83585e3799899c808652c7d9ec33a3afebf1c27f2dbdfc34.json,d45ee87a60493ec809c8bea8d54a2f5aec731365408a6f944de3ce70e858ae26,d45ee87a60493ec809c8bea8d54a2f5aec731365408a6f944de3ce70e858ae26,2207,False
data/raw/tago_stops_nearby/2026-09-03/grid_9c9df2faf9cedbbf6d443c483f60e46def0def9cb4aee532035865851a5e7993.json,b975d35713b8e63ac56d6abbd162ee92c3cf19465f57b8bb16566de35050d2bc,b975d35713b8e63ac56d6abbd162ee92c3cf19465f57b8bb16566de35050d2bc,3841,False
data/raw/tago_stops_nearby/2026-09-03/grid_9cc4a81b1f31c7bc9d9003a58c30468e262bd56f78d70eb0a77f9afc26b33391.json,6424be920dd14c4df5ebc78dd1c3c99380c9b71528d847e93867f2b6cb0af1b1,6424be920dd14c4df5ebc78dd1c3c99380c9b71528d847e93867f2b6cb0af1b1,5186,False
data/raw/tago_stops_nearby/2026-09-03/grid_9cc897048e946b051928111871e0c1574ffae0a7ade4820de660c79b20c7cd1d.json,69e4f566cf1052f7bafa059ed1d4d900c7dd2a03d8eb985f97b78554905889c4,69e4f566cf1052f7bafa059ed1d4d900c7dd2a03d8eb985f97b78554905889c4,4575,False
data/raw/tago_stops_nearby/2026-09-03/grid_9d3553a3f79a6b596385d8bb4afc2955cf7fa01ba7e944d5fdf8b72ee63bae4b.json,e4bb286ec3b32e3ba3279e74be7965fdd8a2b2470531e0c286e38c30a6cb0042,e4bb286ec3b32e3ba3279e74be7965fdd8a2b2470531e0c286e38c30a6cb0042,3742,False
data/raw/tago_stops_nearby/2026-09-03/grid_9d3f833b84a57d7c850e1f9ef09a81879da392a15ab285037ff667775b5473ee.json,5563eadaf8416e42f5b06c58e76c7c044a7d17c52b57d3cd1f5add4647a54863,5563eadaf8416e42f5b06c58e76c7c044a7d17c52b57d3cd1f5add4647a54863,2650,False
data/raw/tago_stops_nearby/2026-09-03/grid_9d672060f85e854af28fb9c07b53dd6d5d9f29f46eae66340b928faa0940ad2a.json,ce10caa9e0da22e19a040b6f84b0fdbae02695c88f6b86cfe06c1a1ac1fb8a0c,ce10caa9e0da22e19a040b6f84b0fdbae02695c88f6b86cfe06c1a1ac1fb8a0c,2023,False
data/raw/tago_stops_nearby/2026-09-03/grid_9d6c054ac36717acaf2f018d8b859ac52b3359ef161b72317ac53f82e52dbc33.json,d835fab6c4c66eba099a7cd72fdce39387a0f684ddcd3ba129424eeef44a6e7f,d835fab6c4c66eba099a7cd72fdce39387a0f684ddcd3ba129424eeef44a6e7f,5928,False
data/raw/tago_stops_nearby/2026-09-03/grid_9d7306e0d047f8137e811363532635ad0c99bdda796f20a609f7b286c2ef3ce6.json,287e049c2b5bb8c07e79108bf763c325d31e3fad8dbeb54bc977db24c4ceab96,287e049c2b5bb8c07e79108bf763c325d31e3fad8dbeb54bc977db24c4ceab96,5301,False
data/raw/tago_stops_nearby/2026-09-03/grid_9d8c5c73dd558d74046ef135d01317a9ffeee72f21900fe24758640d814b3705.json,bcaf45a92429bd32240bf8750469f061501b8b174de135781adde4b543ae4b5e,bcaf45a92429bd32240bf8750469f061501b8b174de135781adde4b543ae4b5e,1783,False
data/raw/tago_stops_nearby/2026-09-03/grid_9d928fa1dab8814d1193655a250c4e9f9a74804128bbc61e423836f1cd77d3f8.json,befcbbfe9edb605d61d9f48b8db0289d19a26697658b26b656b825cefeed063e,befcbbfe9edb605d61d9f48b8db0289d19a26697658b26b656b825cefeed063e,227,False
data/raw/tago_stops_nearby/2026-09-03/grid_9dd316e09bfb35defd4ad0a63aba846685bfc765f63baccaad794038d9aaf245.json,11e63ee0d17feb18f0ab53b74d891df2960aeda146821ceee8ff5edb59c5f344,11e63ee0d17feb18f0ab53b74d891df2960aeda146821ceee8ff5edb59c5f344,2719,False
data/raw/tago_stops_nearby/2026-09-03/grid_9e2e5576722ebaa98eed997a3daffb0c1eb4758a369c6a834f802a1d04fe0962.json,df2beeca85730a209fdce8026cc5d6f0315972f2dd644b95c94432144840b238,df2beeca85730a209fdce8026cc5d6f0315972f2dd644b95c94432144840b238,4423,False
data/raw/tago_stops_nearby/2026-09-03/grid_9e4121c4d2da604ccb4e81d605cffa49771f87ad952594fa2380273412ddd259.json,8f50275a45b63ceb9290d5c94971896d2ddfb112c3bc14a3e754efb224b05074,8f50275a45b63ceb9290d5c94971896d2ddfb112c3bc14a3e754efb224b05074,4579,False
data/raw/tago_stops_nearby/2026-09-03/grid_9e89ea238528e8443bd7382c13676f1025dc8bb33c59f0fc0f8080b791b4fa2c.json,3e6029812fab00d89880360932cb467940fedbc41669e4a47585259d6862d44d,3e6029812fab00d89880360932cb467940fedbc41669e4a47585259d6862d44d,4772,False
data/raw/tago_stops_nearby/2026-09-03/grid_9e8c016a6ee2b866f368d943ed93cfb0c311d925760401dbc27778878f1d8542.json,b981f0878f09403a02efa7e5fdf7fb383e0b2f26b2b2405c0dbe131347715e95,b981f0878f09403a02efa7e5fdf7fb383e0b2f26b2b2405c0dbe131347715e95,8513,False
data/raw/tago_stops_nearby/2026-09-03/grid_9e954d4917f86a185b5c8f1ac714a4c1f924ad74a39db0c6c43cd30a15ff867e.json,90f5bf15b1b113cb0f0b93da2a96cdfbb5bd9d979f5f9ed24dff82f198e86e5f,90f5bf15b1b113cb0f0b93da2a96cdfbb5bd9d979f5f9ed24dff82f198e86e5f,4427,False
data/raw/tago_stops_nearby/2026-09-03/grid_9ec017fa7e6b4b4677c67aa84615793faab4acab6cf0d388bd37c321a0a324b7.json,fe04cde14675eeaac7fc77ddf550cd41b7c949b03c8b1977115451f0547a5b03,fe04cde14675eeaac7fc77ddf550cd41b7c949b03c8b1977115451f0547a5b03,3347,False
data/raw/tago_stops_nearby/2026-09-03/grid_9ec14f37bc4f7039b0a4da79466a27f3db382a82f831529bc8190bcb9ac467df.json,0f36382b65d8e6eeb6bcd349e4aa4f9b1584b662a79ab9c3bfffa6f6c3f04c4b,0f36382b65d8e6eeb6bcd349e4aa4f9b1584b662a79ab9c3bfffa6f6c3f04c4b,4738,False
data/raw/tago_stops_nearby/2026-09-03/grid_9eff5a2da2dda6d9114e01e1e8e3064ae076b6c23da209e87bcd158f39106346.json,e9a4dbaf2f6371f65c11b51483620aedd5a377edaa9e468a4bca4cbdeec67ed8,e9a4dbaf2f6371f65c11b51483620aedd5a377edaa9e468a4bca4cbdeec67ed8,2481,False
data/raw/tago_stops_nearby/2026-09-03/grid_9f1a5b88e42156228455cdcc40fff2ff399067736cabd5f128972244ce815ed6.json,a41e65ac9defb3a9da64078aaef2cfcd526cde228ac31fddb3ebd6d0f9b5a4ef,a41e65ac9defb3a9da64078aaef2cfcd526cde228ac31fddb3ebd6d0f9b5a4ef,5863,False
data/raw/tago_stops_nearby/2026-09-03/grid_9f222e84241a1c8461db76bfcb738b4b4c5037c433dd49a9aa39e1162ae91d52.json,89d029b56cd7e098a6a833aa7c81701f17d436d57401cb0049e965debbd2d48b,89d029b56cd7e098a6a833aa7c81701f17d436d57401cb0049e965debbd2d48b,2935,False
data/raw/tago_stops_nearby/2026-09-03/grid_9f2afd21988421eb200f3952f144c0755f7ec431ede63e4d74d43e2506668ddc.json,4abce324f524189095b89e57fc27738f9ff578d7da8e52861db6bb3da87aac78,4abce324f524189095b89e57fc27738f9ff578d7da8e52861db6bb3da87aac78,6422,False
data/raw/tago_stops_nearby/2026-09-03/grid_9f448fd67f2f7a3b1556023ab5fc3bbafd2973305d4cdafd7a9343520ece3520.json,0d7793db494201469d09202036a7f116526fd44bb1f27cd46a47d318e28230a6,0d7793db494201469d09202036a7f116526fd44bb1f27cd46a47d318e28230a6,1804,False
data/raw/tago_stops_nearby/2026-09-03/grid_9f5839426755ccfffc5db9e797710403ddeeff9ed838affbfba45e33a1854bfd.json,08da23c63d3a41399fc1dbb6bffc8ccc877c17c7190e8757492d09542cc30996,08da23c63d3a41399fc1dbb6bffc8ccc877c17c7190e8757492d09542cc30996,2456,False
data/raw/tago_stops_nearby/2026-09-03/grid_9f81abc251102a14dc0c6850a770e38aa9f51bc531853c258e624a82c622ac49.json,befcbbfe9edb605d61d9f48b8db0289d19a26697658b26b656b825cefeed063e,befcbbfe9edb605d61d9f48b8db0289d19a26697658b26b656b825cefeed063e,227,False
data/raw/tago_stops_nearby/2026-09-03/grid_9f8b8029a2e77fea2c3a2f67f349fa189767b2420151775a71367a4020e5112c.json,22ae02f63c0a4e3f9d91ab5c575423167074cee6bd6e110d9902592688956e36,22ae02f63c0a4e3f9d91ab5c575423167074cee6bd6e110d9902592688956e36,4919,False
data/raw/tago_stops_nearby/2026-09-03/grid_9faac8e6aec41b017ccb5fff735694ce90ef17b357ec319c042817ee6a143d42.json,fa962931b6eeded412344dcdca6b5478d7e928e2500a08317484dbd21e84192f,fa962931b6eeded412344dcdca6b5478d7e928e2500a08317484dbd21e84192f,5911,False
data/raw/tago_stops_nearby/2026-09-03/grid_9fb9507ef317c0ab14406309d6b17ec43c512d64c365d84eb9b0972d8d41fb2b.json,680974e5f46aef04ba03a46d2338a67c60fea079219e0661af5f4599f2b070c9,680974e5f46aef04ba03a46d2338a67c60fea079219e0661af5f4599f2b070c9,2505,False
data/raw/tago_stops_nearby/2026-09-03/grid_9fe3079042acf01839b46e86376513bf480c93d6294dc7a1a3b9da5833c5c19f.json,497cf9f558108b1071184376b2baa802cafcf951d265597fd6a2c88acc9ba36a,497cf9f558108b1071184376b2baa802cafcf951d265597fd6a2c88acc9ba36a,2359,False
data/raw/tago_stops_nearby/2026-09-03/grid_a0041d5eaf50a1eadc1406f54c0a5824b14a2145b81e24701fe29c01763af1a7.json,b448a5fa9330dac2536f4498a3d201305ea9bb4ce5ad9c976f70322d33a2d55d,b448a5fa9330dac2536f4498a3d201305ea9bb4ce5ad9c976f70322d33a2d55d,4222,False
data/raw/tago_stops_nearby/2026-09-03/grid_a051c5a65b0b4d95b7184d62840cd31ffbcf30a59d56b59a7707b7f426fc7e25.json,691c1ea361bc53f0e23f1dde82add07528831fa65e470faf558092728e31217b,691c1ea361bc53f0e23f1dde82add07528831fa65e470faf558092728e31217b,2223,False
data/raw/tago_stops_nearby/2026-09-03/grid_a089d14c1c84596b575eda0f5f9ae713893da4b3999d4f54f9165d75e5af7088.json,5221c8ea7a1778f378e7f3f1988923eae2a7944ef834030d80caaec80bea336e,5221c8ea7a1778f378e7f3f1988923eae2a7944ef834030d80caaec80bea336e,3079,False
data/raw/tago_stops_nearby/2026-09-03/grid_a08a38692e49c2f9a110c64e8cb1891c4b9f95b75e1856aa155819c837a97ff7.json,4b4c74ecd5d8a4c3ad1c18e751c1927498d042d98fc10c2a56263c4b5212c8f6,4b4c74ecd5d8a4c3ad1c18e751c1927498d042d98fc10c2a56263c4b5212c8f6,1260,False
data/raw/tago_stops_nearby/2026-09-03/grid_a092125521e618c99497f451e36dc86a0d9ed162bd44fc87765c83b2c15b8d74.json,cbb98fbeb1647afd4b2d6dfe0e5dd2ac4f3c5c663d5934660fb586174317ca19,cbb98fbeb1647afd4b2d6dfe0e5dd2ac4f3c5c663d5934660fb586174317ca19,3239,False
data/raw/tago_stops_nearby/2026-09-03/grid_a09c79de1584ffb3ef7c68c80665484bf529922ec93756ff2596e857b2fa7eda.json,befcbbfe9edb605d61d9f48b8db0289d19a26697658b26b656b825cefeed063e,befcbbfe9edb605d61d9f48b8db0289d19a26697658b26b656b825cefeed063e,227,False
data/raw/tago_stops_nearby/2026-09-03/grid_a0c072e963cc3640e1536e10c86cfc97a3c052dd6c8acba77da117418506497e.json,5b026324021a31c32b1e1350968694b1547e9fb066c3c055a47f759b4f70f1f7,5b026324021a31c32b1e1350968694b1547e9fb066c3c055a47f759b4f70f1f7,2923,False
data/raw/tago_stops_nearby/2026-09-03/grid_a0ec2c6c28333518ea1b4b30d17f4412781b008b701d127b08a59ab43087409a.json,0a578d83d998018acce58c76632d696c5d0b676d5b3648546e43bc6b8d28c00c,0a578d83d998018acce58c76632d696c5d0b676d5b3648546e43bc6b8d28c00c,1480,False
data/raw/tago_stops_nearby/2026-09-03/grid_a0edd301e2b085effcb05160b640cc90630b274314752b0538318b3c1aab065a.json,befcbbfe9edb605d61d9f48b8db0289d19a26697658b26b656b825cefeed063e,befcbbfe9edb605d61d9f48b8db0289d19a26697658b26b656b825cefeed063e,227,False
data/raw/tago_stops_nearby/2026-09-03/grid_a0faee9e35b711458e8843b965bfd099f3c3c602bef6488e4499ec0ceba7a321.json,c7aafc85f45e2a7bacad190fa8967e364521d9a5eaa0ca892c2da5862f2e1a86,c7aafc85f45e2a7bacad190fa8967e364521d9a5eaa0ca892c2da5862f2e1a86,4906,False
data/raw/tago_stops_nearby/2026-09-03/grid_a117d5cfd371c1822bb0ad9eeec2ed60bf676e8369e167491c4639d6d19d1aad.json,96b96165e04f2139771403879385ff854ccdac3809c673cb9208f69ac2101636,96b96165e04f2139771403879385ff854ccdac3809c673cb9208f69ac2101636,3187,False
data/raw/tago_stops_nearby/2026-09-03/grid_a11ff6630fbe56fe6034bb8af6ddacf3ba49411b3e2cec3750c9900a222788a0.json,7b59dfc852e625cff19034313aec34af5801e94cec94880c49a080241a00b8cb,7b59dfc852e625cff19034313aec34af5801e94cec94880c49a080241a00b8cb,758,False
data/raw/tago_stops_nearby/2026-09-03/grid_a12a50c8951a228370a20355ca81f77f8d353f750774b28093914f485f1083f0.json,3e1ba8d3d725b9b80e083f59cf6d71cc0350f1316d7492813672a47309b50999,3e1ba8d3d725b9b80e083f59cf6d71cc0350f1316d7492813672a47309b50999,749,False
data/raw/tago_stops_nearby/2026-09-03/grid_a135d77d623be1f6e1dadba331d39f134a28220e4a2117209e4856fc6bd06be4.json,7996e887a2b6835af07e8d8d4d6019e94c11c37dfceeb32240491fbd214f7d53,7996e887a2b6835af07e8d8d4d6019e94c11c37dfceeb32240491fbd214f7d53,1219,False
data/raw/tago_stops_nearby/2026-09-03/grid_a1747022069b3cbb174577d2d39939be4d730af4a1eaa5d0c9baecaa7dc0aade.json,ae2bb1383c0e345bc390a4ba2c3d5f16cde036be26d59994e3a8af11a3e707bb,ae2bb1383c0e345bc390a4ba2c3d5f16cde036be26d59994e3a8af11a3e707bb,3151,False
data/raw/tago_stops_nearby/2026-09-03/grid_a174e68a2325e345f9c26cace63e56e24747d71f2b0ffd9a5946d150f867152c.json,5387abe0d68564b83c40b46fe7e025ead0da242478ac5a759897c1102efd69da,5387abe0d68564b83c40b46fe7e025ead0da242478ac5a759897c1102efd69da,3583,False
data/raw/tago_stops_nearby/2026-09-03/grid_a18a014b77027bc8a76c2eacde5d6c291e11fd914dc9a915b6fa75132e6afee1.json,7b3f500059ecbdd66d08ab663e9a21378b12fd9c9e8d32f3dfaf2f52a91aa6c2,7b3f500059ecbdd66d08ab663e9a21378b12fd9c9e8d32f3dfaf2f52a91aa6c2,6840,False
data/raw/tago_stops_nearby/2026-09-03/grid_a18b06895420b57edd55fd78140c2c20a139d557158144fe0828a8607f36029a.json,880904edfa71ceae011effeb1c475cc0f402165785c3d57a3ca939be705075d5,880904edfa71ceae011effeb1c475cc0f402165785c3d57a3ca939be705075d5,2618,False
data/raw/tago_stops_nearby/2026-09-03/grid_a1a33c1585e78a0da5aa9994ce23d91ea07d31d1ae34f72634ca7177e61bf33a.json,bf332d08002a511eb62f3e7aeaa55430bb381f01810a32d041fe43c0b32caae2,bf332d08002a511eb62f3e7aeaa55430bb381f01810a32d041fe43c0b32caae2,2479,False
data/raw/tago_stops_nearby/2026-09-03/grid_a1a56e411c3271205d5a9d63c8202237ded3256e4126f3d61ad5fff97e5a2117.json,3d1d609461115a915b42e8fa0629d6d55d479aadc6c25179709b3070d7886db3,3d1d609461115a915b42e8fa0629d6d55d479aadc6c25179709b3070d7886db3,471,False
data/raw/tago_stops_nearby/2026-09-03/grid_a1bae0eaf0ba927358f4daf689b8417b9007f12797a541e6f8ce8b3f9cce430a.json,7d2d0d91cc49b35879bf2b66838069b87c4fc45a0296071f4aad09ba08676187,7d2d0d91cc49b35879bf2b66838069b87c4fc45a0296071f4aad09ba08676187,1509,False
data/raw/tago_stops_nearby/2026-09-03/grid_a1c3efff8077456ea3479b2d8550527f193294158f63b2698e954b94c96f233d.json,e8135b7e6f45b21674310c7e3965320f2c7c038b0e097f51b5f317134d5c9125,e8135b7e6f45b21674310c7e3965320f2c7c038b0e097f51b5f317134d5c9125,3141,False
data/raw/tago_stops_nearby/2026-09-03/grid_a1ccb20a73185418895b39d6bd917ac152b74a1336926bd7e77658c0e2f9f3d6.json,ef72ff8d2db41b0a61c391d40ee983a665e7f732274283a0ca2b10017a2deb24,ef72ff8d2db41b0a61c391d40ee983a665e7f732274283a0ca2b10017a2deb24,4101,False
data/raw/tago_stops_nearby/2026-09-03/grid_a1e5ad14739a008aadfa106f7e7739e0ae70bb32077a08a60bdb784cb4155559.json,c666258ece5d515d9b5e5f2bd51fadb30fe30fba9ef0d96b3c8e552bd505f372,c666258ece5d515d9b5e5f2bd51fadb30fe30fba9ef0d96b3c8e552bd505f372,4164,False
data/raw/tago_stops_nearby/2026-09-03/grid_a216e9e264a0ce64f10006f28a8df36964b7cf2034a205567c9a1fc6e92e7775.json,c8159f2ef29754cb82578d5343eefc00f7bb661efa8dd5c4a3e7e028db5ec6a7,c8159f2ef29754cb82578d5343eefc00f7bb661efa8dd5c4a3e7e028db5ec6a7,1974,False
data/raw/tago_stops_nearby/2026-09-03/grid_a2197c0fc3e0784c0dca7338e06a9191b90b744e4cfa2381933f70379ac3b08a.json,092d0ce9f5e597cef9d8f51a8f814bff90c91e01ce9d940d6afc2e6dcbd95854,092d0ce9f5e597cef9d8f51a8f814bff90c91e01ce9d940d6afc2e6dcbd95854,5725,False
data/raw/tago_stops_nearby/2026-09-03/grid_a219b2cea47115fe9982d392ae1669af5ec795b502009da962d69ec2ff2f08d3.json,071f230b072e00b7901ea8161d9454785d0f911b9f259e985b0ba98b093dbb22,071f230b072e00b7901ea8161d9454785d0f911b9f259e985b0ba98b093dbb22,1743,False
data/raw/tago_stops_nearby/2026-09-03/grid_a234b960c43fa396467beaca967670d2da8140923f079e3e78b92d76c375de09.json,7b763f1135d941d9d36d728b1190c28c336296ae14993e4912c0b5db939a831d,7b763f1135d941d9d36d728b1190c28c336296ae14993e4912c0b5db939a831d,1744,False
data/raw/tago_stops_nearby/2026-09-03/grid_a2430feb4994f1dc2522c527ffc810f467466729f98be14e22fe1384dc4c33b5.json,d087f92ef7010f4f1112d49be3738be4d3ece4ccd3cadfb535bc483746d991ea,d087f92ef7010f4f1112d49be3738be4d3ece4ccd3cadfb535bc483746d991ea,3966,False
data/raw/tago_stops_nearby/2026-09-03/grid_a25d6a1485fdb0ca4f9a2485d317cd15363c3e6f8b26c7befea92f3f1a022e09.json,91fe906f28159f7413e5a5b32db29fbcb2d8704dbdaaf783ba3334a64a01b029,91fe906f28159f7413e5a5b32db29fbcb2d8704dbdaaf783ba3334a64a01b029,3235,False
data/raw/tago_stops_nearby/2026-09-03/grid_a273d1835722abe41c73a5aa1235806c42ba787a367e869c626b87dab2d00aa9.json,cc07f404645ad87013ea33cc84226c7fc3f4f44e9887a40d7efe4bc0cb55b2e7,cc07f404645ad87013ea33cc84226c7fc3f4f44e9887a40d7efe4bc0cb55b2e7,3226,False
data/raw/tago_stops_nearby/2026-09-03/grid_a2794e187e717c8536ac9e9494bc343464a82352eb0787df37b3168c83263f29.json,dc6e33d2fa0be6db3aaa9ec7c3b189770fe5ff1adf7dc2b1e5487e4f1c606853,dc6e33d2fa0be6db3aaa9ec7c3b189770fe5ff1adf7dc2b1e5487e4f1c606853,3776,False
data/raw/tago_stops_nearby/2026-09-03/grid_a2850e8f2ae8adf5dde0efd424f39f347d2197d90503932e7f7bffacf82aac8b.json,7e7d7035b13dfafaf28b9d8319b703252becce9876e7641df648d8d1ba03206b,7e7d7035b13dfafaf28b9d8319b703252becce9876e7641df648d8d1ba03206b,2191,False
data/raw/tago_stops_nearby/2026-09-03/grid_a286e7ee2f4663ceb037dbd09471e12fab536520a11cf9572a32a6defade4df5.json,6cbd15e29d7a560df2218519923fc20370466699b767ea5aa927ac047bbd3a59,6cbd15e29d7a560df2218519923fc20370466699b767ea5aa927ac047bbd3a59,3911,False
data/raw/tago_stops_nearby/2026-09-03/grid_a291638d13e540d3099c358ef997ad1165d65d3fa71ab0bd4be87d1734cd544c.json,e237d42aa26829787c24691e05603e5a7c58ac4f2e7fbfd2a98474dc5c3566da,e237d42aa26829787c24691e05603e5a7c58ac4f2e7fbfd2a98474dc5c3566da,3293,False
data/raw/tago_stops_nearby/2026-09-03/grid_a2a24a351a2ddd5e02a8655abb54e51bc184d6362146323905e0174469d116d3.json,c0bcd00ddb226cc34fb2733c87eb19254dcbd93709d3666b770ddb942bf12730,c0bcd00ddb226cc34fb2733c87eb19254dcbd93709d3666b770ddb942bf12730,4351,False
data/raw/tago_stops_nearby/2026-09-03/grid_a2ba4f8ffb6234574a5a85ec7e8dede76046c19e604f04e857d64e57f044b8ef.json,3a4e4d32dcc96ab2a8f2ba19ddaf46893558cf1d334edabc8af32b8fba633576,3a4e4d32dcc96ab2a8f2ba19ddaf46893558cf1d334edabc8af32b8fba633576,1456,False
data/raw/tago_stops_nearby/2026-09-03/grid_a2c2fa9e6ce7c218ee791aeaa59c0a96a2d0caaec5a85ab92ab5af239dd02db3.json,656e9da76530b999d337618537524e6e3a91a02910db8b2bb1f4a03b2f7b44b9,656e9da76530b999d337618537524e6e3a91a02910db8b2bb1f4a03b2f7b44b9,3495,False
data/raw/tago_stops_nearby/2026-09-03/grid_a2cdf2341ff427b362262fdede7003c8e16df08c9d8019a9f690a7c81778912a.json,174202b9e19e51a323d7b3bf6f4ad7319661e60a2a1ec79b4fc9cd98a71e3c94,174202b9e19e51a323d7b3bf6f4ad7319661e60a2a1ec79b4fc9cd98a71e3c94,3058,False
data/raw/tago_stops_nearby/2026-09-03/grid_a2eb0fa77b751528945d81f794504331fa7751784bff884a2a465c2590dd6441.json,25b708841b52f3e2511ccd15a5181181be8806f700c5bf02776302449547cc28,25b708841b52f3e2511ccd15a5181181be8806f700c5bf02776302449547cc28,5445,False
data/raw/tago_stops_nearby/2026-09-03/grid_a2f2fe64f84132e83298493060b85f71010f733573806607125b75192015c4d2.json,c477ed02f5d09ea76cffa61bd1989252cb11b7da29cf3a20c7f130c0917a9da0,c477ed02f5d09ea76cffa61bd1989252cb11b7da29cf3a20c7f130c0917a9da0,4964,False
data/raw/tago_stops_nearby/2026-09-03/grid_a2f4e7576e232e86bf5a336eb7b0e65ae16d278ce48e8ec9dc93800fb99ee8f5.json,a1fe67de18187ad8c8098e8256dc7aaa2b65d5ae2ba80f73e3ffb6268518b7bb,a1fe67de18187ad8c8098e8256dc7aaa2b65d5ae2ba80f73e3ffb6268518b7bb,1941,False
data/raw/tago_stops_nearby/2026-09-03/grid_a2f6ea8e5bbaa3fa0010fddd13de1413324d3dd27476b1af2ebdb148b5773a3c.json,14f2246ace14dc952de4699b257aad33857269b05ed7196321dab03419a0b19a,14f2246ace14dc952de4699b257aad33857269b05ed7196321dab03419a0b19a,1784,False
data/raw/tago_stops_nearby/2026-09-03/grid_a3089bd19c022cbcd4132f056080594ef707058bcabd72fbc4237041bd1ecba6.json,a348d1636a5b4bfeee6b8093a95848fe6663114a20bbcfb36b2cc2aab5a9af08,a348d1636a5b4bfeee6b8093a95848fe6663114a20bbcfb36b2cc2aab5a9af08,3665,False
data/raw/tago_stops_nearby/2026-09-03/grid_a312cd1422ec213f26913a69024717f881aa801cccdaa14dda0b978509e743fa.json,ad44684bb0ab6caa312a8a088652558c1cf9c9baca9eb6be0fb552e83bf8de49,ad44684bb0ab6caa312a8a088652558c1cf9c9baca9eb6be0fb552e83bf8de49,1258,False
data/raw/tago_stops_nearby/2026-09-03/grid_a343aed34a831c00d811654ca6ea9a49b2afa5d301d133a53d9efc946fe3504b.json,7b763f1135d941d9d36d728b1190c28c336296ae14993e4912c0b5db939a831d,7b763f1135d941d9d36d728b1190c28c336296ae14993e4912c0b5db939a831d,1744,False
data/raw/tago_stops_nearby/2026-09-03/grid_a34b1ee33e7c9b3d05aa6c5a659902628470a2f6202ed801036b82cc4b599d55.json,7f16c628b82dd780657b5239bf867ac273ae7a29b45bfdb2b57bf8463e38ece4,7f16c628b82dd780657b5239bf867ac273ae7a29b45bfdb2b57bf8463e38ece4,5573,False
data/raw/tago_stops_nearby/2026-09-03/grid_a3680fcbe3374fdeb08182103abf2a58f6881d252c95166659b53b1592e3326b.json,6400ab4048b2a6a81da31a97ce6aeab18bc020385e702ed61a19de2b99340455,6400ab4048b2a6a81da31a97ce6aeab18bc020385e702ed61a19de2b99340455,5495,False
data/raw/tago_stops_nearby/2026-09-03/grid_a3749c4376e69dfe75e6b52c177bc1e65b36061e4672e9b0e15c5ba50dd46a78.json,9ba5871997d4f33a718917241962474e0454f033769136a8b0ec60ba9274372c,9ba5871997d4f33a718917241962474e0454f033769136a8b0ec60ba9274372c,2067,False
data/raw/tago_stops_nearby/2026-09-03/grid_a37768185bd653ccda19d371327c3ee41637d9e8b972802748355400fc93758e.json,1fbde6ad93448652a08cb8a8ec8b10195dc8935b341d244cfef560b0f0da4a6f,1fbde6ad93448652a08cb8a8ec8b10195dc8935b341d244cfef560b0f0da4a6f,3800,False
data/raw/tago_stops_nearby/2026-09-03/grid_a3947182bcb1d3ed4e5078c936c56f641b48f6dc65db2c6779420b4b7b1bc91e.json,4eadee5f243a1e1db6bf281c014c4ec02abb0462c0ffe8f211ddb0435af2c0b3,4eadee5f243a1e1db6bf281c014c4ec02abb0462c0ffe8f211ddb0435af2c0b3,1223,False
data/raw/tago_stops_nearby/2026-09-03/grid_a3b784529b61930817cfbd9ef1422b96d10cf7dc4f29dd10bc774c3654228acd.json,2e76d845f81f7a4ee0914ed6162109a6252cecd979700630a145aaca817085bc,2e76d845f81f7a4ee0914ed6162109a6252cecd979700630a145aaca817085bc,4452,False
data/raw/tago_stops_nearby/2026-09-03/grid_a3c80b5ee4156ce071828211ba45dfa0faca3f59b1a0ec26a40710b4bd5f9ae9.json,341a1f0583a6192d039a7899bcae8ca7cf2daa8d8cb43add9ea803d3e2c6ce80,341a1f0583a6192d039a7899bcae8ca7cf2daa8d8cb43add9ea803d3e2c6ce80,2785,False
data/raw/tago_stops_nearby/2026-09-03/grid_a3ced4c01cd1b6d66ca3e34e41c1b3c627f072af6142db62494fba92dace0996.json,f7f302ae11c3f782c1eeec756f996cedeb5b708c137c2e113a63be383dcdf20b,f7f302ae11c3f782c1eeec756f996cedeb5b708c137c2e113a63be383dcdf20b,3099,False
data/raw/tago_stops_nearby/2026-09-03/grid_a3e7d5bfdf303e8424c24c3d45fdd1f5d6a73f02b47fcb5728a0dd6967784cb2.json,befcbbfe9edb605d61d9f48b8db0289d19a26697658b26b656b825cefeed063e,befcbbfe9edb605d61d9f48b8db0289d19a26697658b26b656b825cefeed063e,227,False
data/raw/tago_stops_nearby/2026-09-03/grid_a3ef4f6f8988b3e2b92def7f64d5f7a575be7f7563275e6cc8c3377b4b49bf33.json,befcbbfe9edb605d61d9f48b8db0289d19a26697658b26b656b825cefeed063e,befcbbfe9edb605d61d9f48b8db0289d19a26697658b26b656b825cefeed063e,227,False
data/raw/tago_stops_nearby/2026-09-03/grid_a4042575dc9ea07760b02e3752a7e719b7073aac472c08141d630502e7fe2315.json,49834b59a8ef35b042538f1c5d26eefb620b55cd8d8e7ac6c4d9c0c58133e247,49834b59a8ef35b042538f1c5d26eefb620b55cd8d8e7ac6c4d9c0c58133e247,485,False
data/raw/tago_stops_nearby/2026-09-03/grid_a41c9e7f6213fbe2c2ca951827447ebbe49eb5a58ca9e92afdb7710e39253d02.json,5474c679acf546ef8cd488eb3a6b08c54754aee7b33adac4e855a65de639977d,5474c679acf546ef8cd488eb3a6b08c54754aee7b33adac4e855a65de639977d,1290,False
data/raw/tago_stops_nearby/2026-09-03/grid_a44f52955a69ee628e96561d7b1f06a53ff7b8bcb137a845e2c8d2d9ed6bd12b.json,907d06f81daa2ced60b12e68cfc2fd332c46b9be27ac33294c6cd113db396f73,907d06f81daa2ced60b12e68cfc2fd332c46b9be27ac33294c6cd113db396f73,1701,False
data/raw/tago_stops_nearby/2026-09-03/grid_a46b4cf08619b0a0e900ff19a961cf7dcc75ba11a062ac3049f788982e00b4e4.json,6d5c8bbc9f01a93a5bea6ef1d33c438d00fa0f493276d40722f487bb162556f5,6d5c8bbc9f01a93a5bea6ef1d33c438d00fa0f493276d40722f487bb162556f5,5215,False
data/raw/tago_stops_nearby/2026-09-03/grid_a4abad152f85858af12cef8034151ad2ff7b9f44280f20086b4d177f22b26650.json,87d18bad28e38011d511ee901aecd3ceea8ed1b6a45b6633c41da4b81b1c1592,87d18bad28e38011d511ee901aecd3ceea8ed1b6a45b6633c41da4b81b1c1592,3930,False
data/raw/tago_stops_nearby/2026-09-03/grid_a4bbd30100b7040ed062394047b9a452108df385547ae25d4cd85fe82883dae7.json,14555d07d546e2d85f91159550e9559a2c45251575b2323868db6f75c9c4d906,14555d07d546e2d85f91159550e9559a2c45251575b2323868db6f75c9c4d906,1824,False
data/raw/tago_stops_nearby/2026-09-03/grid_a4bf4a694552ab24abcc19a2ad386476131a81f6e52eb0ca55aaed287a72d8f2.json,2406ecc424c24ae6713f1b9e71c96e017827cd4229506d131c1352d06e4ea34c,2406ecc424c24ae6713f1b9e71c96e017827cd4229506d131c1352d06e4ea34c,1034,False
data/raw/tago_stops_nearby/2026-09-03/grid_a4cd2a5d5e90c456a9c3a5d8565f8bcd97704b009be0705eaf103304baea2f77.json,9504101b6ac0df15da91165f273a81e49e0c46eee1520b780d04bdb729419204,9504101b6ac0df15da91165f273a81e49e0c46eee1520b780d04bdb729419204,1320,False
data/raw/tago_stops_nearby/2026-09-03/grid_a5036d97483cd4af3599086e96ef7dba339be43407ca8dd4618f0c1a7860290b.json,5968a3d2b3762f6c9566d1d53e49a251d7ce7532fe29f70372c289e396ad3d8b,5968a3d2b3762f6c9566d1d53e49a251d7ce7532fe29f70372c289e396ad3d8b,1462,False
data/raw/tago_stops_nearby/2026-09-03/grid_a50bc79a2dc9ba4207da8970095dd24a70b41b9202a8097721a4af8e408158bf.json,befcbbfe9edb605d61d9f48b8db0289d19a26697658b26b656b825cefeed063e,befcbbfe9edb605d61d9f48b8db0289d19a26697658b26b656b825cefeed063e,227,False
data/raw/tago_stops_nearby/2026-09-03/grid_a50ffa6cb492cdf294a9002169e39a078cbb37ddc4f55d2b1c181ff0e6b29c36.json,be524124d0aabdc1e3efa9d93966cf872bc2b61b9b44701d7b71f28e561ca1c3,be524124d0aabdc1e3efa9d93966cf872bc2b61b9b44701d7b71f28e561ca1c3,4911,False
data/raw/tago_stops_nearby/2026-09-03/grid_a51339346c5632e102069f398686b26645b2c4cbfd9745f86532c58e200d61ba.json,9fa1a244d5b94ddcdbdcdbbdda7f7c1bd6ddc8d7afaa22b760e21e83f82558e8,9fa1a244d5b94ddcdbdcdbbdda7f7c1bd6ddc8d7afaa22b760e21e83f82558e8,3509,False
data/raw/tago_stops_nearby/2026-09-03/grid_a51c0eae7ac0774c2eee8ddd6a2967c90d12f541892bd286af7370229d153a03.json,dc661d4e2835ef4a03d18e7f34cb72346512011a8acca08907aa56c15b304b2e,dc661d4e2835ef4a03d18e7f34cb72346512011a8acca08907aa56c15b304b2e,2227,False
data/raw/tago_stops_nearby/2026-09-03/grid_a53c1461de21821c0f975d5033e9dcec669ec81e92792f6fb99d85881613c3d6.json,ed918a059c7612bf90e1e992a061ece3dafc2e5487b60ec9269bc6884a843048,ed918a059c7612bf90e1e992a061ece3dafc2e5487b60ec9269bc6884a843048,3450,False
data/raw/tago_stops_nearby/2026-09-03/grid_a54b37052a384d02e20f43e6cce8d48fe4d1b094b56e20ea3705d479ffb44d2c.json,3981553c4eb81a1c4f998181b9a9d093fa807f6e55f7b12fa6237e292cb4dc1a,3981553c4eb81a1c4f998181b9a9d093fa807f6e55f7b12fa6237e292cb4dc1a,2005,False
data/raw/tago_stops_nearby/2026-09-03/grid_a56d954c8a8244ef09ab1b83ca2941215be1468d1a1af5be6bb6953cdbe06db0.json,4fe3668068ac931ef66d2bc5a35295a74f7fcbae62da6af7e6dc50bda35b6e32,4fe3668068ac931ef66d2bc5a35295a74f7fcbae62da6af7e6dc50bda35b6e32,4744,False
data/raw/tago_stops_nearby/2026-09-03/grid_a581ae038ac79beb1dc762207e28e119394d12e705bd7c9a52703abd52c0ce54.json,733413b6ca465bcf9de86a1ae62151a7846d4e6ec5e6182690a6f0e4a8188c01,733413b6ca465bcf9de86a1ae62151a7846d4e6ec5e6182690a6f0e4a8188c01,2832,False
data/raw/tago_stops_nearby/2026-09-03/grid_a59885461d1a4040a5b48aa5b6db93addca7651e00b8109ac8dc619d690e8f40.json,55fff013d6141c243250aeecf71baab157c770f95fee8bb8cf161c1ee13d050a,55fff013d6141c243250aeecf71baab157c770f95fee8bb8cf161c1ee13d050a,2538,False
data/raw/tago_stops_nearby/2026-09-03/grid_a5c87f6eb13ed941aef8ec39c25bd626ac4a6b26bb27b5f5d64616e3b8feaa50.json,abb3feb9533d29939e26591f2e98218063045bbf0e8e6307e9ebe1991ab1b951,abb3feb9533d29939e26591f2e98218063045bbf0e8e6307e9ebe1991ab1b951,4524,False
data/raw/tago_stops_nearby/2026-09-03/grid_a5faf030d98bb7e01b56d141028c96de2588ab5028db6bfcf434c71eaa92e53c.json,8d903cb3d2c9de32294db68d811e1eb18525307947de17a5c6e365339358590b,8d903cb3d2c9de32294db68d811e1eb18525307947de17a5c6e365339358590b,3175,False
data/raw/tago_stops_nearby/2026-09-03/grid_a606631a34b76407739a085ff381bbd457cdef69493c80b4efcec6d629807f70.json,d5bb861d18bd9c58fd317fadf40fa77151d2614b7bd7dd1117c46e36de15fb88,d5bb861d18bd9c58fd317fadf40fa77151d2614b7bd7dd1117c46e36de15fb88,3970,False
data/raw/tago_stops_nearby/2026-09-03/grid_a62269b22cd7749072e47951f54a36e1dd20d9c187a3300b75eefb380c748298.json,347f74054e994bb8e24f19c75fbe570646c806ef96b257e0b1089f558e9f5571,347f74054e994bb8e24f19c75fbe570646c806ef96b257e0b1089f558e9f5571,2342,False
data/raw/tago_stops_nearby/2026-09-03/grid_a6250982ede3a358d4e3456803eb8e79be301c5f3195d8df87d4252f7924e386.json,f17c7de429a11278f1fe9884e659540aceae31e3e2ce4f450b5da6b4e42c3191,f17c7de429a11278f1fe9884e659540aceae31e3e2ce4f450b5da6b4e42c3191,3303,False
data/raw/tago_stops_nearby/2026-09-03/grid_a629b87411093b454681f66610e95642ab8968f3457366f752cb921ef9a6d86c.json,084b5285a53391a1288e74f3c86ccc9d58ebd0a793893fe59f9a0fb6a466175d,084b5285a53391a1288e74f3c86ccc9d58ebd0a793893fe59f9a0fb6a466175d,5386,False
data/raw/tago_stops_nearby/2026-09-03/grid_a63211aea597f0137f7c0b9659b8a17bd3e8488839e14738da0550360591e95f.json,0666c81d6830684001a0b8839dac89c3165c8c0505d9f6e8e6fb4e77627ce8d5,0666c81d6830684001a0b8839dac89c3165c8c0505d9f6e8e6fb4e77627ce8d5,2224,False
data/raw/tago_stops_nearby/2026-09-03/grid_a648996d77fc2ce3fb3746dcfde1d9d0469e3132993610d29409920551cccc4d.json,929e9d5b609546757678ec5097079b5cf690be1e5fa9665a6bf1cc590c11bb81,929e9d5b609546757678ec5097079b5cf690be1e5fa9665a6bf1cc590c11bb81,7841,False
data/raw/tago_stops_nearby/2026-09-03/grid_a650e8cea599d14fc7decc569ead25c076ac22b736966427f2a94057dead5b05.json,3c04dec3023f0cfa4a0b7d852d18ac9cf5814a94b48d92d70a7cf9ee8e369d4d,3c04dec3023f0cfa4a0b7d852d18ac9cf5814a94b48d92d70a7cf9ee8e369d4d,2347,False
data/raw/tago_stops_nearby/2026-09-03/grid_a6f1bdd6171f7543466141ea2a496b6f888ee49fe71a28fbcbb4c1967aabebb4.json,58bdc865f9b634c6f553cf5143d4515ca222dc4c47b80a19a73e913de27d0134,58bdc865f9b634c6f553cf5143d4515ca222dc4c47b80a19a73e913de27d0134,1512,False
data/raw/tago_stops_nearby/2026-09-03/grid_a6f701e1aec7a38759c6f972a3757eb5da1734ed5e9f87f939ac275228473cf5.json,b3ce0d8f3450189f7ef95b55dd9a53454c0278c68bcf2995ca710d065cd997c7,b3ce0d8f3450189f7ef95b55dd9a53454c0278c68bcf2995ca710d065cd997c7,6329,False
data/raw/tago_stops_nearby/2026-09-03/grid_a712610dc1af17defc31a91bc74172b05e28d7063fc484008e48d1e7e87754b8.json,abe066200a9780fb59589577c89e132de04c43a1deba3a9c96d69cb5e553281a,abe066200a9780fb59589577c89e132de04c43a1deba3a9c96d69cb5e553281a,3883,False
data/raw/tago_stops_nearby/2026-09-03/grid_a71b2325630a94d687bfdd431c3f7eff003e5400b73aea5fb80622e8c96465ab.json,38fe85a90eae18cc499fa431f5c22deeff44ffb9334126be7243cbe66499eb81,38fe85a90eae18cc499fa431f5c22deeff44ffb9334126be7243cbe66499eb81,1751,False
data/raw/tago_stops_nearby/2026-09-03/grid_a7647908fa0587aedd1996859596843707eff697d622642af4c04fd6d7d5aa31.json,5f107f784beda54a8ce5be842a33176183709f41bc6ec97b213709450d367acd,5f107f784beda54a8ce5be842a33176183709f41bc6ec97b213709450d367acd,1749,False
data/raw/tago_stops_nearby/2026-09-03/grid_a77a5b6f972e5ade4f717e3fb2e1877c934f67c44de085478a07b777b0f6bda2.json,befcbbfe9edb605d61d9f48b8db0289d19a26697658b26b656b825cefeed063e,befcbbfe9edb605d61d9f48b8db0289d19a26697658b26b656b825cefeed063e,227,False
data/raw/tago_stops_nearby/2026-09-03/grid_a77b711a484bc97dad005f84a1fc767bcdd9fa09430e48ddc37a44be6550e5cb.json,7bf58b9e230384e3de2b11c25a128a853730c8ea993eec79f95d35938285bd96,7bf58b9e230384e3de2b11c25a128a853730c8ea993eec79f95d35938285bd96,4303,False
data/raw/tago_stops_nearby/2026-09-03/grid_a783af2dc9fba72813b93540842e32f54ecad0f95de76c90fd19b8752fa2af97.json,c1b0e2aeada766871757dd681267c283c703f02ef8f1b1081b9eb75f6237a0fc,c1b0e2aeada766871757dd681267c283c703f02ef8f1b1081b9eb75f6237a0fc,3220,False
data/raw/tago_stops_nearby/2026-09-03/grid_a794b304efddea50e652d699c0e7cb775ac2ad3dafe0ea350ffd77dbed412368.json,e75dc76b824568034f17716daeb345771732a4158267a2a5fc9f5af977976f55,e75dc76b824568034f17716daeb345771732a4158267a2a5fc9f5af977976f55,2928,False
data/raw/tago_stops_nearby/2026-09-03/grid_a7b72569e70313a2a1929155556c5abd2dbbcad7e0d56ccc80485fa2e0073bc0.json,aeb1b24c4271e777a30d7d872b7b4e987d4c3b8c66b953865a292b61ce558679,aeb1b24c4271e777a30d7d872b7b4e987d4c3b8c66b953865a292b61ce558679,752,False
data/raw/tago_stops_nearby/2026-09-03/grid_a7b9fa5f7a317720568a80e960ef36f5f49b5c12a9c71ea24a2ca0058f10be77.json,befcbbfe9edb605d61d9f48b8db0289d19a26697658b26b656b825cefeed063e,befcbbfe9edb605d61d9f48b8db0289d19a26697658b26b656b825cefeed063e,227,False
data/raw/tago_stops_nearby/2026-09-03/grid_a7bdafcf67bb13ffae31c0cb13789a9cc9b6ae433d3807502010b6a491894ac1.json,befcbbfe9edb605d61d9f48b8db0289d19a26697658b26b656b825cefeed063e,befcbbfe9edb605d61d9f48b8db0289d19a26697658b26b656b825cefeed063e,227,False
data/raw/tago_stops_nearby/2026-09-03/grid_a7dc7d3a09ea9f244cf442aaf548690842a0c6a528382c35c96781b2741afe10.json,2dcb1d2adc06d0c10df442627c8147d46e10987314c544434b0ed657b1572726,2dcb1d2adc06d0c10df442627c8147d46e10987314c544434b0ed657b1572726,4007,False
data/raw/tago_stops_nearby/2026-09-03/grid_a8055b6b633acfc92cf0a8ca892034f187ec0f76daf26872f36e0e07ead571d9.json,8bd4f1ae20bd13f4849acfedf3f421a2acb948754416b0b0335163ab2bfebd2f,8bd4f1ae20bd13f4849acfedf3f421a2acb948754416b0b0335163ab2bfebd2f,4515,False
data/raw/tago_stops_nearby/2026-09-03/grid_a815de8912ac68f9122ca9830db70bda33f76e9c2a2cde89106ebc8c296d8493.json,81ab92abb8da64893cd59adec586865228eb0ce569bc00f7b102f3c529a1a519,81ab92abb8da64893cd59adec586865228eb0ce569bc00f7b102f3c529a1a519,4545,False
data/raw/tago_stops_nearby/2026-09-03/grid_a823f2b39f7f100beea59a72ae298072fa600df910184d58ed8fb8b0cfa21592.json,962978ccd878d15789bfa1f3ae2fe0da01ea8a079bf38a979cbea413ad861d0c,962978ccd878d15789bfa1f3ae2fe0da01ea8a079bf38a979cbea413ad861d0c,480,False
data/raw/tago_stops_nearby/2026-09-03/grid_a87a70158d9ab39c595a12cb7d31642b98c35bcf20b5403ce7a709c8cebc9071.json,eb68d68f57e0f36dba94b0695c589adfd37596667a0f1672d28a66ace9ee50c5,eb68d68f57e0f36dba94b0695c589adfd37596667a0f1672d28a66ace9ee50c5,3421,False
data/raw/tago_stops_nearby/2026-09-03/grid_a87b7bc4bc3d4d55b8b6c4869cf923d135671c3a6bb8704156e40d7a58d0dcef.json,d0ab3232db3f420aef95b64ea713058e5ae0e922867e27bcf3393fd106501c09,d0ab3232db3f420aef95b64ea713058e5ae0e922867e27bcf3393fd106501c09,1238,False
data/raw/tago_stops_nearby/2026-09-03/grid_a88875cf9f979a293d5b4d0157e66425521cbcfc90fdcd60108afb2e6c7aba89.json,befcbbfe9edb605d61d9f48b8db0289d19a26697658b26b656b825cefeed063e,befcbbfe9edb605d61d9f48b8db0289d19a26697658b26b656b825cefeed063e,227,False
data/raw/tago_stops_nearby/2026-09-03/grid_a8bd0f2468d12421441b977ef0a03d6a8048f8ba50dc12e367b04a184694b1a0.json,4c374f6385e9de9df270de311fb084da96e01557158547dfdf09e1f6aaea0092,4c374f6385e9de9df270de311fb084da96e01557158547dfdf09e1f6aaea0092,3507,False
data/raw/tago_stops_nearby/2026-09-03/grid_a8c33b2387f1d6591ba52f66df29f04b884c9c44f4aeec4a0ddf60ba0fa16f53.json,679e3afc30b38f2bdaf4fefc4c94da135248929567dcc29bb7b25882a1905efa,679e3afc30b38f2bdaf4fefc4c94da135248929567dcc29bb7b25882a1905efa,2713,False
data/raw/tago_stops_nearby/2026-09-03/grid_a8c5b8c2dacfbce279ba7ab826eb69de5dc85f4537e7d80e6ae0b4f5a9043139.json,ff13b5894ece97f3ff760a6bbfe7d0c523f281e8b4fe9c325ab54488564176e0,ff13b5894ece97f3ff760a6bbfe7d0c523f281e8b4fe9c325ab54488564176e0,4192,False
data/raw/tago_stops_nearby/2026-09-03/grid_a8f5a5357bbaee04887c5982b50263da3fd0fd700565a000c267675ecb92d8fc.json,53cc1fd6c837648bc4b2449c656893b1e593581837354ea0251c8a2672fa2b4d,53cc1fd6c837648bc4b2449c656893b1e593581837354ea0251c8a2672fa2b4d,5213,False
data/raw/tago_stops_nearby/2026-09-03/grid_a907be80a5805cc0ac535135fb5b71ee1a915995c9436d2fc99f86492ad8bcd4.json,a0e145a7c1647282d4bb79c35d30acdb5923593bc5e68ac3d02328942d47ed5c,a0e145a7c1647282d4bb79c35d30acdb5923593bc5e68ac3d02328942d47ed5c,2166,False
data/raw/tago_stops_nearby/2026-09-03/grid_a90fa22e6965f5cc14f59f58f10401e9e8b4e8198c287a3be7e1d3deea505751.json,68df898dfacfc78d6405e70159f912b161b7e89c9287c2d87f1dc76701111fab,68df898dfacfc78d6405e70159f912b161b7e89c9287c2d87f1dc76701111fab,762,False
data/raw/tago_stops_nearby/2026-09-03/grid_a927e3c9a6ac3f20d220ef8db99baeefd979a8ad24dfd2fffbcd0e0545be4969.json,aabff6f972c9c840001688848a1d09a97a6f164611a50ac97be953f2abf5961f,aabff6f972c9c840001688848a1d09a97a6f164611a50ac97be953f2abf5961f,4733,False
data/raw/tago_stops_nearby/2026-09-03/grid_a92aaeeceeb7ee51653475fadfa441f7953b66e8f64be2b8483c1351c8f57584.json,f65f26d04a0420b4a827d84f8d112915012267869b60438a83a4e04c9d5920f5,f65f26d04a0420b4a827d84f8d112915012267869b60438a83a4e04c9d5920f5,3826,False
data/raw/tago_stops_nearby/2026-09-03/grid_a92ffdbebc1d3e2afb4477983710a1a7c63e735165aac225abffc0ea2c54df16.json,272620aca8553475f86037a3a6cce900937dbd1568a13024ddc37112cd09274c,272620aca8553475f86037a3a6cce900937dbd1568a13024ddc37112cd09274c,4381,False
data/raw/tago_stops_nearby/2026-09-03/grid_a93b3a63483efc33989403eba5ed17dc3bdc0de0bd7c2102d5a82b88fba08b12.json,6fa86b1e13d8566716bbce848051ddda9dc6560496252def2c116c2a419a4424,6fa86b1e13d8566716bbce848051ddda9dc6560496252def2c116c2a419a4424,4554,False
data/raw/tago_stops_nearby/2026-09-03/grid_a96615e9a67c9d0e20e7008b13b7ff18f983ef82829fee068980cac37e97aa8e.json,474d09b6b27622db79606b0b22780872d7ba3c387002fd84ea2830e1a93649b9,474d09b6b27622db79606b0b22780872d7ba3c387002fd84ea2830e1a93649b9,2281,False
data/raw/tago_stops_nearby/2026-09-03/grid_a9945ae2c79f41cef87005094354fd59c8d079ba0b87f90acde1629a19884f22.json,7506760cfcedf1b49522d5f355cd6b7352d9dc18f579f3e560a76add09104dde,7506760cfcedf1b49522d5f355cd6b7352d9dc18f579f3e560a76add09104dde,6635,False
data/raw/tago_stops_nearby/2026-09-03/grid_a9ad5bf720d5cc6cb1f427c80417857cd6c149f73f8f4a77b141cc3f4627da61.json,55c68f54dbdd148fce72f2e65c229fb3154085574f73382e1bba89fb3e6105df,55c68f54dbdd148fce72f2e65c229fb3154085574f73382e1bba89fb3e6105df,1571,False
data/raw/tago_stops_nearby/2026-09-03/grid_a9b6d25b399e34e184ca9e53bf57d2d0be8608da1f3dedd330ccea13cd42c604.json,59caec2a1f6317c6af266c29c19a715313f6717684f22c2c42fe533eaf701207,59caec2a1f6317c6af266c29c19a715313f6717684f22c2c42fe533eaf701207,4900,False
data/raw/tago_stops_nearby/2026-09-03/grid_a9c59c9e37cc10029f8d614bd96e705e142222bf4ece0eb4963d37204b816ccc.json,8d64acb224d1eda6929684f5f95dc047c3b2d917d81fd88e9edc044e705c7fd2,8d64acb224d1eda6929684f5f95dc047c3b2d917d81fd88e9edc044e705c7fd2,5376,False
data/raw/tago_stops_nearby/2026-09-03/grid_a9cdc0bfb90e7934676f2f6410a0b823ef4cdb718277b4295d2da7a713909115.json,7c069e0f954252621ac96a947f08214efbe0763a0f22f9016c77d156e7a01447,7c069e0f954252621ac96a947f08214efbe0763a0f22f9016c77d156e7a01447,4655,False
data/raw/tago_stops_nearby/2026-09-03/grid_a9f8e0905fc5bcf62bc9fa5b340d703f7e44b1dca6fc74179c65e383db6461af.json,1614c72065377eac3c7bdec4d366fbd71540ba003780305e818de14059948df2,1614c72065377eac3c7bdec4d366fbd71540ba003780305e818de14059948df2,2737,False
data/raw/tago_stops_nearby/2026-09-03/grid_a9fde031d21177d4bed51e030a11826fd76b5acdaa6bdc5738dc1757c199ca94.json,99e5c17951beffc757050da17ee710c8586123fa41932b1080e66a054ba5b1fc,99e5c17951beffc757050da17ee710c8586123fa41932b1080e66a054ba5b1fc,2499,False
data/raw/tago_stops_nearby/2026-09-03/grid_aa094bafb308f5ce626c388cdb8da9f5a064724c796ed6345915d38ac201a035.json,9f297962d0eb1260760d2ebba45e96c46f8dbc879aa7cca1661754d63579b745,9f297962d0eb1260760d2ebba45e96c46f8dbc879aa7cca1661754d63579b745,2775,False
data/raw/tago_stops_nearby/2026-09-03/grid_aa22d4a8eb842277d3a2e50a27fe99d1bb6a5905cb794348b3b249cc931cd2a5.json,3e6d882341f55dcf99661291138407b9b411569a6975b138d5d9e18129353c2f,3e6d882341f55dcf99661291138407b9b411569a6975b138d5d9e18129353c2f,5541,False
data/raw/tago_stops_nearby/2026-09-03/grid_aa4fe78f431db6da559d181190d76ebea7da6874cc106f80b2926fda3e64e242.json,060f055ac4184c86c1cc564e8a9d3cca7318c54007d8134aef5538d8f1973dec,060f055ac4184c86c1cc564e8a9d3cca7318c54007d8134aef5538d8f1973dec,2813,False
data/raw/tago_stops_nearby/2026-09-03/grid_aa81a46b6917cdf8800fc5c578700d16cc6ca0d03535220ac6b8cff51efe2d4c.json,93ccda7b6606a3e61f6b887e7e4c94d7f4c0dea6e5bc45e9961083349735665f,93ccda7b6606a3e61f6b887e7e4c94d7f4c0dea6e5bc45e9961083349735665f,5356,False
data/raw/tago_stops_nearby/2026-09-03/grid_aa88cc00efe4fb74e8d55c4a578e19ecd49bd2e654346004af218106bfba99f3.json,1cd4935c90c633a68784a07e9e6efff9c2174832a9c5fae0188939df223b4615,1cd4935c90c633a68784a07e9e6efff9c2174832a9c5fae0188939df223b4615,3317,False
data/raw/tago_stops_nearby/2026-09-03/grid_aa99341162919d8688ac6151a6f707019ec87493ed49b92d7a91789f4a6dea64.json,089f1762b0b39ee2421270c8a583bcaeb2b5d28f93628a739514dbbc8d970cf4,089f1762b0b39ee2421270c8a583bcaeb2b5d28f93628a739514dbbc8d970cf4,3473,False
data/raw/tago_stops_nearby/2026-09-03/grid_aab0b7b4e6504474b1a9c57c6708fedb3861b176da72ad3f76ada4cffbc4b85b.json,321c15a6a9c1918a129b8a3d7e6ac98335b46950f551ce48fbe4a34f4a43e9a8,321c15a6a9c1918a129b8a3d7e6ac98335b46950f551ce48fbe4a34f4a43e9a8,4163,False
data/raw/tago_stops_nearby/2026-09-03/grid_aaea136974a0c77a5023505067ba4cd87da71664cfd8e21eb059b7e3fbcd7288.json,4fe33f64dbb4241e66233874d88e903089e25404b63249af634408ead09000bc,4fe33f64dbb4241e66233874d88e903089e25404b63249af634408ead09000bc,4739,False
data/raw/tago_stops_nearby/2026-09-03/grid_ab255d5e24bc9ac9b69ae922d59e40cfbf0f6b3fe82b2fb2007b2acb893f3405.json,f62bf90f3149f4a059424a39984cadf16f11fc26c39710582b5e7894ee99fda9,f62bf90f3149f4a059424a39984cadf16f11fc26c39710582b5e7894ee99fda9,3695,False
data/raw/tago_stops_nearby/2026-09-03/grid_ab283feb15fcec6bcbcb464e49d08abffb77e6c46f33fe25974e0bb4e74cbade.json,befcbbfe9edb605d61d9f48b8db0289d19a26697658b26b656b825cefeed063e,befcbbfe9edb605d61d9f48b8db0289d19a26697658b26b656b825cefeed063e,227,False
data/raw/tago_stops_nearby/2026-09-03/grid_ab32748e04014a9a2a16769dcd8400d97e88da9c2a41d875392da8e2b91b9db2.json,3e2a74ed9e7829e5d7edd10c764f0e8c38ffde5c21043a0d29674f09c8a780f7,3e2a74ed9e7829e5d7edd10c764f0e8c38ffde5c21043a0d29674f09c8a780f7,3019,False
data/raw/tago_stops_nearby/2026-09-03/grid_ab3faccf67359e012ef2c8f3ec6d4b63aa2b65840d8deb9f9d267ab2f347a137.json,b52ffed9f1d57e11d9ea8592489474b219b2486396d28810a7edeeb84fc3cf01,b52ffed9f1d57e11d9ea8592489474b219b2486396d28810a7edeeb84fc3cf01,3688,False
data/raw/tago_stops_nearby/2026-09-03/grid_ab6cb0a2acec5ae9bc1e398a5d52a8110372e5fad737f22f3a0034c15363990c.json,0d2ba1e4583badcb34c013084db2b6d6d38f93b1ddd73d0981ff2026cf56b912,0d2ba1e4583badcb34c013084db2b6d6d38f93b1ddd73d0981ff2026cf56b912,2717,False
data/raw/tago_stops_nearby/2026-09-03/grid_ab77e87220040e83e7d9832989653e7ef561e97b96bdb830555b5f4aa8d333fb.json,5dcd7b3926460f193ad4ba1487d47b1cbb5a5c11d07ade6f5cf4caed5f85fc57,5dcd7b3926460f193ad4ba1487d47b1cbb5a5c11d07ade6f5cf4caed5f85fc57,4853,False
data/raw/tago_stops_nearby/2026-09-03/grid_ab79be774d7242874ce53058d7c3e229c94719e988e602e5085a035ea7005256.json,f8b3a3afdb65be847b17eebc026e69128b221601e8aad92259d790e301497cb5,f8b3a3afdb65be847b17eebc026e69128b221601e8aad92259d790e301497cb5,5161,False
data/raw/tago_stops_nearby/2026-09-03/grid_abe711b85f1b98b9fd0f146a82cc3b7092bcab7561d3e96fa379793f649a85b9.json,ac5c1e639c88719147e24add37987b13ad902f1ff920c738aae73e52b4b209da,ac5c1e639c88719147e24add37987b13ad902f1ff920c738aae73e52b4b209da,6264,False
data/raw/tago_stops_nearby/2026-09-03/grid_ac05e06edfce25ed14c782a2f73298c1f0eacc6abbf346c39bf91bdce3534432.json,6bd1676004b68d6584649253f5afce1333c5f6691bb79a2cd6e0b5317976f48f,6bd1676004b68d6584649253f5afce1333c5f6691bb79a2cd6e0b5317976f48f,2771,False
data/raw/tago_stops_nearby/2026-09-03/grid_ac0943b8a722304e0a2e503d3eff2a895762b5342d966bc7e658349e7c788fbb.json,43e3412785bef828bf10102fe0f52f6979c0c54b175391dbec98548bdbac5f18,43e3412785bef828bf10102fe0f52f6979c0c54b175391dbec98548bdbac5f18,2827,False
data/raw/tago_stops_nearby/2026-09-03/grid_ac44d3737d1a99914b3997ffffaeb3a6055a5f3673e53fb9396cfdfbf477d86f.json,8d8d424cad86b5a8e6888f5e7caf4a93f2d5ecd09fbcb5aa9058a6ccb018f62e,8d8d424cad86b5a8e6888f5e7caf4a93f2d5ecd09fbcb5aa9058a6ccb018f62e,2767,False
data/raw/tago_stops_nearby/2026-09-03/grid_ac7a99719d3a55356968ede471531ca67c661d3c416b925333339dcf3500b7eb.json,cb49156055b3f861fe131b243a33db264fcf09fac2e338b18fabebe6165748fb,cb49156055b3f861fe131b243a33db264fcf09fac2e338b18fabebe6165748fb,2731,False
data/raw/tago_stops_nearby/2026-09-03/grid_ac9685e6f54c784198dd970124e4c82b4ea0a491f747affe8dbd6a60021440a5.json,477086de950d404a2902eaa45c339a018c6c6d5092e8b6741560361a3daeb77e,477086de950d404a2902eaa45c339a018c6c6d5092e8b6741560361a3daeb77e,3970,False
data/raw/tago_stops_nearby/2026-09-03/grid_aca41cde9664eb73403857dd928c326c95ac3a9a825a667c2616e2f476b76582.json,08f9b106c140abf3d14acaa4e0ea85d2d8d6e083993c95c22bbfe1c1f16ea262,08f9b106c140abf3d14acaa4e0ea85d2d8d6e083993c95c22bbfe1c1f16ea262,6055,False
data/raw/tago_stops_nearby/2026-09-03/grid_acaf4606c2ee9cb505eedccb4011b8b3598abbd471a831dc679eff6ce87e0baf.json,d44d59d4a99631ff67c9b7bdcccd30876a4e0462884fb1aab2888589086619a9,d44d59d4a99631ff67c9b7bdcccd30876a4e0462884fb1aab2888589086619a9,793,False
data/raw/tago_stops_nearby/2026-09-03/grid_acb3c59e3d78ae93127e08c8784a15da4d7cd635e1547f0ed41954e8216c33d8.json,befcbbfe9edb605d61d9f48b8db0289d19a26697658b26b656b825cefeed063e,befcbbfe9edb605d61d9f48b8db0289d19a26697658b26b656b825cefeed063e,227,False
data/raw/tago_stops_nearby/2026-09-03/grid_acb498300099f1e2fa28a8e5ec9cc430d1973755f8d29b2571a2f1b1677c4e49.json,b678343635d82f6598c31ea19e999198fd2df1d1080988ac201c14178f19b78b,b678343635d82f6598c31ea19e999198fd2df1d1080988ac201c14178f19b78b,1007,False
data/raw/tago_stops_nearby/2026-09-03/grid_acbb3f2dcbbe59447a58d1780880b78ec0577584aa028f34b5b868470d8a0d15.json,5c31976b8c29e9fb1241ead9336512fec83952c05a4b77992665bde8151b0b98,5c31976b8c29e9fb1241ead9336512fec83952c05a4b77992665bde8151b0b98,2968,False
data/raw/tago_stops_nearby/2026-09-03/grid_acc87371400f2a280ce7467eaa6919b9641788f468f9d53a944c832dab23deaf.json,0dc3df3e268fbd5b5d007c3bb8d05a8b8e0ab93def7520b6b718f73610e9790a,0dc3df3e268fbd5b5d007c3bb8d05a8b8e0ab93def7520b6b718f73610e9790a,1821,False
data/raw/tago_stops_nearby/2026-09-03/grid_acd201e15b5ef0fe65dfc490979e6544a5db2d37e70469b2f5956e767b7abfd5.json,7e1bc67ab338b9c2ede31109c1aa6d53f26f1cd3a1e050d2ebffb5bd19779d72,7e1bc67ab338b9c2ede31109c1aa6d53f26f1cd3a1e050d2ebffb5bd19779d72,1825,False
data/raw/tago_stops_nearby/2026-09-03/grid_acda43ee720f847cfe73c77dd6204f8c5d7493a2d43545f636f05095ce590829.json,609697e683e0ef010af4b2a6d22835fb27a00505ed211b94f30da05098bcf9d1,609697e683e0ef010af4b2a6d22835fb27a00505ed211b94f30da05098bcf9d1,4013,False
data/raw/tago_stops_nearby/2026-09-03/grid_acfb456f23f73ccf6e8c0abae9b52677a32383d20235ee0d6c3ff7d96208c1b0.json,6c3032fb57c321a42368c4ebae299c157af2421c005333a75eb9e6defea119e1,6c3032fb57c321a42368c4ebae299c157af2421c005333a75eb9e6defea119e1,3543,False
data/raw/tago_stops_nearby/2026-09-03/grid_acfd9f127d6c10609ac1daba9748a66d32019acf102958ef623e8a7660c910cb.json,ac28608c3ac05a4ddcf029165bf47448134e5a5ad85404d64b200cf380cbf0b5,ac28608c3ac05a4ddcf029165bf47448134e5a5ad85404d64b200cf380cbf0b5,3013,False
data/raw/tago_stops_nearby/2026-09-03/grid_ad099ee1c423e21678afd90669cd252d4848bef74a15c262ce5771064db7c725.json,957817b993e5bc8d2a16503e56772a345d47ba1a34ee9d8280b1253ff3c7ca1c,957817b993e5bc8d2a16503e56772a345d47ba1a34ee9d8280b1253ff3c7ca1c,4355,False
data/raw/tago_stops_nearby/2026-09-03/grid_ad2d6d09be66ffadaefb016666f4952d283cead3efc42de7d476efcf58ba8fc3.json,4bb55ab4de4a4655a7c3e6470682f483e453c58307e5b3708bd91d6af9fd4f3a,4bb55ab4de4a4655a7c3e6470682f483e453c58307e5b3708bd91d6af9fd4f3a,4509,False
data/raw/tago_stops_nearby/2026-09-03/grid_ad6f688a0879a0d6839dca0a9021f3093946d5700e934a0fe4f6d30812bc5e59.json,6e0717838642083e75a1b0ad24980df38a3712e933f56672a4e0e0aa6b95152d,6e0717838642083e75a1b0ad24980df38a3712e933f56672a4e0e0aa6b95152d,3066,False
data/raw/tago_stops_nearby/2026-09-03/grid_ad77f0dfcc618504d8c18b6bc8a7cdac3ff86a72bb9be8cd2fa94528b63c4c10.json,001de7b2222324297000570605b09322df19b5981365ee145fd38c5b69a412d9,001de7b2222324297000570605b09322df19b5981365ee145fd38c5b69a412d9,3629,False
data/raw/tago_stops_nearby/2026-09-03/grid_ad938e2983bdafed2e9ccd43789178d55460db692f0cb806a598e0d727baeb35.json,3af46903674020bb052e2812ea52ea3cb34b3d7b69d9218ca62ee98580c03440,3af46903674020bb052e2812ea52ea3cb34b3d7b69d9218ca62ee98580c03440,3213,False
data/raw/tago_stops_nearby/2026-09-03/grid_ad9ecdcfe39c92c4c6bde9b6f8da364ed1722ccd1de73901f5ae242a85411fa0.json,cc9887f78a1cd28084e859a2225cd839f7fc8732a9bb0b8fd6006678229ce884,cc9887f78a1cd28084e859a2225cd839f7fc8732a9bb0b8fd6006678229ce884,4072,False
data/raw/tago_stops_nearby/2026-09-03/grid_adc207535e5fb11fab545a883bc95fbdf71dd2e2bdf89341f0a9ec2448a7b893.json,c4c71b7eb4e88075bc187572941649754e7b56687470b59a70da37103b83ff43,c4c71b7eb4e88075bc187572941649754e7b56687470b59a70da37103b83ff43,5942,False
data/raw/tago_stops_nearby/2026-09-03/grid_adc47a8654940ce809d75e3c5e0ba36e6cadf835507cc8e31c0e85c8459a10ad.json,88cf445dbb9c14e92d67084b14b9aeed45de003d7c9c7a67837113cc7cd23fc3,88cf445dbb9c14e92d67084b14b9aeed45de003d7c9c7a67837113cc7cd23fc3,4302,False
data/raw/tago_stops_nearby/2026-09-03/grid_adcd04927435a5ac278a460fcf853b792318bed9a8c59203caf23b4a6c303455.json,653a4ea63a6d5542b4b907652f592d01ae1295cb9121724f9a5fd016c78f37d1,653a4ea63a6d5542b4b907652f592d01ae1295cb9121724f9a5fd016c78f37d1,2492,False
data/raw/tago_stops_nearby/2026-09-03/grid_ae1d7383b4966ba840d82968ba6f31f6602ce6fb01b7d950ffe3dd6aa7aa556e.json,ff502cd6f425fcb94cf9d206f059c7b265173210b12307979dc77cf5e0dcf997,ff502cd6f425fcb94cf9d206f059c7b265173210b12307979dc77cf5e0dcf997,3235,False
data/raw/tago_stops_nearby/2026-09-03/grid_ae4207f7fd8bfbf226eb33ab02d607c8974464066aa58045e122b618caf602ea.json,baefbb9571f105032404a2387460ddd223afb8974e9b3c844d9802122fa241a2,baefbb9571f105032404a2387460ddd223afb8974e9b3c844d9802122fa241a2,3217,False
data/raw/tago_stops_nearby/2026-09-03/grid_ae859f02ab85a610f6f71240f357d885a1864f006f42fe009b3209a22c6afa24.json,06cd7bf7b8b0de0830fd64fc471fcbb7912b567026067698fe720fb05f815df9,06cd7bf7b8b0de0830fd64fc471fcbb7912b567026067698fe720fb05f815df9,5539,False
data/raw/tago_stops_nearby/2026-09-03/grid_aec8835553d91cc7e979e5fed21a079ef633f8b888c88cad17bb7c966eeae6ed.json,4970c50b8947675c213848481c9702c71b4109b3cace649d5e98f657118d46e3,4970c50b8947675c213848481c9702c71b4109b3cace649d5e98f657118d46e3,1933,False
data/raw/tago_stops_nearby/2026-09-03/grid_aed6bb4ba032e3e4de1e9b796bb8be30b6d5d3978803b15cd128ca320b878294.json,2bf12a405d2f039eb32052aab277406afd51603d153305c236c2b79fef12414a,2bf12a405d2f039eb32052aab277406afd51603d153305c236c2b79fef12414a,3222,False
data/raw/tago_stops_nearby/2026-09-03/grid_aed7beda6400ce664f35efe727523cfbf56092aa206d22950d4d80e6ce2baeaf.json,cebbdeda46382a87da9cc98bf145a2bf04ec0525e1b66ea8b7447a2d00fcc265,cebbdeda46382a87da9cc98bf145a2bf04ec0525e1b66ea8b7447a2d00fcc265,1695,False
data/raw/tago_stops_nearby/2026-09-03/grid_aee598c831adb3b195f3150b9681c210b046f3dfbedbf14e1ae4b1bf9ccf3aa3.json,6b6683a1eb5a05ca4865b96eafd7942823c07eb3d28658bf9422abb14690ba5c,6b6683a1eb5a05ca4865b96eafd7942823c07eb3d28658bf9422abb14690ba5c,740,False
data/raw/tago_stops_nearby/2026-09-03/grid_aefda93db8247991588f6e98411b3e3d5abd0069d52157308cbaca27942ee9c5.json,3ca8fc2c3798dbba808b6d39f9804a47e8608a4332bc90132d89eb9f21500c2e,3ca8fc2c3798dbba808b6d39f9804a47e8608a4332bc90132d89eb9f21500c2e,4207,False
data/raw/tago_stops_nearby/2026-09-03/grid_af3eda386a06dc7849dbc2f65da0108c5cae45edee8dd84de5379b63082ded4a.json,586237f6991117fe1c7a73537715d0ab2775d4bde6d5d0fea21d44638da5ac2d,586237f6991117fe1c7a73537715d0ab2775d4bde6d5d0fea21d44638da5ac2d,463,False
data/raw/tago_stops_nearby/2026-09-03/grid_af44be31388f012028aab8b53021165b7d505501a9cd432d36f9fa532e73c38b.json,12503e5d810af8ea411d6375f85c24239ee6648793bf64da566d23fd1cccee08,12503e5d810af8ea411d6375f85c24239ee6648793bf64da566d23fd1cccee08,1740,False
data/raw/tago_stops_nearby/2026-09-03/grid_af4c85a5ef89d2fb2d7f79f9b50b837f23431cd6a18fc82f184121100214026e.json,169deead201f15a52527dc50bddd4ad9a5bb6710db8ae05ab6f0b71a08fce1f0,169deead201f15a52527dc50bddd4ad9a5bb6710db8ae05ab6f0b71a08fce1f0,1954,False
data/raw/tago_stops_nearby/2026-09-03/grid_af75d939dad410eee2299a88d61382e23f455bba4bb9f152041c94719b32466e.json,cde9bca27b7f74206fc4aaeecd7a072feeed67e964ae8803c98fbd7c5b6447d4,cde9bca27b7f74206fc4aaeecd7a072feeed67e964ae8803c98fbd7c5b6447d4,5248,False
data/raw/tago_stops_nearby/2026-09-03/grid_af971b060b334ce2ea1af550962603357ca2bf7841e429b361bd6fd1c76642fc.json,eb938c7fcfe9c3da9663854eaf4e85d5e51c12c192f7a21579e08be3103b2730,eb938c7fcfe9c3da9663854eaf4e85d5e51c12c192f7a21579e08be3103b2730,5435,False
data/raw/tago_stops_nearby/2026-09-03/grid_afc131e9f67f0edda802cbfe5534d25b28de72d9c3b6317ebc5df43bea53d70b.json,befcbbfe9edb605d61d9f48b8db0289d19a26697658b26b656b825cefeed063e,befcbbfe9edb605d61d9f48b8db0289d19a26697658b26b656b825cefeed063e,227,False
data/raw/tago_stops_nearby/2026-09-03/grid_afc318b6d99c3a92518a1af4890a8bebff3d05aca9bf7e0543ca04c3dafbcbcd.json,befcbbfe9edb605d61d9f48b8db0289d19a26697658b26b656b825cefeed063e,befcbbfe9edb605d61d9f48b8db0289d19a26697658b26b656b825cefeed063e,227,False
data/raw/tago_stops_nearby/2026-09-03/grid_afd86b682e4e3f613db1109d902e4d43455d345ee483adb57720a95faf1f1d90.json,65bc816cc631f7d0f6927bfc0f0de0c6e8e68116b844a889c5c174cafdb0b966,65bc816cc631f7d0f6927bfc0f0de0c6e8e68116b844a889c5c174cafdb0b966,1788,False
data/raw/tago_stops_nearby/2026-09-03/grid_afef8eca7c44b8081a21b5e10d82bec61e4496c18752d59ac808698ae2364f2a.json,996873fc92867205c4869af0e500dd82661e76c166741efc27a40d125943dfc6,996873fc92867205c4869af0e500dd82661e76c166741efc27a40d125943dfc6,2955,False
data/raw/tago_stops_nearby/2026-09-03/grid_b001b4284f2e07f336cced5bf29c5cfc60a9ed26c23e105030edaf7611626dac.json,9eb194f8c4eba69f88ea398a9d5cb344300a2a9e06d02174fedb8d1502d0b7c2,9eb194f8c4eba69f88ea398a9d5cb344300a2a9e06d02174fedb8d1502d0b7c2,4088,False
data/raw/tago_stops_nearby/2026-09-03/grid_b0129db3f5e2c10696a47e2a189031c4cde365a11623a45eef4689dbcaa766e8.json,e9682c32828f42780ea7457a9e09e33cc49001dbef9da2bcbf6795a43b1dafa9,e9682c32828f42780ea7457a9e09e33cc49001dbef9da2bcbf6795a43b1dafa9,3772,False
data/raw/tago_stops_nearby/2026-09-03/grid_b020ad9481fed572114a66d9519301aa4b8173213d624ce8cb661fd1bdd97b4b.json,3d1d609461115a915b42e8fa0629d6d55d479aadc6c25179709b3070d7886db3,3d1d609461115a915b42e8fa0629d6d55d479aadc6c25179709b3070d7886db3,471,False
data/raw/tago_stops_nearby/2026-09-03/grid_b027b5604c3ee97c1d6b885db4e12d7dee5896bf41ff845f76b2aa857b8ed2fd.json,b5af217607d72220d67d6be1783d2fda8abdfaff176b95c81d5a34168a5acdeb,b5af217607d72220d67d6be1783d2fda8abdfaff176b95c81d5a34168a5acdeb,4192,False
data/raw/tago_stops_nearby/2026-09-03/grid_b051a945e388e98af390f97e4c83c1eef2d290852adb7a1571f746e8cf6517bc.json,17f3c24da62982fb3da0717927bfc92babd9e11db43e99764603bd63ce709bb1,17f3c24da62982fb3da0717927bfc92babd9e11db43e99764603bd63ce709bb1,1253,False
data/raw/tago_stops_nearby/2026-09-03/grid_b056bf40b03a936d937791b2d1c15e9515dedd85c152da68883bec862d9760a1.json,0e9ab5632065ffd95db506b749d9cb2f6038ac23dc7f6a9e3e319ff6fcf749df,0e9ab5632065ffd95db506b749d9cb2f6038ac23dc7f6a9e3e319ff6fcf749df,808,False
data/raw/tago_stops_nearby/2026-09-03/grid_b07380ddc8e3ea0b695aec0ffa4df9df538472688af7aa08d14e02dfdd666914.json,f7279fbb0986ca76bfb9514247fac4a6421caebd27d8cc72a2b1c5d8f5d40aa1,f7279fbb0986ca76bfb9514247fac4a6421caebd27d8cc72a2b1c5d8f5d40aa1,2842,False
data/raw/tago_stops_nearby/2026-09-03/grid_b073c48526b9d66279ab6fe053db0fbb0eeb96240854ce226de96118638d12b4.json,71ed26a97fb84c6533d8a37abaeaf51dc6b0dfa4f1ec5cddfa89570951b1804d,71ed26a97fb84c6533d8a37abaeaf51dc6b0dfa4f1ec5cddfa89570951b1804d,1779,False
data/raw/tago_stops_nearby/2026-09-03/grid_b0ad9bc9b2597b060d1fa03bf70a723d2923e9f73b2477c6d3029c507ae5a055.json,895310d230fa4041ad021b99503cd4e855047cbc7fbfe8918c70362c0bdde179,895310d230fa4041ad021b99503cd4e855047cbc7fbfe8918c70362c0bdde179,3788,False
data/raw/tago_stops_nearby/2026-09-03/grid_b0c3f82e3f8b68d7cf379f11916282a44cd61eb91914249442a2b0d1fbd68957.json,6232da1dcc919454d7cc1025896de5ae3d2f14c2963c3af1c7b043af9d372df1,6232da1dcc919454d7cc1025896de5ae3d2f14c2963c3af1c7b043af9d372df1,1265,False
data/raw/tago_stops_nearby/2026-09-03/grid_b0d7b17fa005329f4bd8be2c2a004bf074eb1120d4f70b4bff3aa63df6698306.json,c7d856dbb280796b039ecd4c713bd738e3c6dee7f99e378c3840f43657f3226b,c7d856dbb280796b039ecd4c713bd738e3c6dee7f99e378c3840f43657f3226b,2750,False
data/raw/tago_stops_nearby/2026-09-03/grid_b0e86051f639cab488340a3a27a65e1f3c8ac17f3336f55f54aec34bc71a58e4.json,75e86980c327013e762d0130428644fb0913ad8f17c045e8ceda58b9c16647b3,75e86980c327013e762d0130428644fb0913ad8f17c045e8ceda58b9c16647b3,5179,False
data/raw/tago_stops_nearby/2026-09-03/grid_b0ee86020e7a5281c75985993648b4af5a3589d090b51de718a3b4bbd220fbb2.json,befcbbfe9edb605d61d9f48b8db0289d19a26697658b26b656b825cefeed063e,befcbbfe9edb605d61d9f48b8db0289d19a26697658b26b656b825cefeed063e,227,False
data/raw/tago_stops_nearby/2026-09-03/grid_b11f459660bcc8c9517da5f8d363cdfb4c4199d82e9a0091a1d8c5623b71de1b.json,3bdffbf8414fbdd2ece92100178c84e655411de45f6bfae37b31036d95e87db1,3bdffbf8414fbdd2ece92100178c84e655411de45f6bfae37b31036d95e87db1,4008,False
data/raw/tago_stops_nearby/2026-09-03/grid_b125b27ebb6563122c4296a505832f782a0180277160af9e8dc57adc78cf414e.json,8fbf069e0b2d4fa103547acea0cb6fd712cfbcf30f3a0d1c2f10ef9ca8a9dfc3,8fbf069e0b2d4fa103547acea0cb6fd712cfbcf30f3a0d1c2f10ef9ca8a9dfc3,2260,False
data/raw/tago_stops_nearby/2026-09-03/grid_b142c014922224ebad63cc83d6255bb2bdca88fbd99178d9cac6beb40ede4bb3.json,84ef510b925da793116a5ffcb4674c3d72bf8b6ccadfbde536ce6d4ad45cceec,84ef510b925da793116a5ffcb4674c3d72bf8b6ccadfbde536ce6d4ad45cceec,1985,False
data/raw/tago_stops_nearby/2026-09-03/grid_b144bd6cac1fbbe9f602cf83b06d2b7ab048485776cd8c31a8613dd5b9192b96.json,0deec6dd6901d6ff6f021337245bc3f7dcb16e8e301223f0caf353dea220ff7e,0deec6dd6901d6ff6f021337245bc3f7dcb16e8e301223f0caf353dea220ff7e,504,False
data/raw/tago_stops_nearby/2026-09-03/grid_b15c8139911df6584332891d3889db29c698765aa1a6c1cf56be43471c7cfbaa.json,52048b816bffe3fbb4fce9b79c1ee97793e5c9d764b205f9f14400a2411776ce,52048b816bffe3fbb4fce9b79c1ee97793e5c9d764b205f9f14400a2411776ce,751,False
data/raw/tago_stops_nearby/2026-09-03/grid_b1687c36f6772a67738d5a76fcec62741077e11070316b448b10bb199ef77dcb.json,dacefa819eb2c08dafe7222f52631df04a8f2f0759799ee25bb9960b00982a9c,dacefa819eb2c08dafe7222f52631df04a8f2f0759799ee25bb9960b00982a9c,4765,False
data/raw/tago_stops_nearby/2026-09-03/grid_b168c558dc240863758e893bc10fee83f83604d76ea36a008179bbdd6262fb8f.json,096fe885a1e3b745b0b843d4e50ef4fdd7f532c47e27aeb8b07f6a89a65a7ee0,096fe885a1e3b745b0b843d4e50ef4fdd7f532c47e27aeb8b07f6a89a65a7ee0,4374,False
data/raw/tago_stops_nearby/2026-09-03/grid_b185928b6ba23be9e6b1f2d157f5e30e62e701bae4ab9925cd4cfd0d189ce448.json,0fddbdb4709c22f0a0d9024f4acf0442fbd12e9eb5df1b18e82bc161b0f3c0f1,0fddbdb4709c22f0a0d9024f4acf0442fbd12e9eb5df1b18e82bc161b0f3c0f1,5968,False
data/raw/tago_stops_nearby/2026-09-03/grid_b1974e6cf38823b1d4f7a99013f813ba1593104d1c53d3efdb384ad5e63afa36.json,649cdfc9fb839852fcc674b758a4af784b2f4e74997f32587e8da31ee57d75ae,649cdfc9fb839852fcc674b758a4af784b2f4e74997f32587e8da31ee57d75ae,3500,False
data/raw/tago_stops_nearby/2026-09-03/grid_b19d4bf39341c1960b893863ddd3469c04b8ffcceb164ec3afced3fabd1fbef6.json,7bb1a8af0a7246800e891633a8cc7b368a483fe7cba2f2127f38ac9661c53b15,7bb1a8af0a7246800e891633a8cc7b368a483fe7cba2f2127f38ac9661c53b15,725,False
data/raw/tago_stops_nearby/2026-09-03/grid_b1a88dea742731161800a1df73f64aecf69f39a34bfe035b58cbdebf83fa7110.json,84a44723b133a93c6ecacc3441ca34450217e51649d2bd4958aac4bd5a301813,84a44723b133a93c6ecacc3441ca34450217e51649d2bd4958aac4bd5a301813,1966,False
data/raw/tago_stops_nearby/2026-09-03/grid_b1b867b3157a0c844803fe52fdff17bb3216ebbafff913788ce3b4d73daf857b.json,99ca1c07470c71a637c80415938c8685e5b2f36219ef58931ebcc151a82715c1,99ca1c07470c71a637c80415938c8685e5b2f36219ef58931ebcc151a82715c1,484,False
data/raw/tago_stops_nearby/2026-09-03/grid_b1c312d27c5b175be3b85fb6e7720c200681352dfcddc142c2c4bf911f00b953.json,af4597e6ae1187754291b3025524684230d28b45fe8db004ea0c8ace16d170d3,af4597e6ae1187754291b3025524684230d28b45fe8db004ea0c8ace16d170d3,1513,False
data/raw/tago_stops_nearby/2026-09-03/grid_b1e30cd194f7bce14b3fa99ace87f74db5e4efee06edbf23c880d7352607871b.json,40b201254cc232901e1e5652131abf8a70a5f85884fe992db9735bca4ed03c05,40b201254cc232901e1e5652131abf8a70a5f85884fe992db9735bca4ed03c05,3845,False
data/raw/tago_stops_nearby/2026-09-03/grid_b210a4dc62902ddd6eb1c821d473bc6f0303c7e6c39e28c539c920978b2982fe.json,aeb1b24c4271e777a30d7d872b7b4e987d4c3b8c66b953865a292b61ce558679,aeb1b24c4271e777a30d7d872b7b4e987d4c3b8c66b953865a292b61ce558679,752,False
data/raw/tago_stops_nearby/2026-09-03/grid_b250de27c6b20fd4c85ef0f7b3108a25dbd205197ed3069439b714ade2944699.json,23e5dff2989996dbcc8ff128e8b86131e02cf0651f50eb0f0bd19416f0077049,23e5dff2989996dbcc8ff128e8b86131e02cf0651f50eb0f0bd19416f0077049,1271,False
data/raw/tago_stops_nearby/2026-09-03/grid_b27107af46eb233c2b1dbd3e16ec9cbd73a46bc6247b5074f94faad995ae1619.json,ce2c72fac324d0fc870eea04cd5f225845370eb1461cdaea1f4bdc2870bfa25b,ce2c72fac324d0fc870eea04cd5f225845370eb1461cdaea1f4bdc2870bfa25b,5958,False
data/raw/tago_stops_nearby/2026-09-03/grid_b27bb19abcd74dc085409275ab250f991e98e608a49bd8d3603b48a4e7a4c610.json,ddf2edbd1d828c7125250ea0ffb043fde0f01408b88761ee7dc70149bc6c6480,ddf2edbd1d828c7125250ea0ffb043fde0f01408b88761ee7dc70149bc6c6480,8391,False
data/raw/tago_stops_nearby/2026-09-03/grid_b2e89c0e5f98b5b22b86cb7d66befadd352184470925905950e980ff0170b65f.json,5f5b9ea892f840c2b86e10b62797d318dc8c71a8234fe5a7f485469695ac8388,5f5b9ea892f840c2b86e10b62797d318dc8c71a8234fe5a7f485469695ac8388,4771,False
data/raw/tago_stops_nearby/2026-09-03/grid_b3216f6bf056cec1df1718f3e13ff21972dfe1373ee2731d4c3c0bc08d6f2c44.json,1d6a3eab410f12303d3a87ff5e92e08b8a0af64fcaae4d18c490f6ed021d8319,1d6a3eab410f12303d3a87ff5e92e08b8a0af64fcaae4d18c490f6ed021d8319,5468,False
data/raw/tago_stops_nearby/2026-09-03/grid_b33dcb138f10d7468ccb35e176a124eabe946f9670027d8fa0856dc9c553b37d.json,c4789e639e77c526fdcd69e8fcf2fc077c26e2707dd8cb22d777c202a5fc01f7,c4789e639e77c526fdcd69e8fcf2fc077c26e2707dd8cb22d777c202a5fc01f7,4490,False
data/raw/tago_stops_nearby/2026-09-03/grid_b3551c8a919ecb7e1410b26ffaf6348748c855136d7eba464a749c7dfb6dde98.json,befcbbfe9edb605d61d9f48b8db0289d19a26697658b26b656b825cefeed063e,befcbbfe9edb605d61d9f48b8db0289d19a26697658b26b656b825cefeed063e,227,False
data/raw/tago_stops_nearby/2026-09-03/grid_b37bc5e89a8810dc0b21d4e15eb7d33fcea34d562251f453f9fe6d41033da5cd.json,034c83e357b87c6374250d1e71b3bd695da9e45376c4303387121b754d0df3a3,034c83e357b87c6374250d1e71b3bd695da9e45376c4303387121b754d0df3a3,3207,False
data/raw/tago_stops_nearby/2026-09-03/grid_b396d6dd842f42068e7169377b0b7f61c2bfe978a90918989f9690afb1107823.json,ea96abb25e6f56bcc176bbfc35401a0c13b620c2c67c983531c87c1fc70fa2b1,ea96abb25e6f56bcc176bbfc35401a0c13b620c2c67c983531c87c1fc70fa2b1,2991,False
data/raw/tago_stops_nearby/2026-09-03/grid_b3b08fadcf1a6b51ea7a75bc3b6a4b297fe6555c74e03729a08cc7578a1be192.json,d58cee94df6b14cf49d5abaa763322e840891cc7a6b8086a3879d8d72e40ba3a,d58cee94df6b14cf49d5abaa763322e840891cc7a6b8086a3879d8d72e40ba3a,7086,False
data/raw/tago_stops_nearby/2026-09-03/grid_b3c3a9a5d2a0e3c7b202bf82dac63bed12d307cb893ccb2e3ca1dc55888e64fd.json,e246eb164b307ef00892b238d1e1810627d0b9e4276cbcc005680aecef019191,e246eb164b307ef00892b238d1e1810627d0b9e4276cbcc005680aecef019191,4027,False
data/raw/tago_stops_nearby/2026-09-03/grid_b3d66c5d61f4595773569ebf8c9b59a298b580a338c3e6fa00c73f8aabc25464.json,800d5229577eea7c18cb276391a551be7e11e1bfaee47e1ed2e64ca9638f939f,800d5229577eea7c18cb276391a551be7e11e1bfaee47e1ed2e64ca9638f939f,2581,False
data/raw/tago_stops_nearby/2026-09-03/grid_b3dd2dcc11d9e31ecf8e95c791c9b16244f25473b27c52ded136ac46d5da2cea.json,8179431349d0c15a3d5e415bce4b41ab4f23b63d8c26b850a0567801ee6f9d2c,8179431349d0c15a3d5e415bce4b41ab4f23b63d8c26b850a0567801ee6f9d2c,1985,False
data/raw/tago_stops_nearby/2026-09-03/grid_b3ddb99f8ed80264d312f185bc2f23d18ae488edf68940d63726d57dfaecbef6.json,cb26a909ef5f6cfe7a0b3b32fcf781d9afc41d369c1575976c5c37229a6c54f3,cb26a909ef5f6cfe7a0b3b32fcf781d9afc41d369c1575976c5c37229a6c54f3,2234,False
data/raw/tago_stops_nearby/2026-09-03/grid_b3eb6d9e130af814f7f30652820f710ebd6dd9b2d21b2a9d9541961c50a1b387.json,818c22f571e9739b315aa708e9e5fe46b6f108d2ef00fc7859fe1929e0b16232,818c22f571e9739b315aa708e9e5fe46b6f108d2ef00fc7859fe1929e0b16232,3825,False
data/raw/tago_stops_nearby/2026-09-03/grid_b3fc4e0920568e0e736024773e1cbfca5260356e2524ad46610f35e2fb1618a9.json,03cc364201e251cbc3c51957f98552f73046839a784c9459cbd954d5591cba47,03cc364201e251cbc3c51957f98552f73046839a784c9459cbd954d5591cba47,6029,False
data/raw/tago_stops_nearby/2026-09-03/grid_b407bcf12a91c3b6d7a91f81a3bd8a709614d6fcc72d98255a522c36ccd92f70.json,610ca32c83801ac379128835ec5f95e0463f8b7d6dad615c6646e5e0a47cfc96,610ca32c83801ac379128835ec5f95e0463f8b7d6dad615c6646e5e0a47cfc96,1711,False
data/raw/tago_stops_nearby/2026-09-03/grid_b424384900a1fc93241e53cbb41dd97c0f81d203ffde2b3b51a2909fa750acd5.json,1898fc795a0ecb7cdd274af4b392c2e6739698a6b2b91f7cc4e4892aa0ec5b97,1898fc795a0ecb7cdd274af4b392c2e6739698a6b2b91f7cc4e4892aa0ec5b97,3100,False
data/raw/tago_stops_nearby/2026-09-03/grid_b439c13cc31d9858cc92ba4c27c04069dd014b42f73151033e6bfe590636c9c7.json,557879d6b36b7559feec9c762ddb0567ec475086118d0750a97978936244a372,557879d6b36b7559feec9c762ddb0567ec475086118d0750a97978936244a372,3796,False
data/raw/tago_stops_nearby/2026-09-03/grid_b43b109b4676af975b1becad50e03d99e3b25c996480db1ef29f54b5cb0c567e.json,e70aa88e541069c7e9ef273569fa3c9a16e92c686b143225983cc89e962703fd,e70aa88e541069c7e9ef273569fa3c9a16e92c686b143225983cc89e962703fd,5376,False
data/raw/tago_stops_nearby/2026-09-03/grid_b471141cbd5ff63e2d52d505042c68add5ec631ae0b835d03b04659e827298d1.json,47079633818e7419f07a67aae6841d7500251766ff2aec4541a539faac54508c,47079633818e7419f07a67aae6841d7500251766ff2aec4541a539faac54508c,2264,False
data/raw/tago_stops_nearby/2026-09-03/grid_b471878c4916290588e28dd20d89d12889a7b7dadfb9420d93037c2caae599c5.json,3f66fb1ef96fe1b10b6da1bfee15d72891a5b74ee50ef5ff081cde84d8cd3824,3f66fb1ef96fe1b10b6da1bfee15d72891a5b74ee50ef5ff081cde84d8cd3824,3900,False
data/raw/tago_stops_nearby/2026-09-03/grid_b480fed34d860dc8a549e51b0374cd630c307bfb16b93c700a3e4a29f2bb2cec.json,4aa7c670874bcffb643f9720e330b1535d4a7458d15eb54f900a74fcf3d0b643,4aa7c670874bcffb643f9720e330b1535d4a7458d15eb54f900a74fcf3d0b643,2504,False
data/raw/tago_stops_nearby/2026-09-03/grid_b4dcac09418aee2074f95cbd82d639f58e2714678de9c6388e22bed881552876.json,e1090d8a23e2b2b2fc18a0bef7c3890b390feba3abb4516ba709cbf128dd0929,e1090d8a23e2b2b2fc18a0bef7c3890b390feba3abb4516ba709cbf128dd0929,3832,False
data/raw/tago_stops_nearby/2026-09-03/grid_b4e62f3a33bd0b7cd14bc42e1845b94be144d1c4fe0bed98d3bef6e2b196ceb2.json,231f85bada7a6f59f6c277bf34777a640d015a70dfa7829657bffdf80243a2c6,231f85bada7a6f59f6c277bf34777a640d015a70dfa7829657bffdf80243a2c6,3973,False
data/raw/tago_stops_nearby/2026-09-03/grid_b51ba3880696c3c70c44dd8f0730362223b2d9402b04c8b541671d55d588de8a.json,2bc66484633804d1dbe36ef64c9358ee88aab62fb935efa5cc4da21303883c43,2bc66484633804d1dbe36ef64c9358ee88aab62fb935efa5cc4da21303883c43,6083,False
data/raw/tago_stops_nearby/2026-09-03/grid_b52010ee00e47b86dcf818e2cdf3bcbf8ec4a4773eb2f3f9324f020bd51bf808.json,05ae00c6cfcd47bde5a814b81b330ca60c252dffd1029775591c59d5a2d1a1a0,05ae00c6cfcd47bde5a814b81b330ca60c252dffd1029775591c59d5a2d1a1a0,1994,False
data/raw/tago_stops_nearby/2026-09-03/grid_b53617d6ba9218c40878bcd245772072f4b5f0919cbdf0fcb45dcdbbfc399719.json,9c1c5134bfbbfa35d2a0b6d559d8d2b4fcd167f83d0ecbe6ac090e4daaa030b8,9c1c5134bfbbfa35d2a0b6d559d8d2b4fcd167f83d0ecbe6ac090e4daaa030b8,1824,False
data/raw/tago_stops_nearby/2026-09-03/grid_b53db2ae54f232c30ecd8cf8193ee17863fc3065d07ce3282a7ce301bc081b4f.json,f4377b8e01156dcec2f0ffd0624e40de39392db454210a82d247f7583c9eb922,f4377b8e01156dcec2f0ffd0624e40de39392db454210a82d247f7583c9eb922,3532,False
data/raw/tago_stops_nearby/2026-09-03/grid_b548ff356eaa48233c4ab3ec4bc2e3e76ea50d90fe2f828c16b15b7a4705cb97.json,5305093883bccd64647d04784946cc57b591ad03c86db570858f83b87fa53564,5305093883bccd64647d04784946cc57b591ad03c86db570858f83b87fa53564,6107,False
data/raw/tago_stops_nearby/2026-09-03/grid_b55763fcc025e710db2e7854b10a6becfeb70d078f726fa8ebf5fee5064b3b82.json,ce44021a822dc6aeef74be3fa846ba493279d78f486c63940732216997124e2e,ce44021a822dc6aeef74be3fa846ba493279d78f486c63940732216997124e2e,5137,False
data/raw/tago_stops_nearby/2026-09-03/grid_b5bc819e59e8d4235eb79a6d408e20b0c3d69d65318c2a58199dc71aea5f0829.json,4a123bfb25eb0cbef7263d7cee1058a3782c7ba1f69af056092275122fd6e8fb,4a123bfb25eb0cbef7263d7cee1058a3782c7ba1f69af056092275122fd6e8fb,3323,False
data/raw/tago_stops_nearby/2026-09-03/grid_b5ce0be9af1835aea13d660cefc6bd83cd749f30090edcf5c98c92565b22d0ec.json,befcbbfe9edb605d61d9f48b8db0289d19a26697658b26b656b825cefeed063e,befcbbfe9edb605d61d9f48b8db0289d19a26697658b26b656b825cefeed063e,227,False
data/raw/tago_stops_nearby/2026-09-03/grid_b5d132733a0e0a52fbf28d94bfc1cf819365e65d6de06f7ad686713e64a4b64f.json,f7dcbc8067ece5ae24ebd7925c03c2886c599892edaee23cefcc5fa7b6acb936,f7dcbc8067ece5ae24ebd7925c03c2886c599892edaee23cefcc5fa7b6acb936,6514,False
data/raw/tago_stops_nearby/2026-09-03/grid_b611f782b07dbf401be6b267f62129d148599e5c818dd5353a1616cdf09f6c9d.json,33966c3de0598d367d2f91d836bcdf83f06894fe578fa178b9e810da01952f52,33966c3de0598d367d2f91d836bcdf83f06894fe578fa178b9e810da01952f52,2780,False
data/raw/tago_stops_nearby/2026-09-03/grid_b637c95d991e224664689f297ce85e76283673012eee86c969fea55f28cd7d1c.json,7e209b68814cabe6ad4648767205874edafb62a89a4bf2362d6ba73235cdf8a4,7e209b68814cabe6ad4648767205874edafb62a89a4bf2362d6ba73235cdf8a4,842,False
data/raw/tago_stops_nearby/2026-09-03/grid_b65aef5d54078f6910b9e1086b9e2535b3a7ac5dfba24abdf5233542a1b5cd54.json,2620d0e942d7f434c9900e331908b8117680d70a83c36061bf863d11f0064ae1,2620d0e942d7f434c9900e331908b8117680d70a83c36061bf863d11f0064ae1,3930,False
data/raw/tago_stops_nearby/2026-09-03/grid_b672435f2913c1ebb5f4883065e68676f22d043012390535419d2ef0f986e91d.json,2b041eccdb5e5bf27673a89cee7bbc414f60b97e55d7c6496f5c85a16b5416ac,2b041eccdb5e5bf27673a89cee7bbc414f60b97e55d7c6496f5c85a16b5416ac,1213,False
data/raw/tago_stops_nearby/2026-09-03/grid_b67c2e2ed6aed204dc1bf5b0691195270c162becedf7f60e23f4c40eb1bea619.json,d478f5d7a4a43ebc2814da13bd610ee54cd01146fac51ea29274e9c0d7f98d4e,d478f5d7a4a43ebc2814da13bd610ee54cd01146fac51ea29274e9c0d7f98d4e,2276,False
data/raw/tago_stops_nearby/2026-09-03/grid_b682f4b1a75c22b246ae53f0bbe57fb9e350846d61f6c226d6568aeee64fe2ba.json,b2c614dcc37fdfff6bf54497cb5936388c2db62e0a1d53577d382f8eb6ea9fd6,b2c614dcc37fdfff6bf54497cb5936388c2db62e0a1d53577d382f8eb6ea9fd6,1248,False
data/raw/tago_stops_nearby/2026-09-03/grid_b6c11696c7472cd0e73cff3056f5b1a6a9fcdb9d2fa2a1b9f2a21e0333222c5b.json,42d99f58c88d70e88abfc5d3e1fe977ec890b48eb9d06fbc36dae00c59276a83,42d99f58c88d70e88abfc5d3e1fe977ec890b48eb9d06fbc36dae00c59276a83,2747,False
data/raw/tago_stops_nearby/2026-09-03/grid_b6d2c1f8fc08b8ada802614429038bfb513f143732f662f264cd607ed7fd55f3.json,8e3f7acf23a8e47d3739cbf09192d818a77d918bb0413db6be9191386db965b7,8e3f7acf23a8e47d3739cbf09192d818a77d918bb0413db6be9191386db965b7,2906,False
data/raw/tago_stops_nearby/2026-09-03/grid_b6e5fdaaab620d01c636e95b83d00a114a29cbf665bc144ba9cd9e6238f80d7f.json,2eb2d6d57a51a72e47bbe3148a686ae3c42466af6f8915865bab80912af66871,2eb2d6d57a51a72e47bbe3148a686ae3c42466af6f8915865bab80912af66871,2663,False
data/raw/tago_stops_nearby/2026-09-03/grid_b6f2958d12e158c9287f6a78a425d6d38002c5b7387f15e91e07918225cd33bc.json,7b0456ce3488103d1281df09dc23b071c4ea6cc558d9609130bf57cb9895789f,7b0456ce3488103d1281df09dc23b071c4ea6cc558d9609130bf57cb9895789f,4062,False
data/raw/tago_stops_nearby/2026-09-03/grid_b71e24628d559c9b9153bd09094695fc31c10ec9b2d3465ba468ad76a840197e.json,befcbbfe9edb605d61d9f48b8db0289d19a26697658b26b656b825cefeed063e,befcbbfe9edb605d61d9f48b8db0289d19a26697658b26b656b825cefeed063e,227,False
data/raw/tago_stops_nearby/2026-09-03/grid_b7465f990a93cf55f3b1d8ab13569332a19bacf9b1bc68c9d8655a9d99958098.json,d578fff34f5c185d17cd37946c3a0fbeb19c8d0156dc23df3ddb918385f822e2,d578fff34f5c185d17cd37946c3a0fbeb19c8d0156dc23df3ddb918385f822e2,2231,False
data/raw/tago_stops_nearby/2026-09-03/grid_b78405e9b20af77e82d6e23eea83ae40306c455beb784c6798e084ebfab8533f.json,42409c968c48e36139145fe1fa17735b9b4832751af8285c759ff66f0d6354f1,42409c968c48e36139145fe1fa17735b9b4832751af8285c759ff66f0d6354f1,2218,False
data/raw/tago_stops_nearby/2026-09-03/grid_b78a690ef9828ece7d3e0c8fe2554c23d6c712b632773124664bf6852c37bec8.json,45d35033e8bbd7e2341608cda05741f51865eebcf635e193a08a39d41a8f4d3a,45d35033e8bbd7e2341608cda05741f51865eebcf635e193a08a39d41a8f4d3a,1028,False
data/raw/tago_stops_nearby/2026-09-03/grid_b78a8c31860d06a840a1a7917033e0b50cd52d430b911a68416b4545d233843c.json,46795e17d62df4cb5806882965d8c7a09ae94803a04c389ed4a0df1fb295f58b,46795e17d62df4cb5806882965d8c7a09ae94803a04c389ed4a0df1fb295f58b,1959,False
data/raw/tago_stops_nearby/2026-09-03/grid_b7a8c1799612f6efa9361709722928c15d2575a81711a26e158c1c6e34d75a86.json,66444ea52f4a513488f858af9f3ad540111446a8de2ca3bc3068a8cae5cc6df8,66444ea52f4a513488f858af9f3ad540111446a8de2ca3bc3068a8cae5cc6df8,3287,False
data/raw/tago_stops_nearby/2026-09-03/grid_b7cafb3dafcab28222ae87c3844ca884b2407c49b82ab8744dd8c82aa06d9aef.json,ae22e55a386c85956a820c511ca8a60fd5f162703ae2794297d44db22d337cc1,ae22e55a386c85956a820c511ca8a60fd5f162703ae2794297d44db22d337cc1,5536,False
data/raw/tago_stops_nearby/2026-09-03/grid_b7e460737a068e51b7cf02b17c1c3e93299f8b11907797eb6278379a0794f0f1.json,3b14e2249e869d23b62c14608538e90b44f3da83386d924e120feb6046e3120f,3b14e2249e869d23b62c14608538e90b44f3da83386d924e120feb6046e3120f,7572,False
data/raw/tago_stops_nearby/2026-09-03/grid_b7e8c27ade139b621bc7dbab2c659a9053ca0dd58f36db9353281671379a1dcd.json,3536e3ac9a7fec753f842d7bcc4f3a99e11e6d6a4cd24c8aec30bec251480ede,3536e3ac9a7fec753f842d7bcc4f3a99e11e6d6a4cd24c8aec30bec251480ede,1739,False
data/raw/tago_stops_nearby/2026-09-03/grid_b7f459ef61de6f375a0c92a06eef02f52dcb9cdf04f783b71182666b702fc151.json,efe8626eb7882a8e311764c45760a8a743d94894f4e21158d4cb666cd8bd5ad3,efe8626eb7882a8e311764c45760a8a743d94894f4e21158d4cb666cd8bd5ad3,3312,False
data/raw/tago_stops_nearby/2026-09-03/grid_b7f97ba1772debff4a417b020709ef0390e6660415e403688bbec67f2de6ef55.json,328ee1726b7472590f30c6d7661e0735454a7380af7398d33ff332085e4efc63,328ee1726b7472590f30c6d7661e0735454a7380af7398d33ff332085e4efc63,1986,False
data/raw/tago_stops_nearby/2026-09-03/grid_b8065be72f5f2ab9bb78a24e530311092bddd47467abcd9b1bb3db7f273e2189.json,65794b570286a5fc4649bb30626d3a3ddbbbba75f0686edd0cbfdd14f707418a,65794b570286a5fc4649bb30626d3a3ddbbbba75f0686edd0cbfdd14f707418a,5345,False
data/raw/tago_stops_nearby/2026-09-03/grid_b80861e49f544255c4551ee8219aa941c2a263d9359cd897beb5d6c08c1e68d8.json,cef30b3370ae3bf47a628c805a7039f5e3f31fe07b20dabe51bd1908b4313059,cef30b3370ae3bf47a628c805a7039f5e3f31fe07b20dabe51bd1908b4313059,5378,False
data/raw/tago_stops_nearby/2026-09-03/grid_b84dec934d2a21298d881e3804c7e7bee0ef8417c00a859371911ca0964d3fe4.json,ab6759aa5153bc9df8ea5b9fb0b5f43f53cdd9904da297adb8fd57820fdc5521,ab6759aa5153bc9df8ea5b9fb0b5f43f53cdd9904da297adb8fd57820fdc5521,4037,False
data/raw/tago_stops_nearby/2026-09-03/grid_b858a2b21d4f8fbffad43dfde5d0ffdfe7186ce3612b8b8df0b2deb87f4fb3f3.json,0fecaed4f290d2c70c04e9bf4668583756a36932bcd6a25867045918981d52a0,0fecaed4f290d2c70c04e9bf4668583756a36932bcd6a25867045918981d52a0,3485,False
data/raw/tago_stops_nearby/2026-09-03/grid_b86e84b9a4c5fdc226ea08b8283f5dcf5229e947ee8d510ed8ef5cdca170bac5.json,e61f17cbc067a1df82cb73ed0e85a39eae8e3059be80208a066e35f92e078730,e61f17cbc067a1df82cb73ed0e85a39eae8e3059be80208a066e35f92e078730,1248,False
data/raw/tago_stops_nearby/2026-09-03/grid_b8879abd2ee7a4794629b88600464ce8a1ba18b4ecc332e75cbeb401e75dc80e.json,f6a498d8ff9d5b0d1d6afead9077b22ffc1ec72bf0ad20e64d18f28f0015cddc,f6a498d8ff9d5b0d1d6afead9077b22ffc1ec72bf0ad20e64d18f28f0015cddc,3193,False
data/raw/tago_stops_nearby/2026-09-03/grid_b89dea325a64a4468317791561e5c4ec45ad59f8ceab9b0e6500c5ec0d04e902.json,befcbbfe9edb605d61d9f48b8db0289d19a26697658b26b656b825cefeed063e,befcbbfe9edb605d61d9f48b8db0289d19a26697658b26b656b825cefeed063e,227,False
data/raw/tago_stops_nearby/2026-09-03/grid_b8a3eb8ff21f77b670fa0edbff3637e2529cbd4e0e9cedeb85f86f4446d5f410.json,b6496d15d25fc9b44c8ba81d5735d429534641f6e5df8a38e3aa4c62fa601586,b6496d15d25fc9b44c8ba81d5735d429534641f6e5df8a38e3aa4c62fa601586,763,False
data/raw/tago_stops_nearby/2026-09-03/grid_b8a8de08a65a8f317c3cd32e879add6890ff78c28494a5a4032369016e738dc6.json,40b1969509cb3e344ff39fa5affb02403044d5be06618bedf3c6d1d015bf722e,40b1969509cb3e344ff39fa5affb02403044d5be06618bedf3c6d1d015bf722e,2772,False
data/raw/tago_stops_nearby/2026-09-03/grid_b8cacef80887a79359ecc96e66742d13a48d91247fa968fdcb2bccd4995a6af2.json,9ab276829c962b34f07b54504b976a51204f2dbf104fc83d8d6073f11d45f729,9ab276829c962b34f07b54504b976a51204f2dbf104fc83d8d6073f11d45f729,763,False
data/raw/tago_stops_nearby/2026-09-03/grid_b8f8153fdf0a57328ff531041c2b4e918cfa50f883671baef07cf2576054375a.json,a1bc82a27205099ac9985367f5ffce8029c6503f055a8e9a91452f0826d41577,a1bc82a27205099ac9985367f5ffce8029c6503f055a8e9a91452f0826d41577,5810,False
data/raw/tago_stops_nearby/2026-09-03/grid_b90db79659c8b6c29f7a5a6c24c5305a05cb40a9b1781ade83592ebb99089c19.json,2cd985a02a3218d686fd1bf06ea1fac589d4242ad09382b7dc534dbadac4a61e,2cd985a02a3218d686fd1bf06ea1fac589d4242ad09382b7dc534dbadac4a61e,1462,False
data/raw/tago_stops_nearby/2026-09-03/grid_b9112a45454d712c9f3a4ff9e97121f9001e93b4f6c95b916cc1296b7f305657.json,ca445ccef4c09d417ba0707b2192fe0a41dc5d032f7ad9b9725033ae3aab35ce,ca445ccef4c09d417ba0707b2192fe0a41dc5d032f7ad9b9725033ae3aab35ce,4900,False
data/raw/tago_stops_nearby/2026-09-03/grid_b92c0b9faec082d84c235cdca18f5f67f4a8c356f0b38977e24e86aba359826b.json,23ac41b557ec80063f1c41f3cbb4c416a3c983c5b8625f30ba76625e94f3b52a,23ac41b557ec80063f1c41f3cbb4c416a3c983c5b8625f30ba76625e94f3b52a,3306,False
data/raw/tago_stops_nearby/2026-09-03/grid_b931793de52118e0cad656715432aec1dd448fdcbf0b2d24ec05da52c2a28695.json,96526e070d4be3ffcdf438a2410f200ad2582d3d9923a1e993faa7cac7b4cebc,96526e070d4be3ffcdf438a2410f200ad2582d3d9923a1e993faa7cac7b4cebc,4315,False
data/raw/tago_stops_nearby/2026-09-03/grid_b94c96a6990119dbe3bae441f43b433a7779c296eb2b80294a9998f980ec4111.json,38b543f12af64655bc94cc23f58a230ebe6350ae45360a570619d8c19e897e11,38b543f12af64655bc94cc23f58a230ebe6350ae45360a570619d8c19e897e11,6119,False
data/raw/tago_stops_nearby/2026-09-03/grid_b94f67dbfcd21a83370f46e8be6f4a1c8b8bf229e8e3e47306d4b7b73407e91d.json,f2c1a669cca9652873b239d79efcd2d5e4e299467e33d4b310175897889eb97d,f2c1a669cca9652873b239d79efcd2d5e4e299467e33d4b310175897889eb97d,3898,False
data/raw/tago_stops_nearby/2026-09-03/grid_b9955fb9328b9e1b273a4330c88a85e2295e2789625e69ec1b3c19019ce9e771.json,a6a50a36dcc56ba3b71e676bbd043f96604d9600a119313e2c2024d55d439f05,a6a50a36dcc56ba3b71e676bbd043f96604d9600a119313e2c2024d55d439f05,2281,False
data/raw/tago_stops_nearby/2026-09-03/grid_b9addb9aadc5fcc03ae2c18215a025ee26f274854287dd9a7741b1f95b8a67ca.json,262910d3dc0c57048b11b4f177dedd7e41914eba22ee172ff8b247d273c612d9,262910d3dc0c57048b11b4f177dedd7e41914eba22ee172ff8b247d273c612d9,6601,False
data/raw/tago_stops_nearby/2026-09-03/grid_b9cd0d7b7fe65b393dccd7f4a9d52d44cdfc2f9bf6c6c5cb2b7338d3935d666d.json,d4e19bd604b875337d6d082f2d91c170e8b0705266b372d3ebbdf386ccbc0671,d4e19bd604b875337d6d082f2d91c170e8b0705266b372d3ebbdf386ccbc0671,2738,False
data/raw/tago_stops_nearby/2026-09-03/grid_b9ffbaa4483c8a8879bbb1b5a1cf234449cc3c5bc00a011096658979b6a44783.json,7abcbee91ebb99b96a806694e31d8a88062d6563611caac76d82208b377d0682,7abcbee91ebb99b96a806694e31d8a88062d6563611caac76d82208b377d0682,729,False
data/raw/tago_stops_nearby/2026-09-03/grid_ba085b6db289452110ef345e0de07fa7b56564ba5b3bc77a033f16fd1a398f97.json,46868d0bc056493db4d80598348778e19b20aede2aebb6e4bf1135662969fae5,46868d0bc056493db4d80598348778e19b20aede2aebb6e4bf1135662969fae5,3018,False
data/raw/tago_stops_nearby/2026-09-03/grid_ba1407ae5516481d997eb91e307bbb7b877c25afbf5bbc17fc238ff8fee3e0d9.json,11f23618e375ac3da9fb077fee0aa849b02bb944561266473eda8e59083f693d,11f23618e375ac3da9fb077fee0aa849b02bb944561266473eda8e59083f693d,3193,False
data/raw/tago_stops_nearby/2026-09-03/grid_ba24532e1c4e8126afb23749d478493333ced55ca6870ad44fe39ab2f7c8f5dc.json,a2b0fddc58bfd852de1b288257c5c5466a8841c18cb1e39614512679aa2701eb,a2b0fddc58bfd852de1b288257c5c5466a8841c18cb1e39614512679aa2701eb,1702,False
data/raw/tago_stops_nearby/2026-09-03/grid_ba38e86d08dd45a3b7b2e96f000aafd940885e7d117afe6931ee1a2e9d48d960.json,bacc531122cca5ff7dc483b37fe1ec5fce7cc6cb292f307215c66a542390b441,bacc531122cca5ff7dc483b37fe1ec5fce7cc6cb292f307215c66a542390b441,2218,False
data/raw/tago_stops_nearby/2026-09-03/grid_ba800996f99edbcf52fca1bb7710f8510631ce141aa7268b0bb36d51cd21faa1.json,3b679698b94de34e0929dd231e712c5b68dff474ab6d8916a88eb827e03f36d8,3b679698b94de34e0929dd231e712c5b68dff474ab6d8916a88eb827e03f36d8,4639,False
data/raw/tago_stops_nearby/2026-09-03/grid_bab08ed1cc0e3ff7810bb05f9e4c7804c25e66a98473be73b53beb3e859bcd44.json,4672c01747cb14896c9950dbcd76bce90522606b99faea22f377a106f4f52c9b,4672c01747cb14896c9950dbcd76bce90522606b99faea22f377a106f4f52c9b,4533,False
data/raw/tago_stops_nearby/2026-09-03/grid_bad3b43381a0b3985c633193723fad9ce9b177f5fbfba1f45a82b42e998709ff.json,3869811b569b934cc8a3261e44e31c2e3b0dad083369b667630718106ddd1726,3869811b569b934cc8a3261e44e31c2e3b0dad083369b667630718106ddd1726,3534,False
data/raw/tago_stops_nearby/2026-09-03/grid_bae634ff3207f003a55f6f78d078426f507b29a8a80c2a30f73c64c53f635dc6.json,aeee9fbe70845cba9525af269e9118c6824d91c8d86ef8fd10950d484ce3b402,aeee9fbe70845cba9525af269e9118c6824d91c8d86ef8fd10950d484ce3b402,3574,False
data/raw/tago_stops_nearby/2026-09-03/grid_bb04803f0b81b84509478cd9e84f7a0cf378c8a8dcb25b486df1b4320470e47b.json,669189f63bdabd573c341eb7b06c84626938203e212bbb03d7ca4c31381d8af0,669189f63bdabd573c341eb7b06c84626938203e212bbb03d7ca4c31381d8af0,4064,False
data/raw/tago_stops_nearby/2026-09-03/grid_bb0e4d74b2c583b6381972798d195b3a749912a7387cdf4e8ee3444802bf4e8c.json,12a0c847aca19c53dfcee05183564db367661c928c0a335653bb148a479fd667,12a0c847aca19c53dfcee05183564db367661c928c0a335653bb148a479fd667,849,False
data/raw/tago_stops_nearby/2026-09-03/grid_bb233ebe34e1ea05d1aabee1f5a588609756d42e3d7cfcd275f2c8d5298b7566.json,5e6b76a0a3bb907331660134007df385b7e08ca476ab35dbf67856ded10f7e92,5e6b76a0a3bb907331660134007df385b7e08ca476ab35dbf67856ded10f7e92,3831,False
data/raw/tago_stops_nearby/2026-09-03/grid_bb35fabfb35da9ab4d9ccd7387dd878c5e82a08fbdfbb19ac6547e54505ffa9a.json,df54c5fff157909fd5b139135d06b3697027b7aff5f04dd9c0ce26658d6c7593,df54c5fff157909fd5b139135d06b3697027b7aff5f04dd9c0ce26658d6c7593,1722,False
data/raw/tago_stops_nearby/2026-09-03/grid_bb7a0c968183da672575496932e1b1f61eba0e9dc94e097a14f2ac6d47d27eb7.json,9968bd138d297e9d95abc20643c45728aa1be9fd28aa580cec66432a58023d67,9968bd138d297e9d95abc20643c45728aa1be9fd28aa580cec66432a58023d67,4705,False
data/raw/tago_stops_nearby/2026-09-03/grid_bbc25e3a4a9ddac24bb89c1da461bbb5b8d6e3d49845bda78abd792ca6efb5c7.json,befcbbfe9edb605d61d9f48b8db0289d19a26697658b26b656b825cefeed063e,befcbbfe9edb605d61d9f48b8db0289d19a26697658b26b656b825cefeed063e,227,False
data/raw/tago_stops_nearby/2026-09-03/grid_bbd9d81ba88f303974e99ca09019a9d1197199c042b093f8bac7408e8e818360.json,0a93f263e5474821dbbd8ae3beddc270fcc45e149d9f0b2835ee10de7ba992e0,0a93f263e5474821dbbd8ae3beddc270fcc45e149d9f0b2835ee10de7ba992e0,3086,False
data/raw/tago_stops_nearby/2026-09-03/grid_bbdacd0a7340e5d52cc38c9b4bce816de61a69a4e372d3461f07de9487b8b797.json,1f0a4643ea3295de8d3492463d22dbbe3d1fdab2fd83955d61e7086e07bae9f5,1f0a4643ea3295de8d3492463d22dbbe3d1fdab2fd83955d61e7086e07bae9f5,4675,False
data/raw/tago_stops_nearby/2026-09-03/grid_bbe081d84205578e34638dd103e1eb769564bdb147ff3f4d3f2de3a37402ae9d.json,930463d9a6fa9f5bd4cc08e6bbbecfee2cfb60a63305694e7a2bf2eb8d384dae,930463d9a6fa9f5bd4cc08e6bbbecfee2cfb60a63305694e7a2bf2eb8d384dae,1694,False
data/raw/tago_stops_nearby/2026-09-03/grid_bbe704ffbe95ac20751080fce5d59539a46c1163d5170a33e3315f8147129285.json,befcbbfe9edb605d61d9f48b8db0289d19a26697658b26b656b825cefeed063e,befcbbfe9edb605d61d9f48b8db0289d19a26697658b26b656b825cefeed063e,227,False
data/raw/tago_stops_nearby/2026-09-03/grid_bbed78f647654f85eb64e8526268a725705da4b2e4dfb2cbbf4e7731d5791315.json,e3effcbb712ed26c62708aeb37f6a3bd60fa5e51b989cce80a25f854eeaaa696,e3effcbb712ed26c62708aeb37f6a3bd60fa5e51b989cce80a25f854eeaaa696,1411,False
data/raw/tago_stops_nearby/2026-09-03/grid_bc01012f1fc884e44b067842818dd50e5e63d3d9e4901524babf97c785425bf6.json,a6c3b924321f4a1493a6c3c28a66fac6b32aa426cdbe9585771aed769f37ebe3,a6c3b924321f4a1493a6c3c28a66fac6b32aa426cdbe9585771aed769f37ebe3,3250,False
data/raw/tago_stops_nearby/2026-09-03/grid_bc018f3aba8594972e13cdb35ddce5f1d4969ee15975594a11fdd12dc1052826.json,95faab9470fd1e77636c92e9409e901ac85e8b9276364c1afed4563e756a1f66,95faab9470fd1e77636c92e9409e901ac85e8b9276364c1afed4563e756a1f66,1006,False
data/raw/tago_stops_nearby/2026-09-03/grid_bc05c658040219452a9c95d0981b340e790a5b089ee91b0e86d2b05f081a744e.json,2912354bf39cbce5cae81062f76da42d2ae27a7bbac1d53d111992d5fc1f525d,2912354bf39cbce5cae81062f76da42d2ae27a7bbac1d53d111992d5fc1f525d,2422,False
data/raw/tago_stops_nearby/2026-09-03/grid_bc198bf42f6da6376ba268a2f3a3a35e0de40d2d61e762a42768d444e06e7b6b.json,5519b30d2da461ae7f52fe493132477f7753754d16489bac01da4e232742c459,5519b30d2da461ae7f52fe493132477f7753754d16489bac01da4e232742c459,3414,False
data/raw/tago_stops_nearby/2026-09-03/grid_bc278ef3e0c6b4d9b7861815a67de949710e68624812d8fe1fab64e30d688891.json,31faa508724a8a323793a8e3743025c06678e1dd250eb2b434b9df919dc5f923,31faa508724a8a323793a8e3743025c06678e1dd250eb2b434b9df919dc5f923,4150,False
data/raw/tago_stops_nearby/2026-09-03/grid_bc9b46e205830d080bd026602db8cbd852a6134de692858146a5e5f3d5dd826d.json,4ca8eb4de84de0f2403c965fcf3b9d1ab5f12f723d992b5cdd5d52baaef0df71,4ca8eb4de84de0f2403c965fcf3b9d1ab5f12f723d992b5cdd5d52baaef0df71,3178,False
data/raw/tago_stops_nearby/2026-09-03/grid_bcf885599e148c822cc25abd246e70f0c6426637441490f0a5b49cb795d318d2.json,0b3a9a3d51634fb4d001dbeb6899762f0144529b0c8783143095b315bb632709,0b3a9a3d51634fb4d001dbeb6899762f0144529b0c8783143095b315bb632709,3085,False
data/raw/tago_stops_nearby/2026-09-03/grid_bd0fe45960a4b9290ccf9dadac7b3c02ee4c130c145283611d47c78889841786.json,5ce3a84803a760e15e9499d934523377abab86c1feeefd3ff1b1317ea52cef6d,5ce3a84803a760e15e9499d934523377abab86c1feeefd3ff1b1317ea52cef6d,3736,False
data/raw/tago_stops_nearby/2026-09-03/grid_bd3c59538d1de91faf6c74feec8d50909d4da4e5f3e77b0bea9d7422be27247b.json,befcbbfe9edb605d61d9f48b8db0289d19a26697658b26b656b825cefeed063e,befcbbfe9edb605d61d9f48b8db0289d19a26697658b26b656b825cefeed063e,227,False
data/raw/tago_stops_nearby/2026-09-03/grid_bd43d58f16fcbee6713b78971e3d20b7123f706232b35e89025c6bbb38a1fb04.json,8803cb0601983d1b9c0bf0e42e1a0af420195490631be7b9bf75a2283dcb0aa2,8803cb0601983d1b9c0bf0e42e1a0af420195490631be7b9bf75a2283dcb0aa2,3413,False
data/raw/tago_stops_nearby/2026-09-03/grid_bd647fe2447a656ed8ea79eb24c80efe552755dfc86029e72e3eac97ee0103f2.json,2b193a411c7649d7d61c8cb0536535ba86bbc16419b1f1505e87d68625678d63,2b193a411c7649d7d61c8cb0536535ba86bbc16419b1f1505e87d68625678d63,5779,False
data/raw/tago_stops_nearby/2026-09-03/grid_bd6a7ea6cd175b3e7269ba7a174e1d08984c811632dea3c7b36a038a35978dc8.json,8967c38242b1841369673bcf7150df1ba55030688bb39f8f03d90ce16d52f33a,8967c38242b1841369673bcf7150df1ba55030688bb39f8f03d90ce16d52f33a,750,False
data/raw/tago_stops_nearby/2026-09-03/grid_bd777ed62daa0c19744b2873038b2faa03b3fc2b54ab5d0879177995edec97f4.json,15a0ba503bc3f80213a4002902ab3e8986fc2cc79bfc7f5811dc79b7a85935d7,15a0ba503bc3f80213a4002902ab3e8986fc2cc79bfc7f5811dc79b7a85935d7,2760,False
data/raw/tago_stops_nearby/2026-09-03/grid_bd92c39e0821e9012b1f2b65b8f58c75f6bcdb29f59c0acca6669d31cbb15fd4.json,fc85681935050e7ec8fc4285dda8166b25bbc2a4d812a97104f7b5439002e6aa,fc85681935050e7ec8fc4285dda8166b25bbc2a4d812a97104f7b5439002e6aa,3137,False
data/raw/tago_stops_nearby/2026-09-03/grid_bdea93ca9fbab565516322a12bff9dce58a2299e029eb742ca5bdda1bf39deb8.json,77f1214991f121fdb8303ceeeab7c9bb4a9a43466f30e8e005bd1ab068c13697,77f1214991f121fdb8303ceeeab7c9bb4a9a43466f30e8e005bd1ab068c13697,6422,False
data/raw/tago_stops_nearby/2026-09-03/grid_be02cb971749f2b2e526578587ec95e54bc6523dd5574ebf5bbd236725a337be.json,7fd0e0272a23a2289dea4b3a2f06030bda4713a4e17943c2f0290a00709ca607,7fd0e0272a23a2289dea4b3a2f06030bda4713a4e17943c2f0290a00709ca607,1521,False
data/raw/tago_stops_nearby/2026-09-03/grid_be063a3102f69105f86f87002281574a52f1c4c5db10d7dc91a08ac26baab528.json,613b9617c026f23e3a8019827b5b900a90ed2252e71f3e17ae9c1bf7489d3293,613b9617c026f23e3a8019827b5b900a90ed2252e71f3e17ae9c1bf7489d3293,1725,False
data/raw/tago_stops_nearby/2026-09-03/grid_be129216b6841ebae60841a4abe78c3db39e7d1885b816b99a1b4c1877b5e101.json,a4fd49533eba811c4f9a22a9b2d5baec32da07e65558c7a39378680c3daef7f6,a4fd49533eba811c4f9a22a9b2d5baec32da07e65558c7a39378680c3daef7f6,4353,False
data/raw/tago_stops_nearby/2026-09-03/grid_be1347f1d463614044badba13ab2ebe221e03457f721b2885ef56bf2c04bee36.json,8f7426010a78f1f59d5c8b0bf41fdb3d70fa69e3a3d320c14d91093040628925,8f7426010a78f1f59d5c8b0bf41fdb3d70fa69e3a3d320c14d91093040628925,733,False
data/raw/tago_stops_nearby/2026-09-03/grid_be1e9696b7438c9b21ece027c44d3645ca406c569c078bb808ac9c14bb35fd96.json,3db2917df92797549becc3539811de18757fbeec69c6c7cf02ee5725eb7c2b57,3db2917df92797549becc3539811de18757fbeec69c6c7cf02ee5725eb7c2b57,5068,False
data/raw/tago_stops_nearby/2026-09-03/grid_be3515e62e630cf73f9a78fb1f32a4c469f34d7b6a949d927371279ac6ee83d0.json,4c86e12fec5a53016436156d81229911d4662a2778aadcc980cbc86e1490080a,4c86e12fec5a53016436156d81229911d4662a2778aadcc980cbc86e1490080a,3116,False
data/raw/tago_stops_nearby/2026-09-03/grid_be688bd1751fd55a65fd8fbca451c6dfe5502a55ad2095d5ac558a305da53a55.json,1f35ce31aa3ed6544504b1ac1f6b08e626bd3ff396602c96cc91796047c2554c,1f35ce31aa3ed6544504b1ac1f6b08e626bd3ff396602c96cc91796047c2554c,1251,False
data/raw/tago_stops_nearby/2026-09-03/grid_be6b5ef2140dd0222ed7db4ba549f7e2ae83588ae67b302b90bfcdef74fdb3e4.json,befcbbfe9edb605d61d9f48b8db0289d19a26697658b26b656b825cefeed063e,befcbbfe9edb605d61d9f48b8db0289d19a26697658b26b656b825cefeed063e,227,False
data/raw/tago_stops_nearby/2026-09-03/grid_be759574f4cbcc80defdfbc252ae56486a358ce62bd5c58b30be61ef5e8f8686.json,f688db1f7c9482085078d71fcb5c2b4242cfc65a9f7266a98bce0598b96c52d1,f688db1f7c9482085078d71fcb5c2b4242cfc65a9f7266a98bce0598b96c52d1,4386,False
data/raw/tago_stops_nearby/2026-09-03/grid_be7830c2b4ab6dd0c6a4f1037d49a747284a1cd7eb1534daaf7274629a40ac58.json,7b25ed684388e9d77c84716f0992a5948879c71ff00afcf63e068c5d754c7248,7b25ed684388e9d77c84716f0992a5948879c71ff00afcf63e068c5d754c7248,2362,False
data/raw/tago_stops_nearby/2026-09-03/grid_be7b0cf01cf0336f6a75be07dcb5ac1adb7c03563afa7762f63e033e1198bc8a.json,a371d77d651b0b1e47b8791eccea2c4da116116046a3348616dfd672ed91f36e,a371d77d651b0b1e47b8791eccea2c4da116116046a3348616dfd672ed91f36e,3891,False
data/raw/tago_stops_nearby/2026-09-03/grid_be7e93c3ce0df15fd766b49d5b79bef7f0bc6e0b54a572b7df2f812e0a061807.json,ebcd1ffe4c9514eeefe9c99e4e1a9f521bda50df6dfcc41ce9344fef7080d5cf,ebcd1ffe4c9514eeefe9c99e4e1a9f521bda50df6dfcc41ce9344fef7080d5cf,1295,False
data/raw/tago_stops_nearby/2026-09-03/grid_bea1ab5f02019b13b5ca038e163696d6243055b2ac275a3e95ca8d54637ecea9.json,b18248802df3208f0372a3915f93c4a291da52d7bcbd5ea866be3052d832906c,b18248802df3208f0372a3915f93c4a291da52d7bcbd5ea866be3052d832906c,4859,False
data/raw/tago_stops_nearby/2026-09-03/grid_bebc17e0053e7193d80738fd0417b87cff3fd428ee9e09becde5f0e882ea97f5.json,fb715c78b13f6fcd5fb47ef8b85d7d2484675097f01c5b87a15eca04ec2863e5,fb715c78b13f6fcd5fb47ef8b85d7d2484675097f01c5b87a15eca04ec2863e5,2691,False
data/raw/tago_stops_nearby/2026-09-03/grid_bed25ef2739106ecaf9f81a34063dba7314d665cb83d16f06dacd0b624607f6e.json,bc1092ed370cf72946d049e35ffcae372048e9c9863dd5bb221c7a8415a34e78,bc1092ed370cf72946d049e35ffcae372048e9c9863dd5bb221c7a8415a34e78,990,False
data/raw/tago_stops_nearby/2026-09-03/grid_bef4e5455d81d12511543ddee0bbdf5a05a098474d72a9ef9f08568050b37b3a.json,8eb03beb1b6aeda0a041726f565d2a4940f22b807181813afbf0fcb4b1d12357,8eb03beb1b6aeda0a041726f565d2a4940f22b807181813afbf0fcb4b1d12357,3063,False
data/raw/tago_stops_nearby/2026-09-03/grid_bef6580325917cc0030b03a0a2317b6657de14086aadf8ac3184f44b3e109e01.json,8ca2d1d6d9a210b42d0d51be55f3d878ec652dada6b12ab4c47107e5978e4bd9,8ca2d1d6d9a210b42d0d51be55f3d878ec652dada6b12ab4c47107e5978e4bd9,3688,False
data/raw/tago_stops_nearby/2026-09-03/grid_bf1566e920bd352bef29723fc7ee95dd52d4d4db64dba182fb40aa957e3fa8f6.json,ea291255da05d728d4b2295d3aa3e56e14183284b6f96aca9b0d735adf8610a9,ea291255da05d728d4b2295d3aa3e56e14183284b6f96aca9b0d735adf8610a9,1974,False
data/raw/tago_stops_nearby/2026-09-03/grid_bf19c7a8ac0f1a5c2b419c70517a273e925567e86a8fd1ef38837d1f7c48a30a.json,210c3f166c9d9295b8ebd1e5353670675b2d80d9b1d7304828c9dcffe5f599d1,210c3f166c9d9295b8ebd1e5353670675b2d80d9b1d7304828c9dcffe5f599d1,5038,False
data/raw/tago_stops_nearby/2026-09-03/grid_bf4af7706d6f3d844aed9d881b39d76197307a31522805eac731399813f124c6.json,c7ae054e4f1a3588e6e7981b0f67fdbcb224bddc46b15c19730d140dc9932a1a,c7ae054e4f1a3588e6e7981b0f67fdbcb224bddc46b15c19730d140dc9932a1a,5243,False
data/raw/tago_stops_nearby/2026-09-03/grid_bf6c63c3c4e5e4b33a3a5a894db120f515d705915c283210c8fa26943de53884.json,c1e935b0c60d8df19c2a586cb705d2dc834f70d7ce8628de4954b4cd72d23221,c1e935b0c60d8df19c2a586cb705d2dc834f70d7ce8628de4954b4cd72d23221,6089,False
data/raw/tago_stops_nearby/2026-09-03/grid_bf777e49261804e892a2e80879d57460fe889f53357de5cc07b4340aa217a2ed.json,548068fb9fcb23d07a86602cbef344aa106f2363e70150079b2b2fb6c148ce63,548068fb9fcb23d07a86602cbef344aa106f2363e70150079b2b2fb6c148ce63,3979,False
data/raw/tago_stops_nearby/2026-09-03/grid_bf8e717fcf1ce5711f381690ee6f2dac1cff51ffac1faaeffa2a9147b4c7e062.json,d6f4bec9b83130d0a5567c0d78abe6dd73a3a75d2e5c8464988efcb9c28a5a40,d6f4bec9b83130d0a5567c0d78abe6dd73a3a75d2e5c8464988efcb9c28a5a40,6080,False
data/raw/tago_stops_nearby/2026-09-03/grid_bfb792b099909d059375d624df6bb9dfd367a13d11692da329f627d1e2c0efeb.json,7c1fd69850dd0cd66019c21e3e16bcb74901960e3c1a599899d71be41a98955e,7c1fd69850dd0cd66019c21e3e16bcb74901960e3c1a599899d71be41a98955e,2067,False
data/raw/tago_stops_nearby/2026-09-03/grid_bfd07d727ebd88a4067c90fd826ed21f56555251d0753aced293660745a59ebe.json,0277d8502c6d4c1ba88b292cb876c8a046d5922e442edd1e7ca825dd8f6075ed,0277d8502c6d4c1ba88b292cb876c8a046d5922e442edd1e7ca825dd8f6075ed,2853,False
data/raw/tago_stops_nearby/2026-09-03/grid_bff1d86e9713840159115d06eb8ad511cdfa5f4ba90050b0bb4246a20d17b749.json,befcbbfe9edb605d61d9f48b8db0289d19a26697658b26b656b825cefeed063e,befcbbfe9edb605d61d9f48b8db0289d19a26697658b26b656b825cefeed063e,227,False
data/raw/tago_stops_nearby/2026-09-03/grid_c00a8e50663539d611b91d885ad5d61e199355cd566beca81f53b681be415556.json,befcbbfe9edb605d61d9f48b8db0289d19a26697658b26b656b825cefeed063e,befcbbfe9edb605d61d9f48b8db0289d19a26697658b26b656b825cefeed063e,227,False
data/raw/tago_stops_nearby/2026-09-03/grid_c0179a78a044eaab36eb90333733a6880921082783de758a3c8c240e75207d12.json,f3a857a00a08053c9d697f275ae85ed1d066d766fdafea8c3ff76581875bfa09,f3a857a00a08053c9d697f275ae85ed1d066d766fdafea8c3ff76581875bfa09,3012,False
data/raw/tago_stops_nearby/2026-09-03/grid_c02aacc8840a0eb55a860dc18bc197e100b756f86bccae41d7cbd703262bb72b.json,da6fc28da790dd4529419e5f05fc16285298ff61c2ec0e7a35a4e45dd9055c25,da6fc28da790dd4529419e5f05fc16285298ff61c2ec0e7a35a4e45dd9055c25,2962,False
data/raw/tago_stops_nearby/2026-09-03/grid_c07d0781a27e9ccdbd8973ec822ca32edc0aae44fe9246a3ce6ca2a7383b9a22.json,f1f40cb900e68ccc5b4deb43c6039a934dfb975941b6b3ad15c2959081f75584,f1f40cb900e68ccc5b4deb43c6039a934dfb975941b6b3ad15c2959081f75584,2759,False
data/raw/tago_stops_nearby/2026-09-03/grid_c083c10a180995306181ec05c910fc8837719ad9489207d7e72fe395e4582108.json,aacf215cbd2a7301e781bfdd8379d0a238725fc0aaaa07c25bf77bdc460de243,aacf215cbd2a7301e781bfdd8379d0a238725fc0aaaa07c25bf77bdc460de243,2223,False
data/raw/tago_stops_nearby/2026-09-03/grid_c09f7897dadc1305a9d0fcdf69f3019e4fb8b836144b2287914e2f2e94cdc02f.json,09889063d23169701f4bed25dbfeab5cd8731041969340698056a9b31a91230b,09889063d23169701f4bed25dbfeab5cd8731041969340698056a9b31a91230b,2183,False
data/raw/tago_stops_nearby/2026-09-03/grid_c0aea6df8df7b7ec06080308bd3fcf3b249cc8626d541ffc0955e6b196753591.json,791aade0cfa2642d4064643d5900f24bb06151f76277285d0adeeb8980f7fced,791aade0cfa2642d4064643d5900f24bb06151f76277285d0adeeb8980f7fced,1993,False
data/raw/tago_stops_nearby/2026-09-03/grid_c0f537e9a17abc6e4c5030fb2ee8e71ea640c571f010329db60ab00450a4c9e7.json,9f127538d50e9e5fcf19b1279617934579c45156eb9b45c957758dffb035366d,9f127538d50e9e5fcf19b1279617934579c45156eb9b45c957758dffb035366d,3761,False
data/raw/tago_stops_nearby/2026-09-03/grid_c11723280e2720060a6d4fc2c20e399d18d827e699e4ef912cac83745b8f2b20.json,befcbbfe9edb605d61d9f48b8db0289d19a26697658b26b656b825cefeed063e,befcbbfe9edb605d61d9f48b8db0289d19a26697658b26b656b825cefeed063e,227,False
data/raw/tago_stops_nearby/2026-09-03/grid_c11b37af75cacd44a7ad64159bcad176f6e37f9e4c7874d94215db9fd5269142.json,11dd7aafbcd0baf6252595e290f88561a3f45176aac5a8837e595ae13f53daa6,11dd7aafbcd0baf6252595e290f88561a3f45176aac5a8837e595ae13f53daa6,7601,False
data/raw/tago_stops_nearby/2026-09-03/grid_c12c7b37e8cb9c1ea0a91b50fb646aea9342d97bdcf94944a24bf98e5c6942be.json,73bc613fa939bb02f3bdce66c7c7dcc16b3c7cee0befe00f37eed678f19526c8,73bc613fa939bb02f3bdce66c7c7dcc16b3c7cee0befe00f37eed678f19526c8,2710,False
data/raw/tago_stops_nearby/2026-09-03/grid_c175a21eacef5a6d92f2b65e751a01db178e1418ddacf4585af81d834fc293ea.json,befcbbfe9edb605d61d9f48b8db0289d19a26697658b26b656b825cefeed063e,befcbbfe9edb605d61d9f48b8db0289d19a26697658b26b656b825cefeed063e,227,False
data/raw/tago_stops_nearby/2026-09-03/grid_c1dd42233a81841f0063874a433cd55d442ee93a17824606469497de5de33083.json,c586081d0e7bc2ea19cd3d425cc3d1b407ecbb23105c09d841dd772c6844509f,c586081d0e7bc2ea19cd3d425cc3d1b407ecbb23105c09d841dd772c6844509f,4308,False
data/raw/tago_stops_nearby/2026-09-03/grid_c1e689821a3b71ba588f44afd245ae19df4ae53444f91b700a2bea5ec1b3cee2.json,7bb1a8af0a7246800e891633a8cc7b368a483fe7cba2f2127f38ac9661c53b15,7bb1a8af0a7246800e891633a8cc7b368a483fe7cba2f2127f38ac9661c53b15,725,False
data/raw/tago_stops_nearby/2026-09-03/grid_c1ee3a036a9b3375460b4dea393076db1bc7f02cd679eecb2c6e42bdc37c860e.json,5cb66405af669edef7e81e5219c000a1195cf2731564c9994794f09bfa7f6963,5cb66405af669edef7e81e5219c000a1195cf2731564c9994794f09bfa7f6963,5342,False
data/raw/tago_stops_nearby/2026-09-03/grid_c1f8f8abdd8e4c375b739e89d5e973ccd00d158454aeb067e6eaf2771cbfb22e.json,4ba791a836ece27ddf79cdd698c07cec9ba331c3aec81f5191fd9f7b69888dbc,4ba791a836ece27ddf79cdd698c07cec9ba331c3aec81f5191fd9f7b69888dbc,2191,False
data/raw/tago_stops_nearby/2026-09-03/grid_c202647ed9a98b3aacd4335e4ff6842e9ffcd51df6592e586bc2058c185bbe70.json,106f09450e3a2b960aa4796357f676506e06b9f92dbf2852e55454229b531a3a,106f09450e3a2b960aa4796357f676506e06b9f92dbf2852e55454229b531a3a,5534,False
data/raw/tago_stops_nearby/2026-09-03/grid_c20967e8358604a8aba95d6dcaff342b22ae0dd67bc52e6dab84d613f914ed0d.json,724ee25e0a014d5f2d6123d8382a03e2a0399c1f6e2945d9a8394b670d6de8d3,724ee25e0a014d5f2d6123d8382a03e2a0399c1f6e2945d9a8394b670d6de8d3,4212,False
data/raw/tago_stops_nearby/2026-09-03/grid_c222ed27478c60ca185ebef0cbbb4ebc80d63bcfbfe79c12882b6b03303d05f8.json,8ea11f9c4e6c1293cd9627e9849a5a6de1d6e6c79c4c4610def344e5fcbc6af5,8ea11f9c4e6c1293cd9627e9849a5a6de1d6e6c79c4c4610def344e5fcbc6af5,1051,False
data/raw/tago_stops_nearby/2026-09-03/grid_c22c94b5b19fc2adfd17e1e2659681911e61b90962c46cbb5669c1d436ac5b4e.json,f6e8086b68d02ff7b773e4307b86af56027b4b5946d5b02b4ddb14d36853868d,f6e8086b68d02ff7b773e4307b86af56027b4b5946d5b02b4ddb14d36853868d,1959,False
data/raw/tago_stops_nearby/2026-09-03/grid_c23677178b5f727604bb0bcf22a8d0b83e683d10cc1ebe8db2ca59da854636d8.json,ff16e64c4a0d931110aaa6257ae973e530cf80a450d48bb52ac96a7036c4efd5,ff16e64c4a0d931110aaa6257ae973e530cf80a450d48bb52ac96a7036c4efd5,1937,False
data/raw/tago_stops_nearby/2026-09-03/grid_c2399094dc28570d721d118a00868ef3249b25342247e270c8df14ffa3c72c92.json,36c9271b33e57a3d4cff8b5790e03a9cb8480859b059ab4f7dc0aa9f03e8c2c5,36c9271b33e57a3d4cff8b5790e03a9cb8480859b059ab4f7dc0aa9f03e8c2c5,3055,False
data/raw/tago_stops_nearby/2026-09-03/grid_c2459c8427d4c49bae140fe737d49d55536ce7831bc2fa47d87a8aec06f878bd.json,b8d28f8973b852712499ee0047b43175b176b45ce60b159e813e0faeb6c1550e,b8d28f8973b852712499ee0047b43175b176b45ce60b159e813e0faeb6c1550e,2487,False
data/raw/tago_stops_nearby/2026-09-03/grid_c257f2ac0394a9dcab88694d3727a2038bafa773630accd342734b2aacfca567.json,9e1a33e6c6ade2ef113186fb4820961743aa7399769188313e9367305ab892b6,9e1a33e6c6ade2ef113186fb4820961743aa7399769188313e9367305ab892b6,5761,False
data/raw/tago_stops_nearby/2026-09-03/grid_c26ec370073b7b4055c96d6e67aa32feb044328dfd189465a281d5f21c653dfa.json,a23cb70507217450fab9281066a46f2c3bfac5b3d4cf6951a5166f7982f69bdf,a23cb70507217450fab9281066a46f2c3bfac5b3d4cf6951a5166f7982f69bdf,5562,False
data/raw/tago_stops_nearby/2026-09-03/grid_c2760d9c4861046ce8358b76078e89ba9692ca3bf429d269572bf5b901c3cf24.json,befcbbfe9edb605d61d9f48b8db0289d19a26697658b26b656b825cefeed063e,befcbbfe9edb605d61d9f48b8db0289d19a26697658b26b656b825cefeed063e,227,False
data/raw/tago_stops_nearby/2026-09-03/grid_c277b99938ef678cc6b14bdf4fc395b7c85d9efc4a6f1a6fde0051f7e67c3d1e.json,befcbbfe9edb605d61d9f48b8db0289d19a26697658b26b656b825cefeed063e,befcbbfe9edb605d61d9f48b8db0289d19a26697658b26b656b825cefeed063e,227,False
data/raw/tago_stops_nearby/2026-09-03/grid_c27ee6313633c76bccf9341af2f58162e3000b39ea333e009deeca78238b49f2.json,1d6eb3227ce37a782a41dff6947fc984a9587ec97eb75dc8e63bdc07178b3d5b,1d6eb3227ce37a782a41dff6947fc984a9587ec97eb75dc8e63bdc07178b3d5b,3543,False
data/raw/tago_stops_nearby/2026-09-03/grid_c2fac17dfdb11bf1eef3a5be401d6deda08ce3a2d426478ff977560c0e442a04.json,e245b25a8da2fd4a5a7658288631f48de7442d424a9d20459dcdf031aeec2145,e245b25a8da2fd4a5a7658288631f48de7442d424a9d20459dcdf031aeec2145,780,False
data/raw/tago_stops_nearby/2026-09-03/grid_c30ac3f8a64974b027480c1fca925ac1a6d339d4c9122ad3bfb85c609393aa4a.json,46b4839a4d4058203e1dd34da4c7e3858b25a9d626c0307bf10cdd9d3f97333b,46b4839a4d4058203e1dd34da4c7e3858b25a9d626c0307bf10cdd9d3f97333b,5254,False
data/raw/tago_stops_nearby/2026-09-03/grid_c32c13551b6bdd43884c3efc1193541fd961b7a653a33529eb42b2a93fc53b02.json,710d9d8bca9b50fc06b7237b4f8a82e07846c1399ebccc2e41fb5d64b5ac8439,710d9d8bca9b50fc06b7237b4f8a82e07846c1399ebccc2e41fb5d64b5ac8439,2544,False
data/raw/tago_stops_nearby/2026-09-03/grid_c33ac96c9151dfcb5fac5dfc8123073c77cc3b33c146ee297589ee8f3ed33d16.json,8602ab315f1153dd1b060347dab179248d114a737d81f50479d66ad783e8f59b,8602ab315f1153dd1b060347dab179248d114a737d81f50479d66ad783e8f59b,762,False
data/raw/tago_stops_nearby/2026-09-03/grid_c35bff489f3bab36e278a454db7996786b5192daba1d3c65fdbef05c28eb28b5.json,88d0686d015a36da081aca1765d67264808562cf635068cda752ab896e91c207,88d0686d015a36da081aca1765d67264808562cf635068cda752ab896e91c207,4599,False
data/raw/tago_stops_nearby/2026-09-03/grid_c35dae5576c0abc8b1153d44efab0a1a2726cb1f77790baecae6f5d462ceb9bc.json,bac23d4def8d43f959cfc6ac716bf55b6bb7142ac214ee0b89298c248bddb011,bac23d4def8d43f959cfc6ac716bf55b6bb7142ac214ee0b89298c248bddb011,491,False
data/raw/tago_stops_nearby/2026-09-03/grid_c37ae679c86a0d999aa1b1b61d207e5e7c3bdc59b7d63992e78835710972efe6.json,92ee384e93c1bfa7bf07b33dccabd91bddfc6748a545847767cad84d0ca9ca54,92ee384e93c1bfa7bf07b33dccabd91bddfc6748a545847767cad84d0ca9ca54,6414,False
data/raw/tago_stops_nearby/2026-09-03/grid_c38b2a27050ad6849dcd2a67350bdf77516424ec0ce753704a837c3d90bafc46.json,8683b067ccafda8e6285aa3bae4d564a1548206e67fef0a4b77ac16a1cefe186,8683b067ccafda8e6285aa3bae4d564a1548206e67fef0a4b77ac16a1cefe186,2336,False
data/raw/tago_stops_nearby/2026-09-03/grid_c3a5e30317e6ee946f7fac53f8dcb423c45e635da1821833ae7dcf367bec7623.json,e280628247e1b2eadc324bad9c3e8792f71914ca6958074830132950674d0e2b,e280628247e1b2eadc324bad9c3e8792f71914ca6958074830132950674d0e2b,1906,False
data/raw/tago_stops_nearby/2026-09-03/grid_c3af94385e3464325afdceeeb8a28785f336df4ca9710194687b0a3fa98db834.json,fae9211abd71b1c84944109e4f5fc8c2db9ad7363acf78ff5059b1e6bb0f60c5,fae9211abd71b1c84944109e4f5fc8c2db9ad7363acf78ff5059b1e6bb0f60c5,3516,False
data/raw/tago_stops_nearby/2026-09-03/grid_c3b89e859b7349726b2bf2067db755a5c307c2c99bc566f34a967d8a07b8eea9.json,3f8e8da3b871fbc6669636e7055ee11ad8af0b8f901e5d2715665bd9298fae34,3f8e8da3b871fbc6669636e7055ee11ad8af0b8f901e5d2715665bd9298fae34,6641,False
data/raw/tago_stops_nearby/2026-09-03/grid_c3ccf58cf55d374ab25023a330d29368962d37aa49cd6e5e61241ce3e16e2ffe.json,433c81152a19485da939ccc4067b51158806af8d573179c2f78ab1f633f03a90,433c81152a19485da939ccc4067b51158806af8d573179c2f78ab1f633f03a90,4944,False
data/raw/tago_stops_nearby/2026-09-03/grid_c41e465acd2f4ed4f10276e0b821a9e7ea73cb1ae707d58328486e20dc01f76b.json,552cf3957c17689de22dd3b0a62699c7d200e9ed44380a3d55fd119414c8e20a,552cf3957c17689de22dd3b0a62699c7d200e9ed44380a3d55fd119414c8e20a,4074,False
data/raw/tago_stops_nearby/2026-09-03/grid_c43513964c202fb7a3698964fdb116bab91218acaf66e046f8f001983357dafa.json,33bd395f7ff7912c4ef2d63a3ed638e93a87d0bb5dadc4376c424ba55f4f72fd,33bd395f7ff7912c4ef2d63a3ed638e93a87d0bb5dadc4376c424ba55f4f72fd,3921,False
data/raw/tago_stops_nearby/2026-09-03/grid_c4509cd474ada08d22ab1ee72ab00a12569929b0af7d43793a53cf96c7d6ca6f.json,d6e965ab14c29c88fa4cadf43e1b420056714f3aaf1bc9777591c2038a8ca669,d6e965ab14c29c88fa4cadf43e1b420056714f3aaf1bc9777591c2038a8ca669,1253,False
data/raw/tago_stops_nearby/2026-09-03/grid_c4758a3b8fe779048b5674cc3a9def1ab87d9b76ce01ba31c33ee8132139868b.json,12da78b22c9856e86ecf4a52ca0e70d2c6f0fdc0c66db030c3ae67e01264459a,12da78b22c9856e86ecf4a52ca0e70d2c6f0fdc0c66db030c3ae67e01264459a,4830,False
data/raw/tago_stops_nearby/2026-09-03/grid_c49248cded2b900cf7640b0a275588108f7f264594667d0573df79f801cf5e27.json,dc718c2af7f59135890c02ccbff5f6420003d9de71f6ff609edf228df23690eb,dc718c2af7f59135890c02ccbff5f6420003d9de71f6ff609edf228df23690eb,1701,False
data/raw/tago_stops_nearby/2026-09-03/grid_c4bab0d3ddb8e0cf97019b44d11d96967605be476f9225504a6ffa591143b0a3.json,6dc7dd3f43afedd60624dbf2637e5a9c98ffdfdf46924186887658197e0f7e8c,6dc7dd3f43afedd60624dbf2637e5a9c98ffdfdf46924186887658197e0f7e8c,6232,False
data/raw/tago_stops_nearby/2026-09-03/grid_c4e2f6000abfb56b6352289d2c0fb690de693ec67fdc9acdb7a46230a7dabbfe.json,91131f6684e0330dc1d47a16f50713f10571332baefe958987677af16f83c376,91131f6684e0330dc1d47a16f50713f10571332baefe958987677af16f83c376,3650,False
data/raw/tago_stops_nearby/2026-09-03/grid_c51ae84bf01ff569bc0b39694c95bb0f38cfa64095845171d04acff213d14b21.json,eca755b9d9ba3c5741ac54a479f98e1d8d284a54c85157671d17d1cb0459cdc5,eca755b9d9ba3c5741ac54a479f98e1d8d284a54c85157671d17d1cb0459cdc5,3408,False
data/raw/tago_stops_nearby/2026-09-03/grid_c5563c3e106c33d65bcc676904132a932b4d3d44148900a1f55a9814008be717.json,954e4aafef01875e2dc8328616533751b634c1cfb943b344a78102a9b96380b8,954e4aafef01875e2dc8328616533751b634c1cfb943b344a78102a9b96380b8,3335,False
data/raw/tago_stops_nearby/2026-09-03/grid_c567bcbbc85dc15e59fdd65f75f43bfa5fdb69f991d9681d3dcfa71501ca6b9b.json,ce923a20ef3c8b06140defcdd7f374635790b1a67d70839100a96b198d9e40e2,ce923a20ef3c8b06140defcdd7f374635790b1a67d70839100a96b198d9e40e2,466,False
data/raw/tago_stops_nearby/2026-09-03/grid_c56bb9fe1179e841320d38def2dbd9fa9544d992736fc9330ad87c1a369b9bf9.json,befcbbfe9edb605d61d9f48b8db0289d19a26697658b26b656b825cefeed063e,befcbbfe9edb605d61d9f48b8db0289d19a26697658b26b656b825cefeed063e,227,False
data/raw/tago_stops_nearby/2026-09-03/grid_c585db6b04dfbaf4afb6fd19a97268de63f830fe5ccbc6d90a66196077f4977d.json,a5c18f5b4e8cf2cf47d388677ae81065e12b90ab0caae20f894a079e05f7de35,a5c18f5b4e8cf2cf47d388677ae81065e12b90ab0caae20f894a079e05f7de35,4220,False
data/raw/tago_stops_nearby/2026-09-03/grid_c5de08a6c3f335f67d8b9678ddf70235bdeb537bf0ea5a5081e4c27f72bee28d.json,22bf9cd05bfd62b1d0416329ae72af889e28e9f13714698fed3db5457934627c,22bf9cd05bfd62b1d0416329ae72af889e28e9f13714698fed3db5457934627c,4098,False
data/raw/tago_stops_nearby/2026-09-03/grid_c5ef86052066fe8c5b6240fb9c380d6c5545e03e8b3aec5c54277aaf82f2d88c.json,2d1c12e1cc07a6e4876a6678ad0bf6247e1b84fe131b1db21aac9b7abc5e2ec3,2d1c12e1cc07a6e4876a6678ad0bf6247e1b84fe131b1db21aac9b7abc5e2ec3,4715,False
data/raw/tago_stops_nearby/2026-09-03/grid_c6009c18e3f07c5b0be17818a7b71cb7cc513e52b9175d6ef026a6b4d8f83bf4.json,7c229a1c1361ddc992edfbe43449ba92652e0b7681fc9b3c2bc216a47285da10,7c229a1c1361ddc992edfbe43449ba92652e0b7681fc9b3c2bc216a47285da10,3612,False
data/raw/tago_stops_nearby/2026-09-03/grid_c61aa119bb139a7732f794acb08c1be16ed58bf2ff1d381af619687b4bab6f36.json,a72a53f04ebedf5ba56ff51a49f50ca392dfcda19d648f37bfea17d94229665a,a72a53f04ebedf5ba56ff51a49f50ca392dfcda19d648f37bfea17d94229665a,4356,False
data/raw/tago_stops_nearby/2026-09-03/grid_c63c00322fd89024956ef1f61479269b370972298a920e15f451e4fd28f53b11.json,f9687abf03e8d40b7fe26ccfa9d38abe5b960bfc29aa68190bddc6ef434e99e3,f9687abf03e8d40b7fe26ccfa9d38abe5b960bfc29aa68190bddc6ef434e99e3,2779,False
data/raw/tago_stops_nearby/2026-09-03/grid_c63f043cb7143a55279de5a0346811dfe2c68e948c513d751176817858c64dcf.json,b57317315a04f3302f6ba21aa61df93e14da06cedd4e8ca1567f6e111db65134,b57317315a04f3302f6ba21aa61df93e14da06cedd4e8ca1567f6e111db65134,4931,False
data/raw/tago_stops_nearby/2026-09-03/grid_c64d2656d671a8b55fabac0f044ae2e7c75eaf7e87efcd6f3ddeadb2dc4a1bc6.json,befcbbfe9edb605d61d9f48b8db0289d19a26697658b26b656b825cefeed063e,befcbbfe9edb605d61d9f48b8db0289d19a26697658b26b656b825cefeed063e,227,False
data/raw/tago_stops_nearby/2026-09-03/grid_c674e9b8ec721284347f26568bbc3a59ce65dbc76c0e36f6b1d1aa0ca3a8d1af.json,c2408579333a45e50c7bc0e7e1dc5ea793c4d1f7c63fbfbdb3859481797f2ab4,c2408579333a45e50c7bc0e7e1dc5ea793c4d1f7c63fbfbdb3859481797f2ab4,2009,False
data/raw/tago_stops_nearby/2026-09-03/grid_c67fccce678101b599141ef14e4bf048024e3fdff99602f52a59cabad51ea625.json,92c771481829925630b00fad9d13f86ddabee39c3947c0b89d3f93bd1b6eeadc,92c771481829925630b00fad9d13f86ddabee39c3947c0b89d3f93bd1b6eeadc,2310,False
data/raw/tago_stops_nearby/2026-09-03/grid_c689ef3040ce53d3c4a34d6a80a837d920a0755547d1c00ee544cdaca39797de.json,5e80cf466cc871c8e0649bbf136f975171226934895ede69d0d20541b2c99ec8,5e80cf466cc871c8e0649bbf136f975171226934895ede69d0d20541b2c99ec8,3688,False
data/raw/tago_stops_nearby/2026-09-03/grid_c6941404b577f2e244cbb2c635f0d6d49df082c30ba51ac728b3a7dd3bfe5990.json,35b4189c943623460503b85448babf0774038e5f6faf36884eea41e208419000,35b4189c943623460503b85448babf0774038e5f6faf36884eea41e208419000,5374,False
data/raw/tago_stops_nearby/2026-09-03/grid_c69e4b2777a9e3c1465472f3b7147f26371703e7b3546bd632539857e1f55fc5.json,951ae71ddf4cc7022f13f65cdef8081f17822abf5ac6824ac9969cb448471575,951ae71ddf4cc7022f13f65cdef8081f17822abf5ac6824ac9969cb448471575,3296,False
data/raw/tago_stops_nearby/2026-09-03/grid_c6a6cfe35cd0d577b27a1765120e324de19a714a537153f3afa910543605fe5c.json,7f93a6ce355e835e7ac076f0873116ae8db47ab0b7ac230983ddb7079397cc02,7f93a6ce355e835e7ac076f0873116ae8db47ab0b7ac230983ddb7079397cc02,2719,False
data/raw/tago_stops_nearby/2026-09-03/grid_c6b2a198e06b1a588dfd8ae81dd4f0f68b16cb36ab844b20dc00b0cba4c06374.json,4de20b95fddea2731b29efc2274a0bd5a30a2bc78a2b0dec4ad2c3d9fd3d4f32,4de20b95fddea2731b29efc2274a0bd5a30a2bc78a2b0dec4ad2c3d9fd3d4f32,6659,False
data/raw/tago_stops_nearby/2026-09-03/grid_c6c6bd3c75e321edaa1a0e2444b462c13eb6aaa6bdba20ef85e4547477ca59f9.json,f9b4ecf2732b9879e9531b1ceaff53238e4579b79223cef29660bb16661b75ae,f9b4ecf2732b9879e9531b1ceaff53238e4579b79223cef29660bb16661b75ae,1208,False
data/raw/tago_stops_nearby/2026-09-03/grid_c6d1cc004923d7f10ad5c57826bf7a985cb0324356349c08d817dfd0106d2594.json,edad01062fa2745bee792989e4cf9866a15b1ddaf7574c70a7985ef640b41a01,edad01062fa2745bee792989e4cf9866a15b1ddaf7574c70a7985ef640b41a01,4224,False
data/raw/tago_stops_nearby/2026-09-03/grid_c6db3135405d7730c4f2fd4e1ffc264bb98455b19ca73db7140cc8bc9ccfc7a8.json,47f10722bc5b28b34b412625ce9a6014421b25f912a1d28a6ae42709e24d06f8,47f10722bc5b28b34b412625ce9a6014421b25f912a1d28a6ae42709e24d06f8,2193,False
data/raw/tago_stops_nearby/2026-09-03/grid_c70e894f40245b270d277104ffd2d4bb88ff75b6eab61b3074117791efe44eae.json,ccc198231b209907ef7f9f1210815e4c8d5e9a9a232caf594078d975c39a6e9b,ccc198231b209907ef7f9f1210815e4c8d5e9a9a232caf594078d975c39a6e9b,1948,False
data/raw/tago_stops_nearby/2026-09-03/grid_c712f535cfba130df42a8232069404a5d4b027ac39e8cfa423562ee638f9ed40.json,fc92a18eda632e25b408436ceda2c6e95386b937902c28091d7b1ba460372b82,fc92a18eda632e25b408436ceda2c6e95386b937902c28091d7b1ba460372b82,2341,False
data/raw/tago_stops_nearby/2026-09-03/grid_c71335a2db7d24a5a94d3cde4e062ff56a2dcc9cb7301f2547dbd8c4cdcb784f.json,befcbbfe9edb605d61d9f48b8db0289d19a26697658b26b656b825cefeed063e,befcbbfe9edb605d61d9f48b8db0289d19a26697658b26b656b825cefeed063e,227,False
data/raw/tago_stops_nearby/2026-09-03/grid_c74a9ff195f8eff47179097c45848563eaf348f56b7a5a8579c31064739912c2.json,1f01c396b8239eb07ffb32ec06945811722455d677cfe66aa1deb82d142f06ae,1f01c396b8239eb07ffb32ec06945811722455d677cfe66aa1deb82d142f06ae,4263,False
data/raw/tago_stops_nearby/2026-09-03/grid_c7685177e1228d4a1f389fe9a5d2ca4d7c6999457497b4b809ed800a8934206f.json,9ccce1404d784634136442eaa8ff22c249558b4b3ac8c39ba8a6ab920941e064,9ccce1404d784634136442eaa8ff22c249558b4b3ac8c39ba8a6ab920941e064,3932,False
data/raw/tago_stops_nearby/2026-09-03/grid_c77382d140edb3abf3ded6f7f6a5ebbd844d6ed25cf2bd787d70194b78a0bb20.json,c2a9a9db198d467c1c90a8e56002558dfbef947ee6dd714ba4ab3ec07786aa24,c2a9a9db198d467c1c90a8e56002558dfbef947ee6dd714ba4ab3ec07786aa24,4256,False
data/raw/tago_stops_nearby/2026-09-03/grid_c7804ffc3c023d4e7ca6c434d7e3ef84d3d897ff7518e3f9b449d685446c450f.json,4a7b930842aab7f7fa1ede50473e5b9e6c61c7df8048b3698f8ed5d250d2b345,4a7b930842aab7f7fa1ede50473e5b9e6c61c7df8048b3698f8ed5d250d2b345,2471,False
data/raw/tago_stops_nearby/2026-09-03/grid_c785dbcddb1d3616f3cbe7ac15dfc610075abbab259465ce4fba0a28a11886e4.json,c658465c1b71d92137580f5dc637f6297e740ece43e687e14691ed13fd76d6ba,c658465c1b71d92137580f5dc637f6297e740ece43e687e14691ed13fd76d6ba,5427,False
data/raw/tago_stops_nearby/2026-09-03/grid_c791957adf59ddc72b32db0a8e72f1344121333ed2776adfbd1b790c349f9314.json,44699a235d46c4e96d5d5dc3418eb3e8be82bf46d06111625cbab335cf782040,44699a235d46c4e96d5d5dc3418eb3e8be82bf46d06111625cbab335cf782040,2699,False
data/raw/tago_stops_nearby/2026-09-03/grid_c7dade07ef717c4e836164f7993f0b068911da20a3a5c3a839470e7ec66c2cd3.json,befcbbfe9edb605d61d9f48b8db0289d19a26697658b26b656b825cefeed063e,befcbbfe9edb605d61d9f48b8db0289d19a26697658b26b656b825cefeed063e,227,False
data/raw/tago_stops_nearby/2026-09-03/grid_c7fce165d868f983b2c58d216a8f890d9e988c3d0b10f629370c8b88f2cecef9.json,f0852c5d01a9d099de96d8f0508b9b1c003b353d722672c263e09330714fdb07,f0852c5d01a9d099de96d8f0508b9b1c003b353d722672c263e09330714fdb07,1279,False
data/raw/tago_stops_nearby/2026-09-03/grid_c7fd7a9a2b0e7847b263148b79f8781865e1087d663e74c774377d8b5e5683ab.json,f73debf267e5a5d0a82b48e5926315af5755c7cbff28c10d7b8195f2f4345535,f73debf267e5a5d0a82b48e5926315af5755c7cbff28c10d7b8195f2f4345535,2473,False
data/raw/tago_stops_nearby/2026-09-03/grid_c819d8853f8c574f0fc85f53d4e0d1f85577ddec51ba1a391dfed5656f1f8dbf.json,a87afc14c077da70f02a9aa067707684b4720d0b6c92bc6ed61c6a8f14170d24,a87afc14c077da70f02a9aa067707684b4720d0b6c92bc6ed61c6a8f14170d24,6534,False
data/raw/tago_stops_nearby/2026-09-03/grid_c81c785253877bdc661ba8d736adb31d912181792d715142a0c3e086a14b96c3.json,8f62bdc1c6a8cb860625099bc9a603a7e822db6c976c7110e8247bf97bed9f77,8f62bdc1c6a8cb860625099bc9a603a7e822db6c976c7110e8247bf97bed9f77,2935,False
data/raw/tago_stops_nearby/2026-09-03/grid_c87c18a2bb79d0d49db5767907b50f32c7b97618b1220b4fcf19bb0dfa54555b.json,7c0ba112f0350b14d1c5a756912af5974ca6879ccd30fd7d8b8f4cf21f23c792,7c0ba112f0350b14d1c5a756912af5974ca6879ccd30fd7d8b8f4cf21f23c792,3717,False
data/raw/tago_stops_nearby/2026-09-03/grid_c8bc9c89bb55212a1bcef59bf374a5467844ff69001b12d2e529b89995a841df.json,2a773bd4eff0af3f2ed9299061927254625b9efb16a4245672fa3f334194aa00,2a773bd4eff0af3f2ed9299061927254625b9efb16a4245672fa3f334194aa00,6115,False
data/raw/tago_stops_nearby/2026-09-03/grid_c8d9395b938a56c963070482dfc6099d8a650ca54aeb47abe506a8f52fb44cb7.json,7a4a9d13afc4ccc4242ac1e055ca14280ad9602366a4eefd8b1ab20f522e3a83,7a4a9d13afc4ccc4242ac1e055ca14280ad9602366a4eefd8b1ab20f522e3a83,982,False
data/raw/tago_stops_nearby/2026-09-03/grid_c94f75ccbbebfb20d5410e7b89e591853b2578186a29a1b22c6c74791ef5fc4a.json,58fe60f22a8fe5ae2b9809e7a04ea3136519302873b49c1258f5fd017d74042f,58fe60f22a8fe5ae2b9809e7a04ea3136519302873b49c1258f5fd017d74042f,5572,False
data/raw/tago_stops_nearby/2026-09-03/grid_c950fcfaa6cf2cb47ca0487189b65f8172340acf5ac463bd020af56995ad7d7a.json,3f4ccde449ba70ec30b475e4c33bc796899c769434bcb9bda4ae59ac9aa648c8,3f4ccde449ba70ec30b475e4c33bc796899c769434bcb9bda4ae59ac9aa648c8,6279,False
data/raw/tago_stops_nearby/2026-09-03/grid_c9671d4071ae3af36e2932ef742a54a2ffe5c7100e26c41de390e34cf88e1618.json,befcbbfe9edb605d61d9f48b8db0289d19a26697658b26b656b825cefeed063e,befcbbfe9edb605d61d9f48b8db0289d19a26697658b26b656b825cefeed063e,227,False
data/raw/tago_stops_nearby/2026-09-03/grid_c9939aabdc7bdb1e8874c65c9582fa8399d664d22acf7bfe5e6544662ee0d603.json,ca6c48ea973c2124dd2bbab0771ec80370b32d473bbc8244ab64284472ccb8dc,ca6c48ea973c2124dd2bbab0771ec80370b32d473bbc8244ab64284472ccb8dc,462,False
data/raw/tago_stops_nearby/2026-09-03/grid_c9a312e9f8559aa908ec3cadcb976c5c74c8ec11bcdbccac91aa86aab26da0c7.json,e8c23296590a0c51221bd81a90bf5f52254f952bfc6f200af72548743438bdd7,e8c23296590a0c51221bd81a90bf5f52254f952bfc6f200af72548743438bdd7,4266,False
data/raw/tago_stops_nearby/2026-09-03/grid_c9b03545a5824883d784ed36b69579be6e137ed7a360c6962eef974251a8c548.json,ce140f956220796fbe9733f7576178c4c55a69e65bc045b6870a54517777cd85,ce140f956220796fbe9733f7576178c4c55a69e65bc045b6870a54517777cd85,2255,False
data/raw/tago_stops_nearby/2026-09-03/grid_c9da017ee6e16b93bf2495bb8e00ec53fbb395e3756dd2c87a0d3a6a8a116a12.json,4e378561eb23ec6258297e3344b6d0d6dffdfaf752c72fb21551f80d8601d69f,4e378561eb23ec6258297e3344b6d0d6dffdfaf752c72fb21551f80d8601d69f,4045,False
data/raw/tago_stops_nearby/2026-09-03/grid_c9f43abc89263d0975973defb2482700415af24233f8457f03bd6f1ceea36bc3.json,1cdfee2b44fd585b4b17798419838ea750a20613ceb0d802f92f74eec0636556,1cdfee2b44fd585b4b17798419838ea750a20613ceb0d802f92f74eec0636556,2277,False
data/raw/tago_stops_nearby/2026-09-03/grid_ca0976b27c2d5003962636fb78551e7cee1a2063841a34c3981dc74ce88d3353.json,41ab44a811e59b0d08cc00c82eeca931e3eb343745872c273a0e1af25032d3f0,41ab44a811e59b0d08cc00c82eeca931e3eb343745872c273a0e1af25032d3f0,3220,False
data/raw/tago_stops_nearby/2026-09-03/grid_ca0da7554716569384385e8b1752ac05ecd10b8753bc343426460a5644552539.json,311d9816d6fbb69421797373832d66fe37b57b554f1315b170d65a7f94e5e47c,311d9816d6fbb69421797373832d66fe37b57b554f1315b170d65a7f94e5e47c,4008,False
data/raw/tago_stops_nearby/2026-09-03/grid_ca16c4536223c41306d318e94d7bb36210a6cf8ebdaa74f6e6321e346c2a1ca0.json,3af6f05b883f9109f4958b37f9a7ef94a5dd7bd0faf1cb200d32093dcee6e023,3af6f05b883f9109f4958b37f9a7ef94a5dd7bd0faf1cb200d32093dcee6e023,3769,False
data/raw/tago_stops_nearby/2026-09-03/grid_ca1aca5445b79ebae5d00bde4db901d92bb03892c6328b4ee97cdc6cf7075f61.json,2e1e23755b8411c4707179e89d36a421ea2f0acaaee3dfa0226a35a186d94c13,2e1e23755b8411c4707179e89d36a421ea2f0acaaee3dfa0226a35a186d94c13,4168,False
data/raw/tago_stops_nearby/2026-09-03/grid_ca21bcdf9f95020fd6fc4d4655a79c31c4e60bd61bfd300ae578ba724e4aeb58.json,c89420c94ab8596a6291cc7e6af42b4649ea9f35d00f73c90e16b63e532f9071,c89420c94ab8596a6291cc7e6af42b4649ea9f35d00f73c90e16b63e532f9071,4276,False
data/raw/tago_stops_nearby/2026-09-03/grid_ca2212cae8e90181bca160f52abf5df0cc10b345184b4f01d80a5a1de5d1f864.json,dc4f6c6e70e0a779891bfadabba4b88fa7f18fe64cec860517932f6227f835c2,dc4f6c6e70e0a779891bfadabba4b88fa7f18fe64cec860517932f6227f835c2,2747,False
data/raw/tago_stops_nearby/2026-09-03/grid_ca40e987b2a8a089a124a2a9038f91f4a330306073517f9bec152b4d5fc6d175.json,b4b06e3ee210ab2eda0b9f468ea221a65d6cf88bdb8ac420df01e93b64a2fdf0,b4b06e3ee210ab2eda0b9f468ea221a65d6cf88bdb8ac420df01e93b64a2fdf0,1744,False
data/raw/tago_stops_nearby/2026-09-03/grid_ca59941948ab0254b08a9318034302aa611891aea459e8d487be02045da4dd44.json,da65be7b109798222f2bc3830d6db0e84c56f90c54df34b5031e4b0074ae9b96,da65be7b109798222f2bc3830d6db0e84c56f90c54df34b5031e4b0074ae9b96,1286,False
data/raw/tago_stops_nearby/2026-09-03/grid_ca6ad6bff75fab37dccb4c1877affdfc210b711f552e2e176940d00710103a0d.json,7f88c59903132b7181c2d799a97283c80d6165ebd2d324444cf91f42e522a19c,7f88c59903132b7181c2d799a97283c80d6165ebd2d324444cf91f42e522a19c,2241,False
data/raw/tago_stops_nearby/2026-09-03/grid_ca91c174101315ad78b0548f4f0c21cd83499b2d24e7a12be922299417549aff.json,fa1f468e053dec89f9bac9befcdfe81fb60fe40242d36b57887a63cdd986d1ea,fa1f468e053dec89f9bac9befcdfe81fb60fe40242d36b57887a63cdd986d1ea,3240,False
data/raw/tago_stops_nearby/2026-09-03/grid_ca9b4c0aac855a70069ccdd075540692fbb943f96fe908030a1db2f55f088d2c.json,b88fb7a2b10d622fdab5372b17bdc3af6b595da446f9bfeef91fcbfa161a2419,b88fb7a2b10d622fdab5372b17bdc3af6b595da446f9bfeef91fcbfa161a2419,4483,False
data/raw/tago_stops_nearby/2026-09-03/grid_caa22f160b99fb2d93433c34bd321afa4a3ead6c457d9073e3e2b7a2866e57b9.json,9fe543a5fd6a7891a204cdd5ad16c6266baa3b409ca1ac5310eaa32a58e9ac42,9fe543a5fd6a7891a204cdd5ad16c6266baa3b409ca1ac5310eaa32a58e9ac42,2681,False
data/raw/tago_stops_nearby/2026-09-03/grid_cabdb7e8d6e7aa4df1ab8de431810df15b147349539d9a6587aba30c76dd8951.json,befcbbfe9edb605d61d9f48b8db0289d19a26697658b26b656b825cefeed063e,befcbbfe9edb605d61d9f48b8db0289d19a26697658b26b656b825cefeed063e,227,False
data/raw/tago_stops_nearby/2026-09-03/grid_cac4a663b893e6fa5f04e571cb1dd93de47ef7f186f4a07e2d10bb03bd992891.json,3632000f43d610904493983ae0c77cca58d5b34819763a75d7db32eaeebf2672,3632000f43d610904493983ae0c77cca58d5b34819763a75d7db32eaeebf2672,3000,False
data/raw/tago_stops_nearby/2026-09-03/grid_cad6e798b77faa4e3209d3adba0b9eccc5318441ad195e481acdeae8734e9b71.json,a94ce0a20da3401adec1f1a705f6fd65e10c977f0dc18e010fb7c60f5f98faf9,a94ce0a20da3401adec1f1a705f6fd65e10c977f0dc18e010fb7c60f5f98faf9,1274,False
data/raw/tago_stops_nearby/2026-09-03/grid_cafd02fef6a1dc480e2f05a632c0271acdbead6d3945bac5f37c72040eab304f.json,de92c3f01de9124c60074429843e79cda7b1fb64f9c5d8fbc7fb7372f03e07a6,de92c3f01de9124c60074429843e79cda7b1fb64f9c5d8fbc7fb7372f03e07a6,2730,False
data/raw/tago_stops_nearby/2026-09-03/grid_cb0538b66949a193739cf167337a9813358df5f158c0bc9bd382cf29345bfc41.json,b0fa0eba226c26938d6f4b803237f5478aa6e0bf4a245713d63310213a80344c,b0fa0eba226c26938d6f4b803237f5478aa6e0bf4a245713d63310213a80344c,747,False
data/raw/tago_stops_nearby/2026-09-03/grid_cb2815019bab9c39f31d9085e57b9b9e90b8a6132867a6974e5e93ebd4116042.json,800293941dd1ae9a91b370b71f6c92525a8c4d49cf55430584f29e8eaf6d93e4,800293941dd1ae9a91b370b71f6c92525a8c4d49cf55430584f29e8eaf6d93e4,4207,False
data/raw/tago_stops_nearby/2026-09-03/grid_cb4b4ac62ffa8a13a54c8ebe11d873e1678843e38d0f7a88b3c583cb1a24f4e3.json,ed8f5fe9abb14a93809a4c621bb9535e238025a38ce3a208fac85da5180e6a56,ed8f5fe9abb14a93809a4c621bb9535e238025a38ce3a208fac85da5180e6a56,2164,False
data/raw/tago_stops_nearby/2026-09-03/grid_cb71cac412f8d7a2a6950a44b1619c85a1687f5a1e91fb9691b98ae32b6194a5.json,5c7dea4ae9059af49e873ed22e640f4a43992eb2f751e9d764a5081d4f48c46c,5c7dea4ae9059af49e873ed22e640f4a43992eb2f751e9d764a5081d4f48c46c,808,False
data/raw/tago_stops_nearby/2026-09-03/grid_cbcb8fd07d1d92ae4fd56dcc842ce3f741b6fc27f8b51a0c8bf495f2c33aa3b7.json,99e208e61938c4b05b5324e268ae4e731184e17dcdb4f372f0f87735d488eced,99e208e61938c4b05b5324e268ae4e731184e17dcdb4f372f0f87735d488eced,5379,False
data/raw/tago_stops_nearby/2026-09-03/grid_cc04cd23f9224dfca58755824ba8a71191c069991b1c84f63a51ed586dc2761e.json,0d413d1e965f8995fdc3fb0d9f3bd3ed26d5af8aa9d13d2ab53c8b81dac7acd6,0d413d1e965f8995fdc3fb0d9f3bd3ed26d5af8aa9d13d2ab53c8b81dac7acd6,2790,False
data/raw/tago_stops_nearby/2026-09-03/grid_cc21717212a29e8ca2460f8c72a5ecb9fb410d5e3b23b5b979ba5033025e25b6.json,9b6051419f17f42a012b396336a5f93297e3b803edbec55df00be4bb61f183fb,9b6051419f17f42a012b396336a5f93297e3b803edbec55df00be4bb61f183fb,2980,False
data/raw/tago_stops_nearby/2026-09-03/grid_cc2808bfebc7281db530627007efae646bbede91e28e3451db74032055ec9ce6.json,eb9ddff5fc0298ce1ff978058182118bd5e29961b68dc37e64b955f6faf87d9c,eb9ddff5fc0298ce1ff978058182118bd5e29961b68dc37e64b955f6faf87d9c,5861,False
data/raw/tago_stops_nearby/2026-09-03/grid_cc2d04b76ee13e509e918aa40e7fce37155a438ffb29fd97d131d24e1b0e3c8f.json,ba494704b0d7bb0f8a6e2a88878e50c64674a77236c21bfdd589e60dca5ac46a,ba494704b0d7bb0f8a6e2a88878e50c64674a77236c21bfdd589e60dca5ac46a,4893,False
data/raw/tago_stops_nearby/2026-09-03/grid_cc35651f839a4ad2ac277eeae42e03ede715e2855134179b92a39197b3f945cb.json,be36e8d534d05d64b1ef98a13d1ab97f46c3c8ffb149638dcdf3095787b101a3,be36e8d534d05d64b1ef98a13d1ab97f46c3c8ffb149638dcdf3095787b101a3,3300,False
data/raw/tago_stops_nearby/2026-09-03/grid_cc3d2290d79b4c6545a65714d2d0e5a91f03cbad91f79bee522ccc46dffadab9.json,befcbbfe9edb605d61d9f48b8db0289d19a26697658b26b656b825cefeed063e,befcbbfe9edb605d61d9f48b8db0289d19a26697658b26b656b825cefeed063e,227,False
data/raw/tago_stops_nearby/2026-09-03/grid_cc46099cefd709776e2a5928650c51b0a4443a10d5328641976e9b21cf90f153.json,c5b2610470b429b96ba622114fd55a41b1f68079725ae9c8f1f95da848ce14e7,c5b2610470b429b96ba622114fd55a41b1f68079725ae9c8f1f95da848ce14e7,4136,False
data/raw/tago_stops_nearby/2026-09-03/grid_cc6ab3d15f9f0fc64c7f4142ec2be100cf007d90ad58ea001b5541509aaa8f14.json,e17614c60c4f7a8625b6e515ab33c35e66b26b62a8be7c52301ff63ed498d2e7,e17614c60c4f7a8625b6e515ab33c35e66b26b62a8be7c52301ff63ed498d2e7,4970,False
data/raw/tago_stops_nearby/2026-09-03/grid_cc71a91a9f1ee865cc95c09057a1186c1a7612334e3774dd251f98fb83714d24.json,2a0658afecb9f809d32d7df2461092e73cfc810718d8769ecc7157c12a8f92e3,2a0658afecb9f809d32d7df2461092e73cfc810718d8769ecc7157c12a8f92e3,5156,False
data/raw/tago_stops_nearby/2026-09-03/grid_cc79ea8fb6751de62597d558b4ba525deb9ece57b45a34f8f7b06074b35b8ee7.json,18aba246d537a69c10098d3ac682ce716850503ab0524fe3259966f6399b2bc5,18aba246d537a69c10098d3ac682ce716850503ab0524fe3259966f6399b2bc5,6404,False
data/raw/tago_stops_nearby/2026-09-03/grid_cc83bb054a97fc12e82df314075bf60b2c41b92ec70aa449c74f8e55fd223a16.json,80103e112a16d873f59f5a271a8e5e0ce328740959721aab28dc0360ccb20389,80103e112a16d873f59f5a271a8e5e0ce328740959721aab28dc0360ccb20389,1676,False
data/raw/tago_stops_nearby/2026-09-03/grid_cc903818c28a7ff284b9059e7d4776637077f2bd716785d88a171942274c73ec.json,d3953841e3c9215a19a06926b7508a97744896f7443e45a139144df3fe67c0e8,d3953841e3c9215a19a06926b7508a97744896f7443e45a139144df3fe67c0e8,1513,False
data/raw/tago_stops_nearby/2026-09-03/grid_cc96e8438100a0f86a1d645a04137617d4838ed5800d24ab46a918aef8243032.json,0e4cb943d4c2607b80771edde827417c28e6ba4d28e83fa819520fcaa2b3aac1,0e4cb943d4c2607b80771edde827417c28e6ba4d28e83fa819520fcaa2b3aac1,1811,False
data/raw/tago_stops_nearby/2026-09-03/grid_cc9d417f5a5978c0b1a19439355bb762f17c26dcf08597b11f1cf20030dc2a81.json,1405dbab7858bb5e305943344724d2e43687845c28c0f925c06c87ba8e5e9e56,1405dbab7858bb5e305943344724d2e43687845c28c0f925c06c87ba8e5e9e56,6270,False
data/raw/tago_stops_nearby/2026-09-03/grid_cca1efed3cddaeb665da3fbd540bbde930e01da3a1d5eb83118c6c399f82533e.json,5152d12cb45234af064cd924178284b98f6a46cbc2591024b0c79b351daa0131,5152d12cb45234af064cd924178284b98f6a46cbc2591024b0c79b351daa0131,1754,False
data/raw/tago_stops_nearby/2026-09-03/grid_cccb9181befe6c900c59925fdfdaae2396801e9998bad69349f693533b078939.json,0a5786635c0fbdb5ab77d9688f23327fd8726c4daca22a204c2e7b5834ea9c3d,0a5786635c0fbdb5ab77d9688f23327fd8726c4daca22a204c2e7b5834ea9c3d,1712,False
data/raw/tago_stops_nearby/2026-09-03/grid_ccfeb70f0035f3dd3ea53360dfbe093ff3c6adfe16324966b18977c83b5c8f0b.json,a9d66d90f40c6d6c93476b71bdb128cad5a0b9848a70654787f2ff5e0739e820,a9d66d90f40c6d6c93476b71bdb128cad5a0b9848a70654787f2ff5e0739e820,3300,False
data/raw/tago_stops_nearby/2026-09-03/grid_cd028b29f1811e2500501c21f37f08334890eaa6ab91fbb6a8f84d112d70f1d2.json,54d6e3111ce9a5d62c1916c1be1e42d94e826c89dff8d9cf43f9d09c233ea308,54d6e3111ce9a5d62c1916c1be1e42d94e826c89dff8d9cf43f9d09c233ea308,4524,False
data/raw/tago_stops_nearby/2026-09-03/grid_cd0d00613356dbf61003ab419857c2b27f95e0ee711ff7a42b70e71166bf5c61.json,b1ab16cbad48eaeed8e00f9b906307897be7661823d5352f5b72f48957d7d815,b1ab16cbad48eaeed8e00f9b906307897be7661823d5352f5b72f48957d7d815,4241,False
data/raw/tago_stops_nearby/2026-09-03/grid_cd57c4b710135fef8e86f4f4b41c7491dff5ab013e35fdd1b45604d924fc4019.json,8bf4f27043b815e8a726107e3076c35936cd2e1e40ec28d68cc9c3f960f439a1,8bf4f27043b815e8a726107e3076c35936cd2e1e40ec28d68cc9c3f960f439a1,5174,False
data/raw/tago_stops_nearby/2026-09-03/grid_cd59bf41003e26948db0d73f436a9b5b74dc0a02c87d473d330348da98d72c5f.json,5ec2a5cc063d0149e0d6f5cdabc696a9387ed4220b5eaf4abdb5b9f4012bb87b,5ec2a5cc063d0149e0d6f5cdabc696a9387ed4220b5eaf4abdb5b9f4012bb87b,2294,False
data/raw/tago_stops_nearby/2026-09-03/grid_cd63f4cdeecde81d06dd28327a5577ae7e5eeffbc9767717786957c8125b8f9f.json,f9d292e4160c9faf006fffc9f5bf181a6735253ebc3cb82b6b3fa3c5f59e002b,f9d292e4160c9faf006fffc9f5bf181a6735253ebc3cb82b6b3fa3c5f59e002b,753,False
data/raw/tago_stops_nearby/2026-09-03/grid_cd89329a747e566e2cdf6dcdbc109e5f653648d49d97f91b6919a68405133b5d.json,24e67ca230c610434fd21345cd1c493c36a7c0d145a0353a18792b1a663f5dbb,24e67ca230c610434fd21345cd1c493c36a7c0d145a0353a18792b1a663f5dbb,4506,False
data/raw/tago_stops_nearby/2026-09-03/grid_cdf524529c5d5501f7de705b1e80d1364f4d6471eb9a3bf20cf28d5dab258413.json,5d6c63a7ef530d07a6da34d9ea40eb45cd2268ba411f4651412948d8e6a4ebd6,5d6c63a7ef530d07a6da34d9ea40eb45cd2268ba411f4651412948d8e6a4ebd6,2468,False
data/raw/tago_stops_nearby/2026-09-03/grid_cdf972cafcf95d68da39c395a9089759789d8e05421875b548a46b614e8fc15b.json,5448509402972ed0b57e515b15a9095540dea297d92101ace67f5bf8f6c52bee,5448509402972ed0b57e515b15a9095540dea297d92101ace67f5bf8f6c52bee,5796,False
data/raw/tago_stops_nearby/2026-09-03/grid_ce1246163c16f108f93f9a4f72c9e0286c3c5079a340aa57efcd99edc0c3891d.json,d68bf8bd9588d9045c60064651b3cb285102f9252fc2b789ee1ce71da9b84d44,d68bf8bd9588d9045c60064651b3cb285102f9252fc2b789ee1ce71da9b84d44,6208,False
data/raw/tago_stops_nearby/2026-09-03/grid_ce3c70a4901cb5b3b3bf90b8b4df64544172466a0508d7607d8173e6d5dbde88.json,532201b9c3ab963684cebcc66111f868d19d2a683f95e1b0a6564f910e7547ae,532201b9c3ab963684cebcc66111f868d19d2a683f95e1b0a6564f910e7547ae,7290,False
data/raw/tago_stops_nearby/2026-09-03/grid_ce4dc6d84ea2cc44fe41b0d7af516097b08937e9847cbac88a66293bcc82464d.json,3c6225a20fbbd77dc3f90622cd21d52b941074b1922bcf7d5b596867f299a32c,3c6225a20fbbd77dc3f90622cd21d52b941074b1922bcf7d5b596867f299a32c,4684,False
data/raw/tago_stops_nearby/2026-09-03/grid_ce51768260570303315efa829a1c3ea81b49e1bb51948d7cb30600dcc2fc8f17.json,6133c3bf04f61d697431d31942d5dbd9ff36372c8e8593bcf76dce31df01a1db,6133c3bf04f61d697431d31942d5dbd9ff36372c8e8593bcf76dce31df01a1db,3994,False
data/raw/tago_stops_nearby/2026-09-03/grid_ce83624f74bacd75e5e6b3dcb067f3e07abd2b05a2676ef8578858bebbd41dab.json,22e79390c01dd24c608e3e9709da72dd7a2b66b5a3b51451e2866564519f2300,22e79390c01dd24c608e3e9709da72dd7a2b66b5a3b51451e2866564519f2300,4260,False
data/raw/tago_stops_nearby/2026-09-03/grid_ce89ac4da6b4208b30f034a0ec052df6d76a0cd2469d5409cb368ed684f38513.json,d41e783b32b67d35404612656a227658fbe0cc7f25254ab4b5fd10924b45c4f6,d41e783b32b67d35404612656a227658fbe0cc7f25254ab4b5fd10924b45c4f6,5895,False
data/raw/tago_stops_nearby/2026-09-03/grid_cebc1aaa49a87b6e312dd16bd276d0a26362a359ffb18bd258639a7e0a7bc067.json,baa7f8976c39b16395c35fe1b376d26f7342af5acd4d1942006e11fc43fb5019,baa7f8976c39b16395c35fe1b376d26f7342af5acd4d1942006e11fc43fb5019,4490,False
data/raw/tago_stops_nearby/2026-09-03/grid_cec352b15eb34def6cd31d17bc2e924dfe2ba628bbfebab92bf732a3f3bedb84.json,2875f81b653e4b58090a6415513e8183e004dce7f9351b5bf6e842d8871f07ae,2875f81b653e4b58090a6415513e8183e004dce7f9351b5bf6e842d8871f07ae,2313,False
data/raw/tago_stops_nearby/2026-09-03/grid_cf126c81897b72cacfb602404cd0f558d3acf8386b83b63a6daaa805db744815.json,befcbbfe9edb605d61d9f48b8db0289d19a26697658b26b656b825cefeed063e,befcbbfe9edb605d61d9f48b8db0289d19a26697658b26b656b825cefeed063e,227,False
data/raw/tago_stops_nearby/2026-09-03/grid_cf3370bf90af201b256ae563676080db7accbaf1b3f81a7f7d0c704f332fc181.json,93f2085f1e299f748b8b3c82420144b1aee20fa57562ace90dc19aa7d97b9a82,93f2085f1e299f748b8b3c82420144b1aee20fa57562ace90dc19aa7d97b9a82,2823,False
data/raw/tago_stops_nearby/2026-09-03/grid_cf50ea7e899c25dbe78be704d403abbf4ebfd75c0d181dfaaac9e47c919298de.json,e9ca25c2e04dcce90525e1abbf7e01f53bab988444f632630abba30f39666eba,e9ca25c2e04dcce90525e1abbf7e01f53bab988444f632630abba30f39666eba,5885,False
data/raw/tago_stops_nearby/2026-09-03/grid_cf84503927848af2b9bad4eaa79e47bd2ce76e54b7a2a4eddc0758d4bb82e307.json,20371a8b1e01b66d789d8ad476d0e6b2179121076662af9798e12e914f6da955,20371a8b1e01b66d789d8ad476d0e6b2179121076662af9798e12e914f6da955,2573,False
data/raw/tago_stops_nearby/2026-09-03/grid_cf8a8f9691871b6e2bee24d4b3711f6169dbaf5fe67881cf7af6fd2314cbc8ad.json,befcbbfe9edb605d61d9f48b8db0289d19a26697658b26b656b825cefeed063e,befcbbfe9edb605d61d9f48b8db0289d19a26697658b26b656b825cefeed063e,227,False
data/raw/tago_stops_nearby/2026-09-03/grid_cfb064925c4c2bb4950a4d5ece13176cba086e42b21543bc1d3a2cd0b1e7c7cb.json,60ee3004bac070331ef326964c10f60ba9e47e4e2e8bf26a1e1f92979603561f,60ee3004bac070331ef326964c10f60ba9e47e4e2e8bf26a1e1f92979603561f,3827,False
data/raw/tago_stops_nearby/2026-09-03/grid_cfb7d5bc31109387b3e227d7c2957be91f18edd3cc3ca72c6ba5ad28f293af60.json,fe1d02b3cc5066d9b207916692a714976a734178b56394fbde52feb303f9222b,fe1d02b3cc5066d9b207916692a714976a734178b56394fbde52feb303f9222b,6174,False
data/raw/tago_stops_nearby/2026-09-03/grid_cfc68c25e441ca527bf2e1b6ba903032eff5e8d4f71be9c7b6544bafb4f345aa.json,3c93e371c12e5c61cc2a396e29782a984d98e96979d6b357d30954dc3c62dec2,3c93e371c12e5c61cc2a396e29782a984d98e96979d6b357d30954dc3c62dec2,5846,False
data/raw/tago_stops_nearby/2026-09-03/grid_cff2e3621d2946533a044f3c894e46415ec17218b9df20274189374450330084.json,cc6f50587e41179973846d2bf3da76647f66803c1507a67c628e946d6f5d5faa,cc6f50587e41179973846d2bf3da76647f66803c1507a67c628e946d6f5d5faa,6710,False
data/raw/tago_stops_nearby/2026-09-03/grid_d01a4e1c3d739ff37fafa83a7f9382c8eb1acea160508b01eeec4cabbcd6efad.json,a70e02091a519af62596532e4cd5cf90d5267d24942e7705ef13bcaa4a9a8815,a70e02091a519af62596532e4cd5cf90d5267d24942e7705ef13bcaa4a9a8815,2480,False
data/raw/tago_stops_nearby/2026-09-03/grid_d0620b04e898d76bb789afd3a109ffe26f3d689ba7868738b9ea70ed0679b186.json,af3fff9593e0e4c3634e3362d7031f231a6555c57d14892d0dcc53d2b3395a60,af3fff9593e0e4c3634e3362d7031f231a6555c57d14892d0dcc53d2b3395a60,5406,False
data/raw/tago_stops_nearby/2026-09-03/grid_d0b48f49ed4890f861b571b9e9e2dbf7885788e2f0eaf70e95a4f1812ee6a3c7.json,484cd3778bcd9ec5ad1bef84fe6989f82097916b62987fe3104c3fc53f9c911b,484cd3778bcd9ec5ad1bef84fe6989f82097916b62987fe3104c3fc53f9c911b,4277,False
data/raw/tago_stops_nearby/2026-09-03/grid_d0c96599ad4a4436c11b88ee8532deb7ac8cbec20ae1cfb9a3fa04c26c508dc4.json,b41aabd16581ef23e2c33bbe22a0502f7cf7d89970b70e12a59b131ffabdaab0,b41aabd16581ef23e2c33bbe22a0502f7cf7d89970b70e12a59b131ffabdaab0,3843,False
data/raw/tago_stops_nearby/2026-09-03/grid_d0efcba94596f91e269094df4400b4810d645a906c6d5bd1b8e07550c0b44d87.json,950d1253d9dd9eb4cb846450f69897db57546db0b999a9ce85d272210c7a973d,950d1253d9dd9eb4cb846450f69897db57546db0b999a9ce85d272210c7a973d,2955,False
data/raw/tago_stops_nearby/2026-09-03/grid_d1139d3790990deae5bd936b6752d1543390b4506cf2350c3e2c61b7e2f25677.json,3423d6b7d62a2c14e022d59abb30ecebb67bb6623350c72c3319e657fb5753c2,3423d6b7d62a2c14e022d59abb30ecebb67bb6623350c72c3319e657fb5753c2,4483,False
data/raw/tago_stops_nearby/2026-09-03/grid_d118bc803b4bfc1c4737aae5f5411724703feb62871a214a00307058d2c0c229.json,2514ad82447a4b3c7710c30fa228685d6aa1733fb5750fc73807c4ac4f3d4b5f,2514ad82447a4b3c7710c30fa228685d6aa1733fb5750fc73807c4ac4f3d4b5f,3937,False
data/raw/tago_stops_nearby/2026-09-03/grid_d12b3e37c933993375c4be49d2b03247ff784deaa6ce8d18ad5db335c444d2dd.json,3714e54383a96c29826e47994978b1ef35ea3aa314789739e79c663fb04feee2,3714e54383a96c29826e47994978b1ef35ea3aa314789739e79c663fb04feee2,512,False
data/raw/tago_stops_nearby/2026-09-03/grid_d14d9e163eb6a498261876f7460ea332bd526c306a47c6db45c1046895e2e2da.json,b5a93e99a4d666e6dd55342b9dba23317134d0763d9b548b0198d8140caa16b0,b5a93e99a4d666e6dd55342b9dba23317134d0763d9b548b0198d8140caa16b0,3752,False
data/raw/tago_stops_nearby/2026-09-03/grid_d157332f61bf7e0c28b071ee1f9501d3e93213effd80ac998fa5d09795c5d6e5.json,1ffca91e4506d6f67cdacd8c6e845abefff8fa341d71997484883cc8d0c8f263,1ffca91e4506d6f67cdacd8c6e845abefff8fa341d71997484883cc8d0c8f263,4373,False
data/raw/tago_stops_nearby/2026-09-03/grid_d1af404f888f7c34ef80233930fd8d76cb0ea9e3ee2460c97bdbe42059025324.json,98a468e8c649b0ecc90ecb9ec1e9483f69a316c89bf591f82720c0f81053b7e7,98a468e8c649b0ecc90ecb9ec1e9483f69a316c89bf591f82720c0f81053b7e7,1218,False
data/raw/tago_stops_nearby/2026-09-03/grid_d1ca865b035bc54d662b340c2f675c689f6462a3692ffeb100aad6039645c581.json,b4956e37e6f06b836186c36c310b6df67f28f45a582d58c68d033ecc922adcc3,b4956e37e6f06b836186c36c310b6df67f28f45a582d58c68d033ecc922adcc3,5419,False
data/raw/tago_stops_nearby/2026-09-03/grid_d1d6ad876b2159c9a23fc376c521c260492396b3681b7aebc69872c7cf350633.json,53a5840161c75f7dd7c44b1505b450f49404462173c50b6601a1b93f72c71ee8,53a5840161c75f7dd7c44b1505b450f49404462173c50b6601a1b93f72c71ee8,1983,False
data/raw/tago_stops_nearby/2026-09-03/grid_d1d7a214239e15f06079d55218bcc2a38174c52461300a42631a51793debd1a4.json,842cdeb21d77d733242317a87470d3a9ed22de868c4cc652f9bb56d1de3756e8,842cdeb21d77d733242317a87470d3a9ed22de868c4cc652f9bb56d1de3756e8,8344,False
data/raw/tago_stops_nearby/2026-09-03/grid_d1d9b8a7b297a4ed4b3db7bec07c160507754f4c71847bccb18baaadaa664b1b.json,acfd907dcf210ec4b160a8fc348b0159a0a68f6d36aa826587b8802d218cd3d7,acfd907dcf210ec4b160a8fc348b0159a0a68f6d36aa826587b8802d218cd3d7,1492,False
data/raw/tago_stops_nearby/2026-09-03/grid_d21762ca12f193b570f9de71d901f437948cc6372f9801cc7993985d251e704b.json,393b1bcc44bcedae695cf425250b403a9c6d8cfd512aadcba86fd1692a4a9a7f,393b1bcc44bcedae695cf425250b403a9c6d8cfd512aadcba86fd1692a4a9a7f,2437,False
data/raw/tago_stops_nearby/2026-09-03/grid_d218fecb7ab443dd8efcbf88779d3989ec7eca7b1c87c01eab36ee9fb8706298.json,e63a71ae5b3364e7d830ae36f56cee5e530f8db0e30c0c90bb7d60fc29aaceb3,e63a71ae5b3364e7d830ae36f56cee5e530f8db0e30c0c90bb7d60fc29aaceb3,3218,False
data/raw/tago_stops_nearby/2026-09-03/grid_d2570a3fc13d1d1e4f3769bb51269ca8bda607dbda85b060307e4b381a45ee74.json,c127ba8a63288fd24b86470171e041720137b99c341094a49c45f752e8d8ffdf,c127ba8a63288fd24b86470171e041720137b99c341094a49c45f752e8d8ffdf,2968,False
data/raw/tago_stops_nearby/2026-09-03/grid_d25ab973283343cb894326b357953331438670cefa3f3d864dbf4d51f1760860.json,2d3eea7526d62cff799afbe9ebfb42b1973b8216cb76dfc6ada1b5438761a5c9,2d3eea7526d62cff799afbe9ebfb42b1973b8216cb76dfc6ada1b5438761a5c9,2506,False
data/raw/tago_stops_nearby/2026-09-03/grid_d2713e69c46f3a4a1c56b10ed21457a8f1d4da86997a32c615ec888467fc989b.json,8396b5fb1b43213113b15e62a3bb57731a74668d3ad8b1cb967e28567ef586c3,8396b5fb1b43213113b15e62a3bb57731a74668d3ad8b1cb967e28567ef586c3,2778,False
data/raw/tago_stops_nearby/2026-09-03/grid_d271a81c850dacc3577e8a9bb626f34e02d11dd706e3310fdda59a8ef6db4069.json,73c97dbe8accb257eae140d389545b483df46ee82820742c89e88a38c036039f,73c97dbe8accb257eae140d389545b483df46ee82820742c89e88a38c036039f,7084,False
data/raw/tago_stops_nearby/2026-09-03/grid_d2740cf3e5f528ca957d8626bbadd82842cec5df66d745021fe525e5533388da.json,c6d00a9b4838a09e16b2e9c09051e0d4e90d04e493bfc08b11aaa1255f51f9c7,c6d00a9b4838a09e16b2e9c09051e0d4e90d04e493bfc08b11aaa1255f51f9c7,2462,False
data/raw/tago_stops_nearby/2026-09-03/grid_d27bc69be11fd8755f12fe518adbd5d4064f7814d3954f44ee34faff98445d32.json,37978d8cef2270b8e5926d46883ed813d8d9ad504924fdc4d2fbe77311ee2c30,37978d8cef2270b8e5926d46883ed813d8d9ad504924fdc4d2fbe77311ee2c30,4333,False
data/raw/tago_stops_nearby/2026-09-03/grid_d2850287dc85edfd42e76bdbac17aaeecec6102d5be93b9de212db43c26a4821.json,661da4456593f282d01aed3d4749abda1a74caf471de27db90c26918cf4cf550,661da4456593f282d01aed3d4749abda1a74caf471de27db90c26918cf4cf550,1502,False
data/raw/tago_stops_nearby/2026-09-03/grid_d289446ea5916f6a7247a29cfbf610aed3740d4ce20d074a7e70b9056b493feb.json,7ac2ef87b94561bde1b8a4e23e240a1b6e93fe28efaaad04bb97007d4bf19bc8,7ac2ef87b94561bde1b8a4e23e240a1b6e93fe28efaaad04bb97007d4bf19bc8,1454,False
data/raw/tago_stops_nearby/2026-09-03/grid_d2964d56f5867a40f192a192be194c4e22913b1e05e9557108bd0ab34922bc9e.json,128c3f93d45cba8a9a917c7dbd558654aa408e3abc68e4ae80fd934df7609f9c,128c3f93d45cba8a9a917c7dbd558654aa408e3abc68e4ae80fd934df7609f9c,2699,False
data/raw/tago_stops_nearby/2026-09-03/grid_d2e6f0474b807456e1f26eaa7814f7d5c604bfcec3b6ce2d5bf133542c23630b.json,6c14ece36e34b22f80f7fa17a25343c9a42f6c4792f51f1a0ed66aa01147c8e0,6c14ece36e34b22f80f7fa17a25343c9a42f6c4792f51f1a0ed66aa01147c8e0,1226,False
data/raw/tago_stops_nearby/2026-09-03/grid_d316247fc3e8e528e8a85db67c951e84c0036fc6ea782a56de70a57b6c116eec.json,883aaecdf59ef958f6bc353465323cd31a3772710b36342d70ba848031c8f58b,883aaecdf59ef958f6bc353465323cd31a3772710b36342d70ba848031c8f58b,6046,False
data/raw/tago_stops_nearby/2026-09-03/grid_d32627d299b1d5f146501bc52470ff2ec5594df27386120ca8a2dedc7be7f6aa.json,fb43bcf0c6f6f1f51832c83134a4b3aa100a1a064e1d990365b391ee2a2b2b29,fb43bcf0c6f6f1f51832c83134a4b3aa100a1a064e1d990365b391ee2a2b2b29,1705,False
data/raw/tago_stops_nearby/2026-09-03/grid_d328f784cde5348ed57dfd06c8ba31d1f8294508a11ac31eef70d5a2b3aebcb7.json,403cad84690b765aca845a16d76f7a8ffc18f49afa14af858a6cdaa22c7292b8,403cad84690b765aca845a16d76f7a8ffc18f49afa14af858a6cdaa22c7292b8,1971,False
data/raw/tago_stops_nearby/2026-09-03/grid_d360af5e729a7ce54ead4daa917644c4c6bb1d5894900bb8e90bcee8e9df14cd.json,396e0c7778e16783255e9c0f31ea6ba1a9002f988edb127945a3da1b0a2eacb6,396e0c7778e16783255e9c0f31ea6ba1a9002f988edb127945a3da1b0a2eacb6,3449,False
data/raw/tago_stops_nearby/2026-09-03/grid_d367f2e941d23a1acabd2a5a39ab5ace7a1d600520eb1ddb35bf13efbbcaea72.json,37c0304838f37a60080cbac1e8f31b54e17c843441c61796d05431227711f537,37c0304838f37a60080cbac1e8f31b54e17c843441c61796d05431227711f537,3172,False
data/raw/tago_stops_nearby/2026-09-03/grid_d37a00cdb2cf1242055be875be10efbc1994bbdcfaebfc6df34c7ffed70d8520.json,c006da88656498b042e1af3850461a007f1181f083242c23eb1707368377334f,c006da88656498b042e1af3850461a007f1181f083242c23eb1707368377334f,752,False
data/raw/tago_stops_nearby/2026-09-03/grid_d399d684179acba1e95f73e7612c231c6383f48f86714add5583c9cec25384d1.json,befcbbfe9edb605d61d9f48b8db0289d19a26697658b26b656b825cefeed063e,befcbbfe9edb605d61d9f48b8db0289d19a26697658b26b656b825cefeed063e,227,False
data/raw/tago_stops_nearby/2026-09-03/grid_d3a7a17ac415a01e4b2951a9ea0df13dc0c8f331274ea2d5332ab37caf1c8f0d.json,befcbbfe9edb605d61d9f48b8db0289d19a26697658b26b656b825cefeed063e,befcbbfe9edb605d61d9f48b8db0289d19a26697658b26b656b825cefeed063e,227,False
data/raw/tago_stops_nearby/2026-09-03/grid_d3e2c3a07a479ea0e415935e9b45e9e8122a54b62e1cc086ce302bebb66b3f6c.json,b3d2e589eb091e206b204ee549c302abf0bdfab1e40f8058ac7f983a7eb90fcf,b3d2e589eb091e206b204ee549c302abf0bdfab1e40f8058ac7f983a7eb90fcf,4454,False
data/raw/tago_stops_nearby/2026-09-03/grid_d3f5a4767cf6fc677da1c856c4af10541c3558ae05dcf36bc40deabcc480f35a.json,7996e887a2b6835af07e8d8d4d6019e94c11c37dfceeb32240491fbd214f7d53,7996e887a2b6835af07e8d8d4d6019e94c11c37dfceeb32240491fbd214f7d53,1219,False
data/raw/tago_stops_nearby/2026-09-03/grid_d46b412c7041a609d079c095b39fad9943e084df31d8105a19f349eb615081ab.json,415e1f61233aa094996cd8ad6910507001412aa0da7867e76eaeac59be588b5f,415e1f61233aa094996cd8ad6910507001412aa0da7867e76eaeac59be588b5f,2736,False
data/raw/tago_stops_nearby/2026-09-03/grid_d4b2a1927704b891d43365214aa019ff0eddc577ff03b8db69b139abae8c87c2.json,f07bb2bef0cae76baf2b7c47e00f1404046fa30d4b0421309354ddb67ff3ad70,f07bb2bef0cae76baf2b7c47e00f1404046fa30d4b0421309354ddb67ff3ad70,4777,False
data/raw/tago_stops_nearby/2026-09-03/grid_d4b776a04a5299446c0d3836f1fc7ea4c9f81c4c737b92a6637be24147fccfc2.json,d4f056eac9d1ffd9a4ef5904a53a23049d836a4a83f98048113128e4014c958f,d4f056eac9d1ffd9a4ef5904a53a23049d836a4a83f98048113128e4014c958f,5773,False
data/raw/tago_stops_nearby/2026-09-03/grid_d4c5f3973bff27150cdc1be046636a67178f80d36c6e92cab1c591ab746a26b3.json,59bd34351aba70c38f12989cd5bea625f9a4c5de26da65ed7cf0332b4d577841,59bd34351aba70c38f12989cd5bea625f9a4c5de26da65ed7cf0332b4d577841,7249,False
data/raw/tago_stops_nearby/2026-09-03/grid_d4d59636981d90676bafcb7c41e0df59afab8b33504a4a34686d9cdf070fc548.json,befcbbfe9edb605d61d9f48b8db0289d19a26697658b26b656b825cefeed063e,befcbbfe9edb605d61d9f48b8db0289d19a26697658b26b656b825cefeed063e,227,False
data/raw/tago_stops_nearby/2026-09-03/grid_d4ddfe3574048e88437586e01a19bd6429aeb61e3c620ee732ad1263f57807e3.json,63411dad27849dbe46ceb1eb6bfcd1ca65c8b3db22c9c86a86796aee0aad60a0,63411dad27849dbe46ceb1eb6bfcd1ca65c8b3db22c9c86a86796aee0aad60a0,1961,False
data/raw/tago_stops_nearby/2026-09-03/grid_d4eb1968b1a7acf85c7b517f4d0a7268b3bbe5ba7f3bcf28fb1d81ba1ff4c67c.json,8f579cdd182e21ee09c3dcb34c9b623c3efe46d0659781bd802e92b3ddca4f35,8f579cdd182e21ee09c3dcb34c9b623c3efe46d0659781bd802e92b3ddca4f35,1238,False
data/raw/tago_stops_nearby/2026-09-03/grid_d51c1d155ef4a4bc0b6ef04ffbd470737baa124ae0dd42c7910d8558cd0dad8a.json,8612ca9877fa697930dce66452fd488ad52aad7237c40f2838c5a239fe7df43f,8612ca9877fa697930dce66452fd488ad52aad7237c40f2838c5a239fe7df43f,3222,False
data/raw/tago_stops_nearby/2026-09-03/grid_d536ac9abb2abf956678dd8225a71809e1f17c3aeb859be5e9afd0f2cf616a52.json,9ea8958a7ab553a828fbac69021476eff54f1db9367dde011d1b03a5d2821c1e,9ea8958a7ab553a828fbac69021476eff54f1db9367dde011d1b03a5d2821c1e,3954,False
data/raw/tago_stops_nearby/2026-09-03/grid_d5460cc7fea6d4b61d9ecafb9f2f14a301a285be786880924e7be5d5eb032f98.json,ea40736c45c1b64b4d5478ba557b1381195f22cc98185490fa76e3078b9c76f8,ea40736c45c1b64b4d5478ba557b1381195f22cc98185490fa76e3078b9c76f8,3618,False
data/raw/tago_stops_nearby/2026-09-03/grid_d552e3a4d746c41ee7014ef1c12d62591c8cfba21550b79c2271c2e32597df7a.json,3cc42ba3a5da705e030d4d648458d20549fbc2c98c5be9fea86a21569ba0a765,3cc42ba3a5da705e030d4d648458d20549fbc2c98c5be9fea86a21569ba0a765,742,False
data/raw/tago_stops_nearby/2026-09-03/grid_d5817ef3cd19a4234768da1c4b52e802ed01519ac8c158cfc2c70dc6a32d2b75.json,2d5b2eda25b90010cfbc36b4ec4bd6e7277c72b42877ec8b0278e5ace612d2d1,2d5b2eda25b90010cfbc36b4ec4bd6e7277c72b42877ec8b0278e5ace612d2d1,1559,False
data/raw/tago_stops_nearby/2026-09-03/grid_d594c37bedd8d665221b12750d86ff776dd7a2f9fe09fb2bc98f698507d9ec01.json,d000e9829eb4bce732e549a37edc30e44a905c791bd2d3d88d46202fd6ab9750,d000e9829eb4bce732e549a37edc30e44a905c791bd2d3d88d46202fd6ab9750,1518,False
data/raw/tago_stops_nearby/2026-09-03/grid_d59747495040a70bf3a02263e280c9162ded6dd58f3beec4a2e431190c4eb3ea.json,bed83894374a67d0328e91ac221a243c21c272c2c8511097680deebd37d21835,bed83894374a67d0328e91ac221a243c21c272c2c8511097680deebd37d21835,2537,False
data/raw/tago_stops_nearby/2026-09-03/grid_d59b06b3c702129a42a097238357a10364cc34d779cc96605bf9f59c1d7748f6.json,dafd8887df65adf15616435bf3caab75d41816eb745b323b899e61c7c45659a7,dafd8887df65adf15616435bf3caab75d41816eb745b323b899e61c7c45659a7,1750,False
data/raw/tago_stops_nearby/2026-09-03/grid_d5d8a73044e1e665121e729b72af0a83e1e34207add1998d5656a751a87b6195.json,c6f6487dbb92be74a13f739acbe8c88cfd45ccb19a4a991221aa3541ef3d93e5,c6f6487dbb92be74a13f739acbe8c88cfd45ccb19a4a991221aa3541ef3d93e5,6140,False
data/raw/tago_stops_nearby/2026-09-03/grid_d5fdd942f932af0587a43188120ed542b0a7c9c260315be1d3a8cad9c38c3527.json,640787ae95de796b4a92db26b84ed674b9f827c63e8973d613e23d8c67bb8df2,640787ae95de796b4a92db26b84ed674b9f827c63e8973d613e23d8c67bb8df2,4158,False
data/raw/tago_stops_nearby/2026-09-03/grid_d6018303dc2e2fd003d0cb1ed930e386cba88e25326a336ce883e3bc71c4ddcb.json,befcbbfe9edb605d61d9f48b8db0289d19a26697658b26b656b825cefeed063e,befcbbfe9edb605d61d9f48b8db0289d19a26697658b26b656b825cefeed063e,227,False
data/raw/tago_stops_nearby/2026-09-03/grid_d6148939602deafc7609ccfa19e97f4ff1fb05edf30bdce927b6345856650420.json,042acf8ee9d4f2a0871843b6664568cc9a784394d9d9df1dc72f62a9d7e79343,042acf8ee9d4f2a0871843b6664568cc9a784394d9d9df1dc72f62a9d7e79343,3221,False
data/raw/tago_stops_nearby/2026-09-03/grid_d6152132510c8e139312cc6f2e7f9fed5cecb9d243da135f5b6504645d5b99d4.json,a46749c276aed0830ec7c11a4881d61a8fd657430bbf7316ccdc3e1b2d53cbc9,a46749c276aed0830ec7c11a4881d61a8fd657430bbf7316ccdc3e1b2d53cbc9,1065,False
data/raw/tago_stops_nearby/2026-09-03/grid_d665981f6dbbc3e932d910ad2273d47395fe5c44fec9b357cf4740752dd2f591.json,befcbbfe9edb605d61d9f48b8db0289d19a26697658b26b656b825cefeed063e,befcbbfe9edb605d61d9f48b8db0289d19a26697658b26b656b825cefeed063e,227,False
data/raw/tago_stops_nearby/2026-09-03/grid_d672dde2b02ea06e8bfe00efbaaa35598f0a8f41e515bceeb8f4cf096d225cb3.json,be12e520df3b6080371f525b33e5a2b65820f443391c05fc1eb03511f157c63f,be12e520df3b6080371f525b33e5a2b65820f443391c05fc1eb03511f157c63f,4040,False
data/raw/tago_stops_nearby/2026-09-03/grid_d674776b9e348b0ae277d2baa8d8a080345d5a4c2cbe9f5178839669bc09576d.json,20c97e266692bc5736e236b0f58359111f4e2933b0d23f37cdddde9b255307ad,20c97e266692bc5736e236b0f58359111f4e2933b0d23f37cdddde9b255307ad,1214,False
data/raw/tago_stops_nearby/2026-09-03/grid_d6a07df0638a4a55aeed44cbd786b5f0b0d0a37030568087dfa2aae9223d0adf.json,e7d589edcb2be0831d5f25afc1e2dc2cbe172954a7639544895a165b83593095,e7d589edcb2be0831d5f25afc1e2dc2cbe172954a7639544895a165b83593095,4890,False
data/raw/tago_stops_nearby/2026-09-03/grid_d6a5dbeae926de38acf0ac05eb4c50941e440d8993894c60ae51fc7718175d77.json,81f6ec0f4f589a54349e2430e40bf87b21ef2e9574ab51ab9f59d0798b51f707,81f6ec0f4f589a54349e2430e40bf87b21ef2e9574ab51ab9f59d0798b51f707,7556,False
data/raw/tago_stops_nearby/2026-09-03/grid_d6bd493f510b7d43b5a1f142bbb0bb2a4890a722929b0684a1010b23863b85a6.json,c3f2f6ed8d3895fcf20189b32534ab4fb98d35afee249dd27c13b97bb0a8f6fb,c3f2f6ed8d3895fcf20189b32534ab4fb98d35afee249dd27c13b97bb0a8f6fb,3331,False
data/raw/tago_stops_nearby/2026-09-03/grid_d6cdf2a0fabf97da744486e03db65cbc687d28fea1c93d8177fcf44595d137ce.json,970c020b5279e200df9214ae23af4673a918323251c4e2da1ef74756e0baf667,970c020b5279e200df9214ae23af4673a918323251c4e2da1ef74756e0baf667,1484,False
data/raw/tago_stops_nearby/2026-09-03/grid_d6e65239342d9eee24d04a636918a3b730f892c004612897b4d65cb395ce311a.json,58c99e389d247fa162480654cbdf1bc4220985c788fd0e8691b3fe981315c4df,58c99e389d247fa162480654cbdf1bc4220985c788fd0e8691b3fe981315c4df,3014,False
data/raw/tago_stops_nearby/2026-09-03/grid_d71d8637df6068990b091a4a6720db20823802c229577657ae12e07453b11c07.json,6d160a8dc5625652babb9558404a0e9421f3db07c912aa3e89ac868625986adf,6d160a8dc5625652babb9558404a0e9421f3db07c912aa3e89ac868625986adf,2432,False
data/raw/tago_stops_nearby/2026-09-03/grid_d73e76db20e495813fb1b9c936691a2f12f382318e6ca12f923999bf40226fdf.json,befcbbfe9edb605d61d9f48b8db0289d19a26697658b26b656b825cefeed063e,befcbbfe9edb605d61d9f48b8db0289d19a26697658b26b656b825cefeed063e,227,False
data/raw/tago_stops_nearby/2026-09-03/grid_d7632bca79b4cf9faed0c72c5f374a2f13485afe01228a89a31481854ac7347c.json,b8a57972701ad375c74e476eb01aef9133144064e833c05430a0f6f3cfe79c68,b8a57972701ad375c74e476eb01aef9133144064e833c05430a0f6f3cfe79c68,3906,False
data/raw/tago_stops_nearby/2026-09-03/grid_d7a1c87fe75ad2e2d76683588378ac3e0e37f37e4307d8661d4642902b505bdc.json,e30b5664c6d3bf895bcaae258f8016e67d9c34b480d7ab93ca69f73959d9b549,e30b5664c6d3bf895bcaae258f8016e67d9c34b480d7ab93ca69f73959d9b549,5332,False
data/raw/tago_stops_nearby/2026-09-03/grid_d7a603ca6b78c983a30c75de65097fa16ef3f103f3c9063bbe994fd53dcec357.json,7f4fea5db8cfdcfb9f84ef6e6429c9401d03c31771bdebd3bacb3456d3284408,7f4fea5db8cfdcfb9f84ef6e6429c9401d03c31771bdebd3bacb3456d3284408,1046,False
data/raw/tago_stops_nearby/2026-09-03/grid_d7a8c3b8214638769d91e9bd2dcbc87f27d03c04ff0d09436bab2f9f72f813f0.json,b724d14e956f14f252153086dfe8e05f82f88333da3f73b46de129c074f3cb53,b724d14e956f14f252153086dfe8e05f82f88333da3f73b46de129c074f3cb53,3706,False
data/raw/tago_stops_nearby/2026-09-03/grid_d7e08596dd9675dcd8f7bfe3d9e56dcbc1c2e8d5c965349c6557b2bf481c4082.json,5e01bbd518d686d229a971d76c32d1858761a94f5b4bb79834fa7a16b9cb3724,5e01bbd518d686d229a971d76c32d1858761a94f5b4bb79834fa7a16b9cb3724,2773,False
data/raw/tago_stops_nearby/2026-09-03/grid_d7f1fa322000f6763e85a25a131ab1744d397de632f4566ecd8577b7c77fa48b.json,c0d09ffc63470a9fdd2530ebdf60179009cab1df16954d77d1a0f9c37eeffee6,c0d09ffc63470a9fdd2530ebdf60179009cab1df16954d77d1a0f9c37eeffee6,3424,False
data/raw/tago_stops_nearby/2026-09-03/grid_d83090d80f7b04a6c7dc859d3f4593c00280834e45cb39852556697249c94929.json,1ece80ab2e095865fdcb2b9063d6b4dfa679888a9ff3e4bef9e5a69ea40a1688,1ece80ab2e095865fdcb2b9063d6b4dfa679888a9ff3e4bef9e5a69ea40a1688,3534,False
data/raw/tago_stops_nearby/2026-09-03/grid_d8319f132d2efedcc891434b7b174d7ad7ef420fb31c30f5a87fce18e2e9c6ce.json,1fada79be8d7d9126affa13cc02a354dbfc5dbc52f320e33d9d6ec0ad6a0f477,1fada79be8d7d9126affa13cc02a354dbfc5dbc52f320e33d9d6ec0ad6a0f477,3563,False
data/raw/tago_stops_nearby/2026-09-03/grid_d8566216b5195c7641cf4812fb015c021b003ec48ee1ee7e5214e4f0600f7313.json,e7cd90e8c3190e6cb086ae4b8db3aee372cf9cb682c5271e0a60ad25119fcba4,e7cd90e8c3190e6cb086ae4b8db3aee372cf9cb682c5271e0a60ad25119fcba4,2527,False
data/raw/tago_stops_nearby/2026-09-03/grid_d867a20eab34445a31e398328c8e23e994d2e1ecb35ce2f1bd5bb5d33694cad3.json,befcbbfe9edb605d61d9f48b8db0289d19a26697658b26b656b825cefeed063e,befcbbfe9edb605d61d9f48b8db0289d19a26697658b26b656b825cefeed063e,227,False
data/raw/tago_stops_nearby/2026-09-03/grid_d87d33e75fdbdc0e4bd23642a6c4051712b2848ce2d73e53addd45d968f0ee84.json,a07d5b66ee34938a2b5f75d7b061256ac60088eb9732fbc2a7ad8ea84ba6bda2,a07d5b66ee34938a2b5f75d7b061256ac60088eb9732fbc2a7ad8ea84ba6bda2,3254,False
data/raw/tago_stops_nearby/2026-09-03/grid_d8a237107928276269bd3d814d1846ca3ac504c672ac85e6e1f5d18a4788e340.json,ba42134b8ddce9940d17de59e084a31a7b2c974e15f86f7a96d8893b6e61912f,ba42134b8ddce9940d17de59e084a31a7b2c974e15f86f7a96d8893b6e61912f,725,False
data/raw/tago_stops_nearby/2026-09-03/grid_d8a8938b51b8e8787d394a8ab51fd37fdd203de8e709b9af4a609f4e2266382d.json,a3ac74fd2805a7b5bd3c0a8db60dc58448edf5352b74e945d8870f0f03f9bd8d,a3ac74fd2805a7b5bd3c0a8db60dc58448edf5352b74e945d8870f0f03f9bd8d,3951,False
data/raw/tago_stops_nearby/2026-09-03/grid_d8b7ae79d1f814f346ad34fdc59d2ac635af4a457888d73fd62e7b6ae3115c3e.json,8c9b3f0a98ce3809a79045f28358de698bd57b25fb31e4c06b5ec2453d17c977,8c9b3f0a98ce3809a79045f28358de698bd57b25fb31e4c06b5ec2453d17c977,4355,False
data/raw/tago_stops_nearby/2026-09-03/grid_d8c46c923311bcb2a1fbec82734d26caf92f63aa1d1ab65a8ecf6782514aa108.json,7614632dfec5d51cd51302ffd14144aef6e506edf7b1624cf6c4517c28c62f21,7614632dfec5d51cd51302ffd14144aef6e506edf7b1624cf6c4517c28c62f21,1219,False
data/raw/tago_stops_nearby/2026-09-03/grid_d8e333f993a8bca6a0d3a94f74a1ab8bdf770003577ecafda503a72b8857fce5.json,5e62134cb7de51de36f0d2f786b42b4d29a6f408b4c270738b607ccbd542deee,5e62134cb7de51de36f0d2f786b42b4d29a6f408b4c270738b607ccbd542deee,3945,False
data/raw/tago_stops_nearby/2026-09-03/grid_d902d260cecba880ea0be1ea3a7cc4ddd6720550516bc8bf2e6d208d771a85e4.json,7a4f1a21f4ef1e1ae60d02c6e83d95445f1b6de6c0b4c57991218d1eee245009,7a4f1a21f4ef1e1ae60d02c6e83d95445f1b6de6c0b4c57991218d1eee245009,1459,False
data/raw/tago_stops_nearby/2026-09-03/grid_d91276b520be91a17ab02141579fd3a84d787d6e73dcdd3ed06ade3afb2b0b8d.json,9fd0d00049e463f85e15a81858cdda0f7f55da96e8bbcd42b0d6fd77a91a62b3,9fd0d00049e463f85e15a81858cdda0f7f55da96e8bbcd42b0d6fd77a91a62b3,3239,False
data/raw/tago_stops_nearby/2026-09-03/grid_d9482814f74fdf2ec16de4b039e6c9380a238ae1ba5dbdb662f4d14e5ff8c307.json,7b59dfc852e625cff19034313aec34af5801e94cec94880c49a080241a00b8cb,7b59dfc852e625cff19034313aec34af5801e94cec94880c49a080241a00b8cb,758,False
data/raw/tago_stops_nearby/2026-09-03/grid_d9533ca5488d99fca70e3e5dbb9468bb0fcf42b34947ef8bf2e5e11799349b56.json,befcbbfe9edb605d61d9f48b8db0289d19a26697658b26b656b825cefeed063e,befcbbfe9edb605d61d9f48b8db0289d19a26697658b26b656b825cefeed063e,227,False
data/raw/tago_stops_nearby/2026-09-03/grid_d95c57f122677b6e97da6a4b88acc972c7188d2cc10c90f351a679f56198f54a.json,7610306f33ee3b81f5f5240387e5f5299b996a9867ce480b227bdb0b68096c40,7610306f33ee3b81f5f5240387e5f5299b996a9867ce480b227bdb0b68096c40,2536,False
data/raw/tago_stops_nearby/2026-09-03/grid_d96d81ffba77e80606e3fc397ba7b5c626f13ed09a12e1b43494c02c9dab055f.json,52f513fe6c1ee5b4beb68518b7237114162a13a4e2981d0fd39d439d8ca1b771,52f513fe6c1ee5b4beb68518b7237114162a13a4e2981d0fd39d439d8ca1b771,2341,False
data/raw/tago_stops_nearby/2026-09-03/grid_d96fa19e075a7ba21f5490bc9f1b73d068d36d0dbcf6d9346ef8f2bd697cb132.json,9a3f48286fe1f17c5d23909bc3fb7404cbd4191242d187f8d62da661ba9d0082,9a3f48286fe1f17c5d23909bc3fb7404cbd4191242d187f8d62da661ba9d0082,1204,False
data/raw/tago_stops_nearby/2026-09-03/grid_d9b20d12172672e9648c336ea6ceefb92a123504b20026c27f03d466a2e4729a.json,944763dd33db778068a9b652aea95533a9971ce1a970882769a8b03b1b7de5d0,944763dd33db778068a9b652aea95533a9971ce1a970882769a8b03b1b7de5d0,5248,False
data/raw/tago_stops_nearby/2026-09-03/grid_d9e1a37e31a1bd4343f8fdcb21803505fc6076bef3feab3253e3e48eb07b824c.json,e9229e0962351b81ecb93bbdbec94e2cdc43ecc05df5730c637e14a05a9d6d76,e9229e0962351b81ecb93bbdbec94e2cdc43ecc05df5730c637e14a05a9d6d76,2382,False
data/raw/tago_stops_nearby/2026-09-03/grid_d9f08a43749ef0123db197c1a0b3c44619e2f9f50e678d853b0e6658a5d5d0ed.json,637ba0e95cc39797739654270ba62847ee17d0c9b16cc975f968090e1744a9f8,637ba0e95cc39797739654270ba62847ee17d0c9b16cc975f968090e1744a9f8,6512,False
data/raw/tago_stops_nearby/2026-09-03/grid_da016f2652d6d51d9b865a9029184e77e740aae1af2ff8bc21b400c98ef516d1.json,175dc247095dc728c10074275b813451f93fb1184abc1aaae37d2d51bc6d4c18,175dc247095dc728c10074275b813451f93fb1184abc1aaae37d2d51bc6d4c18,3095,False
data/raw/tago_stops_nearby/2026-09-03/grid_da39d2cf5aad5df51601069b101ba83b2ccbc169fb063b2ea4329dd3c4a11582.json,d9785ba41e2b7968e8b23d86fb3c90a91130753c0a85b1678c2177a069eac168,d9785ba41e2b7968e8b23d86fb3c90a91130753c0a85b1678c2177a069eac168,2848,False
data/raw/tago_stops_nearby/2026-09-03/grid_da7b5ac23d502ecf1610e039527f12f730bc3a36c654bdbd87e0134d7a932b65.json,9e88759a649f544cd2f5d72c635d98b877521529e31cc773a0dcc172c770b3c6,9e88759a649f544cd2f5d72c635d98b877521529e31cc773a0dcc172c770b3c6,4542,False
data/raw/tago_stops_nearby/2026-09-03/grid_dab189a9610db0376a865d595ad58aa6237a542236f167d1b55b1f15dcfbeca5.json,ccc23262be6caaea91c9722f41fffcad9ce00260a1cc0154bc75e40fc9ac8e0b,ccc23262be6caaea91c9722f41fffcad9ce00260a1cc0154bc75e40fc9ac8e0b,999,False
data/raw/tago_stops_nearby/2026-09-03/grid_dacc8ce9c00c29bb89371c87267693a82221800b6f98a0781c5df9722c36b0d4.json,2548fdf7fc2343256b4372598419ba0c00358b61bd0fc4d2823cf7c783d51f83,2548fdf7fc2343256b4372598419ba0c00358b61bd0fc4d2823cf7c783d51f83,3232,False
data/raw/tago_stops_nearby/2026-09-03/grid_dadaa9b2ec997751a904b7759e8f6a2fb785f582edd030c1932de28046c05e0e.json,9e759e4cbc438adf89285c8ee4f84688cb10ac9f58e60a6dade86fdb7ac6a3e1,9e759e4cbc438adf89285c8ee4f84688cb10ac9f58e60a6dade86fdb7ac6a3e1,749,False
data/raw/tago_stops_nearby/2026-09-03/grid_dae0fc4f49db745749bf11d986112e9dcaac0f1e92f869624fbea150e0e25c2f.json,b56b3bc9dac70f057a0bc86e72c3b609af1a8d16b8ba212e277269645312e7ca,b56b3bc9dac70f057a0bc86e72c3b609af1a8d16b8ba212e277269645312e7ca,2513,False
data/raw/tago_stops_nearby/2026-09-03/grid_daf75294fc64382bb1a3071a18aaa846ab1906411b79bf57d7468d7ee65efee2.json,befcbbfe9edb605d61d9f48b8db0289d19a26697658b26b656b825cefeed063e,befcbbfe9edb605d61d9f48b8db0289d19a26697658b26b656b825cefeed063e,227,False
data/raw/tago_stops_nearby/2026-09-03/grid_db17d21c87793c14c31d57cea5cd9c417848e76b09ac8b6f17e8c98c28f014d8.json,aeb1b24c4271e777a30d7d872b7b4e987d4c3b8c66b953865a292b61ce558679,aeb1b24c4271e777a30d7d872b7b4e987d4c3b8c66b953865a292b61ce558679,752,False
data/raw/tago_stops_nearby/2026-09-03/grid_db19a2e1597bba23d196a5f964547f62e8e8e21bd22bdd72d8304d2d8b4284fd.json,a11f8514e2bbd526844327123cded6266ed3f28cf2e4670d9006a56bc5b55c85,a11f8514e2bbd526844327123cded6266ed3f28cf2e4670d9006a56bc5b55c85,4957,False
data/raw/tago_stops_nearby/2026-09-03/grid_db407bd8efcdadc265e1f5e3ad237c13afa5fb1f5c2b844075dd0c0f042baf0e.json,ccab5e492ce33d3f63f04147bdacac19213de3663924c0634d84ff75d0e13088,ccab5e492ce33d3f63f04147bdacac19213de3663924c0634d84ff75d0e13088,4584,False
data/raw/tago_stops_nearby/2026-09-03/grid_db5ef8c169a1b3a864b0282f0900869c637074ad350ae61f84c16e7d9633912d.json,d19772bebc85da085222b6d13a99cfd1d3347d34433af01326f88880a205b747,d19772bebc85da085222b6d13a99cfd1d3347d34433af01326f88880a205b747,3172,False
data/raw/tago_stops_nearby/2026-09-03/grid_db8791e8da7c229155e3a5d365a3c7d54172351ae0c01b015e0dd1287406d689.json,98658321ee810517493d7a2045a66b6b2820828cc7f48d9626b20aeb615268fa,98658321ee810517493d7a2045a66b6b2820828cc7f48d9626b20aeb615268fa,3996,False
data/raw/tago_stops_nearby/2026-09-03/grid_db903c62d76e1ade8e56e25456e7469b0cd781039fc859795abc5509bf3c7155.json,ca9e035aa199ad1b5bb70e9ecc43950c291f6941ceb6d6f1b911f202063d0248,ca9e035aa199ad1b5bb70e9ecc43950c291f6941ceb6d6f1b911f202063d0248,2752,False
data/raw/tago_stops_nearby/2026-09-03/grid_dba13501c0b1ba9b1864884acad64d1b8283597d46de81f8f8b0e33e003ef413.json,8d4c54caf62d63703870dba2d14d8cefbab5c9b366caba9748e51a31e891651e,8d4c54caf62d63703870dba2d14d8cefbab5c9b366caba9748e51a31e891651e,4815,False
data/raw/tago_stops_nearby/2026-09-03/grid_dbb82dcf5b2e73093504e4c560e9f621b1abe62980cadbafafb107d5441df8e8.json,92835f081abf6143ce969f62802b87c7d0a3e91f8792145a1332b094becc07f7,92835f081abf6143ce969f62802b87c7d0a3e91f8792145a1332b094becc07f7,998,False
data/raw/tago_stops_nearby/2026-09-03/grid_dbcd463a725a9c933be3cc6a70106de13bccbccd115bb4605e662d70276975fb.json,98daf5fa3b7f05ac479f5c362d9c311c733cfb0dcbfeba874903e3c58fb6e6f3,98daf5fa3b7f05ac479f5c362d9c311c733cfb0dcbfeba874903e3c58fb6e6f3,3713,False
data/raw/tago_stops_nearby/2026-09-03/grid_dbe3bee8b012b9bb7c9cf9044571f4a7e57a9811097140ab25378b77fc9fb5f8.json,62692303ea7fd2611e7ad947a3141ee6eb0cc98d441f64aaad2d5658a8ee9e2d,62692303ea7fd2611e7ad947a3141ee6eb0cc98d441f64aaad2d5658a8ee9e2d,1318,False
data/raw/tago_stops_nearby/2026-09-03/grid_dbf81c61808eb44b33c358dc3beb5133d6805c18197d9a00a5b428d416f78cfb.json,dd47105410dcf0ba10590846fa6486ef2beab395a4734a8a93353578d049a28c,dd47105410dcf0ba10590846fa6486ef2beab395a4734a8a93353578d049a28c,2044,False
data/raw/tago_stops_nearby/2026-09-03/grid_dbf84cdcdb43775ba0da9a2ec80a2b7815a63a4f793ebb01b5588d7ee26bc14e.json,e5da3304e2a1a5445f69e9decd48011a185346a72ca744cf3fc0f36300e04170,e5da3304e2a1a5445f69e9decd48011a185346a72ca744cf3fc0f36300e04170,2701,False
data/raw/tago_stops_nearby/2026-09-03/grid_dc0dfe9bbc20436f83746592f47f352b2783ee61d9e002af19146f8da8bbf839.json,885858e628fcb5efeab3d2295917bcbad1eca09675e6619819ceb2d4ac16cba2,885858e628fcb5efeab3d2295917bcbad1eca09675e6619819ceb2d4ac16cba2,3580,False
data/raw/tago_stops_nearby/2026-09-03/grid_dc20b789bc7e4d6c914fbda4992157ed481d0fd59bf8989f586d4fa98d7a20f9.json,19f79a2cd27994aaccb49d885c5a675d531c839ef3ba44ac94a427d21b848e97,19f79a2cd27994aaccb49d885c5a675d531c839ef3ba44ac94a427d21b848e97,1719,False
data/raw/tago_stops_nearby/2026-09-03/grid_dc7066e44fd0cebe0b2251c5424b1246120036fc4faceb13dc0750e2f37c6551.json,3d1d609461115a915b42e8fa0629d6d55d479aadc6c25179709b3070d7886db3,3d1d609461115a915b42e8fa0629d6d55d479aadc6c25179709b3070d7886db3,471,False
data/raw/tago_stops_nearby/2026-09-03/grid_dc7c6c4dfba90c769d25c16786d129fd00ca89197425e1dddb2ae88502389c8b.json,04f20bfa02b367446e159a001182338ae4e8bc006dd0e6003b27316909deacf3,04f20bfa02b367446e159a001182338ae4e8bc006dd0e6003b27316909deacf3,3706,False
data/raw/tago_stops_nearby/2026-09-03/grid_dc7cd974b62a5e0bdf7276b8a440ca72045ec7c16217354e8875989cd4c76755.json,fc03fc0165567ee4ad91146e629a30db273f632c9233c226046ae7648e83c01c,fc03fc0165567ee4ad91146e629a30db273f632c9233c226046ae7648e83c01c,4046,False
data/raw/tago_stops_nearby/2026-09-03/grid_dc9b7d6f821ba7a96b23c11f86d1735f89c9aeb926eca38813758a2750b5ab6b.json,9887f41c6ea3ef043883726de30ab5b8dff24320350d4f4d7cdf5b46f8946402,9887f41c6ea3ef043883726de30ab5b8dff24320350d4f4d7cdf5b46f8946402,3376,False
data/raw/tago_stops_nearby/2026-09-03/grid_dca7ace8171f65049dd75319936bef013554bf9e31bf1a3533f598cff7b13552.json,5a3b04bdb09a7176668f5fc729b1dffefb2dfc12447865ecf2c7e229128a6618,5a3b04bdb09a7176668f5fc729b1dffefb2dfc12447865ecf2c7e229128a6618,5523,False
data/raw/tago_stops_nearby/2026-09-03/grid_dce2a7d84bd030dd126262f4d77a72ab1676435033a81eaf4d42d571c6625595.json,e377bbd9f1cf41d1c6b0e7fd5f6fbd80d97b0a58232ae95fdd43d6430b4dec8a,e377bbd9f1cf41d1c6b0e7fd5f6fbd80d97b0a58232ae95fdd43d6430b4dec8a,3036,False
data/raw/tago_stops_nearby/2026-09-03/grid_dceb93bec436614bd70b122e9c69c7f679f3fda37dc55131a26d66d319016f8c.json,ae3d596a18a9c83dc50716fe4a673e28c2467e85de6de7b24b93a7cdada52940,ae3d596a18a9c83dc50716fe4a673e28c2467e85de6de7b24b93a7cdada52940,3504,False
data/raw/tago_stops_nearby/2026-09-03/grid_dd3f02ae7cd8c28569bbbfda0236b6a5f18dae88493f594e503f9af8c7d35768.json,233418bbbc7cc2abfdf144c27a7ef23a23a48b4c56e0a671d7322e0d78148c1f,233418bbbc7cc2abfdf144c27a7ef23a23a48b4c56e0a671d7322e0d78148c1f,2018,False
data/raw/tago_stops_nearby/2026-09-03/grid_dd4223636d7bd72eaeafef20876362cf417eec83d1db06240b6fa330b4cacd19.json,53a122d1052bf0e1f15f5636683408374d63c03e0c5e7b4b509ea60f29905976,53a122d1052bf0e1f15f5636683408374d63c03e0c5e7b4b509ea60f29905976,1316,False
data/raw/tago_stops_nearby/2026-09-03/grid_dd4b78f40da4e239ec57ad98bf7fc49bd08ce7fc883c9a0283a42081b5622e85.json,befcbbfe9edb605d61d9f48b8db0289d19a26697658b26b656b825cefeed063e,befcbbfe9edb605d61d9f48b8db0289d19a26697658b26b656b825cefeed063e,227,False
data/raw/tago_stops_nearby/2026-09-03/grid_dd4e31b7e12612eb9e3dfa0080901f71cf5b4b373b4e360454ea57a4a9ee421b.json,907d06f81daa2ced60b12e68cfc2fd332c46b9be27ac33294c6cd113db396f73,907d06f81daa2ced60b12e68cfc2fd332c46b9be27ac33294c6cd113db396f73,1701,False
data/raw/tago_stops_nearby/2026-09-03/grid_dd66e08f866232d1c1036ef7cce35ef296701d1a148030211977a35d905e003f.json,bbe3a373b4221c1bf86822c4b303803ba7b9d347d21eda4c431aa823358622d5,bbe3a373b4221c1bf86822c4b303803ba7b9d347d21eda4c431aa823358622d5,1245,False
data/raw/tago_stops_nearby/2026-09-03/grid_dd67b4f87938897f6d50e357e070d3381932c58c2dfce9f4128d6105f923c6b0.json,23642e7a1614c6f0ba46c42848a99c6f429a6ac498c26d3454c043b1b0070d9a,23642e7a1614c6f0ba46c42848a99c6f429a6ac498c26d3454c043b1b0070d9a,6133,False
data/raw/tago_stops_nearby/2026-09-03/grid_dd6fe71b653e60e3d852da79c3f80bcda8099feab494cfd606b7f727428a6d2d.json,0247e541ae47c582e3c2119f489bc5c61daaf104820a0240ae2ae48a62b3017b,0247e541ae47c582e3c2119f489bc5c61daaf104820a0240ae2ae48a62b3017b,4681,False
data/raw/tago_stops_nearby/2026-09-03/grid_dd700dc023cb78cb9bf7f5e0f08c8782aca2d3e8774e371d7aa4be452099aada.json,c4c0a0ba539b639cd67eb2beb5b232953e444aa60133e35a767685e05a266152,c4c0a0ba539b639cd67eb2beb5b232953e444aa60133e35a767685e05a266152,1986,False
data/raw/tago_stops_nearby/2026-09-03/grid_dd73a6d1ebf51054ae25ca2127c72daaffe157841b2be32c8483140988e96902.json,021900f3b9fb9a4bb8a21e4926924a23f938af0449f65d1c340e7ce1763aeef6,021900f3b9fb9a4bb8a21e4926924a23f938af0449f65d1c340e7ce1763aeef6,2713,False
data/raw/tago_stops_nearby/2026-09-03/grid_dd7dc543e7bb037963140791c5e60beb7197a42222e82539bc693b2ac8d40748.json,a7dc8ab88e6bb3b1979d858f35dd4747cc225f1ab79d19c65581e54e553ca497,a7dc8ab88e6bb3b1979d858f35dd4747cc225f1ab79d19c65581e54e553ca497,1910,False
data/raw/tago_stops_nearby/2026-09-03/grid_ddaa3d93d6792e8357289af4997b11bfa491dd9174ae9478dc0d262462a92b13.json,c2e9cc0f41818043568660ea0e7b7c498799d6f37ec86c2019f851f726b57e11,c2e9cc0f41818043568660ea0e7b7c498799d6f37ec86c2019f851f726b57e11,2310,False
data/raw/tago_stops_nearby/2026-09-03/grid_ddb5088cdc6446fc2b0285b0e0202f394cf5f4dd6313f4d1586bfffd25d49073.json,076a25c4f77c7e4343365cdb6cc893738ad24f412b99ae29db07d2f96f6d109b,076a25c4f77c7e4343365cdb6cc893738ad24f412b99ae29db07d2f96f6d109b,1956,False
data/raw/tago_stops_nearby/2026-09-03/grid_ddc93b046520d11dc52be8be0b1d40a1aae6272f2e622b75daa26162892ffaca.json,266ef44682642feb8ce6c9b33961b9651373225dfb129f00cdf70b32b248fa48,266ef44682642feb8ce6c9b33961b9651373225dfb129f00cdf70b32b248fa48,1756,False
data/raw/tago_stops_nearby/2026-09-03/grid_dde299bc35acccdf38a0b807b3eba1181a3eca43a41c1073a3dc574fa722fcf9.json,c2c63de5a7ac02e0cdc312c8ec0b876c2496122a4da35e582f492fe5bed7b935,c2c63de5a7ac02e0cdc312c8ec0b876c2496122a4da35e582f492fe5bed7b935,2346,False
data/raw/tago_stops_nearby/2026-09-03/grid_ddfcf279f7402152d0097601e317aa40098e874284cbcbc2ab19b90aa02384f4.json,99a78569655b21d9e2e2f0e159dfb1f7701c7581a99be0242a2ec3d99b5de8f3,99a78569655b21d9e2e2f0e159dfb1f7701c7581a99be0242a2ec3d99b5de8f3,2750,False
data/raw/tago_stops_nearby/2026-09-03/grid_de1a0ee4d6179c4e5a235632ef222856fb79ec05654c9dfd8687a1e8b0116c33.json,320af2159b3855e3e5a4763ea0ef3ba46f109fc73d9bde2da8763877131ae5e3,320af2159b3855e3e5a4763ea0ef3ba46f109fc73d9bde2da8763877131ae5e3,1494,False
data/raw/tago_stops_nearby/2026-09-03/grid_de29a37b63e77acba6a4402e7e58219c0ba4d871f641e814fd33b9995fc1e6fa.json,f69df84b5feb5bfa15b159951b3120c08ba35a25406a708527cbba3585d6ca07,f69df84b5feb5bfa15b159951b3120c08ba35a25406a708527cbba3585d6ca07,3295,False
data/raw/tago_stops_nearby/2026-09-03/grid_de3cdd2fb96c5ec30cd50111fb5ba006baec538871efa5b6868fbd3f568dd0fb.json,33294f76ab91e860e00b9df059e9da50b122d57cb5e514694615f8abb8bd4577,33294f76ab91e860e00b9df059e9da50b122d57cb5e514694615f8abb8bd4577,2050,False
data/raw/tago_stops_nearby/2026-09-03/grid_de423ae663f762d1367e34fb7b213253d1e0dba0601581492df3822bb160b2f8.json,9673ca7e6fc5b1c00011e6192af0da72d8dc305fad7c9c1f70859ad58b7fd55f,9673ca7e6fc5b1c00011e6192af0da72d8dc305fad7c9c1f70859ad58b7fd55f,2230,False
data/raw/tago_stops_nearby/2026-09-03/grid_de4cc83af237b7f7aeb3418401181c37530cd6cc3fe433e72d7cca3fb1d9cf33.json,211d971644acc0665e0fb219afd2f176c1dc59d432292b8a88bbd3628747cbaa,211d971644acc0665e0fb219afd2f176c1dc59d432292b8a88bbd3628747cbaa,1701,False
data/raw/tago_stops_nearby/2026-09-03/grid_de900eb37bfefea56d8f8781c24c22e335bba335c9c63824737ddcd5831cab65.json,befcbbfe9edb605d61d9f48b8db0289d19a26697658b26b656b825cefeed063e,befcbbfe9edb605d61d9f48b8db0289d19a26697658b26b656b825cefeed063e,227,False
data/raw/tago_stops_nearby/2026-09-03/grid_de97186eef036872a4df8ed72cbe06de2df3b454d931a604af72d61aaf19c64f.json,281a282f03153ed52006211b7b4c7182d93853f199532041bba445dc1a0dd8d2,281a282f03153ed52006211b7b4c7182d93853f199532041bba445dc1a0dd8d2,3447,False
data/raw/tago_stops_nearby/2026-09-03/grid_dea080306d78dd365e4d4a0d276491fa0ae0623d445ad5847e76a7d4ecf36980.json,421269b5cb454e339d04bfbf54a21471f2505229d3caa73f4fb3e8479b325a72,421269b5cb454e339d04bfbf54a21471f2505229d3caa73f4fb3e8479b325a72,1701,False
data/raw/tago_stops_nearby/2026-09-03/grid_deb30ac8db9051ef5cfe1191550cd617311907ce023a4157c32993eaa8e91ffa.json,9677aa6f5d75ebaa6c5d81d65d83b9d9f643a2364a8765f48fbcba2f2f502b3e,9677aa6f5d75ebaa6c5d81d65d83b9d9f643a2364a8765f48fbcba2f2f502b3e,4719,False
data/raw/tago_stops_nearby/2026-09-03/grid_dec1fe23f34abe21a924c004fb774f5cd744ea8faf997ec40b61d83879f13a6c.json,4c42aa052d9a203e0f9de2f2e3c03995d8e666efe00fcab6b9c5ce3f1d3024a9,4c42aa052d9a203e0f9de2f2e3c03995d8e666efe00fcab6b9c5ce3f1d3024a9,3934,False
data/raw/tago_stops_nearby/2026-09-03/grid_def3f17662602a2ba6b41967084ddb99bfcdb6b07592e286e4030b43e4fc35ef.json,9ee50e0fb2d0a3462759d2e75ab4f24d71fe9c1d7ac76bb0a0f4f6e9210ca956,9ee50e0fb2d0a3462759d2e75ab4f24d71fe9c1d7ac76bb0a0f4f6e9210ca956,1859,False
data/raw/tago_stops_nearby/2026-09-03/grid_df1eea56d40e0a8e9322a496dbfe2d6e24621769d39f07e155185fca069a89d2.json,3ea4d47bb5a0255004c3713e810fe9daf5041148a439a56ef6f66d24b3efef44,3ea4d47bb5a0255004c3713e810fe9daf5041148a439a56ef6f66d24b3efef44,4674,False
data/raw/tago_stops_nearby/2026-09-03/grid_df2b8e16a25d89d70979e7aa3d66095d972cd80baca0d5e03e06fb9e591bee7a.json,e350ef55222be6eb7b7816e2afacbd3735eb6f01ec1eca79ec6445b9be9f6f9e,e350ef55222be6eb7b7816e2afacbd3735eb6f01ec1eca79ec6445b9be9f6f9e,2446,False
data/raw/tago_stops_nearby/2026-09-03/grid_df31ead8a5ee0d05ba1a10b2a8f7ae56eda67ead6f6b8f15f6443f2c7568dbca.json,befcbbfe9edb605d61d9f48b8db0289d19a26697658b26b656b825cefeed063e,befcbbfe9edb605d61d9f48b8db0289d19a26697658b26b656b825cefeed063e,227,False
data/raw/tago_stops_nearby/2026-09-03/grid_df320850f9fa530419c61aa2e37ca802aa53738767fb85ebf620dcbbe3dc3c7b.json,70f6bbeefe49b5efab3d3e12c1d555de8b2cafa10d56ecd0055ffdb13070a8e3,70f6bbeefe49b5efab3d3e12c1d555de8b2cafa10d56ecd0055ffdb13070a8e3,2228,False
data/raw/tago_stops_nearby/2026-09-03/grid_df3aa5bf8d973241acdc731c07d0c25943c0209bc38dae3a816644ffaf4c1c98.json,f71a369bae4a62a2bcd4b6273d4846591ccb86eb8f715afa6aed84719e6cfa8c,f71a369bae4a62a2bcd4b6273d4846591ccb86eb8f715afa6aed84719e6cfa8c,2122,False
data/raw/tago_stops_nearby/2026-09-03/grid_df4d0a750df01ff0dd687ac7a487296edd1e47bc19c0eb879ce428c78093ff3b.json,be1ab1d750945b8e7c4094f8223903c68e2cce93331092c90306e2ff2b10a83f,be1ab1d750945b8e7c4094f8223903c68e2cce93331092c90306e2ff2b10a83f,2936,False
data/raw/tago_stops_nearby/2026-09-03/grid_df6a87b1597ed0c89648f3f7c634375a0814dd743d0c580d8381438cf7c23aeb.json,befcbbfe9edb605d61d9f48b8db0289d19a26697658b26b656b825cefeed063e,befcbbfe9edb605d61d9f48b8db0289d19a26697658b26b656b825cefeed063e,227,False
data/raw/tago_stops_nearby/2026-09-03/grid_df72453f26f29c9e3bb8b3d4a3123518df9442b865bd35f579dc6cd23740ec85.json,9905b9006ddde3a86e8fc3cc250e4ea059bd5c86b990537d11891ad39fac3326,9905b9006ddde3a86e8fc3cc250e4ea059bd5c86b990537d11891ad39fac3326,2806,False
data/raw/tago_stops_nearby/2026-09-03/grid_df77f1aab0f6a090e1586ef21806b8c573ce780e5f8bf58216a533e21412d261.json,a3fd0edca0bfb045bbcef6879a1d3e78f7206cc619416fd928307891639166a5,a3fd0edca0bfb045bbcef6879a1d3e78f7206cc619416fd928307891639166a5,6278,False
data/raw/tago_stops_nearby/2026-09-03/grid_dfb40b12c57a2b6857cac2e3e9c52bf9a9f020444637f2c96821ed542ffb44db.json,c00cc966d0f722ad8e686c3956c62df73ed3ca3b2a72877f60ab48e836221349,c00cc966d0f722ad8e686c3956c62df73ed3ca3b2a72877f60ab48e836221349,5835,False
data/raw/tago_stops_nearby/2026-09-03/grid_dfc99fc1458c172084e5cb1eaadd372c6c4d056729a8bb0113fcfd3f6053e037.json,8e3c93cb1d73be6ed10685e245706c8ef598dc480232437cfe087beef63f5829,8e3c93cb1d73be6ed10685e245706c8ef598dc480232437cfe087beef63f5829,1947,False
data/raw/tago_stops_nearby/2026-09-03/grid_e0110811e9fcffad79160ba1aa5b13e950aa2d93321688c3feaebba4acac820a.json,8fbf069e0b2d4fa103547acea0cb6fd712cfbcf30f3a0d1c2f10ef9ca8a9dfc3,8fbf069e0b2d4fa103547acea0cb6fd712cfbcf30f3a0d1c2f10ef9ca8a9dfc3,2260,False
data/raw/tago_stops_nearby/2026-09-03/grid_e012d6d59179b0ad49fde947a8ac4f623ba8838c34a7a7460c1e42594100a42d.json,4ef5406524e30ee2570a497920f1d057bd49ac810e00ba70af843b04782502ab,4ef5406524e30ee2570a497920f1d057bd49ac810e00ba70af843b04782502ab,2482,False
data/raw/tago_stops_nearby/2026-09-03/grid_e02a719ae7c6df666aabaf6c06a6bc1e2c4ea29ee872ffeb86b54fcc893ec4af.json,eb607919b2bbd0e30dc630544084bf7441bae5ffe8b596558b5e3ab9b21a90b5,eb607919b2bbd0e30dc630544084bf7441bae5ffe8b596558b5e3ab9b21a90b5,2062,False
data/raw/tago_stops_nearby/2026-09-03/grid_e0352604088d926cfbdbe1783ac47f165c7293fb9f923a21cac9945843e46bc6.json,a173198dbdd935347accaad14b7959dfd59820be3569bb61dfb0b22465884fdb,a173198dbdd935347accaad14b7959dfd59820be3569bb61dfb0b22465884fdb,1706,False
data/raw/tago_stops_nearby/2026-09-03/grid_e044b5b65fb689c96e22c757a1c4be208a6c1762dc0c4d1e0d5dad910610762e.json,64ab062ed79082ea86d58479d3998bbcfa96b40be0ab8780e9e446ff8aac4e3d,64ab062ed79082ea86d58479d3998bbcfa96b40be0ab8780e9e446ff8aac4e3d,5810,False
data/raw/tago_stops_nearby/2026-09-03/grid_e05dc4eda5aa5a5b6f7b2f7b4356d4f447bc5abc873f85495958bd080e948b79.json,65266f0167a602898362c09ef2e02800b7de14bacd5e12e45447ad36395efa6f,65266f0167a602898362c09ef2e02800b7de14bacd5e12e45447ad36395efa6f,6687,False
data/raw/tago_stops_nearby/2026-09-03/grid_e0843b03f1d0aa033826c0e33ce1ea18ea5f972b9771a2bac54bc50e213ce6ac.json,8f7f932854c6db554c13c558014a9ac3ccad444075dd34ddb0e2cc2a761a572c,8f7f932854c6db554c13c558014a9ac3ccad444075dd34ddb0e2cc2a761a572c,2492,False
data/raw/tago_stops_nearby/2026-09-03/grid_e08a85887c454a78707ffabe5a040d115b4d83c85c98554e093e41a67c273594.json,5a4296f877bf5d895ac750ee6c0cf2bdde9704eac98fa46f61e82de0956d7186,5a4296f877bf5d895ac750ee6c0cf2bdde9704eac98fa46f61e82de0956d7186,6093,False
data/raw/tago_stops_nearby/2026-09-03/grid_e094cd0f63300540437e9f1797815dfa4ddd4f241f765d803b6c46e9321c9934.json,58205061a72053645d9f913e2aaf95a42ee943b03834d6a1cd6ec7d6def1dcdd,58205061a72053645d9f913e2aaf95a42ee943b03834d6a1cd6ec7d6def1dcdd,5333,False
data/raw/tago_stops_nearby/2026-09-03/grid_e0dadfab9a938f6e5e19c7c25a765d3159f92d3bcc177a018f7c2095d8cfcc89.json,35c139411911bc4bb0ebc3c19e6eac64b121c0675ec0f8308416746e47d84e21,35c139411911bc4bb0ebc3c19e6eac64b121c0675ec0f8308416746e47d84e21,4666,False
data/raw/tago_stops_nearby/2026-09-03/grid_e0fafe710a1f6e6f3e7d2b16cf6c57dd777d12a2319ff6ed3dcea4d992c82e6d.json,34a034fd51b6f83400a24fe265bc2e26d8c41f0d5b4a1dbef5959740d634f577,34a034fd51b6f83400a24fe265bc2e26d8c41f0d5b4a1dbef5959740d634f577,4430,False
data/raw/tago_stops_nearby/2026-09-03/grid_e1256928bca25b7b0d69bc5dfb41ebbdb37e61fe85e2c6d3ccf682dce9e6a8f4.json,6661637b3f06e567e0e22227e3cf98039dfd9e6e9436f4b61d6466981184773d,6661637b3f06e567e0e22227e3cf98039dfd9e6e9436f4b61d6466981184773d,4651,False
data/raw/tago_stops_nearby/2026-09-03/grid_e127cbf85c5b4dcc55cddda53f48e32fe3872ac744dfc3e753cae5e0831b51a1.json,5548bf9edcc54113b1cd073577db80f7deb97e7eb47dee984817e4d9e8468d6c,5548bf9edcc54113b1cd073577db80f7deb97e7eb47dee984817e4d9e8468d6c,2799,False
data/raw/tago_stops_nearby/2026-09-03/grid_e13c797852f56b9e29f87a9a19704312c1dfb44eba925d5adea6d004b03bceb6.json,bdaa09c25da7e4f043d4eed3f013660a18c990e4368e001ee869f025cf0c34f9,bdaa09c25da7e4f043d4eed3f013660a18c990e4368e001ee869f025cf0c34f9,4906,False
data/raw/tago_stops_nearby/2026-09-03/grid_e1b64a13e727e3ca1f5e9e3b1684802b56c6a4bf6d6533f4d17744d6a5678026.json,ae966a0d498c34cb938e3b54792b286f9530a92c7e728bbd02791b8d7e646e8a,ae966a0d498c34cb938e3b54792b286f9530a92c7e728bbd02791b8d7e646e8a,6241,False
data/raw/tago_stops_nearby/2026-09-03/grid_e2008164ae7a26b33c123867dcb20eb0cf31e3679599d56b2cdf338c3e25ba5c.json,54579fd851832dccdcac05a4b4d34f95ab510d25bb74adef6e1648ea32e1e1e5,54579fd851832dccdcac05a4b4d34f95ab510d25bb74adef6e1648ea32e1e1e5,2482,False
data/raw/tago_stops_nearby/2026-09-03/grid_e204d5bb774d693bced83d056cce5cc4b94249322d852d74aef946b766c72fa0.json,63459220b8a7c2aa4af4c53a92adb162ff8f1f2de6d8cd76bc2377d863b07b80,63459220b8a7c2aa4af4c53a92adb162ff8f1f2de6d8cd76bc2377d863b07b80,5378,False
data/raw/tago_stops_nearby/2026-09-03/grid_e227b6ab6d1a06950cbbb4401176360c6891fc229debcac791fe5d1483eea883.json,e0d708bee61af03f1d5d5fd748f0febf103d8e52737454bb1e326e29deaba728,e0d708bee61af03f1d5d5fd748f0febf103d8e52737454bb1e326e29deaba728,1722,False
data/raw/tago_stops_nearby/2026-09-03/grid_e24097ec4beb4e0f9f3f0671e72d5f60153b6f396fa37fc8d3b86b394dc14ff7.json,32a5b12251c5c6aab1326568168cac784d9c942289ded23d7647c9c61f417eef,32a5b12251c5c6aab1326568168cac784d9c942289ded23d7647c9c61f417eef,2238,False
data/raw/tago_stops_nearby/2026-09-03/grid_e24b39883d82b25b942ec6cffe62bad21fbf032a03c464fb911ee78b8e7851db.json,65aee037256a57356af4c6383831ad0af06f4379d38490777a3a576666ced4d1,65aee037256a57356af4c6383831ad0af06f4379d38490777a3a576666ced4d1,2949,False
data/raw/tago_stops_nearby/2026-09-03/grid_e28d226d48f0f499a3d93ffc2aba02738046583fd474fa580b3d21ddc2401b68.json,c9e63c395a96ad7e5064288c8036bfcf970c6210950d0f6f9130e145095383c8,c9e63c395a96ad7e5064288c8036bfcf970c6210950d0f6f9130e145095383c8,7169,False
data/raw/tago_stops_nearby/2026-09-03/grid_e2da889c3cc5c1c478b08b2f6c2cc6369f4a8cf5afc14e3a43281a0afb672e67.json,804e2ba83c52c39846414d5d057497f93c19e21cc6a5a727626bcdf8461159af,804e2ba83c52c39846414d5d057497f93c19e21cc6a5a727626bcdf8461159af,2019,False
data/raw/tago_stops_nearby/2026-09-03/grid_e2e448e4fd1c2f9068099ecd052ec73e45dd672ae0e1515b9d1fa95f2792654e.json,6cef674c37d0a8387c2b9120e28940d6835a1eaefce458bb0d6be770ba46d407,6cef674c37d0a8387c2b9120e28940d6835a1eaefce458bb0d6be770ba46d407,2663,False
data/raw/tago_stops_nearby/2026-09-03/grid_e2e4bcfd0c33f5a8bcf2fd16548b979dcdc9a825326b966f0be965a4f0c8edaf.json,55d22f1d18bfc31933af2c603ae33126576995c8d96a38eb3b57d50622d18538,55d22f1d18bfc31933af2c603ae33126576995c8d96a38eb3b57d50622d18538,3209,False
data/raw/tago_stops_nearby/2026-09-03/grid_e2ecc39f4c0bd6910913872f97fc7c35e5ef1ab255bfba98afca316b7aa6b410.json,ddb1b8e319c527470485fb390e86768477f365e79c08e67644c0b3dd46ed8d37,ddb1b8e319c527470485fb390e86768477f365e79c08e67644c0b3dd46ed8d37,1214,False
data/raw/tago_stops_nearby/2026-09-03/grid_e32170c68fca2ecbf39b0e033f9f0bdd16ab58c26c81150368b1d3ee2e52b487.json,7fc2eacf7ae9700090f4868024fa6d47e2436b5cd72882095a367e79e4a88dfb,7fc2eacf7ae9700090f4868024fa6d47e2436b5cd72882095a367e79e4a88dfb,772,False
data/raw/tago_stops_nearby/2026-09-03/grid_e33901adfadc3c22dbeaa85f67ce0e02efc6d9945948bb84e82f4191ee87e955.json,c8fe5675b6fb403b743c1a53b72a69c7110d661831fce0c6902128e770fe421d,c8fe5675b6fb403b743c1a53b72a69c7110d661831fce0c6902128e770fe421d,5026,False
data/raw/tago_stops_nearby/2026-09-03/grid_e3575ba900d804d8fd95fef992155263690fef23a2153cabf151890ef1ff1b53.json,6ca3659fd6b88c96214e8e99e0ca0fd31738b2f18e9e6ecfa29bdfed18d2576b,6ca3659fd6b88c96214e8e99e0ca0fd31738b2f18e9e6ecfa29bdfed18d2576b,3181,False
data/raw/tago_stops_nearby/2026-09-03/grid_e37db3aa6d6b6d6cb0297873a377b3eea2a2d12af72bdaf8ee49583c1cbc2303.json,faca9202075a5c73f99d9f1dc7dad861d3c1835dccda47ee01e33e8e818acdbe,faca9202075a5c73f99d9f1dc7dad861d3c1835dccda47ee01e33e8e818acdbe,1941,False
data/raw/tago_stops_nearby/2026-09-03/grid_e3863f21a7bc663a6bfeb44d24fb387f216fb08e45bc30233c26db3023bf9ae8.json,e23289706e907c2ec6ad73206d69a6de12ba9ba4bad5e6112051b202da75562a,e23289706e907c2ec6ad73206d69a6de12ba9ba4bad5e6112051b202da75562a,2949,False
data/raw/tago_stops_nearby/2026-09-03/grid_e395be7edd185528f78dcf8de565a660d25423891c026cecd1ac555ff2255630.json,014ad7ac22bcf30be368265fa08cd6a69a9b86c626444c8028325bd43d7abc28,014ad7ac22bcf30be368265fa08cd6a69a9b86c626444c8028325bd43d7abc28,3263,False
data/raw/tago_stops_nearby/2026-09-03/grid_e39b98eced25a64dc3117df37cab60b070f61c1a9ed3903aeed7040a98920e90.json,f75982df1df5a7bf4662d0a715dafcd2ae357c236c698f7508ed0bdda465e528,f75982df1df5a7bf4662d0a715dafcd2ae357c236c698f7508ed0bdda465e528,7098,False
data/raw/tago_stops_nearby/2026-09-03/grid_e3ada156b80ede7bb8de6266cf309c6e31185289dfc1e5b9756aab61214eb0f0.json,3920f97bcb19a48a3a11283c798607a79f0146870d13a94ed1a1406b2deebded,3920f97bcb19a48a3a11283c798607a79f0146870d13a94ed1a1406b2deebded,1224,False
data/raw/tago_stops_nearby/2026-09-03/grid_e3b0103ade12f6bc8297e3a986b987440cc6c04789df6847c48228a202a20098.json,4f7dc61f335203e909a4f9cf7472b7ad92bf24ffcc76f6d73731211a0fe13451,4f7dc61f335203e909a4f9cf7472b7ad92bf24ffcc76f6d73731211a0fe13451,4896,False
data/raw/tago_stops_nearby/2026-09-03/grid_e3b1ff4a3828a34214d60fbeb3f2baa33040386cb705fe257872654405cfae54.json,7a66767e0ad81e58df82dfa9dbea18ae23bd36386a7e845710bd6d323bc6a987,7a66767e0ad81e58df82dfa9dbea18ae23bd36386a7e845710bd6d323bc6a987,2751,False
data/raw/tago_stops_nearby/2026-09-03/grid_e3dbfb5f9e5c1cba0d3aecbd95d90a9d113bae48e5d8520e3d15ea6af3bf1963.json,9e8aa4a1fd911ebc18ad47d9279e2f9069fb37ff21081fb0f1d1eae3adf87aef,9e8aa4a1fd911ebc18ad47d9279e2f9069fb37ff21081fb0f1d1eae3adf87aef,3745,False
data/raw/tago_stops_nearby/2026-09-03/grid_e3ff72eb8f2e7d9be2a7da9648cdb0114ca9f6dd0d0519f47d8d73b1094c2f51.json,befcbbfe9edb605d61d9f48b8db0289d19a26697658b26b656b825cefeed063e,befcbbfe9edb605d61d9f48b8db0289d19a26697658b26b656b825cefeed063e,227,False
data/raw/tago_stops_nearby/2026-09-03/grid_e40d30ae008131b7d77bb97c2eb2f7f3bac7d0dca6a7b4307c95adc1743411d7.json,d1fdfb519c8112ea1060c75f2487e733f5bbe1a7a7dd10f55c8cecad263e582e,d1fdfb519c8112ea1060c75f2487e733f5bbe1a7a7dd10f55c8cecad263e582e,1475,False
data/raw/tago_stops_nearby/2026-09-03/grid_e430cfa63b66dad4aec00ad7937edc3e98f190502b01828bcb4d52b3b5ca2493.json,bcd20e742a8d81466c11273ae6f060043fadb6270cbef6ffd874e60cefbbc305,bcd20e742a8d81466c11273ae6f060043fadb6270cbef6ffd874e60cefbbc305,4669,False
data/raw/tago_stops_nearby/2026-09-03/grid_e45f58100b3fe1347cc53a0dc86f49d0268da96caad5ae9b9aadfb6437c052a6.json,befcbbfe9edb605d61d9f48b8db0289d19a26697658b26b656b825cefeed063e,befcbbfe9edb605d61d9f48b8db0289d19a26697658b26b656b825cefeed063e,227,False
data/raw/tago_stops_nearby/2026-09-03/grid_e46526a6d7d04832e5e702ad81628ec5e52be6d340654db64842da7cd89dc80e.json,c6e34ff6869c9a255189710f9c2c559ad876135a2f18e72926d150209ddc80f5,c6e34ff6869c9a255189710f9c2c559ad876135a2f18e72926d150209ddc80f5,2009,False
data/raw/tago_stops_nearby/2026-09-03/grid_e476d027db8d1fe6cf5c74c8126dc21129142249708343a19c49541a871cfbb8.json,a554a37c923ac56c284c5406e3591551600235e8aa597ff4377d3488779413b6,a554a37c923ac56c284c5406e3591551600235e8aa597ff4377d3488779413b6,3845,False
data/raw/tago_stops_nearby/2026-09-03/grid_e487dc1fed8f3c96971a01cdb40de27a14cb06d73445db7f78f9ee38472fcec0.json,2406ecc424c24ae6713f1b9e71c96e017827cd4229506d131c1352d06e4ea34c,2406ecc424c24ae6713f1b9e71c96e017827cd4229506d131c1352d06e4ea34c,1034,False
data/raw/tago_stops_nearby/2026-09-03/grid_e5137180ec5772b32ef6561b8730d7cbf56363c3b4badade47496a0f5714f315.json,d4961e0e0b4e2a063f4b727d48bd77fa5423e4baf458b1222190691254e05064,d4961e0e0b4e2a063f4b727d48bd77fa5423e4baf458b1222190691254e05064,4902,False
data/raw/tago_stops_nearby/2026-09-03/grid_e51e4937757f95f17dc801095d7e1c44d3c487da1b7edf7842faee21fa7ddd8e.json,be2ebb5ff1c10d548e4ccc4b8cc6ed780b9760b2595741ecaebcdba109305db9,be2ebb5ff1c10d548e4ccc4b8cc6ed780b9760b2595741ecaebcdba109305db9,1973,False
data/raw/tago_stops_nearby/2026-09-03/grid_e528a3476bc48b3e76f03be7ef3c50d98bb797319554ac559c83f3c4b4a1293b.json,0e8462931ff88eb14a2c65b8bdb2576a5e3c2ddd8e16f15fa722c1ded0bb1752,0e8462931ff88eb14a2c65b8bdb2576a5e3c2ddd8e16f15fa722c1ded0bb1752,2699,False
data/raw/tago_stops_nearby/2026-09-03/grid_e537080924012e606174ae1d1ba35828839273b5dbc7b24bf5c40dd9c7eb170d.json,41aa8a97178f25722e4ae7de5dac7d4bf55d39f5e7bb247741cfb6681383dffd,41aa8a97178f25722e4ae7de5dac7d4bf55d39f5e7bb247741cfb6681383dffd,3717,False
data/raw/tago_stops_nearby/2026-09-03/grid_e54a285010eaf7de5d4c78e0ca6aa9488fb37eb453afd77fdaae294d95a6523b.json,f83a4608998b11f67c2109c7016c52801edf39ad3a2f6fa5a3282a85a0f1e3fa,f83a4608998b11f67c2109c7016c52801edf39ad3a2f6fa5a3282a85a0f1e3fa,1253,False
data/raw/tago_stops_nearby/2026-09-03/grid_e557bbf986ef71ce2701c15113e6a33a54b8396076d6456bc27c563c3882eda3.json,252e361ee8f4730ce82d08f6ea4cd4474511e6f976c2f2dd5540e98234c09492,252e361ee8f4730ce82d08f6ea4cd4474511e6f976c2f2dd5540e98234c09492,5547,False
data/raw/tago_stops_nearby/2026-09-03/grid_e55c1c0c614c300106810821de9026a91d89e51650c98a6871a866164a16c9f2.json,d82f5ea2063aa2152c5d09f2bd109384fad0ab973a729178a8c0b7e261138c94,d82f5ea2063aa2152c5d09f2bd109384fad0ab973a729178a8c0b7e261138c94,3832,False
data/raw/tago_stops_nearby/2026-09-03/grid_e5902ba515bb68cfe6a7a106c32dd617b18f1afb8d4dd6122718194191a47395.json,2c2ad64b796ef77e7d9228ee83cd97e652503a97052371c346e4d3a4c6441770,2c2ad64b796ef77e7d9228ee83cd97e652503a97052371c346e4d3a4c6441770,2043,False
data/raw/tago_stops_nearby/2026-09-03/grid_e5952eda678cd1de1fef907a3075e212ed45a5f14e3d8f2bb3acb3d45f724c16.json,c246a2baa722a2fe1e23aa14f2584196a8cd8ec34db14ee44a4d384faa3c9bc7,c246a2baa722a2fe1e23aa14f2584196a8cd8ec34db14ee44a4d384faa3c9bc7,7243,False
data/raw/tago_stops_nearby/2026-09-03/grid_e5f2243e40699b4548b751484a1876b20b62d1ba4f9a4cd54eab388df01c325c.json,10f008b670ede8484209a96912f640d5e7a71c0014a5938d89f9edef0f7c34a6,10f008b670ede8484209a96912f640d5e7a71c0014a5938d89f9edef0f7c34a6,7931,False
data/raw/tago_stops_nearby/2026-09-03/grid_e6016acaaa769231e3751acce209aa065d42258bbaf2c06d6aa20c5829b96818.json,befcbbfe9edb605d61d9f48b8db0289d19a26697658b26b656b825cefeed063e,befcbbfe9edb605d61d9f48b8db0289d19a26697658b26b656b825cefeed063e,227,False
data/raw/tago_stops_nearby/2026-09-03/grid_e6321b5d8bc415b31a27eb40ae1604f46a0f07324fdcd07b72328733243274c8.json,8c3bce9f7e7d1e91aa9ebeed0626b5f7b8079d58f78e023c473d544e4ac512fa,8c3bce9f7e7d1e91aa9ebeed0626b5f7b8079d58f78e023c473d544e4ac512fa,5844,False
data/raw/tago_stops_nearby/2026-09-03/grid_e66070d117fd37dc685e947beecb80b87d6e60d18dba649f082dd6375ce50aaf.json,25ec835cf1b0345ebb6f5cb8ea79204fc448cc9bfad184a4beda10c6927dbb64,25ec835cf1b0345ebb6f5cb8ea79204fc448cc9bfad184a4beda10c6927dbb64,3818,False
data/raw/tago_stops_nearby/2026-09-03/grid_e6a41b9c2622ed6f096aaf99c9f44598cf2df59c3ac9d4f1348eb5657c167092.json,0441c4c2cf1fb1700a5d9c62340ea456bb50b34ebd11bee89d776d9b9b76c144,0441c4c2cf1fb1700a5d9c62340ea456bb50b34ebd11bee89d776d9b9b76c144,456,False
data/raw/tago_stops_nearby/2026-09-03/grid_e6c3a5529461735301a8feca5a91517c85cb611d145e795d35a4c4a20612b116.json,8da69140d6f5687931d7b1ef83cdf6c725d93b7f93e33e94a691ef662b098539,8da69140d6f5687931d7b1ef83cdf6c725d93b7f93e33e94a691ef662b098539,4175,False
data/raw/tago_stops_nearby/2026-09-03/grid_e6c818cb8a27a9eb293a67bf41b2626e0a46aecf27dcb468674d190877ea9859.json,88132856a1bfd1ce078bc145e1f3e41356d830949062f9400f22cf2d3bf8ac34,88132856a1bfd1ce078bc145e1f3e41356d830949062f9400f22cf2d3bf8ac34,1744,False
data/raw/tago_stops_nearby/2026-09-03/grid_e6c90624ecf839167f2fe88bfdd3c940b7b3759d2c89fa2b4ca0b05bfba93b73.json,509706db22cc666f9540c763644300a4ca1a003b4c19c0d09ed2c524b1a8f0df,509706db22cc666f9540c763644300a4ca1a003b4c19c0d09ed2c524b1a8f0df,1286,False
data/raw/tago_stops_nearby/2026-09-03/grid_e6e1236ca501362239754c41c1b10db80f570c2751ea68ba112f92911f307871.json,d068313de2968339ced7925b87ecd911464ec0b63c0b88ded4ee8db00dba9d6e,d068313de2968339ced7925b87ecd911464ec0b63c0b88ded4ee8db00dba9d6e,2969,False
data/raw/tago_stops_nearby/2026-09-03/grid_e70b665d390a6c39976031944c8304ef3253f1191f13e1f4b7c4068c42a9415b.json,529765a813f1c2d0358a632c040f27c05285e20aeeb856e3da56d7252cc29b9a,529765a813f1c2d0358a632c040f27c05285e20aeeb856e3da56d7252cc29b9a,3219,False
data/raw/tago_stops_nearby/2026-09-03/grid_e751f099adb15d14a3cd15cfd0d8770ac3a460ded3fa09eaa9d7c6428baa0476.json,5936034b77df581888562a245cac5037045bfd5f631095da3628b58bf0a24aef,5936034b77df581888562a245cac5037045bfd5f631095da3628b58bf0a24aef,6241,False
data/raw/tago_stops_nearby/2026-09-03/grid_e779ce0b8cebba94dabcbb4e86bbd8b5a20685583b3c588f0a081266f15734a4.json,e0e913888436d649796a304122b944d4bbe3b865278f1867f36bd8c3a6963662,e0e913888436d649796a304122b944d4bbe3b865278f1867f36bd8c3a6963662,1219,False
data/raw/tago_stops_nearby/2026-09-03/grid_e7869633f5b08ee5fc76431334a3aea9017a7a1d384fe8111d6266c1fc3410b3.json,1d1699d32ac6d9b6a964dc0847780957a1b84b9027a2ce8cd8fbf7b286d4a528,1d1699d32ac6d9b6a964dc0847780957a1b84b9027a2ce8cd8fbf7b286d4a528,1714,False
data/raw/tago_stops_nearby/2026-09-03/grid_e812a6d220d7690e68fa69f20c00eead0cfdf1394b3036a3e3e03baed0d55fbc.json,adcaf1afe7bf0f3ed7d07432e074f483e00634d98ed2b6e191bbcfdc733dc8e1,adcaf1afe7bf0f3ed7d07432e074f483e00634d98ed2b6e191bbcfdc733dc8e1,4991,False
data/raw/tago_stops_nearby/2026-09-03/grid_e81f4d68e0248e7b84554e84b5efd705c0b419fa84f126bfa01c2e5267e48291.json,c3559562b955d0e3301861abd0e8d42a85d01fc7370b95cb3ee4e6dc0a0c6534,c3559562b955d0e3301861abd0e8d42a85d01fc7370b95cb3ee4e6dc0a0c6534,1522,False
data/raw/tago_stops_nearby/2026-09-03/grid_e83185302a0b27b515c16043cff56daf6c93d682276565b7aa8f7824b4da5923.json,830181037731c03d5fcc0d97a228330fdd17f5e320048a2e3c1c13e1c7abd547,830181037731c03d5fcc0d97a228330fdd17f5e320048a2e3c1c13e1c7abd547,5606,False
data/raw/tago_stops_nearby/2026-09-03/grid_e84cce682e99b43bba0a24dfd02c78ac57c7c48c8017d1e7e9ae6251c3ad8d6c.json,7e209b68814cabe6ad4648767205874edafb62a89a4bf2362d6ba73235cdf8a4,7e209b68814cabe6ad4648767205874edafb62a89a4bf2362d6ba73235cdf8a4,842,False
data/raw/tago_stops_nearby/2026-09-03/grid_e8863a029bf9be6094ba4022a9823d78b3ecce3ef9934e52b1dde5d686f2d5d9.json,4960832d2d6090548492096969c33421dc415b44b795ef4ab12adac993c196ef,4960832d2d6090548492096969c33421dc415b44b795ef4ab12adac993c196ef,983,False
data/raw/tago_stops_nearby/2026-09-03/grid_e8fbed94fc1c0a0654bb16cebed09c2ba17e7e5744a41be791911093d2dbb412.json,d33f8fafa3315b204e6f4f7210e11ba3913e145a999829ca12f8e6519a953baa,d33f8fafa3315b204e6f4f7210e11ba3913e145a999829ca12f8e6519a953baa,1242,False
data/raw/tago_stops_nearby/2026-09-03/grid_e90d6fb8879f9ccdd2a44b8906dd638f67dba3ae40f1de32cf293de164047959.json,f89bd7c023345d4fd323d55d44810edf4786062def27bdd2f23573e29164041f,f89bd7c023345d4fd323d55d44810edf4786062def27bdd2f23573e29164041f,2944,False
data/raw/tago_stops_nearby/2026-09-03/grid_e919af5db310bebe07d4a107e2f9f55b940b0495d4a59e938dd9e60e7b82bbb1.json,befcbbfe9edb605d61d9f48b8db0289d19a26697658b26b656b825cefeed063e,befcbbfe9edb605d61d9f48b8db0289d19a26697658b26b656b825cefeed063e,227,False
data/raw/tago_stops_nearby/2026-09-03/grid_e946b0de25f0812b32cc345f0b0303e24b4aaf2af6b0fe42d4347dea7ee34581.json,1c70fc955b5aad7b750d5fbd6b53e5098bbd107b82e181382c0f9628ab13369b,1c70fc955b5aad7b750d5fbd6b53e5098bbd107b82e181382c0f9628ab13369b,5409,False
data/raw/tago_stops_nearby/2026-09-03/grid_e9761e925c1f29376d845e73f68838da9b1a3d00794293c63ebf0404b58b2fca.json,56418d3003c5cda66e77d3f4ac8a16567c35b2e14edeec9d6620768ea1ce685a,56418d3003c5cda66e77d3f4ac8a16567c35b2e14edeec9d6620768ea1ce685a,4313,False
data/raw/tago_stops_nearby/2026-09-03/grid_e9772f1e6126e7828d9a860b1235ed3766c0172055bcb6d7f64b2394b9f0c4d5.json,befcbbfe9edb605d61d9f48b8db0289d19a26697658b26b656b825cefeed063e,befcbbfe9edb605d61d9f48b8db0289d19a26697658b26b656b825cefeed063e,227,False
data/raw/tago_stops_nearby/2026-09-03/grid_e9a07dc21c5ec12246e2fc1625debb1d6ba82109f011714aad0cbb9fd7e7db37.json,a57f5337555c117350972b494a9f7e05d352b0ef07746fecc03da56209313f11,a57f5337555c117350972b494a9f7e05d352b0ef07746fecc03da56209313f11,6729,False
data/raw/tago_stops_nearby/2026-09-03/grid_e9aefc9a04b5d26b0050fac25208caac553cae59ad86af5b37209dfc249ca1cd.json,25e35f507edaa3403a1a011c8807ac93a6c10bdc0e7fd88deaf90ff28da6a889,25e35f507edaa3403a1a011c8807ac93a6c10bdc0e7fd88deaf90ff28da6a889,1489,False
data/raw/tago_stops_nearby/2026-09-03/grid_e9b8754cd6156a0da8a665583a1dcaccb293252b57f84576138c4ad00c28e368.json,8634a7b9c69847e90a67e4998758a985eab9d7904d77dff5ba8f79e1da55095d,8634a7b9c69847e90a67e4998758a985eab9d7904d77dff5ba8f79e1da55095d,2618,False
data/raw/tago_stops_nearby/2026-09-03/grid_e9e20ce58d6d20631c3684adb68b8994807981efb20ba4229064a4ada290bb95.json,60b03a3e09fdf1e5553a8aec9fa907cf282b34f3e00b7d86249cf1245f946209,60b03a3e09fdf1e5553a8aec9fa907cf282b34f3e00b7d86249cf1245f946209,3958,False
data/raw/tago_stops_nearby/2026-09-03/grid_ea4464fc985da88a2ea28a0c15b912b93fb322254bedfbce618b2b0f04727a0f.json,1634bc51edac3abfee5ec89db84a48e740cdb8b8022305b9e287c3a85f0fad36,1634bc51edac3abfee5ec89db84a48e740cdb8b8022305b9e287c3a85f0fad36,2229,False
data/raw/tago_stops_nearby/2026-09-03/grid_ea510572882a0a65f99617384086e861ed769b182be2e39e4e5736f3bea91f66.json,9e134d213137f653473222f1f77963984c8dc5ce24b51d4e2968ef4d5b895356,9e134d213137f653473222f1f77963984c8dc5ce24b51d4e2968ef4d5b895356,1110,False
data/raw/tago_stops_nearby/2026-09-03/grid_ea5dda5f8989dd9397d65ba51d192647aadef0181f63e63a0f5f1a191f954144.json,ec9e4ede430ac198a84791322afb80c9cbe4451b259728090b9a764e393e9ea4,ec9e4ede430ac198a84791322afb80c9cbe4451b259728090b9a764e393e9ea4,3986,False
data/raw/tago_stops_nearby/2026-09-03/grid_ea6248544ef2567af1900fc1876eca5ef4a5cfbb80379fd58b35af8b9db2629d.json,b3c8ed62231c529bf82d55b90bcd574da7b1bf3cd8720720aea613e592487b99,b3c8ed62231c529bf82d55b90bcd574da7b1bf3cd8720720aea613e592487b99,3126,False
data/raw/tago_stops_nearby/2026-09-03/grid_ea8d3d823b50ece84f694cc9dbb63e2c57477e51d0246a5aac26da410385692f.json,cd09c0e61806afca8fa1644d1f8d87d712b3cfde35e81623086ef5464c34d47c,cd09c0e61806afca8fa1644d1f8d87d712b3cfde35e81623086ef5464c34d47c,3662,False
data/raw/tago_stops_nearby/2026-09-03/grid_eaac78c0ed5cb02a5cae1be88adc3e957d074dd5e1fb808c25379d700fb56291.json,2a62756303eba75351496c2e89072b406d64773c6b243a76efaa05efae663a68,2a62756303eba75351496c2e89072b406d64773c6b243a76efaa05efae663a68,4643,False
data/raw/tago_stops_nearby/2026-09-03/grid_eb03da43852b575775fd67db6324f3214d3ad7b30c1d9ec6ea004dc54bed296c.json,cbd6b846b9fb4a324c0b685fc4d54d4f2bb635406dd2efdf3dba72d8cb465831,cbd6b846b9fb4a324c0b685fc4d54d4f2bb635406dd2efdf3dba72d8cb465831,2002,False
data/raw/tago_stops_nearby/2026-09-03/grid_eb12449aa17564bdefd5da51da7a304864bd4b154888e15c2ce06df5fc9ecf0b.json,b169acc0cad5070bcfdbad9198cf13e92888b60fa431565ded94b4f4446a1eed,b169acc0cad5070bcfdbad9198cf13e92888b60fa431565ded94b4f4446a1eed,4994,False
data/raw/tago_stops_nearby/2026-09-03/grid_eb22d76658088478b8ec21bb159530b9b4f0d70b420ca7e832ede3d41a3d9cc5.json,e319ff7aac106c19bf03c6733360be925488d128af1e3675d88de20f45e265a5,e319ff7aac106c19bf03c6733360be925488d128af1e3675d88de20f45e265a5,4830,False
data/raw/tago_stops_nearby/2026-09-03/grid_eb3366a222a4303b6d87f0a59ab6a9292c242d3bfb50700e5ad96b46209ba106.json,236a829204e3b26bb0e675a654457f360d1366e4158c52256ecadbd3ee1e1814,236a829204e3b26bb0e675a654457f360d1366e4158c52256ecadbd3ee1e1814,2257,False
data/raw/tago_stops_nearby/2026-09-03/grid_eb615089e96b5651adce877ccf907d1797d6947702e11bbc6e98cd301dc890de.json,24dd0e75e081b48b2a1ab74f4eb67f34c14cdf77ec66ca454e935744dac0bb40,24dd0e75e081b48b2a1ab74f4eb67f34c14cdf77ec66ca454e935744dac0bb40,2488,False
data/raw/tago_stops_nearby/2026-09-03/grid_eb61e69c9353d191db6d8a9be235e5c42f6b7c52ffd9e3f21b9902e11354386a.json,74dfb9e5f275be9e954c73b55a1079f5cde6ece952c3c3526234c68fa7576e29,74dfb9e5f275be9e954c73b55a1079f5cde6ece952c3c3526234c68fa7576e29,2174,False
data/raw/tago_stops_nearby/2026-09-03/grid_eb68d69b9e203b74bc211de03b5e4c9b027e84528a63a269ed478774e4d07222.json,ade372f4c090ba568410e5ccbf6787324c0bc5ac2a056a5e9b5105891911c396,ade372f4c090ba568410e5ccbf6787324c0bc5ac2a056a5e9b5105891911c396,7297,False
data/raw/tago_stops_nearby/2026-09-03/grid_eb6d50e925062c1f9a5030d16902a8b04c9c036dc93a954cbdf6719bf97b1e2e.json,0dead27d4c7f6a381009629dfc8f780f75d202785445cf695d5c5de3da0be5c6,0dead27d4c7f6a381009629dfc8f780f75d202785445cf695d5c5de3da0be5c6,1086,False
data/raw/tago_stops_nearby/2026-09-03/grid_eb72883f2682425eea5f162b943ffb6f9f63c3660748c5ea062d3dd6b9b8ab5d.json,f3cf34c2f1d787d33f4b5105424043b7c543c2c505ab8548abdf221499668651,f3cf34c2f1d787d33f4b5105424043b7c543c2c505ab8548abdf221499668651,2832,False
data/raw/tago_stops_nearby/2026-09-03/grid_eb77b14a49b6d622fdfb8e3526e63ab692d9b8151dd8356aa2fdb95db8340339.json,b0da654cb7e137db1d65bed297afdb1c2a43014381c3b2dfa0f17b434ed4842b,b0da654cb7e137db1d65bed297afdb1c2a43014381c3b2dfa0f17b434ed4842b,3191,False
data/raw/tago_stops_nearby/2026-09-03/grid_eba05ae8f8e48b15e35e6e1a7574bb0c6f2ac83578bbf6e9f801c6bb91cf8a33.json,f9bc4fcdeb9c0ca13c620a501e42a298d9e65f0b8e6f03d5a74b33e23fb20aed,f9bc4fcdeb9c0ca13c620a501e42a298d9e65f0b8e6f03d5a74b33e23fb20aed,752,False
data/raw/tago_stops_nearby/2026-09-03/grid_eba9209a94c07069f50e85bd84d83a4578bf859bf3b8d7dcfb31c9cc95a8379b.json,c2e6377d8862eb32f72ccd798c96e3e20e474508114662ccab45dc7a4e4f75ad,c2e6377d8862eb32f72ccd798c96e3e20e474508114662ccab45dc7a4e4f75ad,1820,False
data/raw/tago_stops_nearby/2026-09-03/grid_ebcda48e9d920e4ce98151886675bf6e8f4fb09055ddaa375de0e8ebb5e777f8.json,a457c13642b3179bb4236c7c7776fa1b9170f991cc7f654bc540aa761bb9fc52,a457c13642b3179bb4236c7c7776fa1b9170f991cc7f654bc540aa761bb9fc52,2288,False
data/raw/tago_stops_nearby/2026-09-03/grid_ebd14148174389f7628b78f1871250963f222ce36d38eec2a18d84f8ebb9a278.json,b18bab4d8daf5c66511297e745bc6e7022db824073b5b0c6a36cfd110bc478e2,b18bab4d8daf5c66511297e745bc6e7022db824073b5b0c6a36cfd110bc478e2,3334,False
data/raw/tago_stops_nearby/2026-09-03/grid_ebd194c7a8bc887a6a3f2585ea205512da139857ceeea2f5c9bf93387685ffba.json,befcbbfe9edb605d61d9f48b8db0289d19a26697658b26b656b825cefeed063e,befcbbfe9edb605d61d9f48b8db0289d19a26697658b26b656b825cefeed063e,227,False
data/raw/tago_stops_nearby/2026-09-03/grid_ebeb9d618c210ad8bca309ffc056641bd85e2ee96f87631bd5ab4fdb77dff523.json,9074a95f544f551cacc2b4acaa37fc41ac1fdedc44933402b581f46a11004a52,9074a95f544f551cacc2b4acaa37fc41ac1fdedc44933402b581f46a11004a52,2901,False
data/raw/tago_stops_nearby/2026-09-03/grid_ec02b36109ca8521c8a17f20a32e110747544c7a05d1501bc32e7ab8ab82c15b.json,32f97226adb9ab2fad8f232ca86b17114a8cf173bd4999e788e4e7dc7620a978,32f97226adb9ab2fad8f232ca86b17114a8cf173bd4999e788e4e7dc7620a978,3217,False
data/raw/tago_stops_nearby/2026-09-03/grid_ec056ad488e8dda3d7116717837d6e330ca72d05e909841801eeea7330b7d255.json,21f27bc813349d9f56f89152ddf7e37f96fe9756e5d9442f7b627bd5b6d21784,21f27bc813349d9f56f89152ddf7e37f96fe9756e5d9442f7b627bd5b6d21784,3200,False
data/raw/tago_stops_nearby/2026-09-03/grid_ec0cd2da2cf259d2354e034418efac85ac2e868a82b44cd4a57d03f5f5403328.json,c4ab5179f253a6c9c0ea162e5e4f01c2604dda5d8e53be067b54c3acd71c014c,c4ab5179f253a6c9c0ea162e5e4f01c2604dda5d8e53be067b54c3acd71c014c,4684,False
data/raw/tago_stops_nearby/2026-09-03/grid_ec288f8eba1f62af9be487f92f43c8d6482552cfca87495b8631bca54b28288f.json,3c001b6c6d46607bcebb245f338ba14daf4205141a1c3251d78edda6b3ed0613,3c001b6c6d46607bcebb245f338ba14daf4205141a1c3251d78edda6b3ed0613,818,False
data/raw/tago_stops_nearby/2026-09-03/grid_ec2a191c267df932a528ffdb8cb42ff61b888fb678d25991740cb8f857729f37.json,befcbbfe9edb605d61d9f48b8db0289d19a26697658b26b656b825cefeed063e,befcbbfe9edb605d61d9f48b8db0289d19a26697658b26b656b825cefeed063e,227,False
data/raw/tago_stops_nearby/2026-09-03/grid_ec317d187d96e886422ff9cd3c0c46c03d3a6dc9a913214a84a6e173ed123b3f.json,64e447aadd8529cff51b3d989ff4b38f0696c70b462676a783c96ae6c347ebb4,64e447aadd8529cff51b3d989ff4b38f0696c70b462676a783c96ae6c347ebb4,2552,False
data/raw/tago_stops_nearby/2026-09-03/grid_ec645c53d31839860491bbb2921f620545384e69fc2b1c8b58963d246a0b7209.json,208ccd749cd8276180beb54996095a1473ffdcdca7b8464fdc7ac2010b538e68,208ccd749cd8276180beb54996095a1473ffdcdca7b8464fdc7ac2010b538e68,4885,False
data/raw/tago_stops_nearby/2026-09-03/grid_ec71fb22609cce300ac292a6cc8569bacf150ca013075cb6f82309921a926c9d.json,86ea5394d79441b715ec2da76f4dccae2b77bfd449c21660698d2facd05ba560,86ea5394d79441b715ec2da76f4dccae2b77bfd449c21660698d2facd05ba560,4211,False
data/raw/tago_stops_nearby/2026-09-03/grid_ec8e4c18ef571be4b1906f8b32acf868889387f591d9216b6619983c53838b7d.json,e1026aa1bb43b9411bdf83fbdeca266f641f289d88faaf72a0cc9ae72135ed29,e1026aa1bb43b9411bdf83fbdeca266f641f289d88faaf72a0cc9ae72135ed29,4272,False
data/raw/tago_stops_nearby/2026-09-03/grid_ec95643d8423639c95b14493aff400a37b952568e0e2f2769c7a15c3cadadea8.json,c5e0d9a0fd6e9414575af9ac7ca96337779e49191cac95f5cc946ae7b75c4fe6,c5e0d9a0fd6e9414575af9ac7ca96337779e49191cac95f5cc946ae7b75c4fe6,2405,False
data/raw/tago_stops_nearby/2026-09-03/grid_ecb300da956a8a7ca8b77e67ba873a470740a998661126bee22d6ec171383fd2.json,2ab0d1dd0810dcd89c35f3da38af2c129ae2a16c9142e4af06cffef4df9096d1,2ab0d1dd0810dcd89c35f3da38af2c129ae2a16c9142e4af06cffef4df9096d1,3514,False
data/raw/tago_stops_nearby/2026-09-03/grid_ece513c88a2a18441f216517ffdbbebb733aece2a25b7e2a7618d726c78ac350.json,ef984c094bdaf4452438a927da6978ee64d2ef2a28fa921f813a7425e2b18e1b,ef984c094bdaf4452438a927da6978ee64d2ef2a28fa921f813a7425e2b18e1b,3495,False
data/raw/tago_stops_nearby/2026-09-03/grid_ed03d8853eb617282588e6db7f3c91f4611cd05bbf7f581f2eea82dd11db1d72.json,376650b2f8b880bb908b28caf7f9dd82182c0e109c0583f6d813d1a53b0a4ab8,376650b2f8b880bb908b28caf7f9dd82182c0e109c0583f6d813d1a53b0a4ab8,4712,False
data/raw/tago_stops_nearby/2026-09-03/grid_ed119318cd17ed6855f8072cb396453d3c103a899a0a58b7c59a4a1a32fe33c4.json,f1a86f7d03d92d6647b4d218db1b74943dee77797e041bbc31115129920bd554,f1a86f7d03d92d6647b4d218db1b74943dee77797e041bbc31115129920bd554,3095,False
data/raw/tago_stops_nearby/2026-09-03/grid_ed1a0e7852b77dc9c445a8820c1bb34149f9b6ee3f9597e298dc0de3c0bc9ee9.json,c0ef009cba479bccaf3b729807fe1c41d2f40485d15e735b50cf120a37361e26,c0ef009cba479bccaf3b729807fe1c41d2f40485d15e735b50cf120a37361e26,4091,False
data/raw/tago_stops_nearby/2026-09-03/grid_ed1c7f9dc5c4b36ef8875d5ea9ef59aeaf7ca8c23e96c15b521404078a264621.json,6604768de642d8bac480f5f2685bca905d084a57098a269a875bd1ab04598123,6604768de642d8bac480f5f2685bca905d084a57098a269a875bd1ab04598123,5524,False
data/raw/tago_stops_nearby/2026-09-03/grid_ed41b48a3ac5328e1619dcc3e4d2de5057fbf19454a72f22d8c8425b9b8f8daf.json,a27e24752e15ab51a1e5cd0c78a0d2bd772ac245a4ccc3f7a691a0c53daff9e1,a27e24752e15ab51a1e5cd0c78a0d2bd772ac245a4ccc3f7a691a0c53daff9e1,1237,False
data/raw/tago_stops_nearby/2026-09-03/grid_ed5bb525d57f87e8870b980f2d2f2cbb374aec772fff4896cfc6be4d8f568829.json,a0ebdd1994f79e6d0e28f1bda7f5e1fec0fd3f817963b6fd87eff0aebae48610,a0ebdd1994f79e6d0e28f1bda7f5e1fec0fd3f817963b6fd87eff0aebae48610,4923,False
data/raw/tago_stops_nearby/2026-09-03/grid_ed747b9722dbf0b9e81c0e232a51427d7b2f18fc0d75ecfda31a9e4efc5e9aa8.json,3035316e72461112c82e7e87faa573eda0821395ed9fcb22ca6e95df24237e76,3035316e72461112c82e7e87faa573eda0821395ed9fcb22ca6e95df24237e76,1997,False
data/raw/tago_stops_nearby/2026-09-03/grid_ed78b7a93bb51b3a9870df5af9055f25b561ebd51c188cdee53f2d005eededda.json,b622dfeec519d593ffb58e2bea2c72e68e6f2c88894db31eb7955fcc29c36fa4,b622dfeec519d593ffb58e2bea2c72e68e6f2c88894db31eb7955fcc29c36fa4,7847,False
data/raw/tago_stops_nearby/2026-09-03/grid_ed8e0d5c0af93e468a9360abba0327e6c11c3c181cfeff9db3fc045b8112ad41.json,4b023790d8fb59499c9655ca7e6f4fbe55af8b6dd65f7b996d0f31f59b32da60,4b023790d8fb59499c9655ca7e6f4fbe55af8b6dd65f7b996d0f31f59b32da60,2230,False
data/raw/tago_stops_nearby/2026-09-03/grid_eda236af1427d99ec723adb32b4d26cb787e615ec816b13431d31f4abee5bafc.json,36ce4b2321489b2dc846f8534f83ab4574d219d90a2a5f8128cd9117ac7cd22a,36ce4b2321489b2dc846f8534f83ab4574d219d90a2a5f8128cd9117ac7cd22a,4129,False
data/raw/tago_stops_nearby/2026-09-03/grid_edc1e73c386451ff6134929230005ac6f3e6373bca8fad751fcf8b014675776c.json,2be7c7695f42106237f3c45e3a6584075496db2ac16db5461b11caf07ad5533f,2be7c7695f42106237f3c45e3a6584075496db2ac16db5461b11caf07ad5533f,4584,False
data/raw/tago_stops_nearby/2026-09-03/grid_edd7d72e63ef87e6d0ceefee8792a8ed349c2f36dbd033191b2149ac3d054f7b.json,3c671b184978e0d6983ca7108e90d5583ed7f10ac5adf4039453241d9f8b94f1,3c671b184978e0d6983ca7108e90d5583ed7f10ac5adf4039453241d9f8b94f1,5838,False
data/raw/tago_stops_nearby/2026-09-03/grid_ee3e838a6abb1405ad122b1387bee2467ecb720f878084e1bcebe90c088b4a8e.json,d84dd19b2ab4e1ee9a33e6fcebc8addc26258aefdf2d09651454315198a9698e,d84dd19b2ab4e1ee9a33e6fcebc8addc26258aefdf2d09651454315198a9698e,3793,False
data/raw/tago_stops_nearby/2026-09-03/grid_ee4c2dce37d3122ef544b7201cacbf0daf1b499fed497540a3879c889cf41a6d.json,befcbbfe9edb605d61d9f48b8db0289d19a26697658b26b656b825cefeed063e,befcbbfe9edb605d61d9f48b8db0289d19a26697658b26b656b825cefeed063e,227,False
data/raw/tago_stops_nearby/2026-09-03/grid_ee7f11c22269c612aca7b9118d6e8f25500c3dc35cdd5f167b720ac3de2b72b7.json,24ffdae00add07f01e77379c894430a12688f1a478fec9dba0e40f8e587bb281,24ffdae00add07f01e77379c894430a12688f1a478fec9dba0e40f8e587bb281,3288,False
data/raw/tago_stops_nearby/2026-09-03/grid_eeb66d01a402e849e7dc14148d693b30695422e8fd5e5cecdec79b08cb1f316e.json,8fa87fa3cac7a08f8dd040eb51771d99ec4e1fb49a1ddc75eb9929c7f14bfe48,8fa87fa3cac7a08f8dd040eb51771d99ec4e1fb49a1ddc75eb9929c7f14bfe48,4540,False
data/raw/tago_stops_nearby/2026-09-03/grid_eec9c77018a582f4d8f4672791d0a4073e06233882e0ed739cf5d99feb80f4a7.json,533bd4f46690f49e5313b285a52344e202a7fc8d0525b4a8b2651e5fb57ceb5b,533bd4f46690f49e5313b285a52344e202a7fc8d0525b4a8b2651e5fb57ceb5b,1386,False
data/raw/tago_stops_nearby/2026-09-03/grid_eecbce6e602f321fd740a74697675e5ec78ddd7e3acd16ae579b293a53580b89.json,82c325ec96f9ee1cd2b7be607ea2de79ab94bcde9540446780d58fb42417bb82,82c325ec96f9ee1cd2b7be607ea2de79ab94bcde9540446780d58fb42417bb82,4891,False
data/raw/tago_stops_nearby/2026-09-03/grid_eeed2fc21a807040b44f5be883ebae1c61b6ed0fe6974671e252b73537aa8241.json,9e4dbe90c206cef4b57497f567fd361af52fe5c7375c42cc8575b4e0691a991f,9e4dbe90c206cef4b57497f567fd361af52fe5c7375c42cc8575b4e0691a991f,6064,False
data/raw/tago_stops_nearby/2026-09-03/grid_ef0d0f7c08d6e43194638d6e2bd26fd80c3d54308b603090de43b3a1c5a74a9e.json,4704d75871f042b617f7016f8a0bab83dc60462d83ec1c7bfb2d773319366ccf,4704d75871f042b617f7016f8a0bab83dc60462d83ec1c7bfb2d773319366ccf,4692,False
data/raw/tago_stops_nearby/2026-09-03/grid_ef19b2aabe4f3374136ba54469f0f72616665dd0674d07a8e06ef4b95057d184.json,367a286fc3d19ee994ea1208b625871105fe98b255edfbaaa1c8fc2bf05929a2,367a286fc3d19ee994ea1208b625871105fe98b255edfbaaa1c8fc2bf05929a2,1980,False
data/raw/tago_stops_nearby/2026-09-03/grid_ef26259a4089474e3f2810a51ce921a3800d95452f8d00076710adc2e2c85982.json,87148e05cf86b34802eef6c323bb40ef1625b2b078d00bb26fbf2da98b72bdc0,87148e05cf86b34802eef6c323bb40ef1625b2b078d00bb26fbf2da98b72bdc0,3845,False
data/raw/tago_stops_nearby/2026-09-03/grid_ef27cc3f6fdfe95ccb99b282a29f451ada651ff56be4f5884fd00a3dbd0f1c17.json,6bcb96751a86bf25cff1c3b87a2e5eda3786e14f1c4de03d6a94edbd9ee653dd,6bcb96751a86bf25cff1c3b87a2e5eda3786e14f1c4de03d6a94edbd9ee653dd,1247,False
data/raw/tago_stops_nearby/2026-09-03/grid_ef2df3f736798f3ae2ec1c9eba8b3f8cec3442cbccf1157049587461f2dd45dc.json,2cb1860cc998f6325c18cbfbaa76a3e9b96ac1750b01b8b001e41279027bc6e2,2cb1860cc998f6325c18cbfbaa76a3e9b96ac1750b01b8b001e41279027bc6e2,3020,False
data/raw/tago_stops_nearby/2026-09-03/grid_ef3ebbbee9de1ec0e37f262f47722ffba52d07b1c8aba9add98ea72a1efcb46c.json,02c00bf44cabae33bd1c740f650a436f22dc11b2d7219af929ce78fecab30473,02c00bf44cabae33bd1c740f650a436f22dc11b2d7219af929ce78fecab30473,2193,False
data/raw/tago_stops_nearby/2026-09-03/grid_ef428eaa788a95732c835e8d712cd9def332ee3c5214b178e8bb9914fbbefeec.json,13b73912bab065a41f9492ac4b8e13cab05b648d74a47d7b689963abc220e96e,13b73912bab065a41f9492ac4b8e13cab05b648d74a47d7b689963abc220e96e,5395,False
data/raw/tago_stops_nearby/2026-09-03/grid_ef7c6a21525c29982e96024a81c3635272bf9645d5990963aa2756345e4db05a.json,209b24a19adc92f29bae059a05396ff17578be82df2a6e051a4b694b921a9421,209b24a19adc92f29bae059a05396ff17578be82df2a6e051a4b694b921a9421,5486,False
data/raw/tago_stops_nearby/2026-09-03/grid_ef8bff3cafefc976d46ffa72be0189a9548976ee81777237901d26e3334b8a58.json,5da96fd374e573e81cd594e22de413762122079010c0d54d2fb990ca7c060b60,5da96fd374e573e81cd594e22de413762122079010c0d54d2fb990ca7c060b60,5737,False
data/raw/tago_stops_nearby/2026-09-03/grid_ef8ff7ed1a1ca45552f0509c6a47f5ebe1529b2d15ac5c98a23811cc13825e8c.json,dd197fbeca8ea425653881209a94657dd80ea76956848046f8751c022fc969cb,dd197fbeca8ea425653881209a94657dd80ea76956848046f8751c022fc969cb,3959,False
data/raw/tago_stops_nearby/2026-09-03/grid_efb6c123f08dc8c5de3b46cb3f24085a676001579ada5e7d8d20d34fcb04eea3.json,b9d711fa2f11aec383564cf206fa04d8aa50d0b4f7781b471dd506add7eed566,b9d711fa2f11aec383564cf206fa04d8aa50d0b4f7781b471dd506add7eed566,2008,False
data/raw/tago_stops_nearby/2026-09-03/grid_efc26a849f87dc5200a3a00d1057ecf75cd2dfc49dc476b58c128505560ecdbb.json,a3e7f912d13edaceae28c3dfc4c8a585173b9372f47aeb3a18a53bff0a20ca24,a3e7f912d13edaceae28c3dfc4c8a585173b9372f47aeb3a18a53bff0a20ca24,2938,False
data/raw/tago_stops_nearby/2026-09-03/grid_efd0a5fbfe1138538beed3fd70b55523fcf7574412a0ad62b6e4330f79617643.json,0db33c386440ead16664f224e2a82139910d01332f8aa4ab49ecdab385749270,0db33c386440ead16664f224e2a82139910d01332f8aa4ab49ecdab385749270,4758,False
data/raw/tago_stops_nearby/2026-09-03/grid_effd74f789fa2d8d1e0faef7bd498fd1ca1dc7e389d28a0b0df203fe07b7f138.json,0aa7cc994656ede85607a74710a3f9608b3fbbe26365732c4cad62618318a1b9,0aa7cc994656ede85607a74710a3f9608b3fbbe26365732c4cad62618318a1b9,2948,False
data/raw/tago_stops_nearby/2026-09-03/grid_efff1ceff5bede10153507abe3067f8e0f4dec95eb05be5b940482e6279427d2.json,7fb84ab8bc3777da18e84651e9092006aa7b08ec708d56cfdc453bc24094f25c,7fb84ab8bc3777da18e84651e9092006aa7b08ec708d56cfdc453bc24094f25c,3353,False
data/raw/tago_stops_nearby/2026-09-03/grid_f0199132906d4cfae6db7a8cd8578700c8828b456146d914d0fdb0536be86d42.json,a4d44669fe6e8615aee650ced15d39d405e2d85ca68a2da72972058fe417544e,a4d44669fe6e8615aee650ced15d39d405e2d85ca68a2da72972058fe417544e,3888,False
data/raw/tago_stops_nearby/2026-09-03/grid_f047df66e6093ce9b742f8917a1036aeabb3c36b727cfb8be4105f27fe9457ed.json,af31fab2039c1eec20df0bbb9307eb8f37a417383c9c6ce5a834e325d807bd6e,af31fab2039c1eec20df0bbb9307eb8f37a417383c9c6ce5a834e325d807bd6e,1900,False
data/raw/tago_stops_nearby/2026-09-03/grid_f04ebcf79a146441955090dda713ad336f50d621b752b89ccbf618c9d4f4b13d.json,fea388f54f5a2d0b14b38244020361f50661e55c21ded4f47dd248e04ebde1d8,fea388f54f5a2d0b14b38244020361f50661e55c21ded4f47dd248e04ebde1d8,4201,False
data/raw/tago_stops_nearby/2026-09-03/grid_f08a02f8eb1bfe4b09d7b58c6824bc86006ce147493e53ba86c7c1b343433efe.json,cab334a6c9f290661a0218ddab17708f0f99369454175dbf69344e792eecd6ee,cab334a6c9f290661a0218ddab17708f0f99369454175dbf69344e792eecd6ee,1964,False
data/raw/tago_stops_nearby/2026-09-03/grid_f09e2992c30ee1f8e52212f99bfeb6571aa79487c402a314dd8245c934debfee.json,7536c99f0f2ac7f8cd77c2bfd3d0ff35acccc23183c9f6be3a956734d033fd90,7536c99f0f2ac7f8cd77c2bfd3d0ff35acccc23183c9f6be3a956734d033fd90,2251,False
data/raw/tago_stops_nearby/2026-09-03/grid_f0d1f9ed0c6ed95c7a3a86afb3e07bf659b0324a1137179b0cddec2fc90ba94d.json,bbd92684ad536d698e91137acb604bfb0f5825c0092170d6e0d55127a562f5fe,bbd92684ad536d698e91137acb604bfb0f5825c0092170d6e0d55127a562f5fe,1910,False
data/raw/tago_stops_nearby/2026-09-03/grid_f0de50b3587a8e3be27b1f652099377526adfcbab1d1cb74f5818013bfb777a2.json,cb7105e9913c5f67b6f2014a0425f905c8a973c3049e057f1b3a15a587a3e0ea,cb7105e9913c5f67b6f2014a0425f905c8a973c3049e057f1b3a15a587a3e0ea,4805,False
data/raw/tago_stops_nearby/2026-09-03/grid_f0e87d1b18ec24d48d3e507c0f1f0689e438b1dccf1880c248742c7d32adbc72.json,3130406052d74965af0d80b5d433e15c47b4be41d60ce990057924650b5b065e,3130406052d74965af0d80b5d433e15c47b4be41d60ce990057924650b5b065e,1716,False
data/raw/tago_stops_nearby/2026-09-03/grid_f0efefd0d558bd0538f40adc9e42be5d2e3e66ab10212a8e123231bc5ed3d2f8.json,f1e52e1df17908436f5099823bbf6dbe348419ad8b9ff609b7fc777af5ee56d2,f1e52e1df17908436f5099823bbf6dbe348419ad8b9ff609b7fc777af5ee56d2,3973,False
data/raw/tago_stops_nearby/2026-09-03/grid_f12a320c4df33829d78701c98127973ca7003f967aec5a2cfb4d1ae4f65512d8.json,e3cd95bfff459c66b5fa9e320f4f23818009fe42d8a48d4d85e11ec9cf2de895,e3cd95bfff459c66b5fa9e320f4f23818009fe42d8a48d4d85e11ec9cf2de895,2674,False
data/raw/tago_stops_nearby/2026-09-03/grid_f12ad9df74eedcb3c43856e8936c7f2ff4a82d26d750a499bdc4422f35e88250.json,befcbbfe9edb605d61d9f48b8db0289d19a26697658b26b656b825cefeed063e,befcbbfe9edb605d61d9f48b8db0289d19a26697658b26b656b825cefeed063e,227,False
data/raw/tago_stops_nearby/2026-09-03/grid_f1420d91d82a445303a2dfd6d17310b2d5f6c5bb27bccc0606d7577a5cd961c2.json,94acf7f53e7625aedd687c398679c33238636ec379394cb1dc11eb9da3b175c6,94acf7f53e7625aedd687c398679c33238636ec379394cb1dc11eb9da3b175c6,2706,False
data/raw/tago_stops_nearby/2026-09-03/grid_f15f658b8d5d15c1f2b213087915c85290b84c0aafc210630e3ef39281bfdcf3.json,85435b4388676634ae1890fa83b264e4c7f5b48696f068ae63382fd450420b39,85435b4388676634ae1890fa83b264e4c7f5b48696f068ae63382fd450420b39,5634,False
data/raw/tago_stops_nearby/2026-09-03/grid_f1651b9198dc64e9a0ed6e63d426cc675701dd840cf5926a4f0cebf4c63d1cd2.json,16777cccd07b0911d271cbc02d446b83bc0907c3ab8a34962f365dfc4e8bfc04,16777cccd07b0911d271cbc02d446b83bc0907c3ab8a34962f365dfc4e8bfc04,2741,False
data/raw/tago_stops_nearby/2026-09-03/grid_f16d73bb56f9aa00da8779125cae3c91a30a4d772198c9e32f4291a543797623.json,70600bc1407b475e708a00dc0ea3bc78df9d165ef4399520884bafcfcedb4197,70600bc1407b475e708a00dc0ea3bc78df9d165ef4399520884bafcfcedb4197,2365,False
data/raw/tago_stops_nearby/2026-09-03/grid_f18ec77d4088ec0fa77f1cad6cfbc2ad61b2a2782ef9c5079afd27ba529f7791.json,ee05c36ad4d5eeb0185af12094e41cc1fbc66681367c6ac6e0891b7172b25941,ee05c36ad4d5eeb0185af12094e41cc1fbc66681367c6ac6e0891b7172b25941,1696,False
data/raw/tago_stops_nearby/2026-09-03/grid_f1a688837daf30a6200455dbd061f20b873479f6a76c640b173baac4df9edb78.json,befcbbfe9edb605d61d9f48b8db0289d19a26697658b26b656b825cefeed063e,befcbbfe9edb605d61d9f48b8db0289d19a26697658b26b656b825cefeed063e,227,False
data/raw/tago_stops_nearby/2026-09-03/grid_f1c8ff9e4cf92c32906d3aeeb3711cef15c42adf1691f5a38c6cac44431f9204.json,cfacbf909206ad31532e41bc6c0d06f0ef53c4c9ed25328a94365a3bf3417c11,cfacbf909206ad31532e41bc6c0d06f0ef53c4c9ed25328a94365a3bf3417c11,5882,False
data/raw/tago_stops_nearby/2026-09-03/grid_f1ea15f11bf7f81da2850e6459eafbd6b084009ed3112a612db3cd20aa7eb5a3.json,788f99478d3dde7794b1d8b0f6cd06d1ec2484c2dc9702145edd48ab9f6535b0,788f99478d3dde7794b1d8b0f6cd06d1ec2484c2dc9702145edd48ab9f6535b0,3835,False
data/raw/tago_stops_nearby/2026-09-03/grid_f204e33473d395c06ba5390d14d3a459770dcb44938cbc951e5fc494d4884b06.json,de47f7b73f2b6491cb57c6838f29f6a483df58188e6a0886e4405442cec0f2c0,de47f7b73f2b6491cb57c6838f29f6a483df58188e6a0886e4405442cec0f2c0,4880,False
data/raw/tago_stops_nearby/2026-09-03/grid_f2056fd8c294c3295e17cb7fe7779227d37958a5f404a8d4fd5c9fd57901eaba.json,befcbbfe9edb605d61d9f48b8db0289d19a26697658b26b656b825cefeed063e,befcbbfe9edb605d61d9f48b8db0289d19a26697658b26b656b825cefeed063e,227,False
data/raw/tago_stops_nearby/2026-09-03/grid_f206791fcfe86c3ef973e2ebab6b10d4afe81d98a1bd26d56909cc8d54dcf990.json,bb74166ab530f4f8da5f61916d995d418cee19ff6b4657c05ea3403afcf2eecc,bb74166ab530f4f8da5f61916d995d418cee19ff6b4657c05ea3403afcf2eecc,1776,False
data/raw/tago_stops_nearby/2026-09-03/grid_f21e0c8522566cdb64323531dbf9dfb1e3d58a061c13e560ede856d759214bf7.json,2cb922cf32a2b0e42c2e10fe13e486063b0898c3ea922a7d01c8fdcba1347306,2cb922cf32a2b0e42c2e10fe13e486063b0898c3ea922a7d01c8fdcba1347306,2446,False
data/raw/tago_stops_nearby/2026-09-03/grid_f2246ff3518a681df1daf89623b40e0e0eb698fd8875358ea0dd7ddd0d233e24.json,f673302d0f762d92d1822d48ff3376ba9ca27a4e164121fda0098fe34917cb0a,f673302d0f762d92d1822d48ff3376ba9ca27a4e164121fda0098fe34917cb0a,961,False
data/raw/tago_stops_nearby/2026-09-03/grid_f22f6ab55dbc338dd5dae424364caff89d77648bd6345de200248ef9688392c1.json,e90dcc2df2f9449d937ce98ae03e6eafb318b8125ad66ed5581ac966d96ac952,e90dcc2df2f9449d937ce98ae03e6eafb318b8125ad66ed5581ac966d96ac952,5146,False
data/raw/tago_stops_nearby/2026-09-03/grid_f28c50800328fd5325a4583fe1c56edf2244ba77470334ce641f0afd6cdcd467.json,119d09764d2d2713f16e6287f4a500b417e416a7693a3d6959922848fb148fc1,119d09764d2d2713f16e6287f4a500b417e416a7693a3d6959922848fb148fc1,4503,False
data/raw/tago_stops_nearby/2026-09-03/grid_f2ac94e6c308e3819277001fa98182f419fab7b0919a4652e98788396a142d74.json,ff4e8d116e666a699aea4077cd8a3d40e4721436539756c38998975007b84b04,ff4e8d116e666a699aea4077cd8a3d40e4721436539756c38998975007b84b04,2477,False
data/raw/tago_stops_nearby/2026-09-03/grid_f2bd35a0070e680865aca9bdb742b1bd02c81ac5b8e46fca03f70b0dff20e412.json,e494a5ff28d29c18b894a2a8f81aba50f44ccfce1ee4dce129d6074fed2c766b,e494a5ff28d29c18b894a2a8f81aba50f44ccfce1ee4dce129d6074fed2c766b,3781,False
data/raw/tago_stops_nearby/2026-09-03/grid_f2cedf9e50b21bcb298647f08d0d0cd72c13961f6ca0e50553932a4d32ff7b2a.json,b1c27fd3a96899a9fcb49fa3c015368fa24727cb59c8efc9e1d64adeb1f9e277,b1c27fd3a96899a9fcb49fa3c015368fa24727cb59c8efc9e1d64adeb1f9e277,1476,False
data/raw/tago_stops_nearby/2026-09-03/grid_f2e03dc9629c89a39bbf44f3a70879859877ceb3760b0b596215db524574af18.json,9d5a1da58e2ed5277f5b9328dcc49f6f497dabeafd6ddf12136573c55a1ebaac,9d5a1da58e2ed5277f5b9328dcc49f6f497dabeafd6ddf12136573c55a1ebaac,3535,False
data/raw/tago_stops_nearby/2026-09-03/grid_f31e08bf9a55d4f2f0e0924d472479d14813da4bb30b6ecec0d555ea4ed166d6.json,7b758c127a8c81ce5e99e2804209298dd9aeceaaf7542ca427e2cd34b05110a1,7b758c127a8c81ce5e99e2804209298dd9aeceaaf7542ca427e2cd34b05110a1,1460,False
data/raw/tago_stops_nearby/2026-09-03/grid_f33e98e4324a452b5a5f92778d042fb3014ffd4dc53bb8cd70e7e7a5a775b887.json,c4bc5c662992df7c1acefabb94d8d169466f2505698c4b01f0c1667d0d9eff10,c4bc5c662992df7c1acefabb94d8d169466f2505698c4b01f0c1667d0d9eff10,2364,False
data/raw/tago_stops_nearby/2026-09-03/grid_f3449451661b94485dd45c29e30b76fbe3fc94aa95c653a448778e082f28c7eb.json,2ac5e0c82de316c38aeaf71a1429571ce797c4678a7757c7f29ec9b94d10f057,2ac5e0c82de316c38aeaf71a1429571ce797c4678a7757c7f29ec9b94d10f057,769,False
data/raw/tago_stops_nearby/2026-09-03/grid_f36f326a60afaf1e420ef334c08a99e02934eedb61d9902790fa4b131473103e.json,97b42e87acd06517bef1490d2762b4ede7eee9989584e431aaa5b9af650ea38e,97b42e87acd06517bef1490d2762b4ede7eee9989584e431aaa5b9af650ea38e,2832,False
data/raw/tago_stops_nearby/2026-09-03/grid_f3732d0096cc9e2a93a1d0191f7cf2c604fdca52a4d6fc00ec90ae38842ded95.json,f6e8086b68d02ff7b773e4307b86af56027b4b5946d5b02b4ddb14d36853868d,f6e8086b68d02ff7b773e4307b86af56027b4b5946d5b02b4ddb14d36853868d,1959,False
data/raw/tago_stops_nearby/2026-09-03/grid_f3797a02a234289d847572e8ce552f8bdd05e97dc120ee20b220459551849e10.json,843449263848dd2eb606aa83065c6fc02dc39a651dae0186fbd22cea2a95f70a,843449263848dd2eb606aa83065c6fc02dc39a651dae0186fbd22cea2a95f70a,1829,False
data/raw/tago_stops_nearby/2026-09-03/grid_f3a00f5d0d51a4d43645fd4c04942f0e38d66fefdc26df1edce54bbcdf051560.json,0a500bb309a43a2cca5cc8121377ca110a49955c75d222dcaae859af0f267b4c,0a500bb309a43a2cca5cc8121377ca110a49955c75d222dcaae859af0f267b4c,4257,False
data/raw/tago_stops_nearby/2026-09-03/grid_f3b3626e619706b57518f5a8c8141758eabd06949d11014074126f02f27b179d.json,3964bc2e993e3fef9cae609190b9f09d80beaf8f792470ac06e1d21bc9089784,3964bc2e993e3fef9cae609190b9f09d80beaf8f792470ac06e1d21bc9089784,2626,False
data/raw/tago_stops_nearby/2026-09-03/grid_f3cfc5dacbbb324555d0d0dd8f9626dbba5edcd669f89b6aa42d2fc6450a8629.json,98da0732618dc893e185b08e61cc209613907ac43db2329786a617457cadb128,98da0732618dc893e185b08e61cc209613907ac43db2329786a617457cadb128,5830,False
data/raw/tago_stops_nearby/2026-09-03/grid_f3d101a0ef744de2d928ab3de3e8415c90358e1b55e5ed3babb7ff826961d912.json,e6d227ff55aca0237c087b21f169be602f673528cf148a3201fa352b5eb59d7a,e6d227ff55aca0237c087b21f169be602f673528cf148a3201fa352b5eb59d7a,3508,False
data/raw/tago_stops_nearby/2026-09-03/grid_f3d4a8fee70cf7c3b556a4aed2ad391e44d63ee964adb45e3f8b8430b378a059.json,6790bac548e02969618ee3078be03a83152a7c3fa3af84a64161f7a30e3e8533,6790bac548e02969618ee3078be03a83152a7c3fa3af84a64161f7a30e3e8533,812,False
data/raw/tago_stops_nearby/2026-09-03/grid_f3e0fcc24be82265c3e42e49df33503ad7184a1bc968afa25220245442454d9e.json,8a54321fd62e48178900642f238770a98d8616b9cfa2fb79e921e5a0a7f120a7,8a54321fd62e48178900642f238770a98d8616b9cfa2fb79e921e5a0a7f120a7,5555,False
data/raw/tago_stops_nearby/2026-09-03/grid_f410fa5a1f6da81981a117a33144985721f61c143c395939e01c1a40583cb0e5.json,a41d8caecbe0970876e7905232ddd20144b4738c814360a356c39ef3f90a8a9f,a41d8caecbe0970876e7905232ddd20144b4738c814360a356c39ef3f90a8a9f,3504,False
data/raw/tago_stops_nearby/2026-09-03/grid_f440872ca255a5b208f6b5b844802f5625579fc71b829419192ba5ba9a5744e8.json,bd6f88ebe9f1690095c49278baaaefae7cbf7f96a4d8e9a204616f05fa00f11a,bd6f88ebe9f1690095c49278baaaefae7cbf7f96a4d8e9a204616f05fa00f11a,2276,False
data/raw/tago_stops_nearby/2026-09-03/grid_f44930df36241344c58d81015449a9733e1a0fff21aa76d554c0c34dd9f5f760.json,573d3887c1c552b910cbb2a636c9c9ed7949b801d160ac940cdd1f5dec82dfac,573d3887c1c552b910cbb2a636c9c9ed7949b801d160ac940cdd1f5dec82dfac,3626,False
data/raw/tago_stops_nearby/2026-09-03/grid_f4743d8351500ef4b9fa93f6ece2db0c3c3467e331e7a1c84b29bb37ce3f39c4.json,1c7c590029ecb8e1bcb49706049d09c19987e9d375ff0280886c28011d5c5fd2,1c7c590029ecb8e1bcb49706049d09c19987e9d375ff0280886c28011d5c5fd2,3268,False
data/raw/tago_stops_nearby/2026-09-03/grid_f4872d35da43735b17622a6af141ff893be23c14338d21f7bfc88c88b54aac66.json,befcbbfe9edb605d61d9f48b8db0289d19a26697658b26b656b825cefeed063e,befcbbfe9edb605d61d9f48b8db0289d19a26697658b26b656b825cefeed063e,227,False
data/raw/tago_stops_nearby/2026-09-03/grid_f4a4ada85d1c65453922b15b15c487be2e43532e306ef3c6cbf446debc9e8b7f.json,b89bbd7d8ed600a04ea7903e25f22befbdeda54f7d2fa1925adfc4316cf91733,b89bbd7d8ed600a04ea7903e25f22befbdeda54f7d2fa1925adfc4316cf91733,3766,False
data/raw/tago_stops_nearby/2026-09-03/grid_f4b7a2131a4557333a2e5c83f6fdbb6261af3a976d0844d5d8c715cc203882e4.json,87858a09fdeae4e29afe34fe622e73ebd31eab0b415a45542a0696de6156b391,87858a09fdeae4e29afe34fe622e73ebd31eab0b415a45542a0696de6156b391,4073,False
data/raw/tago_stops_nearby/2026-09-03/grid_f4c0af1f9715bd74a72fd4b2e08bac30fc5a457b999e67cdacecfdb11c9c6f3d.json,b3c6884871b984ad42e7236c6b4b18dc9ab25ef9b7fc258cd2f8220db4e83977,b3c6884871b984ad42e7236c6b4b18dc9ab25ef9b7fc258cd2f8220db4e83977,3166,False
data/raw/tago_stops_nearby/2026-09-03/grid_f4ed01969e888d320994953cea26c7df29dc7aa03d4bb36b6aedde0b2890ed79.json,49d95d020bd9965e236ef3cca287e081c5ade3d1dd9e7c63c7ec0e19da777f7c,49d95d020bd9965e236ef3cca287e081c5ade3d1dd9e7c63c7ec0e19da777f7c,4300,False
data/raw/tago_stops_nearby/2026-09-03/grid_f4f388299cdafe38cab6fcd25b779d6846ee61ac4160e27e5b4954aca56fecad.json,9e134d213137f653473222f1f77963984c8dc5ce24b51d4e2968ef4d5b895356,9e134d213137f653473222f1f77963984c8dc5ce24b51d4e2968ef4d5b895356,1110,False
data/raw/tago_stops_nearby/2026-09-03/grid_f50b72f6775126aae9fd499cf5d84bdd1d5e9acb819ac3807e7a631eed485335.json,35f69c52fc0bd28b0c618d9739d896eae132cbf3044c43c37cc029822e265e07,35f69c52fc0bd28b0c618d9739d896eae132cbf3044c43c37cc029822e265e07,2480,False
data/raw/tago_stops_nearby/2026-09-03/grid_f510ca6b454761db128078d3f912d19932166c4ca163529bc1dae1831a40d777.json,282a5ba588f97cded698c5a97471b9f65c738727bcdfe6a3ea1a16d74599590c,282a5ba588f97cded698c5a97471b9f65c738727bcdfe6a3ea1a16d74599590c,3245,False
data/raw/tago_stops_nearby/2026-09-03/grid_f525a26a9dd0b35d29d220951285e21e3539ff6ab280ba08060ec93942af81dc.json,d14a0587ef65121dd44768c0819b8c04ce0a7b9e308200a71f8c32a5c0750977,d14a0587ef65121dd44768c0819b8c04ce0a7b9e308200a71f8c32a5c0750977,1776,False
data/raw/tago_stops_nearby/2026-09-03/grid_f52cf0166f277ebc247bafcdb640a18765487af9b0cf87b7a6d50be46da7d46f.json,9b33126f76de4769ad43a46eb982d912af54b962670c60c6a22cb17108440f05,9b33126f76de4769ad43a46eb982d912af54b962670c60c6a22cb17108440f05,5276,False
data/raw/tago_stops_nearby/2026-09-03/grid_f533527c7d690e340d6040365d7d0d6435804cda024e192640921b999da6a130.json,09be6fc60d66fa0cbc0ff91830d845049f2477f3d6e7465c493455bc350d701a,09be6fc60d66fa0cbc0ff91830d845049f2477f3d6e7465c493455bc350d701a,3422,False
data/raw/tago_stops_nearby/2026-09-03/grid_f53d6a9321bbe28752a8fbc2b80525b25ac3170f1b0765a00ae364dd3caf2dc8.json,edcd0cff4763b576534f02290c840ecde3ed433f8ff5bb7636c5cd15bacf0cd1,edcd0cff4763b576534f02290c840ecde3ed433f8ff5bb7636c5cd15bacf0cd1,4552,False
data/raw/tago_stops_nearby/2026-09-03/grid_f56c3b641198837a255e4811c342dada88e84aa7c68af0bf5e360954ea6336c5.json,329f3bcb6cb79224c393124d44d22289d28fcbb77228a1261f577542439ec202,329f3bcb6cb79224c393124d44d22289d28fcbb77228a1261f577542439ec202,2483,False
data/raw/tago_stops_nearby/2026-09-03/grid_f57c62738d676c9cc10882bf9560e9100850be215b1b8f10ea94c62d2ba7b761.json,fd10e83c81ad018a14b62be8f989acef4c20e94525106dcc3e9ff798ee33b6d8,fd10e83c81ad018a14b62be8f989acef4c20e94525106dcc3e9ff798ee33b6d8,2247,False
data/raw/tago_stops_nearby/2026-09-03/grid_f57c67c59a78b23d79a56fd332fa3cdd65d89eda4217e922d12fdb198e33e01b.json,2809334f143101aca9e8118158b661e33cd632fcf718dd50d615d35315f65337,2809334f143101aca9e8118158b661e33cd632fcf718dd50d615d35315f65337,4473,False
data/raw/tago_stops_nearby/2026-09-03/grid_f5daa7f232c55e55ec2a53391047ac4bf698611ff5fb4d968f5b0cc5bc6eae12.json,9ee021b833b5549d11f0aac91e937b1df0d7a32d204580d03525bf2596e5a568,9ee021b833b5549d11f0aac91e937b1df0d7a32d204580d03525bf2596e5a568,5634,False
data/raw/tago_stops_nearby/2026-09-03/grid_f60a7873cafe4bbc2b79f648c6308c73101d02facff87c3fc539013517dc1c12.json,d0b416567cb266b215c690b7757eb7feee8e28e5fba25c11bdaf66e0aea08357,d0b416567cb266b215c690b7757eb7feee8e28e5fba25c11bdaf66e0aea08357,2229,False
data/raw/tago_stops_nearby/2026-09-03/grid_f6117d96ffa7bfde3815c0d33b8fe17966884ec06b0c12a092b4726ddbf07434.json,fd8db59942f43ef4ab2dd44d2aaf6663446f5fdabc9582571ce7c5975f35f0b8,fd8db59942f43ef4ab2dd44d2aaf6663446f5fdabc9582571ce7c5975f35f0b8,749,False
data/raw/tago_stops_nearby/2026-09-03/grid_f6176c5e021642ca43ea40c751e939775b88d8bf035900b8ae9bf45e336f4bd5.json,398c1b86cccc4408a5faab787768b872034e2d97cae9c7b9a004fb91c31d1648,398c1b86cccc4408a5faab787768b872034e2d97cae9c7b9a004fb91c31d1648,1054,False
data/raw/tago_stops_nearby/2026-09-03/grid_f6487659521d054a59f08d1d43d49be9d6d40fc5f809f4f596812814fd0db0ef.json,473a1306e4e384bd78045ffd37641799130cb1c191a19a3172ac2576f5480c17,473a1306e4e384bd78045ffd37641799130cb1c191a19a3172ac2576f5480c17,3920,False
data/raw/tago_stops_nearby/2026-09-03/grid_f660eb734b5479507de844ab3a2d5af4a50a96882f1c22ab88939dd10988a991.json,05b0b804a78001eaba20b5bcfcd94632170bc1eb23c7121c821a9714ebdac6af,05b0b804a78001eaba20b5bcfcd94632170bc1eb23c7121c821a9714ebdac6af,3385,False
data/raw/tago_stops_nearby/2026-09-03/grid_f670aa7a740b00ed2a685449dff096517e180ce9d1f50de2bc2b4e647ce9dc6c.json,586237f6991117fe1c7a73537715d0ab2775d4bde6d5d0fea21d44638da5ac2d,586237f6991117fe1c7a73537715d0ab2775d4bde6d5d0fea21d44638da5ac2d,463,False
data/raw/tago_stops_nearby/2026-09-03/grid_f688a23c58f5a87a016d5b7d723b0ba8c1ef7903a6f4bcde13566de9a688623b.json,d1dc0a7135e57145d855cf97195dae9be758a4b2bb992b4b4717a6b73d0b27b6,d1dc0a7135e57145d855cf97195dae9be758a4b2bb992b4b4717a6b73d0b27b6,4317,False
data/raw/tago_stops_nearby/2026-09-03/grid_f68ebd8bf72fe5b66089053b11d22c3c5edfdc362d35668f5be5cb485ada1013.json,3b65dd9df3d05aa3836973f0fc1fd612d291be97e561193740c1ad5c2ac55346,3b65dd9df3d05aa3836973f0fc1fd612d291be97e561193740c1ad5c2ac55346,3250,False
data/raw/tago_stops_nearby/2026-09-03/grid_f698805828ce7e7bc4595cced80a42c87ab28e97ea1e18a1db44c7bae5b3b0de.json,fc540ff4b3c57d7db2db5ad0f7e75e37324aaee5b82fc46d11d9c42f310041e4,fc540ff4b3c57d7db2db5ad0f7e75e37324aaee5b82fc46d11d9c42f310041e4,747,False
data/raw/tago_stops_nearby/2026-09-03/grid_f6aa6500153374fabe4af326a3033c9288d4aa2b2643ae10f02986500c41ba14.json,0f32ef5cb92f0c26f73a92676ad006c678d7d4854032e4816942623f41347378,0f32ef5cb92f0c26f73a92676ad006c678d7d4854032e4816942623f41347378,2941,False
data/raw/tago_stops_nearby/2026-09-03/grid_f6d41ff1d4447f6592e94d1f2895f63134b2f1df6bbd367df227d5303a3a3d02.json,38be7dcccffac396f58f79f35e9f404565f1f2ff765acc4cb10ea6b83ccf8434,38be7dcccffac396f58f79f35e9f404565f1f2ff765acc4cb10ea6b83ccf8434,3362,False
data/raw/tago_stops_nearby/2026-09-03/grid_f6e6ac08703c91e4b912bce7f77c587e0799682ac7f8851517d8bb217bf40437.json,be7c604a5420bd39c296b9c7348495f8ba781a5004954881a0f0756c95258422,be7c604a5420bd39c296b9c7348495f8ba781a5004954881a0f0756c95258422,3191,False
data/raw/tago_stops_nearby/2026-09-03/grid_f709702b86d5150b48133dfa9e02496e28e2810c7042c39b88da4a15eed4d43e.json,d8a649464476b64794229eea273827048212884b1fd7cfe30ec103723ea0efe6,d8a649464476b64794229eea273827048212884b1fd7cfe30ec103723ea0efe6,2661,False
data/raw/tago_stops_nearby/2026-09-03/grid_f73822baf0ccc51cd88160dbc7aa5466cdcf90acfc185256fe05e0dabdfc1e26.json,94a1094d8c667bebc99f9ee6b6eb7b353bbadaac9f335295a33b967866e5f36a,94a1094d8c667bebc99f9ee6b6eb7b353bbadaac9f335295a33b967866e5f36a,4019,False
data/raw/tago_stops_nearby/2026-09-03/grid_f742f1ee5cb9dd398718fa7b9383db44d6f30daf6bbbd255174b024de1d2c36c.json,0d05ecd425c549c15c577f51e0374e92cb678aa739466aef2733d27be60ebbb9,0d05ecd425c549c15c577f51e0374e92cb678aa739466aef2733d27be60ebbb9,1719,False
data/raw/tago_stops_nearby/2026-09-03/grid_f745330109226ccb4dd670ea17404532f3077c1ad9fdffb442e4b62472987259.json,2f70625497d5eb120639ec2487c88fe7b1503a89d6db9cd846c92cfe813840ca,2f70625497d5eb120639ec2487c88fe7b1503a89d6db9cd846c92cfe813840ca,2704,False
data/raw/tago_stops_nearby/2026-09-03/grid_f771f2a78f4e1d72d90dcd0c10e33212759f87b1662670206591043cd02e52f1.json,6be969c9c7caa29cc169ba2c18d842b5e66e2530bd886d4d91994fc02e4b6610,6be969c9c7caa29cc169ba2c18d842b5e66e2530bd886d4d91994fc02e4b6610,3592,False
data/raw/tago_stops_nearby/2026-09-03/grid_f78b8d660904776ca95e64a0fe8b5caf728592a7cbfa91257fe4a672c0e89457.json,6195e335fba6f24a890642324d5dbf3bb36b5647b9a55455835d1b786e715dc3,6195e335fba6f24a890642324d5dbf3bb36b5647b9a55455835d1b786e715dc3,1255,False
data/raw/tago_stops_nearby/2026-09-03/grid_f791872df1181147bfa3c57d9fa6c8b6cac508fde4ff0a0a11081786a86a2b44.json,e5bfd993af7a28b55acab72718595df2b91916589f5b1434a6b7b4535121a748,e5bfd993af7a28b55acab72718595df2b91916589f5b1434a6b7b4535121a748,3821,False
data/raw/tago_stops_nearby/2026-09-03/grid_f79d2b53855e7b519ba0cab1fd88ba2d94df5bf7bf986ba74fc88ec518c7c804.json,befcbbfe9edb605d61d9f48b8db0289d19a26697658b26b656b825cefeed063e,befcbbfe9edb605d61d9f48b8db0289d19a26697658b26b656b825cefeed063e,227,False
data/raw/tago_stops_nearby/2026-09-03/grid_f7a8c93d6d99c4b0c6ca567e27336c7455617c59007be991c9b1975c6633305e.json,83140de6eb7c5c663badfc8e6f861d93864cfeb705697513de8e0544e1fb0a7b,83140de6eb7c5c663badfc8e6f861d93864cfeb705697513de8e0544e1fb0a7b,3338,False
data/raw/tago_stops_nearby/2026-09-03/grid_f7b228e1b668e560628b789d1e2719e9cfc6a341b0df432791d83af47b5440a7.json,befcbbfe9edb605d61d9f48b8db0289d19a26697658b26b656b825cefeed063e,befcbbfe9edb605d61d9f48b8db0289d19a26697658b26b656b825cefeed063e,227,False
data/raw/tago_stops_nearby/2026-09-03/grid_f7d38959e2e13900b30792ac6d91550fee3990bd2475b165b39fd422e51abcac.json,befcbbfe9edb605d61d9f48b8db0289d19a26697658b26b656b825cefeed063e,befcbbfe9edb605d61d9f48b8db0289d19a26697658b26b656b825cefeed063e,227,False
data/raw/tago_stops_nearby/2026-09-03/grid_f809bfec03642f995530ddf0a7c6225806b9fc16055fb2fac23d9dc71f8c7127.json,71b9c1057b388e2b53cb76e6f290538947e45bd1a5a38c68231368774c0b1314,71b9c1057b388e2b53cb76e6f290538947e45bd1a5a38c68231368774c0b1314,1955,False
data/raw/tago_stops_nearby/2026-09-03/grid_f84c444e1b17a623698f6d90de6bcef2d1035104ea85ff78b05843edd6023456.json,01f6a759c905c1c7628b780e5f348636e094a5892cfa11cbf0d9d32f11e55843,01f6a759c905c1c7628b780e5f348636e094a5892cfa11cbf0d9d32f11e55843,4434,False
data/raw/tago_stops_nearby/2026-09-03/grid_f84dfde629a799610f66b81b1cfb22b6023955f5176cbe578b984a89d4f5d6da.json,f69ca78436ead6f49b095160773ca79afed6d21cac37c3ea108759b4a7b2a553,f69ca78436ead6f49b095160773ca79afed6d21cac37c3ea108759b4a7b2a553,2269,False
data/raw/tago_stops_nearby/2026-09-03/grid_f87bc7c71fd6ddd4c38185f33c2c19e099932a2f62ef2b1c81a8057d66fc2e8f.json,1e410ad3921a7cb2481ae6bc3c73fe7b57356e104264725c6389bec5282d1e6c,1e410ad3921a7cb2481ae6bc3c73fe7b57356e104264725c6389bec5282d1e6c,5843,False
data/raw/tago_stops_nearby/2026-09-03/grid_f8900606390d9fffa84fa42dc40e289c59c82455118bd21f4d593f5e614f9c56.json,dfb80f5b11e9f697f7dc6a2506ea4f7519972a53479da34face88ce59ce7237f,dfb80f5b11e9f697f7dc6a2506ea4f7519972a53479da34face88ce59ce7237f,2448,False
data/raw/tago_stops_nearby/2026-09-03/grid_f89c208677d113658b542123bbdbc780194b15d79532133ddccedcb5ace7a888.json,965c72e5c12ba8cff0f3c407eda5de4d6630f1046d0b5bfa0e7e95937c0c48e6,965c72e5c12ba8cff0f3c407eda5de4d6630f1046d0b5bfa0e7e95937c0c48e6,5263,False
data/raw/tago_stops_nearby/2026-09-03/grid_f8a738ab91d81657dfd16e32345059c001f821af6976de9f310678b308946647.json,b1bfee1d635bb886c0f98e724bf71a7d8c8af43892259a16796cd3c1bd3eba24,b1bfee1d635bb886c0f98e724bf71a7d8c8af43892259a16796cd3c1bd3eba24,1763,False
data/raw/tago_stops_nearby/2026-09-03/grid_f8b16ad16e756afa6836701199a2cb34821f990447b9ed07f4c2e775c7378bbf.json,82e45be4f19bc7d96831375bbdfbe6b2371020f3e6193c30fc611791648f8f50,82e45be4f19bc7d96831375bbdfbe6b2371020f3e6193c30fc611791648f8f50,4885,False
data/raw/tago_stops_nearby/2026-09-03/grid_f8b58b13bde19a620e6933704c40a540aaf8636858f91a4ecd2ce315afc2f3ee.json,6c2587171c4bec151a817c9df864adefed83cb1baae5d6c327d7d6fe2396a776,6c2587171c4bec151a817c9df864adefed83cb1baae5d6c327d7d6fe2396a776,1264,False
data/raw/tago_stops_nearby/2026-09-03/grid_f8df1e15fc70d6f1a861c6f3972ab9ca08ee6a901f9f5416ba446cb8d030f4fd.json,772025daab19c49669ba9e600a5596c49d66667f48e8d6a44fafa62fde6f584f,772025daab19c49669ba9e600a5596c49d66667f48e8d6a44fafa62fde6f584f,4233,False
data/raw/tago_stops_nearby/2026-09-03/grid_f901068f816e36c032f4bd58546e6328e9eb54bd2319e728a1f5694014c52423.json,1ecb953219b98884a1239568d3669674658356f012584587b16431859625e4d9,1ecb953219b98884a1239568d3669674658356f012584587b16431859625e4d9,3490,False
data/raw/tago_stops_nearby/2026-09-03/grid_f9324e13247f201836037b076160b6ce8704e7b670b1eff3c020a94fc3d1df7d.json,5dfe435dc7e77b66f5f50901ddb5df9a90e5571b68392e51e3449e18ba3643cb,5dfe435dc7e77b66f5f50901ddb5df9a90e5571b68392e51e3449e18ba3643cb,5704,False
data/raw/tago_stops_nearby/2026-09-03/grid_f93c894f56809bcaf95089874aeb54260703670456586fcb78d05af44350b9da.json,49035375afa18d83ac8ebe3606430af42be00ac88a2e5725ef3043ec3e3ea3d6,49035375afa18d83ac8ebe3606430af42be00ac88a2e5725ef3043ec3e3ea3d6,3920,False
data/raw/tago_stops_nearby/2026-09-03/grid_f94e31f43bff50a98e15e7293759fe911b34a26dc3f5dd7485d63f5dcdc0128a.json,befcbbfe9edb605d61d9f48b8db0289d19a26697658b26b656b825cefeed063e,befcbbfe9edb605d61d9f48b8db0289d19a26697658b26b656b825cefeed063e,227,False
data/raw/tago_stops_nearby/2026-09-03/grid_f958a2de7fb3f551cb16ef636ad3001d8376d03b217d3bf623bc02a49d7d0681.json,d25f9028e989ee0a811f282421d05134e4b9df8014501fd5cb171f49e8fb99b7,d25f9028e989ee0a811f282421d05134e4b9df8014501fd5cb171f49e8fb99b7,3272,False
data/raw/tago_stops_nearby/2026-09-03/grid_f96575a5f9c441aa3d11156b45ef923384d7ade04d89000ba32a5ffc5a46ac2b.json,346af31acf6357e5ae70fd78226f6cfc2c905ecfb0e6fd109ecf6e488d78e38e,346af31acf6357e5ae70fd78226f6cfc2c905ecfb0e6fd109ecf6e488d78e38e,2836,False
data/raw/tago_stops_nearby/2026-09-03/grid_f98da449536bb477f6223d9054b6e89d5a46556a46d7990633d1846df1c0c55f.json,8de2419be28f97eba1798d8439d1654d427218b157077c1a2b4093a8cb35c6f2,8de2419be28f97eba1798d8439d1654d427218b157077c1a2b4093a8cb35c6f2,4243,False
data/raw/tago_stops_nearby/2026-09-03/grid_f9a402301c4f8eda8f49848c05e46c181bd458e4ba99644d320ac1eba91c3e94.json,7e574bf1f4c66e205f6b9ac4de96a755a70ec5820ef95f419e1c552271a3688c,7e574bf1f4c66e205f6b9ac4de96a755a70ec5820ef95f419e1c552271a3688c,3424,False
data/raw/tago_stops_nearby/2026-09-03/grid_f9b4f712561b8a795fe53dfae21f74c04c76fca26cd6a4c170a4496215841e4b.json,5e1ac1f7e753c5b90f9ec4320dac7fc926d6a63044a94e36ea0bec279e0395aa,5e1ac1f7e753c5b90f9ec4320dac7fc926d6a63044a94e36ea0bec279e0395aa,4464,False
data/raw/tago_stops_nearby/2026-09-03/grid_f9bf15e45ee163fbfdedeb2f58bb4ad29973731ce5bc85ff182358a216a61c1b.json,cabc4fc6dce21838b3bb3d6bbed203551bb5e75315fdcd01a20d58c0a332b20b,cabc4fc6dce21838b3bb3d6bbed203551bb5e75315fdcd01a20d58c0a332b20b,2018,False
data/raw/tago_stops_nearby/2026-09-03/grid_f9bfb1661c5b754ae19f2020ca298a3207f94b25b3f4dc8c8fd7c1c2bcf8a23b.json,74ae6433f5baa3a10767b8718ad04aa61534c4616b493a88de4e9d858713c5f4,74ae6433f5baa3a10767b8718ad04aa61534c4616b493a88de4e9d858713c5f4,2565,False
data/raw/tago_stops_nearby/2026-09-03/grid_f9d3cb73992f9fb68b7a37c2b17a09d58bd963c06724cf990fb154da17df1ccf.json,a94f6f8fb171cd1fddf6830d8019461dd63616718a2cefdac718248d7fcaa971,a94f6f8fb171cd1fddf6830d8019461dd63616718a2cefdac718248d7fcaa971,6521,False
data/raw/tago_stops_nearby/2026-09-03/grid_fa019eefd4a343bd9a45a1dfc6219b70a2a3de9e5cc9c8397e33431ff0bb6a80.json,befcbbfe9edb605d61d9f48b8db0289d19a26697658b26b656b825cefeed063e,befcbbfe9edb605d61d9f48b8db0289d19a26697658b26b656b825cefeed063e,227,False
data/raw/tago_stops_nearby/2026-09-03/grid_fa0aa184c379db4eee0e04578cd7c88b3680780a8dc53c7138797aa7c34146ef.json,02d3ec5d5b6d27646a7a16ff80990a7830e832cb5c7977ca457e1c069292da73,02d3ec5d5b6d27646a7a16ff80990a7830e832cb5c7977ca457e1c069292da73,5762,False
data/raw/tago_stops_nearby/2026-09-03/grid_fa121bc03c88a1e25f388b2302794198ffa836cee5f64ae13007a53ba597901c.json,0ef5581b897d76d9fbfcbbc974bc7805998667508967bad399730cb5ff07ff8f,0ef5581b897d76d9fbfcbbc974bc7805998667508967bad399730cb5ff07ff8f,2829,False
data/raw/tago_stops_nearby/2026-09-03/grid_fa13b13dee348dd61888371283886c376573bc16b29eb6f1aea751f9fffca06f.json,0b3a025d04d5cceb8e0fafeeada2554c36c3031c4a15319484379c6767babb75,0b3a025d04d5cceb8e0fafeeada2554c36c3031c4a15319484379c6767babb75,4778,False
data/raw/tago_stops_nearby/2026-09-03/grid_fa240fb3ddf29d5a1ed3909f87275148b4debbb21bbfb083b73a20f9a5844e26.json,66baaf284d67aeeb390af6bce51c05a1fe2bda7c6f78c2ffc20e0aa7c3e72c75,66baaf284d67aeeb390af6bce51c05a1fe2bda7c6f78c2ffc20e0aa7c3e72c75,1696,False
data/raw/tago_stops_nearby/2026-09-03/grid_fa2437f22a7db9960284ac31407959ad16271427b1205f56657418ef899f5ec7.json,a3e7c5b00b14bcab73e301c91ed63f09004ef9b61510f200184b662c03aafdbc,a3e7c5b00b14bcab73e301c91ed63f09004ef9b61510f200184b662c03aafdbc,2175,False
data/raw/tago_stops_nearby/2026-09-03/grid_fa2ad0c556fcf008a57e8582daa6e5cebab41bbd0def1e987d6c49c311c0df75.json,4169ed5476924cb35fd22d697cebf86ea9d15787e9662b301a7b0168a30499ad,4169ed5476924cb35fd22d697cebf86ea9d15787e9662b301a7b0168a30499ad,7582,False
data/raw/tago_stops_nearby/2026-09-03/grid_fa2fa9c158a77b3de4d89725439def8581d86f980f96a7df6fccfa5102d7f922.json,69ef27374a838643dd80376ebdb2afafd03286b627d490818170aabcc15b167d,69ef27374a838643dd80376ebdb2afafd03286b627d490818170aabcc15b167d,494,False
data/raw/tago_stops_nearby/2026-09-03/grid_fa466399525591c96458ca7f13dc942e93ae816b3653ac576d38d387054dd679.json,3bcc3bed13b19f65082172d80a47085b3aa6dee6385b5b56838b162a0109a464,3bcc3bed13b19f65082172d80a47085b3aa6dee6385b5b56838b162a0109a464,3929,False
data/raw/tago_stops_nearby/2026-09-03/grid_fa6b26d904470e530b1ed94b6cab72c3fc903d041ccd9e9ed298e6261b23069d.json,22e69dbf53226e463f4e7ad264715bbed83b07784dab5c2c4400fecda992ff53,22e69dbf53226e463f4e7ad264715bbed83b07784dab5c2c4400fecda992ff53,1681,False
data/raw/tago_stops_nearby/2026-09-03/grid_fa7929756456e0b06e0225db7c613c437471a70f258488ed5140d85ea449a9c4.json,bb8dd7019ebf51c05c7f05c4e1e8f743395fc81a37b4d8e8056f4e4c29af3a09,bb8dd7019ebf51c05c7f05c4e1e8f743395fc81a37b4d8e8056f4e4c29af3a09,2570,False
data/raw/tago_stops_nearby/2026-09-03/grid_fa91640079cc7fb0994d1d35d9e6b83a93eb304a4eab8b0eb339ad82893895af.json,44eed62186431ddd5fb0e1a97a5ae36072616fef0f86e1436846e3af4ee30869,44eed62186431ddd5fb0e1a97a5ae36072616fef0f86e1436846e3af4ee30869,4279,False
data/raw/tago_stops_nearby/2026-09-03/grid_faa17384b59dfd36c60632e9653544e622c3f96b63f6c54ec06dbd723b20be1a.json,d24b258f46d79553f369bfc951a2c481c92c349e69cd63d96b1cf5810bca8c44,d24b258f46d79553f369bfc951a2c481c92c349e69cd63d96b1cf5810bca8c44,5751,False
data/raw/tago_stops_nearby/2026-09-03/grid_faa8e90b4c65b5fe7f1db98a4ec79586fa8cd954f523a67e6b615dfd5a205313.json,c090226ebed8de29d2ce444ae8a1a3208d4beb8fa6c9073ab003819e85feb7b9,c090226ebed8de29d2ce444ae8a1a3208d4beb8fa6c9073ab003819e85feb7b9,1895,False
data/raw/tago_stops_nearby/2026-09-03/grid_face22ee2045307df9c8930606644d5db89e0dd223c4a8f20f89b72dfd896041.json,cd857748069ba959db64491f6f243cb2dd8edc7aeaaab18f316e22e54eae7662,cd857748069ba959db64491f6f243cb2dd8edc7aeaaab18f316e22e54eae7662,3300,False
data/raw/tago_stops_nearby/2026-09-03/grid_fad45acf42e97b93f90a2ad25d11d7f795a8c5df464478f50f8929b0e9b889c7.json,98d04e5539363ebd4570209a6b71fde22345f1da86c0fedb7ffef0abbad609b0,98d04e5539363ebd4570209a6b71fde22345f1da86c0fedb7ffef0abbad609b0,2164,False
data/raw/tago_stops_nearby/2026-09-03/grid_faea2384dd700de630fb0b6b4fabc6be9db2818928a4e21587c61dad364ba6cd.json,8d1dbb447c739767c687b503698b9536721d9a350dec7fdf0111cfbd21a05410,8d1dbb447c739767c687b503698b9536721d9a350dec7fdf0111cfbd21a05410,4017,False
data/raw/tago_stops_nearby/2026-09-03/grid_faee1cc309adc191d96b3348f6892f0a2c7aa690122abdce95c916a198f9b28c.json,e7bac60c155cc74822c91a0534db50db9ecf2372e92a238995d8415f9ed95ed5,e7bac60c155cc74822c91a0534db50db9ecf2372e92a238995d8415f9ed95ed5,4967,False
data/raw/tago_stops_nearby/2026-09-03/grid_faf95a5be8158403d3ed4d5eae99d2c123cff1a5269bac2c142529b5e34df3c2.json,cc7006cf84d18a986d98b883b49a1f92f302487738489d3fce29f41ae2bf7e97,cc7006cf84d18a986d98b883b49a1f92f302487738489d3fce29f41ae2bf7e97,1228,False
data/raw/tago_stops_nearby/2026-09-03/grid_fafc9c1b3330be121b6fc3df01ea7de44f41bfa1b0d47d0db402a7723fc9ec6f.json,1ffa7a6d115be531ffd53addea35451b9d86cec77f0395c5efc855d51c6320b5,1ffa7a6d115be531ffd53addea35451b9d86cec77f0395c5efc855d51c6320b5,2549,False
data/raw/tago_stops_nearby/2026-09-03/grid_fb0e7956e0ad9e0fe5496983475d3117d80bf77d5ae2b4b429a75a78ff85e058.json,9db6ae9feca86b37ec5080f04a24d59dfec0598c2e5337b18206f0ae8da53db8,9db6ae9feca86b37ec5080f04a24d59dfec0598c2e5337b18206f0ae8da53db8,5187,False
data/raw/tago_stops_nearby/2026-09-03/grid_fb5283bd724622c558257d32c68e3b1f5cf7827399b19bedeeec4c377e3aa468.json,f2f13812eee5cd71d39860f834eb9d4a84bdde4987d50c66e1ea133127cd122e,f2f13812eee5cd71d39860f834eb9d4a84bdde4987d50c66e1ea133127cd122e,1744,False
data/raw/tago_stops_nearby/2026-09-03/grid_fb68e3fa86c8a923b1e4ac009e20bf9ca3ba446f679e4834fb25fbb8c7404d0c.json,1f1826ba13215aa9a212125517f9a684e4022fb06a193f2ffa29b8bec43807a1,1f1826ba13215aa9a212125517f9a684e4022fb06a193f2ffa29b8bec43807a1,4145,False
data/raw/tago_stops_nearby/2026-09-03/grid_fb69513d8b3c391f067de20b44d0f9ba8708f5989268aa45186151a70754f81f.json,527f88572618a2b62b8fdd207ac9e01cff775da8884ed355b06c259126404c42,527f88572618a2b62b8fdd207ac9e01cff775da8884ed355b06c259126404c42,806,False
data/raw/tago_stops_nearby/2026-09-03/grid_fbccc5ebffd3817904d4973e40ce5810fc6df4d52e72b6b952c8a1ac9f19d30f.json,0ae3a76b97154ec84e337820c2f614b8baaf0d6ac6381ec1a7466d56107e9121,0ae3a76b97154ec84e337820c2f614b8baaf0d6ac6381ec1a7466d56107e9121,4542,False
data/raw/tago_stops_nearby/2026-09-03/grid_fbd8d9cd946e7e3d462d11484400795608280920855884248a1ba322787d592c.json,2c21d186479bbacc8941b448267f4260f7b602a1077335985780a571ba782145,2c21d186479bbacc8941b448267f4260f7b602a1077335985780a571ba782145,2999,False
data/raw/tago_stops_nearby/2026-09-03/grid_fbdf22e939b85e2424c87426dca42544f7c1c29f2867159d77f54a14c19aa790.json,0d9db2997360c7047929361d057d78d10ab41d32b0ecd2a93def69fdc2623c6a,0d9db2997360c7047929361d057d78d10ab41d32b0ecd2a93def69fdc2623c6a,2532,False
data/raw/tago_stops_nearby/2026-09-03/grid_fc026fe72c45b321b1954b7d0c376c16723471ce32e1cc1d411fae816d5fb5d4.json,befcbbfe9edb605d61d9f48b8db0289d19a26697658b26b656b825cefeed063e,befcbbfe9edb605d61d9f48b8db0289d19a26697658b26b656b825cefeed063e,227,False
data/raw/tago_stops_nearby/2026-09-03/grid_fc2543ced3f7df8efd77f7342782979f3b77f143f936c5516fed9d6a2a6c2378.json,52b50598137ef8307cc4ac9cff2b58c17392f5b284cba491f5cf924d0aa32b70,52b50598137ef8307cc4ac9cff2b58c17392f5b284cba491f5cf924d0aa32b70,1994,False
data/raw/tago_stops_nearby/2026-09-03/grid_fc6ad5995af7e48430a9084ce449ccd1913ee7ef119e54a3719439e5006545f4.json,2f163fc93867bb559bb6cbd793f2bf6d26d8dc0de810729fba74487d20ffd776,2f163fc93867bb559bb6cbd793f2bf6d26d8dc0de810729fba74487d20ffd776,6015,False
data/raw/tago_stops_nearby/2026-09-03/grid_fc7d8db52aa69468844eb0fc0839d329e82cb37b1deed7e3359112faa7b7654b.json,30bab5f46a9aaec088572b863bfa9919b862bbf9d42b4fe37ab54981277423c3,30bab5f46a9aaec088572b863bfa9919b862bbf9d42b4fe37ab54981277423c3,1242,False
data/raw/tago_stops_nearby/2026-09-03/grid_fcbbdaadb4a8bc82fcf92a711ab915d5ac5d19cc8a6bc08f4fdb3530db5110c3.json,2267d1dcdfeea5f5996e504f88a78f7b1e5346fafe14b1cb484edb2ca6ed3932,2267d1dcdfeea5f5996e504f88a78f7b1e5346fafe14b1cb484edb2ca6ed3932,1303,False
data/raw/tago_stops_nearby/2026-09-03/grid_fd062444159761dc0ad29f7ebc2721b2755b3d25b3bf86ee0e525994522e6e30.json,a154e45ec535f6fc74bbbcac0408ccb714cf73b8677fe09ba2aabe339e36807e,a154e45ec535f6fc74bbbcac0408ccb714cf73b8677fe09ba2aabe339e36807e,3057,False
data/raw/tago_stops_nearby/2026-09-03/grid_fd2270f0a871747f704dea23a14145b1fc3bdfb91dfa216f8ac2df5fbdb5e2e2.json,b0fa0eba226c26938d6f4b803237f5478aa6e0bf4a245713d63310213a80344c,b0fa0eba226c26938d6f4b803237f5478aa6e0bf4a245713d63310213a80344c,747,False
data/raw/tago_stops_nearby/2026-09-03/grid_fd27e601e005f24296b138302237459aa8fdb69eab5392fa801d404d156b76ba.json,d8561eb9648eec6d8bbd942a6f420210ffc9bf1965e77b71a4d641e4b94bcae9,d8561eb9648eec6d8bbd942a6f420210ffc9bf1965e77b71a4d641e4b94bcae9,4373,False
data/raw/tago_stops_nearby/2026-09-03/grid_fd5ea4d7a4653081c497fd1835b52e8161b284f8376e7c8ae94f9826600635ce.json,120e5795ee755a504930d70ec972830dfdc7a6a1d00e81b1b78fbca87fb48cb6,120e5795ee755a504930d70ec972830dfdc7a6a1d00e81b1b78fbca87fb48cb6,2166,False
data/raw/tago_stops_nearby/2026-09-03/grid_fd7c1310513d4dff0041a0a1fde18626ffddb472ce9500ec22055ef9851d22db.json,e9ae1c8be2680f9ba8a3dcee0e13a4adefe34e2692f4918c99e3af686adf9f9c,e9ae1c8be2680f9ba8a3dcee0e13a4adefe34e2692f4918c99e3af686adf9f9c,7364,False
data/raw/tago_stops_nearby/2026-09-03/grid_fd7e131d74969c3b83380694a595a75ae881735166a3fefead599116baef4364.json,3545bd25399a82bd28354e5236ad2a3d3ee2afd763c70b5ce6f4082160328fe9,3545bd25399a82bd28354e5236ad2a3d3ee2afd763c70b5ce6f4082160328fe9,3421,False
data/raw/tago_stops_nearby/2026-09-03/grid_fd7f8f0e602c671bf3f2d9a488655bb1646ae7ef108a28facf2aa32eede8e865.json,d5b7cc85ea64ff9ee926e36a38f53032fead254559bdac1b470e748c01c035a9,d5b7cc85ea64ff9ee926e36a38f53032fead254559bdac1b470e748c01c035a9,482,False
data/raw/tago_stops_nearby/2026-09-03/grid_fd864bcb2113fca06bf8e59fc5d064c3a588f3f8934015d544c03a21ab18b49b.json,bd3c1120ba5fc44d0491280abe72b57328a244c7e932ee0efbfb682d0ee60425,bd3c1120ba5fc44d0491280abe72b57328a244c7e932ee0efbfb682d0ee60425,4002,False
data/raw/tago_stops_nearby/2026-09-03/grid_fd9c0e8855ec66a6b972e3814c2e2b05386f3b5c98752458637ce934def08a3b.json,1a1119896334d99c032b9f7826704521cb37a4b798265a4bff9188716d1ab817,1a1119896334d99c032b9f7826704521cb37a4b798265a4bff9188716d1ab817,4796,False
data/raw/tago_stops_nearby/2026-09-03/grid_fdad35fc68a9e59b5907d4206292fe67970506fad8549d1755b66def8641a166.json,d93b5f8f4f53accc64e037c4eeffbceb45fe87975cf3d09ba712fa91c6493a8f,d93b5f8f4f53accc64e037c4eeffbceb45fe87975cf3d09ba712fa91c6493a8f,2255,False
data/raw/tago_stops_nearby/2026-09-03/grid_fdb2a78600cd5bf6468fcc7a6865262b072f78f59fa7979a2d0b1c5f66f77954.json,befcbbfe9edb605d61d9f48b8db0289d19a26697658b26b656b825cefeed063e,befcbbfe9edb605d61d9f48b8db0289d19a26697658b26b656b825cefeed063e,227,False
data/raw/tago_stops_nearby/2026-09-03/grid_fdb2d45ee83a47763aa98ca49b8bb61f06bd41e30c4424c79483d3f21944d2d1.json,8c93e80844a3984fb7404fdd6f1fbaa135196c3ccc6fc2e3db92194c3ea87053,8c93e80844a3984fb7404fdd6f1fbaa135196c3ccc6fc2e3db92194c3ea87053,3987,False
data/raw/tago_stops_nearby/2026-09-03/grid_fdd5efbc2680069a385e9dbdbc52d0367a591a6a92b022601b03655969711a3b.json,68c9619d04b9c335a40f5eae4901766330ecc07bf05fb31c38023bdf5f4a8042,68c9619d04b9c335a40f5eae4901766330ecc07bf05fb31c38023bdf5f4a8042,2790,False
data/raw/tago_stops_nearby/2026-09-03/grid_fddc9c527d1a06bdb67410e56ce4f5dc76345256fa71aaec88128b42e55e8c9a.json,91a1ce97d701bbd9aa5cc1377d7922b207b2372b2e8d0831ff2ae772b8f77c84,91a1ce97d701bbd9aa5cc1377d7922b207b2372b2e8d0831ff2ae772b8f77c84,3744,False
data/raw/tago_stops_nearby/2026-09-03/grid_fe135598e27ae830560fd7c553204c876275f0064f47ff009fa802a6f3380806.json,d1d1b2dfac215cd42f3fa94cbf9883d2c0052ef3900190fa42e7b1d9af76c1a9,d1d1b2dfac215cd42f3fa94cbf9883d2c0052ef3900190fa42e7b1d9af76c1a9,5594,False
data/raw/tago_stops_nearby/2026-09-03/grid_fe5d043d092e10f32800f0c2bb2b6704d71264a9e3e5f1217ac15d558d947f0d.json,9c3569502fccd4499575df1d2d864b60e5a7fa9bf9c171b137df39d18ea9bc22,9c3569502fccd4499575df1d2d864b60e5a7fa9bf9c171b137df39d18ea9bc22,2915,False
data/raw/tago_stops_nearby/2026-09-03/grid_fe6351f7f65d75b59ea092e5c2a1b2246b2abd8aef545d15d370d247ad3f29cc.json,c3797c3a740df93c5c6aa4b92dfb15d8310f6eb2a47b0a8f7361551f002f54e7,c3797c3a740df93c5c6aa4b92dfb15d8310f6eb2a47b0a8f7361551f002f54e7,5307,False
data/raw/tago_stops_nearby/2026-09-03/grid_fe6e5d5a4032fde63291f87af1c366a7a1495d823aa0830d17e409b707fb17f9.json,a5365a39c7d8515d59f7911505206c4d25b1ad6f442390254717ef79217c3eed,a5365a39c7d8515d59f7911505206c4d25b1ad6f442390254717ef79217c3eed,2966,False
data/raw/tago_stops_nearby/2026-09-03/grid_fec602406a168ae3fb4d8d3f273faeedc21b5fa999a5cc3da60c6246dea63916.json,0025b779a62e4349d134f9a124ef2697c717b0a9fc894fd179c0504cf4c3a8fc,0025b779a62e4349d134f9a124ef2697c717b0a9fc894fd179c0504cf4c3a8fc,3393,False
data/raw/tago_stops_nearby/2026-09-03/grid_fee7feafa0c355116aa90e3fb2d8098e5918a9d286fe60c181938c5c4ed2b53d.json,a57c890271a567075fa612a67ddb54dbfe63fd1ff4029fbd51b508f509c3ae6d,a57c890271a567075fa612a67ddb54dbfe63fd1ff4029fbd51b508f509c3ae6d,2211,False
data/raw/tago_stops_nearby/2026-09-03/grid_fef1c533227e6329ab22c76c7c9f20abc2d2f64b962ddd07e97857bd5286d04d.json,d91c16b2f42fdfe3cf1bce8fc602ba34a8e202170938656662b58337b0fb1b34,d91c16b2f42fdfe3cf1bce8fc602ba34a8e202170938656662b58337b0fb1b34,3973,False
data/raw/tago_stops_nearby/2026-09-03/grid_ff27c2d1a29abfbe4e82d851fd90efe5296d822c45c1f1ce25ea4209c8415fd3.json,6c6b1556fde764342e21f0de620a1da41b98835e940bab08d5583d78e24978dd,6c6b1556fde764342e21f0de620a1da41b98835e940bab08d5583d78e24978dd,5944,False
data/raw/tago_stops_nearby/2026-09-03/grid_ff46db62ea9a6251d5bad66b084eb7db74f2ed55e081c39c009e4310b72c3665.json,3ad97a866b17492e4f54777aeaacddb3c43aec1d9ba6b9ead2f947709f82aba6,3ad97a866b17492e4f54777aeaacddb3c43aec1d9ba6b9ead2f947709f82aba6,5874,False
data/raw/tago_stops_nearby/2026-09-03/grid_ff565f82952cbdd8008a4112c175255a1b4747fe42967f3137ba3146ed747e11.json,011299c3721182ffc49c3264731f0db55a170eb54c1dd1b7046d1371165174cf,011299c3721182ffc49c3264731f0db55a170eb54c1dd1b7046d1371165174cf,1065,False
data/raw/tago_stops_nearby/2026-09-03/grid_ff5d0357c79201a243d3bf4b9ac288c5b4b66157c1f18bd2307dbe541ca62545.json,9566679c05bef96bb9cc193e6934e446492cb71e8dcfd984c58e040ac231e61b,9566679c05bef96bb9cc193e6934e446492cb71e8dcfd984c58e040ac231e61b,4670,False
data/raw/tago_stops_nearby/2026-09-03/grid_ff73213f39ae1fcb968521266e0cf1beeee0cf08766d0257d7da5f1da645973a.json,5735744e43f93f254aec412be3e66c20d3ee9c559a6c42cfcdcc0123b4d4e934,5735744e43f93f254aec412be3e66c20d3ee9c559a6c42cfcdcc0123b4d4e934,3059,False
data/raw/tago_stops_nearby/2026-09-03/grid_ff93658eac5682129e931cb22f45b384dd274e413d2454771feaf973907d7e11.json,30326a8693bc264e4f3a43c6418a0146195daf7b41c719bd89ab3bbfb179e326,30326a8693bc264e4f3a43c6418a0146195daf7b41c719bd89ab3bbfb179e326,2998,False
data/raw/tago_stops_nearby/2026-09-03/grid_ff963811fad3de241d1530b958ebe6eef38acb208a139609583d2934b225fd34.json,d33f8fafa3315b204e6f4f7210e11ba3913e145a999829ca12f8e6519a953baa,d33f8fafa3315b204e6f4f7210e11ba3913e145a999829ca12f8e6519a953baa,1242,False
data/raw/tago_stops_nearby/2026-09-03/grid_fff4b6edf3790d7544101ec97021156e984664fa627d32672588525e1844618d.json,06c5cd2b2c858bc44f836c23b26e0bd32568dd66c2374e312130485ff9ff828e,06c5cd2b2c858bc44f836c23b26e0bd32568dd66c2374e312130485ff9ff828e,1456,False
data/staged/html_text/1453c59d79bae2b543831e37cb145e8c1bebfe7c99937945ca331b2e3f50ce85.txt,3e8b904eb6055b324e8c35b08d4e3108a902e991363c41ad5f9972b417466df5,3e8b904eb6055b324e8c35b08d4e3108a902e991363c41ad5f9972b417466df5,8966,False
data/staged/html_text/1929aa409048a60bb18bcd573aa1d833e8f5288a2dc71c67de384878e9c0e983.txt,980c621c3657a26c33e39663f44135d8f392a34ccec6b5fb4271438e5d5afec2,980c621c3657a26c33e39663f44135d8f392a34ccec6b5fb4271438e5d5afec2,10212,False
data/staged/html_text/3ef0b1d078a34b107baf405f28563522fb2d7201e892d90b2c50cc7022c161a3.txt,5df16fe5264bbafcee7b1369f60c2606e2f92b1b275fe230a4960de4e84cb8c8,5df16fe5264bbafcee7b1369f60c2606e2f92b1b275fe230a4960de4e84cb8c8,4886,False
data/staged/html_text/5e3dc3c792a689bea7d91c33a80d9f5e07cc4d43b0de3f8b1dc8fa73f4038570.txt,eb678bacf9835b33b0043e412923cfe50e25636c0ba719e75e4b310c9c3f0136,eb678bacf9835b33b0043e412923cfe50e25636c0ba719e75e4b310c9c3f0136,19612,False
data/staged/html_text/6c3d1a93c9d63476d41debe4df0b96bb59f4159de5198db0d9acc604339b8c97.txt,cf1e16f74a0078eee11b1db86e108517567da6191fbe941c1fba93d7b5dea40a,cf1e16f74a0078eee11b1db86e108517567da6191fbe941c1fba93d7b5dea40a,19729,False
data/staged/html_text/74cef30b17bd093346b8467ab7653e9d4bf48c1c71e30d2e0463b87a751f2a7e.txt,cf1e16f74a0078eee11b1db86e108517567da6191fbe941c1fba93d7b5dea40a,cf1e16f74a0078eee11b1db86e108517567da6191fbe941c1fba93d7b5dea40a,19729,False
data/staged/html_text/8f2abee59238b852c4f3323917f18942739a69da8af7824a158d15be0d6d827e.txt,a0d9665a6b29f9cc6b50126f8294dceb440888c001c0414a8161e48436c15ade,a0d9665a6b29f9cc6b50126f8294dceb440888c001c0414a8161e48436c15ade,4886,False
data/staged/html_text/94f68439fea6916db0a19650a07a434d4d40eb17afdb22d8a8b538d290438bd5.txt,815e877375a668fceccddf9f2a1d0c963a2b10a08f191fcbd75aa577b38fad20,815e877375a668fceccddf9f2a1d0c963a2b10a08f191fcbd75aa577b38fad20,10200,False
data/staged/html_text/ae8194b82cddc0fde21d8e138f5baadec3c5daee911a8cb07cbfcdb2ebf106fb.txt,0f2f6aa00a5514b4a669e566c85f7e67072d00e1b015e18d47d9e527698a3a0b,0f2f6aa00a5514b4a669e566c85f7e67072d00e1b015e18d47d9e527698a3a0b,8966,False
data/staged/html_text/c1d499491cb9e89f2a4d0fb57242a1debf0565aedc77c14fd95d8347c65cb1bc.txt,8f3fcdf54418446679f98d7cbd60701fe2126a4fcf9239bd10d4f9f608dbeed0,8f3fcdf54418446679f98d7cbd60701fe2126a4fcf9239bd10d4f9f608dbeed0,8966,False
data/staged/html_text/c2e29fee94e448604d13855a081c78c656b928fdbbe136cd49afd1e5323870e6.txt,cf1e16f74a0078eee11b1db86e108517567da6191fbe941c1fba93d7b5dea40a,cf1e16f74a0078eee11b1db86e108517567da6191fbe941c1fba93d7b5dea40a,19729,False
data/staged/html_text/c521312de632ca3c23f97f9c9d70fbf59a7154947a6b3f863e4d08b250f5cf71.txt,3b0a4d989f7210e1a6b81f5a191bb2a05e38466598faf5686d3fa7be91125890,3b0a4d989f7210e1a6b81f5a191bb2a05e38466598faf5686d3fa7be91125890,30622,False
data/staged/html_text/dd1eea25a083869bc0080717335818364f5c6e839c8171398874506adedc1b68.txt,eb678bacf9835b33b0043e412923cfe50e25636c0ba719e75e4b310c9c3f0136,eb678bacf9835b33b0043e412923cfe50e25636c0ba719e75e4b310c9c3f0136,19612,False
data/staged/html_text/ddc7e45e88ea1876cff45240c7ce2666654d281ec7764b0dccb7ead74b6c9e1e.txt,aa2d62be3dff9a32f5a51d4a23f566961bb0562f65406da0298ca18484cc3440,aa2d62be3dff9a32f5a51d4a23f566961bb0562f65406da0298ca18484cc3440,10231,False
data/staged/html_text/e32fe204aa721434cbce9866f87f1abebdb0b8a4b6f6ed5981c0e92cdd3244e6.txt,aadebcd6105851fccc45e62fef4425c3e332edc1e899f0bf68931fd857d06684,aadebcd6105851fccc45e62fef4425c3e332edc1e899f0bf68931fd857d06684,4886,False
data/staged/html_text/ec0d2d5fcc2938dfb44b47bb0d4321b38840780a92df423e24b8d7095d7d7b91.txt,3b0a4d989f7210e1a6b81f5a191bb2a05e38466598faf5686d3fa7be91125890,3b0a4d989f7210e1a6b81f5a191bb2a05e38466598faf5686d3fa7be91125890,30622,False
data/staged/html_text/ef6893ac2a18d7466d6b495a952303b510447bbd52fc6677d408672977ad0a3e.txt,c7d171f6d65398c3824d4fcb8788961e495822e94a0be03d7b14d2fb590ae8e0,c7d171f6d65398c3824d4fcb8788961e495822e94a0be03d7b14d2fb590ae8e0,30621,False
data/staged/html_text/f7c03d0606340132d776c290f10c37daa3f55471d58e18f2725e415bf8c59799.txt,eb678bacf9835b33b0043e412923cfe50e25636c0ba719e75e4b310c9c3f0136,eb678bacf9835b33b0043e412923cfe50e25636c0ba719e75e4b310c9c3f0136,19612,False
data/staged/pdf_render_review/PDF-065-p1.png,f307541f6da60242724db53f447770009db78e1a103eddddd45ece8a5935a104,f307541f6da60242724db53f447770009db78e1a103eddddd45ece8a5935a104,581511,False
data/staged/pdf_text/083f8f6b7c56a257a98f0d1266285c1d0f002be24c227c16f382d5bcdd3f1386.txt,21676bb798819bc0553662aad95e675881ce8f817ad46f711be176de3d1299a5,21676bb798819bc0553662aad95e675881ce8f817ad46f711be176de3d1299a5,1295,False
data/staged/pdf_text/08438e6ac19967e88de5ae5dfe94e8f5bd891efefd0eb07195d96045b0707fa6.txt,27e9d906a7824f532133434e360aa0d15aca94fd64e6e9d4650a97aace502cff,27e9d906a7824f532133434e360aa0d15aca94fd64e6e9d4650a97aace502cff,521847,False
data/staged/pdf_text/0a6095cb415fbeedd0727303ba11c005733bf4f2d7721122b6d577220077c258.txt,1a8d01054eab6d7ee27fde4381518254b5814ae183bc426ad95cde460dea7206,1a8d01054eab6d7ee27fde4381518254b5814ae183bc426ad95cde460dea7206,4427,False
data/staged/pdf_text/0f2f8e767b8aaf98df7013e0bdfb1f133a23c7e784c22ac5ab774d071ffa4e37.txt,139de7151ab2cff26ca67acf80188e5d837c8a25a2e077b108339049a4b5d5a6,139de7151ab2cff26ca67acf80188e5d837c8a25a2e077b108339049a4b5d5a6,380279,False
data/staged/pdf_text/0fe071799169540ddae02383e3dcd67457b752ddf6d52e1f0881c4811e3aa8c1.txt,48e09539261ac2caafe5c09e935f10181ae96b82a3e06a7fbcf4eeb872c80666,48e09539261ac2caafe5c09e935f10181ae96b82a3e06a7fbcf4eeb872c80666,567201,False
data/staged/pdf_text/14d43f72c1bb4607b6cff9727d014a71548ad15d99861b90d0da6b55c76c35d8.txt,e59d3ce7c7e4e5e4dcb1fbd687ae2aaff4fb049755a2c7b15650214bd7a35569,e59d3ce7c7e4e5e4dcb1fbd687ae2aaff4fb049755a2c7b15650214bd7a35569,42248,False
data/staged/pdf_text/17e730dc3c2b81cfa2c2e820f79ca45e50b657236b8cb5870235dfbf463083b2.txt,0ff5f2182877e0d8b95a22f330ea9238e850fd3e29013838a53d831e90621d25,0ff5f2182877e0d8b95a22f330ea9238e850fd3e29013838a53d831e90621d25,341419,False
data/staged/pdf_text/17f890d3468fb4f720c33fa6aefb56dd0eb6cfae7df0b4bd9996a5b6f554de4d.txt,7e40b1b15d14452124a6ff626cc86d9eb8a4e8d5b48042a69d13d570fc556c64,7e40b1b15d14452124a6ff626cc86d9eb8a4e8d5b48042a69d13d570fc556c64,522005,False
data/staged/pdf_text/1bb829548e89c9bc87d68f9d08d8950cbcd1c4a2598056dd77d8bd5a723bab5e.txt,eca8efb957efdb9cb2c6ecb868a86d26f298fd5435df10f33cf234a4cfc67b5c,eca8efb957efdb9cb2c6ecb868a86d26f298fd5435df10f33cf234a4cfc67b5c,7028,False
data/staged/pdf_text/1c78338e3624cbdc6b2e58a875448c9fb1f5e6cecb6fba1b8bb7317940bd0094.txt,dd00359233f03dc270fc6f371a2eb64ec354d2012320c52efc2a1939a83050cc,dd00359233f03dc270fc6f371a2eb64ec354d2012320c52efc2a1939a83050cc,7952,False
data/staged/pdf_text/1dac689d7133335f0bd75cc2a88000f862410209efa5bcfc9ea429ca4dc19515.txt,237dc8f5a18a67e5f3aae14559f7c7615fdc91908446828367e5f5e86bcc1b66,237dc8f5a18a67e5f3aae14559f7c7615fdc91908446828367e5f5e86bcc1b66,360524,False
data/staged/pdf_text/1fb52b9e26ce23b6131d05e4dcf6b2e8c294a5b4aafe585c9b8b4313d706d3f6.txt,5e6869a84ca15de196e21adcb59313d9dd9529e62c8fbf83e23307be0eb773a6,5e6869a84ca15de196e21adcb59313d9dd9529e62c8fbf83e23307be0eb773a6,351856,False
data/staged/pdf_text/21afbf75fd6243f1e1b87d13d67fdab22fb686efa11024477c8f375e79286055.txt,93c98932884a471e2852ace4259901a161bbd3af26d79a1ff6991530a4f35030,93c98932884a471e2852ace4259901a161bbd3af26d79a1ff6991530a4f35030,50703,False
data/staged/pdf_text/25311d447e7f43c48655b96613b1ff2bc56371612a268932071bfb8429e5107d.txt,84fc892bcc92782dee023dc5cb4dc30fc68d4134ac4a07f97b8ec9a3014d46a1,84fc892bcc92782dee023dc5cb4dc30fc68d4134ac4a07f97b8ec9a3014d46a1,424289,False
data/staged/pdf_text/2759529f5e28ddedc459b8499ccd88c52df2a3be5388dd8afaab954540cad938.txt,e9df558c872b9cb4c32daec476e52a43e3ed01df106e3efb019e9aa0a89368ea,e9df558c872b9cb4c32daec476e52a43e3ed01df106e3efb019e9aa0a89368ea,106974,False
data/staged/pdf_text/2a3f750b161fd40b3fe721027885cc698b4e8456e20cc2ded266c64a03eb85ca.txt,517f8d987f9d26c3b15bba44668d950ddac4bce2d2b75a93a61760ab0ff6bd9e,517f8d987f9d26c3b15bba44668d950ddac4bce2d2b75a93a61760ab0ff6bd9e,11326,False
data/staged/pdf_text/35c0ffd16b7581c3888e2559c2e9d9d71dc598c9243d1ff23162619533ae7729.txt,1d506e968bebd29a90925d6d7dd98ab7da0f458230f686199261ec4e9fa52c42,1d506e968bebd29a90925d6d7dd98ab7da0f458230f686199261ec4e9fa52c42,5567,False
data/staged/pdf_text/35fef79a31d18fdeecb52bc6a15e08811e6857245dbd14d220753f3597a10981.txt,f8abb7a68a122fdb2fc71306270601b26b51f6e07a70e21f33a13cd080d95432,f8abb7a68a122fdb2fc71306270601b26b51f6e07a70e21f33a13cd080d95432,391551,False
data/staged/pdf_text/4c96f574d6f235f71d79e3e067d5d2f666e5895a0c0db9ae0b862e31aa96c14d.txt,1e5d0ac61cd646ade6143c1e9e6bb5e88f27cdea29fd753b837d5f8ecbaec946,1e5d0ac61cd646ade6143c1e9e6bb5e88f27cdea29fd753b837d5f8ecbaec946,195073,False
data/staged/pdf_text/50d654cd580f52ccc58acbffa76dfcea48478ad52a0346f7885b037e5804215e.txt,088c007a138d976ca6f57accf9e1f1d3cdbaf591ebb50fdf4c50c6c06e91d656,088c007a138d976ca6f57accf9e1f1d3cdbaf591ebb50fdf4c50c6c06e91d656,2567,False
data/staged/pdf_text/543077ecbacfb56aba75f592cde54280c508f1c5653cf9a25b3196a9c060df3d.txt,bf35b923d9f92084b3557a2546ec24e304c5c66c747085cbda7ec03fc56bbf8f,bf35b923d9f92084b3557a2546ec24e304c5c66c747085cbda7ec03fc56bbf8f,2456,False
data/staged/pdf_text/548a8ff7ef6d0fd6ce3db6989f1392e926873d063fe4344760061cb9d3637fea.txt,96646c5479cf6480397ab4e2804f49ef32fcafb6ce840d58c1ad525637c7a9e6,96646c5479cf6480397ab4e2804f49ef32fcafb6ce840d58c1ad525637c7a9e6,4624,False
data/staged/pdf_text/565721aa8e656d20e2b2edb9c8db64b0ffdab8bfd02ea4e2ad8119bc9b76e5d9.txt,e9dbedf5a7c39e604373aa73b32759fe1a1da6c4ffc76538e6edbbd6314445ad,e9dbedf5a7c39e604373aa73b32759fe1a1da6c4ffc76538e6edbbd6314445ad,424341,False
data/staged/pdf_text/5c8bd8f5fb2ae4023300d399bf8deb93f05dd5dff08af27165cd6c6a2201d89c.txt,880f5625200f4ea74f2134174bd132d0d627d86eb9d43403fda6068cf78d3206,880f5625200f4ea74f2134174bd132d0d627d86eb9d43403fda6068cf78d3206,4420,False
data/staged/pdf_text/5ca5a14c242fdc43aba2946d19a90fd682ecf38054edf2acaaa843cc89f8112b.txt,ff149bf563324b3207d91a2f187da3b8de758a209066fb8ce1f3f1e52379ff52,ff149bf563324b3207d91a2f187da3b8de758a209066fb8ce1f3f1e52379ff52,1296,False
data/staged/pdf_text/5ec7ad2f8fde7650b4723adcec0d6931c2ecdb8af0bd0ccaab60f6db6b6c63e6.txt,4a83a73795adced069f1ff8e3bd56afdfd1ce5a0204d4cd725546e58bb0aa1db,4a83a73795adced069f1ff8e3bd56afdfd1ce5a0204d4cd725546e58bb0aa1db,5833,False
data/staged/pdf_text/5f2a920d6c4eef88fda95d7fd9fb6692d4f8aed29368d2e5a968886069317666.txt,53069526aa3aeb4b4cfd5abe426a416e7061ae185599ed651aff01f36d5b9a1c,53069526aa3aeb4b4cfd5abe426a416e7061ae185599ed651aff01f36d5b9a1c,50449,False
data/staged/pdf_text/5f78b95ae640847279af2e71ce967b3b8f2160776ac08cf24f46e5d731c0aca5.ocr.txt,afb87d94dc148205599085eefe1ec5538dda2ddeed4726288af4f9ef08d4d778,afb87d94dc148205599085eefe1ec5538dda2ddeed4726288af4f9ef08d4d778,65819,False
data/staged/pdf_text/5f78b95ae640847279af2e71ce967b3b8f2160776ac08cf24f46e5d731c0aca5.txt,84812fb36d9fc31ce802c4cf9fa3c8615f197a767cd764cebdb739e0710b98de,84812fb36d9fc31ce802c4cf9fa3c8615f197a767cd764cebdb739e0710b98de,68,False
data/staged/pdf_text/5fae342e3aebe93b2118cd32e37d603c71670b7b78aad88b4b859e882a73ee3c.txt,2bd0b5db38d94ab818509a1f964939aac4f0b29bacf87b700df8d3eda67c851c,2bd0b5db38d94ab818509a1f964939aac4f0b29bacf87b700df8d3eda67c851c,60336,False
data/staged/pdf_text/64d6f55fad58be64ef283ac365cab3c13752d7b05688569522b570c1f4438157.txt,2368527cee8c117b10f383c2ed9d3b597a47300962f3303bcf0733dacec50e28,2368527cee8c117b10f383c2ed9d3b597a47300962f3303bcf0733dacec50e28,5454,False
data/staged/pdf_text/662cae34a3c8e14374c392303378b0ba439c99f3c2adc01123332b85f12a931f.txt,b02fb4c230978ba65339958f10f4724799bfbf770fecb8bcf8600cef050f4562,b02fb4c230978ba65339958f10f4724799bfbf770fecb8bcf8600cef050f4562,363933,False
data/staged/pdf_text/672466fe557eca52389b61cf8eb9697e0f4110033cbb0418bbe8d3193d9dc68c.txt,23ba730b77e4f15a4c73242bc34eae2b891956ae74572962c9661e20262c54cd,23ba730b77e4f15a4c73242bc34eae2b891956ae74572962c9661e20262c54cd,267,False
data/staged/pdf_text/6725ccec06129673dcd030a56859bb9c08dc0d33fa297914ba75e9197c95f38b.txt,bb28e4eb71ff12ff33a81b0eaef5a54176566a89ad6ba91738311eae996cf899,bb28e4eb71ff12ff33a81b0eaef5a54176566a89ad6ba91738311eae996cf899,5481,False
data/staged/pdf_text/6a368721bcef1b229bfe5bd3bb2d40b5ddf61811dd86483a53841c6ecdfc15a4.txt,d327fb16bdac6e3b8fdca9d362ea7bcf7fb863577e1a15fade58986bcfec013b,d327fb16bdac6e3b8fdca9d362ea7bcf7fb863577e1a15fade58986bcfec013b,5364,False
data/staged/pdf_text/6cdd357410777803b9423465738698e06c86d90f2770b19fe8e598acca238bb1.txt,5ed49975b66bdae92a60b58e2566386373b72077ff29f906bc6798561826bd87,5ed49975b66bdae92a60b58e2566386373b72077ff29f906bc6798561826bd87,195097,False
data/staged/pdf_text/70517aa73243cce5a00fb02792ec0a84e4aad3c728a1a5c48546bfa0f8409442.txt,df1a89f6fa0d03398050338e96f2ad35c859dd9e076122395e163b4782668a94,df1a89f6fa0d03398050338e96f2ad35c859dd9e076122395e163b4782668a94,309313,False
data/staged/pdf_text/70e61cf108214fb5b0a5bb9c687aa196fbffbb203a42f2b527b9f9a14f88e4a7.txt,07d3a4b83b5832df739de2a38ab36977d00b5494cf91e7b0899bd31bf3a406ca,07d3a4b83b5832df739de2a38ab36977d00b5494cf91e7b0899bd31bf3a406ca,4360,False
data/staged/pdf_text/7139dab4d1a5071c526396881c1e3160f3ab1957c9f42437a0cf9a3c533885ab.txt,93c98932884a471e2852ace4259901a161bbd3af26d79a1ff6991530a4f35030,93c98932884a471e2852ace4259901a161bbd3af26d79a1ff6991530a4f35030,50703,False
data/staged/pdf_text/720b75ef0bff8893c739dde9a900298f9a9b9f95ec74db696ec8841b828d5850.txt,ca996a4db55179a4c2ba1172a4c113e2e796b0970f19a965b5e238c4e056061e,ca996a4db55179a4c2ba1172a4c113e2e796b0970f19a965b5e238c4e056061e,16769,False
data/staged/pdf_text/7566afe81be70a79ee692a52f0438da0bfc935eb971e853654613533d09d55c7.txt,752c40f6b8b6fe79ab7f54f9a810528c72633dc0610196fe211c1c0373aa8373,752c40f6b8b6fe79ab7f54f9a810528c72633dc0610196fe211c1c0373aa8373,353411,False
data/staged/pdf_text/75b73130d02612d7c1c05f64b5a800a662554d854abc4445e565e0caf2439cb6.txt,9527e81270d5b484c947ddae6b5b478950ad0b98b1cd01e359f49df55dd2a784,9527e81270d5b484c947ddae6b5b478950ad0b98b1cd01e359f49df55dd2a784,7432,False
data/staged/pdf_text/7714332a5b225299facb069431a9cd3ca9d7535e10986b2ec3dc5b3a7fc359a5.txt,ca30bdb341fdd650205dc65bcee6bea16b693b4a7f1b68d00df6820d5ebfa2ce,ca30bdb341fdd650205dc65bcee6bea16b693b4a7f1b68d00df6820d5ebfa2ce,6379,False
data/staged/pdf_text/78e1f182e7fd0b7a08ca5d3c27ae6e6d7fda39a6479c6788bce1f18d7d80e999.txt,3c2a3e367ea1a8728ae6b608d158ba0f696181eba36f6368e107b0cd68f9b37a,3c2a3e367ea1a8728ae6b608d158ba0f696181eba36f6368e107b0cd68f9b37a,286406,False
data/staged/pdf_text/7e77caac8ab8aadaad63f26fe2d9c7bb2754b437be598bcb82795b95a75c5d21.txt,2fd13cae69407c30f1c3567b2b51d1ae6d4e5c58e4595549e7dccff86263f384,2fd13cae69407c30f1c3567b2b51d1ae6d4e5c58e4595549e7dccff86263f384,4008,False
data/staged/pdf_text/7ffd1f81084ea1df1f970a4b81c950d8c381769be3c0f1ef2ab578354b184249.txt,59183967a289cae9721f865822773c669556772272bc6b5f72f10e7100954d63,59183967a289cae9721f865822773c669556772272bc6b5f72f10e7100954d63,3368,False
data/staged/pdf_text/808adcd9cfba65450c62f6187416790bf6dcca2d2c50af97e8ecee5c8f9a84fc.txt,1d9493044a31c4b02d71c54d2a55d463ca9388d3c25af1c2e4af7335cd1b89f7,1d9493044a31c4b02d71c54d2a55d463ca9388d3c25af1c2e4af7335cd1b89f7,3412,False
data/staged/pdf_text/83da19e7f5e189f542899a4ff549fbf2cd6caff6dab96ef41ff11835f4e66734.txt,3c2d381f683069613131a49e93983e2e316cf1b75379b2600607c1e6a32b7a38,3c2d381f683069613131a49e93983e2e316cf1b75379b2600607c1e6a32b7a38,8758,False
data/staged/pdf_text/894b933a4fc5a46612a01bb5806599544d52a78c702fdf34203d30d7240bac5b.txt,5edf4e9810c1d0e2a71b21fb98d1a450f1109bc3094438df28275cf68f54a4ce,5edf4e9810c1d0e2a71b21fb98d1a450f1109bc3094438df28275cf68f54a4ce,6242,False
data/staged/pdf_text/8ac431b91d3d060832a9e275cef5f02f8f259cf1b8a41b8716d2cd3bc3ab32d2.txt,5b88684c231bce389b4ab921305281c85cd6f54ff77f9372ad93e627b1de57f2,5b88684c231bce389b4ab921305281c85cd6f54ff77f9372ad93e627b1de57f2,8242,False
data/staged/pdf_text/8c8756bf0041e944a8ce2c1e3d1d8e3aa16e34722cd7c5643a68f09fb3e5a5d9.txt,c78c69c5c2f0511a30322ed15c2ba7880a7bf8dd9be8aa85773a9ca45e7e67fc,c78c69c5c2f0511a30322ed15c2ba7880a7bf8dd9be8aa85773a9ca45e7e67fc,721,False
data/staged/pdf_text/8f0fe3faf922f11b696f2037df4e39f81f0469ee14c22ff396095a3bede4965c.txt,076adab7b4979f8d7a70a010d33a4374f3414b817af5fbb0a4eefde59f0a4102,076adab7b4979f8d7a70a010d33a4374f3414b817af5fbb0a4eefde59f0a4102,24561,False
data/staged/pdf_text/90f107e315964eadde4d306bc9bd50f6b4883562335c9cbb3a6a6c4b486b8c77.txt,5c76b38773ab13a405fcdc8661ae93526317161083f726303c528363316465cf,5c76b38773ab13a405fcdc8661ae93526317161083f726303c528363316465cf,45130,False
data/staged/pdf_text/90fcc484062c53afba4d33beaa9b5e0e5027ca7eea745254829727621b4dea52.txt,74b8988df29eafabae3fd388fc014fffc2e74d02b94a6c1994cb6ecee2252b95,74b8988df29eafabae3fd388fc014fffc2e74d02b94a6c1994cb6ecee2252b95,4214,False
data/staged/pdf_text/91764a04183cf52a403ab40f3f4eb7de4a23120b84df4d271aa7ae5fcc0d0b83.txt,1ee65e173d233c7865da972b3040c0e68cdf028755cb64dc7a1ed646532e3451,1ee65e173d233c7865da972b3040c0e68cdf028755cb64dc7a1ed646532e3451,5588,False
data/staged/pdf_text/9f8e43212a22fdd573254ea59bd1cd1ba3f8d1ac7a1494b97682b50c65adc95b.txt,0f4e8471619d33c1e77e353917e88ba8e01afc653cc32509877a2e7e0b6953e0,0f4e8471619d33c1e77e353917e88ba8e01afc653cc32509877a2e7e0b6953e0,360385,False
data/staged/pdf_text/a27d8c520db11a7da4c8dc60168a373f40ed7f87cbee81d6da883b550f43e871.txt,47f890e878c55b5e05ac060558a2b44a7e60d42c0dca03256b7168ae829e9d84,47f890e878c55b5e05ac060558a2b44a7e60d42c0dca03256b7168ae829e9d84,4389,False
data/staged/pdf_text/a3c74951c8e5c04931fc3d631c069bf6b22718e2978eb0d577e1941c58393e7f.txt,bc05a9efff1cbfec5e723d2e90d8423ec35bfb334faa7f99feff1226a3962393,bc05a9efff1cbfec5e723d2e90d8423ec35bfb334faa7f99feff1226a3962393,4417,False
data/staged/pdf_text/a462e80e674ef097b025a5d6a1fd147bba70fc5ecd04a37c12c03435d394b18d.txt,b9ea4b23d6df521af289fb3c1703de6b7d9af9951471dab9d831819f3bc746eb,b9ea4b23d6df521af289fb3c1703de6b7d9af9951471dab9d831819f3bc746eb,3894,False
data/staged/pdf_text/a65a5c4807f9e93fe2cd6c465ccaaccae2657d5b48db24ded879e80b26468319.txt,7985bcf7893dddcce666565b769c20e9b9a0f7bceab40433f90fef4412532867,7985bcf7893dddcce666565b769c20e9b9a0f7bceab40433f90fef4412532867,416805,False
data/staged/pdf_text/a7dd2379b5b5c8ef62f841f11759dc858b2f3a120b4f0f27f9ff50b737a17289.txt,c8f7e1ce24cedd646efaa1b9b9aa53b7d627aa7aa4e64ed24703f8458172010e,c8f7e1ce24cedd646efaa1b9b9aa53b7d627aa7aa4e64ed24703f8458172010e,38423,False
data/staged/pdf_text/a9beb607d64a9ebdabe680bf68c20f0f2cfd347c8d24d9a0a3d82b30fa1094bc.txt,134922631becd6beae2d30e0a6a24599883455b6ab28fc09abd431308d0b167d,134922631becd6beae2d30e0a6a24599883455b6ab28fc09abd431308d0b167d,4123,False
data/staged/pdf_text/ade438681fd2b080ed26cbafd823416f4d95a0df7fed95a67f508db4ccb0ac7c.txt,d41f9892e1df8680899d788a41f753c0c7e58ddf99c719068fc07e1d6e527dcf,d41f9892e1df8680899d788a41f753c0c7e58ddf99c719068fc07e1d6e527dcf,1295,False
data/staged/pdf_text/b0c5c614416bcefdea6f27d7eb88f9a6be6c9a728f9a8bc0380f9356db04e18d.txt,29ab04f06abf1644471616db38e39681758e71c9f4fd5a2d21a0c48324958719,29ab04f06abf1644471616db38e39681758e71c9f4fd5a2d21a0c48324958719,63069,False
data/staged/pdf_text/b247b3e65cb7029821c352a345952c0fb73323ae3462b90b52f5b653dca1a2f5.txt,4d7f95a237ad521f55ec72e17a97f3eecaf2e5dbe6ff6bd53b84ed3f71579375,4d7f95a237ad521f55ec72e17a97f3eecaf2e5dbe6ff6bd53b84ed3f71579375,519427,False
data/staged/pdf_text/b289b7a3fb07c631744d95e58f66b47e45e0a4347c138c16684c58554010050c.txt,e3a9d03f22e712f9ef841bbeb738da7beedb19f7c7e058dae73f7dc276ee438e,e3a9d03f22e712f9ef841bbeb738da7beedb19f7c7e058dae73f7dc276ee438e,21320,False
data/staged/pdf_text/b742188f7e7a4d25e76a9e308fece038462ad1460e35f54b631a7ac587408d8d.txt,69602859c7a08a077a95818aeb81ce0d3cc4ca8200122dd60bbe1f8b43554495,69602859c7a08a077a95818aeb81ce0d3cc4ca8200122dd60bbe1f8b43554495,130709,False
data/staged/pdf_text/bc80d2e3ee3dadbec345a636c7840673b07f8bc9da12f3a14d21a33c94ed5d33.txt,e4ec0c324c3158c4ca5319ab79feeb9d856f5cfb1d3f0eee09dafac28cdba0a3,e4ec0c324c3158c4ca5319ab79feeb9d856f5cfb1d3f0eee09dafac28cdba0a3,8346,False
data/staged/pdf_text/bff83f4d343364fcf84955d49a59748b9f82b4116f02cfbfb70ca9e5c3ba6b9d.txt,36a04e1855c6b832b4a9ecc9bb0469d247ed1a2378dada81b16b14aa0a975ca3,36a04e1855c6b832b4a9ecc9bb0469d247ed1a2378dada81b16b14aa0a975ca3,63400,False
data/staged/pdf_text/c527d0ab39cb4e427fa62ce8c97d7f7b5074d06dcf2ac3af96ae616ddf7fdcc9.txt,ee898ab9bcd6c954b4c86049c3c59c1c382dc7375742de629ec4e074757ac9eb,ee898ab9bcd6c954b4c86049c3c59c1c382dc7375742de629ec4e074757ac9eb,2739,False
data/staged/pdf_text/c9e00558131c031e6df06cef301f3d81f8c0f0fe4f6eab31b670b0512414feab.txt,d096fee54ac37d3ca839b26ee277b8fc6cbe1f95f707805469adbf924761a09f,d096fee54ac37d3ca839b26ee277b8fc6cbe1f95f707805469adbf924761a09f,20774,False
data/staged/pdf_text/d225b71e078de3e7903d26ef108379f624797a80735d28f23efba6334c373912.txt,8fd1a63047e93c7a0a325bed8caddef53d2dc4952e885990321a5e19b2fc637f,8fd1a63047e93c7a0a325bed8caddef53d2dc4952e885990321a5e19b2fc637f,354615,False
data/staged/pdf_text/d3bdc37aa3e72dd26cd4065e2019ef0154a1f93b16d3f0202d05f03b5fe8c968.txt,4f5c9d6c8f7d02b937a2fd81d6ab09bccbd68a19d22046c6e1c6ff8363f5db81,4f5c9d6c8f7d02b937a2fd81d6ab09bccbd68a19d22046c6e1c6ff8363f5db81,3617,False
data/staged/pdf_text/d647c7a4cdbee67abb44b2fdf7c64c57b821e6a427702c953cf7c3758cc537e6.txt,cca1efa6a93b4d6cb624c3999561b0eab58d0145af04d2ef5d30ffd018805542,cca1efa6a93b4d6cb624c3999561b0eab58d0145af04d2ef5d30ffd018805542,2308,False
data/staged/pdf_text/d7e578abba3c7c6fe3592dbebdaef288ee0ace8aeb5d4a35909946668e2838f1.txt,efb8920b9a98f9e81ff2cfa048b410bc261121eeeb112c60707176a8096521bc,efb8920b9a98f9e81ff2cfa048b410bc261121eeeb112c60707176a8096521bc,13811,False
data/staged/pdf_text/da11fbf0ece767ab2872f6f40311e00bf7df9bceafc4f9ce045d9c29bb28ed92.txt,a5588262b6241bf925fcdfb8447079161123f8929e9a155c0b245db9839468fc,a5588262b6241bf925fcdfb8447079161123f8929e9a155c0b245db9839468fc,4681,False
data/staged/pdf_text/dbf2922f167bc6ed4a6e634ca45cd33925611b91d3696fffa35e4263bd88d3ad.txt,a20cf25504163bd372fea63289552a04a59ed9218ba09924231533c30adb0442,a20cf25504163bd372fea63289552a04a59ed9218ba09924231533c30adb0442,2760,False
data/staged/pdf_text/dbf7426f5af96c441bb07cbbd80a31ca690cde79a1dc426fac9700ba227bf998.txt,5c6f39cebbaacdb2eb5be2c5b983f314987685a10232d44aed923802c6bbd486,5c6f39cebbaacdb2eb5be2c5b983f314987685a10232d44aed923802c6bbd486,5886,False
data/staged/pdf_text/dc233154be5b674cb88e215791cc0f37d90bdbe94d06dff17e6fed269a0f7d9f.txt,086ee9928cf3b7a7f929e576502110a99cb4c2f131ba3d1bb6aaabbc8f4f475f,086ee9928cf3b7a7f929e576502110a99cb4c2f131ba3d1bb6aaabbc8f4f475f,11791,False
data/staged/pdf_text/dfdccd29d1cffe983af2ea5d909ff6fc9c5ea5aabe1a4167e04d8ce4029f36c4.txt,0305b140bf32b85d23e6fbf3a6ee9eb7a143db820377e7c6e151bb683f0b1f6b,0305b140bf32b85d23e6fbf3a6ee9eb7a143db820377e7c6e151bb683f0b1f6b,2579,False
data/staged/pdf_text/e1ebc0fea640403e26a71cfea8ebace74b5da734ea1371ad0713ba9974d0da49.txt,bcab58cf7317711d8cecba2d179b7987f41b2ea5e0cfd8198b49772ed9d5369c,bcab58cf7317711d8cecba2d179b7987f41b2ea5e0cfd8198b49772ed9d5369c,6790,False
data/staged/pdf_text/e5df2c787de7dcb0a2e0db08463e2f03569396fed88580c86947a2197a284875.txt,06a70ed78f61a335955894b0884205b16ecc51f51ce9640f5cc403b9827614e8,06a70ed78f61a335955894b0884205b16ecc51f51ce9640f5cc403b9827614e8,12131,False
data/staged/pdf_text/e8f57f80285b5bdd4a7c065b26e86816a49adf47b0621eb892b91b0ed574c58a.txt,b20e7e44579822f4996eae484ce60921072d1dd7a61082abc189bff15cee3e26,b20e7e44579822f4996eae484ce60921072d1dd7a61082abc189bff15cee3e26,2308,False
data/staged/pdf_text/e9ecf26d9d265a70fb06ab20847c338f10a9bf24ef3dbf6ed58c57c6a251b931.txt,073456df662888d82338b294c8cd0bd1c2df8e4269275b2cbb484fd86a574484,073456df662888d82338b294c8cd0bd1c2df8e4269275b2cbb484fd86a574484,269783,False
data/staged/pdf_text/ea078d9bb489eb228f003f5675c7825a8b6223f409e3dad8375bcf6a9e780378.txt,bcc8eeb6b071f84585e4f613923561a4d48e9cf80324d86f3d44925124cb4943,bcc8eeb6b071f84585e4f613923561a4d48e9cf80324d86f3d44925124cb4943,3750,False
data/staged/pdf_text/ec903ff08af3f81b601966e19ded4bbc7ec874605458f51aa9d213ffc322d3aa.txt,e9855215671964b39fd3ac96777de57e9d11358ab321543975190867a1dcf28d,e9855215671964b39fd3ac96777de57e9d11358ab321543975190867a1dcf28d,11043,False
data/staged/pdf_text/ecc470f4fb71a5b29f7499ce815fe4f6605f9de139444664a3134be6e5dcd577.txt,d41f0661ab826d33ba9f43c3f8b0ba5e59a0077ed79ac1770b2ffdcd88f963ec,d41f0661ab826d33ba9f43c3f8b0ba5e59a0077ed79ac1770b2ffdcd88f963ec,14395,False
data/staged/pdf_text/ee97d54c55cef1585e0d54df1a891d04e68b3dbdc1c8fcde9b4cbc7ef7087556.txt,ce19bdb197e8dcd52ea03d15fff06ba65af3dd9a5ba6ac071b324613dafcf4b2,ce19bdb197e8dcd52ea03d15fff06ba65af3dd9a5ba6ac071b324613dafcf4b2,19469,False
data/staged/pdf_text/f54821ed2da56cc09c6281ab080ed96a84252a1fad9af1fff9c07bb78913eb1f.txt,1105a23da66a2b80ea57d6ee2047345a9d7ecb54174b9962b8187f9fc330e641,1105a23da66a2b80ea57d6ee2047345a9d7ecb54174b9962b8187f9fc330e641,13907,False
data/staged/pdf_text/f7202e924988f383730f245784e37a1ec66f0f54d655fb3b8171c45314389195.txt,f9b5281e90dc5be753e0fda39ca211562a7cd13107b14849bd10d82c96aea220,f9b5281e90dc5be753e0fda39ca211562a7cd13107b14849bd10d82c96aea220,367163,False
data/staged/pdf_text/f73aeb4a71997f5df77ed1b4d5cd616609805096dc5b3333ed61b3dba5b62051.txt,0d51a69b14f2b1913a6f24f39abb16d3cae36d75f600412fdce40e5c85eeea8d,0d51a69b14f2b1913a6f24f39abb16d3cae36d75f600412fdce40e5c85eeea8d,109362,False
data/staged/pdf_text/f7d1029283830f3ac7dfd255ec4b2f248fd38cb22aa444baaff4f759b04d80d0.txt,d72bcffec7f00a9c647340bcf956754b6ff1e590b98063a8a389ee7a9eb5293b,d72bcffec7f00a9c647340bcf956754b6ff1e590b98063a8a389ee7a9eb5293b,84767,False
data/staged/pdf_text/fb08785a7962ad8088d930c4598ac1d095187eb34f7a52ea2b675bb0f5fc72cc.txt,db4aa67fafa241125a02f7b01876e9df909877764040f36c5d1fceb1beb40b86,db4aa67fafa241125a02f7b01876e9df909877764040f36c5d1fceb1beb40b86,9233,False
data/staged/pdf_text/fbe43488370ed17260f5eb6525fcfb25d0453d9a5c2222cb252bf9de41dd62d1.txt,db4aa67fafa241125a02f7b01876e9df909877764040f36c5d1fceb1beb40b86,db4aa67fafa241125a02f7b01876e9df909877764040f36c5d1fceb1beb40b86,9233,False
data/staged/pdf_text/fe6a75eea6be0515dd7aae147197495ec4ecbc0e96e953f867d6a3d269c7dcbd.txt,8efe35ea74fab2dfd20bc6c9ca18f5d00659eb1fd7a6b1a1e5ea3a9ce34052bb,8efe35ea74fab2dfd20bc6c9ca18f5d00659eb1fd7a6b1a1e5ea3a9ce34052bb,4216,False
data/tmp/pytest-full-refresh-2bd06782d6984af091930a961e2c7ea4/test_extract_text_from_html0/test.html,8bbaf2126d7d7446529fc97c87abe65f1cca8b3a9710968e4f81bada52658a33,8bbaf2126d7d7446529fc97c87abe65f1cca8b3a9710968e4f81bada52658a33,86,False
data/tmp/pytest-full-refresh-2bd06782d6984af091930a961e2c7ea4/test_extract_text_from_html0/test.txt,d187ade0397120651c3ddad4960db2e4bdc32c77679683969869af376fd40bc7,d187ade0397120651c3ddad4960db2e4bdc32c77679683969869af376fd40bc7,54,False
data/tmp/pytest-full-refresh-2bd06782d6984af091930a961e2c7ea4/test_read_candidate_rows0/test_data.csv,c29ed57565964bdb62e3da128bde564531a50fa3541ecc5171d2e39ea52ad60f,13fef1f3a8997d32713ba64af8f8c1e28fb683e094bfee177c99a985e4e2850b,59,True
data/tmp/pytest-full-refresh-2bd06782d6984af091930a961e2c7ea4/test_read_candidate_rows0/test_data.psv,d419f1c58df437470ba54e50e5650f9ee633eea09b2bee4396b4d6883c7d8bb8,d419f1c58df437470ba54e50e5650f9ee633eea09b2bee4396b4d6883c7d8bb8,50,False
data/tmp/pytest-full-refresh-2bd06782d6984af091930a961e2c7ea4/test_resolve_candidate_file_ps0/sample.csv,8aafe454f14d2c3ce21bcf5cb9b6fb421c6ce130b9bcedbe876834a7e5be3e8f,f7d3d3b1135f376aed743c69fb6fb40100dac4eb8547f889379b233e385ff3f0,46,True
data/tmp/pytest-full-refresh-e4ba119002e348e98cfc153795489f78/test_extract_text_from_html0/test.html,8bbaf2126d7d7446529fc97c87abe65f1cca8b3a9710968e4f81bada52658a33,8bbaf2126d7d7446529fc97c87abe65f1cca8b3a9710968e4f81bada52658a33,86,False
data/tmp/pytest-full-refresh-e4ba119002e348e98cfc153795489f78/test_extract_text_from_html0/test.txt,d187ade0397120651c3ddad4960db2e4bdc32c77679683969869af376fd40bc7,d187ade0397120651c3ddad4960db2e4bdc32c77679683969869af376fd40bc7,54,False
data/tmp/pytest-full-refresh-e4ba119002e348e98cfc153795489f78/test_read_candidate_rows0/test_data.csv,c29ed57565964bdb62e3da128bde564531a50fa3541ecc5171d2e39ea52ad60f,13fef1f3a8997d32713ba64af8f8c1e28fb683e094bfee177c99a985e4e2850b,59,True
data/tmp/pytest-full-refresh-e4ba119002e348e98cfc153795489f78/test_read_candidate_rows0/test_data.psv,d419f1c58df437470ba54e50e5650f9ee633eea09b2bee4396b4d6883c7d8bb8,d419f1c58df437470ba54e50e5650f9ee633eea09b2bee4396b4d6883c7d8bb8,50,False
data/tmp/pytest-full-refresh-e4ba119002e348e98cfc153795489f78/test_resolve_candidate_file_ps0/sample.csv,8aafe454f14d2c3ce21bcf5cb9b6fb421c6ce130b9bcedbe876834a7e5be3e8f,f7d3d3b1135f376aed743c69fb6fb40100dac4eb8547f889379b233e385ff3f0,46,True
docs/submission_audit/attachment_inventory.json,e0dfd37e46c6d9911a57907ee887fb5e6b6e9553270dc45754183004cc1cc87f,e0dfd37e46c6d9911a57907ee887fb5e6b6e9553270dc45754183004cc1cc87f,3853,False
docs/submission_audit/code_inventory.csv,d5684d597901a7f9a657ecf58e3fdadac87a554a6ed1c330349a77c6f4dfda77,d5684d597901a7f9a657ecf58e3fdadac87a554a6ed1c330349a77c6f4dfda77,2629,False
docs/submission_audit/data_profiles.csv,1c7d84b9b07741f290ff3d29d7f7947c90b55e49c29b0439598ce6b9812c4f4f,1c7d84b9b07741f290ff3d29d7f7947c90b55e49c29b0439598ce6b9812c4f4f,4454,False
docs/submission_audit/excluded_files.csv,8d96b2a4abe8b5552af632deffaf10f2836dc0d4d480ed0a590d8486615b2d7e,8d96b2a4abe8b5552af632deffaf10f2836dc0d4d480ed0a590d8486615b2d7e,748,False
docs/submission_audit/file_inventory.csv,25e31b6220d85c68e3dfe804dd4eb6af58a4668840be00edac0063758d6f611a,25e31b6220d85c68e3dfe804dd4eb6af58a4668840be00edac0063758d6f611a,681115,False
docs/submission_audit/history_secret_findings.csv,0f41a0c9fd2bc447f52e57c0305821dd07077232cc31ab40a98ffd281796936a,0f41a0c9fd2bc447f52e57c0305821dd07077232cc31ab40a98ffd281796936a,117,False
docs/submission_audit/inventory_summary.json,fb9fc0b1b4bd148eadb44eca67588891e2bba460197034be72de89f6508a9e83,fb9fc0b1b4bd148eadb44eca67588891e2bba460197034be72de89f6508a9e83,420,False
docs/submission_audit/pytest_final.txt,b9df79c39ee40c75b83069be8d3719c1cdb76a8aa33af1d1323dde7512f82e9a,b9df79c39ee40c75b83069be8d3719c1cdb76a8aa33af1d1323dde7512f82e9a,183,False
docs/submission_audit/secret_findings.csv,601904a86f78eac527ba8c0122c3c85f4cb79644fa972b74dc2b03aee72fce03,601904a86f78eac527ba8c0122c3c85f4cb79644fa972b74dc2b03aee72fce03,567,False
docs/submission_audit/감사결과.md,95bd69883e205cf9a951c3fa74818513f0db94f1852f13ccf14b3432c391a97f,95bd69883e205cf9a951c3fa74818513f0db94f1852f13ccf14b3432c391a97f,8477,False
docs/submission_audit_v02/actual_collection_provenance_v02.json,ab5a8cd94bd67cfb5af686a3cd5c3d4139dcca0e98c9fe124ce1d68b1878319f,ab5a8cd94bd67cfb5af686a3cd5c3d4139dcca0e98c9fe124ce1d68b1878319f,1265,False
docs/submission_audit_v02/all_files_v02.csv,3fcb9d128f222fe130d7119787798080c5db0df7f7fac79580a461ad39a5b5d0,969f635ad5a4c75db19d86d7f52f7939f38184bca9e30beef847d92eb20e2c74,6512857,True
docs/submission_audit_v02/archive_members_v02.csv,ce69cd1323440795b3fe282d441bc7e9dc716edb16f57235aae14ddfd39148cb,ce69cd1323440795b3fe282d441bc7e9dc716edb16f57235aae14ddfd39148cb,41564,False
docs/submission_audit_v02/code_assumptions_v02.csv,c79b0494bd5f96b9c98b75527f3bba666c47abb5ef9e0f1962ef7c2be2f306b5,c79b0494bd5f96b9c98b75527f3bba666c47abb5ef9e0f1962ef7c2be2f306b5,1234,False
docs/submission_audit_v02/document_date_annotations_v02.csv,627ff88ef979e02776252d2d34e7547bd240d3cedd1b2f0c233f42692cdaded2,627ff88ef979e02776252d2d34e7547bd240d3cedd1b2f0c233f42692cdaded2,1053,False
docs/submission_audit_v02/download_copy_comparison_v02.csv,1c0cc4d4dcc15d9b0d4d3a2cf8866841861681accd2261725d37a10294c1fbf8,1c0cc4d4dcc15d9b0d4d3a2cf8866841861681accd2261725d37a10294c1fbf8,797435,False
docs/submission_audit_v02/headway_lineage_v02.json,58c0b0a4d638acecc9143a77b740ca8696984caa2e329214f29825b98716fb09,58c0b0a4d638acecc9143a77b740ca8696984caa2e329214f29825b98716fb09,608,False
docs/submission_audit_v02/inventory_errors_v02.csv,1c6dde25c7b6072741da902cd7d15784d75c2365bebffa4783f384273099fc34,7d4ef13707751a77e94db06d6dbc8f5093585c5a30ebe5df05f4251dd27b0112,163,True
docs/submission_audit_v02/inventory_summary_v02.json,01dcd55b352e49b78be3cd26845fa183693a15a5321ea438a3819b4070902fbf,01dcd55b352e49b78be3cd26845fa183693a15a5321ea438a3819b4070902fbf,834,False
docs/submission_audit_v02/priority_content_review_v02.csv,2ccf2292e6aec177a1f583243c81b3ba8b058da0210dfd7e803fedd06f4bb63a,2ccf2292e6aec177a1f583243c81b3ba8b058da0210dfd7e803fedd06f4bb63a,16364,False
docs/submission_audit_v02/pytest_final.txt,9a53df44d4e12b0e0db29c4bf3fbe8ca7dc7d137972d76251abb277c66e561b8,9a53df44d4e12b0e0db29c4bf3fbe8ca7dc7d137972d76251abb277c66e561b8,183,False
docs/submission_audit_v02/pytest_release.txt,8d3a888b1654a85ddd5b655f43febec1f8972ca1e0bcfee4c41ba46e6702f051,8d3a888b1654a85ddd5b655f43febec1f8972ca1e0bcfee4c41ba46e6702f051,183,False
docs/submission_audit_v02/release_exclusions_v02.csv,dc810930f309ac1380b04a4a0f456e6965a94670a5130fc5ad7c19d772063e8e,dc810930f309ac1380b04a4a0f456e6965a94670a5130fc5ad7c19d772063e8e,11379,False
docs/submission_audit_v02/release_pattern_resolution_v02.csv,a5bba2dd4610f1a92c1b71ad0cc3d1c65d1bf7f7c7932d24de56487955c353d6,a5bba2dd4610f1a92c1b71ad0cc3d1c65d1bf7f7c7932d24de56487955c353d6,682,False
docs/submission_audit_v02/release_pattern_review_v02.csv,e2dae09b947a08de719b4632cf1b22ef674ec89a4fee0b0d27d0d3651ba60609,e2dae09b947a08de719b4632cf1b22ef674ec89a4fee0b0d27d0d3651ba60609,253,False
docs/submission_audit_v02/review_changes_v02.csv,9cd0d362bd60fe7eeead6b81a56b6ed5edd2c3089c85de22f896c8e586e33ee6,9cd0d362bd60fe7eeead6b81a56b6ed5edd2c3089c85de22f896c8e586e33ee6,209993,False
docs/submission_audit_v02/review_mapping_v02.csv,2964f0ec369118676515c02746d082d7c2d57b4aae6cceb69ad75900af3824a3,2964f0ec369118676515c02746d082d7c2d57b4aae6cceb69ad75900af3824a3,10409,False
docs/submission_audit_v02/tago_folder_inventory_v02.csv,26e15215548533ad3a3e2b5ab7c28baefb37b145e1579a67800ca40b6f069596,26e15215548533ad3a3e2b5ab7c28baefb37b145e1579a67800ca40b6f069596,303,False
docs/submission_audit_v02/visual_review_v02.csv,c187c675b320a3d72006a4a3076e41e99a670d3577d2c6be9d1e9fa149d10bdd,c187c675b320a3d72006a4a3076e41e99a670d3577d2c6be9d1e9fa149d10bdd,1678,False
docs/submission_audit_v02/감사결과_V02.md,6db346bd4d55b2aaeb08fcaf60fa5b9cddb9c8986cef2ce7c7e2861f1fce959f,6db346bd4d55b2aaeb08fcaf60fa5b9cddb9c8986cef2ce7c7e2861f1fce959f,10832,False
docs/submission_audit/prior_references/ACCESS-LINK_Antigravity_Starter.zip,,a9396e9f7beb1cd130b4bb94dd4d6456b5488fa878418515ac5a28631485ee98,12736,prior_reference
docs/submission_audit/prior_references/Antigravity 프롬프트.docx,,5b49f4cd073137bd3cac07d1013601059214276728bc79e3b80f023bd56ec524,47336,prior_reference
docs/submission_audit/prior_references/review_queue_v01.csv,,18e932e3d3de8a98e4320e33d2ba43e014f770185590e3780b44ffeba8eaf99b,132876,prior_reference
docs/submission_audit/prior_references/source_registry_v01.csv,,20c20368aa0ab02f97a1d4ab63cb28675633370b3f4686178fde3d1371ad11f4,190960,prior_reference
docs/submission_audit/prior_references/교통데이터공모전_180개_재평가.xlsx,,b254bb15d9af2568dd274c35d4528ea094fd07f07544562d4e66f696432f6919,43333,prior_reference
docs/submission_audit/prior_references/교통데이터공모전_분석보고서_초안.docx,,8f4ea7095d27b0cda616e0c92e37e694b1340dc846f8615f3068c99c8798188e,86097,prior_reference
docs/submission_audit/prior_references/교통데이터공모전_아이디어재평가_및_실행전략.docx,,2bf9d91cf597d23d2e13dda5e2fdaaec5137b3bce9c58e59e3ec2b69bfc1f2c9,118168,prior_reference
docs/submission_audit/prior_references/붙임2-분석보고서최종.hwp,,0a34e8ee013ec6de0706d090542b0cc269790bd4d5bf7181105520b7b9aa1c15,104960,prior_reference
docs/submission_audit/prior_references/한국수산회 게시글 아이디어 30개 검토 요청.docx,,c638e7b0472093de79ccf63d342862af8e9e9a1f44d76671a3f72c455951e5e0,88896,prior_reference
docs/submission_audit_v02/batch_reference/run_arrival_snapshot.bat,cd6f7441969ee6ac8137dee26d06ba3a466f10c69f4d9213383e3dee453c3e3b,cd6f7441969ee6ac8137dee26d06ba3a466f10c69f4d9213383e3dee453c3e3b,345,False
evidence/citycode/getCtyCodeList_raw.json,dedf65a7faf48f422026116c3da8d4d0a2623297c47257400ad012cae567d0f4,dedf65a7faf48f422026116c3da8d4d0a2623297c47257400ad012cae567d0f4,5946,False
evidence/documents/.gitkeep,616502f111881c680020ce2c38442ac2f7abaa23ffc09fdb26ff4b8208b50e6c,616502f111881c680020ce2c38442ac2f7abaa23ffc09fdb26ff4b8208b50e6c,17,False
evidence/map_read/A10022364_GGB222001318.png,802ab2ac25ab02604c3e73d1a71425cc8e7187415f2f7f7644f86803d8a9994a,802ab2ac25ab02604c3e73d1a71425cc8e7187415f2f7f7644f86803d8a9994a,288111,False
evidence/map_read/A10022364_GGB222001318_1.png,165210e1f43e8c68cdc9ddb14cad39311d9c8b60c6b4f7908c242e10213811b6,165210e1f43e8c68cdc9ddb14cad39311d9c8b60c6b4f7908c242e10213811b6,268066,False
evidence/map_read/A10022364_GGB222001318_2.png,efbbcc7546cdf2550d7668446b85b20a9d042fb5abd0989c1ad8ec5a58c032c7,efbbcc7546cdf2550d7668446b85b20a9d042fb5abd0989c1ad8ec5a58c032c7,110719,False
evidence/map_read/A10022364_GGB222001318_3.png,02479794456ca6260e76644cf1cb2904ff55db02ab726e171288e7d42e0c22bc,02479794456ca6260e76644cf1cb2904ff55db02ab726e171288e7d42e0c22bc,325920,False
evidence/route_info/31130_GGB222000009_20260903-1241.json,be45fddd7671499d8ec5023c20da3577170f3cc83214c71e7381c6d883c4891e,be45fddd7671499d8ec5023c20da3577170f3cc83214c71e7381c6d883c4891e,567,False
evidence/route_info/31130_GGB222000013_20260903-1241.json,dfac157e8611af4eafab19728977253c783da4ca82d8cbf828fd6cc6ba4b3bf4,dfac157e8611af4eafab19728977253c783da4ca82d8cbf828fd6cc6ba4b3bf4,573,False
evidence/route_info/31130_GGB222000027_20260903-1241.json,f36699cb4d47511ae51c1397cc685ae71f482c245a7a98736e5878db69b28522,f36699cb4d47511ae51c1397cc685ae71f482c245a7a98736e5878db69b28522,569,False
evidence/route_info/31130_GGB222000028_20260903-1241.json,f32b91eafaf8f3b3e71669b5a6a1cb28cbdff08245ca8a1414e4d7e696fd10c7,f32b91eafaf8f3b3e71669b5a6a1cb28cbdff08245ca8a1414e4d7e696fd10c7,558,False
evidence/route_info/31130_GGB222000031_20260903-1241.json,1189ad96ebf4a7cadb0565e902a9e94b198efaed09c10a3f732b1586e982b8fc,1189ad96ebf4a7cadb0565e902a9e94b198efaed09c10a3f732b1586e982b8fc,551,False
evidence/route_info/31130_GGB222000032_20260903-1241.json,839b9939a28b5ffc2d4a6924736b5c37a3370e6d0af36903e394fdb02ef894f5,839b9939a28b5ffc2d4a6924736b5c37a3370e6d0af36903e394fdb02ef894f5,579,False
evidence/route_info/31130_GGB222000048_20260903-1241.json,51c0eaac286d3e4aa7b60d4e683985669efe5c0e266553cb82e12f6cc6d0940a,51c0eaac286d3e4aa7b60d4e683985669efe5c0e266553cb82e12f6cc6d0940a,578,False
evidence/route_info/31130_GGB222000078_20260903-1241.json,4f40420faf6de6c72ce6555010319b0c2d4c9ded1cdb1a40471e2d1279c9fc04,4f40420faf6de6c72ce6555010319b0c2d4c9ded1cdb1a40471e2d1279c9fc04,568,False
evidence/route_info/31130_GGB222000180_20260903-1241.json,afcdc77aec360e514af8c47368affbd6555a65871dbf1c28ae5faaafa716f7ac,afcdc77aec360e514af8c47368affbd6555a65871dbf1c28ae5faaafa716f7ac,606,False
evidence/route_info/31130_GGB222000199_20260903-1241.json,757ee820f3db66bdb8fabd64fe88187350f4524f821503cfb1ccc6a37041913e,757ee820f3db66bdb8fabd64fe88187350f4524f821503cfb1ccc6a37041913e,612,False
evidence/route_info/31130_GGB234000003_20260903-1241.json,b9e4c907e795cc9478337542592e4f0a3a2d762234e42a0004a882b5711505b9,b9e4c907e795cc9478337542592e4f0a3a2d762234e42a0004a882b5711505b9,550,False
evidence/route_info/31130_GGB234000028_20260903-1241.json,7e9b64d0060966a827ee31a37b4b46a6b1c0f2caabb2fa832c15a0532e197cbf,7e9b64d0060966a827ee31a37b4b46a6b1c0f2caabb2fa832c15a0532e197cbf,561,False
evidence/smoke/31130_GGB222001318_20260903-1230.json,43cd94b44d77e753a13cac98384ab1fac3c73eabe050d65a26319fcb2af0a30f,43cd94b44d77e753a13cac98384ab1fac3c73eabe050d65a26319fcb2af0a30f,6085,False
evidence/text/2007-05-11_동탄_2_신도시_개발계획_확정.txt,f0bb9140e239757f20209184e9b868a2b983e66f9729c298d19ec7d40309fe0b,f0bb9140e239757f20209184e9b868a2b983e66f9729c298d19ec7d40309fe0b,22781,False
evidence/text/2011-05-03_경기도의회_제258회_임시회_회의록.txt,f050a1cce39fce296dc5c5c569d23c5726e21913618081357fa04b70f46525cb,f050a1cce39fce296dc5c5c569d23c5726e21913618081357fa04b70f46525cb,41715,False
evidence/text/2011-06-30_김포한강신도시_아파트_첫_입주_등_입주물량_증가세.txt,35fd98b994a51a1a11e94c42c527a21f7b1c05d26e99b98f4b4d6fa1c8d1dce8,35fd98b994a51a1a11e94c42c527a21f7b1c05d26e99b98f4b4d6fa1c8d1dce8,4602,False
evidence/text/2011-11-29_위례신도시_보금자리_2949가구_내달_5일부터_본청약.txt,0286a2c8fc27f18927c05f3214ad10eab1d4fcc0f1306ad4cba5eb33edc570da,0286a2c8fc27f18927c05f3214ad10eab1d4fcc0f1306ad4cba5eb33edc570da,12430,False
evidence/text/2014-03-19_하남미사지구_광역교통개선대책_변경__확정된_바_없어.txt,bf84a82c5cb7313dc172fa2557f5d594e185eab79a95b293fd412a539f98d58d,bf84a82c5cb7313dc172fa2557f5d594e185eab79a95b293fd412a539f98d58d,12142,False
evidence/text/2014-05-15_국토부__위례신도시_광역교통대책_확정.txt,c9cdf165fa27ca6880da620a8dba604462990e82cb80684be8a67ddb9a502b44,c9cdf165fa27ca6880da620a8dba604462990e82cb80684be8a67ddb9a502b44,15767,False
evidence/text/2014-06-30_LH_미사강변도시_첫_입주_시작.txt,257f27490045ccf14610a1080639e03471036873e6d3588ddea2ee609a784aa2,257f27490045ccf14610a1080639e03471036873e6d3588ddea2ee609a784aa2,14678,False
evidence/text/2015-01-23_LH_수도권_최대_신도시_동탄_2_지구__첫_입주_시작.txt,76be4e819f31e3cca8a7fe71e98901a14cf4e4fb9c8c96c4ac8082973a7ce9a6,76be4e819f31e3cca8a7fe71e98901a14cf4e4fb9c8c96c4ac8082973a7ce9a6,14695,False
evidence/text/2015-07-27_위례신도시_하남권역_입주대비_교통대책.txt,4783b645ff93cbb7e4571e000a5d646501800eeda461ee299e879ee378cc5476,4783b645ff93cbb7e4571e000a5d646501800eeda461ee299e879ee378cc5476,2767,False
evidence/text/2015-08-11_다산신도시_지금지구_A1블록_국민임대주택_입주자모집공고.txt,2104753b770907ef57f503d5e52d3b9251afb59f2bac5b884c2b60a111150cda,2104753b770907ef57f503d5e52d3b9251afb59f2bac5b884c2b60a111150cda,8885,False
evidence/text/2015_하남미사_A12_A16블록_임대주택_공고.txt,b573939df1712fef5eefb52c788883838ddc7e82d6479feddca4ca87b146d1eb,b573939df1712fef5eefb52c788883838ddc7e82d6479feddca4ca87b146d1eb,24437,False
evidence/text/2016-07-01_미사강변도시_A24__A25블록_10년_공공임대주택리츠_입주자_모집.txt,c4edad334a0781daa4638fb4c7c5e00b6241a0e3fe504b5b0a0a0d0086a0d7ba,c4edad334a0781daa4638fb4c7c5e00b6241a0e3fe504b5b0a0a0d0086a0d7ba,180605,False
evidence/text/2016-07-18_경기도의회_제312회_임시회_회의록.txt,c96065db3e0a0536f682570565997690a620cefe0f91f4e3442553fb14d6df30,c96065db3e0a0536f682570565997690a620cefe0f91f4e3442553fb14d6df30,370376,False
evidence/text/2016-12-09__Start_SRT__기대_속_첫_출발.txt,d5c25ee364b7f21a0e29f72d1e62b362aa2f8e1d730e095f6f1772b98f537cc1,d5c25ee364b7f21a0e29f72d1e62b362aa2f8e1d730e095f6f1772b98f537cc1,6352,False
evidence/text/2017_김포양곡_행복주택_지역위치도_교통망도.txt,4a60dd148b446e81406fd3b967bbbff78507686d116bf12c83a688e772e3b8f9,4a60dd148b446e81406fd3b967bbbff78507686d116bf12c83a688e772e3b8f9,4413,False
evidence/text/2017_김포한강_행복주택_지역위치도_교통망도.txt,1c4f6a3eea636408b34af7cca358aa17ec9b59aab75a2c1ca1a53bfee0a7b846,1c4f6a3eea636408b34af7cca358aa17ec9b59aab75a2c1ca1a53bfee0a7b846,6784,False
evidence/text/2018-02-12_다산신도시_입주지원_특별대책반_본격_가동.txt,7dce57d735a60d54e5466362257ebf46be0993a96b93f6f739331b1900c86986,7dce57d735a60d54e5466362257ebf46be0993a96b93f6f739331b1900c86986,6877,False
evidence/text/2018-02-27_다산신도시_상업_주유소용지_공급공고.txt,8c0a087bd1e8d23561c2ec37431f54bada348a4799502c0b7f94a97492142e80,8c0a087bd1e8d23561c2ec37431f54bada348a4799502c0b7f94a97492142e80,13159,False
evidence/text/2018-12-12_남양주_다산역_A2_경기행복주택_입주자모집.txt,dba5166ad9db9ba648c1032ebbd34dcd0d085b50023b839ef5c68ca1db93a563,dba5166ad9db9ba648c1032ebbd34dcd0d085b50023b839ef5c68ca1db93a563,4,False
evidence/text/2019-09-27__김포_지하철시대_열렸다__28일_첫_열차_출발.txt,a883fb649d22b44d6ff740c4c48db441cb317e241fa446abc406f8f1be761a15,a883fb649d22b44d6ff740c4c48db441cb317e241fa446abc406f8f1be761a15,14132,False
evidence/text/2019_다산신도시_자연_푸르지오_공공분양주택_입주자모집_정정공고.txt,2a9f70e65a1161757b9839dcc757ea6380f7f88c22d4712dda65676bd55b3cdc,2a9f70e65a1161757b9839dcc757ea6380f7f88c22d4712dda65676bd55b3cdc,286336,False
evidence/text/2020-05-21_하남교산__과천지구_광역교통개선대책_확정.txt,29cb775475d8ed5df3d2d9a2090966262fc78480650794ded4833028449f5bab,29cb775475d8ed5df3d2d9a2090966262fc78480650794ded4833028449f5bab,3656,False
evidence/text/2020-05-21_하남교산_과천_광역교통개선대책_확정.txt,b0774d43bc253e27877eb589874980f9024c6396fc113a8154cc359bfe5e09a3,b0774d43bc253e27877eb589874980f9024c6396fc113a8154cc359bfe5e09a3,10676,False
evidence/text/2020-05-21_하남교산_신도시__과천지구_광역교통개선대책_확정.txt,3814cb60aa525f357d697dbd612900b6a288b361bfcfcc12a24ea1dfd0c5cb9d,3814cb60aa525f357d697dbd612900b6a288b361bfcfcc12a24ea1dfd0c5cb9d,4787,False
evidence/text/2020-06_하남선_1단계_개통일_관련_안내.txt,02b5b65e3dc740081b3253d11778f32a469ee5b02dd8a0a7e2b9d8c4138dcaa6,02b5b65e3dc740081b3253d11778f32a469ee5b02dd8a0a7e2b9d8c4138dcaa6,36572,False
evidence/text/2020-08-07_하남선_1단계_개통.txt,73e72a22437c14cdbdd3c9449115512d40f791461eb33d30f8834623c1276410,73e72a22437c14cdbdd3c9449115512d40f791461eb33d30f8834623c1276410,4725,False
evidence/text/2020-11-19_위례지구_A1-5BL__A1-12BL_분양주택_입주자_모집.txt,8fdf5ce7189def313fc426b4f1ed426bfbe6093e59479bdc1b4bf7e065e48c59,8fdf5ce7189def313fc426b4f1ed426bfbe6093e59479bdc1b4bf7e065e48c59,15933,False
evidence/text/2020-12-29_남양주왕숙_고양창릉_신도시_교통대책_확정.txt,83abcef520e807c30a1e145762526c2986b6d2460d10507bc7a93ed8a2880682,83abcef520e807c30a1e145762526c2986b6d2460d10507bc7a93ed8a2880682,15377,False
evidence/text/2020-12-29_남양주왕숙_고양창릉_신도시_교통대책_확정_.txt,03aca36734a88924b85e827a3ea8c4b14c7d29f81247af4c7e111f7b9f734a99,03aca36734a88924b85e827a3ea8c4b14c7d29f81247af4c7e111f7b9f734a99,15377,False
evidence/text/2020-12-31_하남시_2020년_10대_뉴스.txt,1ae163c24503c3d9be50951a69e9c2a885c1aa165aef474d1ee43070261633da,1ae163c24503c3d9be50951a69e9c2a885c1aa165aef474d1ee43070261633da,12198,False
evidence/text/2021-01-24_3기_신도시__패스트트랙_교통대책_조기_확정_등으로_신속_공급.txt,354218afa2e1171ced0952900e5dd50bd058c98fcbf9b5e5c0b916ef1ce8fc73,354218afa2e1171ced0952900e5dd50bd058c98fcbf9b5e5c0b916ef1ce8fc73,8767,False
evidence/text/2021-01-24_인천계양_부천대장_광역교통개선대책_확정.txt,3d3274b653f707af8b95e832baf5b8257662943b509ee6759056ab8b2ed28654,3d3274b653f707af8b95e832baf5b8257662943b509ee6759056ab8b2ed28654,8767,False
evidence/text/2021-03-26_지하철_5호선_하남선_전_구간_개통.txt,5a56c63ed598d856b4c598462801ea6df4e422be6645eda941855736552c47e6,5a56c63ed598d856b4c598462801ea6df4e422be6645eda941855736552c47e6,10773,False
evidence/text/2021-06-29__참고__서부권_2기_신도시_김포한강__인천검단__교통개선_대책.txt,72015504984817c83981bf26cd1c0233bc947dc0a9fa614fa99fb12d8e02fccd,72015504984817c83981bf26cd1c0233bc947dc0a9fa614fa99fb12d8e02fccd,109625,False
evidence/text/2021-12-16_지하철_8호선_남위례역_18일_개통.txt,75c4ed1b888d4f83bcbf6cc6e5b82546a5c2354bc9bd8f9f99b144678315ee15,75c4ed1b888d4f83bcbf6cc6e5b82546a5c2354bc9bd8f9f99b144678315ee15,10080,False
evidence/text/2022-03-18_진접선_개통__남양주의_새로운_길이_열립니다.txt,2b4dc93f3ff86a6227c7fb0a234d07e734eb83eea15f0de5ef1be8e2531fffc5,2b4dc93f3ff86a6227c7fb0a234d07e734eb83eea15f0de5ef1be8e2531fffc5,4773,False
evidence/text/2022-06-16_수원_호매실_17일__화성_동탄2지구_21일__광역교통_주민간담회_개최.txt,1c9082bedc5c7046893e394387eef1a1cb80d6753a833d3ead704df169f9f0e0,1c9082bedc5c7046893e394387eef1a1cb80d6753a833d3ead704df169f9f0e0,4754,False
evidence/text/2022-06-16_수원호매실_화성동탄2_광역교통_특별대책_주민간담회.txt,e051d22ecc10e976a4b6d04416c32fa110d2d8807ac5914682b45ad2596d68f4,e051d22ecc10e976a4b6d04416c32fa110d2d8807ac5914682b45ad2596d68f4,6014,False
evidence/text/2022-10-11_위례신도시_광역교통_개선대책.txt,5e59b9bf49f0ace80aaf218584222353654e5f05553a09527a67e7a61b611914,5e59b9bf49f0ace80aaf218584222353654e5f05553a09527a67e7a61b611914,68777,False
evidence/text/2022-10-26__수원호매실_화성동탄2_광역교통_특별대책__발표.txt,cae2a5b7de3a3bd648c4a16c587f095dec9eab2fe0b0c85319379c381aa44c86,cae2a5b7de3a3bd648c4a16c587f095dec9eab2fe0b0c85319379c381aa44c86,4756,False
evidence/text/2022-10-26_수원호매실_화성동탄2_광역교통_특별대책.txt,ddf8b7043e6e6ad270ee8f11d70440243c5c423301d34f5809fb79e358b314dd,ddf8b7043e6e6ad270ee8f11d70440243c5c423301d34f5809fb79e358b314dd,10886,False
evidence/text/2022-11-11_수도권_서부지역의_광역교통_확충_등_지역현안_해결_추진.txt,3a7a1313bca0bec7e8d13f6bcacde7624e3325ababca65a88dbee284ddc4f0eb,3a7a1313bca0bec7e8d13f6bcacde7624e3325ababca65a88dbee284ddc4f0eb,7394,False
evidence/text/2022-11-28_대광위__28일_위례선_도시철도사업_사업계획_승인_착공__25년_개통.txt,9a7a837d9e73de4b98cfe56a0e525e32fc9d31675152f95fe5a2ac22331aa6f8,9a7a837d9e73de4b98cfe56a0e525e32fc9d31675152f95fe5a2ac22331aa6f8,5592,False
evidence/text/2022-12-29_남양주시_땡큐버스_노선체계_개선_공약이행.txt,515ed6b3ff70aca47fa30e31ad86638807f350a7a392e789c8c715b523aede30,515ed6b3ff70aca47fa30e31ad86638807f350a7a392e789c8c715b523aede30,3368,False
evidence/text/2022_위례신도시_교통_현황과_개선_계획.txt,dc4a4416875e1f250b1147fcd8e07717aa4da1ed3f833c3d22d579cae2975a3e,dc4a4416875e1f250b1147fcd8e07717aa4da1ed3f833c3d22d579cae2975a3e,25186,False
evidence/text/2023-06-30_대곡_소사_복선전철_7월_1일_개통.txt,31a0c74fc61ac242d26a1803122ae6059ee0e60717b9cb99cb188b3004b4a87e,31a0c74fc61ac242d26a1803122ae6059ee0e60717b9cb99cb188b3004b4a87e,4835,False
evidence/text/2023-09-18_하남시__미사순환_마을버스_노선_개통.txt,5ca0542577e738a9d2233e9b8db7dbf18fbf5ebe9ae72783172a8dbd2c957335,5ca0542577e738a9d2233e9b8db7dbf18fbf5ebe9ae72783172a8dbd2c957335,42209,False
evidence/text/2023-09_하남시_똑버스_운행.txt,8ed499ad139a74cca8b85bce12d328e08d16364767da15786eb1a97878da2f26,8ed499ad139a74cca8b85bce12d328e08d16364767da15786eb1a97878da2f26,14467,False
evidence/text/2024-01-02_8849번_하남-미사-김포_인천공항__운행시간_정보.txt,6d1f8939c888b3acb22ecb521beb1d1481846180ac2b994460efe1362194d946,6d1f8939c888b3acb22ecb521beb1d1481846180ac2b994460efe1362194d946,37716,False
evidence/text/2024-01-25_2024년_교통_분야_민생토론회.txt,abc5123b0620093229e8151b2b1978a4961f383bc5d73990448bae23dcd0340a,abc5123b0620093229e8151b2b1978a4961f383bc5d73990448bae23dcd0340a,25771,False
evidence/text/2024-01-25_신도시_광역교통_개선_투자계획.txt,834b327749c14b7683dd0cc73d07600449599cfec9dc7fd947ef3d64effa012c,834b327749c14b7683dd0cc73d07600449599cfec9dc7fd947ef3d64effa012c,45074,False
evidence/text/2024-03-29_GTX-A_수서_동탄_구간_3월_30일_개통.txt,8ef524cbb62c1aa45ba4af685b0861d35f9f3bf23123784a17bda79e920e21e3,8ef524cbb62c1aa45ba4af685b0861d35f9f3bf23123784a17bda79e920e21e3,4860,False
evidence/text/2024-07-03_다산역_개통에_따른_버스노선_변경_알림.txt,7f9655001bd89b80377e32af5dba05b1bac8d3d519c58e6e42789326938808f8,7f9655001bd89b80377e32af5dba05b1bac8d3d519c58e6e42789326938808f8,39621,False
evidence/text/2024-07-18_8월_별내선_개통__버스_18개_노선___34대_증차___수도권_동부지역_출퇴근_30분_시대.txt,dba5166ad9db9ba648c1032ebbd34dcd0d085b50023b839ef5c68ca1db93a563,dba5166ad9db9ba648c1032ebbd34dcd0d085b50023b839ef5c68ca1db93a563,4,False
evidence/text/2024-08-09__남양주_잠실_27분___8월_10일_별내선_개통.txt,74774b2b5cf337117e45126ce801ea7d16a563ebc8d5dfb50acd8794cbd3e333,74774b2b5cf337117e45126ce801ea7d16a563ebc8d5dfb50acd8794cbd3e333,5888,False
evidence/text/2024-08-10_별내선_개통__첫_열차_운행.txt,536d1a24040bea3f3497b1e8d3792d9438a0ef142d8b059de8be57fbcdca9075,536d1a24040bea3f3497b1e8d3792d9438a0ef142d8b059de8be57fbcdca9075,8736,False
evidence/text/2024-09-20_인천계양_A2_공공분양주택_입주자모집공고.txt,17710e8a81f28460cc9deabf1a1490aa24403228b5d3aa62e149ab3dfa3de193,17710e8a81f28460cc9deabf1a1490aa24403228b5d3aa62e149ab3dfa3de193,23628,False
evidence/text/2024-09-30__정정공고_인천계양_A2블록_공공분양주택_입주자모집공고.txt,bbd4929baf35f73bd460ac8c5a0f9bab41b81a4c6deacc9e704a7f476460bf7e,bbd4929baf35f73bd460ac8c5a0f9bab41b81a4c6deacc9e704a7f476460bf7e,77,False
evidence/text/2024-12-11_GTX-A_운정중앙_서울역_구간_12월_28일_개통.txt,a7fb10af038e311b63ffce338feb58bf55699df16c819c95ba8ddf5d06767133,a7fb10af038e311b63ffce338feb58bf55699df16c819c95ba8ddf5d06767133,4704,False
evidence/text/2025-01-31_고양창릉_A-4블록_신혼희망타운_입주자모집공고.txt,1e363122832870550a2a0259e51730f232a9ccf7fdee347d464a05ba4900da08,1e363122832870550a2a0259e51730f232a9ccf7fdee347d464a05ba4900da08,25880,False
evidence/text/2025-01-31_고양창릉_S-5블록_공공분양주택_입주자모집공고.txt,fa0c7dd646c63105664a4489d71e56b7a2c7a3f938fcedc885b48fda10f07fd2,fa0c7dd646c63105664a4489d71e56b7a2c7a3f938fcedc885b48fda10f07fd2,25114,False
evidence/text/2025-03-14_하남미사17단지_임대주택_입주자모집공고.txt,e4faba9ed81287cad09126723551bb2a71dccf78cc66aea46c43107738e7ca2f,e4faba9ed81287cad09126723551bb2a71dccf78cc66aea46c43107738e7ca2f,25710,False
evidence/text/2025-03-31_교산_푸르지오_더_퍼스트_입주자모집공고.txt,7852069b27c1103ecf0635398c20f459bb5440ef412ec850d4219d71ea1295ef,7852069b27c1103ecf0635398c20f459bb5440ef412ec850d4219d71ea1295ef,21081,False
evidence/text/2025-03-31_교산_푸르지오_더_퍼스트_정정공고.txt,fcae8461f2888556b530345dd4eea14c49df8001bf7aeb263ff4980d8a444ab0,fcae8461f2888556b530345dd4eea14c49df8001bf7aeb263ff4980d8a444ab0,22967,False
evidence/text/2025-03-31_교산_푸르지오_더_퍼스트_하남교산_A-2BL_공공분양주택_입주자모집공고.txt,bbd4929baf35f73bd460ac8c5a0f9bab41b81a4c6deacc9e704a7f476460bf7e,bbd4929baf35f73bd460ac8c5a0f9bab41b81a4c6deacc9e704a7f476460bf7e,77,False
evidence/text/2025-04-30_부천대장_A7블록_공공분양주택_입주자모집공고.txt,bbd4929baf35f73bd460ac8c5a0f9bab41b81a4c6deacc9e704a7f476460bf7e,bbd4929baf35f73bd460ac8c5a0f9bab41b81a4c6deacc9e704a7f476460bf7e,77,False
evidence/text/2025-04-30_부천대장_A8블록_공공분양주택_입주자모집공고.txt,2df10f8a81904bf64f60bb929a85f1918cb2359270e026960a8b3a388af8bda0,2df10f8a81904bf64f60bb929a85f1918cb2359270e026960a8b3a388af8bda0,22191,False
evidence/text/2025-06-16_검단연장선_6월_28일_첫_운행.txt,6b2635a3ecea2fe56b293e1ecc5880cf9cbfdd51080d2ed754242775dae90ed0,6b2635a3ecea2fe56b293e1ecc5880cf9cbfdd51080d2ed754242775dae90ed0,18397,False
evidence/text/2025-06-28_인천도시철도_1호선_검단연장선_개통.txt,745d2f29c873ad1974be65f1a78aa148eff92f4eb1051fc205040f1140242e82,745d2f29c873ad1974be65f1a78aa148eff92f4eb1051fc205040f1140242e82,9511,False
evidence/text/2025-07-24_남양주왕숙_A-1블록_공공분양주택_입주자모집공고.txt,bbd4929baf35f73bd460ac8c5a0f9bab41b81a4c6deacc9e704a7f476460bf7e,bbd4929baf35f73bd460ac8c5a0f9bab41b81a4c6deacc9e704a7f476460bf7e,77,False
evidence/text/2025-07-24_남양주왕숙_A-2블록_신혼희망타운_입주자모집공고.txt,8eb37210a06ee8fa652f3a48c0a46a91a0335fee758b1d19cef6c51ec69eb52c,8eb37210a06ee8fa652f3a48c0a46a91a0335fee758b1d19cef6c51ec69eb52c,25939,False
evidence/text/2025-09-05_위례선_트램__2026년_하반기_개통_목표.txt,c86c444f4d700bcdbc89190c69a6f65d2f3bbba9a1379327d822ea84d594270f,c86c444f4d700bcdbc89190c69a6f65d2f3bbba9a1379327d822ea84d594270f,12196,False
evidence/text/2025-11-03_소사-대곡선_사업현황.txt,5fb960e74e0ad8786ad6085773f1a404099dfb36ecca7ced72ccb9042965cddb,5fb960e74e0ad8786ad6085773f1a404099dfb36ecca7ced72ccb9042965cddb,25720,False
evidence/text/2025-12_2035년_김포도시기본계획_변경_주요내용.txt,44e7262ca2d94c2c57af62e6ec91927a68e6c25b40d43898ad14641b0165bbeb,44e7262ca2d94c2c57af62e6ec91927a68e6c25b40d43898ad14641b0165bbeb,566505,False
evidence/text/2025_남양주왕숙_A-1블록_공공분양주택_입주자모집공고.txt,1a68ae00b9d3dccaeba751bf8f0f34e51beb0e4dad2dc97b3846622c68f158e6,1a68ae00b9d3dccaeba751bf8f0f34e51beb0e4dad2dc97b3846622c68f158e6,23825,False
evidence/text/2026-02-26_김용석_대광위원장__위례신도시_광역교통개선대책_점검.txt,70821e51e0ba0c502bc05068603dbdcec1221c57617bcd475a3d82ed98bb8487,70821e51e0ba0c502bc05068603dbdcec1221c57617bcd475a3d82ed98bb8487,4782,False
evidence/text/2026-05-01_계양신도시_광역버스_신설과_관련하여.txt,840659dbc781506c3aee5ba8f2173b73a28a5283596f3319792cbc62b0331f3f,840659dbc781506c3aee5ba8f2173b73a28a5283596f3319792cbc62b0331f3f,18415,False
evidence/text/2026-05-29_LH__동탄2_공공분양_473가구_공급_7년만에_재개.txt,bbd4929baf35f73bd460ac8c5a0f9bab41b81a4c6deacc9e704a7f476460bf7e,bbd4929baf35f73bd460ac8c5a0f9bab41b81a4c6deacc9e704a7f476460bf7e,77,False
evidence/text/2026-05-29_화성동탄2_C-27블록_공공분양주택_입주자모집공고.txt,ae0048560eb94f1e9df18ee15ab4fb139732e34ddcd5416ddf75cc8cc8031d58,ae0048560eb94f1e9df18ee15ab4fb139732e34ddcd5416ddf75cc8cc8031d58,23923,False
evidence/text/2026-06-19_김포한강_Ac-01a블록_10년_공공임대주택리츠_입주자_모집공고.txt,3c6ad1c5ae63c9460a9946521854dca8a98d13842853a52de4f6eab149d92a06,3c6ad1c5ae63c9460a9946521854dca8a98d13842853a52de4f6eab149d92a06,23243,False
evidence/text/2026-06-30_고양창릉_S-4블록_공공분양주택_입주자모집공고.txt,bbd4929baf35f73bd460ac8c5a0f9bab41b81a4c6deacc9e704a7f476460bf7e,bbd4929baf35f73bd460ac8c5a0f9bab41b81a4c6deacc9e704a7f476460bf7e,77,False
evidence/text/2026-07-10_인천계양_A3블록_단지내상가_재분양공고.txt,55447e3f786442c1f1f827d955d892acb93468258eda6ecd3b50086046238fdc,55447e3f786442c1f1f827d955d892acb93468258eda6ecd3b50086046238fdc,18396,False
evidence/text/2026-07-23_부천대장_A5_A6블록_행복주택_입주자_최초모집.txt,c9494247feddd705f12eb7fee59d0a361e5c06b842bb67c98a35607839acc209,c9494247feddd705f12eb7fee59d0a361e5c06b842bb67c98a35607839acc209,23283,False
evidence/text/2026_위례선_트램_시운전_현장_점검.txt,bcf564ffed5c59ba824691128b24cc5e251d9ddc4f8d025ab003396977dfb826,bcf564ffed5c59ba824691128b24cc5e251d9ddc4f8d025ab003396977dfb826,6367,False
evidence/text/확인불가_BRT_고급화_S-BRT__추진.txt,fc232266d5a17e362cee495507483699ebf5ef14d65075f50dabd2761d9cf0f1,fc232266d5a17e362cee495507483699ebf5ef14d65075f50dabd2761d9cf0f1,11934,False
evidence/arrival_raw/2026-09-04/31130_GGB222001318_0820.json,83c2f102665f8c086242371ad29df38073de47b48e30dbbbccd95ad5f1fd0606,83c2f102665f8c086242371ad29df38073de47b48e30dbbbccd95ad5f1fd0606,6336,False
evidence/arrival_raw/2026-09-04/31130_GGB222001318_0825.json,4ca721596a600c1ee8db4f9dfa0eff88ef35240bb7f1fc00f6287bf64c9a1f46,4ca721596a600c1ee8db4f9dfa0eff88ef35240bb7f1fc00f6287bf64c9a1f46,6334,False
evidence/arrival_raw/2026-09-04/31130_GGB222001318_0830.json,8f70df5596925b5b88435ec76f365cd63b6309eeb6d56f7f45f7b1bae8786ee6,8f70df5596925b5b88435ec76f365cd63b6309eeb6d56f7f45f7b1bae8786ee6,6078,False
evidence/arrival_raw/2026-09-04/31130_GGB222001318_0835.json,22e7ef2e67cab9d8b15b666a956a7e674134b27e8c0083dd5338612781979b08,22e7ef2e67cab9d8b15b666a956a7e674134b27e8c0083dd5338612781979b08,6336,False
evidence/arrival_raw/2026-09-04/31130_GGB222001318_0840.json,724b4f8493c9a34f5fe9c0aef8bed8606467713c91f60295f02fa8fe255dec65,724b4f8493c9a34f5fe9c0aef8bed8606467713c91f60295f02fa8fe255dec65,6339,False
evidence/arrival_raw/2026-09-04/31130_GGB222001318_0845.json,16bd13b1d4065036ea2149ee06bbf5f4d214b2469afb9b2103b2a13bc2daf9cc,16bd13b1d4065036ea2149ee06bbf5f4d214b2469afb9b2103b2a13bc2daf9cc,6338,False
evidence/arrival_raw/2026-09-04/31130_GGB222001318_0850.json,bde5888b326468eacc0e511569c15e9808d447dbf7cbee822c4324d88aa3d177,bde5888b326468eacc0e511569c15e9808d447dbf7cbee822c4324d88aa3d177,6081,False
evidence/arrival_raw/2026-09-04/31130_GGB222001318_0855.json,9496316f723720849ac219cd20edb117e2dc96b418216afc99aaa5d74dcc7cdf,9496316f723720849ac219cd20edb117e2dc96b418216afc99aaa5d74dcc7cdf,6073,False
evidence/arrival_raw/2026-09-04/31130_GGB222001318_1700.json,9d175627cfb1b064d4457a9eaf41c10af4366b19c3a90aeeab0b17a40fc9eafc,9d175627cfb1b064d4457a9eaf41c10af4366b19c3a90aeeab0b17a40fc9eafc,6330,False
evidence/arrival_raw/2026-09-04/31130_GGB222001318_1705.json,b914e444a6049d303f50369dfa03f104a206edaec9fa4598af9cd36f12d493ae,b914e444a6049d303f50369dfa03f104a206edaec9fa4598af9cd36f12d493ae,6330,False
evidence/arrival_raw/2026-09-04/31130_GGB222001318_1710.json,5cc61292a9985ee807dc5916e8472821b202749c1ef5a90c0f5a49c9c464ae56,5cc61292a9985ee807dc5916e8472821b202749c1ef5a90c0f5a49c9c464ae56,6329,False
evidence/arrival_raw/2026-09-04/31130_GGB222001318_1720.json,02b68b1a145541021d03b2bd6b264e50453f67ce18f0d1163a540eb836d473f6,02b68b1a145541021d03b2bd6b264e50453f67ce18f0d1163a540eb836d473f6,6079,False
evidence/arrival_raw/2026-09-04/31130_GGB222001318_1725.json,4657e3e24470527579752dc27d197cca76412440c4ced56b2e6dbe8e71d93aef,4657e3e24470527579752dc27d197cca76412440c4ced56b2e6dbe8e71d93aef,6080,False
evidence/arrival_raw/2026-09-04/31130_GGB222001318_1730.json,e2e457a6693003f20e69bac91721ce1915f18da7e627f012d06d18dd72c2fbb6,e2e457a6693003f20e69bac91721ce1915f18da7e627f012d06d18dd72c2fbb6,6080,False
evidence/arrival_raw/2026-09-04/31130_GGB222001318_1735.json,6792ad188c3100a16278a4b648efe050c0dbc8190f322815df8d22de59bb03d8,6792ad188c3100a16278a4b648efe050c0dbc8190f322815df8d22de59bb03d8,135,False
evidence/arrival_raw/2026-09-04/31130_GGB222001318_1740.json,2f4ed98fa83bdbaceed751a6e041856ce0b3a90ddd1cda015b581d79d9d9dad4,2f4ed98fa83bdbaceed751a6e041856ce0b3a90ddd1cda015b581d79d9d9dad4,6081,False
evidence/arrival_raw/2026-09-04/31130_GGB222001318_1745.json,8d0adb2047218057f8380ccd98d14569d4a2a88d99e35ebf580e7caef28dcb26,8d0adb2047218057f8380ccd98d14569d4a2a88d99e35ebf580e7caef28dcb26,6074,False
evidence/arrival_raw/2026-09-04/31130_GGB222001318_1750.json,80824a91453648bd2301e7901053473b3f45775036800badc4c2cc5d72e71ca0,80824a91453648bd2301e7901053473b3f45775036800badc4c2cc5d72e71ca0,6076,False
evidence/arrival_raw/2026-09-04/31130_GGB222001318_1800.json,10d9c711b14e4aa6aa1569e0437e6fb5189348cfa1d7ac5fd6cb02be5fb7924a,10d9c711b14e4aa6aa1569e0437e6fb5189348cfa1d7ac5fd6cb02be5fb7924a,6076,False
evidence/arrival_raw/2026-09-04/31130_GGB222001318_1805.json,1f8a3050763e01c1cd73fabb66c815b2149d295279b52d12ab730b770b2534a6,1f8a3050763e01c1cd73fabb66c815b2149d295279b52d12ab730b770b2534a6,6083,False
evidence/arrival_raw/2026-09-04/31130_GGB222001318_1810.json,a864a78ed4d02501be6228c3d5e28c734d0b4de066aeb437c97eb877d9827bb6,a864a78ed4d02501be6228c3d5e28c734d0b4de066aeb437c97eb877d9827bb6,6078,False
evidence/arrival_raw/2026-09-04/31130_GGB222001318_1815.json,176ad5cb94fd508045c53a3d86c52c7ef7d1a268d7b0a113dbe6a3b54ed03c22,176ad5cb94fd508045c53a3d86c52c7ef7d1a268d7b0a113dbe6a3b54ed03c22,6079,False
evidence/arrival_raw/2026-09-04/31130_GGB222001318_1820.json,7de6b52a9b931bcd26a24d66367eeb4a5848e8d47a8b01dffef2d487c06bf0b7,7de6b52a9b931bcd26a24d66367eeb4a5848e8d47a8b01dffef2d487c06bf0b7,6073,False
evidence/arrival_raw/2026-09-04/31130_GGB222001318_1825.json,9f81a97d1f2eaf361f20f57e2669cae46a8e64e130c09cd4b477b59600c8f6eb,9f81a97d1f2eaf361f20f57e2669cae46a8e64e130c09cd4b477b59600c8f6eb,6323,False
evidence/arrival_raw/2026-09-04/31130_GGB222001318_1830.json,acedd8fbea99d40f6a8fcf3f42f34d1e597cd3e45c34df6fe38de624d8d56435,acedd8fbea99d40f6a8fcf3f42f34d1e597cd3e45c34df6fe38de624d8d56435,6320,False
evidence/arrival_raw/2026-09-04/31130_GGB222001318_1835.json,bb0570c214f5a5f7e711bc28535d747aaf7957559a74db892dbc78a29fefcf14,bb0570c214f5a5f7e711bc28535d747aaf7957559a74db892dbc78a29fefcf14,6318,False
evidence/arrival_raw/2026-09-04/31130_GGB222001318_1840.json,02c90a4a25d4971496082435c9436451695615389624a0bcf1f688ce6aff9a83,02c90a4a25d4971496082435c9436451695615389624a0bcf1f688ce6aff9a83,6331,False
evidence/arrival_raw/2026-09-04/31130_GGB222001318_1845.json,cbdb20cbcf4af4f8a90f95027212bb73523b3aef0b2862652a86c880d8a7cf33,cbdb20cbcf4af4f8a90f95027212bb73523b3aef0b2862652a86c880d8a7cf33,6077,False
evidence/arrival_raw/2026-09-04/31130_GGB222001318_1850.json,ec09856ae4549d05b95b9dd841586dfd83e34b764c4569ade907f7c76f719e25,ec09856ae4549d05b95b9dd841586dfd83e34b764c4569ade907f7c76f719e25,6074,False
evidence/arrival_raw/2026-09-04/31130_GGB222001318_1855.json,062ac3cbfde310083c6f4fdffffdb03447f2d41cc421eb085e8d69c40e690353,062ac3cbfde310083c6f4fdffffdb03447f2d41cc421eb085e8d69c40e690353,6075,False
evidence/arrival_raw/2026-09-07/31130_GGB222001318_0700.json,ae1851caa319774afe7821a8735f3be7f28628cf625ac7b69f02f59bf5e57bec,ae1851caa319774afe7821a8735f3be7f28628cf625ac7b69f02f59bf5e57bec,6594,False
evidence/arrival_raw/2026-09-07/31130_GGB222001318_0705.json,bea8c9abdeba7178f5f303e8593d27c10435452c68f9e93031fda7d8be1dfe58,bea8c9abdeba7178f5f303e8593d27c10435452c68f9e93031fda7d8be1dfe58,6591,False
evidence/arrival_raw/2026-09-07/31130_GGB222001318_0710.json,f8c08ba97727fc7645c96b14bba74949ad81f1ff761bf75e94a2759930650b03,f8c08ba97727fc7645c96b14bba74949ad81f1ff761bf75e94a2759930650b03,7095,False
evidence/arrival_raw/2026-09-07/31130_GGB222001318_0715.json,cd4d5d19b6e4cdcb7fdf66e224ab919549fb6a0b66f628bfa3b78370cc494815,cd4d5d19b6e4cdcb7fdf66e224ab919549fb6a0b66f628bfa3b78370cc494815,7093,False
evidence/arrival_raw/2026-09-07/31130_GGB222001318_0720.json,ff830ed2f3844eaa72febbf0a3050441cf8276c77be7824520976df24930274f,ff830ed2f3844eaa72febbf0a3050441cf8276c77be7824520976df24930274f,6836,False
evidence/arrival_raw/2026-09-07/31130_GGB222001318_0725.json,bab0e51c05c6e66e7fa4ccff3f73a52ce32a28eee01273223142966762585252,bab0e51c05c6e66e7fa4ccff3f73a52ce32a28eee01273223142966762585252,6593,False
evidence/arrival_raw/2026-09-07/31130_GGB222001318_0730.json,a81f888f149f8a75dc294dd8d9ac01aafd2c4499b3281ea81a9548ce055905fa,a81f888f149f8a75dc294dd8d9ac01aafd2c4499b3281ea81a9548ce055905fa,6589,False
evidence/arrival_raw/2026-09-07/31130_GGB222001318_0735.json,fed24b3c849f29681500bd3f8440692acf3f21b180e85e0dbab9ece4bf6988ad,fed24b3c849f29681500bd3f8440692acf3f21b180e85e0dbab9ece4bf6988ad,6591,False
evidence/arrival_raw/2026-09-07/31130_GGB222001318_0745.json,81841e878d1ba1cedb4a27be4ba3b4c25a8ff3a9005176ce9e610aa047996c17,81841e878d1ba1cedb4a27be4ba3b4c25a8ff3a9005176ce9e610aa047996c17,6596,False
evidence/arrival_raw/2026-09-07/31130_GGB222001318_0750.json,3e5db27779d130952d7e58241dc091221e4ace1d62a02ea4353cca51c357acf8,3e5db27779d130952d7e58241dc091221e4ace1d62a02ea4353cca51c357acf8,6593,False
evidence/arrival_raw/2026-09-07/31130_GGB222001318_0755.json,24fd92cc36d46435834987e469078079922e340f4923f5a0d28b1378b8a363bd,24fd92cc36d46435834987e469078079922e340f4923f5a0d28b1378b8a363bd,6592,False
evidence/arrival_raw/2026-09-07/31130_GGB222001318_0805.json,c8d6252ab12603f532f872f2c7b5ff32d806c95f34441e9b35c9b01ab8043a22,c8d6252ab12603f532f872f2c7b5ff32d806c95f34441e9b35c9b01ab8043a22,6600,False
evidence/arrival_raw/2026-09-07/31130_GGB222001318_0810.json,59af494607d23e16757ece5bbac004fbcd6e6e42a9a696d8d62494406ea60bb4,59af494607d23e16757ece5bbac004fbcd6e6e42a9a696d8d62494406ea60bb4,6595,False
evidence/arrival_raw/2026-09-07/31130_GGB222001318_0815.json,bd45953f730577b708a9d3b9ef9df399dfbc49fc2fd628a8cf6ad61c8accef4c,bd45953f730577b708a9d3b9ef9df399dfbc49fc2fd628a8cf6ad61c8accef4c,6593,False
evidence/arrival_raw/2026-09-07/31130_GGB222001318_0820.json,42c4b29dba32f0c9a1057f26f6c1130e15b6038f78e41cd319dd8a50afdbffd2,42c4b29dba32f0c9a1057f26f6c1130e15b6038f78e41cd319dd8a50afdbffd2,6591,False
evidence/arrival_raw/2026-09-07/31130_GGB222001318_0825.json,1cc1c81eb9d453d2ab493519683a737139b1235cea39567c69e1423ca5ba29a9,1cc1c81eb9d453d2ab493519683a737139b1235cea39567c69e1423ca5ba29a9,6584,False
evidence/arrival_raw/2026-09-07/31130_GGB222001318_0830.json,697761ad1c26941a2a391064b8e4ab0bbf5d73fbe929a8d4badfbd06a0777dfb,697761ad1c26941a2a391064b8e4ab0bbf5d73fbe929a8d4badfbd06a0777dfb,6328,False
evidence/arrival_raw/2026-09-07/31130_GGB222001318_0835.json,a96096c003486ce1b13e014ba97f202969c7f9b4ba0d5c40e562894e5f87a09c,a96096c003486ce1b13e014ba97f202969c7f9b4ba0d5c40e562894e5f87a09c,6332,False
evidence/arrival_raw/2026-09-07/31130_GGB222001318_0840.json,5c7da5bc76adf29d89b83a9c255a251078aefd31c6675c8ec121b083c7fffc94,5c7da5bc76adf29d89b83a9c255a251078aefd31c6675c8ec121b083c7fffc94,6338,False
evidence/arrival_raw/2026-09-07/31130_GGB222001318_0845.json,674d80e118eed84bc2e30105fca5ebaf81ae70dd9284d98b6ccc132cbd0f58d3,674d80e118eed84bc2e30105fca5ebaf81ae70dd9284d98b6ccc132cbd0f58d3,6336,False
evidence/arrival_raw/2026-09-07/31130_GGB222001318_0850.json,3e20b7265ec671c8384d68c4af3d9661a204c8a5553458753822f235cd634b5c,3e20b7265ec671c8384d68c4af3d9661a204c8a5553458753822f235cd634b5c,6338,False
evidence/arrival_raw/2026-09-07/31130_GGB222001318_1700.json,e331ad89575856cf430ad13e796dfbe1481aeae769c7fc53e2df8b41323e2431,e331ad89575856cf430ad13e796dfbe1481aeae769c7fc53e2df8b41323e2431,6329,False
evidence/arrival_raw/2026-09-07/31130_GGB222001318_1705.json,0ca36e33ce805229768b3f3149fa5a57dc9b1d313eaac8808a4f33bc3d2d6a8b,0ca36e33ce805229768b3f3149fa5a57dc9b1d313eaac8808a4f33bc3d2d6a8b,6330,False
evidence/arrival_raw/2026-09-07/31130_GGB222001318_1710.json,b7ab2cca27f155c1619857ca4edd813448a0ecd58620ffe08534b9253da33008,b7ab2cca27f155c1619857ca4edd813448a0ecd58620ffe08534b9253da33008,6329,False
evidence/arrival_raw/2026-09-07/31130_GGB222001318_1715.json,9b665d877de727cf65cd7d6a7fe9d64e856aabe543ec5414f16ab445d75583ec,9b665d877de727cf65cd7d6a7fe9d64e856aabe543ec5414f16ab445d75583ec,6330,False
evidence/arrival_raw/2026-09-07/31130_GGB222001318_1720.json,c64a0d61a9ff0835518a1926df9bb5a433af0ff207ac147c0f797b0a8afe59a3,c64a0d61a9ff0835518a1926df9bb5a433af0ff207ac147c0f797b0a8afe59a3,6331,False
evidence/arrival_raw/2026-09-07/31130_GGB222001318_1725.json,48b54e4ab91a62fddac59fac6a7bd478349e628ecfef733182842ada0d52cd9e,48b54e4ab91a62fddac59fac6a7bd478349e628ecfef733182842ada0d52cd9e,6082,False
evidence/arrival_raw/2026-09-07/31130_GGB222001318_1730.json,f8463350d28d73ab6ed986e446847c634c7cbbae3c2a441917315638120b25fc,f8463350d28d73ab6ed986e446847c634c7cbbae3c2a441917315638120b25fc,6074,False
evidence/arrival_raw/2026-09-07/31130_GGB222001318_1735.json,c20db2786763c52d87854e38c862d960a8e13ac51be8d7a7fb3d6cf540b96fae,c20db2786763c52d87854e38c862d960a8e13ac51be8d7a7fb3d6cf540b96fae,6074,False
evidence/arrival_raw/2026-09-07/31130_GGB222001318_1740.json,f5442d8e154d334f63749db6b21cd8e7fc129fcac9d913cd985b01a7a6f4554f,f5442d8e154d334f63749db6b21cd8e7fc129fcac9d913cd985b01a7a6f4554f,6070,False
evidence/arrival_raw/2026-09-07/31130_GGB222001318_1745.json,3a0517791817ff5daff11551e682f12051135660ecf17a3e0fb7fc49a8d3b651,3a0517791817ff5daff11551e682f12051135660ecf17a3e0fb7fc49a8d3b651,6075,False
evidence/arrival_raw/2026-09-07/31130_GGB222001318_1750.json,be667324356fa174f629834ebe820843b6ee7a72b72be77b2709b29dca314903,be667324356fa174f629834ebe820843b6ee7a72b72be77b2709b29dca314903,6081,False
evidence/arrival_raw/2026-09-07/31130_GGB222001318_1800.json,6d34d6da468cdd15349fe0cc5e20ed01b4dff8e8303259075938042af9ec4961,6d34d6da468cdd15349fe0cc5e20ed01b4dff8e8303259075938042af9ec4961,6082,False
evidence/arrival_raw/2026-09-07/31130_GGB222001318_1805.json,6db240a346c6111778f2cb4e7438540435116397efa47572dda1bb596e674edf,6db240a346c6111778f2cb4e7438540435116397efa47572dda1bb596e674edf,6077,False
evidence/arrival_raw/2026-09-07/31130_GGB222001318_1810.json,74ebf7c00d0b8a3dac331d954ad402b05bb8c934bd3e0b35048a404f12d6d89f,74ebf7c00d0b8a3dac331d954ad402b05bb8c934bd3e0b35048a404f12d6d89f,6076,False
evidence/arrival_raw/2026-09-07/31130_GGB222001318_1815.json,0d4d0e1fea496bf8e0304f917b148afad4db028a5739c89998db29746e2ae2e9,0d4d0e1fea496bf8e0304f917b148afad4db028a5739c89998db29746e2ae2e9,6079,False
evidence/arrival_raw/2026-09-07/31130_GGB222001318_1820.json,3ea2468bf87bb8f0c82dcd56fd3d96e9dc7646d9527d0ce2881454524986a6dc,3ea2468bf87bb8f0c82dcd56fd3d96e9dc7646d9527d0ce2881454524986a6dc,6079,False
evidence/arrival_raw/2026-09-07/31130_GGB222001318_1825.json,3b7fc3cdd3dfa4d18e8b99f6e7ca998d45ad48894abfd0d40aaadeb443da9d80,3b7fc3cdd3dfa4d18e8b99f6e7ca998d45ad48894abfd0d40aaadeb443da9d80,6326,False
evidence/arrival_raw/2026-09-07/31130_GGB222001318_1830.json,986ff8a3a1916d1a8ff1631b9e8854bdd016bbfb7c6dab0fdf1684cf5c3dae12,986ff8a3a1916d1a8ff1631b9e8854bdd016bbfb7c6dab0fdf1684cf5c3dae12,6323,False
evidence/arrival_raw/2026-09-07/31130_GGB222001318_1835.json,d8a9f1d720674b48d0236c5e4a218da13ff66326de9bbbfa803ef53f2077a818,d8a9f1d720674b48d0236c5e4a218da13ff66326de9bbbfa803ef53f2077a818,6325,False
evidence/arrival_raw/2026-09-07/31130_GGB222001318_1840.json,b3cd061fa53df3cd540363e004a47dea6ae85f2074d50e186938f23c765930d7,b3cd061fa53df3cd540363e004a47dea6ae85f2074d50e186938f23c765930d7,6319,False
evidence/arrival_raw/2026-09-07/31130_GGB222001318_1845.json,cdb9a7b172836675af4b6eb4c6c38b8b9cb917109f9676b8c15692251c8660b2,cdb9a7b172836675af4b6eb4c6c38b8b9cb917109f9676b8c15692251c8660b2,6080,False
evidence/arrival_raw/2026-09-07/31130_GGB222001318_1850.json,583244c1672d9a14f02cbb4a025b40b0ce7e7ea73245a3df9fe39a2e8748b0e2,583244c1672d9a14f02cbb4a025b40b0ce7e7ea73245a3df9fe39a2e8748b0e2,6072,False
evidence/arrival_raw/2026-09-07/31130_GGB222001318_1855.json,753d45035f18c16b3cf0fc07f3213535c23affee3cba11af91a651dfdef7ba51,753d45035f18c16b3cf0fc07f3213535c23affee3cba11af91a651dfdef7ba51,6075,False
evidence/arrival_raw/2026-09-08/31130_GGB222001318_0700.json,d60ec94a95d6f1a20b7c84cc5042da23a2931b3b98391ac4385dab7d1dccf077,d60ec94a95d6f1a20b7c84cc5042da23a2931b3b98391ac4385dab7d1dccf077,6593,False
evidence/arrival_raw/2026-09-08/31130_GGB222001318_0705.json,086b3018cc490d7762070dba713fb04b95484d27b4dadcc9499c3b927c567c74,086b3018cc490d7762070dba713fb04b95484d27b4dadcc9499c3b927c567c74,6849,False
evidence/arrival_raw/2026-09-08/31130_GGB222001318_0710.json,2fccd14d95644ad33d1d0e9aeb3073b5c1e597c56b2317af0c0afc5e7d8a75cc,2fccd14d95644ad33d1d0e9aeb3073b5c1e597c56b2317af0c0afc5e7d8a75cc,7096,False
evidence/arrival_raw/2026-09-08/31130_GGB222001318_0715.json,9a05ad360035cfe50b94775bb1a63bb6a390d98b2cdffda22e39f75bcf1abed5,9a05ad360035cfe50b94775bb1a63bb6a390d98b2cdffda22e39f75bcf1abed5,7096,False
evidence/arrival_raw/2026-09-08/31130_GGB222001318_0720.json,2a0cf5c06b1a72e24078e6bd44734c268238794867103fce795e39ced1310d10,2a0cf5c06b1a72e24078e6bd44734c268238794867103fce795e39ced1310d10,7094,False
evidence/arrival_raw/2026-09-08/31130_GGB222001318_0725.json,e4490bfdeb0daa692dbfe109ffd23371cf65befb97fef0a9139f7e266f478694,e4490bfdeb0daa692dbfe109ffd23371cf65befb97fef0a9139f7e266f478694,6592,False
evidence/arrival_raw/2026-09-08/31130_GGB222001318_0730.json,ab0608068121a87bceddcc0e842f112a53154ead0f48545b703d815f1138add5,ab0608068121a87bceddcc0e842f112a53154ead0f48545b703d815f1138add5,6589,False
evidence/arrival_raw/2026-09-08/31130_GGB222001318_0735.json,68384f628aed49e5f4419a44220165b43636953b484c837e36d504ca80faf41a,68384f628aed49e5f4419a44220165b43636953b484c837e36d504ca80faf41a,6587,False
evidence/arrival_raw/2026-09-08/31130_GGB222001318_0740.json,4f36cad307e4f9f9597983d582573d8c4cf41de2554d86dbb03df6501cfdc865,4f36cad307e4f9f9597983d582573d8c4cf41de2554d86dbb03df6501cfdc865,6591,False
evidence/arrival_raw/2026-09-08/31130_GGB222001318_0745.json,07f52d372f789ae6eb7c1caab4e3c1adae293c9d4539d2170fd188f677f4570a,07f52d372f789ae6eb7c1caab4e3c1adae293c9d4539d2170fd188f677f4570a,6598,False
evidence/arrival_raw/2026-09-08/31130_GGB222001318_0750.json,b4fdac61c7bb9897d4c89667d1af5ae07f9a8b5a3d48abff31330fbe5fd36ee3,b4fdac61c7bb9897d4c89667d1af5ae07f9a8b5a3d48abff31330fbe5fd36ee3,6597,False
evidence/arrival_raw/2026-09-08/31130_GGB222001318_0755.json,9a45aacf5235a67b039f630581890c40f98a7715f6f06c7b6c426313fdc93995,9a45aacf5235a67b039f630581890c40f98a7715f6f06c7b6c426313fdc93995,6343,False
evidence/arrival_raw/2026-09-08/31130_GGB222001318_0800.json,a449b503cec57bde74c3d85a5817e11f5a6c23a5588b501e3572ed7416bcd6d4,a449b503cec57bde74c3d85a5817e11f5a6c23a5588b501e3572ed7416bcd6d4,6596,False
evidence/arrival_raw/2026-09-08/31130_GGB222001318_0805.json,37c77a3f9f3a64c87bf02a0f1b33bbd491c593124d021f216cba7326089ae57b,37c77a3f9f3a64c87bf02a0f1b33bbd491c593124d021f216cba7326089ae57b,6591,False
evidence/arrival_raw/2026-09-08/31130_GGB222001318_0810.json,755234ac5a0a7ca2bf0fd3b803825fa62eeaed3a82a54534ffd72ab029b19cc3,755234ac5a0a7ca2bf0fd3b803825fa62eeaed3a82a54534ffd72ab029b19cc3,6587,False
evidence/arrival_raw/2026-09-08/31130_GGB222001318_0815.json,e8e448189f89cce5e677528addd3675365c19fb655158409b7c119b6ca2b7e9a,e8e448189f89cce5e677528addd3675365c19fb655158409b7c119b6ca2b7e9a,6332,False
evidence/arrival_raw/2026-09-08/31130_GGB222001318_0820.json,794394b7db4a2a6408d61019fe0d50e4c5002d959e680a8242e2bcbff36dd5c7,794394b7db4a2a6408d61019fe0d50e4c5002d959e680a8242e2bcbff36dd5c7,6338,False
evidence/arrival_raw/2026-09-08/31130_GGB222001318_0825.json,c1a4ecbda504e06e066905de0b5b090d39128b36ab12a0137a531ab09a13ad2d,c1a4ecbda504e06e066905de0b5b090d39128b36ab12a0137a531ab09a13ad2d,6332,False
evidence/arrival_raw/2026-09-08/31130_GGB222001318_0830.json,489d80a22233fdf92aec75fe59b8f17d3858c626ca2385ec7abf84846cddca0c,489d80a22233fdf92aec75fe59b8f17d3858c626ca2385ec7abf84846cddca0c,6333,False
evidence/arrival_raw/2026-09-08/31130_GGB222001318_0835.json,ab574b3aa59698653889c8eddec1efb5d82cca12bc260a8b58e085c122b907d5,ab574b3aa59698653889c8eddec1efb5d82cca12bc260a8b58e085c122b907d5,6333,False
evidence/arrival_raw/2026-09-08/31130_GGB222001318_0840.json,3ebead0e1c8f178ae65416569911672d0683ce3b968bdae417d963be33a5ea11,3ebead0e1c8f178ae65416569911672d0683ce3b968bdae417d963be33a5ea11,6334,False
evidence/arrival_raw/2026-09-08/31130_GGB222001318_0845.json,c27f121ae402fbdd494e9181252903e459c0791cf51f5b434e3a72c4b9a7bb4f,c27f121ae402fbdd494e9181252903e459c0791cf51f5b434e3a72c4b9a7bb4f,6340,False
evidence/arrival_raw/2026-09-08/31130_GGB222001318_0850.json,199bb08430fa72f85653a5a9193748235db44348db8558589953e38a6fd39e84,199bb08430fa72f85653a5a9193748235db44348db8558589953e38a6fd39e84,6335,False
evidence/arrival_raw/2026-09-08/31130_GGB222001318_0855.json,61b84a86583c99911bc26147a39c4a2c9e6e81b6a3db32542d2054748710b657,61b84a86583c99911bc26147a39c4a2c9e6e81b6a3db32542d2054748710b657,6337,False
evidence/arrival_raw/2026-09-08/31130_GGB222001318_1700.json,ca241df9800dd214fbe5a045a4d26052798d9e0333089fd4e17ffeb48c6a2899,ca241df9800dd214fbe5a045a4d26052798d9e0333089fd4e17ffeb48c6a2899,6336,False
evidence/arrival_raw/2026-09-08/31130_GGB222001318_1705.json,c48c3cd8a330dcd12c494123ace70b1be501ec8c329ed078bb64ee9cef3bbf86,c48c3cd8a330dcd12c494123ace70b1be501ec8c329ed078bb64ee9cef3bbf86,6328,False
evidence/arrival_raw/2026-09-08/31130_GGB222001318_1710.json,507d19f1d329f35410b6aab3c4db804c67b3e01ebf4624222e4717156d75943d,507d19f1d329f35410b6aab3c4db804c67b3e01ebf4624222e4717156d75943d,6326,False
evidence/arrival_raw/2026-09-08/31130_GGB222001318_1715.json,e87160da4223bb96921b1775f03e15d0465aa95a7192d6c60e81b256666055db,e87160da4223bb96921b1775f03e15d0465aa95a7192d6c60e81b256666055db,6326,False
evidence/arrival_raw/2026-09-08/31130_GGB222001318_1720.json,bceff6b61877842173da49c8fa59a486029363bcc526a0b171edb0704f2c75aa,bceff6b61877842173da49c8fa59a486029363bcc526a0b171edb0704f2c75aa,6081,False
evidence/arrival_raw/2026-09-08/31130_GGB222001318_1725.json,1bd4046fabaf75b2af891b72426683ce487006f9a1ca2cc916aaf33ff8de9071,1bd4046fabaf75b2af891b72426683ce487006f9a1ca2cc916aaf33ff8de9071,6085,False
evidence/arrival_raw/2026-09-08/31130_GGB222001318_1730.json,c7eff77031782a315fa87d5b65e64eaa405990fdc6b09bcbbeb20079d8fc5333,c7eff77031782a315fa87d5b65e64eaa405990fdc6b09bcbbeb20079d8fc5333,6080,False
evidence/arrival_raw/2026-09-08/31130_GGB222001318_1735.json,deb4e8c7b1f46e56ede602a7fc1e631d7794630c8393c9411c517410646c5bdd,deb4e8c7b1f46e56ede602a7fc1e631d7794630c8393c9411c517410646c5bdd,6077,False
evidence/arrival_raw/2026-09-08/31130_GGB222001318_1740.json,66022259ef5781a75581b77f3920704f2a559de3d077723cf88fee22dfd42562,66022259ef5781a75581b77f3920704f2a559de3d077723cf88fee22dfd42562,6075,False
evidence/arrival_raw/2026-09-08/31130_GGB222001318_1745.json,954fee27fafcdc6a3b9dc5dc82f07ec754f6875fcebaa52d5cde41e08f49eacc,954fee27fafcdc6a3b9dc5dc82f07ec754f6875fcebaa52d5cde41e08f49eacc,6075,False
evidence/arrival_raw/2026-09-08/31130_GGB222001318_1750.json,954fee27fafcdc6a3b9dc5dc82f07ec754f6875fcebaa52d5cde41e08f49eacc,954fee27fafcdc6a3b9dc5dc82f07ec754f6875fcebaa52d5cde41e08f49eacc,6075,False
evidence/arrival_raw/2026-09-08/31130_GGB222001318_1755.json,10b4747273b288bfe2b65712c63317712dd442a7de3cfbef60220406d79fbe59,10b4747273b288bfe2b65712c63317712dd442a7de3cfbef60220406d79fbe59,6081,False
evidence/arrival_raw/2026-09-08/31130_GGB222001318_1800.json,f963145f76fb6e0a8e34baaafdd8bafb949a979acdea0efaeff92c6c9148bb5a,f963145f76fb6e0a8e34baaafdd8bafb949a979acdea0efaeff92c6c9148bb5a,6080,False
evidence/arrival_raw/2026-09-08/31130_GGB222001318_1805.json,3bdf717227af455348b4442994cb6af7fde42700ca7fd303ae59e04421321172,3bdf717227af455348b4442994cb6af7fde42700ca7fd303ae59e04421321172,6078,False
evidence/arrival_raw/2026-09-08/31130_GGB222001318_1810.json,f71684ec8b85b10ae9bd84bfe53be39880e148012bb57ed62700cfdc2803f2c1,f71684ec8b85b10ae9bd84bfe53be39880e148012bb57ed62700cfdc2803f2c1,6071,False
evidence/arrival_raw/2026-09-08/31130_GGB222001318_1815.json,80843d4333752510b2512a461a2c3e8df679dd20bb739408e59be987f9cef72c,80843d4333752510b2512a461a2c3e8df679dd20bb739408e59be987f9cef72c,6078,False
evidence/arrival_raw/2026-09-08/31130_GGB222001318_1820.json,9afbafbde39ae6ee1d12d95148395e0d9c4eb40aba72c5f208bbb7972c71fdc6,9afbafbde39ae6ee1d12d95148395e0d9c4eb40aba72c5f208bbb7972c71fdc6,5836,False
evidence/arrival_raw/2026-09-08/31130_GGB222001318_1825.json,ba73b057df8e97bf7b36ee7fe9c2fda5d162e2d1d1ab4c9c2246ea37286ca57d,ba73b057df8e97bf7b36ee7fe9c2fda5d162e2d1d1ab4c9c2246ea37286ca57d,6328,False
evidence/arrival_raw/2026-09-08/31130_GGB222001318_1830.json,29aa8b88e1db4124a399c54174bfdfe3a52b108b46214088b8be9dba6bf7d390,29aa8b88e1db4124a399c54174bfdfe3a52b108b46214088b8be9dba6bf7d390,6325,False
evidence/arrival_raw/2026-09-08/31130_GGB222001318_1835.json,b9d9c6fb506baafd90d68d356644415f59e2e86a64447027c57d58f27d88b5ce,b9d9c6fb506baafd90d68d356644415f59e2e86a64447027c57d58f27d88b5ce,6325,False
evidence/arrival_raw/2026-09-08/31130_GGB222001318_1840.json,c121a3e20f3497a9de3c2f413302dbf12cf75676535fdba8cdb901fc5dee8521,c121a3e20f3497a9de3c2f413302dbf12cf75676535fdba8cdb901fc5dee8521,6317,False
evidence/arrival_raw/2026-09-08/31130_GGB222001318_1845.json,f335ae3d54fc61034cda1d2f31dedfaa90682cfc5217d94cd14fe95b9f7d435d,f335ae3d54fc61034cda1d2f31dedfaa90682cfc5217d94cd14fe95b9f7d435d,6324,False
evidence/arrival_raw/2026-09-08/31130_GGB222001318_1850.json,ae82736d08cbe6c9e03921bf11b21fe4392b8e65ecc34027b616acf39c8aa36f,ae82736d08cbe6c9e03921bf11b21fe4392b8e65ecc34027b616acf39c8aa36f,6077,False
evidence/arrival_raw/2026-09-08/31130_GGB222001318_1855.json,f0cdf6174b1f44c0624e557b16d010a539418d7f66c52df9fb0568f048fb46ff,f0cdf6174b1f44c0624e557b16d010a539418d7f66c52df9fb0568f048fb46ff,6071,False
evidence/arrival_raw/2026-09-09/31130_GGB222001318_0700.json,e46f8c303b88c34b1eab6ee3ea4f1080f8f35406504a8f23154451dc1f13e211,e46f8c303b88c34b1eab6ee3ea4f1080f8f35406504a8f23154451dc1f13e211,6591,False
evidence/arrival_raw/2026-09-09/31130_GGB222001318_0705.json,852dbf794368ef040a1c619284aa7648167aa28812281fd0b3b135f0b9c103be,852dbf794368ef040a1c619284aa7648167aa28812281fd0b3b135f0b9c103be,6849,False
evidence/arrival_raw/2026-09-09/31130_GGB222001318_0710.json,566b533e0e7e973da59526510de49eae807120602cea1233616ae39e49c56e2c,566b533e0e7e973da59526510de49eae807120602cea1233616ae39e49c56e2c,7093,False
evidence/arrival_raw/2026-09-09/31130_GGB222001318_0715.json,b7bb5d2d34c2fb7f1ea3b1bfeb872fc2d2233d8919e0b1b06b682651853f787d,b7bb5d2d34c2fb7f1ea3b1bfeb872fc2d2233d8919e0b1b06b682651853f787d,7086,False
evidence/arrival_raw/2026-09-09/31130_GGB222001318_0720.json,fe4862c7039cba9cd1017b5c5bf29a6d80e21bf26977c0ecfd1c42e1b8a082fe,fe4862c7039cba9cd1017b5c5bf29a6d80e21bf26977c0ecfd1c42e1b8a082fe,6844,False
evidence/arrival_raw/2026-09-09/31130_GGB222001318_0725.json,341df4d6d091958cd3f29a517a34eb761237459404bcb75cdbb824156909a1b2,341df4d6d091958cd3f29a517a34eb761237459404bcb75cdbb824156909a1b2,6590,False
evidence/arrival_raw/2026-09-09/31130_GGB222001318_0730.json,3b0c2cb9d7c29297978d2224a206421cef57d3d434e76b644bd13895017dc7c2,3b0c2cb9d7c29297978d2224a206421cef57d3d434e76b644bd13895017dc7c2,6585,False
evidence/arrival_raw/2026-09-09/31130_GGB222001318_0735.json,85aad39d78efa42b58cf1b233f10995ee7cd159228f1df2c15079b7453836d97,85aad39d78efa42b58cf1b233f10995ee7cd159228f1df2c15079b7453836d97,6335,False
evidence/arrival_raw/2026-09-09/31130_GGB222001318_0740.json,7f2d3aebb6cb2588026acfb103118eb45b375b5cd36612847ca39aca571b761d,7f2d3aebb6cb2588026acfb103118eb45b375b5cd36612847ca39aca571b761d,6594,False
evidence/arrival_raw/2026-09-09/31130_GGB222001318_0745.json,eecdc3b21c55138581afc64ace61197aac14c90fb849b343639f622413b2a627,eecdc3b21c55138581afc64ace61197aac14c90fb849b343639f622413b2a627,6593,False
evidence/arrival_raw/2026-09-09/31130_GGB222001318_0750.json,662ce8fa607463a24931ecdb32c68d060b3794fd404feaa9766c4883391e4a11,662ce8fa607463a24931ecdb32c68d060b3794fd404feaa9766c4883391e4a11,6595,False
evidence/arrival_raw/2026-09-09/31130_GGB222001318_0755.json,f2fa44c4d0dcf5dc38c91df0f18eb809a37ab3d259f6b1b6549ada93ff0f2171,f2fa44c4d0dcf5dc38c91df0f18eb809a37ab3d259f6b1b6549ada93ff0f2171,6342,False
evidence/arrival_raw/2026-09-09/31130_GGB222001318_0800.json,188ce17248c33f79483c302de460f473482bd84f68e6b310b6ac5ea5f2ef5b2a,188ce17248c33f79483c302de460f473482bd84f68e6b310b6ac5ea5f2ef5b2a,6595,False
evidence/arrival_raw/2026-09-09/31130_GGB222001318_0805.json,1f5ca370d440c4915ad8cf28bb4a33869b7828cafa56e1cd3f8d47cab5cf9a9d,1f5ca370d440c4915ad8cf28bb4a33869b7828cafa56e1cd3f8d47cab5cf9a9d,6594,False
evidence/arrival_raw/2026-09-09/31130_GGB222001318_0810.json,cc439803c9a36332d9b49c3a569028b9cd9a1ce4b71b509d37e3eb6a85492fb4,cc439803c9a36332d9b49c3a569028b9cd9a1ce4b71b509d37e3eb6a85492fb4,6594,False
evidence/arrival_raw/2026-09-09/31130_GGB222001318_0815.json,31ac0c61d1230feb5d14bbae0823da5365c36681f8bac0b18737e045ea709558,31ac0c61d1230feb5d14bbae0823da5365c36681f8bac0b18737e045ea709558,6338,False
evidence/arrival_raw/2026-09-09/31130_GGB222001318_0820.json,9aaf520977ea00f31618e9ac80abbed9d23b68ed0dbbdecf3e732573c7ae8950,9aaf520977ea00f31618e9ac80abbed9d23b68ed0dbbdecf3e732573c7ae8950,6336,False
evidence/arrival_raw/2026-09-09/31130_GGB222001318_0825.json,4a8b353151d9310c3345793fd84d6cd17c9bb553a90e020ab63e0792a4b2ae75,4a8b353151d9310c3345793fd84d6cd17c9bb553a90e020ab63e0792a4b2ae75,6334,False
evidence/arrival_raw/2026-09-09/31130_GGB222001318_0830.json,5d1ea4f6d3cb93286db56360da46fccc3733a0e74c6b6d51bb2aa02eac01a159,5d1ea4f6d3cb93286db56360da46fccc3733a0e74c6b6d51bb2aa02eac01a159,6333,False
evidence/arrival_raw/2026-09-09/31130_GGB222001318_0835.json,489cbc8620c6995a2bca6d47ab466a28efdd5367d879dc6cadb56edaaeeb30bb,489cbc8620c6995a2bca6d47ab466a28efdd5367d879dc6cadb56edaaeeb30bb,6335,False
evidence/arrival_raw/2026-09-09/31130_GGB222001318_0840.json,135ccf5968bdb4c7356a7ecab27ca87a4d7d59635c43e727a880c1bb9fca284a,135ccf5968bdb4c7356a7ecab27ca87a4d7d59635c43e727a880c1bb9fca284a,6334,False
evidence/arrival_raw/2026-09-09/31130_GGB222001318_0845.json,d2832e7e58ce0346d251ed5f06bdc90c5212559cd0643f550d2e876ac3733708,d2832e7e58ce0346d251ed5f06bdc90c5212559cd0643f550d2e876ac3733708,6333,False
evidence/arrival_raw/2026-09-09/31130_GGB222001318_0850.json,27cbe5bd3f86f7563e710bde5667b67d0e39c2003b3671663d85646e85d690db,27cbe5bd3f86f7563e710bde5667b67d0e39c2003b3671663d85646e85d690db,6082,False
evidence/arrival_raw/2026-09-09/31130_GGB222001318_0855.json,a3be2542d3264f6c6809d4ad0c8487a4e6e94ba73c15d12ca6e22698d3fec93b,a3be2542d3264f6c6809d4ad0c8487a4e6e94ba73c15d12ca6e22698d3fec93b,6088,False
evidence/arrival_raw/2026-09-09/31130_GGB222001318_1700.json,435ae2d6ea5765ad68e8ab2cd74ca3966a1cf49e087fc764bd53efa6514bd189,435ae2d6ea5765ad68e8ab2cd74ca3966a1cf49e087fc764bd53efa6514bd189,6329,False
evidence/arrival_raw/2026-09-09/31130_GGB222001318_1705.json,59b09aa4832eab364bca6b5a8cf7f53c4f1f186275892467fa6166e25944a8a7,59b09aa4832eab364bca6b5a8cf7f53c4f1f186275892467fa6166e25944a8a7,6325,False
evidence/arrival_raw/2026-09-09/31130_GGB222001318_1710.json,08eef16f8a11caf0df903f96ba75f50a03b03c17265b1af248f97f89e60e1880,08eef16f8a11caf0df903f96ba75f50a03b03c17265b1af248f97f89e60e1880,6334,False
evidence/arrival_raw/2026-09-09/31130_GGB222001318_1715.json,19db9452c4c792376528e98bf52a775239a25d90e94810d06e8970a53f734dfd,19db9452c4c792376528e98bf52a775239a25d90e94810d06e8970a53f734dfd,6329,False
evidence/arrival_raw/2026-09-09/31130_GGB222001318_1720.json,2e1a95edad230d6ee3c6d69efe49431454c2969fdf86554a04e3f648c6775a1c,2e1a95edad230d6ee3c6d69efe49431454c2969fdf86554a04e3f648c6775a1c,6331,False
evidence/arrival_raw/2026-09-09/31130_GGB222001318_1725.json,b5ce095e6cffb33157d057d5749c28f464f9f9503aefaa89383a4bcbe02a23fa,b5ce095e6cffb33157d057d5749c28f464f9f9503aefaa89383a4bcbe02a23fa,6080,False
evidence/arrival_raw/2026-09-09/31130_GGB222001318_1730.json,74a3625a18d3b9654e25685d868f0e2408f5389c9aa6f972be65fcf8730a10a0,74a3625a18d3b9654e25685d868f0e2408f5389c9aa6f972be65fcf8730a10a0,6080,False
evidence/arrival_raw/2026-09-09/31130_GGB222001318_1735.json,0978568850676785d59a157a2c76721a7c2e4f2f0a84f19ec8c3ac17ea02258d,0978568850676785d59a157a2c76721a7c2e4f2f0a84f19ec8c3ac17ea02258d,6073,False
evidence/arrival_raw/2026-09-09/31130_GGB222001318_1740.json,ce82719d79f6609ccd058ab633f014565d6bc69695296ca9a21012d6aca6927e,ce82719d79f6609ccd058ab633f014565d6bc69695296ca9a21012d6aca6927e,6068,False
evidence/arrival_raw/2026-09-09/31130_GGB222001318_1745.json,f3b8bbb8480bce66b8732479a2536189b110cf380d7ea9032ca297a9e3ea93f7,f3b8bbb8480bce66b8732479a2536189b110cf380d7ea9032ca297a9e3ea93f7,6071,False
evidence/arrival_raw/2026-09-09/31130_GGB222001318_1750.json,98463c753795ab70b4ec44b8051455cfe7252e353b9e8a2eccb23816a47cb246,98463c753795ab70b4ec44b8051455cfe7252e353b9e8a2eccb23816a47cb246,6078,False
evidence/arrival_raw/2026-09-09/31130_GGB222001318_1755.json,0d10cbd01c485ebfe572d36f47fe53a2a78861b392a5f72a0c93ac0c44d2e52c,0d10cbd01c485ebfe572d36f47fe53a2a78861b392a5f72a0c93ac0c44d2e52c,6081,False
evidence/arrival_raw/2026-09-09/31130_GGB222001318_1800.json,603c10e7498a3718d81b36fb038be82d370b034e6f9a8f2e8d5f4703f989606e,603c10e7498a3718d81b36fb038be82d370b034e6f9a8f2e8d5f4703f989606e,6077,False
evidence/arrival_raw/2026-09-09/31130_GGB222001318_1805.json,6792ad188c3100a16278a4b648efe050c0dbc8190f322815df8d22de59bb03d8,6792ad188c3100a16278a4b648efe050c0dbc8190f322815df8d22de59bb03d8,135,False
evidence/arrival_raw/2026-09-09/31130_GGB222001318_1810.json,be226dba76a9acf3ca2b02d5ed90e06257dcb36ff801446c6e01657762652297,be226dba76a9acf3ca2b02d5ed90e06257dcb36ff801446c6e01657762652297,6075,False
evidence/arrival_raw/2026-09-09/31130_GGB222001318_1815.json,732c30167979ae5bb4bb392fe6fbc684994fc621fe4dacf9401386a12147bca3,732c30167979ae5bb4bb392fe6fbc684994fc621fe4dacf9401386a12147bca3,6078,False
evidence/arrival_raw/2026-09-09/31130_GGB222001318_1820.json,6f69f086b3e66080bcad68f581c9a88680fc681b7fd46bbbb8226db54164034c,6f69f086b3e66080bcad68f581c9a88680fc681b7fd46bbbb8226db54164034c,6080,False
evidence/arrival_raw/2026-09-09/31130_GGB222001318_1825.json,eefa62f01b6f6736cfad6ea6327f7be797b470349fa626a61ed1a0e1f9ae8e07,eefa62f01b6f6736cfad6ea6327f7be797b470349fa626a61ed1a0e1f9ae8e07,6325,False
evidence/arrival_raw/2026-09-09/31130_GGB222001318_1830.json,8714c7e5a4f797b41ce8ee9c2f7a4080b6bd32f51777bfff6b6bfb29f2adbdee,8714c7e5a4f797b41ce8ee9c2f7a4080b6bd32f51777bfff6b6bfb29f2adbdee,6324,False
evidence/arrival_raw/2026-09-09/31130_GGB222001318_1835.json,27521ac2c56680a7ea8232eecd689d126af1410d47257f276b40571155108478,27521ac2c56680a7ea8232eecd689d126af1410d47257f276b40571155108478,6326,False
evidence/arrival_raw/2026-09-09/31130_GGB222001318_1840.json,888ac1344292f6118cecdfd3db172b11cc3d5514a1a0dac540cd2aca61b28a0c,888ac1344292f6118cecdfd3db172b11cc3d5514a1a0dac540cd2aca61b28a0c,6323,False
evidence/arrival_raw/2026-09-09/31130_GGB222001318_1845.json,fc05ed2acbacf55dce46e05629534824aa3a3feeed0b015d0d57cd58752f62a5,fc05ed2acbacf55dce46e05629534824aa3a3feeed0b015d0d57cd58752f62a5,6324,False
evidence/arrival_raw/2026-09-09/31130_GGB222001318_1850.json,06e82d7f2c6312c8e1a6f76ff3ee62fc95e3396829a65de8c2b56778c2ef2d39,06e82d7f2c6312c8e1a6f76ff3ee62fc95e3396829a65de8c2b56778c2ef2d39,6074,False
evidence/arrival_raw/2026-09-09/31130_GGB222001318_1855.json,ac45f21cecb78c09bf872ee3e115f47bf98228ad41d41c8e1b1a96e12feb575e,ac45f21cecb78c09bf872ee3e115f47bf98228ad41d41c8e1b1a96e12feb575e,6075,False
evidence/arrival_raw/2026-09-10/31130_GGB222001318_0715.json,43cfadaf22410d5283e0c7163be9ed8716cd0d4f86c85ada53e0c656e68d3e2b,43cfadaf22410d5283e0c7163be9ed8716cd0d4f86c85ada53e0c656e68d3e2b,6841,False
evidence/arrival_raw/2026-09-10/31130_GGB222001318_0720.json,a81d0f12467637e769d5546350ce6f07e6c1d4cb50dd14c105aacbc49bf4003a,a81d0f12467637e769d5546350ce6f07e6c1d4cb50dd14c105aacbc49bf4003a,6833,False
evidence/arrival_raw/2026-09-10/31130_GGB222001318_0725.json,fcb7e41d565b987be6e9097a2f97d07f491e4b662834c11b144f277e3b281a2c,fcb7e41d565b987be6e9097a2f97d07f491e4b662834c11b144f277e3b281a2c,6593,False
evidence/arrival_raw/2026-09-10/31130_GGB222001318_0730.json,82ddbf081ecf46f3613bab04d84d3ae921f0af3ceafeeff213e960d132844623,82ddbf081ecf46f3613bab04d84d3ae921f0af3ceafeeff213e960d132844623,6085,False
evidence/arrival_raw/2026-09-10/31130_GGB222001318_0735.json,b93223e3cf298d5e916e1d2e15d3d9075efff5edc44351c4b480e61f862ee699,b93223e3cf298d5e916e1d2e15d3d9075efff5edc44351c4b480e61f862ee699,6344,False
evidence/arrival_raw/2026-09-10/31130_GGB222001318_0740.json,5db26abfd021b8cf8ca53617c81549b8e9dae932e476d67fd582aeff00e69cb2,5db26abfd021b8cf8ca53617c81549b8e9dae932e476d67fd582aeff00e69cb2,6596,False
evidence/arrival_raw/2026-09-10/31130_GGB222001318_0745.json,16c8e50b2be3fb349e6c71fb78cb1b2b51d0e8c0454f35e0f7186e811ac0535e,16c8e50b2be3fb349e6c71fb78cb1b2b51d0e8c0454f35e0f7186e811ac0535e,6588,False
evidence/arrival_raw/2026-09-10/31130_GGB222001318_0755.json,c2392c4c9c2da84e006a256c941ed2f93c8250fc39a66efa55799b3e477b61f7,c2392c4c9c2da84e006a256c941ed2f93c8250fc39a66efa55799b3e477b61f7,6596,False
evidence/arrival_raw/2026-09-10/31130_GGB222001318_0800.json,71275c3b694b26453dffdd6f62ff5b99f260b8795b66bd60369b5593a7a7d38d,71275c3b694b26453dffdd6f62ff5b99f260b8795b66bd60369b5593a7a7d38d,6592,False
evidence/arrival_raw/2026-09-10/31130_GGB222001318_0805.json,509c2893ef41fe08b9aa6971719448ebbbdd36766a3e012c93c4d9f32c1459a0,509c2893ef41fe08b9aa6971719448ebbbdd36766a3e012c93c4d9f32c1459a0,6341,False
evidence/arrival_raw/2026-09-10/31130_GGB222001318_0810.json,c61523008b425d1bc9f1424e600e7cd6dc3d2687ffc333dc8aaee313c2b2b68d,c61523008b425d1bc9f1424e600e7cd6dc3d2687ffc333dc8aaee313c2b2b68d,6340,False
evidence/arrival_raw/2026-09-10/31130_GGB222001318_0815.json,27511981d210c802d3601695d9788ce3a8f989cca6ecb3934968a46d05cbf16b,27511981d210c802d3601695d9788ce3a8f989cca6ecb3934968a46d05cbf16b,6587,False
evidence/arrival_raw/2026-09-10/31130_GGB222001318_0820.json,b6239651f216dc85bfac599c24ee251a14163febf36cef8aaf9c73cdf0a6b7be,b6239651f216dc85bfac599c24ee251a14163febf36cef8aaf9c73cdf0a6b7be,6592,False
evidence/arrival_raw/2026-09-10/31130_GGB222001318_0825.json,03d78c6873b6766d712c7c6971eda3549aceefe2dffedba81050853ca51e43c3,03d78c6873b6766d712c7c6971eda3549aceefe2dffedba81050853ca51e43c3,6335,False
evidence/arrival_raw/2026-09-10/31130_GGB222001318_0830.json,f14afcfaecd9c758d738ab0c2efc6f03622cb4ec8da80fca58e96d763daa63d4,f14afcfaecd9c758d738ab0c2efc6f03622cb4ec8da80fca58e96d763daa63d4,6336,False
evidence/arrival_raw/2026-09-10/31130_GGB222001318_0835.json,d2c4e04167f4995ba439d1363834b7745eddc757d09f7e6bfa34db13197d28d9,d2c4e04167f4995ba439d1363834b7745eddc757d09f7e6bfa34db13197d28d9,6334,False
evidence/arrival_raw/2026-09-10/31130_GGB222001318_0840.json,823d09eabbea0493ad6bb405cfaf45f37093c216e2ea668d31e56a9430f604a2,823d09eabbea0493ad6bb405cfaf45f37093c216e2ea668d31e56a9430f604a2,6336,False
evidence/arrival_raw/2026-09-10/31130_GGB222001318_0845.json,b51d80b22b1a00737c97449a361bf92140ef9ba635c5550cd909538759b34d75,b51d80b22b1a00737c97449a361bf92140ef9ba635c5550cd909538759b34d75,6337,False
evidence/arrival_raw/2026-09-10/31130_GGB222001318_0850.json,b0ed05dd7ea46a4b6f9b344e14189e9453ed1f7675531cfdaeb06822c19f5df5,b0ed05dd7ea46a4b6f9b344e14189e9453ed1f7675531cfdaeb06822c19f5df5,6332,False
evidence/arrival_raw/2026-09-10/31130_GGB222001318_0855.json,f621a2491159869f8ab44e1a7f1af8ef2f678516a99ddc9ace677c618c07856f,f621a2491159869f8ab44e1a7f1af8ef2f678516a99ddc9ace677c618c07856f,6330,False
evidence/arrival_raw/2026-09-10/31130_GGB222001318_1700.json,12f3cc4811d967a8dd556a052b22ce73c8e9f2a675d5600b5a28287089fa55f4,12f3cc4811d967a8dd556a052b22ce73c8e9f2a675d5600b5a28287089fa55f4,6330,False
evidence/arrival_raw/2026-09-10/31130_GGB222001318_1705.json,47ff9d397af3abf5c1e143788bf62c1961ea0901c64d406c38de707e06c19525,47ff9d397af3abf5c1e143788bf62c1961ea0901c64d406c38de707e06c19525,6330,False
evidence/arrival_raw/2026-09-10/31130_GGB222001318_1710.json,ef90cce9f43b78303fac58261ff28095e6592ef42ec5d40dd7614c35bf29fd0e,ef90cce9f43b78303fac58261ff28095e6592ef42ec5d40dd7614c35bf29fd0e,6324,False
evidence/arrival_raw/2026-09-10/31130_GGB222001318_1715.json,6792ad188c3100a16278a4b648efe050c0dbc8190f322815df8d22de59bb03d8,6792ad188c3100a16278a4b648efe050c0dbc8190f322815df8d22de59bb03d8,135,False
evidence/arrival_raw/2026-09-10/31130_GGB222001318_1720.json,0e0135917a9b31191dd8f4f4d0cecd46cb42117ba030bb14db8b2960a37a0a23,0e0135917a9b31191dd8f4f4d0cecd46cb42117ba030bb14db8b2960a37a0a23,6328,False
evidence/arrival_raw/2026-09-10/31130_GGB222001318_1725.json,76fdcee70596c09f933cfa282473f1290d32395ebef0ed5a674fcccf91ecd4fa,76fdcee70596c09f933cfa282473f1290d32395ebef0ed5a674fcccf91ecd4fa,6076,False
evidence/arrival_raw/2026-09-10/31130_GGB222001318_1730.json,80ba81a850c567bc4ad50faaca86214e19df764d976f6602d3e8c5eb2b55d0dc,80ba81a850c567bc4ad50faaca86214e19df764d976f6602d3e8c5eb2b55d0dc,6078,False
evidence/arrival_raw/2026-09-10/31130_GGB222001318_1735.json,2fa32dc56499c116b4199fb28de4567b5a9c71d4c97e66ebb35927375dd0c31b,2fa32dc56499c116b4199fb28de4567b5a9c71d4c97e66ebb35927375dd0c31b,6079,False
evidence/arrival_raw/2026-09-10/31130_GGB222001318_1740.json,f8a8787555b3aaf07f20139313627a4d299fca65e4a3f6e7fb5963832fa53152,f8a8787555b3aaf07f20139313627a4d299fca65e4a3f6e7fb5963832fa53152,6077,False
evidence/arrival_raw/2026-09-10/31130_GGB222001318_1745.json,e2efa8af4883eab164996fc666aab41d8e6787de0b8bbf04f7ed1a310fb0dec4,e2efa8af4883eab164996fc666aab41d8e6787de0b8bbf04f7ed1a310fb0dec4,6078,False
evidence/arrival_raw/2026-09-10/31130_GGB222001318_1750.json,9e29b42581f9cb81925416c50a30fa791d5dd348c14a474e76d4092879692159,9e29b42581f9cb81925416c50a30fa791d5dd348c14a474e76d4092879692159,6074,False
evidence/arrival_raw/2026-09-10/31130_GGB222001318_1755.json,6792ad188c3100a16278a4b648efe050c0dbc8190f322815df8d22de59bb03d8,6792ad188c3100a16278a4b648efe050c0dbc8190f322815df8d22de59bb03d8,135,False
evidence/arrival_raw/2026-09-10/31130_GGB222001318_1800.json,c1899b7954bcfc441618428dc9d999ce99169b126e53f539a34965512e391635,c1899b7954bcfc441618428dc9d999ce99169b126e53f539a34965512e391635,6079,False
evidence/arrival_raw/2026-09-10/31130_GGB222001318_1805.json,334a5d4ce91a31c12dd11c172c95c777110a39ab453e1a6546a6dc49616f1bce,334a5d4ce91a31c12dd11c172c95c777110a39ab453e1a6546a6dc49616f1bce,6073,False
evidence/arrival_raw/2026-09-10/31130_GGB222001318_1810.json,19fc370f0671120a31c350957eb35bc2d2d648d5935e245ce95276e739731207,19fc370f0671120a31c350957eb35bc2d2d648d5935e245ce95276e739731207,6078,False
evidence/arrival_raw/2026-09-10/31130_GGB222001318_1820.json,8826f17eeb26cac84af105ca3c158fadb500ad73739e34c07ed10607d443e6c9,8826f17eeb26cac84af105ca3c158fadb500ad73739e34c07ed10607d443e6c9,6080,False
evidence/arrival_raw/2026-09-10/31130_GGB222001318_1825.json,a83ddbe0a6869ed9e080238b5216b5511173c523371981c4d6116e56831c6fa2,a83ddbe0a6869ed9e080238b5216b5511173c523371981c4d6116e56831c6fa2,6328,False
evidence/arrival_raw/2026-09-10/31130_GGB222001318_1830.json,54aff351e61929ced4dfbfec4df4b9d32bcc5daab42c1ea752caf52954be0534,54aff351e61929ced4dfbfec4df4b9d32bcc5daab42c1ea752caf52954be0534,6330,False
evidence/arrival_raw/2026-09-10/31130_GGB222001318_1835.json,03a41b1902ece4f37ba66d7ae063ed5901998e905b0060cc0cf056367f8469ae,03a41b1902ece4f37ba66d7ae063ed5901998e905b0060cc0cf056367f8469ae,6332,False
evidence/arrival_raw/2026-09-10/31130_GGB222001318_1840.json,ad75496c4fcb7fa74a29bb913bafc1506beb2cace5c289c29e64c1f724c6e7bf,ad75496c4fcb7fa74a29bb913bafc1506beb2cace5c289c29e64c1f724c6e7bf,6331,False
evidence/arrival_raw/2026-09-10/31130_GGB222001318_1845.json,7b09ae7339e1db97cc42905f94c34f8918c4c8f0db8c3e7685e773de6c3373ed,7b09ae7339e1db97cc42905f94c34f8918c4c8f0db8c3e7685e773de6c3373ed,6077,False
evidence/arrival_raw/2026-09-10/31130_GGB222001318_1850.json,e517e24deca5f7eef3aba544ad07ead6d77de0a369f3f9084cb82876e344a641,e517e24deca5f7eef3aba544ad07ead6d77de0a369f3f9084cb82876e344a641,6083,False
evidence/arrival_raw/2026-09-10/31130_GGB222001318_1855.json,8b50f0f11489f17cf883a3b45270ebae3544357f2b1f8a75abdcd48c30ae66eb,8b50f0f11489f17cf883a3b45270ebae3544357f2b1f8a75abdcd48c30ae66eb,6075,False
evidence/arrival_raw/2026-09-11/31130_GGB222001318_0700.json,f58406a8e6ba156f60787df280d34f7639b680e89eedc853fa978fa49cace5d1,f58406a8e6ba156f60787df280d34f7639b680e89eedc853fa978fa49cace5d1,6594,False
evidence/arrival_raw/2026-09-11/31130_GGB222001318_0705.json,d315b8dcc62f6f638d64d8d732d5b296224a616669ac20dd3a443911e79dbd1c,d315b8dcc62f6f638d64d8d732d5b296224a616669ac20dd3a443911e79dbd1c,7098,False
evidence/arrival_raw/2026-09-11/31130_GGB222001318_0710.json,aa4243d393c3924693d45877691f58fe1a3199bdb39761f9f9d02f4158372d86,aa4243d393c3924693d45877691f58fe1a3199bdb39761f9f9d02f4158372d86,7096,False
evidence/arrival_raw/2026-09-11/31130_GGB222001318_0715.json,263595ac3665d4633b9e95bce99554fe6f52ca1fac87b80398fdbc20ae636881,263595ac3665d4633b9e95bce99554fe6f52ca1fac87b80398fdbc20ae636881,7099,False
evidence/arrival_raw/2026-09-11/31130_GGB222001318_0720.json,126208ebaab05c2ab5a4fb57ca33c18e95843d487760b9a56fdfaa6028c26193,126208ebaab05c2ab5a4fb57ca33c18e95843d487760b9a56fdfaa6028c26193,7090,False
evidence/arrival_raw/2026-09-11/31130_GGB222001318_0725.json,e810fec9fdc5501e46572b666343046cd003ee5dd186b86170ceb7228f036ddc,e810fec9fdc5501e46572b666343046cd003ee5dd186b86170ceb7228f036ddc,6592,False
evidence/arrival_raw/2026-09-11/31130_GGB222001318_0730.json,dfcc9cd880bf73689be8f871ea4c8ffd249444b31e1513c44d5c62fb223e2f2f,dfcc9cd880bf73689be8f871ea4c8ffd249444b31e1513c44d5c62fb223e2f2f,6590,False
evidence/arrival_raw/2026-09-11/31130_GGB222001318_0735.json,b16af8fe723108e1391ac7dc510602ddf2ca58bdd4c72323d7ea22f4e698ca51,b16af8fe723108e1391ac7dc510602ddf2ca58bdd4c72323d7ea22f4e698ca51,6341,False
evidence/arrival_raw/2026-09-11/31130_GGB222001318_0740.json,ca512af5f0476bcd751193638d10510bb1a0ae6ce598a2542732e49ccb9b8454,ca512af5f0476bcd751193638d10510bb1a0ae6ce598a2542732e49ccb9b8454,6594,False
evidence/arrival_raw/2026-09-11/31130_GGB222001318_0745.json,6f0147c575ca8aeb5724071d4a94985303f43f6a4ecbc3f6b0277bce3d5d40f1,6f0147c575ca8aeb5724071d4a94985303f43f6a4ecbc3f6b0277bce3d5d40f1,6594,False
evidence/arrival_raw/2026-09-11/31130_GGB222001318_0750.json,bf727d065d6b4956f504fefa41ddea53a8c1f599371e2dbcb783f02261d2e1d9,bf727d065d6b4956f504fefa41ddea53a8c1f599371e2dbcb783f02261d2e1d9,6593,False
evidence/arrival_raw/2026-09-11/31130_GGB222001318_0800.json,819fc7a904f14b965f884bb4dd738dfccca9c97958e0d6336bdb6bc70305b243,819fc7a904f14b965f884bb4dd738dfccca9c97958e0d6336bdb6bc70305b243,6593,False
evidence/arrival_raw/2026-09-11/31130_GGB222001318_0805.json,4fc61ac17d191919f8b7ad28a2576c7588faeb2b71280e3d7e8eaeeac90fb8bb,4fc61ac17d191919f8b7ad28a2576c7588faeb2b71280e3d7e8eaeeac90fb8bb,6592,False
evidence/arrival_raw/2026-09-11/31130_GGB222001318_0810.json,3eb68d0f4cbcc3457653bc30740df3f78ae421c2582e7c5ed1958f73776a233f,3eb68d0f4cbcc3457653bc30740df3f78ae421c2582e7c5ed1958f73776a233f,6589,False
evidence/arrival_raw/2026-09-11/31130_GGB222001318_0815.json,4672407fb0e46e2cdb7ff7c67fb68755272454b1460fa7217732c7f11178434f,4672407fb0e46e2cdb7ff7c67fb68755272454b1460fa7217732c7f11178434f,6589,False
evidence/arrival_raw/2026-09-11/31130_GGB222001318_0820.json,255a1f5be3800cef86d4c5caed2d199da4c02c1f960ccdca77d0a9212e20c23f,255a1f5be3800cef86d4c5caed2d199da4c02c1f960ccdca77d0a9212e20c23f,6336,False
evidence/arrival_raw/2026-09-11/31130_GGB222001318_0825.json,8dd91fba488365e85c5f20765f9d6dd5094451dbbfd29043fec53f73d07ae86c,8dd91fba488365e85c5f20765f9d6dd5094451dbbfd29043fec53f73d07ae86c,6333,False
evidence/arrival_raw/2026-09-11/31130_GGB222001318_0830.json,d885510cdda954bb45a4d194972c1381b068249df9bc73bc31e9363d981c93a5,d885510cdda954bb45a4d194972c1381b068249df9bc73bc31e9363d981c93a5,6339,False
evidence/arrival_raw/2026-09-11/31130_GGB222001318_0835.json,230bb06f3e9776c7e4062ec1dea0a499320e92427eeeb289639d50443d313a19,230bb06f3e9776c7e4062ec1dea0a499320e92427eeeb289639d50443d313a19,6331,False
evidence/arrival_raw/2026-09-11/31130_GGB222001318_0840.json,5aa696988b01297698a2c189eb84e8963885de9424c8c6a549c5064b24b0533d,5aa696988b01297698a2c189eb84e8963885de9424c8c6a549c5064b24b0533d,6332,False
evidence/arrival_raw/2026-09-11/31130_GGB222001318_0845.json,405fd6a836c6decfe9753aa082b55ab8b0a493a1346b250ecf47a1dd9e29bb18,405fd6a836c6decfe9753aa082b55ab8b0a493a1346b250ecf47a1dd9e29bb18,6333,False
evidence/arrival_raw/2026-09-11/31130_GGB222001318_0850.json,542d0683205371ed83317c982ae2926bd6545fcb6c9afe65fd0fad7e8978d7e4,542d0683205371ed83317c982ae2926bd6545fcb6c9afe65fd0fad7e8978d7e4,6079,False
evidence/arrival_raw/2026-09-11/31130_GGB222001318_0855.json,198bd0c0c97305e51c8618b8984e75b57ff3dc0e75db53971e0d32354e65a93b,198bd0c0c97305e51c8618b8984e75b57ff3dc0e75db53971e0d32354e65a93b,6337,False
evidence/arrival_raw/2026-09-11/31130_GGB222001318_1700.json,1e6dd01a5c6230be638bf52728ddfe99e0e1fad4bd5e23e7d6c9805caec04253,1e6dd01a5c6230be638bf52728ddfe99e0e1fad4bd5e23e7d6c9805caec04253,6328,False
evidence/arrival_raw/2026-09-11/31130_GGB222001318_1705.json,23eff9cec78eb930441e347e108b9de6ebd5a2dc71cefa0400067bbeb300c724,23eff9cec78eb930441e347e108b9de6ebd5a2dc71cefa0400067bbeb300c724,6332,False
evidence/arrival_raw/2026-09-11/31130_GGB222001318_1710.json,515f92f86146e0c5d212c59d38147481722ec6984aeaba6dbae4f538df6466a9,515f92f86146e0c5d212c59d38147481722ec6984aeaba6dbae4f538df6466a9,6333,False
evidence/arrival_raw/2026-09-11/31130_GGB222001318_1715.json,32120e8379cbe7cb4da89f9a025e36c574d705135900129dac23e48435344296,32120e8379cbe7cb4da89f9a025e36c574d705135900129dac23e48435344296,6328,False
evidence/arrival_raw/2026-09-11/31130_GGB222001318_1720.json,6792ad188c3100a16278a4b648efe050c0dbc8190f322815df8d22de59bb03d8,6792ad188c3100a16278a4b648efe050c0dbc8190f322815df8d22de59bb03d8,135,False
evidence/arrival_raw/2026-09-11/31130_GGB222001318_1725.json,5518394bdc10b2f38791eb164030432761f1b3550f9d9c4f3f60521c633da9d5,5518394bdc10b2f38791eb164030432761f1b3550f9d9c4f3f60521c633da9d5,6332,False
evidence/arrival_raw/2026-09-11/31130_GGB222001318_1730.json,400f9066576594226f17ccbb1fb72ab8c51478567a67f29d1297f5be26ffe270,400f9066576594226f17ccbb1fb72ab8c51478567a67f29d1297f5be26ffe270,6080,False
evidence/arrival_raw/2026-09-11/31130_GGB222001318_1735.json,12a01ebebf62b3cfb2d242d043614566663f07e51fa76acbd619981b43643972,12a01ebebf62b3cfb2d242d043614566663f07e51fa76acbd619981b43643972,6077,False
evidence/arrival_raw/2026-09-11/31130_GGB222001318_1740.json,08c110cc6e30e1712e118c5b6236da3521ae79d23e0ff4859e3b1c38d8c45ca2,08c110cc6e30e1712e118c5b6236da3521ae79d23e0ff4859e3b1c38d8c45ca2,6078,False
evidence/arrival_raw/2026-09-11/31130_GGB222001318_1745.json,f8f0fa182bef26d283769a17d5265995bc711c2ed92d7e30541724b41a907bca,f8f0fa182bef26d283769a17d5265995bc711c2ed92d7e30541724b41a907bca,6071,False
evidence/arrival_raw/2026-09-11/31130_GGB222001318_1750.json,851bad6eafd9564cb21454eeebf380b3468cf8b97a3095a8a679633ac2f2bb7d,851bad6eafd9564cb21454eeebf380b3468cf8b97a3095a8a679633ac2f2bb7d,6071,False
evidence/arrival_raw/2026-09-11/31130_GGB222001318_1755.json,0083c2251d35960847caddd994c41ce1e7fff806eecc38466bce95f9f19f4bc9,0083c2251d35960847caddd994c41ce1e7fff806eecc38466bce95f9f19f4bc9,6079,False
evidence/arrival_raw/2026-09-11/31130_GGB222001318_1800.json,3546fc5588d3f0d031fe667831df41c77dac8e7fe748102e02f304b5a3071942,3546fc5588d3f0d031fe667831df41c77dac8e7fe748102e02f304b5a3071942,6077,False
evidence/arrival_raw/2026-09-11/31130_GGB222001318_1805.json,38fbc9b9ae8cf724f809be1e8b088cd6aac023d4b21fc86296087955c027d554,38fbc9b9ae8cf724f809be1e8b088cd6aac023d4b21fc86296087955c027d554,6070,False
evidence/arrival_raw/2026-09-11/31130_GGB222001318_1810.json,a2b23fa92ebdc57ca0270096307ca642b6ceb3df42e5f4e546d55c080f6330d2,a2b23fa92ebdc57ca0270096307ca642b6ceb3df42e5f4e546d55c080f6330d2,6072,False
evidence/arrival_raw/2026-09-11/31130_GGB222001318_1815.json,d3be817645ceb5096f3ea3097c13ae94991ce86152c7440d9fd07dd7cb98adf6,d3be817645ceb5096f3ea3097c13ae94991ce86152c7440d9fd07dd7cb98adf6,6070,False
evidence/arrival_raw/2026-09-11/31130_GGB222001318_1820.json,b9dbe73cc3643e0aa05be5312921e6ca77e5831f03a86961af875742b817b0d6,b9dbe73cc3643e0aa05be5312921e6ca77e5831f03a86961af875742b817b0d6,6074,False
evidence/arrival_raw/2026-09-11/31130_GGB222001318_1825.json,04379e6d9b8f01f1a434b6a2f0b7271a11515b0928dd0a4b7f05e292dbce8571,04379e6d9b8f01f1a434b6a2f0b7271a11515b0928dd0a4b7f05e292dbce8571,6327,False
evidence/arrival_raw/2026-09-11/31130_GGB222001318_1830.json,1044cee429c5edaab11500fcf6052fce2b9459e18b5c651196ec2409e9d9d2b7,1044cee429c5edaab11500fcf6052fce2b9459e18b5c651196ec2409e9d9d2b7,6329,False
evidence/arrival_raw/2026-09-11/31130_GGB222001318_1835.json,eb14c697a638ea24a68f7b4a2f185d696a795118da57e28c1bc411e965954f38,eb14c697a638ea24a68f7b4a2f185d696a795118da57e28c1bc411e965954f38,6326,False
evidence/arrival_raw/2026-09-11/31130_GGB222001318_1845.json,9d5905c4774c6326112aba4680dbaf062042570fc042a9bc1150978033ffb72f,9d5905c4774c6326112aba4680dbaf062042570fc042a9bc1150978033ffb72f,6326,False
evidence/arrival_raw/2026-09-11/31130_GGB222001318_1850.json,6b767daef73e08c192863f26e331a893201ab90cb333f6256fba964fa4f37f93,6b767daef73e08c192863f26e331a893201ab90cb333f6256fba964fa4f37f93,6078,False
evidence/arrival_raw/2026-09-11/31130_GGB222001318_1855.json,56191a4fdf67fd7309a07f5088ec7d89cc00c4858bd1a2814ea229fb80b634ee,56191a4fdf67fd7309a07f5088ec7d89cc00c4858bd1a2814ea229fb80b634ee,6079,False
evidence/documents/고양 창릉/2020-12-29_남양주왕숙_고양창릉_신도시_교통대책_확정.html,8ee7a86658599816f214698b17e6e112177ba0732f00d6aeccf725dfc5e59a66,8ee7a86658599816f214698b17e6e112177ba0732f00d6aeccf725dfc5e59a66,35788,False
evidence/documents/고양 창릉/2021-01-24_3기_신도시__패스트트랙_교통대책_조기_확정_등으로_신속_공급.html,cf4ccec819b0d8c7d075b4764b8601176da04a11518277e0e2d2558c4ff86233,cf4ccec819b0d8c7d075b4764b8601176da04a11518277e0e2d2558c4ff86233,27350,False
evidence/documents/고양 창릉/2023-06-30_대곡_소사_복선전철_7월_1일_개통.html,805805051e9bff565c9ea87ca545c58172d6fb52684c432d4476e5a0522eaf17,805805051e9bff565c9ea87ca545c58172d6fb52684c432d4476e5a0522eaf17,58513,False
evidence/documents/고양 창릉/2024-01-25_신도시_광역교통_개선_투자계획.pdf,90f107e315964eadde4d306bc9bd50f6b4883562335c9cbb3a6a6c4b486b8c77,90f107e315964eadde4d306bc9bd50f6b4883562335c9cbb3a6a6c4b486b8c77,2962879,False
evidence/documents/고양 창릉/2024-12-11_GTX-A_운정중앙_서울역_구간_12월_28일_개통.html,7a6ec410b2924164a236a0822a7dc0c53f48a479da8f2a672f6dae714cf189e1,7a6ec410b2924164a236a0822a7dc0c53f48a479da8f2a672f6dae714cf189e1,61285,False
evidence/documents/고양 창릉/2025-01-31_고양창릉_A-4블록_신혼희망타운_입주자모집공고.html,e4a387df85f8daae54bf9abeeb928f870bf686f83a27d2b04baa393e1403fadd,e4a387df85f8daae54bf9abeeb928f870bf686f83a27d2b04baa393e1403fadd,192823,False
evidence/documents/고양 창릉/2025-01-31_고양창릉_S-5블록_공공분양주택_입주자모집공고.html,19b4c82a88778520cbffc6fc57418825966d34b995b62ff6965cd59d3083eb81,19b4c82a88778520cbffc6fc57418825966d34b995b62ff6965cd59d3083eb81,199405,False
evidence/documents/고양 창릉/2026-06-30_고양창릉_S-4블록_공공분양주택_입주자모집공고.html,def247ee3e61c7b5d8576d67e52b47efb3c3786432cc144a9e0ed757d84a253b,def247ee3e61c7b5d8576d67e52b47efb3c3786432cc144a9e0ed757d84a253b,2775,False
evidence/documents/김포 한강/2011-05-03_경기도의회_제258회_임시회_회의록.html,4383ab01a57617fd5f9f980139afe773bf414b256f1f7dba188b4509bc0153e9,4383ab01a57617fd5f9f980139afe773bf414b256f1f7dba188b4509bc0153e9,75413,False
evidence/documents/김포 한강/2011-06-30_김포한강신도시_아파트_첫_입주_등_입주물량_증가세.html,9ad6d54a2e031812263f4e52c1c1a6da2f6a69c9ef0c2c261dfc10f1c386d0ce,9ad6d54a2e031812263f4e52c1c1a6da2f6a69c9ef0c2c261dfc10f1c386d0ce,61161,False
evidence/documents/김포 한강/2017_김포양곡_행복주택_지역위치도_교통망도.pdf,a3c74951c8e5c04931fc3d631c069bf6b22718e2978eb0d577e1941c58393e7f,a3c74951c8e5c04931fc3d631c069bf6b22718e2978eb0d577e1941c58393e7f,11321040,False
evidence/documents/김포 한강/2017_김포한강_행복주택_지역위치도_교통망도.pdf,e1ebc0fea640403e26a71cfea8ebace74b5da734ea1371ad0713ba9974d0da49,e1ebc0fea640403e26a71cfea8ebace74b5da734ea1371ad0713ba9974d0da49,20512357,False
evidence/documents/김포 한강/2019-09-27__김포_지하철시대_열렸다__28일_첫_열차_출발.html,a265b079ba28e19d5d576585c0af3b05651915e777695e20644851113feb8e10,a265b079ba28e19d5d576585c0af3b05651915e777695e20644851113feb8e10,152367,False
evidence/documents/김포 한강/2021-06-29__참고__서부권_2기_신도시_김포한강__인천검단__교통개선_대책.html,724ddf75001dcf20706283c799fd80f2afe9cf86db840e743cf727343d0826dc,724ddf75001dcf20706283c799fd80f2afe9cf86db840e743cf727343d0826dc,352543,False
evidence/documents/김포 한강/2021-06-29__참고__서부권_2기_신도시_김포한강__인천검단__교통개선_대책.pdf,f73aeb4a71997f5df77ed1b4d5cd616609805096dc5b3333ed61b3dba5b62051,f73aeb4a71997f5df77ed1b4d5cd616609805096dc5b3333ed61b3dba5b62051,352543,False
evidence/documents/김포 한강/2022-11-11_수도권_서부지역의_광역교통_확충_등_지역현안_해결_추진.html,9cc46a0d922e79590787a43049feb1a04f75fdb6ca7a5f4c16d9a68f6b207409,9cc46a0d922e79590787a43049feb1a04f75fdb6ca7a5f4c16d9a68f6b207409,69200,False
evidence/documents/김포 한강/2022-11-11_수도권_서부지역의_광역교통_확충_등_지역현안_해결_추진.pdf,1bb829548e89c9bc87d68f9d08d8950cbcd1c4a2598056dd77d8bd5a723bab5e,1bb829548e89c9bc87d68f9d08d8950cbcd1c4a2598056dd77d8bd5a723bab5e,69200,False
evidence/documents/김포 한강/2024-01-02_8849번_하남-미사-김포_인천공항__운행시간_정보.html,08bd470d778e7846c46e553e410cfe82112162b8754acb030315bc5e98978d3c,08bd470d778e7846c46e553e410cfe82112162b8754acb030315bc5e98978d3c,309650,False
evidence/documents/김포 한강/2025-12_2035년_김포도시기본계획_변경_주요내용.pdf,0fe071799169540ddae02383e3dcd67457b752ddf6d52e1f0881c4811e3aa8c1,0fe071799169540ddae02383e3dcd67457b752ddf6d52e1f0881c4811e3aa8c1,46047740,False
evidence/documents/김포 한강/2026-06-19_김포한강_Ac-01a블록_10년_공공임대주택리츠_입주자_모집공고.html,1b2ff982d5fe4cfb4d4ee83f764c717069b1e2c97fd538e2a99a78d88520c0fa,1b2ff982d5fe4cfb4d4ee83f764c717069b1e2c97fd538e2a99a78d88520c0fa,200983,False
evidence/documents/남양주 다산/2015-08-11_다산신도시_지금지구_A1블록_국민임대주택_입주자모집공고.html,2514f69cab8c2f81040add73d02a37db5347508a5714c2acfa347bfffe0258d4,2514f69cab8c2f81040add73d02a37db5347508a5714c2acfa347bfffe0258d4,166818,False
evidence/documents/남양주 다산/2016-07-18_경기도의회_제312회_임시회_회의록.html,3fc514500716ecb7f54fb787de4ed6ff89e09d04cc941be9deea346ab544af72,3fc514500716ecb7f54fb787de4ed6ff89e09d04cc941be9deea346ab544af72,510545,False
evidence/documents/남양주 다산/2018-02-12_다산신도시_입주지원_특별대책반_본격_가동.html,cbfe676c61ddc941745739b811bc43bbb3f5a7a112c0298b4dc0bb62014a2085,cbfe676c61ddc941745739b811bc43bbb3f5a7a112c0298b4dc0bb62014a2085,45208,False
evidence/documents/남양주 다산/2018-02-27_다산신도시_상업_주유소용지_공급공고.html,947d3813b20833a7f52050eb889950247ca7f92e84e71745f4a9652b4ddcf3a2,947d3813b20833a7f52050eb889950247ca7f92e84e71745f4a9652b4ddcf3a2,209811,False
evidence/documents/남양주 다산/2018-12-12_남양주_다산역_A2_경기행복주택_입주자모집.html,ff77b98e0e52ceeee6c20d00168b11a81f1045cae05afdb11308724afb7851d5,ff77b98e0e52ceeee6c20d00168b11a81f1045cae05afdb11308724afb7851d5,2862,False
evidence/documents/남양주 다산/2019_다산신도시_자연_푸르지오_공공분양주택_입주자모집_정정공고.pdf,78e1f182e7fd0b7a08ca5d3c27ae6e6d7fda39a6479c6788bce1f18d7d80e999,78e1f182e7fd0b7a08ca5d3c27ae6e6d7fda39a6479c6788bce1f18d7d80e999,814894,False
evidence/documents/남양주 다산/2020-12-29_남양주왕숙_고양창릉_신도시_교통대책_확정_.html,773ef92a950674c20a9fb0ee461fea3e5344baeb0c2fb6d8346a5011f0d3c107,773ef92a950674c20a9fb0ee461fea3e5344baeb0c2fb6d8346a5011f0d3c107,35788,False
evidence/documents/남양주 다산/2022-12-29_남양주시_땡큐버스_노선체계_개선_공약이행.html,dc808280cc97c24e65722715692721b4433009e1dc463ed9fb4dd8d67f21a125,076c310f3337a0a95cba13b6d24a289aeb6cb43be1faeddd5f02dd184aa5e7a1,38997,True
evidence/documents/남양주 다산/2024-07-03_다산역_개통에_따른_버스노선_변경_알림.html,a6d4837d85331f74a95b9c531d00a4408cda460dd10a7dbd2df4eed29ca65a66,a6d4837d85331f74a95b9c531d00a4408cda460dd10a7dbd2df4eed29ca65a66,308399,False
evidence/documents/남양주 다산/2024-07-18_8월_별내선_개통__버스_18개_노선___34대_증차___수도권_동부지역_출퇴근_30분_시대.html,f338e93ecd2908b2c140c17399bdad495b6a4a3cb6e639e14c68c43bfa160ada,f338e93ecd2908b2c140c17399bdad495b6a4a3cb6e639e14c68c43bfa160ada,2833,False
evidence/documents/남양주 다산/2024-08-09__남양주_잠실_27분___8월_10일_별내선_개통.html,2e12c3efeb1f158b5dc6284cf6da6e12bb0d3c00d335d323d50eb16842724139,2e12c3efeb1f158b5dc6284cf6da6e12bb0d3c00d335d323d50eb16842724139,54127,False
evidence/documents/남양주 다산/2024-08-10_별내선_개통__첫_열차_운행.html,46c878afe7723b77f7ddfac3796a15c955700305935340ff93d2e072ddba5766,46c878afe7723b77f7ddfac3796a15c955700305935340ff93d2e072ddba5766,60091,False
evidence/documents/남양주 왕숙/2020-12-29_남양주왕숙_고양창릉_신도시_교통대책_확정.html,6dae1eeca5a29545344277026e601cfbe8230b042347f95b2aa9f4cf88b17409,6dae1eeca5a29545344277026e601cfbe8230b042347f95b2aa9f4cf88b17409,35788,False
evidence/documents/남양주 왕숙/2020-12-29_남양주왕숙_고양창릉_신도시_교통대책_확정_.html,ef0529cf32bdcf2a2be5535bb4201829631146b7f6b6a2e3c2dd5e074c870a6d,ef0529cf32bdcf2a2be5535bb4201829631146b7f6b6a2e3c2dd5e074c870a6d,35788,False
evidence/documents/남양주 왕숙/2022-03-18_진접선_개통__남양주의_새로운_길이_열립니다.html,ad7806c3360f86c8f5018922d0dd6b57fff128514c7e81757630cbccc5cc5e8e,ad7806c3360f86c8f5018922d0dd6b57fff128514c7e81757630cbccc5cc5e8e,61591,False
evidence/documents/남양주 왕숙/2024-01-25_신도시_광역교통_개선_투자계획.pdf,90f107e315964eadde4d306bc9bd50f6b4883562335c9cbb3a6a6c4b486b8c77,90f107e315964eadde4d306bc9bd50f6b4883562335c9cbb3a6a6c4b486b8c77,2962879,False
evidence/documents/남양주 왕숙/2024-08-10_별내선_개통__첫_열차_운행.html,7426809fef38ea73371315bb6b00306b5876f9570b98d55705d620541531d6a2,7426809fef38ea73371315bb6b00306b5876f9570b98d55705d620541531d6a2,60091,False
evidence/documents/남양주 왕숙/2025-07-24_남양주왕숙_A-1블록_공공분양주택_입주자모집공고.html,def247ee3e61c7b5d8576d67e52b47efb3c3786432cc144a9e0ed757d84a253b,def247ee3e61c7b5d8576d67e52b47efb3c3786432cc144a9e0ed757d84a253b,2775,False
evidence/documents/남양주 왕숙/2025-07-24_남양주왕숙_A-2블록_신혼희망타운_입주자모집공고.html,722d39198a5909bee3459cfb78f636dc4d2f072bab7405d14fa04d358d0840d7,722d39198a5909bee3459cfb78f636dc4d2f072bab7405d14fa04d358d0840d7,193986,False
evidence/documents/남양주 왕숙/2025_남양주왕숙_A-1블록_공공분양주택_입주자모집공고.html,3d2fbd3e41f74d681d9633ab3443d963b9e101185935e096e1b754b22d05ec88,3d2fbd3e41f74d681d9633ab3443d963b9e101185935e096e1b754b22d05ec88,196665,False
evidence/documents/부천 대장/2021-01-24_3기_신도시__패스트트랙_교통대책_조기_확정_등으로_신속_공급.html,31f5ea11323f9ed9188ac1643293212a8479e34bb69bae7ac0a70da00be3c351,31f5ea11323f9ed9188ac1643293212a8479e34bb69bae7ac0a70da00be3c351,27350,False
evidence/documents/부천 대장/2021-01-24_인천계양_부천대장_광역교통개선대책_확정.html,154c414897c7d63020ea7b9608ecd089af1a1ed7f4185e759a77ac2f09fef7b1,154c414897c7d63020ea7b9608ecd089af1a1ed7f4185e759a77ac2f09fef7b1,27350,False
evidence/documents/부천 대장/2023-06-30_대곡_소사_복선전철_7월_1일_개통.html,3a440438e7ec34858de3d17f59dba5933f55f9ce9ba439a881006c9271a68f11,3a440438e7ec34858de3d17f59dba5933f55f9ce9ba439a881006c9271a68f11,58513,False
evidence/documents/부천 대장/2025-04-30_부천대장_A7블록_공공분양주택_입주자모집공고.html,def247ee3e61c7b5d8576d67e52b47efb3c3786432cc144a9e0ed757d84a253b,def247ee3e61c7b5d8576d67e52b47efb3c3786432cc144a9e0ed757d84a253b,2775,False
evidence/documents/부천 대장/2025-04-30_부천대장_A8블록_공공분양주택_입주자모집공고.html,a3f97246c7b08c98b53bbd90c7304fa0c90093ff5dce1ea14ba53279df9073d0,a3f97246c7b08c98b53bbd90c7304fa0c90093ff5dce1ea14ba53279df9073d0,195279,False
evidence/documents/부천 대장/2025-11-03_소사-대곡선_사업현황.html,f66b4990197018219272aa85631fc7d627478966c4bb87d39cfeebd96de64df8,f66b4990197018219272aa85631fc7d627478966c4bb87d39cfeebd96de64df8,156209,False
evidence/documents/부천 대장/2026-07-23_부천대장_A5_A6블록_행복주택_입주자_최초모집.html,a2c5229416956e228a75c90d8b04952434069c504ad625280c6dea584731fd86,a2c5229416956e228a75c90d8b04952434069c504ad625280c6dea584731fd86,245515,False
evidence/documents/부천 대장/확인불가_BRT_고급화_S-BRT__추진.html,ea7e2a95951f422d9bc6adee96f50dae36ad3fbc19b3e1d59600f6fbb5e48c15,ea7e2a95951f422d9bc6adee96f50dae36ad3fbc19b3e1d59600f6fbb5e48c15,53484,False
evidence/documents/위례/2011-11-29_위례신도시_보금자리_2949가구_내달_5일부터_본청약.html,0d97e44a94f96b7a2b340bfcb7c3a8364acd7bed754b4c12ace566c1aa71f6c2,0d97e44a94f96b7a2b340bfcb7c3a8364acd7bed754b4c12ace566c1aa71f6c2,158590,False
evidence/documents/위례/2014-05-15_국토부__위례신도시_광역교통대책_확정.html,2b703cdd109d28a52f5d2795aaa3e3c7d253eabe9c916b49635e2c94ef2ce908,2b703cdd109d28a52f5d2795aaa3e3c7d253eabe9c916b49635e2c94ef2ce908,154941,False
evidence/documents/위례/2015-07-27_위례신도시_하남권역_입주대비_교통대책.html,7797c1100afd0c85cb91eaf6235494beb7c4a8d7136ebbd4cf8e2c35bb9a9aec,7797c1100afd0c85cb91eaf6235494beb7c4a8d7136ebbd4cf8e2c35bb9a9aec,14687,False
evidence/documents/위례/2020-11-19_위례지구_A1-5BL__A1-12BL_분양주택_입주자_모집.html,9bfb5fd75d138d350deeff3a082f5c7910d568cbe9f2b4d933ea1bab35950a26,9bfb5fd75d138d350deeff3a082f5c7910d568cbe9f2b4d933ea1bab35950a26,127826,False
evidence/documents/위례/2021-12-16_지하철_8호선_남위례역_18일_개통.html,8bd8f0178588d76612028c4594297b046ddda3b45289e9092fb76e0a5eb7d489,8bd8f0178588d76612028c4594297b046ddda3b45289e9092fb76e0a5eb7d489,110869,False
evidence/documents/위례/2022-10-11_위례신도시_광역교통_개선대책.html,d525efe8604cad985bae0ae4894829116ca3a99fb4e9b575ad4734fcf05434eb,d525efe8604cad985bae0ae4894829116ca3a99fb4e9b575ad4734fcf05434eb,517093,False
evidence/documents/위례/2022-11-28_대광위__28일_위례선_도시철도사업_사업계획_승인_착공__25년_개통.html,22dc29dedf04c77cb34775024aa5ad13c497e6c8416d7583bf027987b632af64,22dc29dedf04c77cb34775024aa5ad13c497e6c8416d7583bf027987b632af64,23025,False
evidence/documents/위례/2022_위례신도시_교통_현황과_개선_계획.html,5ad0c40f29df2cbebab51894f18a7aafeffd02c37107512bb52bc8de2ab0e702,5ad0c40f29df2cbebab51894f18a7aafeffd02c37107512bb52bc8de2ab0e702,142383,False
evidence/documents/위례/2023-09_하남시_똑버스_운행.html,349f134b0941de89423042e3637348154dc8ca95e3a9b3da0f39f52cfce5ae27,349f134b0941de89423042e3637348154dc8ca95e3a9b3da0f39f52cfce5ae27,121162,False
evidence/documents/위례/2025-09-05_위례선_트램__2026년_하반기_개통_목표.html,40bdcb00aff724a8a641044b5ef748ae63fa0f34704ea84ee5b0a51927aa9425,40bdcb00aff724a8a641044b5ef748ae63fa0f34704ea84ee5b0a51927aa9425,119970,False
evidence/documents/위례/2026-02-26_김용석_대광위원장__위례신도시_광역교통개선대책_점검.html,9d33b78322fa981272be62037cfae20837fac617fddb71188aaa84ba0a2b9959,9d33b78322fa981272be62037cfae20837fac617fddb71188aaa84ba0a2b9959,61661,False
evidence/documents/위례/2026_위례선_트램_시운전_현장_점검.html,eb0691b05a0db8fea8ee8ff4fb1496334134756ecf2f8371760df812447e0679,eb0691b05a0db8fea8ee8ff4fb1496334134756ecf2f8371760df812447e0679,23605,False
evidence/documents/인천 계양/2021-01-24_3기_신도시__패스트트랙_교통대책_조기_확정_등으로_신속_공급.html,0553e1245c054ee29e36c23d0263cc561e243ece1b77a9e987de1d594e4cd66b,0553e1245c054ee29e36c23d0263cc561e243ece1b77a9e987de1d594e4cd66b,27350,False
evidence/documents/인천 계양/2021-01-24_인천계양_부천대장_광역교통개선대책_확정.html,9eaae5277162495e97ddf189edad305711b636676a8daa566b7f3466375b35c5,9eaae5277162495e97ddf189edad305711b636676a8daa566b7f3466375b35c5,27350,False
evidence/documents/인천 계양/2024-09-20_인천계양_A2_공공분양주택_입주자모집공고.html,01bc504183290e9396f18bb39c2584d4b17399188a016a4cba5351052a00c011,01bc504183290e9396f18bb39c2584d4b17399188a016a4cba5351052a00c011,197323,False
evidence/documents/인천 계양/2024-09-30__정정공고_인천계양_A2블록_공공분양주택_입주자모집공고.html,def247ee3e61c7b5d8576d67e52b47efb3c3786432cc144a9e0ed757d84a253b,def247ee3e61c7b5d8576d67e52b47efb3c3786432cc144a9e0ed757d84a253b,2775,False
evidence/documents/인천 계양/2025-06-16_검단연장선_6월_28일_첫_운행.html,ddfb5baf54349d7451558757ccc81658e2ff79b80a37285c9bb5ddd49dd36359,ddfb5baf54349d7451558757ccc81658e2ff79b80a37285c9bb5ddd49dd36359,201789,False
evidence/documents/인천 계양/2025-06-28_인천도시철도_1호선_검단연장선_개통.html,8a7dd42c598c7b53ed0b4bc831d8e4a139b16bd22b43069a47ab9bc174eabcc9,8a7dd42c598c7b53ed0b4bc831d8e4a139b16bd22b43069a47ab9bc174eabcc9,81369,False
evidence/documents/인천 계양/2026-05-01_계양신도시_광역버스_신설과_관련하여.html,120b9f301e1b07a0695be78eac9daf0e54ef75452ed07a6f0f838cc005603fe8,120b9f301e1b07a0695be78eac9daf0e54ef75452ed07a6f0f838cc005603fe8,121184,False
evidence/documents/인천 계양/2026-07-10_인천계양_A3블록_단지내상가_재분양공고.html,0d9239bb1c0b7c81b51ba1a7bde70f065d119672d3b0d3f67655838c0ec98dfd,0d9239bb1c0b7c81b51ba1a7bde70f065d119672d3b0d3f67655838c0ec98dfd,176719,False
evidence/documents/인천 계양/확인불가_BRT_고급화_S-BRT__추진.html,ea7e2a95951f422d9bc6adee96f50dae36ad3fbc19b3e1d59600f6fbb5e48c15,ea7e2a95951f422d9bc6adee96f50dae36ad3fbc19b3e1d59600f6fbb5e48c15,53484,False
evidence/documents/하남 교산/2020-05-21_하남교산__과천지구_광역교통개선대책_확정.html,0adfc0053fb55223522d96d48316b3437838b03fa268aa79333c47e8d5ffbfac,0adfc0053fb55223522d96d48316b3437838b03fa268aa79333c47e8d5ffbfac,33649,False
evidence/documents/하남 교산/2020-05-21_하남교산_과천_광역교통개선대책_확정.html,4817a8af4673acbc0d43eece66ca74d2e9537fb6dec0abc36be2a178e75230b6,4817a8af4673acbc0d43eece66ca74d2e9537fb6dec0abc36be2a178e75230b6,30735,False
evidence/documents/하남 교산/2020-08-07_하남선_1단계_개통.html,268065f4354f3297624b33b5c737b4af1b40ad90f5bff6b53ce3936878e72500,268065f4354f3297624b33b5c737b4af1b40ad90f5bff6b53ce3936878e72500,39840,False
evidence/documents/하남 교산/2021-03-26_지하철_5호선_하남선_전_구간_개통.html,8075b0e7df9f7dbaf71bc879d8388fe5e3e8db8f74e6e4b74926612667684f1a,8075b0e7df9f7dbaf71bc879d8388fe5e3e8db8f74e6e4b74926612667684f1a,97832,False
evidence/documents/하남 교산/2024-01-25_2024년_교통_분야_민생토론회.html,cf44511a66ef2ff733c9e6ee1c60fcd1eae70390a999d827e1b10f15519321d9,cf44511a66ef2ff733c9e6ee1c60fcd1eae70390a999d827e1b10f15519321d9,43606,False
evidence/documents/하남 교산/2025-03-31_교산_푸르지오_더_퍼스트_입주자모집공고.html,6148722fa9e6fb4ef4ecf538e89bd1564b5e371ee3578caa4e6d9048936852be,6148722fa9e6fb4ef4ecf538e89bd1564b5e371ee3578caa4e6d9048936852be,190728,False
evidence/documents/하남 교산/2025-03-31_교산_푸르지오_더_퍼스트_정정공고.html,d32f5a13e0313fd406b65a4345ecd2b2ed97a521b75c7b75333a26ae6128c997,d32f5a13e0313fd406b65a4345ecd2b2ed97a521b75c7b75333a26ae6128c997,192529,False
evidence/documents/하남 교산/2025-03-31_교산_푸르지오_더_퍼스트_하남교산_A-2BL_공공분양주택_입주자모집공고.html,def247ee3e61c7b5d8576d67e52b47efb3c3786432cc144a9e0ed757d84a253b,def247ee3e61c7b5d8576d67e52b47efb3c3786432cc144a9e0ed757d84a253b,2775,False
evidence/documents/하남 미사/2014-03-19_하남미사지구_광역교통개선대책_변경__확정된_바_없어.html,0865ac63da6f18919fabca07bdb06cb3b8e0259aa799e6efbe4fbf0be0f72a43,0865ac63da6f18919fabca07bdb06cb3b8e0259aa799e6efbe4fbf0be0f72a43,151969,False
evidence/documents/하남 미사/2014-06-30_LH_미사강변도시_첫_입주_시작.html,8aabe1b7f7511cce6a13994ef8a2bac916de0089e07419d7f0c2c80534a24999,8aabe1b7f7511cce6a13994ef8a2bac916de0089e07419d7f0c2c80534a24999,84392,False
evidence/documents/하남 미사/2015_하남미사_A12_A16블록_임대주택_공고.html,b80ebe4971273ae1477ba64d399b7b698cb1bd64c64ae016640ad4876422572c,b80ebe4971273ae1477ba64d399b7b698cb1bd64c64ae016640ad4876422572c,209394,False
evidence/documents/하남 미사/2016-07-01_미사강변도시_A24__A25블록_10년_공공임대주택리츠_입주자_모집.html,46d9655b975a37912dff085416a8b77ff01b5ce8be656795bff7b8f94d9ce854,46d9655b975a37912dff085416a8b77ff01b5ce8be656795bff7b8f94d9ce854,924736,False
evidence/documents/하남 미사/2020-05-21_하남교산_신도시__과천지구_광역교통개선대책_확정.html,2b2f145a9ed12d8d34b529016462b1b8f4d5683dc7a7e281dd64f99490007b41,2b2f145a9ed12d8d34b529016462b1b8f4d5683dc7a7e281dd64f99490007b41,61846,False
evidence/documents/하남 미사/2020-05-21_하남교산_신도시__과천지구_광역교통개선대책_확정.pdf,5c8bd8f5fb2ae4023300d399bf8deb93f05dd5dff08af27165cd6c6a2201d89c,5c8bd8f5fb2ae4023300d399bf8deb93f05dd5dff08af27165cd6c6a2201d89c,61846,False
evidence/documents/하남 미사/2020-06_하남선_1단계_개통일_관련_안내.html,d9976457dfd0c4b6efd024d40290267bba47a9f56c14fe6ab74f2f95e5062a25,d9976457dfd0c4b6efd024d40290267bba47a9f56c14fe6ab74f2f95e5062a25,236870,False
evidence/documents/하남 미사/2020-08-07_하남선_1단계_개통.html,268065f4354f3297624b33b5c737b4af1b40ad90f5bff6b53ce3936878e72500,268065f4354f3297624b33b5c737b4af1b40ad90f5bff6b53ce3936878e72500,39840,False
evidence/documents/하남 미사/2020-12-31_하남시_2020년_10대_뉴스.html,5f677f3d1200fa35363643aaef52eebb157d84d90539ee15a04868e77fe3495d,5f677f3d1200fa35363643aaef52eebb157d84d90539ee15a04868e77fe3495d,91035,False
evidence/documents/하남 미사/2021-03-26_지하철_5호선_하남선_전_구간_개통.html,8075b0e7df9f7dbaf71bc879d8388fe5e3e8db8f74e6e4b74926612667684f1a,8075b0e7df9f7dbaf71bc879d8388fe5e3e8db8f74e6e4b74926612667684f1a,97832,False
evidence/documents/하남 미사/2023-09-18_하남시__미사순환_마을버스_노선_개통.html,a78261741b0877bb01912251029dd366f3a12629616cc0a470b9063b4f950f75,a78261741b0877bb01912251029dd366f3a12629616cc0a470b9063b4f950f75,320313,False
evidence/documents/하남 미사/2024-01-02_8849번_하남-미사-김포_인천공항__운행시간_정보.html,08bd470d778e7846c46e553e410cfe82112162b8754acb030315bc5e98978d3c,08bd470d778e7846c46e553e410cfe82112162b8754acb030315bc5e98978d3c,309650,False
evidence/documents/하남 미사/2025-03-14_하남미사17단지_임대주택_입주자모집공고.html,ed89eaafefe6bedf10fbdd14d6ffd26f6db3ea172a6961e787b0659cb092edf4,ed89eaafefe6bedf10fbdd14d6ffd26f6db3ea172a6961e787b0659cb092edf4,253207,False
evidence/documents/화성 동탄2/2007-05-11_동탄_2_신도시_개발계획_확정.html,192e29362a4c1c7ffd0383a68178cc767e91130b425d82bd9667b9cfc87350aa,192e29362a4c1c7ffd0383a68178cc767e91130b425d82bd9667b9cfc87350aa,77151,False
evidence/documents/화성 동탄2/2015-01-23_LH_수도권_최대_신도시_동탄_2_지구__첫_입주_시작.html,186fbbd4158f0d99383f971b740a45594b0d65ff222357ec2be35ed32576ecdc,186fbbd4158f0d99383f971b740a45594b0d65ff222357ec2be35ed32576ecdc,84516,False
evidence/documents/화성 동탄2/2016-12-09__Start_SRT__기대_속_첫_출발.html,afe281f924c5c9a6d36b273d524df37506d339837651f6160fe0b006d24eab68,afe281f924c5c9a6d36b273d524df37506d339837651f6160fe0b006d24eab68,42904,False
evidence/documents/화성 동탄2/2022-06-16_수원_호매실_17일__화성_동탄2지구_21일__광역교통_주민간담회_개최.html,4977928568e807e95b1759306e01bab4cce6650d55fe03994b459ef9667d0946,4977928568e807e95b1759306e01bab4cce6650d55fe03994b459ef9667d0946,61789,False
evidence/documents/화성 동탄2/2022-06-16_수원_호매실_17일__화성_동탄2지구_21일__광역교통_주민간담회_개최.pdf,a27d8c520db11a7da4c8dc60168a373f40ed7f87cbee81d6da883b550f43e871,a27d8c520db11a7da4c8dc60168a373f40ed7f87cbee81d6da883b550f43e871,61789,False
evidence/documents/화성 동탄2/2022-06-16_수원호매실_화성동탄2_광역교통_특별대책_주민간담회.html,8373e47f77ceeaf11f8f57611ad1bf042889d32f5045388bfcab532e3114134e,8373e47f77ceeaf11f8f57611ad1bf042889d32f5045388bfcab532e3114134e,23410,False
evidence/documents/화성 동탄2/2022-10-26__수원호매실_화성동탄2_광역교통_특별대책__발표.html,0044dd4613d893129c40e44ee84a2a97ee510a7787a006a75665462d110c7950,0044dd4613d893129c40e44ee84a2a97ee510a7787a006a75665462d110c7950,62720,False
evidence/documents/화성 동탄2/2022-10-26__수원호매실_화성동탄2_광역교통_특별대책__발표.pdf,0a6095cb415fbeedd0727303ba11c005733bf4f2d7721122b6d577220077c258,0a6095cb415fbeedd0727303ba11c005733bf4f2d7721122b6d577220077c258,62720,False
evidence/documents/화성 동탄2/2022-10-26_수원호매실_화성동탄2_광역교통_특별대책.html,13a063885f63b7ed81d889fc19b67294ea7b718629b3e158a3c951490f286f1a,13a063885f63b7ed81d889fc19b67294ea7b718629b3e158a3c951490f286f1a,28790,False
evidence/documents/화성 동탄2/2024-03-29_GTX-A_수서_동탄_구간_3월_30일_개통.html,8d574faa72a6fcb866671e00af961c8a3435f8db51695c18c372357547b79bc7,8d574faa72a6fcb866671e00af961c8a3435f8db51695c18c372357547b79bc7,58587,False
evidence/documents/화성 동탄2/2026-05-29_LH__동탄2_공공분양_473가구_공급_7년만에_재개.html,def247ee3e61c7b5d8576d67e52b47efb3c3786432cc144a9e0ed757d84a253b,def247ee3e61c7b5d8576d67e52b47efb3c3786432cc144a9e0ed757d84a253b,2775,False
evidence/documents/화성 동탄2/2026-05-29_화성동탄2_C-27블록_공공분양주택_입주자모집공고.html,8c425455ac503ddd63d6d6a57eab177703472928873e315bffedf97995c2872e,8c425455ac503ddd63d6d6a57eab177703472928873e315bffedf97995c2872e,197054,False
evidence/gate_pass/20260903_A10022364/stop_gate_report.csv,8bd1c1cb8a1b1ec37d3efd9ec4fa71b13d537cda743fcb1bb458b4cf48cc9c7f,8bd1c1cb8a1b1ec37d3efd9ec4fa71b13d537cda743fcb1bb458b4cf48cc9c7f,799,False
evidence/gate_pass/20260903_A10022364/stop_gate_report.meta.json,8ba4321e859e18517d5de1450cd0bf3839b49a0468eb4e0c2859f4c471f98a82,8ba4321e859e18517d5de1450cd0bf3839b49a0468eb4e0c2859f4c471f98a82,360,False
exports/archive/stop_gate_report_candidates_v1.csv,4ad6fcfed3faf2a85bbab5ae1ca9c40599f80e15939c3fc083863f3f51dfcc08,4ad6fcfed3faf2a85bbab5ae1ca9c40599f80e15939c3fc083863f3f51dfcc08,382290,False
exports/submission_v02/actual_collection_files_v02.csv,3c800e2c4d3d03a29520e47cc92a871325a3b802cdfeec670f2cb3505914cc9f,3c800e2c4d3d03a29520e47cc92a871325a3b802cdfeec670f2cb3505914cc9f,72618,False
exports/submission_v02/actual_collection_windows_v02.csv,fd05651bdedafed0092a2128cce9a9e95063601976e3dec61ff0bf557e199eed,fd05651bdedafed0092a2128cce9a9e95063601976e3dec61ff0bf557e199eed,1411,False
exports/submission_v02/analysis_inputs.csv,1c3525b172ddc9fe888dd3b68d352a3864702a7a58ef6bb9d9115e14fd74a3b7,1c3525b172ddc9fe888dd3b68d352a3864702a7a58ef6bb9d9115e14fd74a3b7,33102,False
exports/submission_v02/analysis_inputs_v02.csv,7b7274152590d45a48c6587f6619fbccd2c994a9f34a7b29e789966e48e169b4,7b7274152590d45a48c6587f6619fbccd2c994a9f34a7b29e789966e48e169b4,86115,False
exports/submission_v02/analysis_summary_v02.json,cb0a877002596060105ca5939bf1ab4626d469ac4e89e37433b852d3d12687e1,cb0a877002596060105ca5939bf1ab4626d469ac4e89e37433b852d3d12687e1,3834,False
exports/submission_v02/arrival_items.csv,91017585c2decdc8888d641a4be4cbd62d4ceeac32bc16b2e3aa71319dd8a5b7,91017585c2decdc8888d641a4be4cbd62d4ceeac32bc16b2e3aa71319dd8a5b7,594786,False
exports/submission_v02/document_date_checks_v02.csv,8b84dba7a084d8126c4050d3656f5b9ba3e93f37b74347e970d7f8f9d501ddc8,8b84dba7a084d8126c4050d3656f5b9ba3e93f37b74347e970d7f8f9d501ddc8,1090,False
exports/submission_v02/evidence_gate_v02.csv,1bb52120596ba6821e10596815b506b6e9b62b93f3be5b36e615368728b3176c,1bb52120596ba6821e10596815b506b6e9b62b93f3be5b36e615368728b3176c,948,False
exports/submission_v02/evidence_qa_v02.csv,17f083c9242345ca53fa2ff3e7425e87320427cf9bdfa784c56bcad4b3489f6b,17f083c9242345ca53fa2ff3e7425e87320427cf9bdfa784c56bcad4b3489f6b,19793,False
exports/submission_v02/facility_document_comparison_v02.csv,79d75fa5ab588236f2c83535c5619b4260b15a49d17cfefffc38520901309acd,79d75fa5ab588236f2c83535c5619b4260b15a49d17cfefffc38520901309acd,1301,False
exports/submission_v02/facility_gap_v02.csv,11ece2ff823d1c6f642e4481e2ed6e84b94a9a2e73f902acd04ae067eaa7fcd0,11ece2ff823d1c6f642e4481e2ed6e84b94a9a2e73f902acd04ae067eaa7fcd0,1584,False
exports/submission_v02/figure_1_document_intervals_v02.png,d4f0d1cbc7cda2eb88d449dec805222f62bc59b2385ad388111511c677d1fa13,d4f0d1cbc7cda2eb88d449dec805222f62bc59b2385ad388111511c677d1fa13,32668,False
exports/submission_v02/figure_2_coverage_v02.png,f31ffd54a725700f3933279e0d19ec24a6c1f00e9868b504e9e91df7ee196f5d,f31ffd54a725700f3933279e0d19ec24a6c1f00e9868b504e9e91df7ee196f5d,29486,False
exports/submission_v02/forward_monitoring_v02.csv,d028406052638abb66967a98a37f75dcddfa5521a2e6c80bfa0cde700c72aa76,d028406052638abb66967a98a37f75dcddfa5521a2e6c80bfa0cde700c72aa76,1449,False
exports/submission_v02/observation_daily.csv,692f9af5784af759b2eebe6e650e64194bb1ff2914d289f610490c3464cf86ad,692f9af5784af759b2eebe6e650e64194bb1ff2914d289f610490c3464cf86ad,456,False
exports/submission_v02/observation_issues.csv,8ab53557228b02cf30329d46625b9bf9d2315dcda99d6b2d7802ff28d6aa4903,8ab53557228b02cf30329d46625b9bf9d2315dcda99d6b2d7802ff28d6aa4903,19,False
exports/submission_v02/prediction_proxy_all_days_v02.csv,44dca9a3f1dc27ed0569d5ea68358ad18cd686f6556b6f24645d139261b79375,44dca9a3f1dc27ed0569d5ea68358ad18cd686f6556b6f24645d139261b79375,8723,False
exports/submission_v02/prediction_proxy_sensitivity_v02.csv,ddb6624fe3bf84e59e4918a5e4192c1f9b0117ef529cd5ae5502b6e0e6dfa195,ddb6624fe3bf84e59e4918a5e4192c1f9b0117ef529cd5ae5502b6e0e6dfa195,1720,False
exports/submission_v02/promise_comparison_v02.csv,3010a364ca6c5514be846fc6830a37bf3f51f96789ce8979b309f176708ae3f6,3010a364ca6c5514be846fc6830a37bf3f51f96789ce8979b309f176708ae3f6,1451,False
exports/submission_v02/README.md,3f089a06d03b52389e08fb4a0d51de02d25097ca1daf908602d5dd68454e3e78,3f089a06d03b52389e08fb4a0d51de02d25097ca1daf908602d5dd68454e3e78,1403,False
exports/submission_v02/review_queue_v02.csv,0b7711ed8f3aa1804b18df06fd55319bf3590104c9eaf711f5b8826a84c91389,4b21744b14caabe4d31fd7b05d461a1369f51e68ef3aa2d2f38e258cf2b03aa7,57241,True
exports/submission_v02/review_summary_v02.json,01b0e53508068554ac7368deeac04326555264d16321a55cfc35cc0853e5d8e0,01b0e53508068554ac7368deeac04326555264d16321a55cfc35cc0853e5d8e0,2509,False
exports/submission_v02/source_registry_v02.csv,4143eb40ebe63d664801b168c3a2d486fbc1f55f58b773aa54ae393785fa0921,f75067a3303a4cd2dff6eaf0ea4323cb41c3bc79773df42c90a3d9a3f1390bcd,435244,True
exports/submission_v02/교통데이터공모전_논문_V02.docx,76635f14b39676e051735feaa2fd6ed0c783e943caa0674e59ed13a1e065d722,76635f14b39676e051735feaa2fd6ed0c783e943caa0674e59ed13a1e065d722,99594,False
exports/submission_v02/교통데이터공모전_논문_V02.pdf,d3b0594348688b74f317431fa296a7b31af32807e4625a1ff7697103d5dcaa54,d3b0594348688b74f317431fa296a7b31af32807e4625a1ff7697103d5dcaa54,467254,False
exports/submission_v1/analysis_inputs.csv,1c3525b172ddc9fe888dd3b68d352a3864702a7a58ef6bb9d9115e14fd74a3b7,1c3525b172ddc9fe888dd3b68d352a3864702a7a58ef6bb9d9115e14fd74a3b7,33102,False
exports/submission_v1/analysis_summary.json,161e2f66b39f114ea8fd7bacbaca7e2a4272c15aec4249854e97a61a0213fde5,161e2f66b39f114ea8fd7bacbaca7e2a4272c15aec4249854e97a61a0213fde5,1116,False
exports/submission_v1/archive_sha256.txt,d4e69d7d66d27aae855dfef9ff5e69362b68c7eab5ee300bf7b9362d4cad7fe9,d4e69d7d66d27aae855dfef9ff5e69362b68c7eab5ee300bf7b9362d4cad7fe9,105,False
exports/submission_v1/arrival_items.csv,91017585c2decdc8888d641a4be4cbd62d4ceeac32bc16b2e3aa71319dd8a5b7,91017585c2decdc8888d641a4be4cbd62d4ceeac32bc16b2e3aa71319dd8a5b7,594786,False
exports/submission_v1/evidence_qa_recomputed.csv,814a041f1027e61635b4ddbe81ce5cbbc09fa592407e252af304784b54af218d,814a041f1027e61635b4ddbe81ce5cbbc09fa592407e252af304784b54af218d,7367,False
exports/submission_v1/evidence_quality_issues.csv,be32714613561ea45aa2f0bf8272104b297a1337864d08bb22efbf9365dbf5de,be32714613561ea45aa2f0bf8272104b297a1337864d08bb22efbf9365dbf5de,342,False
exports/submission_v1/facility_gap_candidates.csv,42a52dcacadfec4aabbe6c9b034b9bc65af88f4af73bdc7485669f496aed409a,42a52dcacadfec4aabbe6c9b034b9bc65af88f4af73bdc7485669f496aed409a,1815,False
exports/submission_v1/figure_1_facility_intervals.png,1fa1a4c30abafcbd077d8f9190bdada4e7637a3311f48e21e1c31f4a7bffcff8,1fa1a4c30abafcbd077d8f9190bdada4e7637a3311f48e21e1c31f4a7bffcff8,34669,False
exports/submission_v1/figure_2_observation_coverage.png,799f13489d72e06b2ed7f66c843213117583a4272fd24fcf12d3baf38ff04442,799f13489d72e06b2ed7f66c843213117583a4272fd24fcf12d3baf38ff04442,37733,False
exports/submission_v1/observation_daily.csv,692f9af5784af759b2eebe6e650e64194bb1ff2914d289f610490c3464cf86ad,692f9af5784af759b2eebe6e650e64194bb1ff2914d289f610490c3464cf86ad,456,False
exports/submission_v1/observation_issues.csv,8ab53557228b02cf30329d46625b9bf9d2315dcda99d6b2d7802ff28d6aa4903,8ab53557228b02cf30329d46625b9bf9d2315dcda99d6b2d7802ff28d6aa4903,19,False
exports/submission_v1/package_manifest.csv,f4342620f235b363e1dc827d05cf6c109e0fac2089038f2df279dec0dea91403,f4342620f235b363e1dc827d05cf6c109e0fac2089038f2df279dec0dea91403,969120,False
exports/submission_v1/promise_comparison.csv,a1380afcdb542db4cc7a42be744893501271cbdad133e0de0111da47ac9b94ab,a1380afcdb542db4cc7a42be744893501271cbdad133e0de0111da47ac9b94ab,1156,False
exports/submission_v1/release_validation.json,cdce588b829b97fbbcaa2fc40915a7ecad45cf7c7a13b3ac828b973e145cb925,cdce588b829b97fbbcaa2fc40915a7ecad45cf7c7a13b3ac828b973e145cb925,220,False
exports/submission_v1/교통데이터공모전_논문_1차.docx,45cae76940ee23b6a1e39450cf5085f293e6069326528d0adccdc996b2813b76,45cae76940ee23b6a1e39450cf5085f293e6069326528d0adccdc996b2813b76,108355,False
exports/submission_v1/교통데이터공모전_논문_1차.pdf,d8d97b779c32e4097c452ba82bdd7c7bef19209c1819bfd0741cbabee8593e1c,d8d97b779c32e4097c452ba82bdd7c7bef19209c1819bfd0741cbabee8593e1c,485294,False
exports/_backup/complex_geocode_20260903.csv,6299ef5be684d5f3fe040785ee04bb8d7df1ceb8993ed404721ab98d74bebd73,6299ef5be684d5f3fe040785ee04bb8d7df1ceb8993ed404721ab98d74bebd73,95067,False
exports/_backup/pilot_citycode_map.20260903_075220.csv,019ebdc0f8ceddc7223df28eb83e36c3498f49812733c239ee12ea92eb3c0578,019ebdc0f8ceddc7223df28eb83e36c3498f49812733c239ee12ea92eb3c0578,449,False
scratch/_live_raw/2026-09-03/31130_GGB222001318_0700.json,495009490b2de8ddd576b91216e6bf28256b9e476134202cf939656d056319d4,495009490b2de8ddd576b91216e6bf28256b9e476134202cf939656d056319d4,6079,False
scripts/submission/analyze.py,f972a9e1521cabdf6909e5bdb02653d64f39dd42b70640c18f12ad6dea16718d,f972a9e1521cabdf6909e5bdb02653d64f39dd42b70640c18f12ad6dea16718d,7358,False
scripts/submission/audit.py,1570c1d4f1958d6327f4a8a531484baff1c4efb5d700c0b9178401031f06e684,1570c1d4f1958d6327f4a8a531484baff1c4efb5d700c0b9178401031f06e684,7257,False
scripts/submission/build_paper.py,6d20cb1f2b817bff9d190b0053b2ede32c163c8783712be5f5b926e2d7a60329,6d20cb1f2b817bff9d190b0053b2ede32c163c8783712be5f5b926e2d7a60329,23208,False
scripts/submission/build_paper_v02.py,40d7401e20bd3891edac08ea4340136301c157ed744116c6c86fc7133d8bd3f9,40d7401e20bd3891edac08ea4340136301c157ed744116c6c86fc7133d8bd3f9,21130,False
scripts/submission/claims_v02.py,c28e4fa17dd0158d21c1e82101c3e164bb99211c11cacea26fc05a571f3b1d08,c28e4fa17dd0158d21c1e82101c3e164bb99211c11cacea26fc05a571f3b1d08,3179,False
scripts/submission/finalize_release.py,6a804f65bd13d3f37314d13734dfd79a88af6de3c1a5766569ae4bd5b080224f,6a804f65bd13d3f37314d13734dfd79a88af6de3c1a5766569ae4bd5b080224f,3282,False
scripts/submission/inventory_v02.py,0c6cea6cd9217805a82d3083243b28cb7b34b32344497dfa9a2789ac314bd1d4,0c6cea6cd9217805a82d3083243b28cb7b34b32344497dfa9a2789ac314bd1d4,8203,False
scripts/submission/package_release.py,5fb0f13c8274448e1cbe9a4cc2713610327d7807d75997f7cd33e70ee548f316,5fb0f13c8274448e1cbe9a4cc2713610327d7807d75997f7cd33e70ee548f316,8260,False
scripts/submission/release_v02.py,b0075631256aed5a4ed9f1bee3114ca93cc6ff807039d82d9e84048b044647c3,b0075631256aed5a4ed9f1bee3114ca93cc6ff807039d82d9e84048b044647c3,7586,False
scripts/submission/replay_v02.py,69fc47e7a1d66f42bc81a3bfb6d0c2d88d898e3308f0b0cf1684ef24ee9cb6d2,69fc47e7a1d66f42bc81a3bfb6d0c2d88d898e3308f0b0cf1684ef24ee9cb6d2,3805,False
scripts/submission/review_v02.py,cf341c6c34f6b269582f9bfd51cf7215df8fb2008fc3b773307eb38c125082c0,cf341c6c34f6b269582f9bfd51cf7215df8fb2008fc3b773307eb38c125082c0,14425,False
scripts/submission/run_v02.py,a94d06dfa485225e42a8cf33f220b1d496ceebd8e199ebdcac506c378f7428cf,a94d06dfa485225e42a8cf33f220b1d496ceebd8e199ebdcac506c378f7428cf,2322,False
scripts/submission/windows_v02.py,87fdb6df7f1fe8ee3ef51fbed966eecda4b56f239d1397914ba1c337c735819d,87fdb6df7f1fe8ee3ef51fbed966eecda4b56f239d1397914ba1c337c735819d,5149,False
src/collectors/api_common.py,527cdc2a8a065b0a1d487e599665fe82e0ceafc0d436986d28d55ff02a0394d2,527cdc2a8a065b0a1d487e599665fe82e0ceafc0d436986d28d55ff02a0394d2,3911,False
src/collectors/arrival_budget.py,e908263d62bcc4747c3aa9cccca7ac73887e1a59b4b862d4f06388245b6c39dc,e908263d62bcc4747c3aa9cccca7ac73887e1a59b4b862d4f06388245b6c39dc,3964,False
src/collectors/arrival_ledger.py,96eadc43d0961c7fd150742625d1fddb2434924766c212126b26494232d2be6d,96eadc43d0961c7fd150742625d1fddb2434924766c212126b26494232d2be6d,8884,False
src/collectors/arrival_slots.py,86c485dc4efc8f3aa75b49dc1f38e6a92ce0339cddbcdd2782b8e820b8aa7b28,86c485dc4efc8f3aa75b49dc1f38e6a92ce0339cddbcdd2782b8e820b8aa7b28,3567,False
src/collectors/arrival_snapshot.py,d5a1f2b505592e1b56f3122aab904e13fcfc61f81b821dcb918232b743d46618,d5a1f2b505592e1b56f3122aab904e13fcfc61f81b821dcb918232b743d46618,16316,False
src/collectors/building_hub.py,d47a3f4d7a15db17cfa2d2530c95d0e139409ab16e5d20237e88c5a8f8c1be2a,d47a3f4d7a15db17cfa2d2530c95d0e139409ab16e5d20237e88c5a8f8c1be2a,8680,False
src/collectors/building_title.py,416ca6de7bb81cdd46fd7a300d3c73e98869138b5af2f2b03145a288ab0837a5,416ca6de7bb81cdd46fd7a300d3c73e98869138b5af2f2b03145a288ab0837a5,3383,False
src/collectors/evidence_verifier.py,1f34ae8a368bb4050d549cacd8dd22ec786f7390dd5da4619d20eedccd033ff7,1f34ae8a368bb4050d549cacd8dd22ec786f7390dd5da4619d20eedccd033ff7,16745,False
src/collectors/geocode_complexes.py,78cca87771528aef98362e932bcd10ed1c1ae77af27f65f5ab4104eb93c68a42,78cca87771528aef98362e932bcd10ed1c1ae77af27f65f5ab4104eb93c68a42,31858,False
src/collectors/geo_const.py,11da08c7625bef60c281cccd33dd8b2fa2a462ac058395d8073ce1519fcde47e,11da08c7625bef60c281cccd33dd8b2fa2a462ac058395d8073ce1519fcde47e,733,False
src/collectors/sgis_auth.py,cac70d86461b0c95fd2d876b5da15799975ce516c9216743a2e2522d7552a343,cac70d86461b0c95fd2d876b5da15799975ce516c9216743a2e2522d7552a343,1569,False
src/collectors/tago_bus.py,58ebc75deba139e4677b579f14cd4f6b3153b1b7e23936867df0b70c649a4a42,58ebc75deba139e4677b579f14cd4f6b3153b1b7e23936867df0b70c649a4a42,3899,False
src/collectors/tago_citycode.py,a0673ad0d3f299a58dc417602ebe3a8cf671a040c1d021a7d82cbe8e49ba708c,a0673ad0d3f299a58dc417602ebe3a8cf671a040c1d021a7d82cbe8e49ba708c,8264,False
src/collectors/tago_crdnt.py,a1c696eab4bd1ee55d2e9b925a1f8b5e589d4799d8f78676b1605adf300de177,a1c696eab4bd1ee55d2e9b925a1f8b5e589d4799d8f78676b1605adf300de177,7407,False
src/collectors/tago_stops_full.py,5105d61c7c25b06c826af18afc504152425a0165658a032664065b836c494188,5105d61c7c25b06c826af18afc504152425a0165658a032664065b836c494188,8041,False
src/collectors/tago_stops_nearby.py,4520a442ed36b80cdd31b067d3291286eb1aa9907b7eca9d84f0d7cf30255aaa,4520a442ed36b80cdd31b067d3291286eb1aa9907b7eca9d84f0d7cf30255aaa,9796,False
src/collectors/__init__.py,c0d2d638dfcc1fb4d72e61b1985185b42b36f4ccf41cf5cfa342640d27d489a4,c0d2d638dfcc1fb4d72e61b1985185b42b36f4ccf41cf5cfa342640d27d489a4,31,False
src/extractors/append_registry.py,efa94fb27aad694eb21c5ada12b5e5ddc3abd8311ed8e4a5b047ecfe1733caa7,efa94fb27aad694eb21c5ada12b5e5ddc3abd8311ed8e4a5b047ecfe1733caa7,4541,False
src/extractors/apply_targeted_evidence_refresh.py,1cf106bc2c45a1f8f409b323d5024bfb98146c070202814e9cc61dd9e0ec066d,1cf106bc2c45a1f8f409b323d5024bfb98146c070202814e9cc61dd9e0ec066d,23083,False
src/extractors/archive_evidence.py,4ac20ac15048dcf1eb4350596c1550f9ce693254d1747cc8bf8a6838a40ca38e,4ac20ac15048dcf1eb4350596c1550f9ce693254d1747cc8bf8a6838a40ca38e,12015,False
src/extractors/crosscheck_5d.py,d049e2e2aa89b95e53e4378e0027d05d2bfa7eaff1936b043bc81c139ebc7db9,d049e2e2aa89b95e53e4378e0027d05d2bfa7eaff1936b043bc81c139ebc7db9,6860,False
src/extractors/curate_pdf_events.py,073f38a0498050bef78c7bd12f17b962abb143c8425cdf7252ba9b21e3a216ed,073f38a0498050bef78c7bd12f17b962abb143c8425cdf7252ba9b21e3a216ed,20716,False
src/extractors/full_pdf_refresh.py,76a1c5990736328886277c43d498abb88ff692916895ec2ac277bfc1998122e5,76a1c5990736328886277c43d498abb88ff692916895ec2ac277bfc1998122e5,19637,False
src/extractors/kapt_matcher.py,d3ab06a9db4312e4909e71eda3940589e14149a3a44f11280f04f39e9c0d8fb8,d3ab06a9db4312e4909e71eda3940589e14149a3a44f11280f04f39e9c0d8fb8,9854,False
src/extractors/kapt_normalizer.py,4cc3b30f3e92fd0ebb84dd476f0292f5041ed9ee24e7b65fa28765441398abbf,4cc3b30f3e92fd0ebb84dd476f0292f5041ed9ee24e7b65fa28765441398abbf,8382,False
src/extractors/merge_full_registry.py,d2991c2e215ad431c93e6fe3d3edb91cb633a84f0bf056e4555a3293660f073b,d2991c2e215ad431c93e6fe3d3edb91cb633a84f0bf056e4555a3293660f073b,18515,False
src/extractors/run_5a.py,73ef7acb54701275365f372cd96fe8f9b36d6fcff2ad312f91f875ed26cf11b7,73ef7acb54701275365f372cd96fe8f9b36d6fcff2ad312f91f875ed26cf11b7,11046,False
src/extractors/stop_candidates.py,c138a48663d9e8211dcd3ddda95aa9ef3ad16cf949b095e9ed55d7a8271668ac,c138a48663d9e8211dcd3ddda95aa9ef3ad16cf949b095e9ed55d7a8271668ac,5624,False
src/extractors/windows_ocr.ps1,9fae41c809d1404c1d2d5d8ff01c2b107d8747accfa322702aed42dc7e571520,9fae41c809d1404c1d2d5d8ff01c2b107d8747accfa322702aed42dc7e571520,3964,False
src/extractors/__init__.py,8a4f0d3d39ea0a5ec040537058151a10ae61247cc10b5ff4bdb7e6e81a282232,8a4f0d3d39ea0a5ec040537058151a10ae61247cc10b5ff4bdb7e6e81a282232,46,False
src/metrics/day123_full_refresh.py,e2fdb34aa9347eb18ba53c13530947bcd3d0614dbb22c225321d471b962319ec,e2fdb34aa9347eb18ba53c13530947bcd3d0614dbb22c225321d471b962319ec,34803,False
src/metrics/gate_evaluator.py,6ef35131478a0aa8428b1ba25881f4603b617c2d55cf002d6fc0e7ffa0a5d74b,6ef35131478a0aa8428b1ba25881f4603b617c2d55cf002d6fc0e7ffa0a5d74b,4944,False
src/metrics/validate_full_refresh.py,b24870bdb23c1678b8fad0f5b33e3e6192aac3762573e1b97fc4cd6b13ec24bf,b24870bdb23c1678b8fad0f5b33e3e6192aac3762573e1b97fc4cd6b13ec24bf,10455,False
src/metrics/__init__.py,641556a283c14a62b036bb6441c9ba629cc9a96acced56551a367dc5e2c438c0,641556a283c14a62b036bb6441c9ba629cc9a96acced56551a367dc5e2c438c0,49,False
src/tools/geocode_once.py,2f1f69060ba09578ecccd8fb78fe6a01765a71e332606f402eb9dc722e7d53fc,2f1f69060ba09578ecccd8fb78fe6a01765a71e332606f402eb9dc722e7d53fc,4482,False
src/verify/reasons.py,9c3768dc9daa83a65a54781396344d608924eb3ecdbfcbc81ed58088d5fb78cf,9c3768dc9daa83a65a54781396344d608924eb3ecdbfcbc81ed58088d5fb78cf,1305,False
src/verify/stop_gate.py,7c40ef0b537378564fa88b1e49b20dc6852fe9eee7f75e7fdb5673b88ca5f287,7c40ef0b537378564fa88b1e49b20dc6852fe9eee7f75e7fdb5673b88ca5f287,35820,False
src/verify/__init__.py,c4665119e43bc98acb6ed8a293580b82a423488b2f7612bec3f30c4667452de2,c4665119e43bc98acb6ed8a293580b82a423488b2f7612bec3f30c4667452de2,21,False
tmp/pdf_targeted_qa/E1_A10_p1-1.png,7e7a3fcbe1165bf245bfa0d1e791d5846b718dd370c7bdfec9cff7d79e773a8c,7e7a3fcbe1165bf245bfa0d1e791d5846b718dd370c7bdfec9cff7d79e773a8c,99150,False
tmp/pdf_targeted_qa/E2_C07_p2-2.png,6827161d004142ee70330f8883ff5ec66de6768db14e61021de538cb503c2e9c,6827161d004142ee70330f8883ff5ec66de6768db14e61021de538cb503c2e9c,364411,False
tmp/pdf_targeted_qa/E2_C09_p4-04.png,dcdaf45d14536980818f52aee9c9156f2d42582ceb387b9d23911a54f873c0a9,dcdaf45d14536980818f52aee9c9156f2d42582ceb387b9d23911a54f873c0a9,747683,False
tmp/pdf_targeted_qa/E2_C09_S3_p5-05.png,e8b382cef029465be306a84ecd5e4bb370930412ae7b8f47721f5d1a309323f5,e8b382cef029465be306a84ecd5e4bb370930412ae7b8f47721f5d1a309323f5,721577,False
