obs_date,slot_hhmm,called_at_kst,nodeid,routeid,arrtime_sec,vehicletp
2026-09-04,0820,2026-09-04T08:21:13.134107+09:00,GGB222001318,GGB222000009,917,저상버스
2026-09-04,0820,2026-09-04T08:21:13.134107+09:00,GGB222001318,GGB222000009,2197,저상버스
2026-09-04,0820,2026-09-04T08:21:13.134107+09:00,GGB222001318,GGB222000013,1297,저상버스
2026-09-04,0820,2026-09-04T08:21:13.134107+09:00,GGB222001318,GGB222000013,520,저상버스
2026-09-04,0820,2026-09-04T08:21:13.134107+09:00,GGB222001318,GGB222000027,2828,저상버스
2026-09-04,0820,2026-09-04T08:21:13.134107+09:00,GGB222001318,GGB222000027,222,저상버스
2026-09-04,0820,2026-09-04T08:21:13.134107+09:00,GGB222001318,GGB222000028,1241,일반차량
2026-09-04,0820,2026-09-04T08:21:13.134107+09:00,GGB222001318,GGB222000028,725,일반차량
2026-09-04,0820,2026-09-04T08:21:13.134107+09:00,GGB222001318,GGB222000031,824,저상버스
2026-09-04,0820,2026-09-04T08:21:13.134107+09:00,GGB222001318,GGB222000031,1548,저상버스
2026-09-04,0820,2026-09-04T08:21:13.134107+09:00,GGB222001318,GGB222000032,1088,저상버스
2026-09-04,0820,2026-09-04T08:21:13.134107+09:00,GGB222001318,GGB222000032,2076,저상버스
2026-09-04,0820,2026-09-04T08:21:13.134107+09:00,GGB222001318,GGB222000048,486,저상버스
2026-09-04,0820,2026-09-04T08:21:13.134107+09:00,GGB222001318,GGB222000048,1847,저상버스
2026-09-04,0820,2026-09-04T08:21:13.134107+09:00,GGB222001318,GGB222000078,384,일반차량
2026-09-04,0820,2026-09-04T08:21:13.134107+09:00,GGB222001318,GGB222000078,3608,일반차량
2026-09-04,0820,2026-09-04T08:21:13.134107+09:00,GGB222001318,GGB222000137,1710,일반차량
2026-09-04,0820,2026-09-04T08:21:13.134107+09:00,GGB222001318,GGB222000180,3865,일반차량
2026-09-04,0820,2026-09-04T08:21:13.134107+09:00,GGB222001318,GGB222000180,1695,일반차량
2026-09-04,0820,2026-09-04T08:21:13.134107+09:00,GGB222001318,GGB222000199,1690,일반차량
2026-09-04,0820,2026-09-04T08:21:13.134107+09:00,GGB222001318,GGB222000199,842,일반차량
2026-09-04,0820,2026-09-04T08:21:13.134107+09:00,GGB222001318,GGB234000003,3991,저상버스
2026-09-04,0820,2026-09-04T08:21:13.134107+09:00,GGB222001318,GGB234000003,854,저상버스
2026-09-04,0820,2026-09-04T08:21:13.134107+09:00,GGB222001318,GGB234000028,835,일반차량
2026-09-04,0820,2026-09-04T08:21:13.134107+09:00,GGB222001318,GGB234000028,2268,저상버스
2026-09-04,0825,2026-09-04T08:25:03.452787+09:00,GGB222001318,GGB222000009,614,저상버스
2026-09-04,0825,2026-09-04T08:25:03.452787+09:00,GGB222001318,GGB222000009,2175,저상버스
2026-09-04,0825,2026-09-04T08:25:03.452787+09:00,GGB222001318,GGB222000013,1140,저상버스
2026-09-04,0825,2026-09-04T08:25:03.452787+09:00,GGB222001318,GGB222000013,337,저상버스
2026-09-04,0825,2026-09-04T08:25:03.452787+09:00,GGB222001318,GGB222000027,5606,저상버스
2026-09-04,0825,2026-09-04T08:25:03.452787+09:00,GGB222001318,GGB222000027,2279,저상버스
2026-09-04,0825,2026-09-04T08:25:03.452787+09:00,GGB222001318,GGB222000028,1187,일반차량
2026-09-04,0825,2026-09-04T08:25:03.452787+09:00,GGB222001318,GGB222000028,628,일반차량
2026-09-04,0825,2026-09-04T08:25:03.452787+09:00,GGB222001318,GGB222000031,706,저상버스
2026-09-04,0825,2026-09-04T08:25:03.452787+09:00,GGB222001318,GGB222000031,1538,저상버스
2026-09-04,0825,2026-09-04T08:25:03.452787+09:00,GGB222001318,GGB222000032,839,저상버스
2026-09-04,0825,2026-09-04T08:25:03.452787+09:00,GGB222001318,GGB222000032,1775,저상버스
2026-09-04,0825,2026-09-04T08:25:03.452787+09:00,GGB222001318,GGB222000048,311,저상버스
2026-09-04,0825,2026-09-04T08:25:03.452787+09:00,GGB222001318,GGB222000048,1614,저상버스
2026-09-04,0825,2026-09-04T08:25:03.452787+09:00,GGB222001318,GGB222000078,152,일반차량
2026-09-04,0825,2026-09-04T08:25:03.452787+09:00,GGB222001318,GGB222000078,3203,일반차량
2026-09-04,0825,2026-09-04T08:25:03.452787+09:00,GGB222001318,GGB222000137,1461,일반차량
2026-09-04,0825,2026-09-04T08:25:03.452787+09:00,GGB222001318,GGB222000180,3606,일반차량
2026-09-04,0825,2026-09-04T08:25:03.452787+09:00,GGB222001318,GGB222000180,1295,일반차량
2026-09-04,0825,2026-09-04T08:25:03.452787+09:00,GGB222001318,GGB222000199,1673,일반차량
2026-09-04,0825,2026-09-04T08:25:03.452787+09:00,GGB222001318,GGB222000199,654,일반차량
2026-09-04,0825,2026-09-04T08:25:03.452787+09:00,GGB222001318,GGB234000003,3770,저상버스
2026-09-04,0825,2026-09-04T08:25:03.452787+09:00,GGB222001318,GGB234000003,723,저상버스
2026-09-04,0825,2026-09-04T08:25:03.452787+09:00,GGB222001318,GGB234000028,727,일반차량
2026-09-04,0825,2026-09-04T08:25:03.452787+09:00,GGB222001318,GGB234000028,2277,저상버스
2026-09-04,0830,2026-09-04T08:30:05.050242+09:00,GGB222001318,GGB222000009,274,저상버스
2026-09-04,0830,2026-09-04T08:30:05.050242+09:00,GGB222001318,GGB222000009,1833,저상버스
2026-09-04,0830,2026-09-04T08:30:05.050242+09:00,GGB222001318,GGB222000013,816,저상버스
2026-09-04,0830,2026-09-04T08:30:05.050242+09:00,GGB222001318,GGB222000013,1919,저상버스
2026-09-04,0830,2026-09-04T08:30:05.050242+09:00,GGB222001318,GGB222000027,5333,저상버스
2026-09-04,0830,2026-09-04T08:30:05.050242+09:00,GGB222001318,GGB222000027,1936,저상버스
2026-09-04,0830,2026-09-04T08:30:05.050242+09:00,GGB222001318,GGB222000028,872,일반차량
2026-09-04,0830,2026-09-04T08:30:05.050242+09:00,GGB222001318,GGB222000028,458,일반차량
2026-09-04,0830,2026-09-04T08:30:05.050242+09:00,GGB222001318,GGB222000031,458,저상버스
2026-09-04,0830,2026-09-04T08:30:05.050242+09:00,GGB222001318,GGB222000031,1251,저상버스
2026-09-04,0830,2026-09-04T08:30:05.050242+09:00,GGB222001318,GGB222000032,578,저상버스
2026-09-04,0830,2026-09-04T08:30:05.050242+09:00,GGB222001318,GGB222000032,1684,저상버스
2026-09-04,0830,2026-09-04T08:30:05.050242+09:00,GGB222001318,GGB222000048,1420,저상버스
2026-09-04,0830,2026-09-04T08:30:05.050242+09:00,GGB222001318,GGB222000048,2924,저상버스
2026-09-04,0830,2026-09-04T08:30:05.050242+09:00,GGB222001318,GGB222000078,3176,일반차량
2026-09-04,0830,2026-09-04T08:30:05.050242+09:00,GGB222001318,GGB222000078,5028,일반차량
2026-09-04,0830,2026-09-04T08:30:05.050242+09:00,GGB222001318,GGB222000180,3272,일반차량
2026-09-04,0830,2026-09-04T08:30:05.050242+09:00,GGB222001318,GGB222000180,905,일반차량
2026-09-04,0830,2026-09-04T08:30:05.050242+09:00,GGB222001318,GGB222000199,1334,일반차량
2026-09-04,0830,2026-09-04T08:30:05.050242+09:00,GGB222001318,GGB222000199,427,일반차량
2026-09-04,0830,2026-09-04T08:30:05.050242+09:00,GGB222001318,GGB234000003,3453,저상버스
2026-09-04,0830,2026-09-04T08:30:05.050242+09:00,GGB222001318,GGB234000003,431,저상버스
2026-09-04,0830,2026-09-04T08:30:05.050242+09:00,GGB222001318,GGB234000028,455,일반차량
2026-09-04,0830,2026-09-04T08:30:05.050242+09:00,GGB222001318,GGB234000028,1956,저상버스
2026-09-04,0835,2026-09-04T08:37:14.666912+09:00,GGB222001318,GGB222000009,1725,저상버스
2026-09-04,0835,2026-09-04T08:37:14.666912+09:00,GGB222001318,GGB222000009,1422,저상버스
2026-09-04,0835,2026-09-04T08:37:14.666912+09:00,GGB222001318,GGB222000013,389,저상버스
2026-09-04,0835,2026-09-04T08:37:14.666912+09:00,GGB222001318,GGB222000013,1551,저상버스
2026-09-04,0835,2026-09-04T08:37:14.666912+09:00,GGB222001318,GGB222000027,4709,저상버스
2026-09-04,0835,2026-09-04T08:37:14.666912+09:00,GGB222001318,GGB222000027,1928,저상버스
2026-09-04,0835,2026-09-04T08:37:14.666912+09:00,GGB222001318,GGB222000028,610,일반차량
2026-09-04,0835,2026-09-04T08:37:14.666912+09:00,GGB222001318,GGB222000028,226,일반차량
2026-09-04,0835,2026-09-04T08:37:14.666912+09:00,GGB222001318,GGB222000031,226,저상버스
2026-09-04,0835,2026-09-04T08:37:14.666912+09:00,GGB222001318,GGB222000031,1081,저상버스
2026-09-04,0835,2026-09-04T08:37:14.666912+09:00,GGB222001318,GGB222000032,226,저상버스
2026-09-04,0835,2026-09-04T08:37:14.666912+09:00,GGB222001318,GGB222000032,1413,저상버스
2026-09-04,0835,2026-09-04T08:37:14.666912+09:00,GGB222001318,GGB222000048,1054,저상버스
2026-09-04,0835,2026-09-04T08:37:14.666912+09:00,GGB222001318,GGB222000048,2590,저상버스
2026-09-04,0835,2026-09-04T08:37:14.666912+09:00,GGB222001318,GGB222000078,2851,일반차량
2026-09-04,0835,2026-09-04T08:37:14.666912+09:00,GGB222001318,GGB222000078,4938,일반차량
2026-09-04,0835,2026-09-04T08:37:14.666912+09:00,GGB222001318,GGB222000137,778,일반차량
2026-09-04,0835,2026-09-04T08:37:14.666912+09:00,GGB222001318,GGB222000180,3124,일반차량
2026-09-04,0835,2026-09-04T08:37:14.666912+09:00,GGB222001318,GGB222000180,743,일반차량
2026-09-04,0835,2026-09-04T08:37:14.666912+09:00,GGB222001318,GGB222000199,1927,일반차량
2026-09-04,0835,2026-09-04T08:37:14.666912+09:00,GGB222001318,GGB222000199,1016,일반차량
2026-09-04,0835,2026-09-04T08:37:14.666912+09:00,GGB222001318,GGB234000003,3442,저상버스
2026-09-04,0835,2026-09-04T08:37:14.666912+09:00,GGB222001318,GGB234000003,227,저상버스
2026-09-04,0835,2026-09-04T08:37:14.666912+09:00,GGB222001318,GGB234000028,226,일반차량
2026-09-04,0835,2026-09-04T08:37:14.666912+09:00,GGB222001318,GGB234000028,1766,저상버스
2026-09-04,0840,2026-09-04T08:40:33.892469+09:00,GGB222001318,GGB222000009,1560,저상버스
2026-09-04,0840,2026-09-04T08:40:33.892469+09:00,GGB222001318,GGB222000009,1250,저상버스
2026-09-04,0840,2026-09-04T08:40:33.892469+09:00,GGB222001318,GGB222000013,185,저상버스
2026-09-04,0840,2026-09-04T08:40:33.892469+09:00,GGB222001318,GGB222000013,1495,저상버스
2026-09-04,0840,2026-09-04T08:40:33.892469+09:00,GGB222001318,GGB222000027,4471,저상버스
2026-09-04,0840,2026-09-04T08:40:33.892469+09:00,GGB222001318,GGB222000027,1712,저상버스
2026-09-04,0840,2026-09-04T08:40:33.892469+09:00,GGB222001318,GGB222000028,357,일반차량
2026-09-04,0840,2026-09-04T08:40:33.892469+09:00,GGB222001318,GGB222000028,934,일반차량
2026-09-04,0840,2026-09-04T08:40:33.892469+09:00,GGB222001318,GGB222000031,2378,저상버스
2026-09-04,0840,2026-09-04T08:40:33.892469+09:00,GGB222001318,GGB222000031,812,저상버스
2026-09-04,0840,2026-09-04T08:40:33.892469+09:00,GGB222001318,GGB222000032,3034,저상버스
2026-09-04,0840,2026-09-04T08:40:33.892469+09:00,GGB222001318,GGB222000032,1223,저상버스
2026-09-04,0840,2026-09-04T08:40:33.892469+09:00,GGB222001318,GGB222000048,880,저상버스
2026-09-04,0840,2026-09-04T08:40:33.892469+09:00,GGB222001318,GGB222000048,2363,저상버스
2026-09-04,0840,2026-09-04T08:40:33.892469+09:00,GGB222001318,GGB222000078,2461,일반차량
2026-09-04,0840,2026-09-04T08:40:33.892469+09:00,GGB222001318,GGB222000078,4837,일반차량
2026-09-04,0840,2026-09-04T08:40:33.892469+09:00,GGB222001318,GGB222000137,469,일반차량
2026-09-04,0840,2026-09-04T08:40:33.892469+09:00,GGB222001318,GGB222000180,2643,일반차량
2026-09-04,0840,2026-09-04T08:40:33.892469+09:00,GGB222001318,GGB222000180,561,일반차량
2026-09-04,0840,2026-09-04T08:40:33.892469+09:00,GGB222001318,GGB222000199,1580,일반차량
2026-09-04,0840,2026-09-04T08:40:33.892469+09:00,GGB222001318,GGB222000199,565,일반차량
2026-09-04,0840,2026-09-04T08:40:33.892469+09:00,GGB222001318,GGB234000003,6167,일반차량
2026-09-04,0840,2026-09-04T08:40:33.892469+09:00,GGB222001318,GGB234000003,3116,저상버스
2026-09-04,0840,2026-09-04T08:40:33.892469+09:00,GGB222001318,GGB234000028,3163,일반차량
2026-09-04,0840,2026-09-04T08:40:33.892469+09:00,GGB222001318,GGB234000028,1518,저상버스
2026-09-04,0845,2026-09-04T08:45:24.285282+09:00,GGB222001318,GGB222000009,1514,저상버스
2026-09-04,0845,2026-09-04T08:45:24.285282+09:00,GGB222001318,GGB222000009,1063,저상버스
2026-09-04,0845,2026-09-04T08:45:24.285282+09:00,GGB222001318,GGB222000013,1133,저상버스
2026-09-04,0845,2026-09-04T08:45:24.285282+09:00,GGB222001318,GGB222000013,1920,저상버스
2026-09-04,0845,2026-09-04T08:45:24.285282+09:00,GGB222001318,GGB222000027,4263,저상버스
2026-09-04,0845,2026-09-04T08:45:24.285282+09:00,GGB222001318,GGB222000027,1542,저상버스
2026-09-04,0845,2026-09-04T08:45:24.285282+09:00,GGB222001318,GGB222000028,230,일반차량
2026-09-04,0845,2026-09-04T08:45:24.285282+09:00,GGB222001318,GGB222000028,792,일반차량
2026-09-04,0845,2026-09-04T08:45:24.285282+09:00,GGB222001318,GGB222000031,2082,저상버스
2026-09-04,0845,2026-09-04T08:45:24.285282+09:00,GGB222001318,GGB222000031,575,저상버스
2026-09-04,0845,2026-09-04T08:45:24.285282+09:00,GGB222001318,GGB222000032,2930,저상버스
2026-09-04,0845,2026-09-04T08:45:24.285282+09:00,GGB222001318,GGB222000032,990,저상버스
2026-09-04,0845,2026-09-04T08:45:24.285282+09:00,GGB222001318,GGB222000048,641,저상버스
2026-09-04,0845,2026-09-04T08:45:24.285282+09:00,GGB222001318,GGB222000048,2178,저상버스
2026-09-04,0845,2026-09-04T08:45:24.285282+09:00,GGB222001318,GGB222000078,2110,일반차량
2026-09-04,0845,2026-09-04T08:45:24.285282+09:00,GGB222001318,GGB222000078,4446,일반차량
2026-09-04,0845,2026-09-04T08:45:24.285282+09:00,GGB222001318,GGB222000137,240,일반차량
2026-09-04,0845,2026-09-04T08:45:24.285282+09:00,GGB222001318,GGB222000180,2399,일반차량
2026-09-04,0845,2026-09-04T08:45:24.285282+09:00,GGB222001318,GGB222000180,445,일반차량
2026-09-04,0845,2026-09-04T08:45:24.285282+09:00,GGB222001318,GGB222000199,1320,일반차량
2026-09-04,0845,2026-09-04T08:45:24.285282+09:00,GGB222001318,GGB222000199,317,일반차량
2026-09-04,0845,2026-09-04T08:45:24.285282+09:00,GGB222001318,GGB234000003,5822,일반차량
2026-09-04,0845,2026-09-04T08:45:24.285282+09:00,GGB222001318,GGB234000003,2764,저상버스
2026-09-04,0845,2026-09-04T08:45:24.285282+09:00,GGB222001318,GGB234000028,2944,일반차량
2026-09-04,0845,2026-09-04T08:45:24.285282+09:00,GGB222001318,GGB234000028,1160,저상버스
2026-09-04,0850,2026-09-04T08:50:17.606757+09:00,GGB222001318,GGB222000009,1172,저상버스
2026-09-04,0850,2026-09-04T08:50:17.606757+09:00,GGB222001318,GGB222000009,861,저상버스
2026-09-04,0850,2026-09-04T08:50:17.606757+09:00,GGB222001318,GGB222000013,1090,저상버스
2026-09-04,0850,2026-09-04T08:50:17.606757+09:00,GGB222001318,GGB222000013,1819,저상버스
2026-09-04,0850,2026-09-04T08:50:17.606757+09:00,GGB222001318,GGB222000027,3957,저상버스
2026-09-04,0850,2026-09-04T08:50:17.606757+09:00,GGB222001318,GGB222000027,1292,저상버스
2026-09-04,0850,2026-09-04T08:50:17.606757+09:00,GGB222001318,GGB222000028,448,일반차량
2026-09-04,0850,2026-09-04T08:50:17.606757+09:00,GGB222001318,GGB222000028,1137,일반차량
2026-09-04,0850,2026-09-04T08:50:17.606757+09:00,GGB222001318,GGB222000031,1914,저상버스
2026-09-04,0850,2026-09-04T08:50:17.606757+09:00,GGB222001318,GGB222000031,379,저상버스
2026-09-04,0850,2026-09-04T08:50:17.606757+09:00,GGB222001318,GGB222000032,2461,저상버스
2026-09-04,0850,2026-09-04T08:50:17.606757+09:00,GGB222001318,GGB222000032,632,저상버스
2026-09-04,0850,2026-09-04T08:50:17.606757+09:00,GGB222001318,GGB222000048,442,저상버스
2026-09-04,0850,2026-09-04T08:50:17.606757+09:00,GGB222001318,GGB222000048,1815,저상버스
2026-09-04,0850,2026-09-04T08:50:17.606757+09:00,GGB222001318,GGB222000078,1908,일반차량
2026-09-04,0850,2026-09-04T08:50:17.606757+09:00,GGB222001318,GGB222000078,4153,일반차량
2026-09-04,0850,2026-09-04T08:50:17.606757+09:00,GGB222001318,GGB222000180,2085,일반차량
2026-09-04,0850,2026-09-04T08:50:17.606757+09:00,GGB222001318,GGB222000180,191,일반차량
2026-09-04,0850,2026-09-04T08:50:17.606757+09:00,GGB222001318,GGB222000199,1003,일반차량
2026-09-04,0850,2026-09-04T08:50:17.606757+09:00,GGB222001318,GGB222000199,181,일반차량
2026-09-04,0850,2026-09-04T08:50:17.606757+09:00,GGB222001318,GGB234000003,5510,일반차량
2026-09-04,0850,2026-09-04T08:50:17.606757+09:00,GGB222001318,GGB234000003,2556,저상버스
2026-09-04,0850,2026-09-04T08:50:17.606757+09:00,GGB222001318,GGB234000028,2603,일반차량
2026-09-04,0850,2026-09-04T08:50:17.606757+09:00,GGB222001318,GGB234000028,850,저상버스
2026-09-04,0855,2026-09-04T08:55:03.212744+09:00,GGB222001318,GGB222000009,913,저상버스
2026-09-04,0855,2026-09-04T08:55:03.212744+09:00,GGB222001318,GGB222000009,601,저상버스
2026-09-04,0855,2026-09-04T08:55:03.212744+09:00,GGB222001318,GGB222000013,726,저상버스
2026-09-04,0855,2026-09-04T08:55:03.212744+09:00,GGB222001318,GGB222000013,1701,저상버스
2026-09-04,0855,2026-09-04T08:55:03.212744+09:00,GGB222001318,GGB222000027,3669,저상버스
2026-09-04,0855,2026-09-04T08:55:03.212744+09:00,GGB222001318,GGB222000027,963,저상버스
2026-09-04,0855,2026-09-04T08:55:03.212744+09:00,GGB222001318,GGB222000028,229,일반차량
2026-09-04,0855,2026-09-04T08:55:03.212744+09:00,GGB222001318,GGB222000028,922,일반차량
2026-09-04,0855,2026-09-04T08:55:03.212744+09:00,GGB222001318,GGB222000031,1698,저상버스
2026-09-04,0855,2026-09-04T08:55:03.212744+09:00,GGB222001318,GGB222000031,185,저상버스
2026-09-04,0855,2026-09-04T08:55:03.212744+09:00,GGB222001318,GGB222000032,2106,저상버스
2026-09-04,0855,2026-09-04T08:55:03.212744+09:00,GGB222001318,GGB222000032,382,저상버스
2026-09-04,0855,2026-09-04T08:55:03.212744+09:00,GGB222001318,GGB222000048,186,저상버스
2026-09-04,0855,2026-09-04T08:55:03.212744+09:00,GGB222001318,GGB222000048,1565,저상버스
2026-09-04,0855,2026-09-04T08:55:03.212744+09:00,GGB222001318,GGB222000078,1661,일반차량
2026-09-04,0855,2026-09-04T08:55:03.212744+09:00,GGB222001318,GGB222000078,3903,일반차량
2026-09-04,0855,2026-09-04T08:55:03.212744+09:00,GGB222001318,GGB222000180,4235,일반차량
2026-09-04,0855,2026-09-04T08:55:03.212744+09:00,GGB222001318,GGB222000180,1939,일반차량
2026-09-04,0855,2026-09-04T08:55:03.212744+09:00,GGB222001318,GGB222000199,877,일반차량
2026-09-04,0855,2026-09-04T08:55:03.212744+09:00,GGB222001318,GGB222000199,88,일반차량
2026-09-04,0855,2026-09-04T08:55:03.212744+09:00,GGB222001318,GGB234000003,5343,일반차량
2026-09-04,0855,2026-09-04T08:55:03.212744+09:00,GGB222001318,GGB234000003,2309,저상버스
2026-09-04,0855,2026-09-04T08:55:03.212744+09:00,GGB222001318,GGB234000028,2310,일반차량
2026-09-04,0855,2026-09-04T08:55:03.212744+09:00,GGB222001318,GGB234000028,627,저상버스
2026-09-04,1700,2026-09-04T17:00:05.814852+09:00,GGB222001318,GGB222000009,661,저상버스
2026-09-04,1700,2026-09-04T17:00:05.814852+09:00,GGB222001318,GGB222000009,1902,저상버스
2026-09-04,1700,2026-09-04T17:00:05.814852+09:00,GGB222001318,GGB222000013,854,저상버스
2026-09-04,1700,2026-09-04T17:00:05.814852+09:00,GGB222001318,GGB222000013,1558,저상버스
2026-09-04,1700,2026-09-04T17:00:05.814852+09:00,GGB222001318,GGB222000027,4757,저상버스
2026-09-04,1700,2026-09-04T17:00:05.814852+09:00,GGB222001318,GGB222000027,1563,저상버스
2026-09-04,1700,2026-09-04T17:00:05.814852+09:00,GGB222001318,GGB222000028,930,일반차량
2026-09-04,1700,2026-09-04T17:00:05.814852+09:00,GGB222001318,GGB222000028,432,일반차량
2026-09-04,1700,2026-09-04T17:00:05.814852+09:00,GGB222001318,GGB222000031,1769,저상버스
2026-09-04,1700,2026-09-04T17:00:05.814852+09:00,GGB222001318,GGB222000031,190,저상버스
2026-09-04,1700,2026-09-04T17:00:05.814852+09:00,GGB222001318,GGB222000032,691,저상버스
2026-09-04,1700,2026-09-04T17:00:05.814852+09:00,GGB222001318,GGB222000032,2926,저상버스
2026-09-04,1700,2026-09-04T17:00:05.814852+09:00,GGB222001318,GGB222000048,1601,일반차량
2026-09-04,1700,2026-09-04T17:00:05.814852+09:00,GGB222001318,GGB222000048,426,일반차량
2026-09-04,1700,2026-09-04T17:00:05.814852+09:00,GGB222001318,GGB222000078,1980,일반차량
2026-09-04,1700,2026-09-04T17:00:05.814852+09:00,GGB222001318,GGB222000078,181,일반차량
2026-09-04,1700,2026-09-04T17:00:05.814852+09:00,GGB222001318,GGB222000180,2332,일반차량
2026-09-04,1700,2026-09-04T17:00:05.814852+09:00,GGB222001318,GGB222000180,702,일반차량
2026-09-04,1700,2026-09-04T17:00:05.814852+09:00,GGB222001318,GGB222000199,2442,일반차량
2026-09-04,1700,2026-09-04T17:00:05.814852+09:00,GGB222001318,GGB222000199,1769,일반차량
2026-09-04,1700,2026-09-04T17:00:05.814852+09:00,GGB222001318,GGB222000239,622,일반차량
2026-09-04,1700,2026-09-04T17:00:05.814852+09:00,GGB222001318,GGB234000003,2852,저상버스
2026-09-04,1700,2026-09-04T17:00:05.814852+09:00,GGB222001318,GGB234000003,6149,저상버스
2026-09-04,1700,2026-09-04T17:00:05.814852+09:00,GGB222001318,GGB234000028,957,일반차량
2026-09-04,1700,2026-09-04T17:00:05.814852+09:00,GGB222001318,GGB234000028,2669,저상버스
2026-09-04,1705,2026-09-04T17:05:02.873740+09:00,GGB222001318,GGB222000009,490,저상버스
2026-09-04,1705,2026-09-04T17:05:02.873740+09:00,GGB222001318,GGB222000009,1441,저상버스
2026-09-04,1705,2026-09-04T17:05:02.873740+09:00,GGB222001318,GGB222000013,608,저상버스
2026-09-04,1705,2026-09-04T17:05:02.873740+09:00,GGB222001318,GGB222000013,1323,저상버스
2026-09-04,1705,2026-09-04T17:05:02.873740+09:00,GGB222001318,GGB222000027,4384,저상버스
2026-09-04,1705,2026-09-04T17:05:02.873740+09:00,GGB222001318,GGB222000027,1346,저상버스
2026-09-04,1705,2026-09-04T17:05:02.873740+09:00,GGB222001318,GGB222000028,820,일반차량
2026-09-04,1705,2026-09-04T17:05:02.873740+09:00,GGB222001318,GGB222000028,335,일반차량
2026-09-04,1705,2026-09-04T17:05:02.873740+09:00,GGB222001318,GGB222000031,1742,저상버스
2026-09-04,1705,2026-09-04T17:05:02.873740+09:00,GGB222001318,GGB222000031,2483,저상버스
2026-09-04,1705,2026-09-04T17:05:02.873740+09:00,GGB222001318,GGB222000032,471,저상버스
2026-09-04,1705,2026-09-04T17:05:02.873740+09:00,GGB222001318,GGB222000032,2717,저상버스
2026-09-04,1705,2026-09-04T17:05:02.873740+09:00,GGB222001318,GGB222000048,1398,일반차량
2026-09-04,1705,2026-09-04T17:05:02.873740+09:00,GGB222001318,GGB222000048,359,일반차량
2026-09-04,1705,2026-09-04T17:05:02.873740+09:00,GGB222001318,GGB222000078,1832,일반차량
2026-09-04,1705,2026-09-04T17:05:02.873740+09:00,GGB222001318,GGB222000078,3078,일반차량
2026-09-04,1705,2026-09-04T17:05:02.873740+09:00,GGB222001318,GGB222000180,2192,일반차량
2026-09-04,1705,2026-09-04T17:05:02.873740+09:00,GGB222001318,GGB222000180,488,일반차량
2026-09-04,1705,2026-09-04T17:05:02.873740+09:00,GGB222001318,GGB222000199,2084,일반차량
2026-09-04,1705,2026-09-04T17:05:02.873740+09:00,GGB222001318,GGB222000199,1521,일반차량
2026-09-04,1705,2026-09-04T17:05:02.873740+09:00,GGB222001318,GGB222000239,455,일반차량
2026-09-04,1705,2026-09-04T17:05:02.873740+09:00,GGB222001318,GGB234000003,2748,저상버스
2026-09-04,1705,2026-09-04T17:05:02.873740+09:00,GGB222001318,GGB234000003,6000,저상버스
2026-09-04,1705,2026-09-04T17:05:02.873740+09:00,GGB222001318,GGB234000028,741,일반차량
2026-09-04,1705,2026-09-04T17:05:02.873740+09:00,GGB222001318,GGB234000028,2376,저상버스
2026-09-04,1710,2026-09-04T17:10:04.427984+09:00,GGB222001318,GGB222000009,229,저상버스
2026-09-04,1710,2026-09-04T17:10:04.427984+09:00,GGB222001318,GGB222000009,1079,저상버스
2026-09-04,1710,2026-09-04T17:10:04.427984+09:00,GGB222001318,GGB222000013,335,저상버스
2026-09-04,1710,2026-09-04T17:10:04.427984+09:00,GGB222001318,GGB222000013,1250,저상버스
2026-09-04,1710,2026-09-04T17:10:04.427984+09:00,GGB222001318,GGB222000027,4199,저상버스
2026-09-04,1710,2026-09-04T17:10:04.427984+09:00,GGB222001318,GGB222000027,1135,저상버스
2026-09-04,1710,2026-09-04T17:10:04.427984+09:00,GGB222001318,GGB222000028,538,일반차량
2026-09-04,1710,2026-09-04T17:10:04.427984+09:00,GGB222001318,GGB222000028,59,일반차량
2026-09-04,1710,2026-09-04T17:10:04.427984+09:00,GGB222001318,GGB222000031,1387,저상버스
2026-09-04,1710,2026-09-04T17:10:04.427984+09:00,GGB222001318,GGB222000031,2204,저상버스
2026-09-04,1710,2026-09-04T17:10:04.427984+09:00,GGB222001318,GGB222000032,228,저상버스
2026-09-04,1710,2026-09-04T17:10:04.427984+09:00,GGB222001318,GGB222000032,2231,저상버스
2026-09-04,1710,2026-09-04T17:10:04.427984+09:00,GGB222001318,GGB222000048,1113,일반차량
2026-09-04,1710,2026-09-04T17:10:04.427984+09:00,GGB222001318,GGB222000048,21,일반차량
2026-09-04,1710,2026-09-04T17:10:04.427984+09:00,GGB222001318,GGB222000078,2898,일반차량
2026-09-04,1710,2026-09-04T17:10:04.427984+09:00,GGB222001318,GGB222000078,4222,일반차량
2026-09-04,1710,2026-09-04T17:10:04.427984+09:00,GGB222001318,GGB222000180,1804,일반차량
2026-09-04,1710,2026-09-04T17:10:04.427984+09:00,GGB222001318,GGB222000180,158,일반차량
2026-09-04,1710,2026-09-04T17:10:04.427984+09:00,GGB222001318,GGB222000199,2021,일반차량
2026-09-04,1710,2026-09-04T17:10:04.427984+09:00,GGB222001318,GGB222000199,1404,일반차량
2026-09-04,1710,2026-09-04T17:10:04.427984+09:00,GGB222001318,GGB222000239,262,일반차량
2026-09-04,1710,2026-09-04T17:10:04.427984+09:00,GGB222001318,GGB234000003,2378,저상버스
2026-09-04,1710,2026-09-04T17:10:04.427984+09:00,GGB222001318,GGB234000003,5684,저상버스
2026-09-04,1710,2026-09-04T17:10:04.427984+09:00,GGB222001318,GGB234000028,585,일반차량
2026-09-04,1710,2026-09-04T17:10:04.427984+09:00,GGB222001318,GGB234000028,2052,저상버스
2026-09-04,1720,2026-09-04T17:20:05.002493+09:00,GGB222001318,GGB222000009,1960,저상버스
2026-09-04,1720,2026-09-04T17:20:05.002493+09:00,GGB222001318,GGB222000009,585,저상버스
2026-09-04,1720,2026-09-04T17:20:05.002493+09:00,GGB222001318,GGB222000013,2359,저상버스
2026-09-04,1720,2026-09-04T17:20:05.002493+09:00,GGB222001318,GGB222000013,832,저상버스
2026-09-04,1720,2026-09-04T17:20:05.002493+09:00,GGB222001318,GGB222000027,3392,저상버스
2026-09-04,1720,2026-09-04T17:20:05.002493+09:00,GGB222001318,GGB222000027,353,저상버스
2026-09-04,1720,2026-09-04T17:20:05.002493+09:00,GGB222001318,GGB222000028,961,일반차량
2026-09-04,1720,2026-09-04T17:20:05.002493+09:00,GGB222001318,GGB222000028,251,일반차량
2026-09-04,1720,2026-09-04T17:20:05.002493+09:00,GGB222001318,GGB222000031,763,저상버스
2026-09-04,1720,2026-09-04T17:20:05.002493+09:00,GGB222001318,GGB222000031,1849,저상버스
2026-09-04,1720,2026-09-04T17:20:05.002493+09:00,GGB222001318,GGB222000032,3972,저상버스
2026-09-04,1720,2026-09-04T17:20:05.002493+09:00,GGB222001318,GGB222000032,1677,저상버스
2026-09-04,1720,2026-09-04T17:20:05.002493+09:00,GGB222001318,GGB222000048,1542,일반차량
2026-09-04,1720,2026-09-04T17:20:05.002493+09:00,GGB222001318,GGB222000048,677,일반차량
2026-09-04,1720,2026-09-04T17:20:05.002493+09:00,GGB222001318,GGB222000078,935,일반차량
2026-09-04,1720,2026-09-04T17:20:05.002493+09:00,GGB222001318,GGB222000078,2777,일반차량
2026-09-04,1720,2026-09-04T17:20:05.002493+09:00,GGB222001318,GGB222000180,1520,일반차량
2026-09-04,1720,2026-09-04T17:20:05.002493+09:00,GGB222001318,GGB222000180,4020,일반차량
2026-09-04,1720,2026-09-04T17:20:05.002493+09:00,GGB222001318,GGB222000199,1786,일반차량
2026-09-04,1720,2026-09-04T17:20:05.002493+09:00,GGB222001318,GGB222000199,870,일반차량
2026-09-04,1720,2026-09-04T17:20:05.002493+09:00,GGB222001318,GGB234000003,1885,저상버스
2026-09-04,1720,2026-09-04T17:20:05.002493+09:00,GGB222001318,GGB234000003,5001,저상버스
2026-09-04,1720,2026-09-04T17:20:05.002493+09:00,GGB222001318,GGB234000028,3720,일반차량
2026-09-04,1720,2026-09-04T17:20:05.002493+09:00,GGB222001318,GGB234000028,1607,저상버스
2026-09-04,1725,2026-09-04T17:25:02.870955+09:00,GGB222001318,GGB222000009,1767,저상버스
2026-09-04,1725,2026-09-04T17:25:02.870955+09:00,GGB222001318,GGB222000009,282,저상버스
2026-09-04,1725,2026-09-04T17:25:02.870955+09:00,GGB222001318,GGB222000013,2204,저상버스
2026-09-04,1725,2026-09-04T17:25:02.870955+09:00,GGB222001318,GGB222000013,485,저상버스
2026-09-04,1725,2026-09-04T17:25:02.870955+09:00,GGB222001318,GGB222000027,3112,저상버스
2026-09-04,1725,2026-09-04T17:25:02.870955+09:00,GGB222001318,GGB222000027,109,저상버스
2026-09-04,1725,2026-09-04T17:25:02.870955+09:00,GGB222001318,GGB222000028,645,일반차량
2026-09-04,1725,2026-09-04T17:25:02.870955+09:00,GGB222001318,GGB222000028,1428,일반차량
2026-09-04,1725,2026-09-04T17:25:02.870955+09:00,GGB222001318,GGB222000031,507,저상버스
2026-09-04,1725,2026-09-04T17:25:02.870955+09:00,GGB222001318,GGB222000031,1530,저상버스
2026-09-04,1725,2026-09-04T17:25:02.870955+09:00,GGB222001318,GGB222000032,3686,저상버스
2026-09-04,1725,2026-09-04T17:25:02.870955+09:00,GGB222001318,GGB222000032,1379,저상버스
2026-09-04,1725,2026-09-04T17:25:02.870955+09:00,GGB222001318,GGB222000048,1312,일반차량
2026-09-04,1725,2026-09-04T17:25:02.870955+09:00,GGB222001318,GGB222000048,399,일반차량
2026-09-04,1725,2026-09-04T17:25:02.870955+09:00,GGB222001318,GGB222000078,890,일반차량
2026-09-04,1725,2026-09-04T17:25:02.870955+09:00,GGB222001318,GGB222000078,2499,일반차량
2026-09-04,1725,2026-09-04T17:25:02.870955+09:00,GGB222001318,GGB222000180,1270,일반차량
2026-09-04,1725,2026-09-04T17:25:02.870955+09:00,GGB222001318,GGB222000180,3673,일반차량
2026-09-04,1725,2026-09-04T17:25:02.870955+09:00,GGB222001318,GGB222000199,1594,일반차량
2026-09-04,1725,2026-09-04T17:25:02.870955+09:00,GGB222001318,GGB222000199,502,일반차량
2026-09-04,1725,2026-09-04T17:25:02.870955+09:00,GGB222001318,GGB234000003,1749,저상버스
2026-09-04,1725,2026-09-04T17:25:02.870955+09:00,GGB222001318,GGB234000003,4785,저상버스
2026-09-04,1725,2026-09-04T17:25:02.870955+09:00,GGB222001318,GGB234000028,3503,일반차량
2026-09-04,1725,2026-09-04T17:25:02.870955+09:00,GGB222001318,GGB234000028,1410,저상버스
2026-09-04,1730,2026-09-04T17:30:03.145959+09:00,GGB222001318,GGB222000009,1605,저상버스
2026-09-04,1730,2026-09-04T17:30:03.145959+09:00,GGB222001318,GGB222000009,1812,일반차량
2026-09-04,1730,2026-09-04T17:30:03.145959+09:00,GGB222001318,GGB222000013,2038,저상버스
2026-09-04,1730,2026-09-04T17:30:03.145959+09:00,GGB222001318,GGB222000013,214,저상버스
2026-09-04,1730,2026-09-04T17:30:03.145959+09:00,GGB222001318,GGB222000027,4584,저상버스
2026-09-04,1730,2026-09-04T17:30:03.145959+09:00,GGB222001318,GGB222000027,2871,저상버스
2026-09-04,1730,2026-09-04T17:30:03.145959+09:00,GGB222001318,GGB222000028,328,일반차량
2026-09-04,1730,2026-09-04T17:30:03.145959+09:00,GGB222001318,GGB222000028,1010,일반차량
2026-09-04,1730,2026-09-04T17:30:03.145959+09:00,GGB222001318,GGB222000031,312,저상버스
2026-09-04,1730,2026-09-04T17:30:03.145959+09:00,GGB222001318,GGB222000031,1222,저상버스
2026-09-04,1730,2026-09-04T17:30:03.145959+09:00,GGB222001318,GGB222000032,3460,저상버스
2026-09-04,1730,2026-09-04T17:30:03.145959+09:00,GGB222001318,GGB222000032,1092,저상버스
2026-09-04,1730,2026-09-04T17:30:03.145959+09:00,GGB222001318,GGB222000048,769,일반차량
2026-09-04,1730,2026-09-04T17:30:03.145959+09:00,GGB222001318,GGB222000048,175,일반차량
2026-09-04,1730,2026-09-04T17:30:03.145959+09:00,GGB222001318,GGB222000078,355,일반차량
2026-09-04,1730,2026-09-04T17:30:03.145959+09:00,GGB222001318,GGB222000078,2098,일반차량
2026-09-04,1730,2026-09-04T17:30:03.145959+09:00,GGB222001318,GGB222000180,847,일반차량
2026-09-04,1730,2026-09-04T17:30:03.145959+09:00,GGB222001318,GGB222000180,3259,일반차량
2026-09-04,1730,2026-09-04T17:30:03.145959+09:00,GGB222001318,GGB222000199,1274,일반차량
2026-09-04,1730,2026-09-04T17:30:03.145959+09:00,GGB222001318,GGB222000199,385,일반차량
2026-09-04,1730,2026-09-04T17:30:03.145959+09:00,GGB222001318,GGB234000003,1382,저상버스
2026-09-04,1730,2026-09-04T17:30:03.145959+09:00,GGB222001318,GGB234000003,4659,저상버스
2026-09-04,1730,2026-09-04T17:30:03.145959+09:00,GGB222001318,GGB234000028,3291,일반차량
2026-09-04,1730,2026-09-04T17:30:03.145959+09:00,GGB222001318,GGB234000028,1180,저상버스
2026-09-04,1740,2026-09-04T17:40:03.625048+09:00,GGB222001318,GGB222000009,1091,저상버스
2026-09-04,1740,2026-09-04T17:40:03.625048+09:00,GGB222001318,GGB222000009,1348,일반차량
2026-09-04,1740,2026-09-04T17:40:03.625048+09:00,GGB222001318,GGB222000013,1354,저상버스
2026-09-04,1740,2026-09-04T17:40:03.625048+09:00,GGB222001318,GGB222000013,2052,저상버스
2026-09-04,1740,2026-09-04T17:40:03.625048+09:00,GGB222001318,GGB222000027,4330,저상버스
2026-09-04,1740,2026-09-04T17:40:03.625048+09:00,GGB222001318,GGB222000027,2198,저상버스
2026-09-04,1740,2026-09-04T17:40:03.625048+09:00,GGB222001318,GGB222000028,476,일반차량
2026-09-04,1740,2026-09-04T17:40:03.625048+09:00,GGB222001318,GGB222000028,1220,일반차량
2026-09-04,1740,2026-09-04T17:40:03.625048+09:00,GGB222001318,GGB222000031,672,저상버스
2026-09-04,1740,2026-09-04T17:40:03.625048+09:00,GGB222001318,GGB222000031,2219,저상버스
2026-09-04,1740,2026-09-04T17:40:03.625048+09:00,GGB222001318,GGB222000032,2946,저상버스
2026-09-04,1740,2026-09-04T17:40:03.625048+09:00,GGB222001318,GGB222000032,668,저상버스
2026-09-04,1740,2026-09-04T17:40:03.625048+09:00,GGB222001318,GGB222000048,480,일반차량
2026-09-04,1740,2026-09-04T17:40:03.625048+09:00,GGB222001318,GGB222000048,1645,일반차량
2026-09-04,1740,2026-09-04T17:40:03.625048+09:00,GGB222001318,GGB222000078,3172,일반차량
2026-09-04,1740,2026-09-04T17:40:03.625048+09:00,GGB222001318,GGB222000078,4054,일반차량
2026-09-04,1740,2026-09-04T17:40:03.625048+09:00,GGB222001318,GGB222000180,333,일반차량
2026-09-04,1740,2026-09-04T17:40:03.625048+09:00,GGB222001318,GGB222000180,2953,일반차량
2026-09-04,1740,2026-09-04T17:40:03.625048+09:00,GGB222001318,GGB222000199,1055,일반차량
2026-09-04,1740,2026-09-04T17:40:03.625048+09:00,GGB222001318,GGB222000199,584,일반차량
2026-09-04,1740,2026-09-04T17:40:03.625048+09:00,GGB222001318,GGB234000003,1020,저상버스
2026-09-04,1740,2026-09-04T17:40:03.625048+09:00,GGB222001318,GGB234000003,4027,저상버스
2026-09-04,1740,2026-09-04T17:40:03.625048+09:00,GGB222001318,GGB234000028,2663,일반차량
2026-09-04,1740,2026-09-04T17:40:03.625048+09:00,GGB222001318,GGB234000028,735,저상버스
2026-09-04,1745,2026-09-04T17:45:03.539022+09:00,GGB222001318,GGB222000009,852,저상버스
2026-09-04,1745,2026-09-04T17:45:03.539022+09:00,GGB222001318,GGB222000009,1108,일반차량
2026-09-04,1745,2026-09-04T17:45:03.539022+09:00,GGB222001318,GGB222000013,1023,저상버스
2026-09-04,1745,2026-09-04T17:45:03.539022+09:00,GGB222001318,GGB222000013,1958,저상버스
2026-09-04,1745,2026-09-04T17:45:03.539022+09:00,GGB222001318,GGB222000027,4061,저상버스
2026-09-04,1745,2026-09-04T17:45:03.539022+09:00,GGB222001318,GGB222000027,2000,저상버스
2026-09-04,1745,2026-09-04T17:45:03.539022+09:00,GGB222001318,GGB222000028,260,일반차량
2026-09-04,1745,2026-09-04T17:45:03.539022+09:00,GGB222001318,GGB222000028,932,일반차량
2026-09-04,1745,2026-09-04T17:45:03.539022+09:00,GGB222001318,GGB222000031,503,저상버스
2026-09-04,1745,2026-09-04T17:45:03.539022+09:00,GGB222001318,GGB222000031,1834,저상버스
2026-09-04,1745,2026-09-04T17:45:03.539022+09:00,GGB222001318,GGB222000032,2632,저상버스
2026-09-04,1745,2026-09-04T17:45:03.539022+09:00,GGB222001318,GGB222000032,342,저상버스
2026-09-04,1745,2026-09-04T17:45:03.539022+09:00,GGB222001318,GGB222000048,223,일반차량
2026-09-04,1745,2026-09-04T17:45:03.539022+09:00,GGB222001318,GGB222000048,1400,일반차량
2026-09-04,1745,2026-09-04T17:45:03.539022+09:00,GGB222001318,GGB222000078,1500,일반차량
2026-09-04,1745,2026-09-04T17:45:03.539022+09:00,GGB222001318,GGB222000078,3042,일반차량
2026-09-04,1745,2026-09-04T17:45:03.539022+09:00,GGB222001318,GGB222000180,97,일반차량
2026-09-04,1745,2026-09-04T17:45:03.539022+09:00,GGB222001318,GGB222000180,2790,일반차량
2026-09-04,1745,2026-09-04T17:45:03.539022+09:00,GGB222001318,GGB222000199,838,일반차량
2026-09-04,1745,2026-09-04T17:45:03.539022+09:00,GGB222001318,GGB222000199,395,일반차량
2026-09-04,1745,2026-09-04T17:45:03.539022+09:00,GGB222001318,GGB234000003,733,저상버스
2026-09-04,1745,2026-09-04T17:45:03.539022+09:00,GGB222001318,GGB234000003,3604,저상버스
2026-09-04,1745,2026-09-04T17:45:03.539022+09:00,GGB222001318,GGB234000028,2592,일반차량
2026-09-04,1745,2026-09-04T17:45:03.539022+09:00,GGB222001318,GGB234000028,620,저상버스
2026-09-04,1750,2026-09-04T17:50:04.289654+09:00,GGB222001318,GGB222000009,583,저상버스
2026-09-04,1750,2026-09-04T17:50:04.289654+09:00,GGB222001318,GGB222000009,908,일반차량
2026-09-04,1750,2026-09-04T17:50:04.289654+09:00,GGB222001318,GGB222000013,730,저상버스
2026-09-04,1750,2026-09-04T17:50:04.289654+09:00,GGB222001318,GGB222000013,1772,저상버스
2026-09-04,1750,2026-09-04T17:50:04.289654+09:00,GGB222001318,GGB222000027,3712,저상버스
2026-09-04,1750,2026-09-04T17:50:04.289654+09:00,GGB222001318,GGB222000027,1819,저상버스
2026-09-04,1750,2026-09-04T17:50:04.289654+09:00,GGB222001318,GGB222000028,609,일반차량
2026-09-04,1750,2026-09-04T17:50:04.289654+09:00,GGB222001318,GGB222000028,1190,일반차량
2026-09-04,1750,2026-09-04T17:50:04.289654+09:00,GGB222001318,GGB222000031,262,저상버스
2026-09-04,1750,2026-09-04T17:50:04.289654+09:00,GGB222001318,GGB222000031,1762,저상버스
2026-09-04,1750,2026-09-04T17:50:04.289654+09:00,GGB222001318,GGB222000032,2306,저상버스
2026-09-04,1750,2026-09-04T17:50:04.289654+09:00,GGB222001318,GGB222000032,103,저상버스
2026-09-04,1750,2026-09-04T17:50:04.289654+09:00,GGB222001318,GGB222000048,1196,일반차량
2026-09-04,1750,2026-09-04T17:50:04.289654+09:00,GGB222001318,GGB222000048,2774,일반차량
2026-09-04,1750,2026-09-04T17:50:04.289654+09:00,GGB222001318,GGB222000078,1216,일반차량
2026-09-04,1750,2026-09-04T17:50:04.289654+09:00,GGB222001318,GGB222000078,2764,일반차량
2026-09-04,1750,2026-09-04T17:50:04.289654+09:00,GGB222001318,GGB222000180,4536,일반차량
2026-09-04,1750,2026-09-04T17:50:04.289654+09:00,GGB222001318,GGB222000180,2522,일반차량
2026-09-04,1750,2026-09-04T17:50:04.289654+09:00,GGB222001318,GGB222000199,510,일반차량
2026-09-04,1750,2026-09-04T17:50:04.289654+09:00,GGB222001318,GGB222000199,196,일반차량
2026-09-04,1750,2026-09-04T17:50:04.289654+09:00,GGB222001318,GGB234000003,455,저상버스
2026-09-04,1750,2026-09-04T17:50:04.289654+09:00,GGB222001318,GGB234000003,3439,저상버스
2026-09-04,1750,2026-09-04T17:50:04.289654+09:00,GGB222001318,GGB234000028,2430,일반차량
2026-09-04,1750,2026-09-04T17:50:04.289654+09:00,GGB222001318,GGB234000028,322,저상버스
2026-09-04,1800,2026-09-04T18:00:03.029129+09:00,GGB222001318,GGB222000009,169,일반차량
2026-09-04,1800,2026-09-04T18:00:03.029129+09:00,GGB222001318,GGB222000009,963,저상버스
2026-09-04,1800,2026-09-04T18:00:03.029129+09:00,GGB222001318,GGB222000013,182,저상버스
2026-09-04,1800,2026-09-04T18:00:03.029129+09:00,GGB222001318,GGB222000013,1218,저상버스
2026-09-04,1800,2026-09-04T18:00:03.029129+09:00,GGB222001318,GGB222000027,3023,저상버스
2026-09-04,1800,2026-09-04T18:00:03.029129+09:00,GGB222001318,GGB222000027,1107,저상버스
2026-09-04,1800,2026-09-04T18:00:03.029129+09:00,GGB222001318,GGB222000028,210,일반차량
2026-09-04,1800,2026-09-04T18:00:03.029129+09:00,GGB222001318,GGB222000028,752,일반차량
2026-09-04,1800,2026-09-04T18:00:03.029129+09:00,GGB222001318,GGB222000031,1258,저상버스
2026-09-04,1800,2026-09-04T18:00:03.029129+09:00,GGB222001318,GGB222000031,1847,저상버스
2026-09-04,1800,2026-09-04T18:00:03.029129+09:00,GGB222001318,GGB222000032,1698,저상버스
2026-09-04,1800,2026-09-04T18:00:03.029129+09:00,GGB222001318,GGB222000032,3184,저상버스
2026-09-04,1800,2026-09-04T18:00:03.029129+09:00,GGB222001318,GGB222000048,677,일반차량
2026-09-04,1800,2026-09-04T18:00:03.029129+09:00,GGB222001318,GGB222000048,2100,일반차량
2026-09-04,1800,2026-09-04T18:00:03.029129+09:00,GGB222001318,GGB222000078,624,일반차량
2026-09-04,1800,2026-09-04T18:00:03.029129+09:00,GGB222001318,GGB222000078,2344,일반차량
2026-09-04,1800,2026-09-04T18:00:03.029129+09:00,GGB222001318,GGB222000180,3576,일반차량
2026-09-04,1800,2026-09-04T18:00:03.029129+09:00,GGB222001318,GGB222000180,1838,일반차량
2026-09-04,1800,2026-09-04T18:00:03.029129+09:00,GGB222001318,GGB222000199,995,일반차량
2026-09-04,1800,2026-09-04T18:00:03.029129+09:00,GGB222001318,GGB222000199,120,일반차량
2026-09-04,1800,2026-09-04T18:00:03.029129+09:00,GGB222001318,GGB234000003,20,저상버스
2026-09-04,1800,2026-09-04T18:00:03.029129+09:00,GGB222001318,GGB234000003,3165,저상버스
2026-09-04,1800,2026-09-04T18:00:03.029129+09:00,GGB222001318,GGB234000028,1877,일반차량
2026-09-04,1800,2026-09-04T18:00:03.029129+09:00,GGB222001318,GGB234000028,3404,저상버스
2026-09-04,1805,2026-09-04T18:05:03.611737+09:00,GGB222001318,GGB222000009,666,저상버스
2026-09-04,1805,2026-09-04T18:05:03.611737+09:00,GGB222001318,GGB222000009,1863,저상버스
2026-09-04,1805,2026-09-04T18:05:03.611737+09:00,GGB222001318,GGB222000013,1013,저상버스
2026-09-04,1805,2026-09-04T18:05:03.611737+09:00,GGB222001318,GGB222000013,1483,저상버스
2026-09-04,1805,2026-09-04T18:05:03.611737+09:00,GGB222001318,GGB222000027,3026,저상버스
2026-09-04,1805,2026-09-04T18:05:03.611737+09:00,GGB222001318,GGB222000027,830,저상버스
2026-09-04,1805,2026-09-04T18:05:03.611737+09:00,GGB222001318,GGB222000028,419,일반차량
2026-09-04,1805,2026-09-04T18:05:03.611737+09:00,GGB222001318,GGB222000028,1137,일반차량
2026-09-04,1805,2026-09-04T18:05:03.611737+09:00,GGB222001318,GGB222000031,1080,저상버스
2026-09-04,1805,2026-09-04T18:05:03.611737+09:00,GGB222001318,GGB222000031,1656,저상버스
2026-09-04,1805,2026-09-04T18:05:03.611737+09:00,GGB222001318,GGB222000032,1428,저상버스
2026-09-04,1805,2026-09-04T18:05:03.611737+09:00,GGB222001318,GGB222000032,2932,저상버스
2026-09-04,1805,2026-09-04T18:05:03.611737+09:00,GGB222001318,GGB222000048,447,일반차량
2026-09-04,1805,2026-09-04T18:05:03.611737+09:00,GGB222001318,GGB222000048,1947,일반차량
2026-09-04,1805,2026-09-04T18:05:03.611737+09:00,GGB222001318,GGB222000078,347,일반차량
2026-09-04,1805,2026-09-04T18:05:03.611737+09:00,GGB222001318,GGB222000078,2260,일반차량
2026-09-04,1805,2026-09-04T18:05:03.611737+09:00,GGB222001318,GGB222000180,3524,일반차량
2026-09-04,1805,2026-09-04T18:05:03.611737+09:00,GGB222001318,GGB222000180,1576,일반차량
2026-09-04,1805,2026-09-04T18:05:03.611737+09:00,GGB222001318,GGB222000199,726,일반차량
2026-09-04,1805,2026-09-04T18:05:03.611737+09:00,GGB222001318,GGB222000199,1754,일반차량
2026-09-04,1805,2026-09-04T18:05:03.611737+09:00,GGB222001318,GGB234000003,5942,저상버스
2026-09-04,1805,2026-09-04T18:05:03.611737+09:00,GGB222001318,GGB234000003,2947,저상버스
2026-09-04,1805,2026-09-04T18:05:03.611737+09:00,GGB222001318,GGB234000028,1461,일반차량
2026-09-04,1805,2026-09-04T18:05:03.611737+09:00,GGB222001318,GGB234000028,2912,저상버스
2026-09-04,1810,2026-09-04T18:10:03.093682+09:00,GGB222001318,GGB222000009,394,저상버스
2026-09-04,1810,2026-09-04T18:10:03.093682+09:00,GGB222001318,GGB222000009,1418,저상버스
2026-09-04,1810,2026-09-04T18:10:03.093682+09:00,GGB222001318,GGB222000013,577,저상버스
2026-09-04,1810,2026-09-04T18:10:03.093682+09:00,GGB222001318,GGB222000013,1243,저상버스
2026-09-04,1810,2026-09-04T18:10:03.093682+09:00,GGB222001318,GGB222000027,2254,저상버스
2026-09-04,1810,2026-09-04T18:10:03.093682+09:00,GGB222001318,GGB222000027,525,저상버스
2026-09-04,1810,2026-09-04T18:10:03.093682+09:00,GGB222001318,GGB222000028,197,일반차량
2026-09-04,1810,2026-09-04T18:10:03.093682+09:00,GGB222001318,GGB222000028,797,일반차량
2026-09-04,1810,2026-09-04T18:10:03.093682+09:00,GGB222001318,GGB222000031,702,저상버스
2026-09-04,1810,2026-09-04T18:10:03.093682+09:00,GGB222001318,GGB222000031,1350,저상버스
2026-09-04,1810,2026-09-04T18:10:03.093682+09:00,GGB222001318,GGB222000032,1175,저상버스
2026-09-04,1810,2026-09-04T18:10:03.093682+09:00,GGB222001318,GGB222000032,2737,저상버스
2026-09-04,1810,2026-09-04T18:10:03.093682+09:00,GGB222001318,GGB222000048,261,일반차량
2026-09-04,1810,2026-09-04T18:10:03.093682+09:00,GGB222001318,GGB222000048,1803,일반차량
2026-09-04,1810,2026-09-04T18:10:03.093682+09:00,GGB222001318,GGB222000078,1585,일반차량
2026-09-04,1810,2026-09-04T18:10:03.093682+09:00,GGB222001318,GGB222000078,2374,일반차량
2026-09-04,1810,2026-09-04T18:10:03.093682+09:00,GGB222001318,GGB222000180,3238,일반차량
2026-09-04,1810,2026-09-04T18:10:03.093682+09:00,GGB222001318,GGB222000180,1337,일반차량
2026-09-04,1810,2026-09-04T18:10:03.093682+09:00,GGB222001318,GGB222000199,338,일반차량
2026-09-04,1810,2026-09-04T18:10:03.093682+09:00,GGB222001318,GGB222000199,1307,일반차량
2026-09-04,1810,2026-09-04T18:10:03.093682+09:00,GGB222001318,GGB234000003,5531,저상버스
2026-09-04,1810,2026-09-04T18:10:03.093682+09:00,GGB222001318,GGB234000003,2505,저상버스
2026-09-04,1810,2026-09-04T18:10:03.093682+09:00,GGB222001318,GGB234000028,1079,일반차량
2026-09-04,1810,2026-09-04T18:10:03.093682+09:00,GGB222001318,GGB234000028,2576,저상버스
2026-09-04,1815,2026-09-04T18:15:04.720325+09:00,GGB222001318,GGB222000009,174,저상버스
2026-09-04,1815,2026-09-04T18:15:04.720325+09:00,GGB222001318,GGB222000009,1380,저상버스
2026-09-04,1815,2026-09-04T18:15:04.720325+09:00,GGB222001318,GGB222000013,345,저상버스
2026-09-04,1815,2026-09-04T18:15:04.720325+09:00,GGB222001318,GGB222000013,1058,저상버스
2026-09-04,1815,2026-09-04T18:15:04.720325+09:00,GGB222001318,GGB222000027,2280,저상버스
2026-09-04,1815,2026-09-04T18:15:04.720325+09:00,GGB222001318,GGB222000027,373,저상버스
2026-09-04,1815,2026-09-04T18:15:04.720325+09:00,GGB222001318,GGB222000028,1019,일반차량
2026-09-04,1815,2026-09-04T18:15:04.720325+09:00,GGB222001318,GGB222000028,642,일반차량
2026-09-04,1815,2026-09-04T18:15:04.720325+09:00,GGB222001318,GGB222000031,470,저상버스
2026-09-04,1815,2026-09-04T18:15:04.720325+09:00,GGB222001318,GGB222000031,1107,저상버스
2026-09-04,1815,2026-09-04T18:15:04.720325+09:00,GGB222001318,GGB222000032,857,저상버스
2026-09-04,1815,2026-09-04T18:15:04.720325+09:00,GGB222001318,GGB222000032,2507,저상버스
2026-09-04,1815,2026-09-04T18:15:04.720325+09:00,GGB222001318,GGB222000048,2964,일반차량
2026-09-04,1815,2026-09-04T18:15:04.720325+09:00,GGB222001318,GGB222000048,1590,일반차량
2026-09-04,1815,2026-09-04T18:15:04.720325+09:00,GGB222001318,GGB222000078,2051,일반차량
2026-09-04,1815,2026-09-04T18:15:04.720325+09:00,GGB222001318,GGB222000078,2727,일반차량
2026-09-04,1815,2026-09-04T18:15:04.720325+09:00,GGB222001318,GGB222000180,2956,일반차량
2026-09-04,1815,2026-09-04T18:15:04.720325+09:00,GGB222001318,GGB222000180,1081,일반차량
2026-09-04,1815,2026-09-04T18:15:04.720325+09:00,GGB222001318,GGB222000199,234,일반차량
2026-09-04,1815,2026-09-04T18:15:04.720325+09:00,GGB222001318,GGB222000199,1335,일반차량
2026-09-04,1815,2026-09-04T18:15:04.720325+09:00,GGB222001318,GGB234000003,5201,저상버스
2026-09-04,1815,2026-09-04T18:15:04.720325+09:00,GGB222001318,GGB234000003,2171,저상버스
2026-09-04,1815,2026-09-04T18:15:04.720325+09:00,GGB222001318,GGB234000028,873,일반차량
2026-09-04,1815,2026-09-04T18:15:04.720325+09:00,GGB222001318,GGB234000028,2536,저상버스
2026-09-04,1820,2026-09-04T18:20:03.105612+09:00,GGB222001318,GGB222000009,1524,저상버스
2026-09-04,1820,2026-09-04T18:20:03.105612+09:00,GGB222001318,GGB222000009,1055,저상버스
2026-09-04,1820,2026-09-04T18:20:03.105612+09:00,GGB222001318,GGB222000013,142,저상버스
2026-09-04,1820,2026-09-04T18:20:03.105612+09:00,GGB222001318,GGB222000013,846,저상버스
2026-09-04,1820,2026-09-04T18:20:03.105612+09:00,GGB222001318,GGB222000027,2130,저상버스
2026-09-04,1820,2026-09-04T18:20:03.105612+09:00,GGB222001318,GGB222000027,159,저상버스
2026-09-04,1820,2026-09-04T18:20:03.105612+09:00,GGB222001318,GGB222000028,909,일반차량
2026-09-04,1820,2026-09-04T18:20:03.105612+09:00,GGB222001318,GGB222000028,319,일반차량
2026-09-04,1820,2026-09-04T18:20:03.105612+09:00,GGB222001318,GGB222000031,256,저상버스
2026-09-04,1820,2026-09-04T18:20:03.105612+09:00,GGB222001318,GGB222000031,818,저상버스
2026-09-04,1820,2026-09-04T18:20:03.105612+09:00,GGB222001318,GGB222000032,598,저상버스
2026-09-04,1820,2026-09-04T18:20:03.105612+09:00,GGB222001318,GGB222000032,2256,저상버스
2026-09-04,1820,2026-09-04T18:20:03.105612+09:00,GGB222001318,GGB222000048,2717,일반차량
2026-09-04,1820,2026-09-04T18:20:03.105612+09:00,GGB222001318,GGB222000048,1309,일반차량
2026-09-04,1820,2026-09-04T18:20:03.105612+09:00,GGB222001318,GGB222000078,1249,일반차량
2026-09-04,1820,2026-09-04T18:20:03.105612+09:00,GGB222001318,GGB222000078,2099,일반차량
2026-09-04,1820,2026-09-04T18:20:03.105612+09:00,GGB222001318,GGB222000180,2634,일반차량
2026-09-04,1820,2026-09-04T18:20:03.105612+09:00,GGB222001318,GGB222000180,802,일반차량
2026-09-04,1820,2026-09-04T18:20:03.105612+09:00,GGB222001318,GGB222000199,88,일반차량
2026-09-04,1820,2026-09-04T18:20:03.105612+09:00,GGB222001318,GGB222000199,1079,일반차량
2026-09-04,1820,2026-09-04T18:20:03.105612+09:00,GGB222001318,GGB234000003,5120,저상버스
2026-09-04,1820,2026-09-04T18:20:03.105612+09:00,GGB222001318,GGB234000003,2179,저상버스
2026-09-04,1820,2026-09-04T18:20:03.105612+09:00,GGB222001318,GGB234000028,660,일반차량
2026-09-04,1820,2026-09-04T18:20:03.105612+09:00,GGB222001318,GGB234000028,2143,저상버스
2026-09-04,1825,2026-09-04T18:25:03.453872+09:00,GGB222001318,GGB222000009,1290,저상버스
2026-09-04,1825,2026-09-04T18:25:03.453872+09:00,GGB222001318,GGB222000009,811,저상버스
2026-09-04,1825,2026-09-04T18:25:03.453872+09:00,GGB222001318,GGB222000013,569,저상버스
2026-09-04,1825,2026-09-04T18:25:03.453872+09:00,GGB222001318,GGB222000013,1810,저상버스
2026-09-04,1825,2026-09-04T18:25:03.453872+09:00,GGB222001318,GGB222000027,1871,저상버스
2026-09-04,1825,2026-09-04T18:25:03.453872+09:00,GGB222001318,GGB222000027,4926,저상버스
2026-09-04,1825,2026-09-04T18:25:03.453872+09:00,GGB222001318,GGB222000028,503,일반차량
2026-09-04,1825,2026-09-04T18:25:03.453872+09:00,GGB222001318,GGB222000028,163,일반차량
2026-09-04,1825,2026-09-04T18:25:03.453872+09:00,GGB222001318,GGB222000031,2104,저상버스
2026-09-04,1825,2026-09-04T18:25:03.453872+09:00,GGB222001318,GGB222000031,516,저상버스
2026-09-04,1825,2026-09-04T18:25:03.453872+09:00,GGB222001318,GGB222000032,338,저상버스
2026-09-04,1825,2026-09-04T18:25:03.453872+09:00,GGB222001318,GGB222000032,2026,저상버스
2026-09-04,1825,2026-09-04T18:25:03.453872+09:00,GGB222001318,GGB222000048,2434,일반차량
2026-09-04,1825,2026-09-04T18:25:03.453872+09:00,GGB222001318,GGB222000048,996,일반차량
2026-09-04,1825,2026-09-04T18:25:03.453872+09:00,GGB222001318,GGB222000056,998,일반차량
2026-09-04,1825,2026-09-04T18:25:03.453872+09:00,GGB222001318,GGB222000078,962,일반차량
2026-09-04,1825,2026-09-04T18:25:03.453872+09:00,GGB222001318,GGB222000078,1654,일반차량
2026-09-04,1825,2026-09-04T18:25:03.453872+09:00,GGB222001318,GGB222000180,2466,일반차량
2026-09-04,1825,2026-09-04T18:25:03.453872+09:00,GGB222001318,GGB222000180,574,일반차량
2026-09-04,1825,2026-09-04T18:25:03.453872+09:00,GGB222001318,GGB222000199,2019,일반차량
2026-09-04,1825,2026-09-04T18:25:03.453872+09:00,GGB222001318,GGB222000199,763,일반차량
2026-09-04,1825,2026-09-04T18:25:03.453872+09:00,GGB222001318,GGB234000003,4841,저상버스
2026-09-04,1825,2026-09-04T18:25:03.453872+09:00,GGB222001318,GGB234000003,1808,저상버스
2026-09-04,1825,2026-09-04T18:25:03.453872+09:00,GGB222001318,GGB234000028,337,일반차량
2026-09-04,1825,2026-09-04T18:25:03.453872+09:00,GGB222001318,GGB234000028,1929,저상버스
2026-09-04,1830,2026-09-04T18:30:03.803234+09:00,GGB222001318,GGB222000009,1039,저상버스
2026-09-04,1830,2026-09-04T18:30:03.803234+09:00,GGB222001318,GGB222000009,701,저상버스
2026-09-04,1830,2026-09-04T18:30:03.803234+09:00,GGB222001318,GGB222000013,343,저상버스
2026-09-04,1830,2026-09-04T18:30:03.803234+09:00,GGB222001318,GGB222000013,1394,저상버스
2026-09-04,1830,2026-09-04T18:30:03.803234+09:00,GGB222001318,GGB222000027,1665,저상버스
2026-09-04,1830,2026-09-04T18:30:03.803234+09:00,GGB222001318,GGB222000027,4675,저상버스
2026-09-04,1830,2026-09-04T18:30:03.803234+09:00,GGB222001318,GGB222000028,884,일반차량
2026-09-04,1830,2026-09-04T18:30:03.803234+09:00,GGB222001318,GGB222000028,294,일반차량
2026-09-04,1830,2026-09-04T18:30:03.803234+09:00,GGB222001318,GGB222000031,1816,저상버스
2026-09-04,1830,2026-09-04T18:30:03.803234+09:00,GGB222001318,GGB222000031,340,저상버스
2026-09-04,1830,2026-09-04T18:30:03.803234+09:00,GGB222001318,GGB222000032,80,저상버스
2026-09-04,1830,2026-09-04T18:30:03.803234+09:00,GGB222001318,GGB222000032,1657,저상버스
2026-09-04,1830,2026-09-04T18:30:03.803234+09:00,GGB222001318,GGB222000048,2212,일반차량
2026-09-04,1830,2026-09-04T18:30:03.803234+09:00,GGB222001318,GGB222000048,856,일반차량
2026-09-04,1830,2026-09-04T18:30:03.803234+09:00,GGB222001318,GGB222000056,693,일반차량
2026-09-04,1830,2026-09-04T18:30:03.803234+09:00,GGB222001318,GGB222000078,645,일반차량
2026-09-04,1830,2026-09-04T18:30:03.803234+09:00,GGB222001318,GGB222000078,2204,일반차량
2026-09-04,1830,2026-09-04T18:30:03.803234+09:00,GGB222001318,GGB222000180,2227,일반차량
2026-09-04,1830,2026-09-04T18:30:03.803234+09:00,GGB222001318,GGB222000180,365,일반차량
2026-09-04,1830,2026-09-04T18:30:03.803234+09:00,GGB222001318,GGB222000199,1538,일반차량
2026-09-04,1830,2026-09-04T18:30:03.803234+09:00,GGB222001318,GGB222000199,418,일반차량
2026-09-04,1830,2026-09-04T18:30:03.803234+09:00,GGB222001318,GGB234000003,4647,저상버스
2026-09-04,1830,2026-09-04T18:30:03.803234+09:00,GGB222001318,GGB234000003,1626,저상버스
2026-09-04,1830,2026-09-04T18:30:03.803234+09:00,GGB222001318,GGB234000028,79,일반차량
2026-09-04,1830,2026-09-04T18:30:03.803234+09:00,GGB222001318,GGB234000028,1691,저상버스
2026-09-04,1835,2026-09-04T18:35:03.178458+09:00,GGB222001318,GGB222000009,780,저상버스
2026-09-04,1835,2026-09-04T18:35:03.178458+09:00,GGB222001318,GGB222000009,381,저상버스
2026-09-04,1835,2026-09-04T18:35:03.178458+09:00,GGB222001318,GGB222000013,63,저상버스
2026-09-04,1835,2026-09-04T18:35:03.178458+09:00,GGB222001318,GGB222000013,917,저상버스
2026-09-04,1835,2026-09-04T18:35:03.178458+09:00,GGB222001318,GGB222000027,1234,저상버스
2026-09-04,1835,2026-09-04T18:35:03.178458+09:00,GGB222001318,GGB222000027,3880,저상버스
2026-09-04,1835,2026-09-04T18:35:03.178458+09:00,GGB222001318,GGB222000028,655,일반차량
2026-09-04,1835,2026-09-04T18:35:03.178458+09:00,GGB222001318,GGB222000028,62,일반차량
2026-09-04,1835,2026-09-04T18:35:03.178458+09:00,GGB222001318,GGB222000031,1501,저상버스
2026-09-04,1835,2026-09-04T18:35:03.178458+09:00,GGB222001318,GGB222000031,57,저상버스
2026-09-04,1835,2026-09-04T18:35:03.178458+09:00,GGB222001318,GGB222000032,1245,저상버스
2026-09-04,1835,2026-09-04T18:35:03.178458+09:00,GGB222001318,GGB222000032,3115,저상버스
2026-09-04,1835,2026-09-04T18:35:03.178458+09:00,GGB222001318,GGB222000048,1867,일반차량
2026-09-04,1835,2026-09-04T18:35:03.178458+09:00,GGB222001318,GGB222000048,675,일반차량
2026-09-04,1835,2026-09-04T18:35:03.178458+09:00,GGB222001318,GGB222000056,662,일반차량
2026-09-04,1835,2026-09-04T18:35:03.178458+09:00,GGB222001318,GGB222000078,360,일반차량
2026-09-04,1835,2026-09-04T18:35:03.178458+09:00,GGB222001318,GGB222000078,1612,일반차량
2026-09-04,1835,2026-09-04T18:35:03.178458+09:00,GGB222001318,GGB222000180,1809,일반차량
2026-09-04,1835,2026-09-04T18:35:03.178458+09:00,GGB222001318,GGB222000180,99,일반차량
2026-09-04,1835,2026-09-04T18:35:03.178458+09:00,GGB222001318,GGB222000199,1150,일반차량
2026-09-04,1835,2026-09-04T18:35:03.178458+09:00,GGB222001318,GGB222000199,189,일반차량
2026-09-04,1835,2026-09-04T18:35:03.178458+09:00,GGB222001318,GGB234000003,4360,저상버스
2026-09-04,1835,2026-09-04T18:35:03.178458+09:00,GGB222001318,GGB234000003,1303,저상버스
2026-09-04,1835,2026-09-04T18:35:03.178458+09:00,GGB222001318,GGB234000028,2846,일반차량
2026-09-04,1835,2026-09-04T18:35:03.178458+09:00,GGB222001318,GGB234000028,1357,저상버스
2026-09-04,1840,2026-09-04T18:40:03.204023+09:00,GGB222001318,GGB222000009,523,저상버스
2026-09-04,1840,2026-09-04T18:40:03.204023+09:00,GGB222001318,GGB222000009,1617,저상버스
2026-09-04,1840,2026-09-04T18:40:03.204023+09:00,GGB222001318,GGB222000013,2004,저상버스
2026-09-04,1840,2026-09-04T18:40:03.204023+09:00,GGB222001318,GGB222000013,792,저상버스
2026-09-04,1840,2026-09-04T18:40:03.204023+09:00,GGB222001318,GGB222000027,1037,저상버스
2026-09-04,1840,2026-09-04T18:40:03.204023+09:00,GGB222001318,GGB222000027,3603,저상버스
2026-09-04,1840,2026-09-04T18:40:03.204023+09:00,GGB222001318,GGB222000028,501,일반차량
2026-09-04,1840,2026-09-04T18:40:03.204023+09:00,GGB222001318,GGB222000028,1232,일반차량
2026-09-04,1840,2026-09-04T18:40:03.204023+09:00,GGB222001318,GGB222000031,2861,저상버스
2026-09-04,1840,2026-09-04T18:40:03.204023+09:00,GGB222001318,GGB222000031,1268,저상버스
2026-09-04,1840,2026-09-04T18:40:03.204023+09:00,GGB222001318,GGB222000032,830,저상버스
2026-09-04,1840,2026-09-04T18:40:03.204023+09:00,GGB222001318,GGB222000032,2738,저상버스
2026-09-04,1840,2026-09-04T18:40:03.204023+09:00,GGB222001318,GGB222000048,1814,일반차량
2026-09-04,1840,2026-09-04T18:40:03.204023+09:00,GGB222001318,GGB222000048,412,일반차량
2026-09-04,1840,2026-09-04T18:40:03.204023+09:00,GGB222001318,GGB222000056,378,일반차량
2026-09-04,1840,2026-09-04T18:40:03.204023+09:00,GGB222001318,GGB222000078,3749,일반차량
2026-09-04,1840,2026-09-04T18:40:03.204023+09:00,GGB222001318,GGB222000078,1467,일반차량
2026-09-04,1840,2026-09-04T18:40:03.204023+09:00,GGB222001318,GGB222000180,3804,일반차량
2026-09-04,1840,2026-09-04T18:40:03.204023+09:00,GGB222001318,GGB222000180,1669,일반차량
2026-09-04,1840,2026-09-04T18:40:03.204023+09:00,GGB222001318,GGB222000199,1628,일반차량
2026-09-04,1840,2026-09-04T18:40:03.204023+09:00,GGB222001318,GGB222000199,913,일반차량
2026-09-04,1840,2026-09-04T18:40:03.204023+09:00,GGB222001318,GGB234000003,4022,저상버스
2026-09-04,1840,2026-09-04T18:40:03.204023+09:00,GGB222001318,GGB234000003,1009,저상버스
2026-09-04,1840,2026-09-04T18:40:03.204023+09:00,GGB222001318,GGB234000028,2833,일반차량
2026-09-04,1840,2026-09-04T18:40:03.204023+09:00,GGB222001318,GGB234000028,1066,저상버스
2026-09-04,1845,2026-09-04T18:45:04.101998+09:00,GGB222001318,GGB222000009,201,저상버스
2026-09-04,1845,2026-09-04T18:45:04.101998+09:00,GGB222001318,GGB222000009,1154,저상버스
2026-09-04,1845,2026-09-04T18:45:04.101998+09:00,GGB222001318,GGB222000013,1721,저상버스
2026-09-04,1845,2026-09-04T18:45:04.101998+09:00,GGB222001318,GGB222000013,443,저상버스
2026-09-04,1845,2026-09-04T18:45:04.101998+09:00,GGB222001318,GGB222000027,726,저상버스
2026-09-04,1845,2026-09-04T18:45:04.101998+09:00,GGB222001318,GGB222000027,3420,저상버스
2026-09-04,1845,2026-09-04T18:45:04.101998+09:00,GGB222001318,GGB222000028,344,일반차량
2026-09-04,1845,2026-09-04T18:45:04.101998+09:00,GGB222001318,GGB222000028,1144,일반차량
2026-09-04,1845,2026-09-04T18:45:04.101998+09:00,GGB222001318,GGB222000031,2639,저상버스
2026-09-04,1845,2026-09-04T18:45:04.101998+09:00,GGB222001318,GGB222000031,1112,저상버스
2026-09-04,1845,2026-09-04T18:45:04.101998+09:00,GGB222001318,GGB222000032,526,저상버스
2026-09-04,1845,2026-09-04T18:45:04.101998+09:00,GGB222001318,GGB222000032,2374,저상버스
2026-09-04,1845,2026-09-04T18:45:04.101998+09:00,GGB222001318,GGB222000048,1550,일반차량
2026-09-04,1845,2026-09-04T18:45:04.101998+09:00,GGB222001318,GGB222000048,227,일반차량
2026-09-04,1845,2026-09-04T18:45:04.101998+09:00,GGB222001318,GGB222000078,4380,일반차량
2026-09-04,1845,2026-09-04T18:45:04.101998+09:00,GGB222001318,GGB222000078,1331,일반차량
2026-09-04,1845,2026-09-04T18:45:04.101998+09:00,GGB222001318,GGB222000180,3296,일반차량
2026-09-04,1845,2026-09-04T18:45:04.101998+09:00,GGB222001318,GGB222000180,1249,일반차량
2026-09-04,1845,2026-09-04T18:45:04.101998+09:00,GGB222001318,GGB222000199,1483,일반차량
2026-09-04,1845,2026-09-04T18:45:04.101998+09:00,GGB222001318,GGB222000199,695,일반차량
2026-09-04,1845,2026-09-04T18:45:04.101998+09:00,GGB222001318,GGB234000003,3639,저상버스
2026-09-04,1845,2026-09-04T18:45:04.101998+09:00,GGB222001318,GGB234000003,672,저상버스
2026-09-04,1845,2026-09-04T18:45:04.101998+09:00,GGB222001318,GGB234000028,2535,일반차량
2026-09-04,1845,2026-09-04T18:45:04.101998+09:00,GGB222001318,GGB234000028,785,저상버스
2026-09-04,1850,2026-09-04T18:50:03.362632+09:00,GGB222001318,GGB222000009,2128,저상버스
2026-09-04,1850,2026-09-04T18:50:03.362632+09:00,GGB222001318,GGB222000009,839,저상버스
2026-09-04,1850,2026-09-04T18:50:03.362632+09:00,GGB222001318,GGB222000013,1393,저상버스
2026-09-04,1850,2026-09-04T18:50:03.362632+09:00,GGB222001318,GGB222000013,222,저상버스
2026-09-04,1850,2026-09-04T18:50:03.362632+09:00,GGB222001318,GGB222000027,368,저상버스
2026-09-04,1850,2026-09-04T18:50:03.362632+09:00,GGB222001318,GGB222000027,3009,저상버스
2026-09-04,1850,2026-09-04T18:50:03.362632+09:00,GGB222001318,GGB222000028,119,일반차량
2026-09-04,1850,2026-09-04T18:50:03.362632+09:00,GGB222001318,GGB222000028,652,일반차량
2026-09-04,1850,2026-09-04T18:50:03.362632+09:00,GGB222001318,GGB222000031,2347,저상버스
2026-09-04,1850,2026-09-04T18:50:03.362632+09:00,GGB222001318,GGB222000031,737,저상버스
2026-09-04,1850,2026-09-04T18:50:03.362632+09:00,GGB222001318,GGB222000032,227,저상버스
2026-09-04,1850,2026-09-04T18:50:03.362632+09:00,GGB222001318,GGB222000032,2108,저상버스
2026-09-04,1850,2026-09-04T18:50:03.362632+09:00,GGB222001318,GGB222000048,2247,저상버스
2026-09-04,1850,2026-09-04T18:50:03.362632+09:00,GGB222001318,GGB222000048,1227,일반차량
2026-09-04,1850,2026-09-04T18:50:03.362632+09:00,GGB222001318,GGB222000078,4342,일반차량
2026-09-04,1850,2026-09-04T18:50:03.362632+09:00,GGB222001318,GGB222000078,964,일반차량
2026-09-04,1850,2026-09-04T18:50:03.362632+09:00,GGB222001318,GGB222000180,3119,일반차량
2026-09-04,1850,2026-09-04T18:50:03.362632+09:00,GGB222001318,GGB222000180,901,일반차량
2026-09-04,1850,2026-09-04T18:50:03.362632+09:00,GGB222001318,GGB222000199,1155,일반차량
2026-09-04,1850,2026-09-04T18:50:03.362632+09:00,GGB222001318,GGB222000199,419,일반차량
2026-09-04,1850,2026-09-04T18:50:03.362632+09:00,GGB222001318,GGB234000003,3422,저상버스
2026-09-04,1850,2026-09-04T18:50:03.362632+09:00,GGB222001318,GGB234000003,466,저상버스
2026-09-04,1850,2026-09-04T18:50:03.362632+09:00,GGB222001318,GGB234000028,2140,일반차량
2026-09-04,1850,2026-09-04T18:50:03.362632+09:00,GGB222001318,GGB234000028,632,저상버스
2026-09-04,1855,2026-09-04T18:55:03.418865+09:00,GGB222001318,GGB222000009,1801,저상버스
2026-09-04,1855,2026-09-04T18:55:03.418865+09:00,GGB222001318,GGB222000009,437,저상버스
2026-09-04,1855,2026-09-04T18:55:03.418865+09:00,GGB222001318,GGB222000013,1185,저상버스
2026-09-04,1855,2026-09-04T18:55:03.418865+09:00,GGB222001318,GGB222000013,1866,저상버스
2026-09-04,1855,2026-09-04T18:55:03.418865+09:00,GGB222001318,GGB222000027,115,저상버스
2026-09-04,1855,2026-09-04T18:55:03.418865+09:00,GGB222001318,GGB222000027,2935,저상버스
2026-09-04,1855,2026-09-04T18:55:03.418865+09:00,GGB222001318,GGB222000028,1040,일반차량
2026-09-04,1855,2026-09-04T18:55:03.418865+09:00,GGB222001318,GGB222000028,380,일반차량
2026-09-04,1855,2026-09-04T18:55:03.418865+09:00,GGB222001318,GGB222000031,1963,저상버스
2026-09-04,1855,2026-09-04T18:55:03.418865+09:00,GGB222001318,GGB222000031,437,저상버스
2026-09-04,1855,2026-09-04T18:55:03.418865+09:00,GGB222001318,GGB222000032,1817,저상버스
2026-09-04,1855,2026-09-04T18:55:03.418865+09:00,GGB222001318,GGB222000032,5316,저상버스
2026-09-04,1855,2026-09-04T18:55:03.418865+09:00,GGB222001318,GGB222000048,2139,저상버스
2026-09-04,1855,2026-09-04T18:55:03.418865+09:00,GGB222001318,GGB222000048,889,일반차량
2026-09-04,1855,2026-09-04T18:55:03.418865+09:00,GGB222001318,GGB222000078,687,일반차량
2026-09-04,1855,2026-09-04T18:55:03.418865+09:00,GGB222001318,GGB222000078,1560,일반차량
2026-09-04,1855,2026-09-04T18:55:03.418865+09:00,GGB222001318,GGB222000180,2834,일반차량
2026-09-04,1855,2026-09-04T18:55:03.418865+09:00,GGB222001318,GGB222000180,560,일반차량
2026-09-04,1855,2026-09-04T18:55:03.418865+09:00,GGB222001318,GGB222000199,934,일반차량
2026-09-04,1855,2026-09-04T18:55:03.418865+09:00,GGB222001318,GGB222000199,231,일반차량
2026-09-04,1855,2026-09-04T18:55:03.418865+09:00,GGB222001318,GGB234000003,3128,저상버스
2026-09-04,1855,2026-09-04T18:55:03.418865+09:00,GGB222001318,GGB234000003,186,저상버스
2026-09-04,1855,2026-09-04T18:55:03.418865+09:00,GGB222001318,GGB234000028,1957,일반차량
2026-09-04,1855,2026-09-04T18:55:03.418865+09:00,GGB222001318,GGB234000028,322,저상버스
2026-09-07,0700,2026-09-07T07:00:05.259150+09:00,GGB222001318,GGB222000009,1011,저상버스
2026-09-07,0700,2026-09-07T07:00:05.259150+09:00,GGB222001318,GGB222000009,350,저상버스
2026-09-07,0700,2026-09-07T07:00:05.259150+09:00,GGB222001318,GGB222000013,917,저상버스
2026-09-07,0700,2026-09-07T07:00:05.259150+09:00,GGB222001318,GGB222000013,2026,저상버스
2026-09-07,0700,2026-09-07T07:00:05.259150+09:00,GGB222001318,GGB222000027,1226,저상버스
2026-09-07,0700,2026-09-07T07:00:05.259150+09:00,GGB222001318,GGB222000027,4238,저상버스
2026-09-07,0700,2026-09-07T07:00:05.259150+09:00,GGB222001318,GGB222000028,1113,일반차량
2026-09-07,0700,2026-09-07T07:00:05.259150+09:00,GGB222001318,GGB222000028,401,일반차량
2026-09-07,0700,2026-09-07T07:00:05.259150+09:00,GGB222001318,GGB222000031,947,저상버스
2026-09-07,0700,2026-09-07T07:00:05.259150+09:00,GGB222001318,GGB222000031,1877,저상버스
2026-09-07,0700,2026-09-07T07:00:05.259150+09:00,GGB222001318,GGB222000032,5085,저상버스
2026-09-07,0700,2026-09-07T07:00:05.259150+09:00,GGB222001318,GGB222000032,6231,저상버스
2026-09-07,0700,2026-09-07T07:00:05.259150+09:00,GGB222001318,GGB222000048,709,일반차량
2026-09-07,0700,2026-09-07T07:00:05.259150+09:00,GGB222001318,GGB222000048,1487,일반차량
2026-09-07,0700,2026-09-07T07:00:05.259150+09:00,GGB222001318,GGB222000078,2647,일반차량
2026-09-07,0700,2026-09-07T07:00:05.259150+09:00,GGB222001318,GGB222000078,378,일반차량
2026-09-07,0700,2026-09-07T07:00:05.259150+09:00,GGB222001318,GGB222000137,3927,일반차량
2026-09-07,0700,2026-09-07T07:00:05.259150+09:00,GGB222001318,GGB222000180,1680,일반차량
2026-09-07,0700,2026-09-07T07:00:05.259150+09:00,GGB222001318,GGB222000180,3518,일반차량
2026-09-07,0700,2026-09-07T07:00:05.259150+09:00,GGB222001318,GGB222000199,482,일반차량
2026-09-07,0700,2026-09-07T07:00:05.259150+09:00,GGB222001318,GGB222000199,1679,일반차량
2026-09-07,0700,2026-09-07T07:00:05.259150+09:00,GGB222001318,GGB222000239,1234,일반차량
2026-09-07,0700,2026-09-07T07:00:05.259150+09:00,GGB222001318,GGB234000003,1449,저상버스
2026-09-07,0700,2026-09-07T07:00:05.259150+09:00,GGB222001318,GGB234000003,4865,저상버스
2026-09-07,0700,2026-09-07T07:00:05.259150+09:00,GGB222001318,GGB234000028,3808,일반차량
2026-09-07,0700,2026-09-07T07:00:05.259150+09:00,GGB222001318,GGB234000028,2145,저상버스
2026-09-07,0705,2026-09-07T07:05:03.046354+09:00,GGB222001318,GGB222000009,836,저상버스
2026-09-07,0705,2026-09-07T07:05:03.046354+09:00,GGB222001318,GGB222000009,196,저상버스
2026-09-07,0705,2026-09-07T07:05:03.046354+09:00,GGB222001318,GGB222000013,894,저상버스
2026-09-07,0705,2026-09-07T07:05:03.046354+09:00,GGB222001318,GGB222000013,1862,저상버스
2026-09-07,0705,2026-09-07T07:05:03.046354+09:00,GGB222001318,GGB222000027,1171,저상버스
2026-09-07,0705,2026-09-07T07:05:03.046354+09:00,GGB222001318,GGB222000027,4136,저상버스
2026-09-07,0705,2026-09-07T07:05:03.046354+09:00,GGB222001318,GGB222000028,923,일반차량
2026-09-07,0705,2026-09-07T07:05:03.046354+09:00,GGB222001318,GGB222000028,318,일반차량
2026-09-07,0705,2026-09-07T07:05:03.046354+09:00,GGB222001318,GGB222000031,840,저상버스
2026-09-07,0705,2026-09-07T07:05:03.046354+09:00,GGB222001318,GGB222000031,1892,저상버스
2026-09-07,0705,2026-09-07T07:05:03.046354+09:00,GGB222001318,GGB222000032,4976,저상버스
2026-09-07,0705,2026-09-07T07:05:03.046354+09:00,GGB222001318,GGB222000032,6165,저상버스
2026-09-07,0705,2026-09-07T07:05:03.046354+09:00,GGB222001318,GGB222000048,582,일반차량
2026-09-07,0705,2026-09-07T07:05:03.046354+09:00,GGB222001318,GGB222000048,1458,일반차량
2026-09-07,0705,2026-09-07T07:05:03.046354+09:00,GGB222001318,GGB222000078,295,일반차량
2026-09-07,0705,2026-09-07T07:05:03.046354+09:00,GGB222001318,GGB222000078,1860,일반차량
2026-09-07,0705,2026-09-07T07:05:03.046354+09:00,GGB222001318,GGB222000137,3791,일반차량
2026-09-07,0705,2026-09-07T07:05:03.046354+09:00,GGB222001318,GGB222000180,1578,일반차량
2026-09-07,0705,2026-09-07T07:05:03.046354+09:00,GGB222001318,GGB222000180,3373,일반차량
2026-09-07,0705,2026-09-07T07:05:03.046354+09:00,GGB222001318,GGB222000199,419,일반차량
2026-09-07,0705,2026-09-07T07:05:03.046354+09:00,GGB222001318,GGB222000199,1660,일반차량
2026-09-07,0705,2026-09-07T07:05:03.046354+09:00,GGB222001318,GGB222000239,988,일반차량
2026-09-07,0705,2026-09-07T07:05:03.046354+09:00,GGB222001318,GGB234000003,1409,저상버스
2026-09-07,0705,2026-09-07T07:05:03.046354+09:00,GGB222001318,GGB234000003,4808,저상버스
2026-09-07,0705,2026-09-07T07:05:03.046354+09:00,GGB222001318,GGB234000028,3817,일반차량
2026-09-07,0705,2026-09-07T07:05:03.046354+09:00,GGB222001318,GGB234000028,2077,저상버스
2026-09-07,0710,2026-09-07T07:10:04.161735+09:00,GGB222001318,GGB222000009,498,저상버스
2026-09-07,0710,2026-09-07T07:10:04.161735+09:00,GGB222001318,GGB222000009,1468,일반차량
2026-09-07,0710,2026-09-07T07:10:04.161735+09:00,GGB222001318,GGB222000013,587,저상버스
2026-09-07,0710,2026-09-07T07:10:04.161735+09:00,GGB222001318,GGB222000013,1412,저상버스
2026-09-07,0710,2026-09-07T07:10:04.161735+09:00,GGB222001318,GGB222000027,800,저상버스
2026-09-07,0710,2026-09-07T07:10:04.161735+09:00,GGB222001318,GGB222000027,3885,저상버스
2026-09-07,0710,2026-09-07T07:10:04.161735+09:00,GGB222001318,GGB222000028,831,일반차량
2026-09-07,0710,2026-09-07T07:10:04.161735+09:00,GGB222001318,GGB222000028,127,일반차량
2026-09-07,0710,2026-09-07T07:10:04.161735+09:00,GGB222001318,GGB222000031,783,저상버스
2026-09-07,0710,2026-09-07T07:10:04.161735+09:00,GGB222001318,GGB222000031,1840,저상버스
2026-09-07,0710,2026-09-07T07:10:04.161735+09:00,GGB222001318,GGB222000032,4868,저상버스
2026-09-07,0710,2026-09-07T07:10:04.161735+09:00,GGB222001318,GGB222000032,5979,저상버스
2026-09-07,0710,2026-09-07T07:10:04.161735+09:00,GGB222001318,GGB222000048,441,일반차량
2026-09-07,0710,2026-09-07T07:10:04.161735+09:00,GGB222001318,GGB222000048,1218,일반차량
2026-09-07,0710,2026-09-07T07:10:04.161735+09:00,GGB222001318,GGB222000056,685,일반차량
2026-09-07,0710,2026-09-07T07:10:04.161735+09:00,GGB222001318,GGB222000078,2568,일반차량
2026-09-07,0710,2026-09-07T07:10:04.161735+09:00,GGB222001318,GGB222000078,1623,일반차량
2026-09-07,0710,2026-09-07T07:10:04.161735+09:00,GGB222001318,GGB222000137,3652,일반차량
2026-09-07,0710,2026-09-07T07:10:04.161735+09:00,GGB222001318,GGB222000137,6213,일반차량
2026-09-07,0710,2026-09-07T07:10:04.161735+09:00,GGB222001318,GGB222000180,1232,일반차량
2026-09-07,0710,2026-09-07T07:10:04.161735+09:00,GGB222001318,GGB222000180,2995,일반차량
2026-09-07,0710,2026-09-07T07:10:04.161735+09:00,GGB222001318,GGB222000199,202,일반차량
2026-09-07,0710,2026-09-07T07:10:04.161735+09:00,GGB222001318,GGB222000199,1325,일반차량
2026-09-07,0710,2026-09-07T07:10:04.161735+09:00,GGB222001318,GGB222000239,691,일반차량
2026-09-07,0710,2026-09-07T07:10:04.161735+09:00,GGB222001318,GGB234000003,1150,저상버스
2026-09-07,0710,2026-09-07T07:10:04.161735+09:00,GGB222001318,GGB234000003,4621,저상버스
2026-09-07,0710,2026-09-07T07:10:04.161735+09:00,GGB222001318,GGB234000028,3321,일반차량
2026-09-07,0710,2026-09-07T07:10:04.161735+09:00,GGB222001318,GGB234000028,1848,저상버스
2026-09-07,0715,2026-09-07T07:15:02.827925+09:00,GGB222001318,GGB222000009,141,저상버스
2026-09-07,0715,2026-09-07T07:15:02.827925+09:00,GGB222001318,GGB222000009,980,일반차량
2026-09-07,0715,2026-09-07T07:15:02.827925+09:00,GGB222001318,GGB222000013,338,저상버스
2026-09-07,0715,2026-09-07T07:15:02.827925+09:00,GGB222001318,GGB222000013,1125,저상버스
2026-09-07,0715,2026-09-07T07:15:02.827925+09:00,GGB222001318,GGB222000027,385,저상버스
2026-09-07,0715,2026-09-07T07:15:02.827925+09:00,GGB222001318,GGB222000027,3819,저상버스
2026-09-07,0715,2026-09-07T07:15:02.827925+09:00,GGB222001318,GGB222000028,457,일반차량
2026-09-07,0715,2026-09-07T07:15:02.827925+09:00,GGB222001318,GGB222000028,1282,일반차량
2026-09-07,0715,2026-09-07T07:15:02.827925+09:00,GGB222001318,GGB222000031,410,저상버스
2026-09-07,0715,2026-09-07T07:15:02.827925+09:00,GGB222001318,GGB222000031,1515,저상버스
2026-09-07,0715,2026-09-07T07:15:02.827925+09:00,GGB222001318,GGB222000032,4586,저상버스
2026-09-07,0715,2026-09-07T07:15:02.827925+09:00,GGB222001318,GGB222000032,5764,저상버스
2026-09-07,0715,2026-09-07T07:15:02.827925+09:00,GGB222001318,GGB222000048,797,일반차량
2026-09-07,0715,2026-09-07T07:15:02.827925+09:00,GGB222001318,GGB222000048,2182,일반차량
2026-09-07,0715,2026-09-07T07:15:02.827925+09:00,GGB222001318,GGB222000056,350,일반차량
2026-09-07,0715,2026-09-07T07:15:02.827925+09:00,GGB222001318,GGB222000078,2619,일반차량
2026-09-07,0715,2026-09-07T07:15:02.827925+09:00,GGB222001318,GGB222000078,1462,일반차량
2026-09-07,0715,2026-09-07T07:15:02.827925+09:00,GGB222001318,GGB222000137,3478,일반차량
2026-09-07,0715,2026-09-07T07:15:02.827925+09:00,GGB222001318,GGB222000137,6085,일반차량
2026-09-07,0715,2026-09-07T07:15:02.827925+09:00,GGB222001318,GGB222000180,938,일반차량
2026-09-07,0715,2026-09-07T07:15:02.827925+09:00,GGB222001318,GGB222000180,2875,일반차량
2026-09-07,0715,2026-09-07T07:15:02.827925+09:00,GGB222001318,GGB222000199,1777,일반차량
2026-09-07,0715,2026-09-07T07:15:02.827925+09:00,GGB222001318,GGB222000199,1131,일반차량
2026-09-07,0715,2026-09-07T07:15:02.827925+09:00,GGB222001318,GGB222000239,355,일반차량
2026-09-07,0715,2026-09-07T07:15:02.827925+09:00,GGB222001318,GGB234000003,866,저상버스
2026-09-07,0715,2026-09-07T07:15:02.827925+09:00,GGB222001318,GGB234000003,4405,저상버스
2026-09-07,0715,2026-09-07T07:15:02.827925+09:00,GGB222001318,GGB234000028,4882,저상버스
2026-09-07,0715,2026-09-07T07:15:02.827925+09:00,GGB222001318,GGB234000028,1619,저상버스
2026-09-07,0720,2026-09-07T07:20:02.466262+09:00,GGB222001318,GGB222000009,612,일반차량
2026-09-07,0720,2026-09-07T07:20:02.466262+09:00,GGB222001318,GGB222000009,1749,저상버스
2026-09-07,0720,2026-09-07T07:20:02.466262+09:00,GGB222001318,GGB222000013,21,저상버스
2026-09-07,0720,2026-09-07T07:20:02.466262+09:00,GGB222001318,GGB222000013,936,저상버스
2026-09-07,0720,2026-09-07T07:20:02.466262+09:00,GGB222001318,GGB222000027,21,저상버스
2026-09-07,0720,2026-09-07T07:20:02.466262+09:00,GGB222001318,GGB222000027,3535,저상버스
2026-09-07,0720,2026-09-07T07:20:02.466262+09:00,GGB222001318,GGB222000028,194,일반차량
2026-09-07,0720,2026-09-07T07:20:02.466262+09:00,GGB222001318,GGB222000028,885,일반차량
2026-09-07,0720,2026-09-07T07:20:02.466262+09:00,GGB222001318,GGB222000031,205,저상버스
2026-09-07,0720,2026-09-07T07:20:02.466262+09:00,GGB222001318,GGB222000031,1216,저상버스
2026-09-07,0720,2026-09-07T07:20:02.466262+09:00,GGB222001318,GGB222000032,4264,저상버스
2026-09-07,0720,2026-09-07T07:20:02.466262+09:00,GGB222001318,GGB222000032,5628,저상버스
2026-09-07,0720,2026-09-07T07:20:02.466262+09:00,GGB222001318,GGB222000048,654,일반차량
2026-09-07,0720,2026-09-07T07:20:02.466262+09:00,GGB222001318,GGB222000048,2064,일반차량
2026-09-07,0720,2026-09-07T07:20:02.466262+09:00,GGB222001318,GGB222000056,100,일반차량
2026-09-07,0720,2026-09-07T07:20:02.466262+09:00,GGB222001318,GGB222000078,4562,일반차량
2026-09-07,0720,2026-09-07T07:20:02.466262+09:00,GGB222001318,GGB222000137,3246,일반차량
2026-09-07,0720,2026-09-07T07:20:02.466262+09:00,GGB222001318,GGB222000137,5848,일반차량
2026-09-07,0720,2026-09-07T07:20:02.466262+09:00,GGB222001318,GGB222000180,696,일반차량
2026-09-07,0720,2026-09-07T07:20:02.466262+09:00,GGB222001318,GGB222000180,2788,일반차량
2026-09-07,0720,2026-09-07T07:20:02.466262+09:00,GGB222001318,GGB222000199,1437,일반차량
2026-09-07,0720,2026-09-07T07:20:02.466262+09:00,GGB222001318,GGB222000199,758,일반차량
2026-09-07,0720,2026-09-07T07:20:02.466262+09:00,GGB222001318,GGB222000239,143,일반차량
2026-09-07,0720,2026-09-07T07:20:02.466262+09:00,GGB222001318,GGB234000003,626,저상버스
2026-09-07,0720,2026-09-07T07:20:02.466262+09:00,GGB222001318,GGB234000003,4106,저상버스
2026-09-07,0720,2026-09-07T07:20:02.466262+09:00,GGB222001318,GGB234000028,3336,일반차량
2026-09-07,0720,2026-09-07T07:20:02.466262+09:00,GGB222001318,GGB234000028,1350,저상버스
2026-09-07,0725,2026-09-07T07:25:03.391997+09:00,GGB222001318,GGB222000009,433,일반차량
2026-09-07,0725,2026-09-07T07:25:03.391997+09:00,GGB222001318,GGB222000009,1615,저상버스
2026-09-07,0725,2026-09-07T07:25:03.391997+09:00,GGB222001318,GGB222000013,630,저상버스
2026-09-07,0725,2026-09-07T07:25:03.391997+09:00,GGB222001318,GGB222000013,1555,저상버스
2026-09-07,0725,2026-09-07T07:25:03.391997+09:00,GGB222001318,GGB222000027,5756,저상버스
2026-09-07,0725,2026-09-07T07:25:03.391997+09:00,GGB222001318,GGB222000027,3157,저상버스
2026-09-07,0725,2026-09-07T07:25:03.391997+09:00,GGB222001318,GGB222000028,1360,일반차량
2026-09-07,0725,2026-09-07T07:25:03.391997+09:00,GGB222001318,GGB222000028,608,일반차량
2026-09-07,0725,2026-09-07T07:25:03.391997+09:00,GGB222001318,GGB222000031,923,저상버스
2026-09-07,0725,2026-09-07T07:25:03.391997+09:00,GGB222001318,GGB222000031,2849,저상버스
2026-09-07,0725,2026-09-07T07:25:03.391997+09:00,GGB222001318,GGB222000032,3911,저상버스
2026-09-07,0725,2026-09-07T07:25:03.391997+09:00,GGB222001318,GGB222000032,5049,저상버스
2026-09-07,0725,2026-09-07T07:25:03.391997+09:00,GGB222001318,GGB222000048,388,일반차량
2026-09-07,0725,2026-09-07T07:25:03.391997+09:00,GGB222001318,GGB222000048,2129,일반차량
2026-09-07,0725,2026-09-07T07:25:03.391997+09:00,GGB222001318,GGB222000078,2018,일반차량
2026-09-07,0725,2026-09-07T07:25:03.391997+09:00,GGB222001318,GGB222000078,847,일반차량
2026-09-07,0725,2026-09-07T07:25:03.391997+09:00,GGB222001318,GGB222000137,3203,일반차량
2026-09-07,0725,2026-09-07T07:25:03.391997+09:00,GGB222001318,GGB222000137,5888,일반차량
2026-09-07,0725,2026-09-07T07:25:03.391997+09:00,GGB222001318,GGB222000180,479,일반차량
2026-09-07,0725,2026-09-07T07:25:03.391997+09:00,GGB222001318,GGB222000180,2382,일반차량
2026-09-07,0725,2026-09-07T07:25:03.391997+09:00,GGB222001318,GGB222000199,1179,일반차량
2026-09-07,0725,2026-09-07T07:25:03.391997+09:00,GGB222001318,GGB222000199,601,일반차량
2026-09-07,0725,2026-09-07T07:25:03.391997+09:00,GGB222001318,GGB234000003,341,저상버스
2026-09-07,0725,2026-09-07T07:25:03.391997+09:00,GGB222001318,GGB234000003,3892,저상버스
2026-09-07,0725,2026-09-07T07:25:03.391997+09:00,GGB222001318,GGB234000028,3006,일반차량
2026-09-07,0725,2026-09-07T07:25:03.391997+09:00,GGB222001318,GGB234000028,1118,저상버스
2026-09-07,0730,2026-09-07T07:30:03.501880+09:00,GGB222001318,GGB222000009,15,일반차량
2026-09-07,0730,2026-09-07T07:30:03.501880+09:00,GGB222001318,GGB222000009,1445,저상버스
2026-09-07,0730,2026-09-07T07:30:03.501880+09:00,GGB222001318,GGB222000013,311,저상버스
2026-09-07,0730,2026-09-07T07:30:03.501880+09:00,GGB222001318,GGB222000013,1480,저상버스
2026-09-07,0730,2026-09-07T07:30:03.501880+09:00,GGB222001318,GGB222000027,5552,저상버스
2026-09-07,0730,2026-09-07T07:30:03.501880+09:00,GGB222001318,GGB222000027,3015,저상버스
2026-09-07,0730,2026-09-07T07:30:03.501880+09:00,GGB222001318,GGB222000028,1137,일반차량
2026-09-07,0730,2026-09-07T07:30:03.501880+09:00,GGB222001318,GGB222000028,375,일반차량
2026-09-07,0730,2026-09-07T07:30:03.501880+09:00,GGB222001318,GGB222000031,733,저상버스
2026-09-07,0730,2026-09-07T07:30:03.501880+09:00,GGB222001318,GGB222000031,2498,저상버스
2026-09-07,0730,2026-09-07T07:30:03.501880+09:00,GGB222001318,GGB222000032,3794,저상버스
2026-09-07,0730,2026-09-07T07:30:03.501880+09:00,GGB222001318,GGB222000032,4812,저상버스
2026-09-07,0730,2026-09-07T07:30:03.501880+09:00,GGB222001318,GGB222000048,235,일반차량
2026-09-07,0730,2026-09-07T07:30:03.501880+09:00,GGB222001318,GGB222000048,1947,일반차량
2026-09-07,0730,2026-09-07T07:30:03.501880+09:00,GGB222001318,GGB222000078,1773,일반차량
2026-09-07,0730,2026-09-07T07:30:03.501880+09:00,GGB222001318,GGB222000078,562,일반차량
2026-09-07,0730,2026-09-07T07:30:03.501880+09:00,GGB222001318,GGB222000137,3067,일반차량
2026-09-07,0730,2026-09-07T07:30:03.501880+09:00,GGB222001318,GGB222000137,5756,일반차량
2026-09-07,0730,2026-09-07T07:30:03.501880+09:00,GGB222001318,GGB222000180,273,일반차량
2026-09-07,0730,2026-09-07T07:30:03.501880+09:00,GGB222001318,GGB222000180,2187,일반차량
2026-09-07,0730,2026-09-07T07:30:03.501880+09:00,GGB222001318,GGB222000199,945,일반차량
2026-09-07,0730,2026-09-07T07:30:03.501880+09:00,GGB222001318,GGB222000199,422,일반차량
2026-09-07,0730,2026-09-07T07:30:03.501880+09:00,GGB222001318,GGB234000003,186,저상버스
2026-09-07,0730,2026-09-07T07:30:03.501880+09:00,GGB222001318,GGB234000003,3627,저상버스
2026-09-07,0730,2026-09-07T07:30:03.501880+09:00,GGB222001318,GGB234000028,2705,일반차량
2026-09-07,0730,2026-09-07T07:30:03.501880+09:00,GGB222001318,GGB234000028,823,저상버스
2026-09-07,0735,2026-09-07T07:35:02.713037+09:00,GGB222001318,GGB222000009,1087,저상버스
2026-09-07,0735,2026-09-07T07:35:02.713037+09:00,GGB222001318,GGB222000009,1818,저상버스
2026-09-07,0735,2026-09-07T07:35:02.713037+09:00,GGB222001318,GGB222000013,52,저상버스
2026-09-07,0735,2026-09-07T07:35:02.713037+09:00,GGB222001318,GGB222000013,1405,저상버스
2026-09-07,0735,2026-09-07T07:35:02.713037+09:00,GGB222001318,GGB222000027,5472,저상버스
2026-09-07,0735,2026-09-07T07:35:02.713037+09:00,GGB222001318,GGB222000027,2841,저상버스
2026-09-07,0735,2026-09-07T07:35:02.713037+09:00,GGB222001318,GGB222000028,870,일반차량
2026-09-07,0735,2026-09-07T07:35:02.713037+09:00,GGB222001318,GGB222000028,154,일반차량
2026-09-07,0735,2026-09-07T07:35:02.713037+09:00,GGB222001318,GGB222000031,408,저상버스
2026-09-07,0735,2026-09-07T07:35:02.713037+09:00,GGB222001318,GGB222000031,2171,저상버스
2026-09-07,0735,2026-09-07T07:35:02.713037+09:00,GGB222001318,GGB222000032,3626,저상버스
2026-09-07,0735,2026-09-07T07:35:02.713037+09:00,GGB222001318,GGB222000032,4610,저상버스
2026-09-07,0735,2026-09-07T07:35:02.713037+09:00,GGB222001318,GGB222000048,2907,일반차량
2026-09-07,0735,2026-09-07T07:35:02.713037+09:00,GGB222001318,GGB222000048,1559,일반차량
2026-09-07,0735,2026-09-07T07:35:02.713037+09:00,GGB222001318,GGB222000078,1542,일반차량
2026-09-07,0735,2026-09-07T07:35:02.713037+09:00,GGB222001318,GGB222000078,248,일반차량
2026-09-07,0735,2026-09-07T07:35:02.713037+09:00,GGB222001318,GGB222000137,2675,일반차량
2026-09-07,0735,2026-09-07T07:35:02.713037+09:00,GGB222001318,GGB222000137,5623,일반차량
2026-09-07,0735,2026-09-07T07:35:02.713037+09:00,GGB222001318,GGB222000180,102,일반차량
2026-09-07,0735,2026-09-07T07:35:02.713037+09:00,GGB222001318,GGB222000180,2073,일반차량
2026-09-07,0735,2026-09-07T07:35:02.713037+09:00,GGB222001318,GGB222000199,778,일반차량
2026-09-07,0735,2026-09-07T07:35:02.713037+09:00,GGB222001318,GGB222000199,183,일반차량
2026-09-07,0735,2026-09-07T07:35:02.713037+09:00,GGB222001318,GGB234000003,6197,저상버스
2026-09-07,0735,2026-09-07T07:35:02.713037+09:00,GGB222001318,GGB234000003,3474,저상버스
2026-09-07,0735,2026-09-07T07:35:02.713037+09:00,GGB222001318,GGB234000028,2515,일반차량
2026-09-07,0735,2026-09-07T07:35:02.713037+09:00,GGB222001318,GGB234000028,725,저상버스
2026-09-07,0745,2026-09-07T07:45:02.559600+09:00,GGB222001318,GGB222000009,436,저상버스
2026-09-07,0745,2026-09-07T07:45:02.559600+09:00,GGB222001318,GGB222000009,922,저상버스
2026-09-07,0745,2026-09-07T07:45:02.559600+09:00,GGB222001318,GGB222000013,969,저상버스
2026-09-07,0745,2026-09-07T07:45:02.559600+09:00,GGB222001318,GGB222000013,2116,저상버스
2026-09-07,0745,2026-09-07T07:45:02.559600+09:00,GGB222001318,GGB222000027,5402,저상버스
2026-09-07,0745,2026-09-07T07:45:02.559600+09:00,GGB222001318,GGB222000027,2327,저상버스
2026-09-07,0745,2026-09-07T07:45:02.559600+09:00,GGB222001318,GGB222000028,530,일반차량
2026-09-07,0745,2026-09-07T07:45:02.559600+09:00,GGB222001318,GGB222000028,1075,일반차량
2026-09-07,0745,2026-09-07T07:45:02.559600+09:00,GGB222001318,GGB222000031,3400,저상버스
2026-09-07,0745,2026-09-07T07:45:02.559600+09:00,GGB222001318,GGB222000031,1470,저상버스
2026-09-07,0745,2026-09-07T07:45:02.559600+09:00,GGB222001318,GGB222000032,3103,저상버스
2026-09-07,0745,2026-09-07T07:45:02.559600+09:00,GGB222001318,GGB222000032,4579,저상버스
2026-09-07,0745,2026-09-07T07:45:02.559600+09:00,GGB222001318,GGB222000048,2323,일반차량
2026-09-07,0745,2026-09-07T07:45:02.559600+09:00,GGB222001318,GGB222000048,1056,일반차량
2026-09-07,0745,2026-09-07T07:45:02.559600+09:00,GGB222001318,GGB222000078,907,일반차량
2026-09-07,0745,2026-09-07T07:45:02.559600+09:00,GGB222001318,GGB222000078,3069,일반차량
2026-09-07,0745,2026-09-07T07:45:02.559600+09:00,GGB222001318,GGB222000137,2218,일반차량
2026-09-07,0745,2026-09-07T07:45:02.559600+09:00,GGB222001318,GGB222000137,4979,일반차량
2026-09-07,0745,2026-09-07T07:45:02.559600+09:00,GGB222001318,GGB222000180,3223,일반차량
2026-09-07,0745,2026-09-07T07:45:02.559600+09:00,GGB222001318,GGB222000180,1503,일반차량
2026-09-07,0745,2026-09-07T07:45:02.559600+09:00,GGB222001318,GGB222000199,269,일반차량
2026-09-07,0745,2026-09-07T07:45:02.559600+09:00,GGB222001318,GGB222000199,534,일반차량
2026-09-07,0745,2026-09-07T07:45:02.559600+09:00,GGB222001318,GGB234000003,5690,저상버스
2026-09-07,0745,2026-09-07T07:45:02.559600+09:00,GGB222001318,GGB234000003,3041,저상버스
2026-09-07,0745,2026-09-07T07:45:02.559600+09:00,GGB222001318,GGB234000028,2414,일반차량
2026-09-07,0745,2026-09-07T07:45:02.559600+09:00,GGB222001318,GGB234000028,634,저상버스
2026-09-07,0750,2026-09-07T07:50:02.738473+09:00,GGB222001318,GGB222000009,131,저상버스
2026-09-07,0750,2026-09-07T07:50:02.738473+09:00,GGB222001318,GGB222000009,727,저상버스
2026-09-07,0750,2026-09-07T07:50:02.738473+09:00,GGB222001318,GGB222000013,686,저상버스
2026-09-07,0750,2026-09-07T07:50:02.738473+09:00,GGB222001318,GGB222000013,1938,저상버스
2026-09-07,0750,2026-09-07T07:50:02.738473+09:00,GGB222001318,GGB222000027,5226,저상버스
2026-09-07,0750,2026-09-07T07:50:02.738473+09:00,GGB222001318,GGB222000027,2088,저상버스
2026-09-07,0750,2026-09-07T07:50:02.738473+09:00,GGB222001318,GGB222000028,403,일반차량
2026-09-07,0750,2026-09-07T07:50:02.738473+09:00,GGB222001318,GGB222000028,855,일반차량
2026-09-07,0750,2026-09-07T07:50:02.738473+09:00,GGB222001318,GGB222000031,3082,저상버스
2026-09-07,0750,2026-09-07T07:50:02.738473+09:00,GGB222001318,GGB222000031,1237,저상버스
2026-09-07,0750,2026-09-07T07:50:02.738473+09:00,GGB222001318,GGB222000032,2828,저상버스
2026-09-07,0750,2026-09-07T07:50:02.738473+09:00,GGB222001318,GGB222000032,4276,저상버스
2026-09-07,0750,2026-09-07T07:50:02.738473+09:00,GGB222001318,GGB222000048,1935,일반차량
2026-09-07,0750,2026-09-07T07:50:02.738473+09:00,GGB222001318,GGB222000048,631,일반차량
2026-09-07,0750,2026-09-07T07:50:02.738473+09:00,GGB222001318,GGB222000078,649,일반차량
2026-09-07,0750,2026-09-07T07:50:02.738473+09:00,GGB222001318,GGB222000078,2908,일반차량
2026-09-07,0750,2026-09-07T07:50:02.738473+09:00,GGB222001318,GGB222000137,2155,일반차량
2026-09-07,0750,2026-09-07T07:50:02.738473+09:00,GGB222001318,GGB222000137,4779,일반차량
2026-09-07,0750,2026-09-07T07:50:02.738473+09:00,GGB222001318,GGB222000180,2995,일반차량
2026-09-07,0750,2026-09-07T07:50:02.738473+09:00,GGB222001318,GGB222000180,1170,일반차량
2026-09-07,0750,2026-09-07T07:50:02.738473+09:00,GGB222001318,GGB222000199,1699,일반차량
2026-09-07,0750,2026-09-07T07:50:02.738473+09:00,GGB222001318,GGB222000199,325,일반차량
2026-09-07,0750,2026-09-07T07:50:02.738473+09:00,GGB222001318,GGB234000003,5343,저상버스
2026-09-07,0750,2026-09-07T07:50:02.738473+09:00,GGB222001318,GGB234000003,2687,저상버스
2026-09-07,0750,2026-09-07T07:50:02.738473+09:00,GGB222001318,GGB234000028,2308,일반차량
2026-09-07,0750,2026-09-07T07:50:02.738473+09:00,GGB222001318,GGB234000028,338,저상버스
2026-09-07,0755,2026-09-07T07:55:02.923476+09:00,GGB222001318,GGB222000009,2338,저상버스
2026-09-07,0755,2026-09-07T07:55:02.923476+09:00,GGB222001318,GGB222000009,488,저상버스
2026-09-07,0755,2026-09-07T07:55:02.923476+09:00,GGB222001318,GGB222000013,323,저상버스
2026-09-07,0755,2026-09-07T07:55:02.923476+09:00,GGB222001318,GGB222000013,1884,저상버스
2026-09-07,0755,2026-09-07T07:55:02.923476+09:00,GGB222001318,GGB222000027,4745,저상버스
2026-09-07,0755,2026-09-07T07:55:02.923476+09:00,GGB222001318,GGB222000027,1889,저상버스
2026-09-07,0755,2026-09-07T07:55:02.923476+09:00,GGB222001318,GGB222000028,165,일반차량
2026-09-07,0755,2026-09-07T07:55:02.923476+09:00,GGB222001318,GGB222000028,458,일반차량
2026-09-07,0755,2026-09-07T07:55:02.923476+09:00,GGB222001318,GGB222000031,2858,저상버스
2026-09-07,0755,2026-09-07T07:55:02.923476+09:00,GGB222001318,GGB222000031,999,저상버스
2026-09-07,0755,2026-09-07T07:55:02.923476+09:00,GGB222001318,GGB222000032,2536,저상버스
2026-09-07,0755,2026-09-07T07:55:02.923476+09:00,GGB222001318,GGB222000032,3953,저상버스
2026-09-07,0755,2026-09-07T07:55:02.923476+09:00,GGB222001318,GGB222000048,2927,저상버스
2026-09-07,0755,2026-09-07T07:55:02.923476+09:00,GGB222001318,GGB222000048,356,일반차량
2026-09-07,0755,2026-09-07T07:55:02.923476+09:00,GGB222001318,GGB222000078,370,일반차량
2026-09-07,0755,2026-09-07T07:55:02.923476+09:00,GGB222001318,GGB222000078,2857,일반차량
2026-09-07,0755,2026-09-07T07:55:02.923476+09:00,GGB222001318,GGB222000137,1870,일반차량
2026-09-07,0755,2026-09-07T07:55:02.923476+09:00,GGB222001318,GGB222000137,4848,일반차량
2026-09-07,0755,2026-09-07T07:55:02.923476+09:00,GGB222001318,GGB222000180,2529,일반차량
2026-09-07,0755,2026-09-07T07:55:02.923476+09:00,GGB222001318,GGB222000180,634,일반차량
2026-09-07,0755,2026-09-07T07:55:02.923476+09:00,GGB222001318,GGB222000199,1410,일반차량
2026-09-07,0755,2026-09-07T07:55:02.923476+09:00,GGB222001318,GGB222000199,121,일반차량
2026-09-07,0755,2026-09-07T07:55:02.923476+09:00,GGB222001318,GGB234000003,5010,저상버스
2026-09-07,0755,2026-09-07T07:55:02.923476+09:00,GGB222001318,GGB234000003,2372,저상버스
2026-09-07,0755,2026-09-07T07:55:02.923476+09:00,GGB222001318,GGB234000028,1925,일반차량
2026-09-07,0755,2026-09-07T07:55:02.923476+09:00,GGB222001318,GGB234000028,181,저상버스
2026-09-07,0805,2026-09-07T08:05:02.498085+09:00,GGB222001318,GGB222000009,1844,저상버스
2026-09-07,0805,2026-09-07T08:05:02.498085+09:00,GGB222001318,GGB222000009,2575,저상버스
2026-09-07,0805,2026-09-07T08:05:02.498085+09:00,GGB222001318,GGB222000013,1889,저상버스
2026-09-07,0805,2026-09-07T08:05:02.498085+09:00,GGB222001318,GGB222000013,1160,저상버스
2026-09-07,0805,2026-09-07T08:05:02.498085+09:00,GGB222001318,GGB222000027,4247,저상버스
2026-09-07,0805,2026-09-07T08:05:02.498085+09:00,GGB222001318,GGB222000027,1364,저상버스
2026-09-07,0805,2026-09-07T08:05:02.498085+09:00,GGB222001318,GGB222000028,417,일반차량
2026-09-07,0805,2026-09-07T08:05:02.498085+09:00,GGB222001318,GGB222000028,1515,일반차량
2026-09-07,0805,2026-09-07T08:05:02.498085+09:00,GGB222001318,GGB222000031,2390,저상버스
2026-09-07,0805,2026-09-07T08:05:02.498085+09:00,GGB222001318,GGB222000031,459,저상버스
2026-09-07,0805,2026-09-07T08:05:02.498085+09:00,GGB222001318,GGB222000032,1965,저상버스
2026-09-07,0805,2026-09-07T08:05:02.498085+09:00,GGB222001318,GGB222000032,3475,저상버스
2026-09-07,0805,2026-09-07T08:05:02.498085+09:00,GGB222001318,GGB222000048,2417,저상버스
2026-09-07,0805,2026-09-07T08:05:02.498085+09:00,GGB222001318,GGB222000048,1210,일반차량
2026-09-07,0805,2026-09-07T08:05:02.498085+09:00,GGB222001318,GGB222000078,43,일반차량
2026-09-07,0805,2026-09-07T08:05:02.498085+09:00,GGB222001318,GGB222000078,2480,일반차량
2026-09-07,0805,2026-09-07T08:05:02.498085+09:00,GGB222001318,GGB222000137,1443,일반차량
2026-09-07,0805,2026-09-07T08:05:02.498085+09:00,GGB222001318,GGB222000137,4272,일반차량
2026-09-07,0805,2026-09-07T08:05:02.498085+09:00,GGB222001318,GGB222000180,1928,일반차량
2026-09-07,0805,2026-09-07T08:05:02.498085+09:00,GGB222001318,GGB222000180,289,일반차량
2026-09-07,0805,2026-09-07T08:05:02.498085+09:00,GGB222001318,GGB222000199,962,일반차량
2026-09-07,0805,2026-09-07T08:05:02.498085+09:00,GGB222001318,GGB222000199,1421,일반차량
2026-09-07,0805,2026-09-07T08:05:02.498085+09:00,GGB222001318,GGB234000003,4661,저상버스
2026-09-07,0805,2026-09-07T08:05:02.498085+09:00,GGB222001318,GGB234000003,1953,저상버스
2026-09-07,0805,2026-09-07T08:05:02.498085+09:00,GGB222001318,GGB234000028,1221,일반차량
2026-09-07,0805,2026-09-07T08:05:02.498085+09:00,GGB222001318,GGB234000028,3282,저상버스
2026-09-07,0810,2026-09-07T08:10:02.802771+09:00,GGB222001318,GGB222000009,956,저상버스
2026-09-07,0810,2026-09-07T08:10:02.802771+09:00,GGB222001318,GGB222000009,1756,저상버스
2026-09-07,0810,2026-09-07T08:10:02.802771+09:00,GGB222001318,GGB222000013,1283,저상버스
2026-09-07,0810,2026-09-07T08:10:02.802771+09:00,GGB222001318,GGB222000013,587,저상버스
2026-09-07,0810,2026-09-07T08:10:02.802771+09:00,GGB222001318,GGB222000027,2942,저상버스
2026-09-07,0810,2026-09-07T08:10:02.802771+09:00,GGB222001318,GGB222000027,722,저상버스
2026-09-07,0810,2026-09-07T08:10:02.802771+09:00,GGB222001318,GGB222000028,205,일반차량
2026-09-07,0810,2026-09-07T08:10:02.802771+09:00,GGB222001318,GGB222000028,948,일반차량
2026-09-07,0810,2026-09-07T08:10:02.802771+09:00,GGB222001318,GGB222000031,1469,저상버스
2026-09-07,0810,2026-09-07T08:10:02.802771+09:00,GGB222001318,GGB222000031,172,저상버스
2026-09-07,0810,2026-09-07T08:10:02.802771+09:00,GGB222001318,GGB222000032,1209,저상버스
2026-09-07,0810,2026-09-07T08:10:02.802771+09:00,GGB222001318,GGB222000032,2286,저상버스
2026-09-07,0810,2026-09-07T08:10:02.802771+09:00,GGB222001318,GGB222000048,1489,저상버스
2026-09-07,0810,2026-09-07T08:10:02.802771+09:00,GGB222001318,GGB222000048,681,일반차량
2026-09-07,0810,2026-09-07T08:10:02.802771+09:00,GGB222001318,GGB222000078,2147,일반차량
2026-09-07,0810,2026-09-07T08:10:02.802771+09:00,GGB222001318,GGB222000078,4998,일반차량
2026-09-07,0810,2026-09-07T08:10:02.802771+09:00,GGB222001318,GGB222000137,1564,일반차량
2026-09-07,0810,2026-09-07T08:10:02.802771+09:00,GGB222001318,GGB222000137,3266,일반차량
2026-09-07,0810,2026-09-07T08:10:02.802771+09:00,GGB222001318,GGB222000180,2118,일반차량
2026-09-07,0810,2026-09-07T08:10:02.802771+09:00,GGB222001318,GGB222000180,1041,일반차량
2026-09-07,0810,2026-09-07T08:10:02.802771+09:00,GGB222001318,GGB222000199,310,일반차량
2026-09-07,0810,2026-09-07T08:10:02.802771+09:00,GGB222001318,GGB222000199,623,일반차량
2026-09-07,0810,2026-09-07T08:10:02.802771+09:00,GGB222001318,GGB234000003,3044,저상버스
2026-09-07,0810,2026-09-07T08:10:02.802771+09:00,GGB222001318,GGB234000003,1264,저상버스
2026-09-07,0810,2026-09-07T08:10:02.802771+09:00,GGB222001318,GGB234000028,433,일반차량
2026-09-07,0810,2026-09-07T08:10:02.802771+09:00,GGB222001318,GGB234000028,2409,저상버스
2026-09-07,0815,2026-09-07T08:15:03.278953+09:00,GGB222001318,GGB222000009,658,저상버스
2026-09-07,0815,2026-09-07T08:15:03.278953+09:00,GGB222001318,GGB222000009,1533,저상버스
2026-09-07,0815,2026-09-07T08:15:03.278953+09:00,GGB222001318,GGB222000013,890,저상버스
2026-09-07,0815,2026-09-07T08:15:03.278953+09:00,GGB222001318,GGB222000013,424,저상버스
2026-09-07,0815,2026-09-07T08:15:03.278953+09:00,GGB222001318,GGB222000027,2739,저상버스
2026-09-07,0815,2026-09-07T08:15:03.278953+09:00,GGB222001318,GGB222000027,424,저상버스
2026-09-07,0815,2026-09-07T08:15:03.278953+09:00,GGB222001318,GGB222000028,941,일반차량
2026-09-07,0815,2026-09-07T08:15:03.278953+09:00,GGB222001318,GGB222000028,1505,일반차량
2026-09-07,0815,2026-09-07T08:15:03.278953+09:00,GGB222001318,GGB222000031,1955,저상버스
2026-09-07,0815,2026-09-07T08:15:03.278953+09:00,GGB222001318,GGB222000031,1361,저상버스
2026-09-07,0815,2026-09-07T08:15:03.278953+09:00,GGB222001318,GGB222000032,873,저상버스
2026-09-07,0815,2026-09-07T08:15:03.278953+09:00,GGB222001318,GGB222000032,2191,저상버스
2026-09-07,0815,2026-09-07T08:15:03.278953+09:00,GGB222001318,GGB222000048,1524,저상버스
2026-09-07,0815,2026-09-07T08:15:03.278953+09:00,GGB222001318,GGB222000048,567,일반차량
2026-09-07,0815,2026-09-07T08:15:03.278953+09:00,GGB222001318,GGB222000078,2041,일반차량
2026-09-07,0815,2026-09-07T08:15:03.278953+09:00,GGB222001318,GGB222000078,4972,일반차량
2026-09-07,0815,2026-09-07T08:15:03.278953+09:00,GGB222001318,GGB222000137,1411,일반차량
2026-09-07,0815,2026-09-07T08:15:03.278953+09:00,GGB222001318,GGB222000137,2948,일반차량
2026-09-07,0815,2026-09-07T08:15:03.278953+09:00,GGB222001318,GGB222000180,2257,일반차량
2026-09-07,0815,2026-09-07T08:15:03.278953+09:00,GGB222001318,GGB222000180,982,일반차량
2026-09-07,0815,2026-09-07T08:15:03.278953+09:00,GGB222001318,GGB222000199,226,일반차량
2026-09-07,0815,2026-09-07T08:15:03.278953+09:00,GGB222001318,GGB222000199,558,일반차량
2026-09-07,0815,2026-09-07T08:15:03.278953+09:00,GGB222001318,GGB234000003,2924,저상버스
2026-09-07,0815,2026-09-07T08:15:03.278953+09:00,GGB222001318,GGB234000003,1051,저상버스
2026-09-07,0815,2026-09-07T08:15:03.278953+09:00,GGB222001318,GGB234000028,343,일반차량
2026-09-07,0815,2026-09-07T08:15:03.278953+09:00,GGB222001318,GGB234000028,2248,저상버스
2026-09-07,0820,2026-09-07T08:20:03.256869+09:00,GGB222001318,GGB222000009,824,저상버스
2026-09-07,0820,2026-09-07T08:20:03.256869+09:00,GGB222001318,GGB222000009,1798,저상버스
2026-09-07,0820,2026-09-07T08:20:03.256869+09:00,GGB222001318,GGB222000013,1112,저상버스
2026-09-07,0820,2026-09-07T08:20:03.256869+09:00,GGB222001318,GGB222000013,415,저상버스
2026-09-07,0820,2026-09-07T08:20:03.256869+09:00,GGB222001318,GGB222000027,3930,저상버스
2026-09-07,0820,2026-09-07T08:20:03.256869+09:00,GGB222001318,GGB222000027,547,저상버스
2026-09-07,0820,2026-09-07T08:20:03.256869+09:00,GGB222001318,GGB222000028,732,일반차량
2026-09-07,0820,2026-09-07T08:20:03.256869+09:00,GGB222001318,GGB222000028,1357,일반차량
2026-09-07,0820,2026-09-07T08:20:03.256869+09:00,GGB222001318,GGB222000031,2014,저상버스
2026-09-07,0820,2026-09-07T08:20:03.256869+09:00,GGB222001318,GGB222000031,1324,저상버스
2026-09-07,0820,2026-09-07T08:20:03.256869+09:00,GGB222001318,GGB222000032,978,저상버스
2026-09-07,0820,2026-09-07T08:20:03.256869+09:00,GGB222001318,GGB222000032,2665,저상버스
2026-09-07,0820,2026-09-07T08:20:03.256869+09:00,GGB222001318,GGB222000048,1644,저상버스
2026-09-07,0820,2026-09-07T08:20:03.256869+09:00,GGB222001318,GGB222000048,488,일반차량
2026-09-07,0820,2026-09-07T08:20:03.256869+09:00,GGB222001318,GGB222000078,1881,일반차량
2026-09-07,0820,2026-09-07T08:20:03.256869+09:00,GGB222001318,GGB222000078,5404,일반차량
2026-09-07,0820,2026-09-07T08:20:03.256869+09:00,GGB222001318,GGB222000137,690,일반차량
2026-09-07,0820,2026-09-07T08:20:03.256869+09:00,GGB222001318,GGB222000137,3253,일반차량
2026-09-07,0820,2026-09-07T08:20:03.256869+09:00,GGB222001318,GGB222000180,3190,일반차량
2026-09-07,0820,2026-09-07T08:20:03.256869+09:00,GGB222001318,GGB222000180,1157,일반차량
2026-09-07,0820,2026-09-07T08:20:03.256869+09:00,GGB222001318,GGB222000199,281,일반차량
2026-09-07,0820,2026-09-07T08:20:03.256869+09:00,GGB222001318,GGB222000199,665,일반차량
2026-09-07,0820,2026-09-07T08:20:03.256869+09:00,GGB222001318,GGB234000003,3502,저상버스
2026-09-07,0820,2026-09-07T08:20:03.256869+09:00,GGB222001318,GGB234000003,1098,저상버스
2026-09-07,0820,2026-09-07T08:20:03.256869+09:00,GGB222001318,GGB234000028,415,일반차량
2026-09-07,0820,2026-09-07T08:20:03.256869+09:00,GGB222001318,GGB234000028,2266,저상버스
2026-09-07,0825,2026-09-07T08:25:02.917827+09:00,GGB222001318,GGB222000009,582,저상버스
2026-09-07,0825,2026-09-07T08:25:02.917827+09:00,GGB222001318,GGB222000009,1616,저상버스
2026-09-07,0825,2026-09-07T08:25:02.917827+09:00,GGB222001318,GGB222000013,610,저상버스
2026-09-07,0825,2026-09-07T08:25:02.917827+09:00,GGB222001318,GGB222000013,297,저상버스
2026-09-07,0825,2026-09-07T08:25:02.917827+09:00,GGB222001318,GGB222000027,3407,저상버스
2026-09-07,0825,2026-09-07T08:25:02.917827+09:00,GGB222001318,GGB222000027,297,저상버스
2026-09-07,0825,2026-09-07T08:25:02.917827+09:00,GGB222001318,GGB222000028,525,일반차량
2026-09-07,0825,2026-09-07T08:25:02.917827+09:00,GGB222001318,GGB222000028,1106,일반차량
2026-09-07,0825,2026-09-07T08:25:02.917827+09:00,GGB222001318,GGB222000031,1857,저상버스
2026-09-07,0825,2026-09-07T08:25:02.917827+09:00,GGB222001318,GGB222000031,1072,저상버스
2026-09-07,0825,2026-09-07T08:25:02.917827+09:00,GGB222001318,GGB222000032,583,저상버스
2026-09-07,0825,2026-09-07T08:25:02.917827+09:00,GGB222001318,GGB222000032,2355,저상버스
2026-09-07,0825,2026-09-07T08:25:02.917827+09:00,GGB222001318,GGB222000048,1470,저상버스
2026-09-07,0825,2026-09-07T08:25:02.917827+09:00,GGB222001318,GGB222000048,297,일반차량
2026-09-07,0825,2026-09-07T08:25:02.917827+09:00,GGB222001318,GGB222000078,1433,일반차량
2026-09-07,0825,2026-09-07T08:25:02.917827+09:00,GGB222001318,GGB222000078,5011,일반차량
2026-09-07,0825,2026-09-07T08:25:02.917827+09:00,GGB222001318,GGB222000137,295,일반차량
2026-09-07,0825,2026-09-07T08:25:02.917827+09:00,GGB222001318,GGB222000137,3070,일반차량
2026-09-07,0825,2026-09-07T08:25:02.917827+09:00,GGB222001318,GGB222000180,2839,일반차량
2026-09-07,0825,2026-09-07T08:25:02.917827+09:00,GGB222001318,GGB222000180,848,일반차량
2026-09-07,0825,2026-09-07T08:25:02.917827+09:00,GGB222001318,GGB222000199,80,일반차량
2026-09-07,0825,2026-09-07T08:25:02.917827+09:00,GGB222001318,GGB222000199,409,일반차량
2026-09-07,0825,2026-09-07T08:25:02.917827+09:00,GGB222001318,GGB234000003,3410,저상버스
2026-09-07,0825,2026-09-07T08:25:02.917827+09:00,GGB222001318,GGB234000003,890,저상버스
2026-09-07,0825,2026-09-07T08:25:02.917827+09:00,GGB222001318,GGB234000028,118,일반차량
2026-09-07,0825,2026-09-07T08:25:02.917827+09:00,GGB222001318,GGB234000028,2014,저상버스
2026-09-07,0830,2026-09-07T08:30:02.939605+09:00,GGB222001318,GGB222000009,337,저상버스
2026-09-07,0830,2026-09-07T08:30:02.939605+09:00,GGB222001318,GGB222000009,1455,저상버스
2026-09-07,0830,2026-09-07T08:30:02.939605+09:00,GGB222001318,GGB222000013,449,저상버스
2026-09-07,0830,2026-09-07T08:30:02.939605+09:00,GGB222001318,GGB222000013,22,저상버스
2026-09-07,0830,2026-09-07T08:30:02.939605+09:00,GGB222001318,GGB222000027,3363,저상버스
2026-09-07,0830,2026-09-07T08:30:02.939605+09:00,GGB222001318,GGB222000027,71,저상버스
2026-09-07,0830,2026-09-07T08:30:02.939605+09:00,GGB222001318,GGB222000028,289,일반차량
2026-09-07,0830,2026-09-07T08:30:02.939605+09:00,GGB222001318,GGB222000028,822,일반차량
2026-09-07,0830,2026-09-07T08:30:02.939605+09:00,GGB222001318,GGB222000031,1664,저상버스
2026-09-07,0830,2026-09-07T08:30:02.939605+09:00,GGB222001318,GGB222000031,777,저상버스
2026-09-07,0830,2026-09-07T08:30:02.939605+09:00,GGB222001318,GGB222000032,297,저상버스
2026-09-07,0830,2026-09-07T08:30:02.939605+09:00,GGB222001318,GGB222000032,2121,저상버스
2026-09-07,0830,2026-09-07T08:30:02.939605+09:00,GGB222001318,GGB222000048,1240,저상버스
2026-09-07,0830,2026-09-07T08:30:02.939605+09:00,GGB222001318,GGB222000048,71,일반차량
2026-09-07,0830,2026-09-07T08:30:02.939605+09:00,GGB222001318,GGB222000078,6587,일반차량
2026-09-07,0830,2026-09-07T08:30:02.939605+09:00,GGB222001318,GGB222000078,4730,일반차량
2026-09-07,0830,2026-09-07T08:30:02.939605+09:00,GGB222001318,GGB222000137,2930,일반차량
2026-09-07,0830,2026-09-07T08:30:02.939605+09:00,GGB222001318,GGB222000180,2704,일반차량
2026-09-07,0830,2026-09-07T08:30:02.939605+09:00,GGB222001318,GGB222000180,654,일반차량
2026-09-07,0830,2026-09-07T08:30:02.939605+09:00,GGB222001318,GGB222000199,200,일반차량
2026-09-07,0830,2026-09-07T08:30:02.939605+09:00,GGB222001318,GGB222000199,1207,일반차량
2026-09-07,0830,2026-09-07T08:30:02.939605+09:00,GGB222001318,GGB234000003,3225,저상버스
2026-09-07,0830,2026-09-07T08:30:02.939605+09:00,GGB222001318,GGB234000003,677,저상버스
2026-09-07,0830,2026-09-07T08:30:02.939605+09:00,GGB222001318,GGB234000028,3400,일반차량
2026-09-07,0830,2026-09-07T08:30:02.939605+09:00,GGB222001318,GGB234000028,1981,저상버스
2026-09-07,0835,2026-09-07T08:35:03.167635+09:00,GGB222001318,GGB222000009,117,저상버스
2026-09-07,0835,2026-09-07T08:35:03.167635+09:00,GGB222001318,GGB222000009,1250,저상버스
2026-09-07,0835,2026-09-07T08:35:03.167635+09:00,GGB222001318,GGB222000013,192,저상버스
2026-09-07,0835,2026-09-07T08:35:03.167635+09:00,GGB222001318,GGB222000013,1426,저상버스
2026-09-07,0835,2026-09-07T08:35:03.167635+09:00,GGB222001318,GGB222000027,4999,저상버스
2026-09-07,0835,2026-09-07T08:35:03.167635+09:00,GGB222001318,GGB222000027,3148,저상버스
2026-09-07,0835,2026-09-07T08:35:03.167635+09:00,GGB222001318,GGB222000028,116,일반차량
2026-09-07,0835,2026-09-07T08:35:03.167635+09:00,GGB222001318,GGB222000028,621,일반차량
2026-09-07,0835,2026-09-07T08:35:03.167635+09:00,GGB222001318,GGB222000031,1328,저상버스
2026-09-07,0835,2026-09-07T08:35:03.167635+09:00,GGB222001318,GGB222000031,605,저상버스
2026-09-07,0835,2026-09-07T08:35:03.167635+09:00,GGB222001318,GGB222000032,117,저상버스
2026-09-07,0835,2026-09-07T08:35:03.167635+09:00,GGB222001318,GGB222000032,1642,저상버스
2026-09-07,0835,2026-09-07T08:35:03.167635+09:00,GGB222001318,GGB222000048,1063,저상버스
2026-09-07,0835,2026-09-07T08:35:03.167635+09:00,GGB222001318,GGB222000048,2425,저상버스
2026-09-07,0835,2026-09-07T08:35:03.167635+09:00,GGB222001318,GGB222000078,1002,일반차량
2026-09-07,0835,2026-09-07T08:35:03.167635+09:00,GGB222001318,GGB222000078,4319,일반차량
2026-09-07,0835,2026-09-07T08:35:03.167635+09:00,GGB222001318,GGB222000137,2438,일반차량
2026-09-07,0835,2026-09-07T08:35:03.167635+09:00,GGB222001318,GGB222000180,2458,일반차량
2026-09-07,0835,2026-09-07T08:35:03.167635+09:00,GGB222001318,GGB222000180,480,일반차량
2026-09-07,0835,2026-09-07T08:35:03.167635+09:00,GGB222001318,GGB222000199,82,일반차량
2026-09-07,0835,2026-09-07T08:35:03.167635+09:00,GGB222001318,GGB222000199,1024,일반차량
2026-09-07,0835,2026-09-07T08:35:03.167635+09:00,GGB222001318,GGB234000003,3042,저상버스
2026-09-07,0835,2026-09-07T08:35:03.167635+09:00,GGB222001318,GGB234000003,414,저상버스
2026-09-07,0835,2026-09-07T08:35:03.167635+09:00,GGB222001318,GGB234000028,3157,일반차량
2026-09-07,0835,2026-09-07T08:35:03.167635+09:00,GGB222001318,GGB234000028,1750,저상버스
2026-09-07,0840,2026-09-07T08:40:03.967801+09:00,GGB222001318,GGB222000009,1734,저상버스
2026-09-07,0840,2026-09-07T08:40:03.967801+09:00,GGB222001318,GGB222000009,1029,저상버스
2026-09-07,0840,2026-09-07T08:40:03.967801+09:00,GGB222001318,GGB222000013,2051,저상버스
2026-09-07,0840,2026-09-07T08:40:03.967801+09:00,GGB222001318,GGB222000013,1269,저상버스
2026-09-07,0840,2026-09-07T08:40:03.967801+09:00,GGB222001318,GGB222000027,7741,저상버스
2026-09-07,0840,2026-09-07T08:40:03.967801+09:00,GGB222001318,GGB222000027,3142,저상버스
2026-09-07,0840,2026-09-07T08:40:03.967801+09:00,GGB222001318,GGB222000028,894,일반차량
2026-09-07,0840,2026-09-07T08:40:03.967801+09:00,GGB222001318,GGB222000028,398,일반차량
2026-09-07,0840,2026-09-07T08:40:03.967801+09:00,GGB222001318,GGB222000031,1021,저상버스
2026-09-07,0840,2026-09-07T08:40:03.967801+09:00,GGB222001318,GGB222000031,348,저상버스
2026-09-07,0840,2026-09-07T08:40:03.967801+09:00,GGB222001318,GGB222000032,1455,저상버스
2026-09-07,0840,2026-09-07T08:40:03.967801+09:00,GGB222001318,GGB222000032,2840,저상버스
2026-09-07,0840,2026-09-07T08:40:03.967801+09:00,GGB222001318,GGB222000048,859,저상버스
2026-09-07,0840,2026-09-07T08:40:03.967801+09:00,GGB222001318,GGB222000048,2056,저상버스
2026-09-07,0840,2026-09-07T08:40:03.967801+09:00,GGB222001318,GGB222000078,698,일반차량
2026-09-07,0840,2026-09-07T08:40:03.967801+09:00,GGB222001318,GGB222000078,4161,일반차량
2026-09-07,0840,2026-09-07T08:40:03.967801+09:00,GGB222001318,GGB222000137,2122,일반차량
2026-09-07,0840,2026-09-07T08:40:03.967801+09:00,GGB222001318,GGB222000180,2148,일반차량
2026-09-07,0840,2026-09-07T08:40:03.967801+09:00,GGB222001318,GGB222000180,317,일반차량
2026-09-07,0840,2026-09-07T08:40:03.967801+09:00,GGB222001318,GGB222000199,2252,일반차량
2026-09-07,0840,2026-09-07T08:40:03.967801+09:00,GGB222001318,GGB222000199,724,일반차량
2026-09-07,0840,2026-09-07T08:40:03.967801+09:00,GGB222001318,GGB234000003,2857,저상버스
2026-09-07,0840,2026-09-07T08:40:03.967801+09:00,GGB222001318,GGB234000003,237,저상버스
2026-09-07,0840,2026-09-07T08:40:03.967801+09:00,GGB222001318,GGB234000028,2821,일반차량
2026-09-07,0840,2026-09-07T08:40:03.967801+09:00,GGB222001318,GGB234000028,1458,저상버스
2026-09-07,0845,2026-09-07T08:45:03.025234+09:00,GGB222001318,GGB222000009,1445,저상버스
2026-09-07,0845,2026-09-07T08:45:03.025234+09:00,GGB222001318,GGB222000009,826,저상버스
2026-09-07,0845,2026-09-07T08:45:03.025234+09:00,GGB222001318,GGB222000013,1970,저상버스
2026-09-07,0845,2026-09-07T08:45:03.025234+09:00,GGB222001318,GGB222000013,1137,저상버스
2026-09-07,0845,2026-09-07T08:45:03.025234+09:00,GGB222001318,GGB222000027,5327,저상버스
2026-09-07,0845,2026-09-07T08:45:03.025234+09:00,GGB222001318,GGB222000027,3005,저상버스
2026-09-07,0845,2026-09-07T08:45:03.025234+09:00,GGB222001318,GGB222000028,879,일반차량
2026-09-07,0845,2026-09-07T08:45:03.025234+09:00,GGB222001318,GGB222000028,251,일반차량
2026-09-07,0845,2026-09-07T08:45:03.025234+09:00,GGB222001318,GGB222000031,911,저상버스
2026-09-07,0845,2026-09-07T08:45:03.025234+09:00,GGB222001318,GGB222000031,209,저상버스
2026-09-07,0845,2026-09-07T08:45:03.025234+09:00,GGB222001318,GGB222000032,1095,저상버스
2026-09-07,0845,2026-09-07T08:45:03.025234+09:00,GGB222001318,GGB222000032,2596,저상버스
2026-09-07,0845,2026-09-07T08:45:03.025234+09:00,GGB222001318,GGB222000048,605,저상버스
2026-09-07,0845,2026-09-07T08:45:03.025234+09:00,GGB222001318,GGB222000048,1766,저상버스
2026-09-07,0845,2026-09-07T08:45:03.025234+09:00,GGB222001318,GGB222000078,334,일반차량
2026-09-07,0845,2026-09-07T08:45:03.025234+09:00,GGB222001318,GGB222000078,3460,일반차량
2026-09-07,0845,2026-09-07T08:45:03.025234+09:00,GGB222001318,GGB222000137,1934,일반차량
2026-09-07,0845,2026-09-07T08:45:03.025234+09:00,GGB222001318,GGB222000180,2004,일반차량
2026-09-07,0845,2026-09-07T08:45:03.025234+09:00,GGB222001318,GGB222000180,213,일반차량
2026-09-07,0845,2026-09-07T08:45:03.025234+09:00,GGB222001318,GGB222000199,1956,일반차량
2026-09-07,0845,2026-09-07T08:45:03.025234+09:00,GGB222001318,GGB222000199,669,일반차량
2026-09-07,0845,2026-09-07T08:45:03.025234+09:00,GGB222001318,GGB234000003,5983,일반차량
2026-09-07,0845,2026-09-07T08:45:03.025234+09:00,GGB222001318,GGB234000003,2514,저상버스
2026-09-07,0845,2026-09-07T08:45:03.025234+09:00,GGB222001318,GGB234000028,2641,일반차량
2026-09-07,0845,2026-09-07T08:45:03.025234+09:00,GGB222001318,GGB234000028,1269,저상버스
2026-09-07,0850,2026-09-07T08:50:03.244032+09:00,GGB222001318,GGB222000009,1183,저상버스
2026-09-07,0850,2026-09-07T08:50:03.244032+09:00,GGB222001318,GGB222000009,564,저상버스
2026-09-07,0850,2026-09-07T08:50:03.244032+09:00,GGB222001318,GGB222000013,1932,저상버스
2026-09-07,0850,2026-09-07T08:50:03.244032+09:00,GGB222001318,GGB222000013,949,저상버스
2026-09-07,0850,2026-09-07T08:50:03.244032+09:00,GGB222001318,GGB222000027,5142,저상버스
2026-09-07,0850,2026-09-07T08:50:03.244032+09:00,GGB222001318,GGB222000027,2335,저상버스
2026-09-07,0850,2026-09-07T08:50:03.244032+09:00,GGB222001318,GGB222000028,458,일반차량
2026-09-07,0850,2026-09-07T08:50:03.244032+09:00,GGB222001318,GGB222000028,1324,일반차량
2026-09-07,0850,2026-09-07T08:50:03.244032+09:00,GGB222001318,GGB222000031,457,저상버스
2026-09-07,0850,2026-09-07T08:50:03.244032+09:00,GGB222001318,GGB222000031,1745,저상버스
2026-09-07,0850,2026-09-07T08:50:03.244032+09:00,GGB222001318,GGB222000032,895,저상버스
2026-09-07,0850,2026-09-07T08:50:03.244032+09:00,GGB222001318,GGB222000032,2413,저상버스
2026-09-07,0850,2026-09-07T08:50:03.244032+09:00,GGB222001318,GGB222000048,344,저상버스
2026-09-07,0850,2026-09-07T08:50:03.244032+09:00,GGB222001318,GGB222000048,1549,저상버스
2026-09-07,0850,2026-09-07T08:50:03.244032+09:00,GGB222001318,GGB222000078,5045,일반차량
2026-09-07,0850,2026-09-07T08:50:03.244032+09:00,GGB222001318,GGB222000078,2818,일반차량
2026-09-07,0850,2026-09-07T08:50:03.244032+09:00,GGB222001318,GGB222000137,1665,일반차량
2026-09-07,0850,2026-09-07T08:50:03.244032+09:00,GGB222001318,GGB222000180,4204,일반차량
2026-09-07,0850,2026-09-07T08:50:03.244032+09:00,GGB222001318,GGB222000180,1621,일반차량
2026-09-07,0850,2026-09-07T08:50:03.244032+09:00,GGB222001318,GGB222000199,1421,일반차량
2026-09-07,0850,2026-09-07T08:50:03.244032+09:00,GGB222001318,GGB222000199,310,일반차량
2026-09-07,0850,2026-09-07T08:50:03.244032+09:00,GGB222001318,GGB234000003,5805,일반차량
2026-09-07,0850,2026-09-07T08:50:03.244032+09:00,GGB222001318,GGB234000003,2359,저상버스
2026-09-07,0850,2026-09-07T08:50:03.244032+09:00,GGB222001318,GGB234000028,2363,일반차량
2026-09-07,0850,2026-09-07T08:50:03.244032+09:00,GGB222001318,GGB234000028,982,저상버스
2026-09-07,1700,2026-09-07T17:00:06.654954+09:00,GGB222001318,GGB222000009,865,일반차량
2026-09-07,1700,2026-09-07T17:00:06.654954+09:00,GGB222001318,GGB222000009,1736,저상버스
2026-09-07,1700,2026-09-07T17:00:06.654954+09:00,GGB222001318,GGB222000013,1352,저상버스
2026-09-07,1700,2026-09-07T17:00:06.654954+09:00,GGB222001318,GGB222000013,547,저상버스
2026-09-07,1700,2026-09-07T17:00:06.654954+09:00,GGB222001318,GGB222000027,4221,저상버스
2026-09-07,1700,2026-09-07T17:00:06.654954+09:00,GGB222001318,GGB222000027,2335,저상버스
2026-09-07,1700,2026-09-07T17:00:06.654954+09:00,GGB222001318,GGB222000028,66,일반차량
2026-09-07,1700,2026-09-07T17:00:06.654954+09:00,GGB222001318,GGB222000028,331,일반차량
2026-09-07,1700,2026-09-07T17:00:06.654954+09:00,GGB222001318,GGB222000031,1194,저상버스
2026-09-07,1700,2026-09-07T17:00:06.654954+09:00,GGB222001318,GGB222000031,1999,저상버스
2026-09-07,1700,2026-09-07T17:00:06.654954+09:00,GGB222001318,GGB222000032,4486,저상버스
2026-09-07,1700,2026-09-07T17:00:06.654954+09:00,GGB222001318,GGB222000032,3714,저상버스
2026-09-07,1700,2026-09-07T17:00:06.654954+09:00,GGB222001318,GGB222000048,253,저상버스
2026-09-07,1700,2026-09-07T17:00:06.654954+09:00,GGB222001318,GGB222000048,1340,일반차량
2026-09-07,1700,2026-09-07T17:00:06.654954+09:00,GGB222001318,GGB222000078,1094,일반차량
2026-09-07,1700,2026-09-07T17:00:06.654954+09:00,GGB222001318,GGB222000078,3860,일반차량
2026-09-07,1700,2026-09-07T17:00:06.654954+09:00,GGB222001318,GGB222000180,2265,일반차량
2026-09-07,1700,2026-09-07T17:00:06.654954+09:00,GGB222001318,GGB222000180,563,일반차량
2026-09-07,1700,2026-09-07T17:00:06.654954+09:00,GGB222001318,GGB222000199,539,일반차량
2026-09-07,1700,2026-09-07T17:00:06.654954+09:00,GGB222001318,GGB222000199,1560,일반차량
2026-09-07,1700,2026-09-07T17:00:06.654954+09:00,GGB222001318,GGB222000239,785,일반차량
2026-09-07,1700,2026-09-07T17:00:06.654954+09:00,GGB222001318,GGB234000003,2831,저상버스
2026-09-07,1700,2026-09-07T17:00:06.654954+09:00,GGB222001318,GGB234000003,77,저상버스
2026-09-07,1700,2026-09-07T17:00:06.654954+09:00,GGB222001318,GGB234000028,989,일반차량
2026-09-07,1700,2026-09-07T17:00:06.654954+09:00,GGB222001318,GGB234000028,2686,저상버스
2026-09-07,1705,2026-09-07T17:05:03.407330+09:00,GGB222001318,GGB222000009,688,일반차량
2026-09-07,1705,2026-09-07T17:05:03.407330+09:00,GGB222001318,GGB222000009,1469,저상버스
2026-09-07,1705,2026-09-07T17:05:03.407330+09:00,GGB222001318,GGB222000013,1157,저상버스
2026-09-07,1705,2026-09-07T17:05:03.407330+09:00,GGB222001318,GGB222000013,336,저상버스
2026-09-07,1705,2026-09-07T17:05:03.407330+09:00,GGB222001318,GGB222000027,4026,저상버스
2026-09-07,1705,2026-09-07T17:05:03.407330+09:00,GGB222001318,GGB222000027,2214,저상버스
2026-09-07,1705,2026-09-07T17:05:03.407330+09:00,GGB222001318,GGB222000028,798,일반차량
2026-09-07,1705,2026-09-07T17:05:03.407330+09:00,GGB222001318,GGB222000028,183,일반차량
2026-09-07,1705,2026-09-07T17:05:03.407330+09:00,GGB222001318,GGB222000031,1096,저상버스
2026-09-07,1705,2026-09-07T17:05:03.407330+09:00,GGB222001318,GGB222000031,1785,저상버스
2026-09-07,1705,2026-09-07T17:05:03.407330+09:00,GGB222001318,GGB222000032,4309,저상버스
2026-09-07,1705,2026-09-07T17:05:03.407330+09:00,GGB222001318,GGB222000032,3679,저상버스
2026-09-07,1705,2026-09-07T17:05:03.407330+09:00,GGB222001318,GGB222000048,117,저상버스
2026-09-07,1705,2026-09-07T17:05:03.407330+09:00,GGB222001318,GGB222000048,1194,일반차량
2026-09-07,1705,2026-09-07T17:05:03.407330+09:00,GGB222001318,GGB222000078,1048,일반차량
2026-09-07,1705,2026-09-07T17:05:03.407330+09:00,GGB222001318,GGB222000078,2381,일반차량
2026-09-07,1705,2026-09-07T17:05:03.407330+09:00,GGB222001318,GGB222000180,2117,일반차량
2026-09-07,1705,2026-09-07T17:05:03.407330+09:00,GGB222001318,GGB222000180,459,일반차량
2026-09-07,1705,2026-09-07T17:05:03.407330+09:00,GGB222001318,GGB222000199,393,일반차량
2026-09-07,1705,2026-09-07T17:05:03.407330+09:00,GGB222001318,GGB222000199,1466,일반차량
2026-09-07,1705,2026-09-07T17:05:03.407330+09:00,GGB222001318,GGB222000239,656,일반차량
2026-09-07,1705,2026-09-07T17:05:03.407330+09:00,GGB222001318,GGB234000003,2779,저상버스
2026-09-07,1705,2026-09-07T17:05:03.407330+09:00,GGB222001318,GGB234000003,5873,저상버스
2026-09-07,1705,2026-09-07T17:05:03.407330+09:00,GGB222001318,GGB234000028,839,일반차량
2026-09-07,1705,2026-09-07T17:05:03.407330+09:00,GGB222001318,GGB234000028,2572,저상버스
2026-09-07,1710,2026-09-07T17:10:02.661082+09:00,GGB222001318,GGB222000009,425,일반차량
2026-09-07,1710,2026-09-07T17:10:02.661082+09:00,GGB222001318,GGB222000009,1237,저상버스
2026-09-07,1710,2026-09-07T17:10:02.661082+09:00,GGB222001318,GGB222000013,954,저상버스
2026-09-07,1710,2026-09-07T17:10:02.661082+09:00,GGB222001318,GGB222000013,84,저상버스
2026-09-07,1710,2026-09-07T17:10:02.661082+09:00,GGB222001318,GGB222000027,3653,저상버스
2026-09-07,1710,2026-09-07T17:10:02.661082+09:00,GGB222001318,GGB222000027,1964,저상버스
2026-09-07,1710,2026-09-07T17:10:02.661082+09:00,GGB222001318,GGB222000028,529,일반차량
2026-09-07,1710,2026-09-07T17:10:02.661082+09:00,GGB222001318,GGB222000028,1326,일반차량
2026-09-07,1710,2026-09-07T17:10:02.661082+09:00,GGB222001318,GGB222000031,827,저상버스
2026-09-07,1710,2026-09-07T17:10:02.661082+09:00,GGB222001318,GGB222000031,1567,저상버스
2026-09-07,1710,2026-09-07T17:10:02.661082+09:00,GGB222001318,GGB222000032,4045,저상버스
2026-09-07,1710,2026-09-07T17:10:02.661082+09:00,GGB222001318,GGB222000032,3499,저상버스
2026-09-07,1710,2026-09-07T17:10:02.661082+09:00,GGB222001318,GGB222000048,2174,일반차량
2026-09-07,1710,2026-09-07T17:10:02.661082+09:00,GGB222001318,GGB222000048,1081,일반차량
2026-09-07,1710,2026-09-07T17:10:02.661082+09:00,GGB222001318,GGB222000078,856,일반차량
2026-09-07,1710,2026-09-07T17:10:02.661082+09:00,GGB222001318,GGB222000078,1946,일반차량
2026-09-07,1710,2026-09-07T17:10:02.661082+09:00,GGB222001318,GGB222000180,1945,일반차량
2026-09-07,1710,2026-09-07T17:10:02.661082+09:00,GGB222001318,GGB222000180,250,일반차량
2026-09-07,1710,2026-09-07T17:10:02.661082+09:00,GGB222001318,GGB222000199,289,일반차량
2026-09-07,1710,2026-09-07T17:10:02.661082+09:00,GGB222001318,GGB222000199,1324,일반차량
2026-09-07,1710,2026-09-07T17:10:02.661082+09:00,GGB222001318,GGB222000239,447,일반차량
2026-09-07,1710,2026-09-07T17:10:02.661082+09:00,GGB222001318,GGB234000003,2376,저상버스
2026-09-07,1710,2026-09-07T17:10:02.661082+09:00,GGB222001318,GGB234000003,5548,저상버스
2026-09-07,1710,2026-09-07T17:10:02.661082+09:00,GGB222001318,GGB234000028,618,일반차량
2026-09-07,1710,2026-09-07T17:10:02.661082+09:00,GGB222001318,GGB234000028,2201,저상버스
2026-09-07,1715,2026-09-07T17:15:03.175003+09:00,GGB222001318,GGB222000009,205,일반차량
2026-09-07,1715,2026-09-07T17:15:03.175003+09:00,GGB222001318,GGB222000009,915,저상버스
2026-09-07,1715,2026-09-07T17:15:03.175003+09:00,GGB222001318,GGB222000013,688,저상버스
2026-09-07,1715,2026-09-07T17:15:03.175003+09:00,GGB222001318,GGB222000013,1793,저상버스
2026-09-07,1715,2026-09-07T17:15:03.175003+09:00,GGB222001318,GGB222000027,3533,저상버스
2026-09-07,1715,2026-09-07T17:15:03.175003+09:00,GGB222001318,GGB222000027,1766,저상버스
2026-09-07,1715,2026-09-07T17:15:03.175003+09:00,GGB222001318,GGB222000028,415,일반차량
2026-09-07,1715,2026-09-07T17:15:03.175003+09:00,GGB222001318,GGB222000028,1048,일반차량
2026-09-07,1715,2026-09-07T17:15:03.175003+09:00,GGB222001318,GGB222000031,579,저상버스
2026-09-07,1715,2026-09-07T17:15:03.175003+09:00,GGB222001318,GGB222000031,1232,저상버스
2026-09-07,1715,2026-09-07T17:15:03.175003+09:00,GGB222001318,GGB222000032,3768,저상버스
2026-09-07,1715,2026-09-07T17:15:03.175003+09:00,GGB222001318,GGB222000032,3172,저상버스
2026-09-07,1715,2026-09-07T17:15:03.175003+09:00,GGB222001318,GGB222000048,1910,일반차량
2026-09-07,1715,2026-09-07T17:15:03.175003+09:00,GGB222001318,GGB222000048,772,일반차량
2026-09-07,1715,2026-09-07T17:15:03.175003+09:00,GGB222001318,GGB222000078,485,일반차량
2026-09-07,1715,2026-09-07T17:15:03.175003+09:00,GGB222001318,GGB222000078,1640,일반차량
2026-09-07,1715,2026-09-07T17:15:03.175003+09:00,GGB222001318,GGB222000180,1643,일반차량
2026-09-07,1715,2026-09-07T17:15:03.175003+09:00,GGB222001318,GGB222000180,4222,일반차량
2026-09-07,1715,2026-09-07T17:15:03.175003+09:00,GGB222001318,GGB222000199,134,일반차량
2026-09-07,1715,2026-09-07T17:15:03.175003+09:00,GGB222001318,GGB222000199,1151,일반차량
2026-09-07,1715,2026-09-07T17:15:03.175003+09:00,GGB222001318,GGB222000239,259,일반차량
2026-09-07,1715,2026-09-07T17:15:03.175003+09:00,GGB222001318,GGB234000003,2164,저상버스
2026-09-07,1715,2026-09-07T17:15:03.175003+09:00,GGB222001318,GGB234000003,5171,저상버스
2026-09-07,1715,2026-09-07T17:15:03.175003+09:00,GGB222001318,GGB234000028,432,일반차량
2026-09-07,1715,2026-09-07T17:15:03.175003+09:00,GGB222001318,GGB234000028,1823,저상버스
2026-09-07,1720,2026-09-07T17:20:02.961539+09:00,GGB222001318,GGB222000009,758,저상버스
2026-09-07,1720,2026-09-07T17:20:02.961539+09:00,GGB222001318,GGB222000009,1848,저상버스
2026-09-07,1720,2026-09-07T17:20:02.961539+09:00,GGB222001318,GGB222000013,517,저상버스
2026-09-07,1720,2026-09-07T17:20:02.961539+09:00,GGB222001318,GGB222000013,1948,저상버스
2026-09-07,1720,2026-09-07T17:20:02.961539+09:00,GGB222001318,GGB222000027,3446,저상버스
2026-09-07,1720,2026-09-07T17:20:02.961539+09:00,GGB222001318,GGB222000027,1298,저상버스
2026-09-07,1720,2026-09-07T17:20:02.961539+09:00,GGB222001318,GGB222000028,762,일반차량
2026-09-07,1720,2026-09-07T17:20:02.961539+09:00,GGB222001318,GGB222000028,1435,일반차량
2026-09-07,1720,2026-09-07T17:20:02.961539+09:00,GGB222001318,GGB222000031,362,저상버스
2026-09-07,1720,2026-09-07T17:20:02.961539+09:00,GGB222001318,GGB222000031,1076,저상버스
2026-09-07,1720,2026-09-07T17:20:02.961539+09:00,GGB222001318,GGB222000032,3577,저상버스
2026-09-07,1720,2026-09-07T17:20:02.961539+09:00,GGB222001318,GGB222000032,2991,저상버스
2026-09-07,1720,2026-09-07T17:20:02.961539+09:00,GGB222001318,GGB222000048,1472,일반차량
2026-09-07,1720,2026-09-07T17:20:02.961539+09:00,GGB222001318,GGB222000048,482,일반차량
2026-09-07,1720,2026-09-07T17:20:02.961539+09:00,GGB222001318,GGB222000078,154,일반차량
2026-09-07,1720,2026-09-07T17:20:02.961539+09:00,GGB222001318,GGB222000078,1722,일반차량
2026-09-07,1720,2026-09-07T17:20:02.961539+09:00,GGB222001318,GGB222000180,1337,일반차량
2026-09-07,1720,2026-09-07T17:20:02.961539+09:00,GGB222001318,GGB222000180,3796,일반차량
2026-09-07,1720,2026-09-07T17:20:02.961539+09:00,GGB222001318,GGB222000199,1528,일반차량
2026-09-07,1720,2026-09-07T17:20:02.961539+09:00,GGB222001318,GGB222000199,1055,일반차량
2026-09-07,1720,2026-09-07T17:20:02.961539+09:00,GGB222001318,GGB222000239,96,일반차량
2026-09-07,1720,2026-09-07T17:20:02.961539+09:00,GGB222001318,GGB234000003,1821,저상버스
2026-09-07,1720,2026-09-07T17:20:02.961539+09:00,GGB222001318,GGB234000003,4819,저상버스
2026-09-07,1720,2026-09-07T17:20:02.961539+09:00,GGB222001318,GGB234000028,223,일반차량
2026-09-07,1720,2026-09-07T17:20:02.961539+09:00,GGB222001318,GGB234000028,1607,저상버스
2026-09-07,1725,2026-09-07T17:25:04.254916+09:00,GGB222001318,GGB222000009,349,저상버스
2026-09-07,1725,2026-09-07T17:25:04.254916+09:00,GGB222001318,GGB222000009,1519,저상버스
2026-09-07,1725,2026-09-07T17:25:04.254916+09:00,GGB222001318,GGB222000013,397,저상버스
2026-09-07,1725,2026-09-07T17:25:04.254916+09:00,GGB222001318,GGB222000013,1841,저상버스
2026-09-07,1725,2026-09-07T17:25:04.254916+09:00,GGB222001318,GGB222000027,2997,저상버스
2026-09-07,1725,2026-09-07T17:25:04.254916+09:00,GGB222001318,GGB222000027,793,저상버스
2026-09-07,1725,2026-09-07T17:25:04.254916+09:00,GGB222001318,GGB222000028,469,일반차량
2026-09-07,1725,2026-09-07T17:25:04.254916+09:00,GGB222001318,GGB222000028,1176,일반차량
2026-09-07,1725,2026-09-07T17:25:04.254916+09:00,GGB222001318,GGB222000031,675,저상버스
2026-09-07,1725,2026-09-07T17:25:04.254916+09:00,GGB222001318,GGB222000031,1325,저상버스
2026-09-07,1725,2026-09-07T17:25:04.254916+09:00,GGB222001318,GGB222000032,3157,저상버스
2026-09-07,1725,2026-09-07T17:25:04.254916+09:00,GGB222001318,GGB222000032,2687,저상버스
2026-09-07,1725,2026-09-07T17:25:04.254916+09:00,GGB222001318,GGB222000048,1039,일반차량
2026-09-07,1725,2026-09-07T17:25:04.254916+09:00,GGB222001318,GGB222000048,173,일반차량
2026-09-07,1725,2026-09-07T17:25:04.254916+09:00,GGB222001318,GGB222000078,1372,일반차량
2026-09-07,1725,2026-09-07T17:25:04.254916+09:00,GGB222001318,GGB222000078,2767,일반차량
2026-09-07,1725,2026-09-07T17:25:04.254916+09:00,GGB222001318,GGB222000180,1069,일반차량
2026-09-07,1725,2026-09-07T17:25:04.254916+09:00,GGB222001318,GGB222000180,3725,일반차량
2026-09-07,1725,2026-09-07T17:25:04.254916+09:00,GGB222001318,GGB222000199,1260,일반차량
2026-09-07,1725,2026-09-07T17:25:04.254916+09:00,GGB222001318,GGB222000199,715,일반차량
2026-09-07,1725,2026-09-07T17:25:04.254916+09:00,GGB222001318,GGB234000003,1439,저상버스
2026-09-07,1725,2026-09-07T17:25:04.254916+09:00,GGB222001318,GGB234000003,4569,저상버스
2026-09-07,1725,2026-09-07T17:25:04.254916+09:00,GGB222001318,GGB234000028,3024,일반차량
2026-09-07,1725,2026-09-07T17:25:04.254916+09:00,GGB222001318,GGB234000028,1244,저상버스
2026-09-07,1730,2026-09-07T17:30:03.327265+09:00,GGB222001318,GGB222000009,86,저상버스
2026-09-07,1730,2026-09-07T17:30:03.327265+09:00,GGB222001318,GGB222000009,1090,저상버스
2026-09-07,1730,2026-09-07T17:30:03.327265+09:00,GGB222001318,GGB222000013,67,저상버스
2026-09-07,1730,2026-09-07T17:30:03.327265+09:00,GGB222001318,GGB222000013,1474,저상버스
2026-09-07,1730,2026-09-07T17:30:03.327265+09:00,GGB222001318,GGB222000027,2868,저상버스
2026-09-07,1730,2026-09-07T17:30:03.327265+09:00,GGB222001318,GGB222000027,525,저상버스
2026-09-07,1730,2026-09-07T17:30:03.327265+09:00,GGB222001318,GGB222000028,175,일반차량
2026-09-07,1730,2026-09-07T17:30:03.327265+09:00,GGB222001318,GGB222000028,833,일반차량
2026-09-07,1730,2026-09-07T17:30:03.327265+09:00,GGB222001318,GGB222000031,537,저상버스
2026-09-07,1730,2026-09-07T17:30:03.327265+09:00,GGB222001318,GGB222000031,1231,저상버스
2026-09-07,1730,2026-09-07T17:30:03.327265+09:00,GGB222001318,GGB222000032,2864,저상버스
2026-09-07,1730,2026-09-07T17:30:03.327265+09:00,GGB222001318,GGB222000032,2387,저상버스
2026-09-07,1730,2026-09-07T17:30:03.327265+09:00,GGB222001318,GGB222000048,1906,일반차량
2026-09-07,1730,2026-09-07T17:30:03.327265+09:00,GGB222001318,GGB222000048,912,일반차량
2026-09-07,1730,2026-09-07T17:30:03.327265+09:00,GGB222001318,GGB222000078,1069,일반차량
2026-09-07,1730,2026-09-07T17:30:03.327265+09:00,GGB222001318,GGB222000078,2811,일반차량
2026-09-07,1730,2026-09-07T17:30:03.327265+09:00,GGB222001318,GGB222000180,807,일반차량
2026-09-07,1730,2026-09-07T17:30:03.327265+09:00,GGB222001318,GGB222000180,3500,일반차량
2026-09-07,1730,2026-09-07T17:30:03.327265+09:00,GGB222001318,GGB222000199,755,일반차량
2026-09-07,1730,2026-09-07T17:30:03.327265+09:00,GGB222001318,GGB222000199,626,일반차량
2026-09-07,1730,2026-09-07T17:30:03.327265+09:00,GGB222001318,GGB234000003,1190,저상버스
2026-09-07,1730,2026-09-07T17:30:03.327265+09:00,GGB222001318,GGB234000003,4495,저상버스
2026-09-07,1730,2026-09-07T17:30:03.327265+09:00,GGB222001318,GGB234000028,2704,일반차량
2026-09-07,1730,2026-09-07T17:30:03.327265+09:00,GGB222001318,GGB234000028,974,저상버스
2026-09-07,1735,2026-09-07T17:35:03.648491+09:00,GGB222001318,GGB222000009,1479,저상버스
2026-09-07,1735,2026-09-07T17:35:03.648491+09:00,GGB222001318,GGB222000009,886,저상버스
2026-09-07,1735,2026-09-07T17:35:03.648491+09:00,GGB222001318,GGB222000013,1314,저상버스
2026-09-07,1735,2026-09-07T17:35:03.648491+09:00,GGB222001318,GGB222000013,2316,저상버스
2026-09-07,1735,2026-09-07T17:35:03.648491+09:00,GGB222001318,GGB222000027,2125,저상버스
2026-09-07,1735,2026-09-07T17:35:03.648491+09:00,GGB222001318,GGB222000027,380,저상버스
2026-09-07,1735,2026-09-07T17:35:03.648491+09:00,GGB222001318,GGB222000028,17,일반차량
2026-09-07,1735,2026-09-07T17:35:03.648491+09:00,GGB222001318,GGB222000028,640,일반차량
2026-09-07,1735,2026-09-07T17:35:03.648491+09:00,GGB222001318,GGB222000031,460,저상버스
2026-09-07,1735,2026-09-07T17:35:03.648491+09:00,GGB222001318,GGB222000031,1149,저상버스
2026-09-07,1735,2026-09-07T17:35:03.648491+09:00,GGB222001318,GGB222000032,2754,저상버스
2026-09-07,1735,2026-09-07T17:35:03.648491+09:00,GGB222001318,GGB222000032,2260,저상버스
2026-09-07,1735,2026-09-07T17:35:03.648491+09:00,GGB222001318,GGB222000048,1800,일반차량
2026-09-07,1735,2026-09-07T17:35:03.648491+09:00,GGB222001318,GGB222000048,728,일반차량
2026-09-07,1735,2026-09-07T17:35:03.648491+09:00,GGB222001318,GGB222000078,851,일반차량
2026-09-07,1735,2026-09-07T17:35:03.648491+09:00,GGB222001318,GGB222000078,2796,일반차량
2026-09-07,1735,2026-09-07T17:35:03.648491+09:00,GGB222001318,GGB222000180,674,일반차량
2026-09-07,1735,2026-09-07T17:35:03.648491+09:00,GGB222001318,GGB222000180,3295,일반차량
2026-09-07,1735,2026-09-07T17:35:03.648491+09:00,GGB222001318,GGB222000199,387,일반차량
2026-09-07,1735,2026-09-07T17:35:03.648491+09:00,GGB222001318,GGB222000199,288,일반차량
2026-09-07,1735,2026-09-07T17:35:03.648491+09:00,GGB222001318,GGB234000003,1096,저상버스
2026-09-07,1735,2026-09-07T17:35:03.648491+09:00,GGB222001318,GGB234000003,4286,저상버스
2026-09-07,1735,2026-09-07T17:35:03.648491+09:00,GGB222001318,GGB234000028,2419,일반차량
2026-09-07,1735,2026-09-07T17:35:03.648491+09:00,GGB222001318,GGB234000028,664,저상버스
2026-09-07,1740,2026-09-07T17:40:02.877025+09:00,GGB222001318,GGB222000009,1378,저상버스
2026-09-07,1740,2026-09-07T17:40:02.877025+09:00,GGB222001318,GGB222000009,527,저상버스
2026-09-07,1740,2026-09-07T17:40:02.877025+09:00,GGB222001318,GGB222000013,980,저상버스
2026-09-07,1740,2026-09-07T17:40:02.877025+09:00,GGB222001318,GGB222000013,2072,저상버스
2026-09-07,1740,2026-09-07T17:40:02.877025+09:00,GGB222001318,GGB222000027,1878,저상버스
2026-09-07,1740,2026-09-07T17:40:02.877025+09:00,GGB222001318,GGB222000027,129,저상버스
2026-09-07,1740,2026-09-07T17:40:02.877025+09:00,GGB222001318,GGB222000028,1111,일반차량
2026-09-07,1740,2026-09-07T17:40:02.877025+09:00,GGB222001318,GGB222000028,505,일반차량
2026-09-07,1740,2026-09-07T17:40:02.877025+09:00,GGB222001318,GGB222000031,191,저상버스
2026-09-07,1740,2026-09-07T17:40:02.877025+09:00,GGB222001318,GGB222000031,845,저상버스
2026-09-07,1740,2026-09-07T17:40:02.877025+09:00,GGB222001318,GGB222000032,2620,저상버스
2026-09-07,1740,2026-09-07T17:40:02.877025+09:00,GGB222001318,GGB222000032,2106,저상버스
2026-09-07,1740,2026-09-07T17:40:02.877025+09:00,GGB222001318,GGB222000048,1458,일반차량
2026-09-07,1740,2026-09-07T17:40:02.877025+09:00,GGB222001318,GGB222000048,396,일반차량
2026-09-07,1740,2026-09-07T17:40:02.877025+09:00,GGB222001318,GGB222000078,490,일반차량
2026-09-07,1740,2026-09-07T17:40:02.877025+09:00,GGB222001318,GGB222000078,2738,일반차량
2026-09-07,1740,2026-09-07T17:40:02.877025+09:00,GGB222001318,GGB222000180,449,일반차량
2026-09-07,1740,2026-09-07T17:40:02.877025+09:00,GGB222001318,GGB222000180,2953,일반차량
2026-09-07,1740,2026-09-07T17:40:02.877025+09:00,GGB222001318,GGB222000199,171,일반차량
2026-09-07,1740,2026-09-07T17:40:02.877025+09:00,GGB222001318,GGB222000199,84,일반차량
2026-09-07,1740,2026-09-07T17:40:02.877025+09:00,GGB222001318,GGB234000003,872,저상버스
2026-09-07,1740,2026-09-07T17:40:02.877025+09:00,GGB222001318,GGB234000003,4096,저상버스
2026-09-07,1740,2026-09-07T17:40:02.877025+09:00,GGB222001318,GGB234000028,2235,일반차량
2026-09-07,1740,2026-09-07T17:40:02.877025+09:00,GGB222001318,GGB234000028,619,저상버스
2026-09-07,1745,2026-09-07T17:45:03.045213+09:00,GGB222001318,GGB222000009,1133,저상버스
2026-09-07,1745,2026-09-07T17:45:03.045213+09:00,GGB222001318,GGB222000009,348,저상버스
2026-09-07,1745,2026-09-07T17:45:03.045213+09:00,GGB222001318,GGB222000013,577,저상버스
2026-09-07,1745,2026-09-07T17:45:03.045213+09:00,GGB222001318,GGB222000013,1684,저상버스
2026-09-07,1745,2026-09-07T17:45:03.045213+09:00,GGB222001318,GGB222000027,4290,저상버스
2026-09-07,1745,2026-09-07T17:45:03.045213+09:00,GGB222001318,GGB222000027,1813,저상버스
2026-09-07,1745,2026-09-07T17:45:03.045213+09:00,GGB222001318,GGB222000028,780,일반차량
2026-09-07,1745,2026-09-07T17:45:03.045213+09:00,GGB222001318,GGB222000028,246,일반차량
2026-09-07,1745,2026-09-07T17:45:03.045213+09:00,GGB222001318,GGB222000031,1536,저상버스
2026-09-07,1745,2026-09-07T17:45:03.045213+09:00,GGB222001318,GGB222000031,521,저상버스
2026-09-07,1745,2026-09-07T17:45:03.045213+09:00,GGB222001318,GGB222000032,2058,저상버스
2026-09-07,1745,2026-09-07T17:45:03.045213+09:00,GGB222001318,GGB222000032,1645,저상버스
2026-09-07,1745,2026-09-07T17:45:03.045213+09:00,GGB222001318,GGB222000048,1189,일반차량
2026-09-07,1745,2026-09-07T17:45:03.045213+09:00,GGB222001318,GGB222000048,234,일반차량
2026-09-07,1745,2026-09-07T17:45:03.045213+09:00,GGB222001318,GGB222000078,251,일반차량
2026-09-07,1745,2026-09-07T17:45:03.045213+09:00,GGB222001318,GGB222000078,2548,일반차량
2026-09-07,1745,2026-09-07T17:45:03.045213+09:00,GGB222001318,GGB222000180,185,일반차량
2026-09-07,1745,2026-09-07T17:45:03.045213+09:00,GGB222001318,GGB222000180,2662,일반차량
2026-09-07,1745,2026-09-07T17:45:03.045213+09:00,GGB222001318,GGB222000199,1564,일반차량
2026-09-07,1745,2026-09-07T17:45:03.045213+09:00,GGB222001318,GGB222000199,795,일반차량
2026-09-07,1745,2026-09-07T17:45:03.045213+09:00,GGB222001318,GGB234000003,480,저상버스
2026-09-07,1745,2026-09-07T17:45:03.045213+09:00,GGB222001318,GGB234000003,3778,저상버스
2026-09-07,1745,2026-09-07T17:45:03.045213+09:00,GGB222001318,GGB234000028,2169,일반차량
2026-09-07,1745,2026-09-07T17:45:03.045213+09:00,GGB222001318,GGB234000028,453,저상버스
2026-09-07,1750,2026-09-07T17:50:05.460914+09:00,GGB222001318,GGB222000009,692,저상버스
2026-09-07,1750,2026-09-07T17:50:05.460914+09:00,GGB222001318,GGB222000009,1744,저상버스
2026-09-07,1750,2026-09-07T17:50:05.460914+09:00,GGB222001318,GGB222000013,236,저상버스
2026-09-07,1750,2026-09-07T17:50:05.460914+09:00,GGB222001318,GGB222000013,1472,저상버스
2026-09-07,1750,2026-09-07T17:50:05.460914+09:00,GGB222001318,GGB222000027,4114,저상버스
2026-09-07,1750,2026-09-07T17:50:05.460914+09:00,GGB222001318,GGB222000027,1621,저상버스
2026-09-07,1750,2026-09-07T17:50:05.460914+09:00,GGB222001318,GGB222000028,338,일반차량
2026-09-07,1750,2026-09-07T17:50:05.460914+09:00,GGB222001318,GGB222000028,861,일반차량
2026-09-07,1750,2026-09-07T17:50:05.460914+09:00,GGB222001318,GGB222000031,1138,저상버스
2026-09-07,1750,2026-09-07T17:50:05.460914+09:00,GGB222001318,GGB222000031,180,저상버스
2026-09-07,1750,2026-09-07T17:50:05.460914+09:00,GGB222001318,GGB222000032,1819,저상버스
2026-09-07,1750,2026-09-07T17:50:05.460914+09:00,GGB222001318,GGB222000032,1395,저상버스
2026-09-07,1750,2026-09-07T17:50:05.460914+09:00,GGB222001318,GGB222000048,853,일반차량
2026-09-07,1750,2026-09-07T17:50:05.460914+09:00,GGB222001318,GGB222000048,2692,일반차량
2026-09-07,1750,2026-09-07T17:50:05.460914+09:00,GGB222001318,GGB222000078,2077,일반차량
2026-09-07,1750,2026-09-07T17:50:05.460914+09:00,GGB222001318,GGB222000078,3328,일반차량
2026-09-07,1750,2026-09-07T17:50:05.460914+09:00,GGB222001318,GGB222000180,4587,일반차량
2026-09-07,1750,2026-09-07T17:50:05.460914+09:00,GGB222001318,GGB222000180,2316,일반차량
2026-09-07,1750,2026-09-07T17:50:05.460914+09:00,GGB222001318,GGB222000199,1429,일반차량
2026-09-07,1750,2026-09-07T17:50:05.460914+09:00,GGB222001318,GGB222000199,363,일반차량
2026-09-07,1750,2026-09-07T17:50:05.460914+09:00,GGB222001318,GGB234000003,209,저상버스
2026-09-07,1750,2026-09-07T17:50:05.460914+09:00,GGB222001318,GGB234000003,3422,저상버스
2026-09-07,1750,2026-09-07T17:50:05.460914+09:00,GGB222001318,GGB234000028,1992,일반차량
2026-09-07,1750,2026-09-07T17:50:05.460914+09:00,GGB222001318,GGB234000028,110,저상버스
2026-09-07,1800,2026-09-07T18:00:02.926731+09:00,GGB222001318,GGB222000009,468,저상버스
2026-09-07,1800,2026-09-07T18:00:02.926731+09:00,GGB222001318,GGB222000009,1155,저상버스
2026-09-07,1800,2026-09-07T18:00:02.926731+09:00,GGB222001318,GGB222000013,1104,저상버스
2026-09-07,1800,2026-09-07T18:00:02.926731+09:00,GGB222001318,GGB222000013,1965,저상버스
2026-09-07,1800,2026-09-07T18:00:02.926731+09:00,GGB222001318,GGB222000027,3354,저상버스
2026-09-07,1800,2026-09-07T18:00:02.926731+09:00,GGB222001318,GGB222000027,913,저상버스
2026-09-07,1800,2026-09-07T18:00:02.926731+09:00,GGB222001318,GGB222000028,77,일반차량
2026-09-07,1800,2026-09-07T18:00:02.926731+09:00,GGB222001318,GGB222000028,612,일반차량
2026-09-07,1800,2026-09-07T18:00:02.926731+09:00,GGB222001318,GGB222000031,2045,저상버스
2026-09-07,1800,2026-09-07T18:00:02.926731+09:00,GGB222001318,GGB222000031,560,저상버스
2026-09-07,1800,2026-09-07T18:00:02.926731+09:00,GGB222001318,GGB222000032,1090,저상버스
2026-09-07,1800,2026-09-07T18:00:02.926731+09:00,GGB222001318,GGB222000032,860,저상버스
2026-09-07,1800,2026-09-07T18:00:02.926731+09:00,GGB222001318,GGB222000048,324,일반차량
2026-09-07,1800,2026-09-07T18:00:02.926731+09:00,GGB222001318,GGB222000048,2068,일반차량
2026-09-07,1800,2026-09-07T18:00:02.926731+09:00,GGB222001318,GGB222000078,1738,일반차량
2026-09-07,1800,2026-09-07T18:00:02.926731+09:00,GGB222001318,GGB222000078,2250,일반차량
2026-09-07,1800,2026-09-07T18:00:02.926731+09:00,GGB222001318,GGB222000180,3797,일반차량
2026-09-07,1800,2026-09-07T18:00:02.926731+09:00,GGB222001318,GGB222000180,1610,일반차량
2026-09-07,1800,2026-09-07T18:00:02.926731+09:00,GGB222001318,GGB222000199,1094,일반차량
2026-09-07,1800,2026-09-07T18:00:02.926731+09:00,GGB222001318,GGB222000199,2238,일반차량
2026-09-07,1800,2026-09-07T18:00:02.926731+09:00,GGB222001318,GGB234000003,5713,저상버스
2026-09-07,1800,2026-09-07T18:00:02.926731+09:00,GGB222001318,GGB234000003,3067,저상버스
2026-09-07,1800,2026-09-07T18:00:02.926731+09:00,GGB222001318,GGB234000028,1269,일반차량
2026-09-07,1800,2026-09-07T18:00:02.926731+09:00,GGB222001318,GGB234000028,3223,저상버스
2026-09-07,1805,2026-09-07T18:05:04.178690+09:00,GGB222001318,GGB222000009,16,저상버스
2026-09-07,1805,2026-09-07T18:05:04.178690+09:00,GGB222001318,GGB222000009,843,저상버스
2026-09-07,1805,2026-09-07T18:05:04.178690+09:00,GGB222001318,GGB222000013,920,저상버스
2026-09-07,1805,2026-09-07T18:05:04.178690+09:00,GGB222001318,GGB222000013,1871,저상버스
2026-09-07,1805,2026-09-07T18:05:04.178690+09:00,GGB222001318,GGB222000027,3469,저상버스
2026-09-07,1805,2026-09-07T18:05:04.178690+09:00,GGB222001318,GGB222000027,769,저상버스
2026-09-07,1805,2026-09-07T18:05:04.178690+09:00,GGB222001318,GGB222000028,442,일반차량
2026-09-07,1805,2026-09-07T18:05:04.178690+09:00,GGB222001318,GGB222000028,1220,일반차량
2026-09-07,1805,2026-09-07T18:05:04.178690+09:00,GGB222001318,GGB222000031,1953,저상버스
2026-09-07,1805,2026-09-07T18:05:04.178690+09:00,GGB222001318,GGB222000031,416,저상버스
2026-09-07,1805,2026-09-07T18:05:04.178690+09:00,GGB222001318,GGB222000032,973,저상버스
2026-09-07,1805,2026-09-07T18:05:04.178690+09:00,GGB222001318,GGB222000032,723,저상버스
2026-09-07,1805,2026-09-07T18:05:04.178690+09:00,GGB222001318,GGB222000048,198,일반차량
2026-09-07,1805,2026-09-07T18:05:04.178690+09:00,GGB222001318,GGB222000048,1913,일반차량
2026-09-07,1805,2026-09-07T18:05:04.178690+09:00,GGB222001318,GGB222000078,3196,일반차량
2026-09-07,1805,2026-09-07T18:05:04.178690+09:00,GGB222001318,GGB222000078,1935,일반차량
2026-09-07,1805,2026-09-07T18:05:04.178690+09:00,GGB222001318,GGB222000180,3261,일반차량
2026-09-07,1805,2026-09-07T18:05:04.178690+09:00,GGB222001318,GGB222000180,1426,일반차량
2026-09-07,1805,2026-09-07T18:05:04.178690+09:00,GGB222001318,GGB222000199,860,일반차량
2026-09-07,1805,2026-09-07T18:05:04.178690+09:00,GGB222001318,GGB222000199,1879,일반차량
2026-09-07,1805,2026-09-07T18:05:04.178690+09:00,GGB222001318,GGB234000003,5588,저상버스
2026-09-07,1805,2026-09-07T18:05:04.178690+09:00,GGB222001318,GGB234000003,2798,저상버스
2026-09-07,1805,2026-09-07T18:05:04.178690+09:00,GGB222001318,GGB234000028,983,일반차량
2026-09-07,1805,2026-09-07T18:05:04.178690+09:00,GGB222001318,GGB234000028,3088,저상버스
2026-09-07,1810,2026-09-07T18:10:03.142351+09:00,GGB222001318,GGB222000009,1369,저상버스
2026-09-07,1810,2026-09-07T18:10:03.142351+09:00,GGB222001318,GGB222000009,594,저상버스
2026-09-07,1810,2026-09-07T18:10:03.142351+09:00,GGB222001318,GGB222000013,656,저상버스
2026-09-07,1810,2026-09-07T18:10:03.142351+09:00,GGB222001318,GGB222000013,1392,저상버스
2026-09-07,1810,2026-09-07T18:10:03.142351+09:00,GGB222001318,GGB222000027,3161,저상버스
2026-09-07,1810,2026-09-07T18:10:03.142351+09:00,GGB222001318,GGB222000027,387,저상버스
2026-09-07,1810,2026-09-07T18:10:03.142351+09:00,GGB222001318,GGB222000028,156,일반차량
2026-09-07,1810,2026-09-07T18:10:03.142351+09:00,GGB222001318,GGB222000028,962,일반차량
2026-09-07,1810,2026-09-07T18:10:03.142351+09:00,GGB222001318,GGB222000031,1686,저상버스
2026-09-07,1810,2026-09-07T18:10:03.142351+09:00,GGB222001318,GGB222000031,214,저상버스
2026-09-07,1810,2026-09-07T18:10:03.142351+09:00,GGB222001318,GGB222000032,708,저상버스
2026-09-07,1810,2026-09-07T18:10:03.142351+09:00,GGB222001318,GGB222000032,387,저상버스
2026-09-07,1810,2026-09-07T18:10:03.142351+09:00,GGB222001318,GGB222000048,1619,일반차량
2026-09-07,1810,2026-09-07T18:10:03.142351+09:00,GGB222001318,GGB222000048,2730,일반차량
2026-09-07,1810,2026-09-07T18:10:03.142351+09:00,GGB222001318,GGB222000078,2721,일반차량
2026-09-07,1810,2026-09-07T18:10:03.142351+09:00,GGB222001318,GGB222000078,1153,일반차량
2026-09-07,1810,2026-09-07T18:10:03.142351+09:00,GGB222001318,GGB222000180,2982,일반차량
2026-09-07,1810,2026-09-07T18:10:03.142351+09:00,GGB222001318,GGB222000180,1054,일반차량
2026-09-07,1810,2026-09-07T18:10:03.142351+09:00,GGB222001318,GGB222000199,565,일반차량
2026-09-07,1810,2026-09-07T18:10:03.142351+09:00,GGB222001318,GGB222000199,1771,일반차량
2026-09-07,1810,2026-09-07T18:10:03.142351+09:00,GGB222001318,GGB234000003,5180,저상버스
2026-09-07,1810,2026-09-07T18:10:03.142351+09:00,GGB222001318,GGB234000003,2616,저상버스
2026-09-07,1810,2026-09-07T18:10:03.142351+09:00,GGB222001318,GGB234000028,759,일반차량
2026-09-07,1810,2026-09-07T18:10:03.142351+09:00,GGB222001318,GGB234000028,2743,저상버스
2026-09-07,1815,2026-09-07T18:15:03.188661+09:00,GGB222001318,GGB222000009,946,저상버스
2026-09-07,1815,2026-09-07T18:15:03.188661+09:00,GGB222001318,GGB222000009,316,저상버스
2026-09-07,1815,2026-09-07T18:15:03.188661+09:00,GGB222001318,GGB222000013,363,저상버스
2026-09-07,1815,2026-09-07T18:15:03.188661+09:00,GGB222001318,GGB222000013,1299,저상버스
2026-09-07,1815,2026-09-07T18:15:03.188661+09:00,GGB222001318,GGB222000027,2554,저상버스
2026-09-07,1815,2026-09-07T18:15:03.188661+09:00,GGB222001318,GGB222000027,4570,저상버스
2026-09-07,1815,2026-09-07T18:15:03.188661+09:00,GGB222001318,GGB222000028,1168,일반차량
2026-09-07,1815,2026-09-07T18:15:03.188661+09:00,GGB222001318,GGB222000028,722,일반차량
2026-09-07,1815,2026-09-07T18:15:03.188661+09:00,GGB222001318,GGB222000031,1344,저상버스
2026-09-07,1815,2026-09-07T18:15:03.188661+09:00,GGB222001318,GGB222000031,2030,저상버스
2026-09-07,1815,2026-09-07T18:15:03.188661+09:00,GGB222001318,GGB222000032,431,저상버스
2026-09-07,1815,2026-09-07T18:15:03.188661+09:00,GGB222001318,GGB222000032,1926,저상버스
2026-09-07,1815,2026-09-07T18:15:03.188661+09:00,GGB222001318,GGB222000048,1426,일반차량
2026-09-07,1815,2026-09-07T18:15:03.188661+09:00,GGB222001318,GGB222000048,2592,일반차량
2026-09-07,1815,2026-09-07T18:15:03.188661+09:00,GGB222001318,GGB222000078,1030,일반차량
2026-09-07,1815,2026-09-07T18:15:03.188661+09:00,GGB222001318,GGB222000078,1389,일반차량
2026-09-07,1815,2026-09-07T18:15:03.188661+09:00,GGB222001318,GGB222000180,2706,일반차량
2026-09-07,1815,2026-09-07T18:15:03.188661+09:00,GGB222001318,GGB222000180,689,일반차량
2026-09-07,1815,2026-09-07T18:15:03.188661+09:00,GGB222001318,GGB222000199,213,일반차량
2026-09-07,1815,2026-09-07T18:15:03.188661+09:00,GGB222001318,GGB222000199,1318,일반차량
2026-09-07,1815,2026-09-07T18:15:03.188661+09:00,GGB222001318,GGB234000003,4833,저상버스
2026-09-07,1815,2026-09-07T18:15:03.188661+09:00,GGB222001318,GGB234000003,2197,저상버스
2026-09-07,1815,2026-09-07T18:15:03.188661+09:00,GGB222001318,GGB234000028,382,일반차량
2026-09-07,1815,2026-09-07T18:15:03.188661+09:00,GGB222001318,GGB234000028,2573,저상버스
2026-09-07,1820,2026-09-07T18:20:03.393025+09:00,GGB222001318,GGB222000009,891,저상버스
2026-09-07,1820,2026-09-07T18:20:03.393025+09:00,GGB222001318,GGB222000009,117,저상버스
2026-09-07,1820,2026-09-07T18:20:03.393025+09:00,GGB222001318,GGB222000013,111,저상버스
2026-09-07,1820,2026-09-07T18:20:03.393025+09:00,GGB222001318,GGB222000013,1142,저상버스
2026-09-07,1820,2026-09-07T18:20:03.393025+09:00,GGB222001318,GGB222000027,2113,저상버스
2026-09-07,1820,2026-09-07T18:20:03.393025+09:00,GGB222001318,GGB222000027,3823,저상버스
2026-09-07,1820,2026-09-07T18:20:03.393025+09:00,GGB222001318,GGB222000028,1090,일반차량
2026-09-07,1820,2026-09-07T18:20:03.393025+09:00,GGB222001318,GGB222000028,596,일반차량
2026-09-07,1820,2026-09-07T18:20:03.393025+09:00,GGB222001318,GGB222000031,1138,저상버스
2026-09-07,1820,2026-09-07T18:20:03.393025+09:00,GGB222001318,GGB222000031,1943,저상버스
2026-09-07,1820,2026-09-07T18:20:03.393025+09:00,GGB222001318,GGB222000032,282,저상버스
2026-09-07,1820,2026-09-07T18:20:03.393025+09:00,GGB222001318,GGB222000032,1531,저상버스
2026-09-07,1820,2026-09-07T18:20:03.393025+09:00,GGB222001318,GGB222000048,1157,일반차량
2026-09-07,1820,2026-09-07T18:20:03.393025+09:00,GGB222001318,GGB222000048,2391,일반차량
2026-09-07,1820,2026-09-07T18:20:03.393025+09:00,GGB222001318,GGB222000078,851,일반차량
2026-09-07,1820,2026-09-07T18:20:03.393025+09:00,GGB222001318,GGB222000078,1284,일반차량
2026-09-07,1820,2026-09-07T18:20:03.393025+09:00,GGB222001318,GGB222000180,2434,일반차량
2026-09-07,1820,2026-09-07T18:20:03.393025+09:00,GGB222001318,GGB222000180,557,일반차량
2026-09-07,1820,2026-09-07T18:20:03.393025+09:00,GGB222001318,GGB222000199,927,일반차량
2026-09-07,1820,2026-09-07T18:20:03.393025+09:00,GGB222001318,GGB222000199,1638,일반차량
2026-09-07,1820,2026-09-07T18:20:03.393025+09:00,GGB222001318,GGB234000003,4554,저상버스
2026-09-07,1820,2026-09-07T18:20:03.393025+09:00,GGB222001318,GGB234000003,2023,저상버스
2026-09-07,1820,2026-09-07T18:20:03.393025+09:00,GGB222001318,GGB234000028,149,일반차량
2026-09-07,1820,2026-09-07T18:20:03.393025+09:00,GGB222001318,GGB234000028,2309,저상버스
2026-09-07,1825,2026-09-07T18:25:03.909488+09:00,GGB222001318,GGB222000009,1220,일반차량
2026-09-07,1825,2026-09-07T18:25:03.909488+09:00,GGB222001318,GGB222000009,411,저상버스
2026-09-07,1825,2026-09-07T18:25:03.909488+09:00,GGB222001318,GGB222000013,871,저상버스
2026-09-07,1825,2026-09-07T18:25:03.909488+09:00,GGB222001318,GGB222000013,1590,저상버스
2026-09-07,1825,2026-09-07T18:25:03.909488+09:00,GGB222001318,GGB222000027,1847,저상버스
2026-09-07,1825,2026-09-07T18:25:03.909488+09:00,GGB222001318,GGB222000027,3341,저상버스
2026-09-07,1825,2026-09-07T18:25:03.909488+09:00,GGB222001318,GGB222000028,841,일반차량
2026-09-07,1825,2026-09-07T18:25:03.909488+09:00,GGB222001318,GGB222000028,415,일반차량
2026-09-07,1825,2026-09-07T18:25:03.909488+09:00,GGB222001318,GGB222000031,823,저상버스
2026-09-07,1825,2026-09-07T18:25:03.909488+09:00,GGB222001318,GGB222000031,1624,저상버스
2026-09-07,1825,2026-09-07T18:25:03.909488+09:00,GGB222001318,GGB222000032,3169,저상버스
2026-09-07,1825,2026-09-07T18:25:03.909488+09:00,GGB222001318,GGB222000032,1347,저상버스
2026-09-07,1825,2026-09-07T18:25:03.909488+09:00,GGB222001318,GGB222000048,761,일반차량
2026-09-07,1825,2026-09-07T18:25:03.909488+09:00,GGB222001318,GGB222000048,2067,일반차량
2026-09-07,1825,2026-09-07T18:25:03.909488+09:00,GGB222001318,GGB222000056,929,일반차량
2026-09-07,1825,2026-09-07T18:25:03.909488+09:00,GGB222001318,GGB222000078,498,일반차량
2026-09-07,1825,2026-09-07T18:25:03.909488+09:00,GGB222001318,GGB222000078,1008,일반차량
2026-09-07,1825,2026-09-07T18:25:03.909488+09:00,GGB222001318,GGB222000180,2303,일반차량
2026-09-07,1825,2026-09-07T18:25:03.909488+09:00,GGB222001318,GGB222000180,461,일반차량
2026-09-07,1825,2026-09-07T18:25:03.909488+09:00,GGB222001318,GGB222000199,574,일반차량
2026-09-07,1825,2026-09-07T18:25:03.909488+09:00,GGB222001318,GGB222000199,1426,일반차량
2026-09-07,1825,2026-09-07T18:25:03.909488+09:00,GGB222001318,GGB234000003,4368,저상버스
2026-09-07,1825,2026-09-07T18:25:03.909488+09:00,GGB222001318,GGB234000003,1766,저상버스
2026-09-07,1825,2026-09-07T18:25:03.909488+09:00,GGB222001318,GGB234000028,3659,일반차량
2026-09-07,1825,2026-09-07T18:25:03.909488+09:00,GGB222001318,GGB234000028,1900,저상버스
2026-09-07,1830,2026-09-07T18:30:03.253296+09:00,GGB222001318,GGB222000009,980,일반차량
2026-09-07,1830,2026-09-07T18:30:03.253296+09:00,GGB222001318,GGB222000009,171,저상버스
2026-09-07,1830,2026-09-07T18:30:03.253296+09:00,GGB222001318,GGB222000013,627,저상버스
2026-09-07,1830,2026-09-07T18:30:03.253296+09:00,GGB222001318,GGB222000013,1187,저상버스
2026-09-07,1830,2026-09-07T18:30:03.253296+09:00,GGB222001318,GGB222000027,1747,저상버스
2026-09-07,1830,2026-09-07T18:30:03.253296+09:00,GGB222001318,GGB222000027,3264,저상버스
2026-09-07,1830,2026-09-07T18:30:03.253296+09:00,GGB222001318,GGB222000028,748,일반차량
2026-09-07,1830,2026-09-07T18:30:03.253296+09:00,GGB222001318,GGB222000028,256,일반차량
2026-09-07,1830,2026-09-07T18:30:03.253296+09:00,GGB222001318,GGB222000031,609,저상버스
2026-09-07,1830,2026-09-07T18:30:03.253296+09:00,GGB222001318,GGB222000031,1260,저상버스
2026-09-07,1830,2026-09-07T18:30:03.253296+09:00,GGB222001318,GGB222000032,3070,저상버스
2026-09-07,1830,2026-09-07T18:30:03.253296+09:00,GGB222001318,GGB222000032,1137,저상버스
2026-09-07,1830,2026-09-07T18:30:03.253296+09:00,GGB222001318,GGB222000048,535,일반차량
2026-09-07,1830,2026-09-07T18:30:03.253296+09:00,GGB222001318,GGB222000048,1734,일반차량
2026-09-07,1830,2026-09-07T18:30:03.253296+09:00,GGB222001318,GGB222000056,651,일반차량
2026-09-07,1830,2026-09-07T18:30:03.253296+09:00,GGB222001318,GGB222000078,205,일반차량
2026-09-07,1830,2026-09-07T18:30:03.253296+09:00,GGB222001318,GGB222000078,674,일반차량
2026-09-07,1830,2026-09-07T18:30:03.253296+09:00,GGB222001318,GGB222000180,2110,일반차량
2026-09-07,1830,2026-09-07T18:30:03.253296+09:00,GGB222001318,GGB222000180,167,일반차량
2026-09-07,1830,2026-09-07T18:30:03.253296+09:00,GGB222001318,GGB222000199,365,일반차량
2026-09-07,1830,2026-09-07T18:30:03.253296+09:00,GGB222001318,GGB222000199,1156,일반차량
2026-09-07,1830,2026-09-07T18:30:03.253296+09:00,GGB222001318,GGB234000003,4202,저상버스
2026-09-07,1830,2026-09-07T18:30:03.253296+09:00,GGB222001318,GGB234000003,1505,저상버스
2026-09-07,1830,2026-09-07T18:30:03.253296+09:00,GGB222001318,GGB234000028,3286,일반차량
2026-09-07,1830,2026-09-07T18:30:03.253296+09:00,GGB222001318,GGB234000028,1613,저상버스
2026-09-07,1835,2026-09-07T18:35:05.726482+09:00,GGB222001318,GGB222000009,744,일반차량
2026-09-07,1835,2026-09-07T18:35:05.726482+09:00,GGB222001318,GGB222000009,2093,저상버스
2026-09-07,1835,2026-09-07T18:35:05.726482+09:00,GGB222001318,GGB222000013,313,저상버스
2026-09-07,1835,2026-09-07T18:35:05.726482+09:00,GGB222001318,GGB222000013,1023,저상버스
2026-09-07,1835,2026-09-07T18:35:05.726482+09:00,GGB222001318,GGB222000027,1488,저상버스
2026-09-07,1835,2026-09-07T18:35:05.726482+09:00,GGB222001318,GGB222000027,2938,저상버스
2026-09-07,1835,2026-09-07T18:35:05.726482+09:00,GGB222001318,GGB222000028,939,일반차량
2026-09-07,1835,2026-09-07T18:35:05.726482+09:00,GGB222001318,GGB222000028,340,일반차량
2026-09-07,1835,2026-09-07T18:35:05.726482+09:00,GGB222001318,GGB222000031,374,저상버스
2026-09-07,1835,2026-09-07T18:35:05.726482+09:00,GGB222001318,GGB222000031,1005,저상버스
2026-09-07,1835,2026-09-07T18:35:05.726482+09:00,GGB222001318,GGB222000032,2734,저상버스
2026-09-07,1835,2026-09-07T18:35:05.726482+09:00,GGB222001318,GGB222000032,891,저상버스
2026-09-07,1835,2026-09-07T18:35:05.726482+09:00,GGB222001318,GGB222000048,373,일반차량
2026-09-07,1835,2026-09-07T18:35:05.726482+09:00,GGB222001318,GGB222000048,1556,일반차량
2026-09-07,1835,2026-09-07T18:35:05.726482+09:00,GGB222001318,GGB222000056,394,일반차량
2026-09-07,1835,2026-09-07T18:35:05.726482+09:00,GGB222001318,GGB222000078,1695,일반차량
2026-09-07,1835,2026-09-07T18:35:05.726482+09:00,GGB222001318,GGB222000078,393,일반차량
2026-09-07,1835,2026-09-07T18:35:05.726482+09:00,GGB222001318,GGB222000180,4711,일반차량
2026-09-07,1835,2026-09-07T18:35:05.726482+09:00,GGB222001318,GGB222000180,1728,일반차량
2026-09-07,1835,2026-09-07T18:35:05.726482+09:00,GGB222001318,GGB222000199,191,일반차량
2026-09-07,1835,2026-09-07T18:35:05.726482+09:00,GGB222001318,GGB222000199,860,일반차량
2026-09-07,1835,2026-09-07T18:35:05.726482+09:00,GGB222001318,GGB234000003,3996,저상버스
2026-09-07,1835,2026-09-07T18:35:05.726482+09:00,GGB222001318,GGB234000003,1305,저상버스
2026-09-07,1835,2026-09-07T18:35:05.726482+09:00,GGB222001318,GGB234000028,2961,일반차량
2026-09-07,1835,2026-09-07T18:35:05.726482+09:00,GGB222001318,GGB234000028,1108,저상버스
2026-09-07,1840,2026-09-07T18:40:06.848045+09:00,GGB222001318,GGB222000009,542,일반차량
2026-09-07,1840,2026-09-07T18:40:06.848045+09:00,GGB222001318,GGB222000009,1940,저상버스
2026-09-07,1840,2026-09-07T18:40:06.848045+09:00,GGB222001318,GGB222000013,229,저상버스
2026-09-07,1840,2026-09-07T18:40:06.848045+09:00,GGB222001318,GGB222000013,677,저상버스
2026-09-07,1840,2026-09-07T18:40:06.848045+09:00,GGB222001318,GGB222000027,1189,저상버스
2026-09-07,1840,2026-09-07T18:40:06.848045+09:00,GGB222001318,GGB222000027,2848,저상버스
2026-09-07,1840,2026-09-07T18:40:06.848045+09:00,GGB222001318,GGB222000028,623,일반차량
2026-09-07,1840,2026-09-07T18:40:06.848045+09:00,GGB222001318,GGB222000028,225,일반차량
2026-09-07,1840,2026-09-07T18:40:06.848045+09:00,GGB222001318,GGB222000031,230,저상버스
2026-09-07,1840,2026-09-07T18:40:06.848045+09:00,GGB222001318,GGB222000031,763,저상버스
2026-09-07,1840,2026-09-07T18:40:06.848045+09:00,GGB222001318,GGB222000032,2483,저상버스
2026-09-07,1840,2026-09-07T18:40:06.848045+09:00,GGB222001318,GGB222000032,477,저상버스
2026-09-07,1840,2026-09-07T18:40:06.848045+09:00,GGB222001318,GGB222000048,229,일반차량
2026-09-07,1840,2026-09-07T18:40:06.848045+09:00,GGB222001318,GGB222000048,1324,일반차량
2026-09-07,1840,2026-09-07T18:40:06.848045+09:00,GGB222001318,GGB222000056,230,일반차량
2026-09-07,1840,2026-09-07T18:40:06.848045+09:00,GGB222001318,GGB222000078,1319,일반차량
2026-09-07,1840,2026-09-07T18:40:06.848045+09:00,GGB222001318,GGB222000078,244,일반차량
2026-09-07,1840,2026-09-07T18:40:06.848045+09:00,GGB222001318,GGB222000180,4345,일반차량
2026-09-07,1840,2026-09-07T18:40:06.848045+09:00,GGB222001318,GGB222000180,1471,일반차량
2026-09-07,1840,2026-09-07T18:40:06.848045+09:00,GGB222001318,GGB222000199,1576,일반차량
2026-09-07,1840,2026-09-07T18:40:06.848045+09:00,GGB222001318,GGB222000199,657,일반차량
2026-09-07,1840,2026-09-07T18:40:06.848045+09:00,GGB222001318,GGB234000003,3744,저상버스
2026-09-07,1840,2026-09-07T18:40:06.848045+09:00,GGB222001318,GGB234000003,1108,저상버스
2026-09-07,1840,2026-09-07T18:40:06.848045+09:00,GGB222001318,GGB234000028,2757,일반차량
2026-09-07,1840,2026-09-07T18:40:06.848045+09:00,GGB222001318,GGB234000028,926,저상버스
2026-09-07,1845,2026-09-07T18:45:14.351828+09:00,GGB222001318,GGB222000009,352,일반차량
2026-09-07,1845,2026-09-07T18:45:14.351828+09:00,GGB222001318,GGB222000009,1712,저상버스
2026-09-07,1845,2026-09-07T18:45:14.351828+09:00,GGB222001318,GGB222000013,1607,저상버스
2026-09-07,1845,2026-09-07T18:45:14.351828+09:00,GGB222001318,GGB222000013,499,저상버스
2026-09-07,1845,2026-09-07T18:45:14.351828+09:00,GGB222001318,GGB222000027,857,저상버스
2026-09-07,1845,2026-09-07T18:45:14.351828+09:00,GGB222001318,GGB222000027,2246,저상버스
2026-09-07,1845,2026-09-07T18:45:14.351828+09:00,GGB222001318,GGB222000028,427,일반차량
2026-09-07,1845,2026-09-07T18:45:14.351828+09:00,GGB222001318,GGB222000028,1112,일반차량
2026-09-07,1845,2026-09-07T18:45:14.351828+09:00,GGB222001318,GGB222000031,500,저상버스
2026-09-07,1845,2026-09-07T18:45:14.351828+09:00,GGB222001318,GGB222000031,1347,저상버스
2026-09-07,1845,2026-09-07T18:45:14.351828+09:00,GGB222001318,GGB222000032,2248,저상버스
2026-09-07,1845,2026-09-07T18:45:14.351828+09:00,GGB222001318,GGB222000032,5015,일반차량
2026-09-07,1845,2026-09-07T18:45:14.351828+09:00,GGB222001318,GGB222000048,2067,일반차량
2026-09-07,1845,2026-09-07T18:45:14.351828+09:00,GGB222001318,GGB222000048,1126,일반차량
2026-09-07,1845,2026-09-07T18:45:14.351828+09:00,GGB222001318,GGB222000078,1108,일반차량
2026-09-07,1845,2026-09-07T18:45:14.351828+09:00,GGB222001318,GGB222000078,3189,일반차량
2026-09-07,1845,2026-09-07T18:45:14.351828+09:00,GGB222001318,GGB222000180,3607,일반차량
2026-09-07,1845,2026-09-07T18:45:14.351828+09:00,GGB222001318,GGB222000180,1159,일반차량
2026-09-07,1845,2026-09-07T18:45:14.351828+09:00,GGB222001318,GGB222000199,1403,일반차량
2026-09-07,1845,2026-09-07T18:45:14.351828+09:00,GGB222001318,GGB222000199,532,일반차량
2026-09-07,1845,2026-09-07T18:45:14.351828+09:00,GGB222001318,GGB234000003,3490,저상버스
2026-09-07,1845,2026-09-07T18:45:14.351828+09:00,GGB222001318,GGB234000003,807,저상버스
2026-09-07,1845,2026-09-07T18:45:14.351828+09:00,GGB222001318,GGB234000028,2507,일반차량
2026-09-07,1845,2026-09-07T18:45:14.351828+09:00,GGB222001318,GGB234000028,697,저상버스
2026-09-07,1850,2026-09-07T18:50:02.739835+09:00,GGB222001318,GGB222000009,114,일반차량
2026-09-07,1850,2026-09-07T18:50:02.739835+09:00,GGB222001318,GGB222000009,1606,저상버스
2026-09-07,1850,2026-09-07T18:50:02.739835+09:00,GGB222001318,GGB222000013,1364,저상버스
2026-09-07,1850,2026-09-07T18:50:02.739835+09:00,GGB222001318,GGB222000013,231,저상버스
2026-09-07,1850,2026-09-07T18:50:02.739835+09:00,GGB222001318,GGB222000027,466,저상버스
2026-09-07,1850,2026-09-07T18:50:02.739835+09:00,GGB222001318,GGB222000027,2115,저상버스
2026-09-07,1850,2026-09-07T18:50:02.739835+09:00,GGB222001318,GGB222000028,139,일반차량
2026-09-07,1850,2026-09-07T18:50:02.739835+09:00,GGB222001318,GGB222000028,790,일반차량
2026-09-07,1850,2026-09-07T18:50:02.739835+09:00,GGB222001318,GGB222000031,233,저상버스
2026-09-07,1850,2026-09-07T18:50:02.739835+09:00,GGB222001318,GGB222000031,1144,저상버스
2026-09-07,1850,2026-09-07T18:50:02.739835+09:00,GGB222001318,GGB222000032,1810,저상버스
2026-09-07,1850,2026-09-07T18:50:02.739835+09:00,GGB222001318,GGB222000032,4672,일반차량
2026-09-07,1850,2026-09-07T18:50:02.739835+09:00,GGB222001318,GGB222000048,1748,일반차량
2026-09-07,1850,2026-09-07T18:50:02.739835+09:00,GGB222001318,GGB222000048,764,일반차량
2026-09-07,1850,2026-09-07T18:50:02.739835+09:00,GGB222001318,GGB222000078,927,일반차량
2026-09-07,1850,2026-09-07T18:50:02.739835+09:00,GGB222001318,GGB222000078,2853,일반차량
2026-09-07,1850,2026-09-07T18:50:02.739835+09:00,GGB222001318,GGB222000180,3257,일반차량
2026-09-07,1850,2026-09-07T18:50:02.739835+09:00,GGB222001318,GGB222000180,857,일반차량
2026-09-07,1850,2026-09-07T18:50:02.739835+09:00,GGB222001318,GGB222000199,979,일반차량
2026-09-07,1850,2026-09-07T18:50:02.739835+09:00,GGB222001318,GGB222000199,362,일반차량
2026-09-07,1850,2026-09-07T18:50:02.739835+09:00,GGB222001318,GGB234000003,3143,저상버스
2026-09-07,1850,2026-09-07T18:50:02.739835+09:00,GGB222001318,GGB234000003,466,저상버스
2026-09-07,1850,2026-09-07T18:50:02.739835+09:00,GGB222001318,GGB234000028,2122,일반차량
2026-09-07,1850,2026-09-07T18:50:02.739835+09:00,GGB222001318,GGB234000028,617,저상버스
2026-09-07,1855,2026-09-07T18:55:03.276662+09:00,GGB222001318,GGB222000009,1373,저상버스
2026-09-07,1855,2026-09-07T18:55:03.276662+09:00,GGB222001318,GGB222000009,1669,저상버스
2026-09-07,1855,2026-09-07T18:55:03.276662+09:00,GGB222001318,GGB222000013,1275,저상버스
2026-09-07,1855,2026-09-07T18:55:03.276662+09:00,GGB222001318,GGB222000013,148,저상버스
2026-09-07,1855,2026-09-07T18:55:03.276662+09:00,GGB222001318,GGB222000027,364,저상버스
2026-09-07,1855,2026-09-07T18:55:03.276662+09:00,GGB222001318,GGB222000027,1918,저상버스
2026-09-07,1855,2026-09-07T18:55:03.276662+09:00,GGB222001318,GGB222000028,779,일반차량
2026-09-07,1855,2026-09-07T18:55:03.276662+09:00,GGB222001318,GGB222000028,1537,일반차량
2026-09-07,1855,2026-09-07T18:55:03.276662+09:00,GGB222001318,GGB222000031,175,저상버스
2026-09-07,1855,2026-09-07T18:55:03.276662+09:00,GGB222001318,GGB222000031,993,저상버스
2026-09-07,1855,2026-09-07T18:55:03.276662+09:00,GGB222001318,GGB222000032,1627,저상버스
2026-09-07,1855,2026-09-07T18:55:03.276662+09:00,GGB222001318,GGB222000032,4380,일반차량
2026-09-07,1855,2026-09-07T18:55:03.276662+09:00,GGB222001318,GGB222000048,1631,일반차량
2026-09-07,1855,2026-09-07T18:55:03.276662+09:00,GGB222001318,GGB222000048,534,일반차량
2026-09-07,1855,2026-09-07T18:55:03.276662+09:00,GGB222001318,GGB222000078,639,일반차량
2026-09-07,1855,2026-09-07T18:55:03.276662+09:00,GGB222001318,GGB222000078,2826,일반차량
2026-09-07,1855,2026-09-07T18:55:03.276662+09:00,GGB222001318,GGB222000180,3180,일반차량
2026-09-07,1855,2026-09-07T18:55:03.276662+09:00,GGB222001318,GGB222000180,653,일반차량
2026-09-07,1855,2026-09-07T18:55:03.276662+09:00,GGB222001318,GGB222000199,992,일반차량
2026-09-07,1855,2026-09-07T18:55:03.276662+09:00,GGB222001318,GGB222000199,1758,일반차량
2026-09-07,1855,2026-09-07T18:55:03.276662+09:00,GGB222001318,GGB234000003,2984,저상버스
2026-09-07,1855,2026-09-07T18:55:03.276662+09:00,GGB222001318,GGB234000003,364,저상버스
2026-09-07,1855,2026-09-07T18:55:03.276662+09:00,GGB222001318,GGB234000028,2053,일반차량
2026-09-07,1855,2026-09-07T18:55:03.276662+09:00,GGB222001318,GGB234000028,457,저상버스
2026-09-08,0700,2026-09-08T07:00:07.266079+09:00,GGB222001318,GGB222000009,19,저상버스
2026-09-08,0700,2026-09-08T07:00:07.266079+09:00,GGB222001318,GGB222000009,1259,일반차량
2026-09-08,0700,2026-09-08T07:00:07.266079+09:00,GGB222001318,GGB222000013,1854,저상버스
2026-09-08,0700,2026-09-08T07:00:07.266079+09:00,GGB222001318,GGB222000013,609,저상버스
2026-09-08,0700,2026-09-08T07:00:07.266079+09:00,GGB222001318,GGB222000027,2015,저상버스
2026-09-08,0700,2026-09-08T07:00:07.266079+09:00,GGB222001318,GGB222000027,306,저상버스
2026-09-08,0700,2026-09-08T07:00:07.266079+09:00,GGB222001318,GGB222000028,580,일반차량
2026-09-08,0700,2026-09-08T07:00:07.266079+09:00,GGB222001318,GGB222000028,1062,일반차량
2026-09-08,0700,2026-09-08T07:00:07.266079+09:00,GGB222001318,GGB222000031,1075,저상버스
2026-09-08,0700,2026-09-08T07:00:07.266079+09:00,GGB222001318,GGB222000031,2477,저상버스
2026-09-08,0700,2026-09-08T07:00:07.266079+09:00,GGB222001318,GGB222000032,5621,저상버스
2026-09-08,0700,2026-09-08T07:00:07.266079+09:00,GGB222001318,GGB222000032,6811,저상버스
2026-09-08,0700,2026-09-08T07:00:07.266079+09:00,GGB222001318,GGB222000048,1816,일반차량
2026-09-08,0700,2026-09-08T07:00:07.266079+09:00,GGB222001318,GGB222000048,515,일반차량
2026-09-08,0700,2026-09-08T07:00:07.266079+09:00,GGB222001318,GGB222000078,1593,일반차량
2026-09-08,0700,2026-09-08T07:00:07.266079+09:00,GGB222001318,GGB222000078,2836,일반차량
2026-09-08,0700,2026-09-08T07:00:07.266079+09:00,GGB222001318,GGB222000137,3479,일반차량
2026-09-08,0700,2026-09-08T07:00:07.266079+09:00,GGB222001318,GGB222000180,1371,일반차량
2026-09-08,0700,2026-09-08T07:00:07.266079+09:00,GGB222001318,GGB222000180,3363,일반차량
2026-09-08,0700,2026-09-08T07:00:07.266079+09:00,GGB222001318,GGB222000199,418,일반차량
2026-09-08,0700,2026-09-08T07:00:07.266079+09:00,GGB222001318,GGB222000199,1817,일반차량
2026-09-08,0700,2026-09-08T07:00:07.266079+09:00,GGB222001318,GGB222000239,976,일반차량
2026-09-08,0700,2026-09-08T07:00:07.266079+09:00,GGB222001318,GGB234000003,1913,저상버스
2026-09-08,0700,2026-09-08T07:00:07.266079+09:00,GGB222001318,GGB234000003,4386,저상버스
2026-09-08,0700,2026-09-08T07:00:07.266079+09:00,GGB222001318,GGB234000028,3564,일반차량
2026-09-08,0700,2026-09-08T07:00:07.266079+09:00,GGB222001318,GGB234000028,2393,저상버스
2026-09-08,0705,2026-09-08T07:05:03.776896+09:00,GGB222001318,GGB222000009,988,일반차량
2026-09-08,0705,2026-09-08T07:05:03.776896+09:00,GGB222001318,GGB222000009,2121,저상버스
2026-09-08,0705,2026-09-08T07:05:03.776896+09:00,GGB222001318,GGB222000013,1627,저상버스
2026-09-08,0705,2026-09-08T07:05:03.776896+09:00,GGB222001318,GGB222000013,499,저상버스
2026-09-08,0705,2026-09-08T07:05:03.776896+09:00,GGB222001318,GGB222000027,1844,저상버스
2026-09-08,0705,2026-09-08T07:05:03.776896+09:00,GGB222001318,GGB222000027,192,저상버스
2026-09-08,0705,2026-09-08T07:05:03.776896+09:00,GGB222001318,GGB222000028,410,일반차량
2026-09-08,0705,2026-09-08T07:05:03.776896+09:00,GGB222001318,GGB222000028,965,일반차량
2026-09-08,0705,2026-09-08T07:05:03.776896+09:00,GGB222001318,GGB222000031,948,저상버스
2026-09-08,0705,2026-09-08T07:05:03.776896+09:00,GGB222001318,GGB222000031,2317,저상버스
2026-09-08,0705,2026-09-08T07:05:03.776896+09:00,GGB222001318,GGB222000032,5574,저상버스
2026-09-08,0705,2026-09-08T07:05:03.776896+09:00,GGB222001318,GGB222000032,6638,저상버스
2026-09-08,0705,2026-09-08T07:05:03.776896+09:00,GGB222001318,GGB222000048,1644,일반차량
2026-09-08,0705,2026-09-08T07:05:03.776896+09:00,GGB222001318,GGB222000048,376,일반차량
2026-09-08,0705,2026-09-08T07:05:03.776896+09:00,GGB222001318,GGB222000078,1502,일반차량
2026-09-08,0705,2026-09-08T07:05:03.776896+09:00,GGB222001318,GGB222000078,2741,일반차량
2026-09-08,0705,2026-09-08T07:05:03.776896+09:00,GGB222001318,GGB222000137,3266,일반차량
2026-09-08,0705,2026-09-08T07:05:03.776896+09:00,GGB222001318,GGB222000137,6049,일반차량
2026-09-08,0705,2026-09-08T07:05:03.776896+09:00,GGB222001318,GGB222000180,1305,일반차량
2026-09-08,0705,2026-09-08T07:05:03.776896+09:00,GGB222001318,GGB222000180,3180,일반차량
2026-09-08,0705,2026-09-08T07:05:03.776896+09:00,GGB222001318,GGB222000199,320,일반차량
2026-09-08,0705,2026-09-08T07:05:03.776896+09:00,GGB222001318,GGB222000199,1755,일반차량
2026-09-08,0705,2026-09-08T07:05:03.776896+09:00,GGB222001318,GGB222000239,693,일반차량
2026-09-08,0705,2026-09-08T07:05:03.776896+09:00,GGB222001318,GGB234000003,1913,저상버스
2026-09-08,0705,2026-09-08T07:05:03.776896+09:00,GGB222001318,GGB234000003,4218,저상버스
2026-09-08,0705,2026-09-08T07:05:03.776896+09:00,GGB222001318,GGB234000028,3483,일반차량
2026-09-08,0705,2026-09-08T07:05:03.776896+09:00,GGB222001318,GGB234000028,2262,저상버스
2026-09-08,0710,2026-09-08T07:10:04.728257+09:00,GGB222001318,GGB222000009,728,일반차량
2026-09-08,0710,2026-09-08T07:10:04.728257+09:00,GGB222001318,GGB222000009,1957,저상버스
2026-09-08,0710,2026-09-08T07:10:04.728257+09:00,GGB222001318,GGB222000013,1402,저상버스
2026-09-08,0710,2026-09-08T07:10:04.728257+09:00,GGB222001318,GGB222000013,260,저상버스
2026-09-08,0710,2026-09-08T07:10:04.728257+09:00,GGB222001318,GGB222000027,4768,저상버스
2026-09-08,0710,2026-09-08T07:10:04.728257+09:00,GGB222001318,GGB222000027,1710,저상버스
2026-09-08,0710,2026-09-08T07:10:04.728257+09:00,GGB222001318,GGB222000028,232,일반차량
2026-09-08,0710,2026-09-08T07:10:04.728257+09:00,GGB222001318,GGB222000028,730,일반차량
2026-09-08,0710,2026-09-08T07:10:04.728257+09:00,GGB222001318,GGB222000031,861,저상버스
2026-09-08,0710,2026-09-08T07:10:04.728257+09:00,GGB222001318,GGB222000031,2156,저상버스
2026-09-08,0710,2026-09-08T07:10:04.728257+09:00,GGB222001318,GGB222000032,5275,저상버스
2026-09-08,0710,2026-09-08T07:10:04.728257+09:00,GGB222001318,GGB222000032,6469,저상버스
2026-09-08,0710,2026-09-08T07:10:04.728257+09:00,GGB222001318,GGB222000048,1521,일반차량
2026-09-08,0710,2026-09-08T07:10:04.728257+09:00,GGB222001318,GGB222000048,223,일반차량
2026-09-08,0710,2026-09-08T07:10:04.728257+09:00,GGB222001318,GGB222000056,822,일반차량
2026-09-08,0710,2026-09-08T07:10:04.728257+09:00,GGB222001318,GGB222000078,1227,일반차량
2026-09-08,0710,2026-09-08T07:10:04.728257+09:00,GGB222001318,GGB222000078,2380,일반차량
2026-09-08,0710,2026-09-08T07:10:04.728257+09:00,GGB222001318,GGB222000137,3099,일반차량
2026-09-08,0710,2026-09-08T07:10:04.728257+09:00,GGB222001318,GGB222000137,5912,일반차량
2026-09-08,0710,2026-09-08T07:10:04.728257+09:00,GGB222001318,GGB222000180,1070,일반차량
2026-09-08,0710,2026-09-08T07:10:04.728257+09:00,GGB222001318,GGB222000180,2940,일반차량
2026-09-08,0710,2026-09-08T07:10:04.728257+09:00,GGB222001318,GGB222000199,170,일반차량
2026-09-08,0710,2026-09-08T07:10:04.728257+09:00,GGB222001318,GGB222000199,1341,일반차량
2026-09-08,0710,2026-09-08T07:10:04.728257+09:00,GGB222001318,GGB222000239,496,일반차량
2026-09-08,0710,2026-09-08T07:10:04.728257+09:00,GGB222001318,GGB234000003,1829,저상버스
2026-09-08,0710,2026-09-08T07:10:04.728257+09:00,GGB222001318,GGB234000003,4169,저상버스
2026-09-08,0710,2026-09-08T07:10:04.728257+09:00,GGB222001318,GGB234000028,3481,일반차량
2026-09-08,0710,2026-09-08T07:10:04.728257+09:00,GGB222001318,GGB234000028,2046,저상버스
2026-09-08,0715,2026-09-08T07:15:04.372383+09:00,GGB222001318,GGB222000009,496,일반차량
2026-09-08,0715,2026-09-08T07:15:04.372383+09:00,GGB222001318,GGB222000009,1605,저상버스
2026-09-08,0715,2026-09-08T07:15:04.372383+09:00,GGB222001318,GGB222000013,1254,저상버스
2026-09-08,0715,2026-09-08T07:15:04.372383+09:00,GGB222001318,GGB222000013,207,저상버스
2026-09-08,0715,2026-09-08T07:15:04.372383+09:00,GGB222001318,GGB222000027,4677,저상버스
2026-09-08,0715,2026-09-08T07:15:04.372383+09:00,GGB222001318,GGB222000027,1529,저상버스
2026-09-08,0715,2026-09-08T07:15:04.372383+09:00,GGB222001318,GGB222000028,100,일반차량
2026-09-08,0715,2026-09-08T07:15:04.372383+09:00,GGB222001318,GGB222000028,508,일반차량
2026-09-08,0715,2026-09-08T07:15:04.372383+09:00,GGB222001318,GGB222000031,566,저상버스
2026-09-08,0715,2026-09-08T07:15:04.372383+09:00,GGB222001318,GGB222000031,1817,저상버스
2026-09-08,0715,2026-09-08T07:15:04.372383+09:00,GGB222001318,GGB222000032,5139,저상버스
2026-09-08,0715,2026-09-08T07:15:04.372383+09:00,GGB222001318,GGB222000032,6406,저상버스
2026-09-08,0715,2026-09-08T07:15:04.372383+09:00,GGB222001318,GGB222000048,1351,일반차량
2026-09-08,0715,2026-09-08T07:15:04.372383+09:00,GGB222001318,GGB222000048,102,일반차량
2026-09-08,0715,2026-09-08T07:15:04.372383+09:00,GGB222001318,GGB222000056,450,일반차량
2026-09-08,0715,2026-09-08T07:15:04.372383+09:00,GGB222001318,GGB222000078,2181,일반차량
2026-09-08,0715,2026-09-08T07:15:04.372383+09:00,GGB222001318,GGB222000078,4312,일반차량
2026-09-08,0715,2026-09-08T07:15:04.372383+09:00,GGB222001318,GGB222000137,3065,일반차량
2026-09-08,0715,2026-09-08T07:15:04.372383+09:00,GGB222001318,GGB222000137,5946,일반차량
2026-09-08,0715,2026-09-08T07:15:04.372383+09:00,GGB222001318,GGB222000180,804,일반차량
2026-09-08,0715,2026-09-08T07:15:04.372383+09:00,GGB222001318,GGB222000180,3186,일반차량
2026-09-08,0715,2026-09-08T07:15:04.372383+09:00,GGB222001318,GGB222000199,1812,일반차량
2026-09-08,0715,2026-09-08T07:15:04.372383+09:00,GGB222001318,GGB222000199,1009,일반차량
2026-09-08,0715,2026-09-08T07:15:04.372383+09:00,GGB222001318,GGB222000239,365,일반차량
2026-09-08,0715,2026-09-08T07:15:04.372383+09:00,GGB222001318,GGB234000003,1501,저상버스
2026-09-08,0715,2026-09-08T07:15:04.372383+09:00,GGB222001318,GGB234000003,4161,저상버스
2026-09-08,0715,2026-09-08T07:15:04.372383+09:00,GGB222001318,GGB234000028,3348,일반차량
2026-09-08,0715,2026-09-08T07:15:04.372383+09:00,GGB222001318,GGB234000028,1778,저상버스
2026-09-08,0720,2026-09-08T07:20:03.080240+09:00,GGB222001318,GGB222000009,136,일반차량
2026-09-08,0720,2026-09-08T07:20:03.080240+09:00,GGB222001318,GGB222000009,1074,저상버스
2026-09-08,0720,2026-09-08T07:20:03.080240+09:00,GGB222001318,GGB222000013,901,저상버스
2026-09-08,0720,2026-09-08T07:20:03.080240+09:00,GGB222001318,GGB222000013,1774,저상버스
2026-09-08,0720,2026-09-08T07:20:03.080240+09:00,GGB222001318,GGB222000027,4445,저상버스
2026-09-08,0720,2026-09-08T07:20:03.080240+09:00,GGB222001318,GGB222000027,1161,저상버스
2026-09-08,0720,2026-09-08T07:20:03.080240+09:00,GGB222001318,GGB222000028,959,일반차량
2026-09-08,0720,2026-09-08T07:20:03.080240+09:00,GGB222001318,GGB222000028,259,일반차량
2026-09-08,0720,2026-09-08T07:20:03.080240+09:00,GGB222001318,GGB222000031,319,저상버스
2026-09-08,0720,2026-09-08T07:20:03.080240+09:00,GGB222001318,GGB222000031,1422,저상버스
2026-09-08,0720,2026-09-08T07:20:03.080240+09:00,GGB222001318,GGB222000032,4846,저상버스
2026-09-08,0720,2026-09-08T07:20:03.080240+09:00,GGB222001318,GGB222000032,5919,저상버스
2026-09-08,0720,2026-09-08T07:20:03.080240+09:00,GGB222001318,GGB222000048,2340,저상버스
2026-09-08,0720,2026-09-08T07:20:03.080240+09:00,GGB222001318,GGB222000048,1189,일반차량
2026-09-08,0720,2026-09-08T07:20:03.080240+09:00,GGB222001318,GGB222000056,101,일반차량
2026-09-08,0720,2026-09-08T07:20:03.080240+09:00,GGB222001318,GGB222000078,704,일반차량
2026-09-08,0720,2026-09-08T07:20:03.080240+09:00,GGB222001318,GGB222000078,1804,일반차량
2026-09-08,0720,2026-09-08T07:20:03.080240+09:00,GGB222001318,GGB222000137,2409,일반차량
2026-09-08,0720,2026-09-08T07:20:03.080240+09:00,GGB222001318,GGB222000137,5658,일반차량
2026-09-08,0720,2026-09-08T07:20:03.080240+09:00,GGB222001318,GGB222000180,522,일반차량
2026-09-08,0720,2026-09-08T07:20:03.080240+09:00,GGB222001318,GGB222000180,2913,일반차량
2026-09-08,0720,2026-09-08T07:20:03.080240+09:00,GGB222001318,GGB222000199,1749,일반차량
2026-09-08,0720,2026-09-08T07:20:03.080240+09:00,GGB222001318,GGB222000199,681,일반차량
2026-09-08,0720,2026-09-08T07:20:03.080240+09:00,GGB222001318,GGB222000239,80,일반차량
2026-09-08,0720,2026-09-08T07:20:03.080240+09:00,GGB222001318,GGB234000003,1184,저상버스
2026-09-08,0720,2026-09-08T07:20:03.080240+09:00,GGB222001318,GGB234000003,3798,저상버스
2026-09-08,0720,2026-09-08T07:20:03.080240+09:00,GGB222001318,GGB234000028,3193,일반차량
2026-09-08,0720,2026-09-08T07:20:03.080240+09:00,GGB222001318,GGB234000028,1445,저상버스
2026-09-08,0725,2026-09-08T07:25:03.657267+09:00,GGB222001318,GGB222000009,722,저상버스
2026-09-08,0725,2026-09-08T07:25:03.657267+09:00,GGB222001318,GGB222000009,1367,저상버스
2026-09-08,0725,2026-09-08T07:25:03.657267+09:00,GGB222001318,GGB222000013,761,저상버스
2026-09-08,0725,2026-09-08T07:25:03.657267+09:00,GGB222001318,GGB222000013,1542,저상버스
2026-09-08,0725,2026-09-08T07:25:03.657267+09:00,GGB222001318,GGB222000027,4079,저상버스
2026-09-08,0725,2026-09-08T07:25:03.657267+09:00,GGB222001318,GGB222000027,730,저상버스
2026-09-08,0725,2026-09-08T07:25:03.657267+09:00,GGB222001318,GGB222000028,619,일반차량
2026-09-08,0725,2026-09-08T07:25:03.657267+09:00,GGB222001318,GGB222000028,1076,일반차량
2026-09-08,0725,2026-09-08T07:25:03.657267+09:00,GGB222001318,GGB222000031,2522,저상버스
2026-09-08,0725,2026-09-08T07:25:03.657267+09:00,GGB222001318,GGB222000031,920,저상버스
2026-09-08,0725,2026-09-08T07:25:03.657267+09:00,GGB222001318,GGB222000032,4510,저상버스
2026-09-08,0725,2026-09-08T07:25:03.657267+09:00,GGB222001318,GGB222000032,5544,저상버스
2026-09-08,0725,2026-09-08T07:25:03.657267+09:00,GGB222001318,GGB222000048,2046,저상버스
2026-09-08,0725,2026-09-08T07:25:03.657267+09:00,GGB222001318,GGB222000048,781,일반차량
2026-09-08,0725,2026-09-08T07:25:03.657267+09:00,GGB222001318,GGB222000078,302,일반차량
2026-09-08,0725,2026-09-08T07:25:03.657267+09:00,GGB222001318,GGB222000078,1734,일반차량
2026-09-08,0725,2026-09-08T07:25:03.657267+09:00,GGB222001318,GGB222000137,2384,일반차량
2026-09-08,0725,2026-09-08T07:25:03.657267+09:00,GGB222001318,GGB222000137,5296,일반차량
2026-09-08,0725,2026-09-08T07:25:03.657267+09:00,GGB222001318,GGB222000180,213,일반차량
2026-09-08,0725,2026-09-08T07:25:03.657267+09:00,GGB222001318,GGB222000180,2536,일반차량
2026-09-08,0725,2026-09-08T07:25:03.657267+09:00,GGB222001318,GGB222000199,1389,일반차량
2026-09-08,0725,2026-09-08T07:25:03.657267+09:00,GGB222001318,GGB222000199,430,일반차량
2026-09-08,0725,2026-09-08T07:25:03.657267+09:00,GGB222001318,GGB234000003,783,저상버스
2026-09-08,0725,2026-09-08T07:25:03.657267+09:00,GGB222001318,GGB234000003,3197,저상버스
2026-09-08,0725,2026-09-08T07:25:03.657267+09:00,GGB222001318,GGB234000028,3067,일반차량
2026-09-08,0725,2026-09-08T07:25:03.657267+09:00,GGB222001318,GGB234000028,1180,저상버스
2026-09-08,0730,2026-09-08T07:30:06.009976+09:00,GGB222001318,GGB222000009,479,저상버스
2026-09-08,0730,2026-09-08T07:30:06.009976+09:00,GGB222001318,GGB222000009,1035,저상버스
2026-09-08,0730,2026-09-08T07:30:06.009976+09:00,GGB222001318,GGB222000013,458,저상버스
2026-09-08,0730,2026-09-08T07:30:06.009976+09:00,GGB222001318,GGB222000013,1334,저상버스
2026-09-08,0730,2026-09-08T07:30:06.009976+09:00,GGB222001318,GGB222000027,3886,저상버스
2026-09-08,0730,2026-09-08T07:30:06.009976+09:00,GGB222001318,GGB222000027,414,저상버스
2026-09-08,0730,2026-09-08T07:30:06.009976+09:00,GGB222001318,GGB222000028,447,일반차량
2026-09-08,0730,2026-09-08T07:30:06.009976+09:00,GGB222001318,GGB222000028,833,일반차량
2026-09-08,0730,2026-09-08T07:30:06.009976+09:00,GGB222001318,GGB222000031,2234,저상버스
2026-09-08,0730,2026-09-08T07:30:06.009976+09:00,GGB222001318,GGB222000031,794,저상버스
2026-09-08,0730,2026-09-08T07:30:06.009976+09:00,GGB222001318,GGB222000032,4496,저상버스
2026-09-08,0730,2026-09-08T07:30:06.009976+09:00,GGB222001318,GGB222000032,5359,저상버스
2026-09-08,0730,2026-09-08T07:30:06.009976+09:00,GGB222001318,GGB222000048,1820,저상버스
2026-09-08,0730,2026-09-08T07:30:06.009976+09:00,GGB222001318,GGB222000048,562,일반차량
2026-09-08,0730,2026-09-08T07:30:06.009976+09:00,GGB222001318,GGB222000078,219,일반차량
2026-09-08,0730,2026-09-08T07:30:06.009976+09:00,GGB222001318,GGB222000078,1393,일반차량
2026-09-08,0730,2026-09-08T07:30:06.009976+09:00,GGB222001318,GGB222000137,2060,일반차량
2026-09-08,0730,2026-09-08T07:30:06.009976+09:00,GGB222001318,GGB222000137,4984,일반차량
2026-09-08,0730,2026-09-08T07:30:06.009976+09:00,GGB222001318,GGB222000180,3680,일반차량
2026-09-08,0730,2026-09-08T07:30:06.009976+09:00,GGB222001318,GGB222000180,2275,일반차량
2026-09-08,0730,2026-09-08T07:30:06.009976+09:00,GGB222001318,GGB222000199,934,일반차량
2026-09-08,0730,2026-09-08T07:30:06.009976+09:00,GGB222001318,GGB222000199,173,일반차량
2026-09-08,0730,2026-09-08T07:30:06.009976+09:00,GGB222001318,GGB234000003,567,저상버스
2026-09-08,0730,2026-09-08T07:30:06.009976+09:00,GGB222001318,GGB234000003,2989,저상버스
2026-09-08,0730,2026-09-08T07:30:06.009976+09:00,GGB222001318,GGB234000028,2723,일반차량
2026-09-08,0730,2026-09-08T07:30:06.009976+09:00,GGB222001318,GGB234000028,852,저상버스
2026-09-08,0735,2026-09-08T07:35:03.378595+09:00,GGB222001318,GGB222000009,192,저상버스
2026-09-08,0735,2026-09-08T07:35:03.378595+09:00,GGB222001318,GGB222000009,940,저상버스
2026-09-08,0735,2026-09-08T07:35:03.378595+09:00,GGB222001318,GGB222000013,117,저상버스
2026-09-08,0735,2026-09-08T07:35:03.378595+09:00,GGB222001318,GGB222000013,933,저상버스
2026-09-08,0735,2026-09-08T07:35:03.378595+09:00,GGB222001318,GGB222000027,3675,저상버스
2026-09-08,0735,2026-09-08T07:35:03.378595+09:00,GGB222001318,GGB222000027,225,저상버스
2026-09-08,0735,2026-09-08T07:35:03.378595+09:00,GGB222001318,GGB222000028,257,일반차량
2026-09-08,0735,2026-09-08T07:35:03.378595+09:00,GGB222001318,GGB222000028,629,일반차량
2026-09-08,0735,2026-09-08T07:35:03.378595+09:00,GGB222001318,GGB222000031,2267,저상버스
2026-09-08,0735,2026-09-08T07:35:03.378595+09:00,GGB222001318,GGB222000031,491,저상버스
2026-09-08,0735,2026-09-08T07:35:03.378595+09:00,GGB222001318,GGB222000032,4472,저상버스
2026-09-08,0735,2026-09-08T07:35:03.378595+09:00,GGB222001318,GGB222000032,5283,저상버스
2026-09-08,0735,2026-09-08T07:35:03.378595+09:00,GGB222001318,GGB222000048,1628,저상버스
2026-09-08,0735,2026-09-08T07:35:03.378595+09:00,GGB222001318,GGB222000048,356,일반차량
2026-09-08,0735,2026-09-08T07:35:03.378595+09:00,GGB222001318,GGB222000078,1297,일반차량
2026-09-08,0735,2026-09-08T07:35:03.378595+09:00,GGB222001318,GGB222000078,3584,일반차량
2026-09-08,0735,2026-09-08T07:35:03.378595+09:00,GGB222001318,GGB222000137,1962,일반차량
2026-09-08,0735,2026-09-08T07:35:03.378595+09:00,GGB222001318,GGB222000137,5124,일반차량
2026-09-08,0735,2026-09-08T07:35:03.378595+09:00,GGB222001318,GGB222000180,3477,일반차량
2026-09-08,0735,2026-09-08T07:35:03.378595+09:00,GGB222001318,GGB222000180,2023,일반차량
2026-09-08,0735,2026-09-08T07:35:03.378595+09:00,GGB222001318,GGB222000199,1588,일반차량
2026-09-08,0735,2026-09-08T07:35:03.378595+09:00,GGB222001318,GGB222000199,559,일반차량
2026-09-08,0735,2026-09-08T07:35:03.378595+09:00,GGB222001318,GGB234000003,450,저상버스
2026-09-08,0735,2026-09-08T07:35:03.378595+09:00,GGB222001318,GGB234000003,2876,저상버스
2026-09-08,0735,2026-09-08T07:35:03.378595+09:00,GGB222001318,GGB234000028,2537,일반차량
2026-09-08,0735,2026-09-08T07:35:03.378595+09:00,GGB222001318,GGB234000028,701,저상버스
2026-09-08,0740,2026-09-08T07:40:02.641060+09:00,GGB222001318,GGB222000009,1829,저상버스
2026-09-08,0740,2026-09-08T07:40:02.641060+09:00,GGB222001318,GGB222000009,595,저상버스
2026-09-08,0740,2026-09-08T07:40:02.641060+09:00,GGB222001318,GGB222000013,2005,저상버스
2026-09-08,0740,2026-09-08T07:40:02.641060+09:00,GGB222001318,GGB222000013,768,저상버스
2026-09-08,0740,2026-09-08T07:40:02.641060+09:00,GGB222001318,GGB222000027,3368,저상버스
2026-09-08,0740,2026-09-08T07:40:02.641060+09:00,GGB222001318,GGB222000027,5263,저상버스
2026-09-08,0740,2026-09-08T07:40:02.641060+09:00,GGB222001318,GGB222000028,88,일반차량
2026-09-08,0740,2026-09-08T07:40:02.641060+09:00,GGB222001318,GGB222000028,564,일반차량
2026-09-08,0740,2026-09-08T07:40:02.641060+09:00,GGB222001318,GGB222000031,2295,저상버스
2026-09-08,0740,2026-09-08T07:40:02.641060+09:00,GGB222001318,GGB222000031,309,저상버스
2026-09-08,0740,2026-09-08T07:40:02.641060+09:00,GGB222001318,GGB222000032,4215,저상버스
2026-09-08,0740,2026-09-08T07:40:02.641060+09:00,GGB222001318,GGB222000032,4954,저상버스
2026-09-08,0740,2026-09-08T07:40:02.641060+09:00,GGB222001318,GGB222000048,1503,저상버스
2026-09-08,0740,2026-09-08T07:40:02.641060+09:00,GGB222001318,GGB222000048,225,일반차량
2026-09-08,0740,2026-09-08T07:40:02.641060+09:00,GGB222001318,GGB222000078,6223,일반차량
2026-09-08,0740,2026-09-08T07:40:02.641060+09:00,GGB222001318,GGB222000078,3258,일반차량
2026-09-08,0740,2026-09-08T07:40:02.641060+09:00,GGB222001318,GGB222000137,1848,일반차량
2026-09-08,0740,2026-09-08T07:40:02.641060+09:00,GGB222001318,GGB222000137,5091,일반차량
2026-09-08,0740,2026-09-08T07:40:02.641060+09:00,GGB222001318,GGB222000180,3222,일반차량
2026-09-08,0740,2026-09-08T07:40:02.641060+09:00,GGB222001318,GGB222000180,1669,일반차량
2026-09-08,0740,2026-09-08T07:40:02.641060+09:00,GGB222001318,GGB222000199,1579,일반차량
2026-09-08,0740,2026-09-08T07:40:02.641060+09:00,GGB222001318,GGB222000199,322,일반차량
2026-09-08,0740,2026-09-08T07:40:02.641060+09:00,GGB222001318,GGB234000003,340,저상버스
2026-09-08,0740,2026-09-08T07:40:02.641060+09:00,GGB222001318,GGB234000003,2712,저상버스
2026-09-08,0740,2026-09-08T07:40:02.641060+09:00,GGB222001318,GGB234000028,2371,일반차량
2026-09-08,0740,2026-09-08T07:40:02.641060+09:00,GGB222001318,GGB234000028,533,저상버스
2026-09-08,0745,2026-09-08T07:45:03.225772+09:00,GGB222001318,GGB222000009,1649,저상버스
2026-09-08,0745,2026-09-08T07:45:03.225772+09:00,GGB222001318,GGB222000009,317,저상버스
2026-09-08,0745,2026-09-08T07:45:03.225772+09:00,GGB222001318,GGB222000013,1825,저상버스
2026-09-08,0745,2026-09-08T07:45:03.225772+09:00,GGB222001318,GGB222000013,558,저상버스
2026-09-08,0745,2026-09-08T07:45:03.225772+09:00,GGB222001318,GGB222000027,3113,저상버스
2026-09-08,0745,2026-09-08T07:45:03.225772+09:00,GGB222001318,GGB222000027,4778,저상버스
2026-09-08,0745,2026-09-08T07:45:03.225772+09:00,GGB222001318,GGB222000028,1203,일반차량
2026-09-08,0745,2026-09-08T07:45:03.225772+09:00,GGB222001318,GGB222000028,375,일반차량
2026-09-08,0745,2026-09-08T07:45:03.225772+09:00,GGB222001318,GGB222000031,2082,저상버스
2026-09-08,0745,2026-09-08T07:45:03.225772+09:00,GGB222001318,GGB222000031,3098,저상버스
2026-09-08,0745,2026-09-08T07:45:03.225772+09:00,GGB222001318,GGB222000032,3897,저상버스
2026-09-08,0745,2026-09-08T07:45:03.225772+09:00,GGB222001318,GGB222000032,4786,저상버스
2026-09-08,0745,2026-09-08T07:45:03.225772+09:00,GGB222001318,GGB222000048,1259,저상버스
2026-09-08,0745,2026-09-08T07:45:03.225772+09:00,GGB222001318,GGB222000048,2388,저상버스
2026-09-08,0745,2026-09-08T07:45:03.225772+09:00,GGB222001318,GGB222000078,689,일반차량
2026-09-08,0745,2026-09-08T07:45:03.225772+09:00,GGB222001318,GGB222000078,2864,일반차량
2026-09-08,0745,2026-09-08T07:45:03.225772+09:00,GGB222001318,GGB222000137,1610,일반차량
2026-09-08,0745,2026-09-08T07:45:03.225772+09:00,GGB222001318,GGB222000137,4872,일반차량
2026-09-08,0745,2026-09-08T07:45:03.225772+09:00,GGB222001318,GGB222000180,3014,일반차량
2026-09-08,0745,2026-09-08T07:45:03.225772+09:00,GGB222001318,GGB222000180,1329,일반차량
2026-09-08,0745,2026-09-08T07:45:03.225772+09:00,GGB222001318,GGB222000199,1160,일반차량
2026-09-08,0745,2026-09-08T07:45:03.225772+09:00,GGB222001318,GGB222000199,151,일반차량
2026-09-08,0745,2026-09-08T07:45:03.225772+09:00,GGB222001318,GGB234000003,5613,저상버스
2026-09-08,0745,2026-09-08T07:45:03.225772+09:00,GGB222001318,GGB234000003,2236,저상버스
2026-09-08,0745,2026-09-08T07:45:03.225772+09:00,GGB222001318,GGB234000028,2202,일반차량
2026-09-08,0745,2026-09-08T07:45:03.225772+09:00,GGB222001318,GGB234000028,324,저상버스
2026-09-08,0750,2026-09-08T07:50:03.368543+09:00,GGB222001318,GGB222000009,1394,저상버스
2026-09-08,0750,2026-09-08T07:50:03.368543+09:00,GGB222001318,GGB222000009,2061,저상버스
2026-09-08,0750,2026-09-08T07:50:03.368543+09:00,GGB222001318,GGB222000013,1650,저상버스
2026-09-08,0750,2026-09-08T07:50:03.368543+09:00,GGB222001318,GGB222000013,246,저상버스
2026-09-08,0750,2026-09-08T07:50:03.368543+09:00,GGB222001318,GGB222000027,3002,저상버스
2026-09-08,0750,2026-09-08T07:50:03.368543+09:00,GGB222001318,GGB222000027,4471,저상버스
2026-09-08,0750,2026-09-08T07:50:03.368543+09:00,GGB222001318,GGB222000028,931,일반차량
2026-09-08,0750,2026-09-08T07:50:03.368543+09:00,GGB222001318,GGB222000028,88,일반차량
2026-09-08,0750,2026-09-08T07:50:03.368543+09:00,GGB222001318,GGB222000031,1886,저상버스
2026-09-08,0750,2026-09-08T07:50:03.368543+09:00,GGB222001318,GGB222000031,2894,저상버스
2026-09-08,0750,2026-09-08T07:50:03.368543+09:00,GGB222001318,GGB222000032,3764,저상버스
2026-09-08,0750,2026-09-08T07:50:03.368543+09:00,GGB222001318,GGB222000032,4634,저상버스
2026-09-08,0750,2026-09-08T07:50:03.368543+09:00,GGB222001318,GGB222000048,991,저상버스
2026-09-08,0750,2026-09-08T07:50:03.368543+09:00,GGB222001318,GGB222000048,1978,저상버스
2026-09-08,0750,2026-09-08T07:50:03.368543+09:00,GGB222001318,GGB222000078,415,일반차량
2026-09-08,0750,2026-09-08T07:50:03.368543+09:00,GGB222001318,GGB222000078,2479,일반차량
2026-09-08,0750,2026-09-08T07:50:03.368543+09:00,GGB222001318,GGB222000137,1348,일반차량
2026-09-08,0750,2026-09-08T07:50:03.368543+09:00,GGB222001318,GGB222000137,4625,일반차량
2026-09-08,0750,2026-09-08T07:50:03.368543+09:00,GGB222001318,GGB222000180,2727,일반차량
2026-09-08,0750,2026-09-08T07:50:03.368543+09:00,GGB222001318,GGB222000180,1068,일반차량
2026-09-08,0750,2026-09-08T07:50:03.368543+09:00,GGB222001318,GGB222000199,1362,일반차량
2026-09-08,0750,2026-09-08T07:50:03.368543+09:00,GGB222001318,GGB222000199,752,일반차량
2026-09-08,0750,2026-09-08T07:50:03.368543+09:00,GGB222001318,GGB234000003,5417,저상버스
2026-09-08,0750,2026-09-08T07:50:03.368543+09:00,GGB222001318,GGB234000003,2044,저상버스
2026-09-08,0750,2026-09-08T07:50:03.368543+09:00,GGB222001318,GGB234000028,2049,일반차량
2026-09-08,0750,2026-09-08T07:50:03.368543+09:00,GGB222001318,GGB234000028,110,저상버스
2026-09-08,0755,2026-09-08T07:55:03.453826+09:00,GGB222001318,GGB222000009,1070,저상버스
2026-09-08,0755,2026-09-08T07:55:03.453826+09:00,GGB222001318,GGB222000009,1487,저상버스
2026-09-08,0755,2026-09-08T07:55:03.453826+09:00,GGB222001318,GGB222000013,2165,저상버스
2026-09-08,0755,2026-09-08T07:55:03.453826+09:00,GGB222001318,GGB222000013,1315,저상버스
2026-09-08,0755,2026-09-08T07:55:03.453826+09:00,GGB222001318,GGB222000027,3022,저상버스
2026-09-08,0755,2026-09-08T07:55:03.453826+09:00,GGB222001318,GGB222000027,4874,저상버스
2026-09-08,0755,2026-09-08T07:55:03.453826+09:00,GGB222001318,GGB222000028,749,일반차량
2026-09-08,0755,2026-09-08T07:55:03.453826+09:00,GGB222001318,GGB222000028,1059,일반차량
2026-09-08,0755,2026-09-08T07:55:03.453826+09:00,GGB222001318,GGB222000031,1548,저상버스
2026-09-08,0755,2026-09-08T07:55:03.453826+09:00,GGB222001318,GGB222000031,2617,저상버스
2026-09-08,0755,2026-09-08T07:55:03.453826+09:00,GGB222001318,GGB222000032,3389,저상버스
2026-09-08,0755,2026-09-08T07:55:03.453826+09:00,GGB222001318,GGB222000032,4408,저상버스
2026-09-08,0755,2026-09-08T07:55:03.453826+09:00,GGB222001318,GGB222000048,637,저상버스
2026-09-08,0755,2026-09-08T07:55:03.453826+09:00,GGB222001318,GGB222000048,1563,저상버스
2026-09-08,0755,2026-09-08T07:55:03.453826+09:00,GGB222001318,GGB222000078,5688,일반차량
2026-09-08,0755,2026-09-08T07:55:03.453826+09:00,GGB222001318,GGB222000078,64,일반차량
2026-09-08,0755,2026-09-08T07:55:03.453826+09:00,GGB222001318,GGB222000137,4354,일반차량
2026-09-08,0755,2026-09-08T07:55:03.453826+09:00,GGB222001318,GGB222000180,2293,일반차량
2026-09-08,0755,2026-09-08T07:55:03.453826+09:00,GGB222001318,GGB222000180,799,일반차량
2026-09-08,0755,2026-09-08T07:55:03.453826+09:00,GGB222001318,GGB222000199,1055,일반차량
2026-09-08,0755,2026-09-08T07:55:03.453826+09:00,GGB222001318,GGB222000199,536,일반차량
2026-09-08,0755,2026-09-08T07:55:03.453826+09:00,GGB222001318,GGB234000003,5089,저상버스
2026-09-08,0755,2026-09-08T07:55:03.453826+09:00,GGB222001318,GGB234000003,1860,저상버스
2026-09-08,0755,2026-09-08T07:55:03.453826+09:00,GGB222001318,GGB234000028,1742,일반차량
2026-09-08,0755,2026-09-08T07:55:03.453826+09:00,GGB222001318,GGB234000028,3884,저상버스
2026-09-08,0800,2026-09-08T08:00:02.926771+09:00,GGB222001318,GGB222000009,854,저상버스
2026-09-08,0800,2026-09-08T08:00:02.926771+09:00,GGB222001318,GGB222000009,1199,저상버스
2026-09-08,0800,2026-09-08T08:00:02.926771+09:00,GGB222001318,GGB222000013,1868,저상버스
2026-09-08,0800,2026-09-08T08:00:02.926771+09:00,GGB222001318,GGB222000013,1040,저상버스
2026-09-08,0800,2026-09-08T08:00:02.926771+09:00,GGB222001318,GGB222000027,2360,저상버스
2026-09-08,0800,2026-09-08T08:00:02.926771+09:00,GGB222001318,GGB222000027,4755,저상버스
2026-09-08,0800,2026-09-08T08:00:02.926771+09:00,GGB222001318,GGB222000028,398,일반차량
2026-09-08,0800,2026-09-08T08:00:02.926771+09:00,GGB222001318,GGB222000028,702,일반차량
2026-09-08,0800,2026-09-08T08:00:02.926771+09:00,GGB222001318,GGB222000031,1327,저상버스
2026-09-08,0800,2026-09-08T08:00:02.926771+09:00,GGB222001318,GGB222000031,2437,저상버스
2026-09-08,0800,2026-09-08T08:00:02.926771+09:00,GGB222001318,GGB222000032,3223,저상버스
2026-09-08,0800,2026-09-08T08:00:02.926771+09:00,GGB222001318,GGB222000032,4152,저상버스
2026-09-08,0800,2026-09-08T08:00:02.926771+09:00,GGB222001318,GGB222000048,414,저상버스
2026-09-08,0800,2026-09-08T08:00:02.926771+09:00,GGB222001318,GGB222000048,1384,저상버스
2026-09-08,0800,2026-09-08T08:00:02.926771+09:00,GGB222001318,GGB222000078,5468,일반차량
2026-09-08,0800,2026-09-08T08:00:02.926771+09:00,GGB222001318,GGB222000078,2211,일반차량
2026-09-08,0800,2026-09-08T08:00:02.926771+09:00,GGB222001318,GGB222000137,786,일반차량
2026-09-08,0800,2026-09-08T08:00:02.926771+09:00,GGB222001318,GGB222000137,4114,일반차량
2026-09-08,0800,2026-09-08T08:00:02.926771+09:00,GGB222001318,GGB222000180,2076,일반차량
2026-09-08,0800,2026-09-08T08:00:02.926771+09:00,GGB222001318,GGB222000180,507,일반차량
2026-09-08,0800,2026-09-08T08:00:02.926771+09:00,GGB222001318,GGB222000199,809,일반차량
2026-09-08,0800,2026-09-08T08:00:02.926771+09:00,GGB222001318,GGB222000199,355,일반차량
2026-09-08,0800,2026-09-08T08:00:02.926771+09:00,GGB222001318,GGB234000003,4886,저상버스
2026-09-08,0800,2026-09-08T08:00:02.926771+09:00,GGB222001318,GGB234000003,1695,저상버스
2026-09-08,0800,2026-09-08T08:00:02.926771+09:00,GGB222001318,GGB234000028,1596,일반차량
2026-09-08,0800,2026-09-08T08:00:02.926771+09:00,GGB222001318,GGB234000028,3702,저상버스
2026-09-08,0805,2026-09-08T08:05:03.290780+09:00,GGB222001318,GGB222000009,670,저상버스
2026-09-08,0805,2026-09-08T08:05:03.290780+09:00,GGB222001318,GGB222000009,896,저상버스
2026-09-08,0805,2026-09-08T08:05:03.290780+09:00,GGB222001318,GGB222000013,1575,저상버스
2026-09-08,0805,2026-09-08T08:05:03.290780+09:00,GGB222001318,GGB222000013,725,저상버스
2026-09-08,0805,2026-09-08T08:05:03.290780+09:00,GGB222001318,GGB222000027,2127,저상버스
2026-09-08,0805,2026-09-08T08:05:03.290780+09:00,GGB222001318,GGB222000027,4607,저상버스
2026-09-08,0805,2026-09-08T08:05:03.290780+09:00,GGB222001318,GGB222000028,186,일반차량
2026-09-08,0805,2026-09-08T08:05:03.290780+09:00,GGB222001318,GGB222000028,428,일반차량
2026-09-08,0805,2026-09-08T08:05:03.290780+09:00,GGB222001318,GGB222000031,1020,저상버스
2026-09-08,0805,2026-09-08T08:05:03.290780+09:00,GGB222001318,GGB222000031,2146,저상버스
2026-09-08,0805,2026-09-08T08:05:03.290780+09:00,GGB222001318,GGB222000032,2823,저상버스
2026-09-08,0805,2026-09-08T08:05:03.290780+09:00,GGB222001318,GGB222000032,3933,저상버스
2026-09-08,0805,2026-09-08T08:05:03.290780+09:00,GGB222001318,GGB222000048,178,저상버스
2026-09-08,0805,2026-09-08T08:05:03.290780+09:00,GGB222001318,GGB222000048,1122,저상버스
2026-09-08,0805,2026-09-08T08:05:03.290780+09:00,GGB222001318,GGB222000078,5526,일반차량
2026-09-08,0805,2026-09-08T08:05:03.290780+09:00,GGB222001318,GGB222000078,2049,일반차량
2026-09-08,0805,2026-09-08T08:05:03.290780+09:00,GGB222001318,GGB222000137,463,일반차량
2026-09-08,0805,2026-09-08T08:05:03.290780+09:00,GGB222001318,GGB222000137,3833,일반차량
2026-09-08,0805,2026-09-08T08:05:03.290780+09:00,GGB222001318,GGB222000180,1880,일반차량
2026-09-08,0805,2026-09-08T08:05:03.290780+09:00,GGB222001318,GGB222000180,379,일반차량
2026-09-08,0805,2026-09-08T08:05:03.290780+09:00,GGB222001318,GGB222000199,578,일반차량
2026-09-08,0805,2026-09-08T08:05:03.290780+09:00,GGB222001318,GGB222000199,200,일반차량
2026-09-08,0805,2026-09-08T08:05:03.290780+09:00,GGB222001318,GGB234000003,4937,저상버스
2026-09-08,0805,2026-09-08T08:05:03.290780+09:00,GGB222001318,GGB234000003,1515,저상버스
2026-09-08,0805,2026-09-08T08:05:03.290780+09:00,GGB222001318,GGB234000028,1345,일반차량
2026-09-08,0805,2026-09-08T08:05:03.290780+09:00,GGB222001318,GGB234000028,3281,저상버스
2026-09-08,0810,2026-09-08T08:10:03.228701+09:00,GGB222001318,GGB222000009,251,저상버스
2026-09-08,0810,2026-09-08T08:10:03.228701+09:00,GGB222001318,GGB222000009,498,저상버스
2026-09-08,0810,2026-09-08T08:10:03.228701+09:00,GGB222001318,GGB222000013,1190,저상버스
2026-09-08,0810,2026-09-08T08:10:03.228701+09:00,GGB222001318,GGB222000013,270,저상버스
2026-09-08,0810,2026-09-08T08:10:03.228701+09:00,GGB222001318,GGB222000027,1329,저상버스
2026-09-08,0810,2026-09-08T08:10:03.228701+09:00,GGB222001318,GGB222000027,2669,저상버스
2026-09-08,0810,2026-09-08T08:10:03.228701+09:00,GGB222001318,GGB222000028,340,일반차량
2026-09-08,0810,2026-09-08T08:10:03.228701+09:00,GGB222001318,GGB222000028,829,일반차량
2026-09-08,0810,2026-09-08T08:10:03.228701+09:00,GGB222001318,GGB222000031,567,저상버스
2026-09-08,0810,2026-09-08T08:10:03.228701+09:00,GGB222001318,GGB222000031,1404,저상버스
2026-09-08,0810,2026-09-08T08:10:03.228701+09:00,GGB222001318,GGB222000032,1962,저상버스
2026-09-08,0810,2026-09-08T08:10:03.228701+09:00,GGB222001318,GGB222000032,2563,저상버스
2026-09-08,0810,2026-09-08T08:10:03.228701+09:00,GGB222001318,GGB222000048,831,저상버스
2026-09-08,0810,2026-09-08T08:10:03.228701+09:00,GGB222001318,GGB222000048,1716,저상버스
2026-09-08,0810,2026-09-08T08:10:03.228701+09:00,GGB222001318,GGB222000078,4761,일반차량
2026-09-08,0810,2026-09-08T08:10:03.228701+09:00,GGB222001318,GGB222000078,1832,일반차량
2026-09-08,0810,2026-09-08T08:10:03.228701+09:00,GGB222001318,GGB222000137,299,일반차량
2026-09-08,0810,2026-09-08T08:10:03.228701+09:00,GGB222001318,GGB222000137,2753,일반차량
2026-09-08,0810,2026-09-08T08:10:03.228701+09:00,GGB222001318,GGB222000180,993,일반차량
2026-09-08,0810,2026-09-08T08:10:03.228701+09:00,GGB222001318,GGB222000180,47,일반차량
2026-09-08,0810,2026-09-08T08:10:03.228701+09:00,GGB222001318,GGB222000199,254,일반차량
2026-09-08,0810,2026-09-08T08:10:03.228701+09:00,GGB222001318,GGB222000199,994,일반차량
2026-09-08,0810,2026-09-08T08:10:03.228701+09:00,GGB222001318,GGB234000003,2950,저상버스
2026-09-08,0810,2026-09-08T08:10:03.228701+09:00,GGB222001318,GGB234000003,859,저상버스
2026-09-08,0810,2026-09-08T08:10:03.228701+09:00,GGB222001318,GGB234000028,669,일반차량
2026-09-08,0810,2026-09-08T08:10:03.228701+09:00,GGB222001318,GGB234000028,2536,저상버스
2026-09-08,0815,2026-09-08T08:15:03.703791+09:00,GGB222001318,GGB222000009,144,저상버스
2026-09-08,0815,2026-09-08T08:15:03.703791+09:00,GGB222001318,GGB222000009,312,저상버스
2026-09-08,0815,2026-09-08T08:15:03.703791+09:00,GGB222001318,GGB222000013,865,저상버스
2026-09-08,0815,2026-09-08T08:15:03.703791+09:00,GGB222001318,GGB222000013,144,저상버스
2026-09-08,0815,2026-09-08T08:15:03.703791+09:00,GGB222001318,GGB222000027,1201,저상버스
2026-09-08,0815,2026-09-08T08:15:03.703791+09:00,GGB222001318,GGB222000027,2630,저상버스
2026-09-08,0815,2026-09-08T08:15:03.703791+09:00,GGB222001318,GGB222000028,1210,일반차량
2026-09-08,0815,2026-09-08T08:15:03.703791+09:00,GGB222001318,GGB222000028,590,일반차량
2026-09-08,0815,2026-09-08T08:15:03.703791+09:00,GGB222001318,GGB222000031,320,저상버스
2026-09-08,0815,2026-09-08T08:15:03.703791+09:00,GGB222001318,GGB222000031,1189,저상버스
2026-09-08,0815,2026-09-08T08:15:03.703791+09:00,GGB222001318,GGB222000032,1686,저상버스
2026-09-08,0815,2026-09-08T08:15:03.703791+09:00,GGB222001318,GGB222000032,2586,저상버스
2026-09-08,0815,2026-09-08T08:15:03.703791+09:00,GGB222001318,GGB222000048,548,저상버스
2026-09-08,0815,2026-09-08T08:15:03.703791+09:00,GGB222001318,GGB222000048,1844,저상버스
2026-09-08,0815,2026-09-08T08:15:03.703791+09:00,GGB222001318,GGB222000078,4757,일반차량
2026-09-08,0815,2026-09-08T08:15:03.703791+09:00,GGB222001318,GGB222000078,1561,일반차량
2026-09-08,0815,2026-09-08T08:15:03.703791+09:00,GGB222001318,GGB222000137,2316,일반차량
2026-09-08,0815,2026-09-08T08:15:03.703791+09:00,GGB222001318,GGB222000180,2330,일반차량
2026-09-08,0815,2026-09-08T08:15:03.703791+09:00,GGB222001318,GGB222000180,991,일반차량
2026-09-08,0815,2026-09-08T08:15:03.703791+09:00,GGB222001318,GGB222000199,318,일반차량
2026-09-08,0815,2026-09-08T08:15:03.703791+09:00,GGB222001318,GGB222000199,1094,일반차량
2026-09-08,0815,2026-09-08T08:15:03.703791+09:00,GGB222001318,GGB234000003,2820,저상버스
2026-09-08,0815,2026-09-08T08:15:03.703791+09:00,GGB222001318,GGB234000003,678,저상버스
2026-09-08,0815,2026-09-08T08:15:03.703791+09:00,GGB222001318,GGB234000028,433,일반차량
2026-09-08,0815,2026-09-08T08:15:03.703791+09:00,GGB222001318,GGB234000028,2240,저상버스
2026-09-08,0820,2026-09-08T08:20:03.527101+09:00,GGB222001318,GGB222000009,1008,저상버스
2026-09-08,0820,2026-09-08T08:20:03.527101+09:00,GGB222001318,GGB222000009,47,저상버스
2026-09-08,0820,2026-09-08T08:20:03.527101+09:00,GGB222001318,GGB222000013,838,저상버스
2026-09-08,0820,2026-09-08T08:20:03.527101+09:00,GGB222001318,GGB222000013,1772,저상버스
2026-09-08,0820,2026-09-08T08:20:03.527101+09:00,GGB222001318,GGB222000027,1277,저상버스
2026-09-08,0820,2026-09-08T08:20:03.527101+09:00,GGB222001318,GGB222000027,3186,저상버스
2026-09-08,0820,2026-09-08T08:20:03.527101+09:00,GGB222001318,GGB222000028,926,일반차량
2026-09-08,0820,2026-09-08T08:20:03.527101+09:00,GGB222001318,GGB222000028,310,일반차량
2026-09-08,0820,2026-09-08T08:20:03.527101+09:00,GGB222001318,GGB222000031,320,저상버스
2026-09-08,0820,2026-09-08T08:20:03.527101+09:00,GGB222001318,GGB222000031,1236,저상버스
2026-09-08,0820,2026-09-08T08:20:03.527101+09:00,GGB222001318,GGB222000032,1908,저상버스
2026-09-08,0820,2026-09-08T08:20:03.527101+09:00,GGB222001318,GGB222000032,3046,저상버스
2026-09-08,0820,2026-09-08T08:20:03.527101+09:00,GGB222001318,GGB222000048,434,저상버스
2026-09-08,0820,2026-09-08T08:20:03.527101+09:00,GGB222001318,GGB222000048,1807,저상버스
2026-09-08,0820,2026-09-08T08:20:03.527101+09:00,GGB222001318,GGB222000078,5196,일반차량
2026-09-08,0820,2026-09-08T08:20:03.527101+09:00,GGB222001318,GGB222000078,6303,일반차량
2026-09-08,0820,2026-09-08T08:20:03.527101+09:00,GGB222001318,GGB222000137,2916,일반차량
2026-09-08,0820,2026-09-08T08:20:03.527101+09:00,GGB222001318,GGB222000180,3425,일반차량
2026-09-08,0820,2026-09-08T08:20:03.527101+09:00,GGB222001318,GGB222000180,1000,일반차량
2026-09-08,0820,2026-09-08T08:20:03.527101+09:00,GGB222001318,GGB222000199,1683,일반차량
2026-09-08,0820,2026-09-08T08:20:03.527101+09:00,GGB222001318,GGB222000199,1175,일반차량
2026-09-08,0820,2026-09-08T08:20:03.527101+09:00,GGB222001318,GGB234000003,3501,저상버스
2026-09-08,0820,2026-09-08T08:20:03.527101+09:00,GGB222001318,GGB234000003,688,저상버스
2026-09-08,0820,2026-09-08T08:20:03.527101+09:00,GGB222001318,GGB234000028,538,일반차량
2026-09-08,0820,2026-09-08T08:20:03.527101+09:00,GGB222001318,GGB234000028,2417,저상버스
2026-09-08,0825,2026-09-08T08:25:03.168460+09:00,GGB222001318,GGB222000009,1538,일반차량
2026-09-08,0825,2026-09-08T08:25:03.168460+09:00,GGB222001318,GGB222000009,894,저상버스
2026-09-08,0825,2026-09-08T08:25:03.168460+09:00,GGB222001318,GGB222000013,559,저상버스
2026-09-08,0825,2026-09-08T08:25:03.168460+09:00,GGB222001318,GGB222000013,1452,저상버스
2026-09-08,0825,2026-09-08T08:25:03.168460+09:00,GGB222001318,GGB222000027,966,저상버스
2026-09-08,0825,2026-09-08T08:25:03.168460+09:00,GGB222001318,GGB222000027,5718,저상버스
2026-09-08,0825,2026-09-08T08:25:03.168460+09:00,GGB222001318,GGB222000028,762,일반차량
2026-09-08,0825,2026-09-08T08:25:03.168460+09:00,GGB222001318,GGB222000028,158,일반차량
2026-09-08,0825,2026-09-08T08:25:03.168460+09:00,GGB222001318,GGB222000031,125,저상버스
2026-09-08,0825,2026-09-08T08:25:03.168460+09:00,GGB222001318,GGB222000031,1027,저상버스
2026-09-08,0825,2026-09-08T08:25:03.168460+09:00,GGB222001318,GGB222000032,1682,저상버스
2026-09-08,0825,2026-09-08T08:25:03.168460+09:00,GGB222001318,GGB222000032,2787,저상버스
2026-09-08,0825,2026-09-08T08:25:03.168460+09:00,GGB222001318,GGB222000048,334,저상버스
2026-09-08,0825,2026-09-08T08:25:03.168460+09:00,GGB222001318,GGB222000048,1667,저상버스
2026-09-08,0825,2026-09-08T08:25:03.168460+09:00,GGB222001318,GGB222000078,4968,일반차량
2026-09-08,0825,2026-09-08T08:25:03.168460+09:00,GGB222001318,GGB222000078,778,일반차량
2026-09-08,0825,2026-09-08T08:25:03.168460+09:00,GGB222001318,GGB222000137,2756,일반차량
2026-09-08,0825,2026-09-08T08:25:03.168460+09:00,GGB222001318,GGB222000180,3237,일반차량
2026-09-08,0825,2026-09-08T08:25:03.168460+09:00,GGB222001318,GGB222000180,737,일반차량
2026-09-08,0825,2026-09-08T08:25:03.168460+09:00,GGB222001318,GGB222000199,1257,일반차량
2026-09-08,0825,2026-09-08T08:25:03.168460+09:00,GGB222001318,GGB222000199,752,일반차량
2026-09-08,0825,2026-09-08T08:25:03.168460+09:00,GGB222001318,GGB234000003,3377,저상버스
2026-09-08,0825,2026-09-08T08:25:03.168460+09:00,GGB222001318,GGB234000003,425,저상버스
2026-09-08,0825,2026-09-08T08:25:03.168460+09:00,GGB222001318,GGB234000028,321,일반차량
2026-09-08,0825,2026-09-08T08:25:03.168460+09:00,GGB222001318,GGB234000028,2049,저상버스
2026-09-08,0830,2026-09-08T08:30:03.183262+09:00,GGB222001318,GGB222000009,987,일반차량
2026-09-08,0830,2026-09-08T08:30:03.183262+09:00,GGB222001318,GGB222000009,530,저상버스
2026-09-08,0830,2026-09-08T08:30:03.183262+09:00,GGB222001318,GGB222000013,180,저상버스
2026-09-08,0830,2026-09-08T08:30:03.183262+09:00,GGB222001318,GGB222000013,1203,저상버스
2026-09-08,0830,2026-09-08T08:30:03.183262+09:00,GGB222001318,GGB222000027,715,저상버스
2026-09-08,0830,2026-09-08T08:30:03.183262+09:00,GGB222001318,GGB222000027,3314,저상버스
2026-09-08,0830,2026-09-08T08:30:03.183262+09:00,GGB222001318,GGB222000028,518,일반차량
2026-09-08,0830,2026-09-08T08:30:03.183262+09:00,GGB222001318,GGB222000028,1219,일반차량
2026-09-08,0830,2026-09-08T08:30:03.183262+09:00,GGB222001318,GGB222000031,655,저상버스
2026-09-08,0830,2026-09-08T08:30:03.183262+09:00,GGB222001318,GGB222000031,2081,저상버스
2026-09-08,0830,2026-09-08T08:30:03.183262+09:00,GGB222001318,GGB222000032,1436,저상버스
2026-09-08,0830,2026-09-08T08:30:03.183262+09:00,GGB222001318,GGB222000032,2339,저상버스
2026-09-08,0830,2026-09-08T08:30:03.183262+09:00,GGB222001318,GGB222000048,1334,저상버스
2026-09-08,0830,2026-09-08T08:30:03.183262+09:00,GGB222001318,GGB222000048,2615,일반차량
2026-09-08,0830,2026-09-08T08:30:03.183262+09:00,GGB222001318,GGB222000078,4597,일반차량
2026-09-08,0830,2026-09-08T08:30:03.183262+09:00,GGB222001318,GGB222000078,446,일반차량
2026-09-08,0830,2026-09-08T08:30:03.183262+09:00,GGB222001318,GGB222000137,2426,일반차량
2026-09-08,0830,2026-09-08T08:30:03.183262+09:00,GGB222001318,GGB222000180,3079,일반차량
2026-09-08,0830,2026-09-08T08:30:03.183262+09:00,GGB222001318,GGB222000180,447,일반차량
2026-09-08,0830,2026-09-08T08:30:03.183262+09:00,GGB222001318,GGB222000199,955,일반차량
2026-09-08,0830,2026-09-08T08:30:03.183262+09:00,GGB222001318,GGB222000199,534,일반차량
2026-09-08,0830,2026-09-08T08:30:03.183262+09:00,GGB222001318,GGB234000003,3182,저상버스
2026-09-08,0830,2026-09-08T08:30:03.183262+09:00,GGB222001318,GGB234000003,298,저상버스
2026-09-08,0830,2026-09-08T08:30:03.183262+09:00,GGB222001318,GGB234000028,3526,일반차량
2026-09-08,0830,2026-09-08T08:30:03.183262+09:00,GGB222001318,GGB234000028,1890,저상버스
2026-09-08,0835,2026-09-08T08:35:07.307650+09:00,GGB222001318,GGB222000009,895,일반차량
2026-09-08,0835,2026-09-08T08:35:07.307650+09:00,GGB222001318,GGB222000009,288,저상버스
2026-09-08,0835,2026-09-08T08:35:07.307650+09:00,GGB222001318,GGB222000013,2354,저상버스
2026-09-08,0835,2026-09-08T08:35:07.307650+09:00,GGB222001318,GGB222000013,939,저상버스
2026-09-08,0835,2026-09-08T08:35:07.307650+09:00,GGB222001318,GGB222000027,454,저상버스
2026-09-08,0835,2026-09-08T08:35:07.307650+09:00,GGB222001318,GGB222000027,3312,저상버스
2026-09-08,0835,2026-09-08T08:35:07.307650+09:00,GGB222001318,GGB222000028,345,일반차량
2026-09-08,0835,2026-09-08T08:35:07.307650+09:00,GGB222001318,GGB222000028,1038,일반차량
2026-09-08,0835,2026-09-08T08:35:07.307650+09:00,GGB222001318,GGB222000031,455,저상버스
2026-09-08,0835,2026-09-08T08:35:07.307650+09:00,GGB222001318,GGB222000031,1900,저상버스
2026-09-08,0835,2026-09-08T08:35:07.307650+09:00,GGB222001318,GGB222000032,1102,저상버스
2026-09-08,0835,2026-09-08T08:35:07.307650+09:00,GGB222001318,GGB222000032,2229,저상버스
2026-09-08,0835,2026-09-08T08:35:07.307650+09:00,GGB222001318,GGB222000048,1078,저상버스
2026-09-08,0835,2026-09-08T08:35:07.307650+09:00,GGB222001318,GGB222000048,2306,일반차량
2026-09-08,0835,2026-09-08T08:35:07.307650+09:00,GGB222001318,GGB222000078,4243,일반차량
2026-09-08,0835,2026-09-08T08:35:07.307650+09:00,GGB222001318,GGB222000078,158,일반차량
2026-09-08,0835,2026-09-08T08:35:07.307650+09:00,GGB222001318,GGB222000137,2344,일반차량
2026-09-08,0835,2026-09-08T08:35:07.307650+09:00,GGB222001318,GGB222000180,2955,일반차량
2026-09-08,0835,2026-09-08T08:35:07.307650+09:00,GGB222001318,GGB222000180,276,일반차량
2026-09-08,0835,2026-09-08T08:35:07.307650+09:00,GGB222001318,GGB222000199,754,일반차량
2026-09-08,0835,2026-09-08T08:35:07.307650+09:00,GGB222001318,GGB222000199,342,일반차량
2026-09-08,0835,2026-09-08T08:35:07.307650+09:00,GGB222001318,GGB234000003,3252,저상버스
2026-09-08,0835,2026-09-08T08:35:07.307650+09:00,GGB222001318,GGB234000003,117,저상버스
2026-09-08,0835,2026-09-08T08:35:07.307650+09:00,GGB222001318,GGB234000028,3384,일반차량
2026-09-08,0835,2026-09-08T08:35:07.307650+09:00,GGB222001318,GGB234000028,1657,저상버스
2026-09-08,0840,2026-09-08T08:40:04.976329+09:00,GGB222001318,GGB222000009,556,일반차량
2026-09-08,0840,2026-09-08T08:40:04.976329+09:00,GGB222001318,GGB222000009,1146,저상버스
2026-09-08,0840,2026-09-08T08:40:04.976329+09:00,GGB222001318,GGB222000013,2068,저상버스
2026-09-08,0840,2026-09-08T08:40:04.976329+09:00,GGB222001318,GGB222000013,720,저상버스
2026-09-08,0840,2026-09-08T08:40:04.976329+09:00,GGB222001318,GGB222000027,333,저상버스
2026-09-08,0840,2026-09-08T08:40:04.976329+09:00,GGB222001318,GGB222000027,3210,저상버스
2026-09-08,0840,2026-09-08T08:40:04.976329+09:00,GGB222001318,GGB222000028,114,일반차량
2026-09-08,0840,2026-09-08T08:40:04.976329+09:00,GGB222001318,GGB222000028,756,일반차량
2026-09-08,0840,2026-09-08T08:40:04.976329+09:00,GGB222001318,GGB222000031,182,저상버스
2026-09-08,0840,2026-09-08T08:40:04.976329+09:00,GGB222001318,GGB222000031,1518,저상버스
2026-09-08,0840,2026-09-08T08:40:04.976329+09:00,GGB222001318,GGB222000032,786,저상버스
2026-09-08,0840,2026-09-08T08:40:04.976329+09:00,GGB222001318,GGB222000032,2086,저상버스
2026-09-08,0840,2026-09-08T08:40:04.976329+09:00,GGB222001318,GGB222000048,829,저상버스
2026-09-08,0840,2026-09-08T08:40:04.976329+09:00,GGB222001318,GGB222000048,1972,일반차량
2026-09-08,0840,2026-09-08T08:40:04.976329+09:00,GGB222001318,GGB222000078,3984,일반차량
2026-09-08,0840,2026-09-08T08:40:04.976329+09:00,GGB222001318,GGB222000078,5273,일반차량
2026-09-08,0840,2026-09-08T08:40:04.976329+09:00,GGB222001318,GGB222000137,2015,일반차량
2026-09-08,0840,2026-09-08T08:40:04.976329+09:00,GGB222001318,GGB222000180,4944,일반차량
2026-09-08,0840,2026-09-08T08:40:04.976329+09:00,GGB222001318,GGB222000180,2770,일반차량
2026-09-08,0840,2026-09-08T08:40:04.976329+09:00,GGB222001318,GGB222000199,604,일반차량
2026-09-08,0840,2026-09-08T08:40:04.976329+09:00,GGB222001318,GGB222000199,112,일반차량
2026-09-08,0840,2026-09-08T08:40:04.976329+09:00,GGB222001318,GGB234000003,6165,일반차량
2026-09-08,0840,2026-09-08T08:40:04.976329+09:00,GGB222001318,GGB234000003,3112,저상버스
2026-09-08,0840,2026-09-08T08:40:04.976329+09:00,GGB222001318,GGB234000028,3218,일반차량
2026-09-08,0840,2026-09-08T08:40:04.976329+09:00,GGB222001318,GGB234000028,1532,저상버스
2026-09-08,0845,2026-09-08T08:45:03.265699+09:00,GGB222001318,GGB222000009,318,일반차량
2026-09-08,0845,2026-09-08T08:45:03.265699+09:00,GGB222001318,GGB222000009,938,저상버스
2026-09-08,0845,2026-09-08T08:45:03.265699+09:00,GGB222001318,GGB222000013,414,저상버스
2026-09-08,0845,2026-09-08T08:45:03.265699+09:00,GGB222001318,GGB222000013,2103,저상버스
2026-09-08,0845,2026-09-08T08:45:03.265699+09:00,GGB222001318,GGB222000027,2383,저상버스
2026-09-08,0845,2026-09-08T08:45:03.265699+09:00,GGB222001318,GGB222000027,5469,저상버스
2026-09-08,0845,2026-09-08T08:45:03.265699+09:00,GGB222001318,GGB222000028,1133,일반차량
2026-09-08,0845,2026-09-08T08:45:03.265699+09:00,GGB222001318,GGB222000028,510,일반차량
2026-09-08,0845,2026-09-08T08:45:03.265699+09:00,GGB222001318,GGB222000031,1187,저상버스
2026-09-08,0845,2026-09-08T08:45:03.265699+09:00,GGB222001318,GGB222000031,2068,저상버스
2026-09-08,0845,2026-09-08T08:45:03.265699+09:00,GGB222001318,GGB222000032,562,저상버스
2026-09-08,0845,2026-09-08T08:45:03.265699+09:00,GGB222001318,GGB222000032,1813,저상버스
2026-09-08,0845,2026-09-08T08:45:03.265699+09:00,GGB222001318,GGB222000048,650,저상버스
2026-09-08,0845,2026-09-08T08:45:03.265699+09:00,GGB222001318,GGB222000048,1758,일반차량
2026-09-08,0845,2026-09-08T08:45:03.265699+09:00,GGB222001318,GGB222000078,3703,일반차량
2026-09-08,0845,2026-09-08T08:45:03.265699+09:00,GGB222001318,GGB222000078,5074,일반차량
2026-09-08,0845,2026-09-08T08:45:03.265699+09:00,GGB222001318,GGB222000137,1680,일반차량
2026-09-08,0845,2026-09-08T08:45:03.265699+09:00,GGB222001318,GGB222000180,4526,일반차량
2026-09-08,0845,2026-09-08T08:45:03.265699+09:00,GGB222001318,GGB222000180,2399,일반차량
2026-09-08,0845,2026-09-08T08:45:03.265699+09:00,GGB222001318,GGB222000199,1384,일반차량
2026-09-08,0845,2026-09-08T08:45:03.265699+09:00,GGB222001318,GGB222000199,300,일반차량
2026-09-08,0845,2026-09-08T08:45:03.265699+09:00,GGB222001318,GGB234000003,5831,일반차량
2026-09-08,0845,2026-09-08T08:45:03.265699+09:00,GGB222001318,GGB234000003,2640,저상버스
2026-09-08,0845,2026-09-08T08:45:03.265699+09:00,GGB222001318,GGB234000028,3028,일반차량
2026-09-08,0845,2026-09-08T08:45:03.265699+09:00,GGB222001318,GGB234000028,1465,저상버스
2026-09-08,0850,2026-09-08T08:50:03.401313+09:00,GGB222001318,GGB222000009,502,저상버스
2026-09-08,0850,2026-09-08T08:50:03.401313+09:00,GGB222001318,GGB222000009,2180,저상버스
2026-09-08,0850,2026-09-08T08:50:03.401313+09:00,GGB222001318,GGB222000013,1317,저상버스
2026-09-08,0850,2026-09-08T08:50:03.401313+09:00,GGB222001318,GGB222000013,18,저상버스
2026-09-08,0850,2026-09-08T08:50:03.401313+09:00,GGB222001318,GGB222000027,2300,저상버스
2026-09-08,0850,2026-09-08T08:50:03.401313+09:00,GGB222001318,GGB222000027,5221,저상버스
2026-09-08,0850,2026-09-08T08:50:03.401313+09:00,GGB222001318,GGB222000028,867,일반차량
2026-09-08,0850,2026-09-08T08:50:03.401313+09:00,GGB222001318,GGB222000028,321,일반차량
2026-09-08,0850,2026-09-08T08:50:03.401313+09:00,GGB222001318,GGB222000031,873,저상버스
2026-09-08,0850,2026-09-08T08:50:03.401313+09:00,GGB222001318,GGB222000031,1727,저상버스
2026-09-08,0850,2026-09-08T08:50:03.401313+09:00,GGB222001318,GGB222000032,210,저상버스
2026-09-08,0850,2026-09-08T08:50:03.401313+09:00,GGB222001318,GGB222000032,1411,저상버스
2026-09-08,0850,2026-09-08T08:50:03.401313+09:00,GGB222001318,GGB222000048,351,저상버스
2026-09-08,0850,2026-09-08T08:50:03.401313+09:00,GGB222001318,GGB222000048,1537,일반차량
2026-09-08,0850,2026-09-08T08:50:03.401313+09:00,GGB222001318,GGB222000078,3600,일반차량
2026-09-08,0850,2026-09-08T08:50:03.401313+09:00,GGB222001318,GGB222000078,4773,일반차량
2026-09-08,0850,2026-09-08T08:50:03.401313+09:00,GGB222001318,GGB222000137,1483,일반차량
2026-09-08,0850,2026-09-08T08:50:03.401313+09:00,GGB222001318,GGB222000180,4251,일반차량
2026-09-08,0850,2026-09-08T08:50:03.401313+09:00,GGB222001318,GGB222000180,2301,일반차량
2026-09-08,0850,2026-09-08T08:50:03.401313+09:00,GGB222001318,GGB222000199,944,일반차량
2026-09-08,0850,2026-09-08T08:50:03.401313+09:00,GGB222001318,GGB222000199,99,일반차량
2026-09-08,0850,2026-09-08T08:50:03.401313+09:00,GGB222001318,GGB234000003,5566,일반차량
2026-09-08,0850,2026-09-08T08:50:03.401313+09:00,GGB222001318,GGB234000003,2426,저상버스
2026-09-08,0850,2026-09-08T08:50:03.401313+09:00,GGB222001318,GGB234000028,2823,일반차량
2026-09-08,0850,2026-09-08T08:50:03.401313+09:00,GGB222001318,GGB234000028,1116,저상버스
2026-09-08,0855,2026-09-08T08:55:03.928216+09:00,GGB222001318,GGB222000009,335,저상버스
2026-09-08,0855,2026-09-08T08:55:03.928216+09:00,GGB222001318,GGB222000009,2002,저상버스
2026-09-08,0855,2026-09-08T08:55:03.928216+09:00,GGB222001318,GGB222000013,1134,저상버스
2026-09-08,0855,2026-09-08T08:55:03.928216+09:00,GGB222001318,GGB222000013,1519,저상버스
2026-09-08,0855,2026-09-08T08:55:03.928216+09:00,GGB222001318,GGB222000027,1930,저상버스
2026-09-08,0855,2026-09-08T08:55:03.928216+09:00,GGB222001318,GGB222000027,4573,저상버스
2026-09-08,0855,2026-09-08T08:55:03.928216+09:00,GGB222001318,GGB222000028,603,일반차량
2026-09-08,0855,2026-09-08T08:55:03.928216+09:00,GGB222001318,GGB222000028,96,일반차량
2026-09-08,0855,2026-09-08T08:55:03.928216+09:00,GGB222001318,GGB222000031,676,저상버스
2026-09-08,0855,2026-09-08T08:55:03.928216+09:00,GGB222001318,GGB222000031,1476,저상버스
2026-09-08,0855,2026-09-08T08:55:03.928216+09:00,GGB222001318,GGB222000032,2615,저상버스
2026-09-08,0855,2026-09-08T08:55:03.928216+09:00,GGB222001318,GGB222000032,1132,저상버스
2026-09-08,0855,2026-09-08T08:55:03.928216+09:00,GGB222001318,GGB222000048,114,저상버스
2026-09-08,0855,2026-09-08T08:55:03.928216+09:00,GGB222001318,GGB222000048,1284,일반차량
2026-09-08,0855,2026-09-08T08:55:03.928216+09:00,GGB222001318,GGB222000078,3186,일반차량
2026-09-08,0855,2026-09-08T08:55:03.928216+09:00,GGB222001318,GGB222000078,4382,일반차량
2026-09-08,0855,2026-09-08T08:55:03.928216+09:00,GGB222001318,GGB222000137,1342,일반차량
2026-09-08,0855,2026-09-08T08:55:03.928216+09:00,GGB222001318,GGB222000180,4287,일반차량
2026-09-08,0855,2026-09-08T08:55:03.928216+09:00,GGB222001318,GGB222000180,2207,일반차량
2026-09-08,0855,2026-09-08T08:55:03.928216+09:00,GGB222001318,GGB222000199,664,일반차량
2026-09-08,0855,2026-09-08T08:55:03.928216+09:00,GGB222001318,GGB222000199,1613,일반차량
2026-09-08,0855,2026-09-08T08:55:03.928216+09:00,GGB222001318,GGB234000003,5372,일반차량
2026-09-08,0855,2026-09-08T08:55:03.928216+09:00,GGB222001318,GGB234000003,2187,저상버스
2026-09-08,0855,2026-09-08T08:55:03.928216+09:00,GGB222001318,GGB234000028,2436,일반차량
2026-09-08,0855,2026-09-08T08:55:03.928216+09:00,GGB222001318,GGB234000028,769,저상버스
2026-09-08,1700,2026-09-08T17:00:05.802504+09:00,GGB222001318,GGB222000009,665,저상버스
2026-09-08,1700,2026-09-08T17:00:05.802504+09:00,GGB222001318,GGB222000009,1999,저상버스
2026-09-08,1700,2026-09-08T17:00:05.802504+09:00,GGB222001318,GGB222000013,225,저상버스
2026-09-08,1700,2026-09-08T17:00:05.802504+09:00,GGB222001318,GGB222000013,907,저상버스
2026-09-08,1700,2026-09-08T17:00:05.802504+09:00,GGB222001318,GGB222000027,2745,저상버스
2026-09-08,1700,2026-09-08T17:00:05.802504+09:00,GGB222001318,GGB222000027,4620,저상버스
2026-09-08,1700,2026-09-08T17:00:05.802504+09:00,GGB222001318,GGB222000028,614,일반차량
2026-09-08,1700,2026-09-08T17:00:05.802504+09:00,GGB222001318,GGB222000028,1153,일반차량
2026-09-08,1700,2026-09-08T17:00:05.802504+09:00,GGB222001318,GGB222000031,1121,저상버스
2026-09-08,1700,2026-09-08T17:00:05.802504+09:00,GGB222001318,GGB222000031,1979,저상버스
2026-09-08,1700,2026-09-08T17:00:05.802504+09:00,GGB222001318,GGB222000032,1145,저상버스
2026-09-08,1700,2026-09-08T17:00:05.802504+09:00,GGB222001318,GGB222000032,2726,저상버스
2026-09-08,1700,2026-09-08T17:00:05.802504+09:00,GGB222001318,GGB222000048,1262,일반차량
2026-09-08,1700,2026-09-08T17:00:05.802504+09:00,GGB222001318,GGB222000048,194,일반차량
2026-09-08,1700,2026-09-08T17:00:05.802504+09:00,GGB222001318,GGB222000078,2448,일반차량
2026-09-08,1700,2026-09-08T17:00:05.802504+09:00,GGB222001318,GGB222000078,3955,일반차량
2026-09-08,1700,2026-09-08T17:00:05.802504+09:00,GGB222001318,GGB222000180,2615,일반차량
2026-09-08,1700,2026-09-08T17:00:05.802504+09:00,GGB222001318,GGB222000180,517,일반차량
2026-09-08,1700,2026-09-08T17:00:05.802504+09:00,GGB222001318,GGB222000199,731,일반차량
2026-09-08,1700,2026-09-08T17:00:05.802504+09:00,GGB222001318,GGB222000199,2089,일반차량
2026-09-08,1700,2026-09-08T17:00:05.802504+09:00,GGB222001318,GGB222000239,912,일반차량
2026-09-08,1700,2026-09-08T17:00:05.802504+09:00,GGB222001318,GGB234000003,3015,저상버스
2026-09-08,1700,2026-09-08T17:00:05.802504+09:00,GGB222001318,GGB234000003,6151,저상버스
2026-09-08,1700,2026-09-08T17:00:05.802504+09:00,GGB222001318,GGB234000028,1343,일반차량
2026-09-08,1700,2026-09-08T17:00:05.802504+09:00,GGB222001318,GGB234000028,3257,저상버스
2026-09-08,1705,2026-09-08T17:05:03.753090+09:00,GGB222001318,GGB222000009,248,저상버스
2026-09-08,1705,2026-09-08T17:05:03.753090+09:00,GGB222001318,GGB222000009,1587,저상버스
2026-09-08,1705,2026-09-08T17:05:03.753090+09:00,GGB222001318,GGB222000013,1380,저상버스
2026-09-08,1705,2026-09-08T17:05:03.753090+09:00,GGB222001318,GGB222000013,532,저상버스
2026-09-08,1705,2026-09-08T17:05:03.753090+09:00,GGB222001318,GGB222000027,2134,저상버스
2026-09-08,1705,2026-09-08T17:05:03.753090+09:00,GGB222001318,GGB222000027,4262,저상버스
2026-09-08,1705,2026-09-08T17:05:03.753090+09:00,GGB222001318,GGB222000028,338,일반차량
2026-09-08,1705,2026-09-08T17:05:03.753090+09:00,GGB222001318,GGB222000028,801,일반차량
2026-09-08,1705,2026-09-08T17:05:03.753090+09:00,GGB222001318,GGB222000031,655,저상버스
2026-09-08,1705,2026-09-08T17:05:03.753090+09:00,GGB222001318,GGB222000031,1450,저상버스
2026-09-08,1705,2026-09-08T17:05:03.753090+09:00,GGB222001318,GGB222000032,703,저상버스
2026-09-08,1705,2026-09-08T17:05:03.753090+09:00,GGB222001318,GGB222000032,2235,저상버스
2026-09-08,1705,2026-09-08T17:05:03.753090+09:00,GGB222001318,GGB222000048,988,일반차량
2026-09-08,1705,2026-09-08T17:05:03.753090+09:00,GGB222001318,GGB222000048,2559,일반차량
2026-09-08,1705,2026-09-08T17:05:03.753090+09:00,GGB222001318,GGB222000078,877,일반차량
2026-09-08,1705,2026-09-08T17:05:03.753090+09:00,GGB222001318,GGB222000078,2019,일반차량
2026-09-08,1705,2026-09-08T17:05:03.753090+09:00,GGB222001318,GGB222000180,2194,일반차량
2026-09-08,1705,2026-09-08T17:05:03.753090+09:00,GGB222001318,GGB222000180,195,일반차량
2026-09-08,1705,2026-09-08T17:05:03.753090+09:00,GGB222001318,GGB222000199,471,일반차량
2026-09-08,1705,2026-09-08T17:05:03.753090+09:00,GGB222001318,GGB222000199,1583,일반차량
2026-09-08,1705,2026-09-08T17:05:03.753090+09:00,GGB222001318,GGB222000239,663,일반차량
2026-09-08,1705,2026-09-08T17:05:03.753090+09:00,GGB222001318,GGB234000003,2738,저상버스
2026-09-08,1705,2026-09-08T17:05:03.753090+09:00,GGB222001318,GGB234000003,5706,저상버스
2026-09-08,1705,2026-09-08T17:05:03.753090+09:00,GGB222001318,GGB234000028,930,일반차량
2026-09-08,1705,2026-09-08T17:05:03.753090+09:00,GGB222001318,GGB234000028,2859,저상버스
2026-09-08,1710,2026-09-08T17:10:03.334018+09:00,GGB222001318,GGB222000009,2157,저상버스
2026-09-08,1710,2026-09-08T17:10:03.334018+09:00,GGB222001318,GGB222000009,1022,저상버스
2026-09-08,1710,2026-09-08T17:10:03.334018+09:00,GGB222001318,GGB222000013,944,저상버스
2026-09-08,1710,2026-09-08T17:10:03.334018+09:00,GGB222001318,GGB222000013,207,저상버스
2026-09-08,1710,2026-09-08T17:10:03.334018+09:00,GGB222001318,GGB222000027,2062,저상버스
2026-09-08,1710,2026-09-08T17:10:03.334018+09:00,GGB222001318,GGB222000027,4218,저상버스
2026-09-08,1710,2026-09-08T17:10:03.334018+09:00,GGB222001318,GGB222000028,16,일반차량
2026-09-08,1710,2026-09-08T17:10:03.334018+09:00,GGB222001318,GGB222000028,419,일반차량
2026-09-08,1710,2026-09-08T17:10:03.334018+09:00,GGB222001318,GGB222000031,469,저상버스
2026-09-08,1710,2026-09-08T17:10:03.334018+09:00,GGB222001318,GGB222000031,1270,저상버스
2026-09-08,1710,2026-09-08T17:10:03.334018+09:00,GGB222001318,GGB222000032,468,저상버스
2026-09-08,1710,2026-09-08T17:10:03.334018+09:00,GGB222001318,GGB222000032,1737,저상버스
2026-09-08,1710,2026-09-08T17:10:03.334018+09:00,GGB222001318,GGB222000048,575,일반차량
2026-09-08,1710,2026-09-08T17:10:03.334018+09:00,GGB222001318,GGB222000048,2075,일반차량
2026-09-08,1710,2026-09-08T17:10:03.334018+09:00,GGB222001318,GGB222000078,463,일반차량
2026-09-08,1710,2026-09-08T17:10:03.334018+09:00,GGB222001318,GGB222000078,1658,일반차량
2026-09-08,1710,2026-09-08T17:10:03.334018+09:00,GGB222001318,GGB222000180,1814,일반차량
2026-09-08,1710,2026-09-08T17:10:03.334018+09:00,GGB222001318,GGB222000180,4336,일반차량
2026-09-08,1710,2026-09-08T17:10:03.334018+09:00,GGB222001318,GGB222000199,236,일반차량
2026-09-08,1710,2026-09-08T17:10:03.334018+09:00,GGB222001318,GGB222000199,1347,일반차량
2026-09-08,1710,2026-09-08T17:10:03.334018+09:00,GGB222001318,GGB222000239,445,일반차량
2026-09-08,1710,2026-09-08T17:10:03.334018+09:00,GGB222001318,GGB234000003,2176,저상버스
2026-09-08,1710,2026-09-08T17:10:03.334018+09:00,GGB222001318,GGB234000003,5134,저상버스
2026-09-08,1710,2026-09-08T17:10:03.334018+09:00,GGB222001318,GGB234000028,702,일반차량
2026-09-08,1710,2026-09-08T17:10:03.334018+09:00,GGB222001318,GGB234000028,2493,저상버스
2026-09-08,1715,2026-09-08T17:15:06.557073+09:00,GGB222001318,GGB222000009,2043,저상버스
2026-09-08,1715,2026-09-08T17:15:06.557073+09:00,GGB222001318,GGB222000009,866,저상버스
2026-09-08,1715,2026-09-08T17:15:06.557073+09:00,GGB222001318,GGB222000013,660,저상버스
2026-09-08,1715,2026-09-08T17:15:06.557073+09:00,GGB222001318,GGB222000013,84,저상버스
2026-09-08,1715,2026-09-08T17:15:06.557073+09:00,GGB222001318,GGB222000027,1931,저상버스
2026-09-08,1715,2026-09-08T17:15:06.557073+09:00,GGB222001318,GGB222000027,4076,저상버스
2026-09-08,1715,2026-09-08T17:15:06.557073+09:00,GGB222001318,GGB222000028,364,일반차량
2026-09-08,1715,2026-09-08T17:15:06.557073+09:00,GGB222001318,GGB222000028,925,일반차량
2026-09-08,1715,2026-09-08T17:15:06.557073+09:00,GGB222001318,GGB222000031,365,저상버스
2026-09-08,1715,2026-09-08T17:15:06.557073+09:00,GGB222001318,GGB222000031,1157,저상버스
2026-09-08,1715,2026-09-08T17:15:06.557073+09:00,GGB222001318,GGB222000032,364,저상버스
2026-09-08,1715,2026-09-08T17:15:06.557073+09:00,GGB222001318,GGB222000032,1628,저상버스
2026-09-08,1715,2026-09-08T17:15:06.557073+09:00,GGB222001318,GGB222000048,502,일반차량
2026-09-08,1715,2026-09-08T17:15:06.557073+09:00,GGB222001318,GGB222000048,1815,일반차량
2026-09-08,1715,2026-09-08T17:15:06.557073+09:00,GGB222001318,GGB222000078,241,일반차량
2026-09-08,1715,2026-09-08T17:15:06.557073+09:00,GGB222001318,GGB222000078,1635,일반차량
2026-09-08,1715,2026-09-08T17:15:06.557073+09:00,GGB222001318,GGB222000180,1592,일반차량
2026-09-08,1715,2026-09-08T17:15:06.557073+09:00,GGB222001318,GGB222000180,4101,일반차량
2026-09-08,1715,2026-09-08T17:15:06.557073+09:00,GGB222001318,GGB222000199,160,일반차량
2026-09-08,1715,2026-09-08T17:15:06.557073+09:00,GGB222001318,GGB222000199,1148,일반차량
2026-09-08,1715,2026-09-08T17:15:06.557073+09:00,GGB222001318,GGB222000239,254,일반차량
2026-09-08,1715,2026-09-08T17:15:06.557073+09:00,GGB222001318,GGB234000003,2084,저상버스
2026-09-08,1715,2026-09-08T17:15:06.557073+09:00,GGB222001318,GGB234000003,4935,저상버스
2026-09-08,1715,2026-09-08T17:15:06.557073+09:00,GGB222001318,GGB234000028,599,일반차량
2026-09-08,1715,2026-09-08T17:15:06.557073+09:00,GGB222001318,GGB234000028,2371,저상버스
2026-09-08,1720,2026-09-08T17:20:03.834023+09:00,GGB222001318,GGB222000009,1724,저상버스
2026-09-08,1720,2026-09-08T17:20:03.834023+09:00,GGB222001318,GGB222000009,470,저상버스
2026-09-08,1720,2026-09-08T17:20:03.834023+09:00,GGB222001318,GGB222000013,546,저상버스
2026-09-08,1720,2026-09-08T17:20:03.834023+09:00,GGB222001318,GGB222000013,1299,저상버스
2026-09-08,1720,2026-09-08T17:20:03.834023+09:00,GGB222001318,GGB222000027,1477,저상버스
2026-09-08,1720,2026-09-08T17:20:03.834023+09:00,GGB222001318,GGB222000027,3419,저상버스
2026-09-08,1720,2026-09-08T17:20:03.834023+09:00,GGB222001318,GGB222000028,280,일반차량
2026-09-08,1720,2026-09-08T17:20:03.834023+09:00,GGB222001318,GGB222000028,732,일반차량
2026-09-08,1720,2026-09-08T17:20:03.834023+09:00,GGB222001318,GGB222000031,1859,저상버스
2026-09-08,1720,2026-09-08T17:20:03.834023+09:00,GGB222001318,GGB222000031,783,저상버스
2026-09-08,1720,2026-09-08T17:20:03.834023+09:00,GGB222001318,GGB222000032,3654,저상버스
2026-09-08,1720,2026-09-08T17:20:03.834023+09:00,GGB222001318,GGB222000032,1322,저상버스
2026-09-08,1720,2026-09-08T17:20:03.834023+09:00,GGB222001318,GGB222000048,227,일반차량
2026-09-08,1720,2026-09-08T17:20:03.834023+09:00,GGB222001318,GGB222000048,1596,일반차량
2026-09-08,1720,2026-09-08T17:20:03.834023+09:00,GGB222001318,GGB222000078,4408,일반차량
2026-09-08,1720,2026-09-08T17:20:03.834023+09:00,GGB222001318,GGB222000078,2922,일반차량
2026-09-08,1720,2026-09-08T17:20:03.834023+09:00,GGB222001318,GGB222000180,1364,일반차량
2026-09-08,1720,2026-09-08T17:20:03.834023+09:00,GGB222001318,GGB222000180,3945,일반차량
2026-09-08,1720,2026-09-08T17:20:03.834023+09:00,GGB222001318,GGB222000199,1809,일반차량
2026-09-08,1720,2026-09-08T17:20:03.834023+09:00,GGB222001318,GGB222000199,867,일반차량
2026-09-08,1720,2026-09-08T17:20:03.834023+09:00,GGB222001318,GGB234000003,1939,저상버스
2026-09-08,1720,2026-09-08T17:20:03.834023+09:00,GGB222001318,GGB234000003,4711,저상버스
2026-09-08,1720,2026-09-08T17:20:03.834023+09:00,GGB222001318,GGB234000028,226,일반차량
2026-09-08,1720,2026-09-08T17:20:03.834023+09:00,GGB222001318,GGB234000028,2060,저상버스
2026-09-08,1725,2026-09-08T17:25:07.324104+09:00,GGB222001318,GGB222000009,1509,저상버스
2026-09-08,1725,2026-09-08T17:25:07.324104+09:00,GGB222001318,GGB222000009,355,저상버스
2026-09-08,1725,2026-09-08T17:25:07.324104+09:00,GGB222001318,GGB222000013,450,저상버스
2026-09-08,1725,2026-09-08T17:25:07.324104+09:00,GGB222001318,GGB222000013,1095,저상버스
2026-09-08,1725,2026-09-08T17:25:07.324104+09:00,GGB222001318,GGB222000027,1280,저상버스
2026-09-08,1725,2026-09-08T17:25:07.324104+09:00,GGB222001318,GGB222000027,3251,저상버스
2026-09-08,1725,2026-09-08T17:25:07.324104+09:00,GGB222001318,GGB222000028,1170,일반차량
2026-09-08,1725,2026-09-08T17:25:07.324104+09:00,GGB222001318,GGB222000028,574,일반차량
2026-09-08,1725,2026-09-08T17:25:07.324104+09:00,GGB222001318,GGB222000031,1642,저상버스
2026-09-08,1725,2026-09-08T17:25:07.324104+09:00,GGB222001318,GGB222000031,523,저상버스
2026-09-08,1725,2026-09-08T17:25:07.324104+09:00,GGB222001318,GGB222000032,3193,저상버스
2026-09-08,1725,2026-09-08T17:25:07.324104+09:00,GGB222001318,GGB222000032,1068,저상버스
2026-09-08,1725,2026-09-08T17:25:07.324104+09:00,GGB222001318,GGB222000048,1491,일반차량
2026-09-08,1725,2026-09-08T17:25:07.324104+09:00,GGB222001318,GGB222000048,2579,일반차량
2026-09-08,1725,2026-09-08T17:25:07.324104+09:00,GGB222001318,GGB222000078,1181,일반차량
2026-09-08,1725,2026-09-08T17:25:07.324104+09:00,GGB222001318,GGB222000078,2826,일반차량
2026-09-08,1725,2026-09-08T17:25:07.324104+09:00,GGB222001318,GGB222000180,1184,일반차량
2026-09-08,1725,2026-09-08T17:25:07.324104+09:00,GGB222001318,GGB222000180,3805,일반차량
2026-09-08,1725,2026-09-08T17:25:07.324104+09:00,GGB222001318,GGB222000199,1474,일반차량
2026-09-08,1725,2026-09-08T17:25:07.324104+09:00,GGB222001318,GGB222000199,619,일반차량
2026-09-08,1725,2026-09-08T17:25:07.324104+09:00,GGB222001318,GGB234000003,1870,저상버스
2026-09-08,1725,2026-09-08T17:25:07.324104+09:00,GGB222001318,GGB234000003,4678,저상버스
2026-09-08,1725,2026-09-08T17:25:07.324104+09:00,GGB222001318,GGB234000028,3298,일반차량
2026-09-08,1725,2026-09-08T17:25:07.324104+09:00,GGB222001318,GGB234000028,1848,저상버스
2026-09-08,1730,2026-09-08T17:30:03.520466+09:00,GGB222001318,GGB222000009,1095,저상버스
2026-09-08,1730,2026-09-08T17:30:03.520466+09:00,GGB222001318,GGB222000009,1867,저상버스
2026-09-08,1730,2026-09-08T17:30:03.520466+09:00,GGB222001318,GGB222000013,94,저상버스
2026-09-08,1730,2026-09-08T17:30:03.520466+09:00,GGB222001318,GGB222000013,753,저상버스
2026-09-08,1730,2026-09-08T17:30:03.520466+09:00,GGB222001318,GGB222000027,909,저상버스
2026-09-08,1730,2026-09-08T17:30:03.520466+09:00,GGB222001318,GGB222000027,3068,저상버스
2026-09-08,1730,2026-09-08T17:30:03.520466+09:00,GGB222001318,GGB222000028,819,일반차량
2026-09-08,1730,2026-09-08T17:30:03.520466+09:00,GGB222001318,GGB222000028,268,일반차량
2026-09-08,1730,2026-09-08T17:30:03.520466+09:00,GGB222001318,GGB222000031,1390,저상버스
2026-09-08,1730,2026-09-08T17:30:03.520466+09:00,GGB222001318,GGB222000031,323,저상버스
2026-09-08,1730,2026-09-08T17:30:03.520466+09:00,GGB222001318,GGB222000032,2640,저상버스
2026-09-08,1730,2026-09-08T17:30:03.520466+09:00,GGB222001318,GGB222000032,518,저상버스
2026-09-08,1730,2026-09-08T17:30:03.520466+09:00,GGB222001318,GGB222000048,1149,일반차량
2026-09-08,1730,2026-09-08T17:30:03.520466+09:00,GGB222001318,GGB222000048,2306,일반차량
2026-09-08,1730,2026-09-08T17:30:03.520466+09:00,GGB222001318,GGB222000078,1139,일반차량
2026-09-08,1730,2026-09-08T17:30:03.520466+09:00,GGB222001318,GGB222000078,2772,일반차량
2026-09-08,1730,2026-09-08T17:30:03.520466+09:00,GGB222001318,GGB222000180,798,일반차량
2026-09-08,1730,2026-09-08T17:30:03.520466+09:00,GGB222001318,GGB222000180,3433,일반차량
2026-09-08,1730,2026-09-08T17:30:03.520466+09:00,GGB222001318,GGB222000199,1128,일반차량
2026-09-08,1730,2026-09-08T17:30:03.520466+09:00,GGB222001318,GGB222000199,451,일반차량
2026-09-08,1730,2026-09-08T17:30:03.520466+09:00,GGB222001318,GGB234000003,1512,저상버스
2026-09-08,1730,2026-09-08T17:30:03.520466+09:00,GGB222001318,GGB234000003,4522,저상버스
2026-09-08,1730,2026-09-08T17:30:03.520466+09:00,GGB222001318,GGB234000028,2649,일반차량
2026-09-08,1730,2026-09-08T17:30:03.520466+09:00,GGB222001318,GGB234000028,1426,저상버스
2026-09-08,1735,2026-09-08T17:35:04.064306+09:00,GGB222001318,GGB222000009,845,저상버스
2026-09-08,1735,2026-09-08T17:35:04.064306+09:00,GGB222001318,GGB222000009,1666,저상버스
2026-09-08,1735,2026-09-08T17:35:04.064306+09:00,GGB222001318,GGB222000013,461,저상버스
2026-09-08,1735,2026-09-08T17:35:04.064306+09:00,GGB222001318,GGB222000013,1893,저상버스
2026-09-08,1735,2026-09-08T17:35:04.064306+09:00,GGB222001318,GGB222000027,586,저상버스
2026-09-08,1735,2026-09-08T17:35:04.064306+09:00,GGB222001318,GGB222000027,2278,저상버스
2026-09-08,1735,2026-09-08T17:35:04.064306+09:00,GGB222001318,GGB222000028,480,일반차량
2026-09-08,1735,2026-09-08T17:35:04.064306+09:00,GGB222001318,GGB222000028,1056,일반차량
2026-09-08,1735,2026-09-08T17:35:04.064306+09:00,GGB222001318,GGB222000031,2496,저상버스
2026-09-08,1735,2026-09-08T17:35:04.064306+09:00,GGB222001318,GGB222000031,1174,저상버스
2026-09-08,1735,2026-09-08T17:35:04.064306+09:00,GGB222001318,GGB222000032,2422,저상버스
2026-09-08,1735,2026-09-08T17:35:04.064306+09:00,GGB222001318,GGB222000032,285,저상버스
2026-09-08,1735,2026-09-08T17:35:04.064306+09:00,GGB222001318,GGB222000048,791,일반차량
2026-09-08,1735,2026-09-08T17:35:04.064306+09:00,GGB222001318,GGB222000048,1868,일반차량
2026-09-08,1735,2026-09-08T17:35:04.064306+09:00,GGB222001318,GGB222000078,859,일반차량
2026-09-08,1735,2026-09-08T17:35:04.064306+09:00,GGB222001318,GGB222000078,2602,일반차량
2026-09-08,1735,2026-09-08T17:35:04.064306+09:00,GGB222001318,GGB222000180,547,일반차량
2026-09-08,1735,2026-09-08T17:35:04.064306+09:00,GGB222001318,GGB222000180,3120,일반차량
2026-09-08,1735,2026-09-08T17:35:04.064306+09:00,GGB222001318,GGB222000199,845,일반차량
2026-09-08,1735,2026-09-08T17:35:04.064306+09:00,GGB222001318,GGB222000199,167,일반차량
2026-09-08,1735,2026-09-08T17:35:04.064306+09:00,GGB222001318,GGB234000003,1264,저상버스
2026-09-08,1735,2026-09-08T17:35:04.064306+09:00,GGB222001318,GGB234000003,4348,저상버스
2026-09-08,1735,2026-09-08T17:35:04.064306+09:00,GGB222001318,GGB234000028,2406,일반차량
2026-09-08,1735,2026-09-08T17:35:04.064306+09:00,GGB222001318,GGB234000028,1125,저상버스
2026-09-08,1740,2026-09-08T17:40:04.289368+09:00,GGB222001318,GGB222000009,715,저상버스
2026-09-08,1740,2026-09-08T17:40:04.289368+09:00,GGB222001318,GGB222000009,1562,저상버스
2026-09-08,1740,2026-09-08T17:40:04.289368+09:00,GGB222001318,GGB222000013,233,저상버스
2026-09-08,1740,2026-09-08T17:40:04.289368+09:00,GGB222001318,GGB222000013,1821,저상버스
2026-09-08,1740,2026-09-08T17:40:04.289368+09:00,GGB222001318,GGB222000027,392,저상버스
2026-09-08,1740,2026-09-08T17:40:04.289368+09:00,GGB222001318,GGB222000027,2042,저상버스
2026-09-08,1740,2026-09-08T17:40:04.289368+09:00,GGB222001318,GGB222000028,415,일반차량
2026-09-08,1740,2026-09-08T17:40:04.289368+09:00,GGB222001318,GGB222000028,986,일반차량
2026-09-08,1740,2026-09-08T17:40:04.289368+09:00,GGB222001318,GGB222000031,2385,저상버스
2026-09-08,1740,2026-09-08T17:40:04.289368+09:00,GGB222001318,GGB222000031,1036,저상버스
2026-09-08,1740,2026-09-08T17:40:04.289368+09:00,GGB222001318,GGB222000032,2218,저상버스
2026-09-08,1740,2026-09-08T17:40:04.289368+09:00,GGB222001318,GGB222000032,159,저상버스
2026-09-08,1740,2026-09-08T17:40:04.289368+09:00,GGB222001318,GGB222000048,722,일반차량
2026-09-08,1740,2026-09-08T17:40:04.289368+09:00,GGB222001318,GGB222000048,1725,일반차량
2026-09-08,1740,2026-09-08T17:40:04.289368+09:00,GGB222001318,GGB222000078,631,일반차량
2026-09-08,1740,2026-09-08T17:40:04.289368+09:00,GGB222001318,GGB222000078,2457,일반차량
2026-09-08,1740,2026-09-08T17:40:04.289368+09:00,GGB222001318,GGB222000180,476,일반차량
2026-09-08,1740,2026-09-08T17:40:04.289368+09:00,GGB222001318,GGB222000180,2987,일반차량
2026-09-08,1740,2026-09-08T17:40:04.289368+09:00,GGB222001318,GGB222000199,1614,일반차량
2026-09-08,1740,2026-09-08T17:40:04.289368+09:00,GGB222001318,GGB222000199,703,일반차량
2026-09-08,1740,2026-09-08T17:40:04.289368+09:00,GGB222001318,GGB234000003,1112,저상버스
2026-09-08,1740,2026-09-08T17:40:04.289368+09:00,GGB222001318,GGB234000003,4092,저상버스
2026-09-08,1740,2026-09-08T17:40:04.289368+09:00,GGB222001318,GGB234000028,2270,일반차량
2026-09-08,1740,2026-09-08T17:40:04.289368+09:00,GGB222001318,GGB234000028,930,저상버스
2026-09-08,1750,2026-09-08T17:50:03.288200+09:00,GGB222001318,GGB222000009,205,저상버스
2026-09-08,1750,2026-09-08T17:50:03.288200+09:00,GGB222001318,GGB222000009,904,저상버스
2026-09-08,1750,2026-09-08T17:50:03.288200+09:00,GGB222001318,GGB222000013,2375,저상버스
2026-09-08,1750,2026-09-08T17:50:03.288200+09:00,GGB222001318,GGB222000013,1129,저상버스
2026-09-08,1750,2026-09-08T17:50:03.288200+09:00,GGB222001318,GGB222000027,1342,저상버스
2026-09-08,1750,2026-09-08T17:50:03.288200+09:00,GGB222001318,GGB222000027,4034,저상버스
2026-09-08,1750,2026-09-08T17:50:03.288200+09:00,GGB222001318,GGB222000028,967,일반차량
2026-09-08,1750,2026-09-08T17:50:03.288200+09:00,GGB222001318,GGB222000028,423,일반차량
2026-09-08,1750,2026-09-08T17:50:03.288200+09:00,GGB222001318,GGB222000031,1780,저상버스
2026-09-08,1750,2026-09-08T17:50:03.288200+09:00,GGB222001318,GGB222000031,517,저상버스
2026-09-08,1750,2026-09-08T17:50:03.288200+09:00,GGB222001318,GGB222000032,3698,저상버스
2026-09-08,1750,2026-09-08T17:50:03.288200+09:00,GGB222001318,GGB222000032,1556,저상버스
2026-09-08,1750,2026-09-08T17:50:03.288200+09:00,GGB222001318,GGB222000048,207,일반차량
2026-09-08,1750,2026-09-08T17:50:03.288200+09:00,GGB222001318,GGB222000048,1137,일반차량
2026-09-08,1750,2026-09-08T17:50:03.288200+09:00,GGB222001318,GGB222000078,2993,일반차량
2026-09-08,1750,2026-09-08T17:50:03.288200+09:00,GGB222001318,GGB222000078,4182,일반차량
2026-09-08,1750,2026-09-08T17:50:03.288200+09:00,GGB222001318,GGB222000180,20,일반차량
2026-09-08,1750,2026-09-08T17:50:03.288200+09:00,GGB222001318,GGB222000180,2276,일반차량
2026-09-08,1750,2026-09-08T17:50:03.288200+09:00,GGB222001318,GGB222000199,803,일반차량
2026-09-08,1750,2026-09-08T17:50:03.288200+09:00,GGB222001318,GGB222000199,84,일반차량
2026-09-08,1750,2026-09-08T17:50:03.288200+09:00,GGB222001318,GGB234000003,537,저상버스
2026-09-08,1750,2026-09-08T17:50:03.288200+09:00,GGB222001318,GGB234000003,3593,저상버스
2026-09-08,1750,2026-09-08T17:50:03.288200+09:00,GGB222001318,GGB234000028,1646,일반차량
2026-09-08,1750,2026-09-08T17:50:03.288200+09:00,GGB222001318,GGB234000028,343,저상버스
2026-09-08,1745,2026-09-08T17:50:04.828302+09:00,GGB222001318,GGB222000009,205,저상버스
2026-09-08,1745,2026-09-08T17:50:04.828302+09:00,GGB222001318,GGB222000009,904,저상버스
2026-09-08,1745,2026-09-08T17:50:04.828302+09:00,GGB222001318,GGB222000013,2375,저상버스
2026-09-08,1745,2026-09-08T17:50:04.828302+09:00,GGB222001318,GGB222000013,1129,저상버스
2026-09-08,1745,2026-09-08T17:50:04.828302+09:00,GGB222001318,GGB222000027,1342,저상버스
2026-09-08,1745,2026-09-08T17:50:04.828302+09:00,GGB222001318,GGB222000027,4034,저상버스
2026-09-08,1745,2026-09-08T17:50:04.828302+09:00,GGB222001318,GGB222000028,967,일반차량
2026-09-08,1745,2026-09-08T17:50:04.828302+09:00,GGB222001318,GGB222000028,423,일반차량
2026-09-08,1745,2026-09-08T17:50:04.828302+09:00,GGB222001318,GGB222000031,1780,저상버스
2026-09-08,1745,2026-09-08T17:50:04.828302+09:00,GGB222001318,GGB222000031,517,저상버스
2026-09-08,1745,2026-09-08T17:50:04.828302+09:00,GGB222001318,GGB222000032,3698,저상버스
2026-09-08,1745,2026-09-08T17:50:04.828302+09:00,GGB222001318,GGB222000032,1556,저상버스
2026-09-08,1745,2026-09-08T17:50:04.828302+09:00,GGB222001318,GGB222000048,207,일반차량
2026-09-08,1745,2026-09-08T17:50:04.828302+09:00,GGB222001318,GGB222000048,1137,일반차량
2026-09-08,1745,2026-09-08T17:50:04.828302+09:00,GGB222001318,GGB222000078,2993,일반차량
2026-09-08,1745,2026-09-08T17:50:04.828302+09:00,GGB222001318,GGB222000078,4182,일반차량
2026-09-08,1745,2026-09-08T17:50:04.828302+09:00,GGB222001318,GGB222000180,20,일반차량
2026-09-08,1745,2026-09-08T17:50:04.828302+09:00,GGB222001318,GGB222000180,2276,일반차량
2026-09-08,1745,2026-09-08T17:50:04.828302+09:00,GGB222001318,GGB222000199,803,일반차량
2026-09-08,1745,2026-09-08T17:50:04.828302+09:00,GGB222001318,GGB222000199,84,일반차량
2026-09-08,1745,2026-09-08T17:50:04.828302+09:00,GGB222001318,GGB234000003,537,저상버스
2026-09-08,1745,2026-09-08T17:50:04.828302+09:00,GGB222001318,GGB234000003,3593,저상버스
2026-09-08,1745,2026-09-08T17:50:04.828302+09:00,GGB222001318,GGB234000028,1646,일반차량
2026-09-08,1745,2026-09-08T17:50:04.828302+09:00,GGB222001318,GGB234000028,343,저상버스
2026-09-08,1755,2026-09-08T17:55:04.581818+09:00,GGB222001318,GGB222000009,1338,저상버스
2026-09-08,1755,2026-09-08T17:55:04.581818+09:00,GGB222001318,GGB222000009,569,저상버스
2026-09-08,1755,2026-09-08T17:55:04.581818+09:00,GGB222001318,GGB222000013,1871,저상버스
2026-09-08,1755,2026-09-08T17:55:04.581818+09:00,GGB222001318,GGB222000013,948,저상버스
2026-09-08,1755,2026-09-08T17:55:04.581818+09:00,GGB222001318,GGB222000027,1097,저상버스
2026-09-08,1755,2026-09-08T17:55:04.581818+09:00,GGB222001318,GGB222000027,3751,저상버스
2026-09-08,1755,2026-09-08T17:55:04.581818+09:00,GGB222001318,GGB222000028,658,일반차량
2026-09-08,1755,2026-09-08T17:55:04.581818+09:00,GGB222001318,GGB222000028,167,일반차량
2026-09-08,1755,2026-09-08T17:55:04.581818+09:00,GGB222001318,GGB222000031,1506,저상버스
2026-09-08,1755,2026-09-08T17:55:04.581818+09:00,GGB222001318,GGB222000031,187,저상버스
2026-09-08,1755,2026-09-08T17:55:04.581818+09:00,GGB222001318,GGB222000032,3191,저상버스
2026-09-08,1755,2026-09-08T17:55:04.581818+09:00,GGB222001318,GGB222000032,1203,저상버스
2026-09-08,1755,2026-09-08T17:55:04.581818+09:00,GGB222001318,GGB222000048,2250,일반차량
2026-09-08,1755,2026-09-08T17:55:04.581818+09:00,GGB222001318,GGB222000048,710,일반차량
2026-09-08,1755,2026-09-08T17:55:04.581818+09:00,GGB222001318,GGB222000078,2623,일반차량
2026-09-08,1755,2026-09-08T17:55:04.581818+09:00,GGB222001318,GGB222000078,1163,일반차량
2026-09-08,1755,2026-09-08T17:55:04.581818+09:00,GGB222001318,GGB222000180,4064,일반차량
2026-09-08,1755,2026-09-08T17:55:04.581818+09:00,GGB222001318,GGB222000180,2076,일반차량
2026-09-08,1755,2026-09-08T17:55:04.581818+09:00,GGB222001318,GGB222000199,1699,일반차량
2026-09-08,1755,2026-09-08T17:55:04.581818+09:00,GGB222001318,GGB222000199,882,일반차량
2026-09-08,1755,2026-09-08T17:55:04.581818+09:00,GGB222001318,GGB234000003,331,저상버스
2026-09-08,1755,2026-09-08T17:55:04.581818+09:00,GGB222001318,GGB234000003,3222,저상버스
2026-09-08,1755,2026-09-08T17:55:04.581818+09:00,GGB222001318,GGB234000028,1453,일반차량
2026-09-08,1755,2026-09-08T17:55:04.581818+09:00,GGB222001318,GGB234000028,3006,저상버스
2026-09-08,1800,2026-09-08T18:00:03.842126+09:00,GGB222001318,GGB222000009,991,저상버스
2026-09-08,1800,2026-09-08T18:00:03.842126+09:00,GGB222001318,GGB222000009,248,저상버스
2026-09-08,1800,2026-09-08T18:00:03.842126+09:00,GGB222001318,GGB222000013,1382,저상버스
2026-09-08,1800,2026-09-08T18:00:03.842126+09:00,GGB222001318,GGB222000013,509,저상버스
2026-09-08,1800,2026-09-08T18:00:03.842126+09:00,GGB222001318,GGB222000027,681,저상버스
2026-09-08,1800,2026-09-08T18:00:03.842126+09:00,GGB222001318,GGB222000027,3507,저상버스
2026-09-08,1800,2026-09-08T18:00:03.842126+09:00,GGB222001318,GGB222000028,1186,일반차량
2026-09-08,1800,2026-09-08T18:00:03.842126+09:00,GGB222001318,GGB222000028,485,일반차량
2026-09-08,1800,2026-09-08T18:00:03.842126+09:00,GGB222001318,GGB222000031,1282,저상버스
2026-09-08,1800,2026-09-08T18:00:03.842126+09:00,GGB222001318,GGB222000031,2079,저상버스
2026-09-08,1800,2026-09-08T18:00:03.842126+09:00,GGB222001318,GGB222000032,2654,저상버스
2026-09-08,1800,2026-09-08T18:00:03.842126+09:00,GGB222001318,GGB222000032,798,저상버스
2026-09-08,1800,2026-09-08T18:00:03.842126+09:00,GGB222001318,GGB222000048,1931,일반차량
2026-09-08,1800,2026-09-08T18:00:03.842126+09:00,GGB222001318,GGB222000048,434,일반차량
2026-09-08,1800,2026-09-08T18:00:03.842126+09:00,GGB222001318,GGB222000078,2426,일반차량
2026-09-08,1800,2026-09-08T18:00:03.842126+09:00,GGB222001318,GGB222000078,939,일반차량
2026-09-08,1800,2026-09-08T18:00:03.842126+09:00,GGB222001318,GGB222000180,3968,일반차량
2026-09-08,1800,2026-09-08T18:00:03.842126+09:00,GGB222001318,GGB222000180,1865,일반차량
2026-09-08,1800,2026-09-08T18:00:03.842126+09:00,GGB222001318,GGB222000199,1471,일반차량
2026-09-08,1800,2026-09-08T18:00:03.842126+09:00,GGB222001318,GGB222000199,603,일반차량
2026-09-08,1800,2026-09-08T18:00:03.842126+09:00,GGB222001318,GGB234000003,6145,저상버스
2026-09-08,1800,2026-09-08T18:00:03.842126+09:00,GGB222001318,GGB234000003,2988,저상버스
2026-09-08,1800,2026-09-08T18:00:03.842126+09:00,GGB222001318,GGB234000028,1200,일반차량
2026-09-08,1800,2026-09-08T18:00:03.842126+09:00,GGB222001318,GGB234000028,2751,저상버스
2026-09-08,1805,2026-09-08T18:05:04.800950+09:00,GGB222001318,GGB222000009,802,저상버스
2026-09-08,1805,2026-09-08T18:05:04.800950+09:00,GGB222001318,GGB222000009,60,저상버스
2026-09-08,1805,2026-09-08T18:05:04.800950+09:00,GGB222001318,GGB222000013,1405,저상버스
2026-09-08,1805,2026-09-08T18:05:04.800950+09:00,GGB222001318,GGB222000013,333,저상버스
2026-09-08,1805,2026-09-08T18:05:04.800950+09:00,GGB222001318,GGB222000027,544,저상버스
2026-09-08,1805,2026-09-08T18:05:04.800950+09:00,GGB222001318,GGB222000027,3462,저상버스
2026-09-08,1805,2026-09-08T18:05:04.800950+09:00,GGB222001318,GGB222000028,1094,일반차량
2026-09-08,1805,2026-09-08T18:05:04.800950+09:00,GGB222001318,GGB222000028,353,일반차량
2026-09-08,1805,2026-09-08T18:05:04.800950+09:00,GGB222001318,GGB222000031,1069,저상버스
2026-09-08,1805,2026-09-08T18:05:04.800950+09:00,GGB222001318,GGB222000031,1857,저상버스
2026-09-08,1805,2026-09-08T18:05:04.800950+09:00,GGB222001318,GGB222000032,2625,저상버스
2026-09-08,1805,2026-09-08T18:05:04.800950+09:00,GGB222001318,GGB222000032,629,저상버스
2026-09-08,1805,2026-09-08T18:05:04.800950+09:00,GGB222001318,GGB222000048,1792,일반차량
2026-09-08,1805,2026-09-08T18:05:04.800950+09:00,GGB222001318,GGB222000048,304,일반차량
2026-09-08,1805,2026-09-08T18:05:04.800950+09:00,GGB222001318,GGB222000078,2228,일반차량
2026-09-08,1805,2026-09-08T18:05:04.800950+09:00,GGB222001318,GGB222000078,879,일반차량
2026-09-08,1805,2026-09-08T18:05:04.800950+09:00,GGB222001318,GGB222000180,3571,일반차량
2026-09-08,1805,2026-09-08T18:05:04.800950+09:00,GGB222001318,GGB222000180,1665,일반차량
2026-09-08,1805,2026-09-08T18:05:04.800950+09:00,GGB222001318,GGB222000199,1192,일반차량
2026-09-08,1805,2026-09-08T18:05:04.800950+09:00,GGB222001318,GGB222000199,517,일반차량
2026-09-08,1805,2026-09-08T18:05:04.800950+09:00,GGB222001318,GGB234000003,6061,저상버스
2026-09-08,1805,2026-09-08T18:05:04.800950+09:00,GGB222001318,GGB234000003,2853,저상버스
2026-09-08,1805,2026-09-08T18:05:04.800950+09:00,GGB222001318,GGB234000028,1027,일반차량
2026-09-08,1805,2026-09-08T18:05:04.800950+09:00,GGB222001318,GGB234000028,2658,저상버스
2026-09-08,1810,2026-09-08T18:10:03.872494+09:00,GGB222001318,GGB222000009,1843,일반차량
2026-09-08,1810,2026-09-08T18:10:03.872494+09:00,GGB222001318,GGB222000009,515,저상버스
2026-09-08,1810,2026-09-08T18:10:03.872494+09:00,GGB222001318,GGB222000013,931,저상버스
2026-09-08,1810,2026-09-08T18:10:03.872494+09:00,GGB222001318,GGB222000013,128,저상버스
2026-09-08,1810,2026-09-08T18:10:03.872494+09:00,GGB222001318,GGB222000027,242,저상버스
2026-09-08,1810,2026-09-08T18:10:03.872494+09:00,GGB222001318,GGB222000027,2942,저상버스
2026-09-08,1810,2026-09-08T18:10:03.872494+09:00,GGB222001318,GGB222000028,584,일반차량
2026-09-08,1810,2026-09-08T18:10:03.872494+09:00,GGB222001318,GGB222000028,63,일반차량
2026-09-08,1810,2026-09-08T18:10:03.872494+09:00,GGB222001318,GGB222000031,645,저상버스
2026-09-08,1810,2026-09-08T18:10:03.872494+09:00,GGB222001318,GGB222000031,1500,저상버스
2026-09-08,1810,2026-09-08T18:10:03.872494+09:00,GGB222001318,GGB222000032,2158,저상버스
2026-09-08,1810,2026-09-08T18:10:03.872494+09:00,GGB222001318,GGB222000032,383,저상버스
2026-09-08,1810,2026-09-08T18:10:03.872494+09:00,GGB222001318,GGB222000048,1577,일반차량
2026-09-08,1810,2026-09-08T18:10:03.872494+09:00,GGB222001318,GGB222000048,126,일반차량
2026-09-08,1810,2026-09-08T18:10:03.872494+09:00,GGB222001318,GGB222000078,1873,일반차량
2026-09-08,1810,2026-09-08T18:10:03.872494+09:00,GGB222001318,GGB222000078,557,일반차량
2026-09-08,1810,2026-09-08T18:10:03.872494+09:00,GGB222001318,GGB222000180,3313,일반차량
2026-09-08,1810,2026-09-08T18:10:03.872494+09:00,GGB222001318,GGB222000180,1177,일반차량
2026-09-08,1810,2026-09-08T18:10:03.872494+09:00,GGB222001318,GGB222000199,733,일반차량
2026-09-08,1810,2026-09-08T18:10:03.872494+09:00,GGB222001318,GGB222000199,1812,일반차량
2026-09-08,1810,2026-09-08T18:10:03.872494+09:00,GGB222001318,GGB234000003,5726,저상버스
2026-09-08,1810,2026-09-08T18:10:03.872494+09:00,GGB222001318,GGB234000003,2445,저상버스
2026-09-08,1810,2026-09-08T18:10:03.872494+09:00,GGB222001318,GGB234000028,674,일반차량
2026-09-08,1810,2026-09-08T18:10:03.872494+09:00,GGB222001318,GGB234000028,2448,저상버스
2026-09-08,1815,2026-09-08T18:15:07.934501+09:00,GGB222001318,GGB222000009,1677,일반차량
2026-09-08,1815,2026-09-08T18:15:07.934501+09:00,GGB222001318,GGB222000009,358,저상버스
2026-09-08,1815,2026-09-08T18:15:07.934501+09:00,GGB222001318,GGB222000013,760,저상버스
2026-09-08,1815,2026-09-08T18:15:07.934501+09:00,GGB222001318,GGB222000013,1948,저상버스
2026-09-08,1815,2026-09-08T18:15:07.934501+09:00,GGB222001318,GGB222000027,127,저상버스
2026-09-08,1815,2026-09-08T18:15:07.934501+09:00,GGB222001318,GGB222000027,2817,저상버스
2026-09-08,1815,2026-09-08T18:15:07.934501+09:00,GGB222001318,GGB222000028,348,일반차량
2026-09-08,1815,2026-09-08T18:15:07.934501+09:00,GGB222001318,GGB222000028,1158,일반차량
2026-09-08,1815,2026-09-08T18:15:07.934501+09:00,GGB222001318,GGB222000031,433,저상버스
2026-09-08,1815,2026-09-08T18:15:07.934501+09:00,GGB222001318,GGB222000031,1334,저상버스
2026-09-08,1815,2026-09-08T18:15:07.934501+09:00,GGB222001318,GGB222000032,2004,저상버스
2026-09-08,1815,2026-09-08T18:15:07.934501+09:00,GGB222001318,GGB222000032,241,저상버스
2026-09-08,1815,2026-09-08T18:15:07.934501+09:00,GGB222001318,GGB222000048,2597,저상버스
2026-09-08,1815,2026-09-08T18:15:07.934501+09:00,GGB222001318,GGB222000048,1404,일반차량
2026-09-08,1815,2026-09-08T18:15:07.934501+09:00,GGB222001318,GGB222000078,1846,일반차량
2026-09-08,1815,2026-09-08T18:15:07.934501+09:00,GGB222001318,GGB222000078,411,일반차량
2026-09-08,1815,2026-09-08T18:15:07.934501+09:00,GGB222001318,GGB222000180,3137,일반차량
2026-09-08,1815,2026-09-08T18:15:07.934501+09:00,GGB222001318,GGB222000180,1104,일반차량
2026-09-08,1815,2026-09-08T18:15:07.934501+09:00,GGB222001318,GGB222000199,548,일반차량
2026-09-08,1815,2026-09-08T18:15:07.934501+09:00,GGB222001318,GGB222000199,1697,일반차량
2026-09-08,1815,2026-09-08T18:15:07.934501+09:00,GGB222001318,GGB234000003,5516,저상버스
2026-09-08,1815,2026-09-08T18:15:07.934501+09:00,GGB222001318,GGB234000003,2229,저상버스
2026-09-08,1815,2026-09-08T18:15:07.934501+09:00,GGB222001318,GGB234000028,638,일반차량
2026-09-08,1815,2026-09-08T18:15:07.934501+09:00,GGB222001318,GGB234000028,2318,저상버스
2026-09-08,1820,2026-09-08T18:20:05.122587+09:00,GGB222001318,GGB222000009,1283,일반차량
2026-09-08,1820,2026-09-08T18:20:05.122587+09:00,GGB222001318,GGB222000009,164,저상버스
2026-09-08,1820,2026-09-08T18:20:05.122587+09:00,GGB222001318,GGB222000013,610,저상버스
2026-09-08,1820,2026-09-08T18:20:05.122587+09:00,GGB222001318,GGB222000013,1729,저상버스
2026-09-08,1820,2026-09-08T18:20:05.122587+09:00,GGB222001318,GGB222000027,2522,저상버스
2026-09-08,1820,2026-09-08T18:20:05.122587+09:00,GGB222001318,GGB222000027,4561,저상버스
2026-09-08,1820,2026-09-08T18:20:05.122587+09:00,GGB222001318,GGB222000028,254,일반차량
2026-09-08,1820,2026-09-08T18:20:05.122587+09:00,GGB222001318,GGB222000028,993,일반차량
2026-09-08,1820,2026-09-08T18:20:05.122587+09:00,GGB222001318,GGB222000031,231,저상버스
2026-09-08,1820,2026-09-08T18:20:05.122587+09:00,GGB222001318,GGB222000031,1029,저상버스
2026-09-08,1820,2026-09-08T18:20:05.122587+09:00,GGB222001318,GGB222000032,1659,저상버스
2026-09-08,1820,2026-09-08T18:20:05.122587+09:00,GGB222001318,GGB222000032,3053,저상버스
2026-09-08,1820,2026-09-08T18:20:05.122587+09:00,GGB222001318,GGB222000048,2359,저상버스
2026-09-08,1820,2026-09-08T18:20:05.122587+09:00,GGB222001318,GGB222000048,1116,일반차량
2026-09-08,1820,2026-09-08T18:20:05.122587+09:00,GGB222001318,GGB222000078,1241,일반차량
2026-09-08,1820,2026-09-08T18:20:05.122587+09:00,GGB222001318,GGB222000078,2821,일반차량
2026-09-08,1820,2026-09-08T18:20:05.122587+09:00,GGB222001318,GGB222000180,2907,일반차량
2026-09-08,1820,2026-09-08T18:20:05.122587+09:00,GGB222001318,GGB222000180,849,일반차량
2026-09-08,1820,2026-09-08T18:20:05.122587+09:00,GGB222001318,GGB222000199,236,일반차량
2026-09-08,1820,2026-09-08T18:20:05.122587+09:00,GGB222001318,GGB222000199,1514,일반차량
2026-09-08,1820,2026-09-08T18:20:05.122587+09:00,GGB222001318,GGB234000003,5201,저상버스
2026-09-08,1820,2026-09-08T18:20:05.122587+09:00,GGB222001318,GGB234000028,232,일반차량
2026-09-08,1820,2026-09-08T18:20:05.122587+09:00,GGB222001318,GGB234000028,2046,저상버스
2026-09-08,1825,2026-09-08T18:25:06.028187+09:00,GGB222001318,GGB222000009,963,일반차량
2026-09-08,1825,2026-09-08T18:25:06.028187+09:00,GGB222001318,GGB222000009,1856,저상버스
2026-09-08,1825,2026-09-08T18:25:06.028187+09:00,GGB222001318,GGB222000013,409,저상버스
2026-09-08,1825,2026-09-08T18:25:06.028187+09:00,GGB222001318,GGB222000013,1368,저상버스
2026-09-08,1825,2026-09-08T18:25:06.028187+09:00,GGB222001318,GGB222000027,2168,저상버스
2026-09-08,1825,2026-09-08T18:25:06.028187+09:00,GGB222001318,GGB222000027,4578,저상버스
2026-09-08,1825,2026-09-08T18:25:06.028187+09:00,GGB222001318,GGB222000028,564,일반차량
2026-09-08,1825,2026-09-08T18:25:06.028187+09:00,GGB222001318,GGB222000028,1284,일반차량
2026-09-08,1825,2026-09-08T18:25:06.028187+09:00,GGB222001318,GGB222000031,685,저상버스
2026-09-08,1825,2026-09-08T18:25:06.028187+09:00,GGB222001318,GGB222000031,1386,저상버스
2026-09-08,1825,2026-09-08T18:25:06.028187+09:00,GGB222001318,GGB222000032,1297,저상버스
2026-09-08,1825,2026-09-08T18:25:06.028187+09:00,GGB222001318,GGB222000032,2814,저상버스
2026-09-08,1825,2026-09-08T18:25:06.028187+09:00,GGB222001318,GGB222000048,2119,저상버스
2026-09-08,1825,2026-09-08T18:25:06.028187+09:00,GGB222001318,GGB222000048,848,일반차량
2026-09-08,1825,2026-09-08T18:25:06.028187+09:00,GGB222001318,GGB222000056,933,일반차량
2026-09-08,1825,2026-09-08T18:25:06.028187+09:00,GGB222001318,GGB222000078,949,일반차량
2026-09-08,1825,2026-09-08T18:25:06.028187+09:00,GGB222001318,GGB222000078,2563,일반차량
2026-09-08,1825,2026-09-08T18:25:06.028187+09:00,GGB222001318,GGB222000180,2534,일반차량
2026-09-08,1825,2026-09-08T18:25:06.028187+09:00,GGB222001318,GGB222000180,590,일반차량
2026-09-08,1825,2026-09-08T18:25:06.028187+09:00,GGB222001318,GGB222000199,69,일반차량
2026-09-08,1825,2026-09-08T18:25:06.028187+09:00,GGB222001318,GGB222000199,1086,일반차량
2026-09-08,1825,2026-09-08T18:25:06.028187+09:00,GGB222001318,GGB234000003,4892,저상버스
2026-09-08,1825,2026-09-08T18:25:06.028187+09:00,GGB222001318,GGB234000003,1851,저상버스
2026-09-08,1825,2026-09-08T18:25:06.028187+09:00,GGB222001318,GGB234000028,3043,일반차량
2026-09-08,1825,2026-09-08T18:25:06.028187+09:00,GGB222001318,GGB234000028,1715,저상버스
2026-09-08,1830,2026-09-08T18:30:04.050599+09:00,GGB222001318,GGB222000009,656,일반차량
2026-09-08,1830,2026-09-08T18:30:04.050599+09:00,GGB222001318,GGB222000009,1557,저상버스
2026-09-08,1830,2026-09-08T18:30:04.050599+09:00,GGB222001318,GGB222000013,19,저상버스
2026-09-08,1830,2026-09-08T18:30:04.050599+09:00,GGB222001318,GGB222000013,981,저상버스
2026-09-08,1830,2026-09-08T18:30:04.050599+09:00,GGB222001318,GGB222000027,1799,저상버스
2026-09-08,1830,2026-09-08T18:30:04.050599+09:00,GGB222001318,GGB222000027,4056,저상버스
2026-09-08,1830,2026-09-08T18:30:04.050599+09:00,GGB222001318,GGB222000028,380,일반차량
2026-09-08,1830,2026-09-08T18:30:04.050599+09:00,GGB222001318,GGB222000028,932,일반차량
2026-09-08,1830,2026-09-08T18:30:04.050599+09:00,GGB222001318,GGB222000031,380,저상버스
2026-09-08,1830,2026-09-08T18:30:04.050599+09:00,GGB222001318,GGB222000031,1161,저상버스
2026-09-08,1830,2026-09-08T18:30:04.050599+09:00,GGB222001318,GGB222000032,1046,저상버스
2026-09-08,1830,2026-09-08T18:30:04.050599+09:00,GGB222001318,GGB222000032,2377,저상버스
2026-09-08,1830,2026-09-08T18:30:04.050599+09:00,GGB222001318,GGB222000048,1749,저상버스
2026-09-08,1830,2026-09-08T18:30:04.050599+09:00,GGB222001318,GGB222000048,467,일반차량
2026-09-08,1830,2026-09-08T18:30:04.050599+09:00,GGB222001318,GGB222000056,674,일반차량
2026-09-08,1830,2026-09-08T18:30:04.050599+09:00,GGB222001318,GGB222000078,584,일반차량
2026-09-08,1830,2026-09-08T18:30:04.050599+09:00,GGB222001318,GGB222000078,2283,일반차량
2026-09-08,1830,2026-09-08T18:30:04.050599+09:00,GGB222001318,GGB222000180,2136,일반차량
2026-09-08,1830,2026-09-08T18:30:04.050599+09:00,GGB222001318,GGB222000180,477,일반차량
2026-09-08,1830,2026-09-08T18:30:04.050599+09:00,GGB222001318,GGB222000199,1244,일반차량
2026-09-08,1830,2026-09-08T18:30:04.050599+09:00,GGB222001318,GGB222000199,912,일반차량
2026-09-08,1830,2026-09-08T18:30:04.050599+09:00,GGB222001318,GGB234000003,4651,저상버스
2026-09-08,1830,2026-09-08T18:30:04.050599+09:00,GGB222001318,GGB234000003,1659,저상버스
2026-09-08,1830,2026-09-08T18:30:04.050599+09:00,GGB222001318,GGB234000028,2673,일반차량
2026-09-08,1830,2026-09-08T18:30:04.050599+09:00,GGB222001318,GGB234000028,1397,저상버스
2026-09-08,1835,2026-09-08T18:35:03.876129+09:00,GGB222001318,GGB222000009,428,일반차량
2026-09-08,1835,2026-09-08T18:35:03.876129+09:00,GGB222001318,GGB222000009,1406,저상버스
2026-09-08,1835,2026-09-08T18:35:03.876129+09:00,GGB222001318,GGB222000013,2120,저상버스
2026-09-08,1835,2026-09-08T18:35:03.876129+09:00,GGB222001318,GGB222000013,867,저상버스
2026-09-08,1835,2026-09-08T18:35:03.876129+09:00,GGB222001318,GGB222000027,1775,저상버스
2026-09-08,1835,2026-09-08T18:35:03.876129+09:00,GGB222001318,GGB222000027,3818,저상버스
2026-09-08,1835,2026-09-08T18:35:03.876129+09:00,GGB222001318,GGB222000028,288,일반차량
2026-09-08,1835,2026-09-08T18:35:03.876129+09:00,GGB222001318,GGB222000028,803,일반차량
2026-09-08,1835,2026-09-08T18:35:03.876129+09:00,GGB222001318,GGB222000031,310,저상버스
2026-09-08,1835,2026-09-08T18:35:03.876129+09:00,GGB222001318,GGB222000031,1028,저상버스
2026-09-08,1835,2026-09-08T18:35:03.876129+09:00,GGB222001318,GGB222000032,935,저상버스
2026-09-08,1835,2026-09-08T18:35:03.876129+09:00,GGB222001318,GGB222000032,2230,저상버스
2026-09-08,1835,2026-09-08T18:35:03.876129+09:00,GGB222001318,GGB222000048,1689,저상버스
2026-09-08,1835,2026-09-08T18:35:03.876129+09:00,GGB222001318,GGB222000048,375,일반차량
2026-09-08,1835,2026-09-08T18:35:03.876129+09:00,GGB222001318,GGB222000056,604,일반차량
2026-09-08,1835,2026-09-08T18:35:03.876129+09:00,GGB222001318,GGB222000078,511,일반차량
2026-09-08,1835,2026-09-08T18:35:03.876129+09:00,GGB222001318,GGB222000078,2097,일반차량
2026-09-08,1835,2026-09-08T18:35:03.876129+09:00,GGB222001318,GGB222000180,2048,일반차량
2026-09-08,1835,2026-09-08T18:35:03.876129+09:00,GGB222001318,GGB222000180,340,일반차량
2026-09-08,1835,2026-09-08T18:35:03.876129+09:00,GGB222001318,GGB222000199,1049,일반차량
2026-09-08,1835,2026-09-08T18:35:03.876129+09:00,GGB222001318,GGB222000199,645,일반차량
2026-09-08,1835,2026-09-08T18:35:03.876129+09:00,GGB222001318,GGB234000003,4637,저상버스
2026-09-08,1835,2026-09-08T18:35:03.876129+09:00,GGB222001318,GGB234000003,1512,저상버스
2026-09-08,1835,2026-09-08T18:35:03.876129+09:00,GGB222001318,GGB234000028,2637,일반차량
2026-09-08,1835,2026-09-08T18:35:03.876129+09:00,GGB222001318,GGB234000028,1262,저상버스
2026-09-08,1840,2026-09-08T18:40:05.140212+09:00,GGB222001318,GGB222000009,235,일반차량
2026-09-08,1840,2026-09-08T18:40:05.140212+09:00,GGB222001318,GGB222000009,1095,저상버스
2026-09-08,1840,2026-09-08T18:40:05.140212+09:00,GGB222001318,GGB222000013,1911,저상버스
2026-09-08,1840,2026-09-08T18:40:05.140212+09:00,GGB222001318,GGB222000013,557,저상버스
2026-09-08,1840,2026-09-08T18:40:05.140212+09:00,GGB222001318,GGB222000027,1404,저상버스
2026-09-08,1840,2026-09-08T18:40:05.140212+09:00,GGB222001318,GGB222000027,3482,저상버스
2026-09-08,1840,2026-09-08T18:40:05.140212+09:00,GGB222001318,GGB222000028,122,일반차량
2026-09-08,1840,2026-09-08T18:40:05.140212+09:00,GGB222001318,GGB222000028,641,일반차량
2026-09-08,1840,2026-09-08T18:40:05.140212+09:00,GGB222001318,GGB222000031,122,저상버스
2026-09-08,1840,2026-09-08T18:40:05.140212+09:00,GGB222001318,GGB222000031,636,저상버스
2026-09-08,1840,2026-09-08T18:40:05.140212+09:00,GGB222001318,GGB222000032,491,저상버스
2026-09-08,1840,2026-09-08T18:40:05.140212+09:00,GGB222001318,GGB222000032,1980,저상버스
2026-09-08,1840,2026-09-08T18:40:05.140212+09:00,GGB222001318,GGB222000048,1255,저상버스
2026-09-08,1840,2026-09-08T18:40:05.140212+09:00,GGB222001318,GGB222000048,121,일반차량
2026-09-08,1840,2026-09-08T18:40:05.140212+09:00,GGB222001318,GGB222000056,235,일반차량
2026-09-08,1840,2026-09-08T18:40:05.140212+09:00,GGB222001318,GGB222000078,137,일반차량
2026-09-08,1840,2026-09-08T18:40:05.140212+09:00,GGB222001318,GGB222000078,3097,일반차량
2026-09-08,1840,2026-09-08T18:40:05.140212+09:00,GGB222001318,GGB222000180,1829,일반차량
2026-09-08,1840,2026-09-08T18:40:05.140212+09:00,GGB222001318,GGB222000180,21,일반차량
2026-09-08,1840,2026-09-08T18:40:05.140212+09:00,GGB222001318,GGB222000199,586,일반차량
2026-09-08,1840,2026-09-08T18:40:05.140212+09:00,GGB222001318,GGB222000199,334,일반차량
2026-09-08,1840,2026-09-08T18:40:05.140212+09:00,GGB222001318,GGB234000003,4305,저상버스
2026-09-08,1840,2026-09-08T18:40:05.140212+09:00,GGB222001318,GGB234000003,1228,저상버스
2026-09-08,1840,2026-09-08T18:40:05.140212+09:00,GGB222001318,GGB234000028,2296,일반차량
2026-09-08,1840,2026-09-08T18:40:05.140212+09:00,GGB222001318,GGB234000028,959,저상버스
2026-09-08,1845,2026-09-08T18:45:03.923531+09:00,GGB222001318,GGB222000009,122,일반차량
2026-09-08,1845,2026-09-08T18:45:03.923531+09:00,GGB222001318,GGB222000009,988,저상버스
2026-09-08,1845,2026-09-08T18:45:03.923531+09:00,GGB222001318,GGB222000013,1724,저상버스
2026-09-08,1845,2026-09-08T18:45:03.923531+09:00,GGB222001318,GGB222000013,361,저상버스
2026-09-08,1845,2026-09-08T18:45:03.923531+09:00,GGB222001318,GGB222000027,1256,저상버스
2026-09-08,1845,2026-09-08T18:45:03.923531+09:00,GGB222001318,GGB222000027,5372,저상버스
2026-09-08,1845,2026-09-08T18:45:03.923531+09:00,GGB222001318,GGB222000028,793,일반차량
2026-09-08,1845,2026-09-08T18:45:03.923531+09:00,GGB222001318,GGB222000028,438,일반차량
2026-09-08,1845,2026-09-08T18:45:03.923531+09:00,GGB222001318,GGB222000031,523,저상버스
2026-09-08,1845,2026-09-08T18:45:03.923531+09:00,GGB222001318,GGB222000031,1258,저상버스
2026-09-08,1845,2026-09-08T18:45:03.923531+09:00,GGB222001318,GGB222000032,379,저상버스
2026-09-08,1845,2026-09-08T18:45:03.923531+09:00,GGB222001318,GGB222000032,1744,저상버스
2026-09-08,1845,2026-09-08T18:45:03.923531+09:00,GGB222001318,GGB222000048,1032,저상버스
2026-09-08,1845,2026-09-08T18:45:03.923531+09:00,GGB222001318,GGB222000048,2228,저상버스
2026-09-08,1845,2026-09-08T18:45:03.923531+09:00,GGB222001318,GGB222000056,122,일반차량
2026-09-08,1845,2026-09-08T18:45:03.923531+09:00,GGB222001318,GGB222000078,1583,일반차량
2026-09-08,1845,2026-09-08T18:45:03.923531+09:00,GGB222001318,GGB222000078,2947,일반차량
2026-09-08,1845,2026-09-08T18:45:03.923531+09:00,GGB222001318,GGB222000180,3861,일반차량
2026-09-08,1845,2026-09-08T18:45:03.923531+09:00,GGB222001318,GGB222000180,1591,일반차량
2026-09-08,1845,2026-09-08T18:45:03.923531+09:00,GGB222001318,GGB222000199,534,일반차량
2026-09-08,1845,2026-09-08T18:45:03.923531+09:00,GGB222001318,GGB222000199,223,일반차량
2026-09-08,1845,2026-09-08T18:45:03.923531+09:00,GGB222001318,GGB234000003,4209,저상버스
2026-09-08,1845,2026-09-08T18:45:03.923531+09:00,GGB222001318,GGB234000003,1100,저상버스
2026-09-08,1845,2026-09-08T18:45:03.923531+09:00,GGB222001318,GGB234000028,2162,일반차량
2026-09-08,1845,2026-09-08T18:45:03.923531+09:00,GGB222001318,GGB234000028,794,저상버스
2026-09-08,1850,2026-09-08T18:50:03.933944+09:00,GGB222001318,GGB222000009,698,저상버스
2026-09-08,1850,2026-09-08T18:50:03.933944+09:00,GGB222001318,GGB222000009,977,저상버스
2026-09-08,1850,2026-09-08T18:50:03.933944+09:00,GGB222001318,GGB222000013,1406,저상버스
2026-09-08,1850,2026-09-08T18:50:03.933944+09:00,GGB222001318,GGB222000013,2585,저상버스
2026-09-08,1850,2026-09-08T18:50:03.933944+09:00,GGB222001318,GGB222000027,891,저상버스
2026-09-08,1850,2026-09-08T18:50:03.933944+09:00,GGB222001318,GGB222000027,3105,저상버스
2026-09-08,1850,2026-09-08T18:50:03.933944+09:00,GGB222001318,GGB222000028,488,일반차량
2026-09-08,1850,2026-09-08T18:50:03.933944+09:00,GGB222001318,GGB222000028,274,일반차량
2026-09-08,1850,2026-09-08T18:50:03.933944+09:00,GGB222001318,GGB222000031,273,저상버스
2026-09-08,1850,2026-09-08T18:50:03.933944+09:00,GGB222001318,GGB222000031,1129,저상버스
2026-09-08,1850,2026-09-08T18:50:03.933944+09:00,GGB222001318,GGB222000032,1379,저상버스
2026-09-08,1850,2026-09-08T18:50:03.933944+09:00,GGB222001318,GGB222000032,4860,일반차량
2026-09-08,1850,2026-09-08T18:50:03.933944+09:00,GGB222001318,GGB222000048,879,저상버스
2026-09-08,1850,2026-09-08T18:50:03.933944+09:00,GGB222001318,GGB222000048,1961,저상버스
2026-09-08,1850,2026-09-08T18:50:03.933944+09:00,GGB222001318,GGB222000078,1174,일반차량
2026-09-08,1850,2026-09-08T18:50:03.933944+09:00,GGB222001318,GGB222000078,2401,일반차량
2026-09-08,1850,2026-09-08T18:50:03.933944+09:00,GGB222001318,GGB222000180,3530,일반차량
2026-09-08,1850,2026-09-08T18:50:03.933944+09:00,GGB222001318,GGB222000180,1110,일반차량
2026-09-08,1850,2026-09-08T18:50:03.933944+09:00,GGB222001318,GGB222000199,1414,일반차량
2026-09-08,1850,2026-09-08T18:50:03.933944+09:00,GGB222001318,GGB222000199,294,일반차량
2026-09-08,1850,2026-09-08T18:50:03.933944+09:00,GGB222001318,GGB234000003,3947,저상버스
2026-09-08,1850,2026-09-08T18:50:03.933944+09:00,GGB222001318,GGB234000003,804,저상버스
2026-09-08,1850,2026-09-08T18:50:03.933944+09:00,GGB222001318,GGB234000028,1814,일반차량
2026-09-08,1850,2026-09-08T18:50:03.933944+09:00,GGB222001318,GGB234000028,668,저상버스
2026-09-08,1855,2026-09-08T18:55:07.727617+09:00,GGB222001318,GGB222000009,214,저상버스
2026-09-08,1855,2026-09-08T18:55:07.727617+09:00,GGB222001318,GGB222000009,528,저상버스
2026-09-08,1855,2026-09-08T18:55:07.727617+09:00,GGB222001318,GGB222000013,1261,저상버스
2026-09-08,1855,2026-09-08T18:55:07.727617+09:00,GGB222001318,GGB222000013,2126,저상버스
2026-09-08,1855,2026-09-08T18:55:07.727617+09:00,GGB222001318,GGB222000027,467,저상버스
2026-09-08,1855,2026-09-08T18:55:07.727617+09:00,GGB222001318,GGB222000027,2591,저상버스
2026-09-08,1855,2026-09-08T18:55:07.727617+09:00,GGB222001318,GGB222000028,526,일반차량
2026-09-08,1855,2026-09-08T18:55:07.727617+09:00,GGB222001318,GGB222000028,178,일반차량
2026-09-08,1855,2026-09-08T18:55:07.727617+09:00,GGB222001318,GGB222000031,2447,저상버스
2026-09-08,1855,2026-09-08T18:55:07.727617+09:00,GGB222001318,GGB222000031,818,저상버스
2026-09-08,1855,2026-09-08T18:55:07.727617+09:00,GGB222001318,GGB222000032,906,저상버스
2026-09-08,1855,2026-09-08T18:55:07.727617+09:00,GGB222001318,GGB222000032,4353,일반차량
2026-09-08,1855,2026-09-08T18:55:07.727617+09:00,GGB222001318,GGB222000048,550,저상버스
2026-09-08,1855,2026-09-08T18:55:07.727617+09:00,GGB222001318,GGB222000048,1794,저상버스
2026-09-08,1855,2026-09-08T18:55:07.727617+09:00,GGB222001318,GGB222000078,964,일반차량
2026-09-08,1855,2026-09-08T18:55:07.727617+09:00,GGB222001318,GGB222000078,2046,일반차량
2026-09-08,1855,2026-09-08T18:55:07.727617+09:00,GGB222001318,GGB222000180,2985,일반차량
2026-09-08,1855,2026-09-08T18:55:07.727617+09:00,GGB222001318,GGB222000180,705,일반차량
2026-09-08,1855,2026-09-08T18:55:07.727617+09:00,GGB222001318,GGB222000199,804,일반차량
2026-09-08,1855,2026-09-08T18:55:07.727617+09:00,GGB222001318,GGB222000199,2084,일반차량
2026-09-08,1855,2026-09-08T18:55:07.727617+09:00,GGB222001318,GGB234000003,3524,저상버스
2026-09-08,1855,2026-09-08T18:55:07.727617+09:00,GGB222001318,GGB234000003,441,저상버스
2026-09-08,1855,2026-09-08T18:55:07.727617+09:00,GGB222001318,GGB234000028,1374,일반차량
2026-09-08,1855,2026-09-08T18:55:07.727617+09:00,GGB222001318,GGB234000028,181,저상버스
2026-09-09,0700,2026-09-09T07:00:05.002417+09:00,GGB222001318,GGB222000009,355,일반차량
2026-09-09,0700,2026-09-09T07:00:05.002417+09:00,GGB222001318,GGB222000009,1390,저상버스
2026-09-09,0700,2026-09-09T07:00:05.002417+09:00,GGB222001318,GGB222000013,1688,저상버스
2026-09-09,0700,2026-09-09T07:00:05.002417+09:00,GGB222001318,GGB222000013,993,저상버스
2026-09-09,0700,2026-09-09T07:00:05.002417+09:00,GGB222001318,GGB222000027,140,저상버스
2026-09-09,0700,2026-09-09T07:00:05.002417+09:00,GGB222001318,GGB222000027,2219,저상버스
2026-09-09,0700,2026-09-09T07:00:05.002417+09:00,GGB222001318,GGB222000028,716,일반차량
2026-09-09,0700,2026-09-09T07:00:05.002417+09:00,GGB222001318,GGB222000028,1224,일반차량
2026-09-09,0700,2026-09-09T07:00:05.002417+09:00,GGB222001318,GGB222000031,2448,일반차량
2026-09-09,0700,2026-09-09T07:00:05.002417+09:00,GGB222001318,GGB222000031,1091,저상버스
2026-09-09,0700,2026-09-09T07:00:05.002417+09:00,GGB222001318,GGB222000032,6202,저상버스
2026-09-09,0700,2026-09-09T07:00:05.002417+09:00,GGB222001318,GGB222000032,5001,저상버스
2026-09-09,0700,2026-09-09T07:00:05.002417+09:00,GGB222001318,GGB222000048,856,저상버스
2026-09-09,0700,2026-09-09T07:00:05.002417+09:00,GGB222001318,GGB222000048,2019,저상버스
2026-09-09,0700,2026-09-09T07:00:05.002417+09:00,GGB222001318,GGB222000078,359,일반차량
2026-09-09,0700,2026-09-09T07:00:05.002417+09:00,GGB222001318,GGB222000078,1825,일반차량
2026-09-09,0700,2026-09-09T07:00:05.002417+09:00,GGB222001318,GGB222000137,3880,일반차량
2026-09-09,0700,2026-09-09T07:00:05.002417+09:00,GGB222001318,GGB222000180,1562,일반차량
2026-09-09,0700,2026-09-09T07:00:05.002417+09:00,GGB222001318,GGB222000180,89,일반차량
2026-09-09,0700,2026-09-09T07:00:05.002417+09:00,GGB222001318,GGB222000199,542,일반차량
2026-09-09,0700,2026-09-09T07:00:05.002417+09:00,GGB222001318,GGB222000199,2105,일반차량
2026-09-09,0700,2026-09-09T07:00:05.002417+09:00,GGB222001318,GGB222000239,1269,일반차량
2026-09-09,0700,2026-09-09T07:00:05.002417+09:00,GGB222001318,GGB234000003,1601,저상버스
2026-09-09,0700,2026-09-09T07:00:05.002417+09:00,GGB222001318,GGB234000003,4633,저상버스
2026-09-09,0700,2026-09-09T07:00:05.002417+09:00,GGB222001318,GGB234000028,3691,일반차량
2026-09-09,0700,2026-09-09T07:00:05.002417+09:00,GGB222001318,GGB234000028,2849,저상버스
2026-09-09,0705,2026-09-09T07:05:03.184275+09:00,GGB222001318,GGB222000009,64,일반차량
2026-09-09,0705,2026-09-09T07:05:03.184275+09:00,GGB222001318,GGB222000009,922,저상버스
2026-09-09,0705,2026-09-09T07:05:03.184275+09:00,GGB222001318,GGB222000013,1427,저상버스
2026-09-09,0705,2026-09-09T07:05:03.184275+09:00,GGB222001318,GGB222000013,642,저상버스
2026-09-09,0705,2026-09-09T07:05:03.184275+09:00,GGB222001318,GGB222000027,1961,저상버스
2026-09-09,0705,2026-09-09T07:05:03.184275+09:00,GGB222001318,GGB222000027,4971,저상버스
2026-09-09,0705,2026-09-09T07:05:03.184275+09:00,GGB222001318,GGB222000028,509,일반차량
2026-09-09,0705,2026-09-09T07:05:03.184275+09:00,GGB222001318,GGB222000028,918,일반차량
2026-09-09,0705,2026-09-09T07:05:03.184275+09:00,GGB222001318,GGB222000031,2109,일반차량
2026-09-09,0705,2026-09-09T07:05:03.184275+09:00,GGB222001318,GGB222000031,856,저상버스
2026-09-09,0705,2026-09-09T07:05:03.184275+09:00,GGB222001318,GGB222000032,6087,저상버스
2026-09-09,0705,2026-09-09T07:05:03.184275+09:00,GGB222001318,GGB222000032,4708,저상버스
2026-09-09,0705,2026-09-09T07:05:03.184275+09:00,GGB222001318,GGB222000048,516,저상버스
2026-09-09,0705,2026-09-09T07:05:03.184275+09:00,GGB222001318,GGB222000048,1756,저상버스
2026-09-09,0705,2026-09-09T07:05:03.184275+09:00,GGB222001318,GGB222000078,1677,일반차량
2026-09-09,0705,2026-09-09T07:05:03.184275+09:00,GGB222001318,GGB222000078,2370,일반차량
2026-09-09,0705,2026-09-09T07:05:03.184275+09:00,GGB222001318,GGB222000137,5934,일반차량
2026-09-09,0705,2026-09-09T07:05:03.184275+09:00,GGB222001318,GGB222000137,3627,일반차량
2026-09-09,0705,2026-09-09T07:05:03.184275+09:00,GGB222001318,GGB222000180,1311,일반차량
2026-09-09,0705,2026-09-09T07:05:03.184275+09:00,GGB222001318,GGB222000180,3384,일반차량
2026-09-09,0705,2026-09-09T07:05:03.184275+09:00,GGB222001318,GGB222000199,444,일반차량
2026-09-09,0705,2026-09-09T07:05:03.184275+09:00,GGB222001318,GGB222000199,1648,일반차량
2026-09-09,0705,2026-09-09T07:05:03.184275+09:00,GGB222001318,GGB222000239,1004,일반차량
2026-09-09,0705,2026-09-09T07:05:03.184275+09:00,GGB222001318,GGB234000003,1375,저상버스
2026-09-09,0705,2026-09-09T07:05:03.184275+09:00,GGB222001318,GGB234000003,4336,저상버스
2026-09-09,0705,2026-09-09T07:05:03.184275+09:00,GGB222001318,GGB234000028,3436,일반차량
2026-09-09,0705,2026-09-09T07:05:03.184275+09:00,GGB222001318,GGB234000028,2546,저상버스
2026-09-09,0710,2026-09-09T07:10:03.511950+09:00,GGB222001318,GGB222000009,596,저상버스
2026-09-09,0710,2026-09-09T07:10:03.511950+09:00,GGB222001318,GGB222000009,1312,저상버스
2026-09-09,0710,2026-09-09T07:10:03.511950+09:00,GGB222001318,GGB222000013,1119,저상버스
2026-09-09,0710,2026-09-09T07:10:03.511950+09:00,GGB222001318,GGB222000013,374,저상버스
2026-09-09,0710,2026-09-09T07:10:03.511950+09:00,GGB222001318,GGB222000027,1682,저상버스
2026-09-09,0710,2026-09-09T07:10:03.511950+09:00,GGB222001318,GGB222000027,4589,저상버스
2026-09-09,0710,2026-09-09T07:10:03.511950+09:00,GGB222001318,GGB222000028,363,일반차량
2026-09-09,0710,2026-09-09T07:10:03.511950+09:00,GGB222001318,GGB222000028,688,일반차량
2026-09-09,0710,2026-09-09T07:10:03.511950+09:00,GGB222001318,GGB222000031,1904,일반차량
2026-09-09,0710,2026-09-09T07:10:03.511950+09:00,GGB222001318,GGB222000031,510,저상버스
2026-09-09,0710,2026-09-09T07:10:03.511950+09:00,GGB222001318,GGB222000032,5766,저상버스
2026-09-09,0710,2026-09-09T07:10:03.511950+09:00,GGB222001318,GGB222000032,4645,저상버스
2026-09-09,0710,2026-09-09T07:10:03.511950+09:00,GGB222001318,GGB222000048,428,저상버스
2026-09-09,0710,2026-09-09T07:10:03.511950+09:00,GGB222001318,GGB222000048,1515,저상버스
2026-09-09,0710,2026-09-09T07:10:03.511950+09:00,GGB222001318,GGB222000056,686,일반차량
2026-09-09,0710,2026-09-09T07:10:03.511950+09:00,GGB222001318,GGB222000078,1287,일반차량
2026-09-09,0710,2026-09-09T07:10:03.511950+09:00,GGB222001318,GGB222000078,1945,일반차량
2026-09-09,0710,2026-09-09T07:10:03.511950+09:00,GGB222001318,GGB222000137,5665,일반차량
2026-09-09,0710,2026-09-09T07:10:03.511950+09:00,GGB222001318,GGB222000137,3319,일반차량
2026-09-09,0710,2026-09-09T07:10:03.511950+09:00,GGB222001318,GGB222000180,947,일반차량
2026-09-09,0710,2026-09-09T07:10:03.511950+09:00,GGB222001318,GGB222000180,3209,일반차량
2026-09-09,0710,2026-09-09T07:10:03.511950+09:00,GGB222001318,GGB222000199,256,일반차량
2026-09-09,0710,2026-09-09T07:10:03.511950+09:00,GGB222001318,GGB222000199,1220,일반차량
2026-09-09,0710,2026-09-09T07:10:03.511950+09:00,GGB222001318,GGB222000239,572,일반차량
2026-09-09,0710,2026-09-09T07:10:03.511950+09:00,GGB222001318,GGB234000003,1048,저상버스
2026-09-09,0710,2026-09-09T07:10:03.511950+09:00,GGB222001318,GGB234000003,4203,저상버스
2026-09-09,0710,2026-09-09T07:10:03.511950+09:00,GGB222001318,GGB234000028,3190,일반차량
2026-09-09,0710,2026-09-09T07:10:03.511950+09:00,GGB222001318,GGB234000028,2199,저상버스
2026-09-09,0715,2026-09-09T07:15:02.707088+09:00,GGB222001318,GGB222000009,320,저상버스
2026-09-09,0715,2026-09-09T07:15:02.707088+09:00,GGB222001318,GGB222000009,948,저상버스
2026-09-09,0715,2026-09-09T07:15:02.707088+09:00,GGB222001318,GGB222000013,853,저상버스
2026-09-09,0715,2026-09-09T07:15:02.707088+09:00,GGB222001318,GGB222000013,17,저상버스
2026-09-09,0715,2026-09-09T07:15:02.707088+09:00,GGB222001318,GGB222000027,1473,저상버스
2026-09-09,0715,2026-09-09T07:15:02.707088+09:00,GGB222001318,GGB222000027,4255,저상버스
2026-09-09,0715,2026-09-09T07:15:02.707088+09:00,GGB222001318,GGB222000028,20,일반차량
2026-09-09,0715,2026-09-09T07:15:02.707088+09:00,GGB222001318,GGB222000028,461,일반차량
2026-09-09,0715,2026-09-09T07:15:02.707088+09:00,GGB222001318,GGB222000031,1629,일반차량
2026-09-09,0715,2026-09-09T07:15:02.707088+09:00,GGB222001318,GGB222000031,242,저상버스
2026-09-09,0715,2026-09-09T07:15:02.707088+09:00,GGB222001318,GGB222000032,5642,저상버스
2026-09-09,0715,2026-09-09T07:15:02.707088+09:00,GGB222001318,GGB222000032,4470,저상버스
2026-09-09,0715,2026-09-09T07:15:02.707088+09:00,GGB222001318,GGB222000048,216,저상버스
2026-09-09,0715,2026-09-09T07:15:02.707088+09:00,GGB222001318,GGB222000048,1331,저상버스
2026-09-09,0715,2026-09-09T07:15:02.707088+09:00,GGB222001318,GGB222000056,349,일반차량
2026-09-09,0715,2026-09-09T07:15:02.707088+09:00,GGB222001318,GGB222000078,1775,일반차량
2026-09-09,0715,2026-09-09T07:15:02.707088+09:00,GGB222001318,GGB222000078,4210,일반차량
2026-09-09,0715,2026-09-09T07:15:02.707088+09:00,GGB222001318,GGB222000137,5826,일반차량
2026-09-09,0715,2026-09-09T07:15:02.707088+09:00,GGB222001318,GGB222000137,3486,일반차량
2026-09-09,0715,2026-09-09T07:15:02.707088+09:00,GGB222001318,GGB222000180,862,일반차량
2026-09-09,0715,2026-09-09T07:15:02.707088+09:00,GGB222001318,GGB222000180,3070,일반차량
2026-09-09,0715,2026-09-09T07:15:02.707088+09:00,GGB222001318,GGB222000199,87,일반차량
2026-09-09,0715,2026-09-09T07:15:02.707088+09:00,GGB222001318,GGB222000199,996,일반차량
2026-09-09,0715,2026-09-09T07:15:02.707088+09:00,GGB222001318,GGB222000239,360,일반차량
2026-09-09,0715,2026-09-09T07:15:02.707088+09:00,GGB222001318,GGB234000003,804,저상버스
2026-09-09,0715,2026-09-09T07:15:02.707088+09:00,GGB222001318,GGB234000003,4006,저상버스
2026-09-09,0715,2026-09-09T07:15:02.707088+09:00,GGB222001318,GGB234000028,4578,저상버스
2026-09-09,0715,2026-09-09T07:15:02.707088+09:00,GGB222001318,GGB234000028,2132,저상버스
2026-09-09,0720,2026-09-09T07:20:02.798283+09:00,GGB222001318,GGB222000009,1184,저상버스
2026-09-09,0720,2026-09-09T07:20:02.798283+09:00,GGB222001318,GGB222000009,662,저상버스
2026-09-09,0720,2026-09-09T07:20:02.798283+09:00,GGB222001318,GGB222000013,1627,저상버스
2026-09-09,0720,2026-09-09T07:20:02.798283+09:00,GGB222001318,GGB222000013,478,저상버스
2026-09-09,0720,2026-09-09T07:20:02.798283+09:00,GGB222001318,GGB222000027,1069,저상버스
2026-09-09,0720,2026-09-09T07:20:02.798283+09:00,GGB222001318,GGB222000027,4112,저상버스
2026-09-09,0720,2026-09-09T07:20:02.798283+09:00,GGB222001318,GGB222000028,655,일반차량
2026-09-09,0720,2026-09-09T07:20:02.798283+09:00,GGB222001318,GGB222000028,144,일반차량
2026-09-09,0720,2026-09-09T07:20:02.798283+09:00,GGB222001318,GGB222000031,2793,저상버스
2026-09-09,0720,2026-09-09T07:20:02.798283+09:00,GGB222001318,GGB222000031,1283,일반차량
2026-09-09,0720,2026-09-09T07:20:02.798283+09:00,GGB222001318,GGB222000032,5310,저상버스
2026-09-09,0720,2026-09-09T07:20:02.798283+09:00,GGB222001318,GGB222000032,4160,저상버스
2026-09-09,0720,2026-09-09T07:20:02.798283+09:00,GGB222001318,GGB222000048,920,저상버스
2026-09-09,0720,2026-09-09T07:20:02.798283+09:00,GGB222001318,GGB222000048,2136,저상버스
2026-09-09,0720,2026-09-09T07:20:02.798283+09:00,GGB222001318,GGB222000078,723,일반차량
2026-09-09,0720,2026-09-09T07:20:02.798283+09:00,GGB222001318,GGB222000078,1556,일반차량
2026-09-09,0720,2026-09-09T07:20:02.798283+09:00,GGB222001318,GGB222000137,5593,일반차량
2026-09-09,0720,2026-09-09T07:20:02.798283+09:00,GGB222001318,GGB222000137,3264,일반차량
2026-09-09,0720,2026-09-09T07:20:02.798283+09:00,GGB222001318,GGB222000180,561,일반차량
2026-09-09,0720,2026-09-09T07:20:02.798283+09:00,GGB222001318,GGB222000180,2776,일반차량
2026-09-09,0720,2026-09-09T07:20:02.798283+09:00,GGB222001318,GGB222000199,1829,일반차량
2026-09-09,0720,2026-09-09T07:20:02.798283+09:00,GGB222001318,GGB222000199,745,일반차량
2026-09-09,0720,2026-09-09T07:20:02.798283+09:00,GGB222001318,GGB222000239,143,일반차량
2026-09-09,0720,2026-09-09T07:20:02.798283+09:00,GGB222001318,GGB234000003,458,저상버스
2026-09-09,0720,2026-09-09T07:20:02.798283+09:00,GGB222001318,GGB234000003,3741,저상버스
2026-09-09,0720,2026-09-09T07:20:02.798283+09:00,GGB222001318,GGB234000028,3261,일반차량
2026-09-09,0720,2026-09-09T07:20:02.798283+09:00,GGB222001318,GGB234000028,1761,저상버스
2026-09-09,0725,2026-09-09T07:25:03.042895+09:00,GGB222001318,GGB222000009,1079,저상버스
2026-09-09,0725,2026-09-09T07:25:03.042895+09:00,GGB222001318,GGB222000009,503,저상버스
2026-09-09,0725,2026-09-09T07:25:03.042895+09:00,GGB222001318,GGB222000013,1742,저상버스
2026-09-09,0725,2026-09-09T07:25:03.042895+09:00,GGB222001318,GGB222000013,384,저상버스
2026-09-09,0725,2026-09-09T07:25:03.042895+09:00,GGB222001318,GGB222000027,899,저상버스
2026-09-09,0725,2026-09-09T07:25:03.042895+09:00,GGB222001318,GGB222000027,3908,저상버스
2026-09-09,0725,2026-09-09T07:25:03.042895+09:00,GGB222001318,GGB222000028,389,일반차량
2026-09-09,0725,2026-09-09T07:25:03.042895+09:00,GGB222001318,GGB222000028,14,일반차량
2026-09-09,0725,2026-09-09T07:25:03.042895+09:00,GGB222001318,GGB222000031,2729,저상버스
2026-09-09,0725,2026-09-09T07:25:03.042895+09:00,GGB222001318,GGB222000031,1213,일반차량
2026-09-09,0725,2026-09-09T07:25:03.042895+09:00,GGB222001318,GGB222000032,4995,저상버스
2026-09-09,0725,2026-09-09T07:25:03.042895+09:00,GGB222001318,GGB222000032,3845,저상버스
2026-09-09,0725,2026-09-09T07:25:03.042895+09:00,GGB222001318,GGB222000048,796,저상버스
2026-09-09,0725,2026-09-09T07:25:03.042895+09:00,GGB222001318,GGB222000048,2126,저상버스
2026-09-09,0725,2026-09-09T07:25:03.042895+09:00,GGB222001318,GGB222000078,514,일반차량
2026-09-09,0725,2026-09-09T07:25:03.042895+09:00,GGB222001318,GGB222000078,1191,일반차량
2026-09-09,0725,2026-09-09T07:25:03.042895+09:00,GGB222001318,GGB222000137,5299,일반차량
2026-09-09,0725,2026-09-09T07:25:03.042895+09:00,GGB222001318,GGB222000137,2775,일반차량
2026-09-09,0725,2026-09-09T07:25:03.042895+09:00,GGB222001318,GGB222000180,423,일반차량
2026-09-09,0725,2026-09-09T07:25:03.042895+09:00,GGB222001318,GGB222000180,2514,일반차량
2026-09-09,0725,2026-09-09T07:25:03.042895+09:00,GGB222001318,GGB222000199,1732,일반차량
2026-09-09,0725,2026-09-09T07:25:03.042895+09:00,GGB222001318,GGB222000199,522,일반차량
2026-09-09,0725,2026-09-09T07:25:03.042895+09:00,GGB222001318,GGB234000003,318,저상버스
2026-09-09,0725,2026-09-09T07:25:03.042895+09:00,GGB222001318,GGB234000003,3454,저상버스
2026-09-09,0725,2026-09-09T07:25:03.042895+09:00,GGB222001318,GGB234000028,3001,일반차량
2026-09-09,0725,2026-09-09T07:25:03.042895+09:00,GGB222001318,GGB234000028,1545,저상버스
2026-09-09,0730,2026-09-09T07:30:05.105518+09:00,GGB222001318,GGB222000009,793,저상버스
2026-09-09,0730,2026-09-09T07:30:05.105518+09:00,GGB222001318,GGB222000009,131,저상버스
2026-09-09,0730,2026-09-09T07:30:05.105518+09:00,GGB222001318,GGB222000013,1368,저상버스
2026-09-09,0730,2026-09-09T07:30:05.105518+09:00,GGB222001318,GGB222000013,143,저상버스
2026-09-09,0730,2026-09-09T07:30:05.105518+09:00,GGB222001318,GGB222000027,422,저상버스
2026-09-09,0730,2026-09-09T07:30:05.105518+09:00,GGB222001318,GGB222000027,3604,저상버스
2026-09-09,0730,2026-09-09T07:30:05.105518+09:00,GGB222001318,GGB222000028,740,일반차량
2026-09-09,0730,2026-09-09T07:30:05.105518+09:00,GGB222001318,GGB222000028,192,일반차량
2026-09-09,0730,2026-09-09T07:30:05.105518+09:00,GGB222001318,GGB222000031,2415,저상버스
2026-09-09,0730,2026-09-09T07:30:05.105518+09:00,GGB222001318,GGB222000031,735,일반차량
2026-09-09,0730,2026-09-09T07:30:05.105518+09:00,GGB222001318,GGB222000032,4539,저상버스
2026-09-09,0730,2026-09-09T07:30:05.105518+09:00,GGB222001318,GGB222000032,3558,저상버스
2026-09-09,0730,2026-09-09T07:30:05.105518+09:00,GGB222001318,GGB222000048,541,저상버스
2026-09-09,0730,2026-09-09T07:30:05.105518+09:00,GGB222001318,GGB222000048,1717,저상버스
2026-09-09,0730,2026-09-09T07:30:05.105518+09:00,GGB222001318,GGB222000078,133,일반차량
2026-09-09,0730,2026-09-09T07:30:05.105518+09:00,GGB222001318,GGB222000078,1093,일반차량
2026-09-09,0730,2026-09-09T07:30:05.105518+09:00,GGB222001318,GGB222000137,4895,일반차량
2026-09-09,0730,2026-09-09T07:30:05.105518+09:00,GGB222001318,GGB222000137,2417,일반차량
2026-09-09,0730,2026-09-09T07:30:05.105518+09:00,GGB222001318,GGB222000180,178,일반차량
2026-09-09,0730,2026-09-09T07:30:05.105518+09:00,GGB222001318,GGB222000180,2344,일반차량
2026-09-09,0730,2026-09-09T07:30:05.105518+09:00,GGB222001318,GGB222000199,1415,일반차량
2026-09-09,0730,2026-09-09T07:30:05.105518+09:00,GGB222001318,GGB222000199,326,일반차량
2026-09-09,0730,2026-09-09T07:30:05.105518+09:00,GGB222001318,GGB234000003,70,저상버스
2026-09-09,0730,2026-09-09T07:30:05.105518+09:00,GGB222001318,GGB234000003,3290,저상버스
2026-09-09,0730,2026-09-09T07:30:05.105518+09:00,GGB222001318,GGB234000028,2668,일반차량
2026-09-09,0730,2026-09-09T07:30:05.105518+09:00,GGB222001318,GGB234000028,1361,저상버스
2026-09-09,0735,2026-09-09T07:35:04.265075+09:00,GGB222001318,GGB222000009,619,저상버스
2026-09-09,0735,2026-09-09T07:35:04.265075+09:00,GGB222001318,GGB222000009,1402,저상버스
2026-09-09,0735,2026-09-09T07:35:04.265075+09:00,GGB222001318,GGB222000013,1177,저상버스
2026-09-09,0735,2026-09-09T07:35:04.265075+09:00,GGB222001318,GGB222000013,70,저상버스
2026-09-09,0735,2026-09-09T07:35:04.265075+09:00,GGB222001318,GGB222000027,210,저상버스
2026-09-09,0735,2026-09-09T07:35:04.265075+09:00,GGB222001318,GGB222000027,3414,저상버스
2026-09-09,0735,2026-09-09T07:35:04.265075+09:00,GGB222001318,GGB222000028,539,일반차량
2026-09-09,0735,2026-09-09T07:35:04.265075+09:00,GGB222001318,GGB222000028,59,일반차량
2026-09-09,0735,2026-09-09T07:35:04.265075+09:00,GGB222001318,GGB222000031,2183,저상버스
2026-09-09,0735,2026-09-09T07:35:04.265075+09:00,GGB222001318,GGB222000031,600,일반차량
2026-09-09,0735,2026-09-09T07:35:04.265075+09:00,GGB222001318,GGB222000032,4979,저상버스
2026-09-09,0735,2026-09-09T07:35:04.265075+09:00,GGB222001318,GGB222000032,3421,저상버스
2026-09-09,0735,2026-09-09T07:35:04.265075+09:00,GGB222001318,GGB222000048,424,저상버스
2026-09-09,0735,2026-09-09T07:35:04.265075+09:00,GGB222001318,GGB222000048,1562,저상버스
2026-09-09,0735,2026-09-09T07:35:04.265075+09:00,GGB222001318,GGB222000078,3218,일반차량
2026-09-09,0735,2026-09-09T07:35:04.265075+09:00,GGB222001318,GGB222000137,4770,일반차량
2026-09-09,0735,2026-09-09T07:35:04.265075+09:00,GGB222001318,GGB222000137,2417,일반차량
2026-09-09,0735,2026-09-09T07:35:04.265075+09:00,GGB222001318,GGB222000180,19,일반차량
2026-09-09,0735,2026-09-09T07:35:04.265075+09:00,GGB222001318,GGB222000180,2123,일반차량
2026-09-09,0735,2026-09-09T07:35:04.265075+09:00,GGB222001318,GGB222000199,1336,일반차량
2026-09-09,0735,2026-09-09T07:35:04.265075+09:00,GGB222001318,GGB222000199,14,일반차량
2026-09-09,0735,2026-09-09T07:35:04.265075+09:00,GGB222001318,GGB234000003,6271,저상버스
2026-09-09,0735,2026-09-09T07:35:04.265075+09:00,GGB222001318,GGB234000003,3186,저상버스
2026-09-09,0735,2026-09-09T07:35:04.265075+09:00,GGB222001318,GGB234000028,2458,일반차량
2026-09-09,0735,2026-09-09T07:35:04.265075+09:00,GGB222001318,GGB234000028,1311,저상버스
2026-09-09,0740,2026-09-09T07:40:03.382938+09:00,GGB222001318,GGB222000009,259,저상버스
2026-09-09,0740,2026-09-09T07:40:03.382938+09:00,GGB222001318,GGB222000009,1152,저상버스
2026-09-09,0740,2026-09-09T07:40:03.382938+09:00,GGB222001318,GGB222000013,1963,저상버스
2026-09-09,0740,2026-09-09T07:40:03.382938+09:00,GGB222001318,GGB222000013,767,저상버스
2026-09-09,0740,2026-09-09T07:40:03.382938+09:00,GGB222001318,GGB222000027,3185,저상버스
2026-09-09,0740,2026-09-09T07:40:03.382938+09:00,GGB222001318,GGB222000027,5192,저상버스
2026-09-09,0740,2026-09-09T07:40:03.382938+09:00,GGB222001318,GGB222000028,207,일반차량
2026-09-09,0740,2026-09-09T07:40:03.382938+09:00,GGB222001318,GGB222000028,755,일반차량
2026-09-09,0740,2026-09-09T07:40:03.382938+09:00,GGB222001318,GGB222000031,1877,저상버스
2026-09-09,0740,2026-09-09T07:40:03.382938+09:00,GGB222001318,GGB222000031,227,일반차량
2026-09-09,0740,2026-09-09T07:40:03.382938+09:00,GGB222001318,GGB222000032,4584,저상버스
2026-09-09,0740,2026-09-09T07:40:03.382938+09:00,GGB222001318,GGB222000032,3212,저상버스
2026-09-09,0740,2026-09-09T07:40:03.382938+09:00,GGB222001318,GGB222000048,228,저상버스
2026-09-09,0740,2026-09-09T07:40:03.382938+09:00,GGB222001318,GGB222000048,1338,저상버스
2026-09-09,0740,2026-09-09T07:40:03.382938+09:00,GGB222001318,GGB222000078,635,일반차량
2026-09-09,0740,2026-09-09T07:40:03.382938+09:00,GGB222001318,GGB222000078,3122,일반차량
2026-09-09,0740,2026-09-09T07:40:03.382938+09:00,GGB222001318,GGB222000137,4681,일반차량
2026-09-09,0740,2026-09-09T07:40:03.382938+09:00,GGB222001318,GGB222000137,2109,일반차량
2026-09-09,0740,2026-09-09T07:40:03.382938+09:00,GGB222001318,GGB222000180,3534,일반차량
2026-09-09,0740,2026-09-09T07:40:03.382938+09:00,GGB222001318,GGB222000180,1795,일반차량
2026-09-09,0740,2026-09-09T07:40:03.382938+09:00,GGB222001318,GGB222000199,718,일반차량
2026-09-09,0740,2026-09-09T07:40:03.382938+09:00,GGB222001318,GGB222000199,1281,일반차량
2026-09-09,0740,2026-09-09T07:40:03.382938+09:00,GGB222001318,GGB234000003,6101,저상버스
2026-09-09,0740,2026-09-09T07:40:03.382938+09:00,GGB222001318,GGB234000003,3041,저상버스
2026-09-09,0740,2026-09-09T07:40:03.382938+09:00,GGB222001318,GGB234000028,2409,일반차량
2026-09-09,0740,2026-09-09T07:40:03.382938+09:00,GGB222001318,GGB234000028,1157,저상버스
2026-09-09,0745,2026-09-09T07:45:04.012094+09:00,GGB222001318,GGB222000009,107,저상버스
2026-09-09,0745,2026-09-09T07:45:04.012094+09:00,GGB222001318,GGB222000009,1023,저상버스
2026-09-09,0745,2026-09-09T07:45:04.012094+09:00,GGB222001318,GGB222000013,1798,저상버스
2026-09-09,0745,2026-09-09T07:45:04.012094+09:00,GGB222001318,GGB222000013,540,저상버스
2026-09-09,0745,2026-09-09T07:45:04.012094+09:00,GGB222001318,GGB222000027,3129,저상버스
2026-09-09,0745,2026-09-09T07:45:04.012094+09:00,GGB222001318,GGB222000027,5071,저상버스
2026-09-09,0745,2026-09-09T07:45:04.012094+09:00,GGB222001318,GGB222000028,116,일반차량
2026-09-09,0745,2026-09-09T07:45:04.012094+09:00,GGB222001318,GGB222000028,708,일반차량
2026-09-09,0745,2026-09-09T07:45:04.012094+09:00,GGB222001318,GGB222000031,1672,저상버스
2026-09-09,0745,2026-09-09T07:45:04.012094+09:00,GGB222001318,GGB222000031,113,일반차량
2026-09-09,0745,2026-09-09T07:45:04.012094+09:00,GGB222001318,GGB222000032,4641,저상버스
2026-09-09,0745,2026-09-09T07:45:04.012094+09:00,GGB222001318,GGB222000032,3005,저상버스
2026-09-09,0745,2026-09-09T07:45:04.012094+09:00,GGB222001318,GGB222000048,114,저상버스
2026-09-09,0745,2026-09-09T07:45:04.012094+09:00,GGB222001318,GGB222000048,1179,저상버스
2026-09-09,0745,2026-09-09T07:45:04.012094+09:00,GGB222001318,GGB222000078,450,일반차량
2026-09-09,0745,2026-09-09T07:45:04.012094+09:00,GGB222001318,GGB222000078,3005,일반차량
2026-09-09,0745,2026-09-09T07:45:04.012094+09:00,GGB222001318,GGB222000137,4562,일반차량
2026-09-09,0745,2026-09-09T07:45:04.012094+09:00,GGB222001318,GGB222000137,1825,일반차량
2026-09-09,0745,2026-09-09T07:45:04.012094+09:00,GGB222001318,GGB222000180,3324,일반차량
2026-09-09,0745,2026-09-09T07:45:04.012094+09:00,GGB222001318,GGB222000180,1460,일반차량
2026-09-09,0745,2026-09-09T07:45:04.012094+09:00,GGB222001318,GGB222000199,661,일반차량
2026-09-09,0745,2026-09-09T07:45:04.012094+09:00,GGB222001318,GGB222000199,1153,일반차량
2026-09-09,0745,2026-09-09T07:45:04.012094+09:00,GGB222001318,GGB234000003,5862,저상버스
2026-09-09,0745,2026-09-09T07:45:04.012094+09:00,GGB222001318,GGB234000003,2872,저상버스
2026-09-09,0745,2026-09-09T07:45:04.012094+09:00,GGB222001318,GGB234000028,2156,일반차량
2026-09-09,0745,2026-09-09T07:45:04.012094+09:00,GGB222001318,GGB234000028,995,저상버스
2026-09-09,0750,2026-09-09T07:50:02.724715+09:00,GGB222001318,GGB222000009,2065,일반차량
2026-09-09,0750,2026-09-09T07:50:02.724715+09:00,GGB222001318,GGB222000009,790,저상버스
2026-09-09,0750,2026-09-09T07:50:02.724715+09:00,GGB222001318,GGB222000013,1089,저상버스
2026-09-09,0750,2026-09-09T07:50:02.724715+09:00,GGB222001318,GGB222000013,2238,저상버스
2026-09-09,0750,2026-09-09T07:50:02.724715+09:00,GGB222001318,GGB222000027,3233,저상버스
2026-09-09,0750,2026-09-09T07:50:02.724715+09:00,GGB222001318,GGB222000027,5367,저상버스
2026-09-09,0750,2026-09-09T07:50:02.724715+09:00,GGB222001318,GGB222000028,1114,일반차량
2026-09-09,0750,2026-09-09T07:50:02.724715+09:00,GGB222001318,GGB222000028,478,일반차량
2026-09-09,0750,2026-09-09T07:50:02.724715+09:00,GGB222001318,GGB222000031,1336,저상버스
2026-09-09,0750,2026-09-09T07:50:02.724715+09:00,GGB222001318,GGB222000031,2814,저상버스
2026-09-09,0750,2026-09-09T07:50:02.724715+09:00,GGB222001318,GGB222000032,4206,저상버스
2026-09-09,0750,2026-09-09T07:50:02.724715+09:00,GGB222001318,GGB222000032,2685,저상버스
2026-09-09,0750,2026-09-09T07:50:02.724715+09:00,GGB222001318,GGB222000048,875,저상버스
2026-09-09,0750,2026-09-09T07:50:02.724715+09:00,GGB222001318,GGB222000048,1976,일반차량
2026-09-09,0750,2026-09-09T07:50:02.724715+09:00,GGB222001318,GGB222000078,56,일반차량
2026-09-09,0750,2026-09-09T07:50:02.724715+09:00,GGB222001318,GGB222000078,2638,일반차량
2026-09-09,0750,2026-09-09T07:50:02.724715+09:00,GGB222001318,GGB222000137,4408,일반차량
2026-09-09,0750,2026-09-09T07:50:02.724715+09:00,GGB222001318,GGB222000137,1459,일반차량
2026-09-09,0750,2026-09-09T07:50:02.724715+09:00,GGB222001318,GGB222000180,2915,일반차량
2026-09-09,0750,2026-09-09T07:50:02.724715+09:00,GGB222001318,GGB222000180,1077,일반차량
2026-09-09,0750,2026-09-09T07:50:02.724715+09:00,GGB222001318,GGB222000199,318,일반차량
2026-09-09,0750,2026-09-09T07:50:02.724715+09:00,GGB222001318,GGB222000199,664,일반차량
2026-09-09,0750,2026-09-09T07:50:02.724715+09:00,GGB222001318,GGB234000003,5348,저상버스
2026-09-09,0750,2026-09-09T07:50:02.724715+09:00,GGB222001318,GGB234000003,2413,저상버스
2026-09-09,0750,2026-09-09T07:50:02.724715+09:00,GGB222001318,GGB234000028,1906,일반차량
2026-09-09,0750,2026-09-09T07:50:02.724715+09:00,GGB222001318,GGB234000028,754,저상버스
2026-09-09,0755,2026-09-09T07:55:03.912016+09:00,GGB222001318,GGB222000009,1556,일반차량
2026-09-09,0755,2026-09-09T07:55:03.912016+09:00,GGB222001318,GGB222000009,317,저상버스
2026-09-09,0755,2026-09-09T07:55:03.912016+09:00,GGB222001318,GGB222000013,863,저상버스
2026-09-09,0755,2026-09-09T07:55:03.912016+09:00,GGB222001318,GGB222000013,1802,저상버스
2026-09-09,0755,2026-09-09T07:55:03.912016+09:00,GGB222001318,GGB222000027,2801,저상버스
2026-09-09,0755,2026-09-09T07:55:03.912016+09:00,GGB222001318,GGB222000027,5035,저상버스
2026-09-09,0755,2026-09-09T07:55:03.912016+09:00,GGB222001318,GGB222000028,725,일반차량
2026-09-09,0755,2026-09-09T07:55:03.912016+09:00,GGB222001318,GGB222000028,169,일반차량
2026-09-09,0755,2026-09-09T07:55:03.912016+09:00,GGB222001318,GGB222000031,1089,저상버스
2026-09-09,0755,2026-09-09T07:55:03.912016+09:00,GGB222001318,GGB222000031,2554,저상버스
2026-09-09,0755,2026-09-09T07:55:03.912016+09:00,GGB222001318,GGB222000032,4006,저상버스
2026-09-09,0755,2026-09-09T07:55:03.912016+09:00,GGB222001318,GGB222000032,2330,저상버스
2026-09-09,0755,2026-09-09T07:55:03.912016+09:00,GGB222001318,GGB222000048,478,저상버스
2026-09-09,0755,2026-09-09T07:55:03.912016+09:00,GGB222001318,GGB222000048,1691,일반차량
2026-09-09,0755,2026-09-09T07:55:03.912016+09:00,GGB222001318,GGB222000078,5622,일반차량
2026-09-09,0755,2026-09-09T07:55:03.912016+09:00,GGB222001318,GGB222000137,3954,일반차량
2026-09-09,0755,2026-09-09T07:55:03.912016+09:00,GGB222001318,GGB222000137,1364,일반차량
2026-09-09,0755,2026-09-09T07:55:03.912016+09:00,GGB222001318,GGB222000180,2453,일반차량
2026-09-09,0755,2026-09-09T07:55:03.912016+09:00,GGB222001318,GGB222000180,746,일반차량
2026-09-09,0755,2026-09-09T07:55:03.912016+09:00,GGB222001318,GGB222000199,1512,일반차량
2026-09-09,0755,2026-09-09T07:55:03.912016+09:00,GGB222001318,GGB222000199,387,일반차량
2026-09-09,0755,2026-09-09T07:55:03.912016+09:00,GGB222001318,GGB234000003,5176,저상버스
2026-09-09,0755,2026-09-09T07:55:03.912016+09:00,GGB222001318,GGB234000003,2189,저상버스
2026-09-09,0755,2026-09-09T07:55:03.912016+09:00,GGB222001318,GGB234000028,1662,일반차량
2026-09-09,0755,2026-09-09T07:55:03.912016+09:00,GGB222001318,GGB234000028,512,저상버스
2026-09-09,0800,2026-09-09T08:00:07.342616+09:00,GGB222001318,GGB222000009,2185,일반차량
2026-09-09,0800,2026-09-09T08:00:07.342616+09:00,GGB222001318,GGB222000009,1165,일반차량
2026-09-09,0800,2026-09-09T08:00:07.342616+09:00,GGB222001318,GGB222000013,526,저상버스
2026-09-09,0800,2026-09-09T08:00:07.342616+09:00,GGB222001318,GGB222000013,1704,저상버스
2026-09-09,0800,2026-09-09T08:00:07.342616+09:00,GGB222001318,GGB222000027,2374,저상버스
2026-09-09,0800,2026-09-09T08:00:07.342616+09:00,GGB222001318,GGB222000027,4830,저상버스
2026-09-09,0800,2026-09-09T08:00:07.342616+09:00,GGB222001318,GGB222000028,484,일반차량
2026-09-09,0800,2026-09-09T08:00:07.342616+09:00,GGB222001318,GGB222000028,1275,일반차량
2026-09-09,0800,2026-09-09T08:00:07.342616+09:00,GGB222001318,GGB222000031,843,저상버스
2026-09-09,0800,2026-09-09T08:00:07.342616+09:00,GGB222001318,GGB222000031,2329,저상버스
2026-09-09,0800,2026-09-09T08:00:07.342616+09:00,GGB222001318,GGB222000032,3688,저상버스
2026-09-09,0800,2026-09-09T08:00:07.342616+09:00,GGB222001318,GGB222000032,2019,저상버스
2026-09-09,0800,2026-09-09T08:00:07.342616+09:00,GGB222001318,GGB222000048,189,저상버스
2026-09-09,0800,2026-09-09T08:00:07.342616+09:00,GGB222001318,GGB222000048,1610,일반차량
2026-09-09,0800,2026-09-09T08:00:07.342616+09:00,GGB222001318,GGB222000078,5336,일반차량
2026-09-09,0800,2026-09-09T08:00:07.342616+09:00,GGB222001318,GGB222000078,2251,일반차량
2026-09-09,0800,2026-09-09T08:00:07.342616+09:00,GGB222001318,GGB222000137,3582,일반차량
2026-09-09,0800,2026-09-09T08:00:07.342616+09:00,GGB222001318,GGB222000137,1006,일반차량
2026-09-09,0800,2026-09-09T08:00:07.342616+09:00,GGB222001318,GGB222000180,2256,일반차량
2026-09-09,0800,2026-09-09T08:00:07.342616+09:00,GGB222001318,GGB222000180,454,일반차량
2026-09-09,0800,2026-09-09T08:00:07.342616+09:00,GGB222001318,GGB222000199,915,일반차량
2026-09-09,0800,2026-09-09T08:00:07.342616+09:00,GGB222001318,GGB222000199,144,일반차량
2026-09-09,0800,2026-09-09T08:00:07.342616+09:00,GGB222001318,GGB234000003,4872,저상버스
2026-09-09,0800,2026-09-09T08:00:07.342616+09:00,GGB222001318,GGB234000003,1947,저상버스
2026-09-09,0800,2026-09-09T08:00:07.342616+09:00,GGB222001318,GGB234000028,1355,일반차량
2026-09-09,0800,2026-09-09T08:00:07.342616+09:00,GGB222001318,GGB234000028,297,저상버스
2026-09-09,0805,2026-09-09T08:05:06.891366+09:00,GGB222001318,GGB222000009,1965,일반차량
2026-09-09,0805,2026-09-09T08:05:06.891366+09:00,GGB222001318,GGB222000009,1023,일반차량
2026-09-09,0805,2026-09-09T08:05:06.891366+09:00,GGB222001318,GGB222000013,433,저상버스
2026-09-09,0805,2026-09-09T08:05:06.891366+09:00,GGB222001318,GGB222000013,1684,저상버스
2026-09-09,0805,2026-09-09T08:05:06.891366+09:00,GGB222001318,GGB222000027,2334,저상버스
2026-09-09,0805,2026-09-09T08:05:06.891366+09:00,GGB222001318,GGB222000027,4830,저상버스
2026-09-09,0805,2026-09-09T08:05:06.891366+09:00,GGB222001318,GGB222000028,401,일반차량
2026-09-09,0805,2026-09-09T08:05:06.891366+09:00,GGB222001318,GGB222000028,1160,일반차량
2026-09-09,0805,2026-09-09T08:05:06.891366+09:00,GGB222001318,GGB222000031,726,저상버스
2026-09-09,0805,2026-09-09T08:05:06.891366+09:00,GGB222001318,GGB222000031,2237,저상버스
2026-09-09,0805,2026-09-09T08:05:06.891366+09:00,GGB222001318,GGB222000032,3577,저상버스
2026-09-09,0805,2026-09-09T08:05:06.891366+09:00,GGB222001318,GGB222000032,1823,저상버스
2026-09-09,0805,2026-09-09T08:05:06.891366+09:00,GGB222001318,GGB222000048,70,저상버스
2026-09-09,0805,2026-09-09T08:05:06.891366+09:00,GGB222001318,GGB222000048,1333,일반차량
2026-09-09,0805,2026-09-09T08:05:06.891366+09:00,GGB222001318,GGB222000078,5717,일반차량
2026-09-09,0805,2026-09-09T08:05:06.891366+09:00,GGB222001318,GGB222000078,2439,일반차량
2026-09-09,0805,2026-09-09T08:05:06.891366+09:00,GGB222001318,GGB222000137,3605,일반차량
2026-09-09,0805,2026-09-09T08:05:06.891366+09:00,GGB222001318,GGB222000137,787,일반차량
2026-09-09,0805,2026-09-09T08:05:06.891366+09:00,GGB222001318,GGB222000180,2215,일반차량
2026-09-09,0805,2026-09-09T08:05:06.891366+09:00,GGB222001318,GGB222000180,400,일반차량
2026-09-09,0805,2026-09-09T08:05:06.891366+09:00,GGB222001318,GGB222000199,744,일반차량
2026-09-09,0805,2026-09-09T08:05:06.891366+09:00,GGB222001318,GGB222000199,1306,일반차량
2026-09-09,0805,2026-09-09T08:05:06.891366+09:00,GGB222001318,GGB234000003,4763,저상버스
2026-09-09,0805,2026-09-09T08:05:06.891366+09:00,GGB222001318,GGB234000003,1720,저상버스
2026-09-09,0805,2026-09-09T08:05:06.891366+09:00,GGB222001318,GGB234000028,1163,일반차량
2026-09-09,0805,2026-09-09T08:05:06.891366+09:00,GGB222001318,GGB234000028,175,저상버스
2026-09-09,0810,2026-09-09T08:10:05.950844+09:00,GGB222001318,GGB222000009,1701,일반차량
2026-09-09,0810,2026-09-09T08:10:05.950844+09:00,GGB222001318,GGB222000009,657,일반차량
2026-09-09,0810,2026-09-09T08:10:05.950844+09:00,GGB222001318,GGB222000013,239,저상버스
2026-09-09,0810,2026-09-09T08:10:05.950844+09:00,GGB222001318,GGB222000013,1462,저상버스
2026-09-09,0810,2026-09-09T08:10:05.950844+09:00,GGB222001318,GGB222000027,2345,저상버스
2026-09-09,0810,2026-09-09T08:10:05.950844+09:00,GGB222001318,GGB222000027,4188,저상버스
2026-09-09,0810,2026-09-09T08:10:05.950844+09:00,GGB222001318,GGB222000028,178,일반차량
2026-09-09,0810,2026-09-09T08:10:05.950844+09:00,GGB222001318,GGB222000028,805,일반차량
2026-09-09,0810,2026-09-09T08:10:05.950844+09:00,GGB222001318,GGB222000031,482,저상버스
2026-09-09,0810,2026-09-09T08:10:05.950844+09:00,GGB222001318,GGB222000031,2029,저상버스
2026-09-09,0810,2026-09-09T08:10:05.950844+09:00,GGB222001318,GGB222000032,3372,저상버스
2026-09-09,0810,2026-09-09T08:10:05.950844+09:00,GGB222001318,GGB222000032,1408,저상버스
2026-09-09,0810,2026-09-09T08:10:05.950844+09:00,GGB222001318,GGB222000048,2450,일반차량
2026-09-09,0810,2026-09-09T08:10:05.950844+09:00,GGB222001318,GGB222000048,1155,일반차량
2026-09-09,0810,2026-09-09T08:10:05.950844+09:00,GGB222001318,GGB222000078,5069,일반차량
2026-09-09,0810,2026-09-09T08:10:05.950844+09:00,GGB222001318,GGB222000078,1637,일반차량
2026-09-09,0810,2026-09-09T08:10:05.950844+09:00,GGB222001318,GGB222000137,3085,일반차량
2026-09-09,0810,2026-09-09T08:10:05.950844+09:00,GGB222001318,GGB222000137,252,일반차량
2026-09-09,0810,2026-09-09T08:10:05.950844+09:00,GGB222001318,GGB222000180,3918,일반차량
2026-09-09,0810,2026-09-09T08:10:05.950844+09:00,GGB222001318,GGB222000180,1969,일반차량
2026-09-09,0810,2026-09-09T08:10:05.950844+09:00,GGB222001318,GGB222000199,420,일반차량
2026-09-09,0810,2026-09-09T08:10:05.950844+09:00,GGB222001318,GGB222000199,1092,일반차량
2026-09-09,0810,2026-09-09T08:10:05.950844+09:00,GGB222001318,GGB234000003,4294,저상버스
2026-09-09,0810,2026-09-09T08:10:05.950844+09:00,GGB222001318,GGB234000003,1504,저상버스
2026-09-09,0810,2026-09-09T08:10:05.950844+09:00,GGB222001318,GGB234000028,927,일반차량
2026-09-09,0810,2026-09-09T08:10:05.950844+09:00,GGB222001318,GGB234000028,2705,저상버스
2026-09-09,0815,2026-09-09T08:15:03.234275+09:00,GGB222001318,GGB222000009,1552,일반차량
2026-09-09,0815,2026-09-09T08:15:03.234275+09:00,GGB222001318,GGB222000009,533,일반차량
2026-09-09,0815,2026-09-09T08:15:03.234275+09:00,GGB222001318,GGB222000013,2478,저상버스
2026-09-09,0815,2026-09-09T08:15:03.234275+09:00,GGB222001318,GGB222000013,1241,저상버스
2026-09-09,0815,2026-09-09T08:15:03.234275+09:00,GGB222001318,GGB222000027,2158,저상버스
2026-09-09,0815,2026-09-09T08:15:03.234275+09:00,GGB222001318,GGB222000027,4312,저상버스
2026-09-09,0815,2026-09-09T08:15:03.234275+09:00,GGB222001318,GGB222000028,1341,일반차량
2026-09-09,0815,2026-09-09T08:15:03.234275+09:00,GGB222001318,GGB222000028,575,일반차량
2026-09-09,0815,2026-09-09T08:15:03.234275+09:00,GGB222001318,GGB222000031,97,저상버스
2026-09-09,0815,2026-09-09T08:15:03.234275+09:00,GGB222001318,GGB222000031,1741,저상버스
2026-09-09,0815,2026-09-09T08:15:03.234275+09:00,GGB222001318,GGB222000032,3086,저상버스
2026-09-09,0815,2026-09-09T08:15:03.234275+09:00,GGB222001318,GGB222000032,1110,저상버스
2026-09-09,0815,2026-09-09T08:15:03.234275+09:00,GGB222001318,GGB222000048,2132,일반차량
2026-09-09,0815,2026-09-09T08:15:03.234275+09:00,GGB222001318,GGB222000048,838,일반차량
2026-09-09,0815,2026-09-09T08:15:03.234275+09:00,GGB222001318,GGB222000078,4887,일반차량
2026-09-09,0815,2026-09-09T08:15:03.234275+09:00,GGB222001318,GGB222000078,1348,일반차량
2026-09-09,0815,2026-09-09T08:15:03.234275+09:00,GGB222001318,GGB222000137,2839,일반차량
2026-09-09,0815,2026-09-09T08:15:03.234275+09:00,GGB222001318,GGB222000180,3926,일반차량
2026-09-09,0815,2026-09-09T08:15:03.234275+09:00,GGB222001318,GGB222000180,1943,일반차량
2026-09-09,0815,2026-09-09T08:15:03.234275+09:00,GGB222001318,GGB222000199,421,일반차량
2026-09-09,0815,2026-09-09T08:15:03.234275+09:00,GGB222001318,GGB222000199,952,일반차량
2026-09-09,0815,2026-09-09T08:15:03.234275+09:00,GGB222001318,GGB234000003,4116,저상버스
2026-09-09,0815,2026-09-09T08:15:03.234275+09:00,GGB222001318,GGB234000003,1231,저상버스
2026-09-09,0815,2026-09-09T08:15:03.234275+09:00,GGB222001318,GGB234000028,831,일반차량
2026-09-09,0815,2026-09-09T08:15:03.234275+09:00,GGB222001318,GGB234000028,2527,저상버스
2026-09-09,0820,2026-09-09T08:20:03.352878+09:00,GGB222001318,GGB222000009,1264,일반차량
2026-09-09,0820,2026-09-09T08:20:03.352878+09:00,GGB222001318,GGB222000009,209,일반차량
2026-09-09,0820,2026-09-09T08:20:03.352878+09:00,GGB222001318,GGB222000013,2084,저상버스
2026-09-09,0820,2026-09-09T08:20:03.352878+09:00,GGB222001318,GGB222000013,783,저상버스
2026-09-09,0820,2026-09-09T08:20:03.352878+09:00,GGB222001318,GGB222000027,1716,저상버스
2026-09-09,0820,2026-09-09T08:20:03.352878+09:00,GGB222001318,GGB222000027,3833,저상버스
2026-09-09,0820,2026-09-09T08:20:03.352878+09:00,GGB222001318,GGB222000028,961,일반차량
2026-09-09,0820,2026-09-09T08:20:03.352878+09:00,GGB222001318,GGB222000028,319,일반차량
2026-09-09,0820,2026-09-09T08:20:03.352878+09:00,GGB222001318,GGB222000031,1333,저상버스
2026-09-09,0820,2026-09-09T08:20:03.352878+09:00,GGB222001318,GGB222000031,2133,저상버스
2026-09-09,0820,2026-09-09T08:20:03.352878+09:00,GGB222001318,GGB222000032,2835,저상버스
2026-09-09,0820,2026-09-09T08:20:03.352878+09:00,GGB222001318,GGB222000032,644,저상버스
2026-09-09,0820,2026-09-09T08:20:03.352878+09:00,GGB222001318,GGB222000048,1849,일반차량
2026-09-09,0820,2026-09-09T08:20:03.352878+09:00,GGB222001318,GGB222000048,659,일반차량
2026-09-09,0820,2026-09-09T08:20:03.352878+09:00,GGB222001318,GGB222000078,4449,일반차량
2026-09-09,0820,2026-09-09T08:20:03.352878+09:00,GGB222001318,GGB222000078,5898,일반차량
2026-09-09,0820,2026-09-09T08:20:03.352878+09:00,GGB222001318,GGB222000137,2629,일반차량
2026-09-09,0820,2026-09-09T08:20:03.352878+09:00,GGB222001318,GGB222000180,3990,일반차량
2026-09-09,0820,2026-09-09T08:20:03.352878+09:00,GGB222001318,GGB222000180,1572,일반차량
2026-09-09,0820,2026-09-09T08:20:03.352878+09:00,GGB222001318,GGB222000199,112,일반차량
2026-09-09,0820,2026-09-09T08:20:03.352878+09:00,GGB222001318,GGB222000199,629,일반차량
2026-09-09,0820,2026-09-09T08:20:03.352878+09:00,GGB222001318,GGB234000003,3736,저상버스
2026-09-09,0820,2026-09-09T08:20:03.352878+09:00,GGB222001318,GGB234000003,1003,저상버스
2026-09-09,0820,2026-09-09T08:20:03.352878+09:00,GGB222001318,GGB234000028,673,일반차량
2026-09-09,0820,2026-09-09T08:20:03.352878+09:00,GGB222001318,GGB234000028,2289,저상버스
2026-09-09,0825,2026-09-09T08:25:02.785059+09:00,GGB222001318,GGB222000009,1116,일반차량
2026-09-09,0825,2026-09-09T08:25:02.785059+09:00,GGB222001318,GGB222000009,137,일반차량
2026-09-09,0825,2026-09-09T08:25:02.785059+09:00,GGB222001318,GGB222000013,1908,저상버스
2026-09-09,0825,2026-09-09T08:25:02.785059+09:00,GGB222001318,GGB222000013,633,저상버스
2026-09-09,0825,2026-09-09T08:25:02.785059+09:00,GGB222001318,GGB222000027,1596,저상버스
2026-09-09,0825,2026-09-09T08:25:02.785059+09:00,GGB222001318,GGB222000027,5371,저상버스
2026-09-09,0825,2026-09-09T08:25:02.785059+09:00,GGB222001318,GGB222000028,936,일반차량
2026-09-09,0825,2026-09-09T08:25:02.785059+09:00,GGB222001318,GGB222000028,234,일반차량
2026-09-09,0825,2026-09-09T08:25:02.785059+09:00,GGB222001318,GGB222000031,1158,저상버스
2026-09-09,0825,2026-09-09T08:25:02.785059+09:00,GGB222001318,GGB222000031,1976,저상버스
2026-09-09,0825,2026-09-09T08:25:02.785059+09:00,GGB222001318,GGB222000032,2591,저상버스
2026-09-09,0825,2026-09-09T08:25:02.785059+09:00,GGB222001318,GGB222000032,455,저상버스
2026-09-09,0825,2026-09-09T08:25:02.785059+09:00,GGB222001318,GGB222000048,1708,일반차량
2026-09-09,0825,2026-09-09T08:25:02.785059+09:00,GGB222001318,GGB222000048,480,일반차량
2026-09-09,0825,2026-09-09T08:25:02.785059+09:00,GGB222001318,GGB222000078,4352,일반차량
2026-09-09,0825,2026-09-09T08:25:02.785059+09:00,GGB222001318,GGB222000078,884,일반차량
2026-09-09,0825,2026-09-09T08:25:02.785059+09:00,GGB222001318,GGB222000137,2641,일반차량
2026-09-09,0825,2026-09-09T08:25:02.785059+09:00,GGB222001318,GGB222000180,3822,일반차량
2026-09-09,0825,2026-09-09T08:25:02.785059+09:00,GGB222001318,GGB222000180,1401,일반차량
2026-09-09,0825,2026-09-09T08:25:02.785059+09:00,GGB222001318,GGB222000199,515,일반차량
2026-09-09,0825,2026-09-09T08:25:02.785059+09:00,GGB222001318,GGB222000199,1342,일반차량
2026-09-09,0825,2026-09-09T08:25:02.785059+09:00,GGB222001318,GGB234000003,3608,저상버스
2026-09-09,0825,2026-09-09T08:25:02.785059+09:00,GGB222001318,GGB234000003,762,저상버스
2026-09-09,0825,2026-09-09T08:25:02.785059+09:00,GGB222001318,GGB234000028,643,일반차량
2026-09-09,0825,2026-09-09T08:25:02.785059+09:00,GGB222001318,GGB234000028,2207,저상버스
2026-09-09,0830,2026-09-09T08:30:08.134326+09:00,GGB222001318,GGB222000009,792,일반차량
2026-09-09,0830,2026-09-09T08:30:08.134326+09:00,GGB222001318,GGB222000009,984,저상버스
2026-09-09,0830,2026-09-09T08:30:08.134326+09:00,GGB222001318,GGB222000013,1526,저상버스
2026-09-09,0830,2026-09-09T08:30:08.134326+09:00,GGB222001318,GGB222000013,216,저상버스
2026-09-09,0830,2026-09-09T08:30:08.134326+09:00,GGB222001318,GGB222000027,1120,저상버스
2026-09-09,0830,2026-09-09T08:30:08.134326+09:00,GGB222001318,GGB222000027,2998,저상버스
2026-09-09,0830,2026-09-09T08:30:08.134326+09:00,GGB222001318,GGB222000028,1324,일반차량
2026-09-09,0830,2026-09-09T08:30:08.134326+09:00,GGB222001318,GGB222000028,636,일반차량
2026-09-09,0830,2026-09-09T08:30:08.134326+09:00,GGB222001318,GGB222000031,963,저상버스
2026-09-09,0830,2026-09-09T08:30:08.134326+09:00,GGB222001318,GGB222000031,1761,저상버스
2026-09-09,0830,2026-09-09T08:30:08.134326+09:00,GGB222001318,GGB222000032,1968,저상버스
2026-09-09,0830,2026-09-09T08:30:08.134326+09:00,GGB222001318,GGB222000032,3541,저상버스
2026-09-09,0830,2026-09-09T08:30:08.134326+09:00,GGB222001318,GGB222000048,1244,일반차량
2026-09-09,0830,2026-09-09T08:30:08.134326+09:00,GGB222001318,GGB222000048,182,일반차량
2026-09-09,0830,2026-09-09T08:30:08.134326+09:00,GGB222001318,GGB222000078,3970,일반차량
2026-09-09,0830,2026-09-09T08:30:08.134326+09:00,GGB222001318,GGB222000078,467,일반차량
2026-09-09,0830,2026-09-09T08:30:08.134326+09:00,GGB222001318,GGB222000137,2120,일반차량
2026-09-09,0830,2026-09-09T08:30:08.134326+09:00,GGB222001318,GGB222000180,3311,일반차량
2026-09-09,0830,2026-09-09T08:30:08.134326+09:00,GGB222001318,GGB222000180,883,일반차량
2026-09-09,0830,2026-09-09T08:30:08.134326+09:00,GGB222001318,GGB222000199,98,일반차량
2026-09-09,0830,2026-09-09T08:30:08.134326+09:00,GGB222001318,GGB222000199,945,일반차량
2026-09-09,0830,2026-09-09T08:30:08.134326+09:00,GGB222001318,GGB234000003,3286,저상버스
2026-09-09,0830,2026-09-09T08:30:08.134326+09:00,GGB222001318,GGB234000003,431,저상버스
2026-09-09,0830,2026-09-09T08:30:08.134326+09:00,GGB222001318,GGB234000028,180,일반차량
2026-09-09,0830,2026-09-09T08:30:08.134326+09:00,GGB222001318,GGB234000028,1853,저상버스
2026-09-09,0835,2026-09-09T08:35:04.185567+09:00,GGB222001318,GGB222000009,405,일반차량
2026-09-09,0835,2026-09-09T08:35:04.185567+09:00,GGB222001318,GGB222000009,657,저상버스
2026-09-09,0835,2026-09-09T08:35:04.185567+09:00,GGB222001318,GGB222000013,1222,저상버스
2026-09-09,0835,2026-09-09T08:35:04.185567+09:00,GGB222001318,GGB222000013,1929,저상버스
2026-09-09,0835,2026-09-09T08:35:04.185567+09:00,GGB222001318,GGB222000027,864,저상버스
2026-09-09,0835,2026-09-09T08:35:04.185567+09:00,GGB222001318,GGB222000027,3064,저상버스
2026-09-09,0835,2026-09-09T08:35:04.185567+09:00,GGB222001318,GGB222000028,1146,일반차량
2026-09-09,0835,2026-09-09T08:35:04.185567+09:00,GGB222001318,GGB222000028,374,일반차량
2026-09-09,0835,2026-09-09T08:35:04.185567+09:00,GGB222001318,GGB222000031,737,저상버스
2026-09-09,0835,2026-09-09T08:35:04.185567+09:00,GGB222001318,GGB222000031,1671,저상버스
2026-09-09,0835,2026-09-09T08:35:04.185567+09:00,GGB222001318,GGB222000032,1902,저상버스
2026-09-09,0835,2026-09-09T08:35:04.185567+09:00,GGB222001318,GGB222000032,3389,저상버스
2026-09-09,0835,2026-09-09T08:35:04.185567+09:00,GGB222001318,GGB222000048,2562,일반차량
2026-09-09,0835,2026-09-09T08:35:04.185567+09:00,GGB222001318,GGB222000048,1099,일반차량
2026-09-09,0835,2026-09-09T08:35:04.185567+09:00,GGB222001318,GGB222000078,3876,일반차량
2026-09-09,0835,2026-09-09T08:35:04.185567+09:00,GGB222001318,GGB222000078,288,일반차량
2026-09-09,0835,2026-09-09T08:35:04.185567+09:00,GGB222001318,GGB222000137,2249,일반차량
2026-09-09,0835,2026-09-09T08:35:04.185567+09:00,GGB222001318,GGB222000180,3116,일반차량
2026-09-09,0835,2026-09-09T08:35:04.185567+09:00,GGB222001318,GGB222000180,669,일반차량
2026-09-09,0835,2026-09-09T08:35:04.185567+09:00,GGB222001318,GGB222000199,1924,일반차량
2026-09-09,0835,2026-09-09T08:35:04.185567+09:00,GGB222001318,GGB222000199,765,일반차량
2026-09-09,0835,2026-09-09T08:35:04.185567+09:00,GGB222001318,GGB234000003,2938,저상버스
2026-09-09,0835,2026-09-09T08:35:04.185567+09:00,GGB222001318,GGB234000003,230,저상버스
2026-09-09,0835,2026-09-09T08:35:04.185567+09:00,GGB222001318,GGB234000028,3600,일반차량
2026-09-09,0835,2026-09-09T08:35:04.185567+09:00,GGB222001318,GGB234000028,1674,저상버스
2026-09-09,0840,2026-09-09T08:40:04.612831+09:00,GGB222001318,GGB222000009,176,일반차량
2026-09-09,0840,2026-09-09T08:40:04.612831+09:00,GGB222001318,GGB222000009,472,저상버스
2026-09-09,0840,2026-09-09T08:40:04.612831+09:00,GGB222001318,GGB222000013,1027,저상버스
2026-09-09,0840,2026-09-09T08:40:04.612831+09:00,GGB222001318,GGB222000013,1814,저상버스
2026-09-09,0840,2026-09-09T08:40:04.612831+09:00,GGB222001318,GGB222000027,628,저상버스
2026-09-09,0840,2026-09-09T08:40:04.612831+09:00,GGB222001318,GGB222000027,2300,저상버스
2026-09-09,0840,2026-09-09T08:40:04.612831+09:00,GGB222001318,GGB222000028,802,일반차량
2026-09-09,0840,2026-09-09T08:40:04.612831+09:00,GGB222001318,GGB222000028,315,일반차량
2026-09-09,0840,2026-09-09T08:40:04.612831+09:00,GGB222001318,GGB222000031,468,저상버스
2026-09-09,0840,2026-09-09T08:40:04.612831+09:00,GGB222001318,GGB222000031,1339,저상버스
2026-09-09,0840,2026-09-09T08:40:04.612831+09:00,GGB222001318,GGB222000032,1664,저상버스
2026-09-09,0840,2026-09-09T08:40:04.612831+09:00,GGB222001318,GGB222000032,3228,저상버스
2026-09-09,0840,2026-09-09T08:40:04.612831+09:00,GGB222001318,GGB222000048,2041,일반차량
2026-09-09,0840,2026-09-09T08:40:04.612831+09:00,GGB222001318,GGB222000048,763,일반차량
2026-09-09,0840,2026-09-09T08:40:04.612831+09:00,GGB222001318,GGB222000078,3453,일반차량
2026-09-09,0840,2026-09-09T08:40:04.612831+09:00,GGB222001318,GGB222000078,5274,일반차량
2026-09-09,0840,2026-09-09T08:40:04.612831+09:00,GGB222001318,GGB222000137,1938,일반차량
2026-09-09,0840,2026-09-09T08:40:04.612831+09:00,GGB222001318,GGB222000180,2921,일반차량
2026-09-09,0840,2026-09-09T08:40:04.612831+09:00,GGB222001318,GGB222000180,480,일반차량
2026-09-09,0840,2026-09-09T08:40:04.612831+09:00,GGB222001318,GGB222000199,1743,일반차량
2026-09-09,0840,2026-09-09T08:40:04.612831+09:00,GGB222001318,GGB222000199,610,일반차량
2026-09-09,0840,2026-09-09T08:40:04.612831+09:00,GGB222001318,GGB234000003,2706,저상버스
2026-09-09,0840,2026-09-09T08:40:04.612831+09:00,GGB222001318,GGB234000003,116,저상버스
2026-09-09,0840,2026-09-09T08:40:04.612831+09:00,GGB222001318,GGB234000028,3131,일반차량
2026-09-09,0840,2026-09-09T08:40:04.612831+09:00,GGB222001318,GGB234000028,1389,저상버스
2026-09-09,0845,2026-09-09T08:45:03.758748+09:00,GGB222001318,GGB222000009,156,저상버스
2026-09-09,0845,2026-09-09T08:45:03.758748+09:00,GGB222001318,GGB222000009,1527,저상버스
2026-09-09,0845,2026-09-09T08:45:03.758748+09:00,GGB222001318,GGB222000013,734,저상버스
2026-09-09,0845,2026-09-09T08:45:03.758748+09:00,GGB222001318,GGB222000013,1451,저상버스
2026-09-09,0845,2026-09-09T08:45:03.758748+09:00,GGB222001318,GGB222000027,214,저상버스
2026-09-09,0845,2026-09-09T08:45:03.758748+09:00,GGB222001318,GGB222000027,2062,저상버스
2026-09-09,0845,2026-09-09T08:45:03.758748+09:00,GGB222001318,GGB222000028,570,일반차량
2026-09-09,0845,2026-09-09T08:45:03.758748+09:00,GGB222001318,GGB222000028,937,일반차량
2026-09-09,0845,2026-09-09T08:45:03.758748+09:00,GGB222001318,GGB222000031,213,저상버스
2026-09-09,0845,2026-09-09T08:45:03.758748+09:00,GGB222001318,GGB222000031,1124,저상버스
2026-09-09,0845,2026-09-09T08:45:03.758748+09:00,GGB222001318,GGB222000032,1332,저상버스
2026-09-09,0845,2026-09-09T08:45:03.758748+09:00,GGB222001318,GGB222000032,2891,저상버스
2026-09-09,0845,2026-09-09T08:45:03.758748+09:00,GGB222001318,GGB222000048,1837,일반차량
2026-09-09,0845,2026-09-09T08:45:03.758748+09:00,GGB222001318,GGB222000048,537,일반차량
2026-09-09,0845,2026-09-09T08:45:03.758748+09:00,GGB222001318,GGB222000078,3065,일반차량
2026-09-09,0845,2026-09-09T08:45:03.758748+09:00,GGB222001318,GGB222000078,5008,일반차량
2026-09-09,0845,2026-09-09T08:45:03.758748+09:00,GGB222001318,GGB222000137,1341,일반차량
2026-09-09,0845,2026-09-09T08:45:03.758748+09:00,GGB222001318,GGB222000180,2440,일반차량
2026-09-09,0845,2026-09-09T08:45:03.758748+09:00,GGB222001318,GGB222000180,259,일반차량
2026-09-09,0845,2026-09-09T08:45:03.758748+09:00,GGB222001318,GGB222000199,1472,일반차량
2026-09-09,0845,2026-09-09T08:45:03.758748+09:00,GGB222001318,GGB222000199,400,일반차량
2026-09-09,0845,2026-09-09T08:45:03.758748+09:00,GGB222001318,GGB234000003,6005,일반차량
2026-09-09,0845,2026-09-09T08:45:03.758748+09:00,GGB222001318,GGB234000003,2390,저상버스
2026-09-09,0845,2026-09-09T08:45:03.758748+09:00,GGB222001318,GGB234000028,2782,일반차량
2026-09-09,0845,2026-09-09T08:45:03.758748+09:00,GGB222001318,GGB234000028,944,저상버스
2026-09-09,0850,2026-09-09T08:50:03.328433+09:00,GGB222001318,GGB222000009,1109,저상버스
2026-09-09,0850,2026-09-09T08:50:03.328433+09:00,GGB222001318,GGB222000009,1703,저상버스
2026-09-09,0850,2026-09-09T08:50:03.328433+09:00,GGB222001318,GGB222000013,492,저상버스
2026-09-09,0850,2026-09-09T08:50:03.328433+09:00,GGB222001318,GGB222000013,1310,저상버스
2026-09-09,0850,2026-09-09T08:50:03.328433+09:00,GGB222001318,GGB222000027,1769,저상버스
2026-09-09,0850,2026-09-09T08:50:03.328433+09:00,GGB222001318,GGB222000027,3563,저상버스
2026-09-09,0850,2026-09-09T08:50:03.328433+09:00,GGB222001318,GGB222000028,299,일반차량
2026-09-09,0850,2026-09-09T08:50:03.328433+09:00,GGB222001318,GGB222000028,742,일반차량
2026-09-09,0850,2026-09-09T08:50:03.328433+09:00,GGB222001318,GGB222000031,695,저상버스
2026-09-09,0850,2026-09-09T08:50:03.328433+09:00,GGB222001318,GGB222000031,1521,저상버스
2026-09-09,0850,2026-09-09T08:50:03.328433+09:00,GGB222001318,GGB222000032,1015,저상버스
2026-09-09,0850,2026-09-09T08:50:03.328433+09:00,GGB222001318,GGB222000032,2414,저상버스
2026-09-09,0850,2026-09-09T08:50:03.328433+09:00,GGB222001318,GGB222000048,1597,일반차량
2026-09-09,0850,2026-09-09T08:50:03.328433+09:00,GGB222001318,GGB222000048,354,일반차량
2026-09-09,0850,2026-09-09T08:50:03.328433+09:00,GGB222001318,GGB222000078,2861,일반차량
2026-09-09,0850,2026-09-09T08:50:03.328433+09:00,GGB222001318,GGB222000078,4543,일반차량
2026-09-09,0850,2026-09-09T08:50:03.328433+09:00,GGB222001318,GGB222000180,4382,일반차량
2026-09-09,0850,2026-09-09T08:50:03.328433+09:00,GGB222001318,GGB222000180,2020,일반차량
2026-09-09,0850,2026-09-09T08:50:03.328433+09:00,GGB222001318,GGB222000199,1164,일반차량
2026-09-09,0850,2026-09-09T08:50:03.328433+09:00,GGB222001318,GGB222000199,208,일반차량
2026-09-09,0850,2026-09-09T08:50:03.328433+09:00,GGB222001318,GGB234000003,5825,일반차량
2026-09-09,0850,2026-09-09T08:50:03.328433+09:00,GGB222001318,GGB234000003,2121,저상버스
2026-09-09,0850,2026-09-09T08:50:03.328433+09:00,GGB222001318,GGB234000028,2658,일반차량
2026-09-09,0850,2026-09-09T08:50:03.328433+09:00,GGB222001318,GGB234000028,840,저상버스
2026-09-09,0855,2026-09-09T08:55:10.732522+09:00,GGB222001318,GGB222000009,866,저상버스
2026-09-09,0855,2026-09-09T08:55:10.732522+09:00,GGB222001318,GGB222000009,1404,저상버스
2026-09-09,0855,2026-09-09T08:55:10.732522+09:00,GGB222001318,GGB222000013,213,저상버스
2026-09-09,0855,2026-09-09T08:55:10.732522+09:00,GGB222001318,GGB222000013,999,저상버스
2026-09-09,0855,2026-09-09T08:55:10.732522+09:00,GGB222001318,GGB222000027,1508,저상버스
2026-09-09,0855,2026-09-09T08:55:10.732522+09:00,GGB222001318,GGB222000027,3335,저상버스
2026-09-09,0855,2026-09-09T08:55:10.732522+09:00,GGB222001318,GGB222000028,102,일반차량
2026-09-09,0855,2026-09-09T08:55:10.732522+09:00,GGB222001318,GGB222000028,453,일반차량
2026-09-09,0855,2026-09-09T08:55:10.732522+09:00,GGB222001318,GGB222000031,408,저상버스
2026-09-09,0855,2026-09-09T08:55:10.732522+09:00,GGB222001318,GGB222000031,1359,저상버스
2026-09-09,0855,2026-09-09T08:55:10.732522+09:00,GGB222001318,GGB222000032,580,저상버스
2026-09-09,0855,2026-09-09T08:55:10.732522+09:00,GGB222001318,GGB222000032,2035,저상버스
2026-09-09,0855,2026-09-09T08:55:10.732522+09:00,GGB222001318,GGB222000048,1281,일반차량
2026-09-09,0855,2026-09-09T08:55:10.732522+09:00,GGB222001318,GGB222000048,113,일반차량
2026-09-09,0855,2026-09-09T08:55:10.732522+09:00,GGB222001318,GGB222000078,2596,일반차량
2026-09-09,0855,2026-09-09T08:55:10.732522+09:00,GGB222001318,GGB222000078,4272,일반차량
2026-09-09,0855,2026-09-09T08:55:10.732522+09:00,GGB222001318,GGB222000137,676,일반차량
2026-09-09,0855,2026-09-09T08:55:10.732522+09:00,GGB222001318,GGB222000180,4247,일반차량
2026-09-09,0855,2026-09-09T08:55:10.732522+09:00,GGB222001318,GGB222000180,1841,일반차량
2026-09-09,0855,2026-09-09T08:55:10.732522+09:00,GGB222001318,GGB222000199,604,일반차량
2026-09-09,0855,2026-09-09T08:55:10.732522+09:00,GGB222001318,GGB222000199,1552,일반차량
2026-09-09,0855,2026-09-09T08:55:10.732522+09:00,GGB222001318,GGB234000003,5494,일반차량
2026-09-09,0855,2026-09-09T08:55:10.732522+09:00,GGB222001318,GGB234000028,2297,일반차량
2026-09-09,0855,2026-09-09T08:55:10.732522+09:00,GGB222001318,GGB234000028,685,저상버스
2026-09-09,1700,2026-09-09T17:00:04.860512+09:00,GGB222001318,GGB222000009,1577,저상버스
2026-09-09,1700,2026-09-09T17:00:04.860512+09:00,GGB222001318,GGB222000009,550,저상버스
2026-09-09,1700,2026-09-09T17:00:04.860512+09:00,GGB222001318,GGB222000013,1692,저상버스
2026-09-09,1700,2026-09-09T17:00:04.860512+09:00,GGB222001318,GGB222000013,929,저상버스
2026-09-09,1700,2026-09-09T17:00:04.860512+09:00,GGB222001318,GGB222000027,2102,저상버스
2026-09-09,1700,2026-09-09T17:00:04.860512+09:00,GGB222001318,GGB222000027,4424,저상버스
2026-09-09,1700,2026-09-09T17:00:04.860512+09:00,GGB222001318,GGB222000028,1077,일반차량
2026-09-09,1700,2026-09-09T17:00:04.860512+09:00,GGB222001318,GGB222000028,201,일반차량
2026-09-09,1700,2026-09-09T17:00:04.860512+09:00,GGB222001318,GGB222000031,2045,저상버스
2026-09-09,1700,2026-09-09T17:00:04.860512+09:00,GGB222001318,GGB222000031,182,저상버스
2026-09-09,1700,2026-09-09T17:00:04.860512+09:00,GGB222001318,GGB222000032,323,저상버스
2026-09-09,1700,2026-09-09T17:00:04.860512+09:00,GGB222001318,GGB222000032,1194,저상버스
2026-09-09,1700,2026-09-09T17:00:04.860512+09:00,GGB222001318,GGB222000048,479,일반차량
2026-09-09,1700,2026-09-09T17:00:04.860512+09:00,GGB222001318,GGB222000048,1382,일반차량
2026-09-09,1700,2026-09-09T17:00:04.860512+09:00,GGB222001318,GGB222000078,1112,일반차량
2026-09-09,1700,2026-09-09T17:00:04.860512+09:00,GGB222001318,GGB222000078,2877,일반차량
2026-09-09,1700,2026-09-09T17:00:04.860512+09:00,GGB222001318,GGB222000180,2291,일반차량
2026-09-09,1700,2026-09-09T17:00:04.860512+09:00,GGB222001318,GGB222000180,524,일반차량
2026-09-09,1700,2026-09-09T17:00:04.860512+09:00,GGB222001318,GGB222000199,58,일반차량
2026-09-09,1700,2026-09-09T17:00:04.860512+09:00,GGB222001318,GGB222000199,2258,일반차량
2026-09-09,1700,2026-09-09T17:00:04.860512+09:00,GGB222001318,GGB222000239,1087,일반차량
2026-09-09,1700,2026-09-09T17:00:04.860512+09:00,GGB222001318,GGB234000003,2826,저상버스
2026-09-09,1700,2026-09-09T17:00:04.860512+09:00,GGB222001318,GGB234000003,75,저상버스
2026-09-09,1700,2026-09-09T17:00:04.860512+09:00,GGB222001318,GGB234000028,1308,일반차량
2026-09-09,1700,2026-09-09T17:00:04.860512+09:00,GGB222001318,GGB234000028,2621,저상버스
2026-09-09,1705,2026-09-09T17:05:02.805411+09:00,GGB222001318,GGB222000009,1374,저상버스
2026-09-09,1705,2026-09-09T17:05:02.805411+09:00,GGB222001318,GGB222000009,417,저상버스
2026-09-09,1705,2026-09-09T17:05:02.805411+09:00,GGB222001318,GGB222000013,1520,저상버스
2026-09-09,1705,2026-09-09T17:05:02.805411+09:00,GGB222001318,GGB222000013,618,저상버스
2026-09-09,1705,2026-09-09T17:05:02.805411+09:00,GGB222001318,GGB222000027,2025,저상버스
2026-09-09,1705,2026-09-09T17:05:02.805411+09:00,GGB222001318,GGB222000027,4161,저상버스
2026-09-09,1705,2026-09-09T17:05:02.805411+09:00,GGB222001318,GGB222000028,837,일반차량
2026-09-09,1705,2026-09-09T17:05:02.805411+09:00,GGB222001318,GGB222000028,71,일반차량
2026-09-09,1705,2026-09-09T17:05:02.805411+09:00,GGB222001318,GGB222000031,1745,저상버스
2026-09-09,1705,2026-09-09T17:05:02.805411+09:00,GGB222001318,GGB222000031,80,저상버스
2026-09-09,1705,2026-09-09T17:05:02.805411+09:00,GGB222001318,GGB222000032,184,저상버스
2026-09-09,1705,2026-09-09T17:05:02.805411+09:00,GGB222001318,GGB222000032,1041,저상버스
2026-09-09,1705,2026-09-09T17:05:02.805411+09:00,GGB222001318,GGB222000048,313,일반차량
2026-09-09,1705,2026-09-09T17:05:02.805411+09:00,GGB222001318,GGB222000048,1217,일반차량
2026-09-09,1705,2026-09-09T17:05:02.805411+09:00,GGB222001318,GGB222000078,938,일반차량
2026-09-09,1705,2026-09-09T17:05:02.805411+09:00,GGB222001318,GGB222000078,2551,일반차량
2026-09-09,1705,2026-09-09T17:05:02.805411+09:00,GGB222001318,GGB222000180,2197,일반차량
2026-09-09,1705,2026-09-09T17:05:02.805411+09:00,GGB222001318,GGB222000180,316,일반차량
2026-09-09,1705,2026-09-09T17:05:02.805411+09:00,GGB222001318,GGB222000199,17,일반차량
2026-09-09,1705,2026-09-09T17:05:02.805411+09:00,GGB222001318,GGB222000199,2005,일반차량
2026-09-09,1705,2026-09-09T17:05:02.805411+09:00,GGB222001318,GGB222000239,932,일반차량
2026-09-09,1705,2026-09-09T17:05:02.805411+09:00,GGB222001318,GGB234000003,2622,저상버스
2026-09-09,1705,2026-09-09T17:05:02.805411+09:00,GGB222001318,GGB234000003,5470,저상버스
2026-09-09,1705,2026-09-09T17:05:02.805411+09:00,GGB222001318,GGB234000028,1062,일반차량
2026-09-09,1705,2026-09-09T17:05:02.805411+09:00,GGB222001318,GGB234000028,2416,저상버스
2026-09-09,1710,2026-09-09T17:10:03.039578+09:00,GGB222001318,GGB222000009,842,저상버스
2026-09-09,1710,2026-09-09T17:10:03.039578+09:00,GGB222001318,GGB222000009,1946,저상버스
2026-09-09,1710,2026-09-09T17:10:03.039578+09:00,GGB222001318,GGB222000013,1109,저상버스
2026-09-09,1710,2026-09-09T17:10:03.039578+09:00,GGB222001318,GGB222000013,311,저상버스
2026-09-09,1710,2026-09-09T17:10:03.039578+09:00,GGB222001318,GGB222000027,1634,저상버스
2026-09-09,1710,2026-09-09T17:10:03.039578+09:00,GGB222001318,GGB222000027,3787,저상버스
2026-09-09,1710,2026-09-09T17:10:03.039578+09:00,GGB222001318,GGB222000028,669,일반차량
2026-09-09,1710,2026-09-09T17:10:03.039578+09:00,GGB222001318,GGB222000028,1030,일반차량
2026-09-09,1710,2026-09-09T17:10:03.039578+09:00,GGB222001318,GGB222000031,2285,저상버스
2026-09-09,1710,2026-09-09T17:10:03.039578+09:00,GGB222001318,GGB222000031,1517,저상버스
2026-09-09,1710,2026-09-09T17:10:03.039578+09:00,GGB222001318,GGB222000032,2130,저상버스
2026-09-09,1710,2026-09-09T17:10:03.039578+09:00,GGB222001318,GGB222000032,780,저상버스
2026-09-09,1710,2026-09-09T17:10:03.039578+09:00,GGB222001318,GGB222000048,2656,일반차량
2026-09-09,1710,2026-09-09T17:10:03.039578+09:00,GGB222001318,GGB222000048,845,일반차량
2026-09-09,1710,2026-09-09T17:10:03.039578+09:00,GGB222001318,GGB222000078,616,일반차량
2026-09-09,1710,2026-09-09T17:10:03.039578+09:00,GGB222001318,GGB222000078,2490,일반차량
2026-09-09,1710,2026-09-09T17:10:03.039578+09:00,GGB222001318,GGB222000180,1808,일반차량
2026-09-09,1710,2026-09-09T17:10:03.039578+09:00,GGB222001318,GGB222000180,4302,일반차량
2026-09-09,1710,2026-09-09T17:10:03.039578+09:00,GGB222001318,GGB222000199,2247,일반차량
2026-09-09,1710,2026-09-09T17:10:03.039578+09:00,GGB222001318,GGB222000199,1867,일반차량
2026-09-09,1710,2026-09-09T17:10:03.039578+09:00,GGB222001318,GGB222000239,634,일반차량
2026-09-09,1710,2026-09-09T17:10:03.039578+09:00,GGB222001318,GGB234000003,2316,저상버스
2026-09-09,1710,2026-09-09T17:10:03.039578+09:00,GGB222001318,GGB234000003,5084,저상버스
2026-09-09,1710,2026-09-09T17:10:03.039578+09:00,GGB222001318,GGB234000028,779,일반차량
2026-09-09,1710,2026-09-09T17:10:03.039578+09:00,GGB222001318,GGB234000028,2087,저상버스
2026-09-09,1715,2026-09-09T17:15:03.077501+09:00,GGB222001318,GGB222000009,452,저상버스
2026-09-09,1715,2026-09-09T17:15:03.077501+09:00,GGB222001318,GGB222000009,1506,저상버스
2026-09-09,1715,2026-09-09T17:15:03.077501+09:00,GGB222001318,GGB222000013,920,저상버스
2026-09-09,1715,2026-09-09T17:15:03.077501+09:00,GGB222001318,GGB222000013,72,저상버스
2026-09-09,1715,2026-09-09T17:15:03.077501+09:00,GGB222001318,GGB222000027,1374,저상버스
2026-09-09,1715,2026-09-09T17:15:03.077501+09:00,GGB222001318,GGB222000027,3449,저상버스
2026-09-09,1715,2026-09-09T17:15:03.077501+09:00,GGB222001318,GGB222000028,450,일반차량
2026-09-09,1715,2026-09-09T17:15:03.077501+09:00,GGB222001318,GGB222000028,730,일반차량
2026-09-09,1715,2026-09-09T17:15:03.077501+09:00,GGB222001318,GGB222000031,2120,저상버스
2026-09-09,1715,2026-09-09T17:15:03.077501+09:00,GGB222001318,GGB222000031,1190,저상버스
2026-09-09,1715,2026-09-09T17:15:03.077501+09:00,GGB222001318,GGB222000032,1741,저상버스
2026-09-09,1715,2026-09-09T17:15:03.077501+09:00,GGB222001318,GGB222000032,479,저상버스
2026-09-09,1715,2026-09-09T17:15:03.077501+09:00,GGB222001318,GGB222000048,2123,일반차량
2026-09-09,1715,2026-09-09T17:15:03.077501+09:00,GGB222001318,GGB222000048,527,일반차량
2026-09-09,1715,2026-09-09T17:15:03.077501+09:00,GGB222001318,GGB222000078,284,일반차량
2026-09-09,1715,2026-09-09T17:15:03.077501+09:00,GGB222001318,GGB222000078,2003,일반차량
2026-09-09,1715,2026-09-09T17:15:03.077501+09:00,GGB222001318,GGB222000180,1669,일반차량
2026-09-09,1715,2026-09-09T17:15:03.077501+09:00,GGB222001318,GGB222000180,3995,일반차량
2026-09-09,1715,2026-09-09T17:15:03.077501+09:00,GGB222001318,GGB222000199,2055,일반차량
2026-09-09,1715,2026-09-09T17:15:03.077501+09:00,GGB222001318,GGB222000199,1686,일반차량
2026-09-09,1715,2026-09-09T17:15:03.077501+09:00,GGB222001318,GGB222000239,356,일반차량
2026-09-09,1715,2026-09-09T17:15:03.077501+09:00,GGB222001318,GGB234000003,2089,저상버스
2026-09-09,1715,2026-09-09T17:15:03.077501+09:00,GGB222001318,GGB234000003,4735,저상버스
2026-09-09,1715,2026-09-09T17:15:03.077501+09:00,GGB222001318,GGB234000028,587,일반차량
2026-09-09,1715,2026-09-09T17:15:03.077501+09:00,GGB222001318,GGB234000028,1767,저상버스
2026-09-09,1720,2026-09-09T17:20:03.029607+09:00,GGB222001318,GGB222000009,244,저상버스
2026-09-09,1720,2026-09-09T17:20:03.029607+09:00,GGB222001318,GGB222000009,1358,저상버스
2026-09-09,1720,2026-09-09T17:20:03.029607+09:00,GGB222001318,GGB222000013,489,저상버스
2026-09-09,1720,2026-09-09T17:20:03.029607+09:00,GGB222001318,GGB222000013,1313,저상버스
2026-09-09,1720,2026-09-09T17:20:03.029607+09:00,GGB222001318,GGB222000027,1159,저상버스
2026-09-09,1720,2026-09-09T17:20:03.029607+09:00,GGB222001318,GGB222000027,3047,저상버스
2026-09-09,1720,2026-09-09T17:20:03.029607+09:00,GGB222001318,GGB222000028,198,일반차량
2026-09-09,1720,2026-09-09T17:20:03.029607+09:00,GGB222001318,GGB222000028,468,일반차량
2026-09-09,1720,2026-09-09T17:20:03.029607+09:00,GGB222001318,GGB222000031,1922,저상버스
2026-09-09,1720,2026-09-09T17:20:03.029607+09:00,GGB222001318,GGB222000031,997,저상버스
2026-09-09,1720,2026-09-09T17:20:03.029607+09:00,GGB222001318,GGB222000032,1400,저상버스
2026-09-09,1720,2026-09-09T17:20:03.029607+09:00,GGB222001318,GGB222000032,161,저상버스
2026-09-09,1720,2026-09-09T17:20:03.029607+09:00,GGB222001318,GGB222000048,1801,일반차량
2026-09-09,1720,2026-09-09T17:20:03.029607+09:00,GGB222001318,GGB222000048,116,일반차량
2026-09-09,1720,2026-09-09T17:20:03.029607+09:00,GGB222001318,GGB222000078,3097,일반차량
2026-09-09,1720,2026-09-09T17:20:03.029607+09:00,GGB222001318,GGB222000078,1782,일반차량
2026-09-09,1720,2026-09-09T17:20:03.029607+09:00,GGB222001318,GGB222000180,1272,일반차량
2026-09-09,1720,2026-09-09T17:20:03.029607+09:00,GGB222001318,GGB222000180,3934,일반차량
2026-09-09,1720,2026-09-09T17:20:03.029607+09:00,GGB222001318,GGB222000199,1818,일반차량
2026-09-09,1720,2026-09-09T17:20:03.029607+09:00,GGB222001318,GGB222000199,1448,일반차량
2026-09-09,1720,2026-09-09T17:20:03.029607+09:00,GGB222001318,GGB222000239,186,일반차량
2026-09-09,1720,2026-09-09T17:20:03.029607+09:00,GGB222001318,GGB234000003,1828,저상버스
2026-09-09,1720,2026-09-09T17:20:03.029607+09:00,GGB222001318,GGB234000003,4469,저상버스
2026-09-09,1720,2026-09-09T17:20:03.029607+09:00,GGB222001318,GGB234000028,477,일반차량
2026-09-09,1720,2026-09-09T17:20:03.029607+09:00,GGB222001318,GGB234000028,1775,저상버스
2026-09-09,1725,2026-09-09T17:25:02.765408+09:00,GGB222001318,GGB222000009,168,저상버스
2026-09-09,1725,2026-09-09T17:25:02.765408+09:00,GGB222001318,GGB222000009,1382,저상버스
2026-09-09,1725,2026-09-09T17:25:02.765408+09:00,GGB222001318,GGB222000013,229,저상버스
2026-09-09,1725,2026-09-09T17:25:02.765408+09:00,GGB222001318,GGB222000013,1144,저상버스
2026-09-09,1725,2026-09-09T17:25:02.765408+09:00,GGB222001318,GGB222000027,715,저상버스
2026-09-09,1725,2026-09-09T17:25:02.765408+09:00,GGB222001318,GGB222000027,2697,저상버스
2026-09-09,1725,2026-09-09T17:25:02.765408+09:00,GGB222001318,GGB222000028,799,일반차량
2026-09-09,1725,2026-09-09T17:25:02.765408+09:00,GGB222001318,GGB222000028,218,일반차량
2026-09-09,1725,2026-09-09T17:25:02.765408+09:00,GGB222001318,GGB222000031,1819,저상버스
2026-09-09,1725,2026-09-09T17:25:02.765408+09:00,GGB222001318,GGB222000031,815,저상버스
2026-09-09,1725,2026-09-09T17:25:02.765408+09:00,GGB222001318,GGB222000032,970,저상버스
2026-09-09,1725,2026-09-09T17:25:02.765408+09:00,GGB222001318,GGB222000032,2426,저상버스
2026-09-09,1725,2026-09-09T17:25:02.765408+09:00,GGB222001318,GGB222000048,2529,저상버스
2026-09-09,1725,2026-09-09T17:25:02.765408+09:00,GGB222001318,GGB222000048,1502,일반차량
2026-09-09,1725,2026-09-09T17:25:02.765408+09:00,GGB222001318,GGB222000078,2831,일반차량
2026-09-09,1725,2026-09-09T17:25:02.765408+09:00,GGB222001318,GGB222000078,1620,일반차량
2026-09-09,1725,2026-09-09T17:25:02.765408+09:00,GGB222001318,GGB222000180,1312,일반차량
2026-09-09,1725,2026-09-09T17:25:02.765408+09:00,GGB222001318,GGB222000180,3829,일반차량
2026-09-09,1725,2026-09-09T17:25:02.765408+09:00,GGB222001318,GGB222000199,1501,일반차량
2026-09-09,1725,2026-09-09T17:25:02.765408+09:00,GGB222001318,GGB222000199,1096,일반차량
2026-09-09,1725,2026-09-09T17:25:02.765408+09:00,GGB222001318,GGB234000003,1649,저상버스
2026-09-09,1725,2026-09-09T17:25:02.765408+09:00,GGB222001318,GGB234000003,4286,저상버스
2026-09-09,1725,2026-09-09T17:25:02.765408+09:00,GGB222001318,GGB234000028,225,일반차량
2026-09-09,1725,2026-09-09T17:25:02.765408+09:00,GGB222001318,GGB234000028,1606,저상버스
2026-09-09,1730,2026-09-09T17:30:02.426762+09:00,GGB222001318,GGB222000009,2059,저상버스
2026-09-09,1730,2026-09-09T17:30:02.426762+09:00,GGB222001318,GGB222000009,1159,저상버스
2026-09-09,1730,2026-09-09T17:30:02.426762+09:00,GGB222001318,GGB222000013,49,저상버스
2026-09-09,1730,2026-09-09T17:30:02.426762+09:00,GGB222001318,GGB222000013,764,저상버스
2026-09-09,1730,2026-09-09T17:30:02.426762+09:00,GGB222001318,GGB222000027,324,저상버스
2026-09-09,1730,2026-09-09T17:30:02.426762+09:00,GGB222001318,GGB222000027,2108,저상버스
2026-09-09,1730,2026-09-09T17:30:02.426762+09:00,GGB222001318,GGB222000028,880,일반차량
2026-09-09,1730,2026-09-09T17:30:02.426762+09:00,GGB222001318,GGB222000028,383,일반차량
2026-09-09,1730,2026-09-09T17:30:02.426762+09:00,GGB222001318,GGB222000031,1490,저상버스
2026-09-09,1730,2026-09-09T17:30:02.426762+09:00,GGB222001318,GGB222000031,430,저상버스
2026-09-09,1730,2026-09-09T17:30:02.426762+09:00,GGB222001318,GGB222000032,554,저상버스
2026-09-09,1730,2026-09-09T17:30:02.426762+09:00,GGB222001318,GGB222000032,2231,저상버스
2026-09-09,1730,2026-09-09T17:30:02.426762+09:00,GGB222001318,GGB222000048,2314,저상버스
2026-09-09,1730,2026-09-09T17:30:02.426762+09:00,GGB222001318,GGB222000048,1206,일반차량
2026-09-09,1730,2026-09-09T17:30:02.426762+09:00,GGB222001318,GGB222000078,2657,일반차량
2026-09-09,1730,2026-09-09T17:30:02.426762+09:00,GGB222001318,GGB222000078,1241,일반차량
2026-09-09,1730,2026-09-09T17:30:02.426762+09:00,GGB222001318,GGB222000180,713,일반차량
2026-09-09,1730,2026-09-09T17:30:02.426762+09:00,GGB222001318,GGB222000180,3442,일반차량
2026-09-09,1730,2026-09-09T17:30:02.426762+09:00,GGB222001318,GGB222000199,1319,일반차량
2026-09-09,1730,2026-09-09T17:30:02.426762+09:00,GGB222001318,GGB222000199,903,일반차량
2026-09-09,1730,2026-09-09T17:30:02.426762+09:00,GGB222001318,GGB234000003,1331,저상버스
2026-09-09,1730,2026-09-09T17:30:02.426762+09:00,GGB222001318,GGB234000003,4171,저상버스
2026-09-09,1730,2026-09-09T17:30:02.426762+09:00,GGB222001318,GGB234000028,2620,일반차량
2026-09-09,1730,2026-09-09T17:30:02.426762+09:00,GGB222001318,GGB234000028,1129,저상버스
2026-09-09,1735,2026-09-09T17:35:02.781821+09:00,GGB222001318,GGB222000009,1721,저상버스
2026-09-09,1735,2026-09-09T17:35:02.781821+09:00,GGB222001318,GGB222000009,882,저상버스
2026-09-09,1735,2026-09-09T17:35:02.781821+09:00,GGB222001318,GGB222000013,1569,저상버스
2026-09-09,1735,2026-09-09T17:35:02.781821+09:00,GGB222001318,GGB222000013,499,저상버스
2026-09-09,1735,2026-09-09T17:35:02.781821+09:00,GGB222001318,GGB222000027,235,저상버스
2026-09-09,1735,2026-09-09T17:35:02.781821+09:00,GGB222001318,GGB222000027,1827,저상버스
2026-09-09,1735,2026-09-09T17:35:02.781821+09:00,GGB222001318,GGB222000028,810,일반차량
2026-09-09,1735,2026-09-09T17:35:02.781821+09:00,GGB222001318,GGB222000028,315,일반차량
2026-09-09,1735,2026-09-09T17:35:02.781821+09:00,GGB222001318,GGB222000031,1357,저상버스
2026-09-09,1735,2026-09-09T17:35:02.781821+09:00,GGB222001318,GGB222000031,373,저상버스
2026-09-09,1735,2026-09-09T17:35:02.781821+09:00,GGB222001318,GGB222000032,317,저상버스
2026-09-09,1735,2026-09-09T17:35:02.781821+09:00,GGB222001318,GGB222000032,1805,저상버스
2026-09-09,1735,2026-09-09T17:35:02.781821+09:00,GGB222001318,GGB222000048,2299,저상버스
2026-09-09,1735,2026-09-09T17:35:02.781821+09:00,GGB222001318,GGB222000048,1007,일반차량
2026-09-09,1735,2026-09-09T17:35:02.781821+09:00,GGB222001318,GGB222000078,2416,일반차량
2026-09-09,1735,2026-09-09T17:35:02.781821+09:00,GGB222001318,GGB222000078,951,일반차량
2026-09-09,1735,2026-09-09T17:35:02.781821+09:00,GGB222001318,GGB222000180,480,일반차량
2026-09-09,1735,2026-09-09T17:35:02.781821+09:00,GGB222001318,GGB222000180,2917,일반차량
2026-09-09,1735,2026-09-09T17:35:02.781821+09:00,GGB222001318,GGB222000199,962,일반차량
2026-09-09,1735,2026-09-09T17:35:02.781821+09:00,GGB222001318,GGB222000199,464,일반차량
2026-09-09,1735,2026-09-09T17:35:02.781821+09:00,GGB222001318,GGB234000003,1120,저상버스
2026-09-09,1735,2026-09-09T17:35:02.781821+09:00,GGB222001318,GGB234000003,4146,저상버스
2026-09-09,1735,2026-09-09T17:35:02.781821+09:00,GGB222001318,GGB234000028,2159,일반차량
2026-09-09,1735,2026-09-09T17:35:02.781821+09:00,GGB222001318,GGB234000028,728,저상버스
2026-09-09,1740,2026-09-09T17:40:02.846607+09:00,GGB222001318,GGB222000009,1435,저상버스
2026-09-09,1740,2026-09-09T17:40:02.846607+09:00,GGB222001318,GGB222000009,436,저상버스
2026-09-09,1740,2026-09-09T17:40:02.846607+09:00,GGB222001318,GGB222000013,1322,저상버스
2026-09-09,1740,2026-09-09T17:40:02.846607+09:00,GGB222001318,GGB222000013,327,저상버스
2026-09-09,1740,2026-09-09T17:40:02.846607+09:00,GGB222001318,GGB222000027,1556,저상버스
2026-09-09,1740,2026-09-09T17:40:02.846607+09:00,GGB222001318,GGB222000027,4206,저상버스
2026-09-09,1740,2026-09-09T17:40:02.846607+09:00,GGB222001318,GGB222000028,633,일반차량
2026-09-09,1740,2026-09-09T17:40:02.846607+09:00,GGB222001318,GGB222000028,81,일반차량
2026-09-09,1740,2026-09-09T17:40:02.846607+09:00,GGB222001318,GGB222000031,984,저상버스
2026-09-09,1740,2026-09-09T17:40:02.846607+09:00,GGB222001318,GGB222000031,124,저상버스
2026-09-09,1740,2026-09-09T17:40:02.846607+09:00,GGB222001318,GGB222000032,122,저상버스
2026-09-09,1740,2026-09-09T17:40:02.846607+09:00,GGB222001318,GGB222000032,1455,저상버스
2026-09-09,1740,2026-09-09T17:40:02.846607+09:00,GGB222001318,GGB222000048,1893,저상버스
2026-09-09,1740,2026-09-09T17:40:02.846607+09:00,GGB222001318,GGB222000048,667,일반차량
2026-09-09,1740,2026-09-09T17:40:02.846607+09:00,GGB222001318,GGB222000078,2005,일반차량
2026-09-09,1740,2026-09-09T17:40:02.846607+09:00,GGB222001318,GGB222000078,861,일반차량
2026-09-09,1740,2026-09-09T17:40:02.846607+09:00,GGB222001318,GGB222000180,334,일반차량
2026-09-09,1740,2026-09-09T17:40:02.846607+09:00,GGB222001318,GGB222000180,2708,일반차량
2026-09-09,1740,2026-09-09T17:40:02.846607+09:00,GGB222001318,GGB222000199,762,일반차량
2026-09-09,1740,2026-09-09T17:40:02.846607+09:00,GGB222001318,GGB222000199,313,일반차량
2026-09-09,1740,2026-09-09T17:40:02.846607+09:00,GGB222001318,GGB234000003,902,저상버스
2026-09-09,1740,2026-09-09T17:40:02.846607+09:00,GGB222001318,GGB234000003,3713,저상버스
2026-09-09,1740,2026-09-09T17:40:02.846607+09:00,GGB222001318,GGB234000028,1899,일반차량
2026-09-09,1740,2026-09-09T17:40:02.846607+09:00,GGB222001318,GGB234000028,586,저상버스
2026-09-09,1745,2026-09-09T17:45:02.699695+09:00,GGB222001318,GGB222000009,961,저상버스
2026-09-09,1745,2026-09-09T17:45:02.699695+09:00,GGB222001318,GGB222000009,17,저상버스
2026-09-09,1745,2026-09-09T17:45:02.699695+09:00,GGB222001318,GGB222000013,1259,저상버스
2026-09-09,1745,2026-09-09T17:45:02.699695+09:00,GGB222001318,GGB222000013,175,저상버스
2026-09-09,1745,2026-09-09T17:45:02.699695+09:00,GGB222001318,GGB222000027,1474,저상버스
2026-09-09,1745,2026-09-09T17:45:02.699695+09:00,GGB222001318,GGB222000027,3941,저상버스
2026-09-09,1745,2026-09-09T17:45:02.699695+09:00,GGB222001318,GGB222000028,415,일반차량
2026-09-09,1745,2026-09-09T17:45:02.699695+09:00,GGB222001318,GGB222000028,1035,일반차량
2026-09-09,1745,2026-09-09T17:45:02.699695+09:00,GGB222001318,GGB222000031,715,저상버스
2026-09-09,1745,2026-09-09T17:45:02.699695+09:00,GGB222001318,GGB222000031,1923,저상버스
2026-09-09,1745,2026-09-09T17:45:02.699695+09:00,GGB222001318,GGB222000032,3201,저상버스
2026-09-09,1745,2026-09-09T17:45:02.699695+09:00,GGB222001318,GGB222000032,1217,저상버스
2026-09-09,1745,2026-09-09T17:45:02.699695+09:00,GGB222001318,GGB222000048,1598,저상버스
2026-09-09,1745,2026-09-09T17:45:02.699695+09:00,GGB222001318,GGB222000048,349,일반차량
2026-09-09,1745,2026-09-09T17:45:02.699695+09:00,GGB222001318,GGB222000078,1828,일반차량
2026-09-09,1745,2026-09-09T17:45:02.699695+09:00,GGB222001318,GGB222000078,378,일반차량
2026-09-09,1745,2026-09-09T17:45:02.699695+09:00,GGB222001318,GGB222000180,176,일반차량
2026-09-09,1745,2026-09-09T17:45:02.699695+09:00,GGB222001318,GGB222000180,2637,일반차량
2026-09-09,1745,2026-09-09T17:45:02.699695+09:00,GGB222001318,GGB222000199,396,일반차량
2026-09-09,1745,2026-09-09T17:45:02.699695+09:00,GGB222001318,GGB222000199,184,일반차량
2026-09-09,1745,2026-09-09T17:45:02.699695+09:00,GGB222001318,GGB234000003,639,저상버스
2026-09-09,1745,2026-09-09T17:45:02.699695+09:00,GGB222001318,GGB234000003,3462,저상버스
2026-09-09,1745,2026-09-09T17:45:02.699695+09:00,GGB222001318,GGB234000028,1813,일반차량
2026-09-09,1745,2026-09-09T17:45:02.699695+09:00,GGB222001318,GGB234000028,231,저상버스
2026-09-09,1750,2026-09-09T17:50:03.176146+09:00,GGB222001318,GGB222000009,1555,일반차량
2026-09-09,1750,2026-09-09T17:50:03.176146+09:00,GGB222001318,GGB222000009,801,저상버스
2026-09-09,1750,2026-09-09T17:50:03.176146+09:00,GGB222001318,GGB222000013,1139,저상버스
2026-09-09,1750,2026-09-09T17:50:03.176146+09:00,GGB222001318,GGB222000013,1977,저상버스
2026-09-09,1750,2026-09-09T17:50:03.176146+09:00,GGB222001318,GGB222000027,1162,저상버스
2026-09-09,1750,2026-09-09T17:50:03.176146+09:00,GGB222001318,GGB222000027,3846,저상버스
2026-09-09,1750,2026-09-09T17:50:03.176146+09:00,GGB222001318,GGB222000028,175,일반차량
2026-09-09,1750,2026-09-09T17:50:03.176146+09:00,GGB222001318,GGB222000028,670,일반차량
2026-09-09,1750,2026-09-09T17:50:03.176146+09:00,GGB222001318,GGB222000031,511,저상버스
2026-09-09,1750,2026-09-09T17:50:03.176146+09:00,GGB222001318,GGB222000031,1620,저상버스
2026-09-09,1750,2026-09-09T17:50:03.176146+09:00,GGB222001318,GGB222000032,3050,저상버스
2026-09-09,1750,2026-09-09T17:50:03.176146+09:00,GGB222001318,GGB222000032,1030,저상버스
2026-09-09,1750,2026-09-09T17:50:03.176146+09:00,GGB222001318,GGB222000048,1294,저상버스
2026-09-09,1750,2026-09-09T17:50:03.176146+09:00,GGB222001318,GGB222000048,140,일반차량
2026-09-09,1750,2026-09-09T17:50:03.176146+09:00,GGB222001318,GGB222000078,1742,일반차량
2026-09-09,1750,2026-09-09T17:50:03.176146+09:00,GGB222001318,GGB222000078,112,일반차량
2026-09-09,1750,2026-09-09T17:50:03.176146+09:00,GGB222001318,GGB222000180,4522,일반차량
2026-09-09,1750,2026-09-09T17:50:03.176146+09:00,GGB222001318,GGB222000180,2259,일반차량
2026-09-09,1750,2026-09-09T17:50:03.176146+09:00,GGB222001318,GGB222000199,144,일반차량
2026-09-09,1750,2026-09-09T17:50:03.176146+09:00,GGB222001318,GGB222000199,437,일반차량
2026-09-09,1750,2026-09-09T17:50:03.176146+09:00,GGB222001318,GGB234000003,458,저상버스
2026-09-09,1750,2026-09-09T17:50:03.176146+09:00,GGB222001318,GGB234000003,3214,저상버스
2026-09-09,1750,2026-09-09T17:50:03.176146+09:00,GGB222001318,GGB234000028,1503,일반차량
2026-09-09,1750,2026-09-09T17:50:03.176146+09:00,GGB222001318,GGB234000028,3598,저상버스
2026-09-09,1755,2026-09-09T17:55:02.695258+09:00,GGB222001318,GGB222000009,1240,일반차량
2026-09-09,1755,2026-09-09T17:55:02.695258+09:00,GGB222001318,GGB222000009,548,저상버스
2026-09-09,1755,2026-09-09T17:55:02.695258+09:00,GGB222001318,GGB222000013,844,저상버스
2026-09-09,1755,2026-09-09T17:55:02.695258+09:00,GGB222001318,GGB222000013,1879,저상버스
2026-09-09,1755,2026-09-09T17:55:02.695258+09:00,GGB222001318,GGB222000027,822,저상버스
2026-09-09,1755,2026-09-09T17:55:02.695258+09:00,GGB222001318,GGB222000027,3535,저상버스
2026-09-09,1755,2026-09-09T17:55:02.695258+09:00,GGB222001318,GGB222000028,1232,일반차량
2026-09-09,1755,2026-09-09T17:55:02.695258+09:00,GGB222001318,GGB222000028,474,일반차량
2026-09-09,1755,2026-09-09T17:55:02.695258+09:00,GGB222001318,GGB222000031,239,저상버스
2026-09-09,1755,2026-09-09T17:55:02.695258+09:00,GGB222001318,GGB222000031,1384,저상버스
2026-09-09,1755,2026-09-09T17:55:02.695258+09:00,GGB222001318,GGB222000032,2677,저상버스
2026-09-09,1755,2026-09-09T17:55:02.695258+09:00,GGB222001318,GGB222000032,714,저상버스
2026-09-09,1755,2026-09-09T17:55:02.695258+09:00,GGB222001318,GGB222000048,1046,저상버스
2026-09-09,1755,2026-09-09T17:55:02.695258+09:00,GGB222001318,GGB222000048,2452,저상버스
2026-09-09,1755,2026-09-09T17:55:02.695258+09:00,GGB222001318,GGB222000078,1325,일반차량
2026-09-09,1755,2026-09-09T17:55:02.695258+09:00,GGB222001318,GGB222000078,2341,일반차량
2026-09-09,1755,2026-09-09T17:55:02.695258+09:00,GGB222001318,GGB222000180,4332,일반차량
2026-09-09,1755,2026-09-09T17:55:02.695258+09:00,GGB222001318,GGB222000180,1895,일반차량
2026-09-09,1755,2026-09-09T17:55:02.695258+09:00,GGB222001318,GGB222000199,1224,일반차량
2026-09-09,1755,2026-09-09T17:55:02.695258+09:00,GGB222001318,GGB222000199,399,일반차량
2026-09-09,1755,2026-09-09T17:55:02.695258+09:00,GGB222001318,GGB234000003,182,저상버스
2026-09-09,1755,2026-09-09T17:55:02.695258+09:00,GGB222001318,GGB234000003,2953,저상버스
2026-09-09,1755,2026-09-09T17:55:02.695258+09:00,GGB222001318,GGB234000028,1311,일반차량
2026-09-09,1755,2026-09-09T17:55:02.695258+09:00,GGB222001318,GGB234000028,3338,저상버스
2026-09-09,1800,2026-09-09T18:00:02.731574+09:00,GGB222001318,GGB222000009,1014,일반차량
2026-09-09,1800,2026-09-09T18:00:02.731574+09:00,GGB222001318,GGB222000009,158,저상버스
2026-09-09,1800,2026-09-09T18:00:02.731574+09:00,GGB222001318,GGB222000013,466,저상버스
2026-09-09,1800,2026-09-09T18:00:02.731574+09:00,GGB222001318,GGB222000013,1591,저상버스
2026-09-09,1800,2026-09-09T18:00:02.731574+09:00,GGB222001318,GGB222000027,547,저상버스
2026-09-09,1800,2026-09-09T18:00:02.731574+09:00,GGB222001318,GGB222000027,3443,저상버스
2026-09-09,1800,2026-09-09T18:00:02.731574+09:00,GGB222001318,GGB222000028,828,일반차량
2026-09-09,1800,2026-09-09T18:00:02.731574+09:00,GGB222001318,GGB222000028,168,일반차량
2026-09-09,1800,2026-09-09T18:00:02.731574+09:00,GGB222001318,GGB222000031,1086,저상버스
2026-09-09,1800,2026-09-09T18:00:02.731574+09:00,GGB222001318,GGB222000031,1947,저상버스
2026-09-09,1800,2026-09-09T18:00:02.731574+09:00,GGB222001318,GGB222000032,2230,저상버스
2026-09-09,1800,2026-09-09T18:00:02.731574+09:00,GGB222001318,GGB222000032,438,저상버스
2026-09-09,1800,2026-09-09T18:00:02.731574+09:00,GGB222001318,GGB222000048,853,저상버스
2026-09-09,1800,2026-09-09T18:00:02.731574+09:00,GGB222001318,GGB222000048,2295,저상버스
2026-09-09,1800,2026-09-09T18:00:02.731574+09:00,GGB222001318,GGB222000078,1007,일반차량
2026-09-09,1800,2026-09-09T18:00:02.731574+09:00,GGB222001318,GGB222000078,2030,일반차량
2026-09-09,1800,2026-09-09T18:00:02.731574+09:00,GGB222001318,GGB222000180,3914,일반차량
2026-09-09,1800,2026-09-09T18:00:02.731574+09:00,GGB222001318,GGB222000180,1658,일반차량
2026-09-09,1800,2026-09-09T18:00:02.731574+09:00,GGB222001318,GGB222000199,958,일반차량
2026-09-09,1800,2026-09-09T18:00:02.731574+09:00,GGB222001318,GGB222000199,332,일반차량
2026-09-09,1800,2026-09-09T18:00:02.731574+09:00,GGB222001318,GGB234000003,6106,저상버스
2026-09-09,1800,2026-09-09T18:00:02.731574+09:00,GGB222001318,GGB234000003,2768,저상버스
2026-09-09,1800,2026-09-09T18:00:02.731574+09:00,GGB222001318,GGB234000028,1048,일반차량
2026-09-09,1800,2026-09-09T18:00:02.731574+09:00,GGB222001318,GGB234000028,3121,저상버스
2026-09-09,1810,2026-09-09T18:10:02.622845+09:00,GGB222001318,GGB222000009,526,일반차량
2026-09-09,1810,2026-09-09T18:10:02.622845+09:00,GGB222001318,GGB222000009,1677,저상버스
2026-09-09,1810,2026-09-09T18:10:02.622845+09:00,GGB222001318,GGB222000013,121,저상버스
2026-09-09,1810,2026-09-09T18:10:02.622845+09:00,GGB222001318,GGB222000013,1196,저상버스
2026-09-09,1810,2026-09-09T18:10:02.622845+09:00,GGB222001318,GGB222000027,121,저상버스
2026-09-09,1810,2026-09-09T18:10:02.622845+09:00,GGB222001318,GGB222000027,3061,저상버스
2026-09-09,1810,2026-09-09T18:10:02.622845+09:00,GGB222001318,GGB222000028,375,일반차량
2026-09-09,1810,2026-09-09T18:10:02.622845+09:00,GGB222001318,GGB222000028,801,일반차량
2026-09-09,1810,2026-09-09T18:10:02.622845+09:00,GGB222001318,GGB222000031,413,저상버스
2026-09-09,1810,2026-09-09T18:10:02.622845+09:00,GGB222001318,GGB222000031,1116,저상버스
2026-09-09,1810,2026-09-09T18:10:02.622845+09:00,GGB222001318,GGB222000032,1526,저상버스
2026-09-09,1810,2026-09-09T18:10:02.622845+09:00,GGB222001318,GGB222000032,4261,일반차량
2026-09-09,1810,2026-09-09T18:10:02.622845+09:00,GGB222001318,GGB222000048,234,저상버스
2026-09-09,1810,2026-09-09T18:10:02.622845+09:00,GGB222001318,GGB222000048,1548,저상버스
2026-09-09,1810,2026-09-09T18:10:02.622845+09:00,GGB222001318,GGB222000078,387,일반차량
2026-09-09,1810,2026-09-09T18:10:02.622845+09:00,GGB222001318,GGB222000078,1277,일반차량
2026-09-09,1810,2026-09-09T18:10:02.622845+09:00,GGB222001318,GGB222000180,2994,일반차량
2026-09-09,1810,2026-09-09T18:10:02.622845+09:00,GGB222001318,GGB222000180,1006,일반차량
2026-09-09,1810,2026-09-09T18:10:02.622845+09:00,GGB222001318,GGB222000199,553,일반차량
2026-09-09,1810,2026-09-09T18:10:02.622845+09:00,GGB222001318,GGB222000199,1653,일반차량
2026-09-09,1810,2026-09-09T18:10:02.622845+09:00,GGB222001318,GGB234000003,5422,저상버스
2026-09-09,1810,2026-09-09T18:10:02.622845+09:00,GGB222001318,GGB234000003,2044,저상버스
2026-09-09,1810,2026-09-09T18:10:02.622845+09:00,GGB222001318,GGB234000028,629,일반차량
2026-09-09,1810,2026-09-09T18:10:02.622845+09:00,GGB222001318,GGB234000028,2549,저상버스
2026-09-09,1815,2026-09-09T18:15:03.014839+09:00,GGB222001318,GGB222000009,329,일반차량
2026-09-09,1815,2026-09-09T18:15:03.014839+09:00,GGB222001318,GGB222000009,1487,저상버스
2026-09-09,1815,2026-09-09T18:15:03.014839+09:00,GGB222001318,GGB222000013,1979,저상버스
2026-09-09,1815,2026-09-09T18:15:03.014839+09:00,GGB222001318,GGB222000013,980,저상버스
2026-09-09,1815,2026-09-09T18:15:03.014839+09:00,GGB222001318,GGB222000027,2367,저상버스
2026-09-09,1815,2026-09-09T18:15:03.014839+09:00,GGB222001318,GGB222000027,5426,저상버스
2026-09-09,1815,2026-09-09T18:15:03.014839+09:00,GGB222001318,GGB222000028,15,일반차량
2026-09-09,1815,2026-09-09T18:15:03.014839+09:00,GGB222001318,GGB222000028,632,일반차량
2026-09-09,1815,2026-09-09T18:15:03.014839+09:00,GGB222001318,GGB222000031,230,저상버스
2026-09-09,1815,2026-09-09T18:15:03.014839+09:00,GGB222001318,GGB222000031,917,저상버스
2026-09-09,1815,2026-09-09T18:15:03.014839+09:00,GGB222001318,GGB222000032,1305,저상버스
2026-09-09,1815,2026-09-09T18:15:03.014839+09:00,GGB222001318,GGB222000032,4188,일반차량
2026-09-09,1815,2026-09-09T18:15:03.014839+09:00,GGB222001318,GGB222000048,1381,저상버스
2026-09-09,1815,2026-09-09T18:15:03.014839+09:00,GGB222001318,GGB222000048,2442,저상버스
2026-09-09,1815,2026-09-09T18:15:03.014839+09:00,GGB222001318,GGB222000078,1050,일반차량
2026-09-09,1815,2026-09-09T18:15:03.014839+09:00,GGB222001318,GGB222000078,2785,일반차량
2026-09-09,1815,2026-09-09T18:15:03.014839+09:00,GGB222001318,GGB222000180,2791,일반차량
2026-09-09,1815,2026-09-09T18:15:03.014839+09:00,GGB222001318,GGB222000180,726,일반차량
2026-09-09,1815,2026-09-09T18:15:03.014839+09:00,GGB222001318,GGB222000199,267,일반차량
2026-09-09,1815,2026-09-09T18:15:03.014839+09:00,GGB222001318,GGB222000199,1283,일반차량
2026-09-09,1815,2026-09-09T18:15:03.014839+09:00,GGB222001318,GGB234000003,5239,저상버스
2026-09-09,1815,2026-09-09T18:15:03.014839+09:00,GGB222001318,GGB234000003,1979,저상버스
2026-09-09,1815,2026-09-09T18:15:03.014839+09:00,GGB222001318,GGB234000028,370,일반차량
2026-09-09,1815,2026-09-09T18:15:03.014839+09:00,GGB222001318,GGB234000028,2264,저상버스
2026-09-09,1820,2026-09-09T18:20:02.848590+09:00,GGB222001318,GGB222000009,236,일반차량
2026-09-09,1820,2026-09-09T18:20:02.848590+09:00,GGB222001318,GGB222000009,1253,저상버스
2026-09-09,1820,2026-09-09T18:20:02.848590+09:00,GGB222001318,GGB222000013,1554,저상버스
2026-09-09,1820,2026-09-09T18:20:02.848590+09:00,GGB222001318,GGB222000013,649,저상버스
2026-09-09,1820,2026-09-09T18:20:02.848590+09:00,GGB222001318,GGB222000027,2060,저상버스
2026-09-09,1820,2026-09-09T18:20:02.848590+09:00,GGB222001318,GGB222000027,4703,저상버스
2026-09-09,1820,2026-09-09T18:20:02.848590+09:00,GGB222001318,GGB222000028,968,일반차량
2026-09-09,1820,2026-09-09T18:20:02.848590+09:00,GGB222001318,GGB222000028,366,일반차량
2026-09-09,1820,2026-09-09T18:20:02.848590+09:00,GGB222001318,GGB222000031,761,저상버스
2026-09-09,1820,2026-09-09T18:20:02.848590+09:00,GGB222001318,GGB222000031,1802,저상버스
2026-09-09,1820,2026-09-09T18:20:02.848590+09:00,GGB222001318,GGB222000032,1085,저상버스
2026-09-09,1820,2026-09-09T18:20:02.848590+09:00,GGB222001318,GGB222000032,3812,일반차량
2026-09-09,1820,2026-09-09T18:20:02.848590+09:00,GGB222001318,GGB222000048,1148,저상버스
2026-09-09,1820,2026-09-09T18:20:02.848590+09:00,GGB222001318,GGB222000048,2171,저상버스
2026-09-09,1820,2026-09-09T18:20:02.848590+09:00,GGB222001318,GGB222000078,844,일반차량
2026-09-09,1820,2026-09-09T18:20:02.848590+09:00,GGB222001318,GGB222000078,2546,일반차량
2026-09-09,1820,2026-09-09T18:20:02.848590+09:00,GGB222001318,GGB222000180,2138,일반차량
2026-09-09,1820,2026-09-09T18:20:02.848590+09:00,GGB222001318,GGB222000180,506,일반차량
2026-09-09,1820,2026-09-09T18:20:02.848590+09:00,GGB222001318,GGB222000199,741,일반차량
2026-09-09,1820,2026-09-09T18:20:02.848590+09:00,GGB222001318,GGB222000199,1525,일반차량
2026-09-09,1820,2026-09-09T18:20:02.848590+09:00,GGB222001318,GGB234000003,4843,저상버스
2026-09-09,1820,2026-09-09T18:20:02.848590+09:00,GGB222001318,GGB234000003,1754,저상버스
2026-09-09,1820,2026-09-09T18:20:02.848590+09:00,GGB222001318,GGB234000028,165,일반차량
2026-09-09,1820,2026-09-09T18:20:02.848590+09:00,GGB222001318,GGB234000028,1999,저상버스
2026-09-09,1825,2026-09-09T18:25:03.098796+09:00,GGB222001318,GGB222000009,873,저상버스
2026-09-09,1825,2026-09-09T18:25:03.098796+09:00,GGB222001318,GGB222000009,1563,저상버스
2026-09-09,1825,2026-09-09T18:25:03.098796+09:00,GGB222001318,GGB222000013,1408,저상버스
2026-09-09,1825,2026-09-09T18:25:03.098796+09:00,GGB222001318,GGB222000013,468,저상버스
2026-09-09,1825,2026-09-09T18:25:03.098796+09:00,GGB222001318,GGB222000027,1932,저상버스
2026-09-09,1825,2026-09-09T18:25:03.098796+09:00,GGB222001318,GGB222000027,4505,저상버스
2026-09-09,1825,2026-09-09T18:25:03.098796+09:00,GGB222001318,GGB222000028,671,일반차량
2026-09-09,1825,2026-09-09T18:25:03.098796+09:00,GGB222001318,GGB222000028,169,일반차량
2026-09-09,1825,2026-09-09T18:25:03.098796+09:00,GGB222001318,GGB222000031,510,저상버스
2026-09-09,1825,2026-09-09T18:25:03.098796+09:00,GGB222001318,GGB222000031,1519,저상버스
2026-09-09,1825,2026-09-09T18:25:03.098796+09:00,GGB222001318,GGB222000032,712,저상버스
2026-09-09,1825,2026-09-09T18:25:03.098796+09:00,GGB222001318,GGB222000032,3489,일반차량
2026-09-09,1825,2026-09-09T18:25:03.098796+09:00,GGB222001318,GGB222000048,782,저상버스
2026-09-09,1825,2026-09-09T18:25:03.098796+09:00,GGB222001318,GGB222000048,1910,저상버스
2026-09-09,1825,2026-09-09T18:25:03.098796+09:00,GGB222001318,GGB222000056,978,일반차량
2026-09-09,1825,2026-09-09T18:25:03.098796+09:00,GGB222001318,GGB222000078,358,일반차량
2026-09-09,1825,2026-09-09T18:25:03.098796+09:00,GGB222001318,GGB222000078,2218,일반차량
2026-09-09,1825,2026-09-09T18:25:03.098796+09:00,GGB222001318,GGB222000180,1841,일반차량
2026-09-09,1825,2026-09-09T18:25:03.098796+09:00,GGB222001318,GGB222000180,113,일반차량
2026-09-09,1825,2026-09-09T18:25:03.098796+09:00,GGB222001318,GGB222000199,441,일반차량
2026-09-09,1825,2026-09-09T18:25:03.098796+09:00,GGB222001318,GGB222000199,1328,일반차량
2026-09-09,1825,2026-09-09T18:25:03.098796+09:00,GGB222001318,GGB234000003,4537,저상버스
2026-09-09,1825,2026-09-09T18:25:03.098796+09:00,GGB222001318,GGB234000003,1488,저상버스
2026-09-09,1825,2026-09-09T18:25:03.098796+09:00,GGB222001318,GGB234000028,3358,일반차량
2026-09-09,1825,2026-09-09T18:25:03.098796+09:00,GGB222001318,GGB234000028,1619,저상버스
2026-09-09,1830,2026-09-09T18:30:02.826130+09:00,GGB222001318,GGB222000009,553,저상버스
2026-09-09,1830,2026-09-09T18:30:02.826130+09:00,GGB222001318,GGB222000009,1451,저상버스
2026-09-09,1830,2026-09-09T18:30:02.826130+09:00,GGB222001318,GGB222000013,1198,저상버스
2026-09-09,1830,2026-09-09T18:30:02.826130+09:00,GGB222001318,GGB222000013,191,저상버스
2026-09-09,1830,2026-09-09T18:30:02.826130+09:00,GGB222001318,GGB222000027,1691,저상버스
2026-09-09,1830,2026-09-09T18:30:02.826130+09:00,GGB222001318,GGB222000027,4256,저상버스
2026-09-09,1830,2026-09-09T18:30:02.826130+09:00,GGB222001318,GGB222000028,445,일반차량
2026-09-09,1830,2026-09-09T18:30:02.826130+09:00,GGB222001318,GGB222000028,615,일반차량
2026-09-09,1830,2026-09-09T18:30:02.826130+09:00,GGB222001318,GGB222000031,363,저상버스
2026-09-09,1830,2026-09-09T18:30:02.826130+09:00,GGB222001318,GGB222000031,1333,저상버스
2026-09-09,1830,2026-09-09T18:30:02.826130+09:00,GGB222001318,GGB222000032,449,저상버스
2026-09-09,1830,2026-09-09T18:30:02.826130+09:00,GGB222001318,GGB222000032,3405,일반차량
2026-09-09,1830,2026-09-09T18:30:02.826130+09:00,GGB222001318,GGB222000048,474,저상버스
2026-09-09,1830,2026-09-09T18:30:02.826130+09:00,GGB222001318,GGB222000048,1588,저상버스
2026-09-09,1830,2026-09-09T18:30:02.826130+09:00,GGB222001318,GGB222000056,700,일반차량
2026-09-09,1830,2026-09-09T18:30:02.826130+09:00,GGB222001318,GGB222000078,88,일반차량
2026-09-09,1830,2026-09-09T18:30:02.826130+09:00,GGB222001318,GGB222000078,2213,일반차량
2026-09-09,1830,2026-09-09T18:30:02.826130+09:00,GGB222001318,GGB222000180,4258,일반차량
2026-09-09,1830,2026-09-09T18:30:02.826130+09:00,GGB222001318,GGB222000180,1713,일반차량
2026-09-09,1830,2026-09-09T18:30:02.826130+09:00,GGB222001318,GGB222000199,335,일반차량
2026-09-09,1830,2026-09-09T18:30:02.826130+09:00,GGB222001318,GGB222000199,1019,일반차량
2026-09-09,1830,2026-09-09T18:30:02.826130+09:00,GGB222001318,GGB234000003,4234,저상버스
2026-09-09,1830,2026-09-09T18:30:02.826130+09:00,GGB222001318,GGB234000003,1232,저상버스
2026-09-09,1830,2026-09-09T18:30:02.826130+09:00,GGB222001318,GGB234000028,3043,일반차량
2026-09-09,1830,2026-09-09T18:30:02.826130+09:00,GGB222001318,GGB234000028,1250,저상버스
2026-09-09,1835,2026-09-09T18:35:03.202411+09:00,GGB222001318,GGB222000009,385,저상버스
2026-09-09,1835,2026-09-09T18:35:03.202411+09:00,GGB222001318,GGB222000009,1121,저상버스
2026-09-09,1835,2026-09-09T18:35:03.202411+09:00,GGB222001318,GGB222000013,2117,저상버스
2026-09-09,1835,2026-09-09T18:35:03.202411+09:00,GGB222001318,GGB222000013,1201,저상버스
2026-09-09,1835,2026-09-09T18:35:03.202411+09:00,GGB222001318,GGB222000027,1414,저상버스
2026-09-09,1835,2026-09-09T18:35:03.202411+09:00,GGB222001318,GGB222000027,4106,저상버스
2026-09-09,1835,2026-09-09T18:35:03.202411+09:00,GGB222001318,GGB222000028,223,일반차량
2026-09-09,1835,2026-09-09T18:35:03.202411+09:00,GGB222001318,GGB222000028,304,일반차량
2026-09-09,1835,2026-09-09T18:35:03.202411+09:00,GGB222001318,GGB222000031,87,저상버스
2026-09-09,1835,2026-09-09T18:35:03.202411+09:00,GGB222001318,GGB222000031,1094,저상버스
2026-09-09,1835,2026-09-09T18:35:03.202411+09:00,GGB222001318,GGB222000032,245,저상버스
2026-09-09,1835,2026-09-09T18:35:03.202411+09:00,GGB222001318,GGB222000032,3341,일반차량
2026-09-09,1835,2026-09-09T18:35:03.202411+09:00,GGB222001318,GGB222000048,273,저상버스
2026-09-09,1835,2026-09-09T18:35:03.202411+09:00,GGB222001318,GGB222000048,1474,저상버스
2026-09-09,1835,2026-09-09T18:35:03.202411+09:00,GGB222001318,GGB222000056,664,일반차량
2026-09-09,1835,2026-09-09T18:35:03.202411+09:00,GGB222001318,GGB222000078,3485,일반차량
2026-09-09,1835,2026-09-09T18:35:03.202411+09:00,GGB222001318,GGB222000078,1935,일반차량
2026-09-09,1835,2026-09-09T18:35:03.202411+09:00,GGB222001318,GGB222000180,4142,일반차량
2026-09-09,1835,2026-09-09T18:35:03.202411+09:00,GGB222001318,GGB222000180,1427,일반차량
2026-09-09,1835,2026-09-09T18:35:03.202411+09:00,GGB222001318,GGB222000199,180,일반차량
2026-09-09,1835,2026-09-09T18:35:03.202411+09:00,GGB222001318,GGB222000199,873,일반차량
2026-09-09,1835,2026-09-09T18:35:03.202411+09:00,GGB222001318,GGB234000003,3956,저상버스
2026-09-09,1835,2026-09-09T18:35:03.202411+09:00,GGB222001318,GGB234000003,1009,저상버스
2026-09-09,1835,2026-09-09T18:35:03.202411+09:00,GGB222001318,GGB234000028,2664,일반차량
2026-09-09,1835,2026-09-09T18:35:03.202411+09:00,GGB222001318,GGB234000028,1038,저상버스
2026-09-09,1840,2026-09-09T18:40:02.910233+09:00,GGB222001318,GGB222000009,21,저상버스
2026-09-09,1840,2026-09-09T18:40:02.910233+09:00,GGB222001318,GGB222000009,878,저상버스
2026-09-09,1840,2026-09-09T18:40:02.910233+09:00,GGB222001318,GGB222000013,1717,저상버스
2026-09-09,1840,2026-09-09T18:40:02.910233+09:00,GGB222001318,GGB222000013,664,저상버스
2026-09-09,1840,2026-09-09T18:40:02.910233+09:00,GGB222001318,GGB222000027,1077,저상버스
2026-09-09,1840,2026-09-09T18:40:02.910233+09:00,GGB222001318,GGB222000027,3472,저상버스
2026-09-09,1840,2026-09-09T18:40:02.910233+09:00,GGB222001318,GGB222000028,754,일반차량
2026-09-09,1840,2026-09-09T18:40:02.910233+09:00,GGB222001318,GGB222000028,103,일반차량
2026-09-09,1840,2026-09-09T18:40:02.910233+09:00,GGB222001318,GGB222000031,2056,저상버스
2026-09-09,1840,2026-09-09T18:40:02.910233+09:00,GGB222001318,GGB222000031,751,저상버스
2026-09-09,1840,2026-09-09T18:40:02.910233+09:00,GGB222001318,GGB222000032,4695,저상버스
2026-09-09,1840,2026-09-09T18:40:02.910233+09:00,GGB222001318,GGB222000032,2976,일반차량
2026-09-09,1840,2026-09-09T18:40:02.910233+09:00,GGB222001318,GGB222000048,21,저상버스
2026-09-09,1840,2026-09-09T18:40:02.910233+09:00,GGB222001318,GGB222000048,1084,저상버스
2026-09-09,1840,2026-09-09T18:40:02.910233+09:00,GGB222001318,GGB222000056,380,일반차량
2026-09-09,1840,2026-09-09T18:40:02.910233+09:00,GGB222001318,GGB222000078,3201,일반차량
2026-09-09,1840,2026-09-09T18:40:02.910233+09:00,GGB222001318,GGB222000078,4758,일반차량
2026-09-09,1840,2026-09-09T18:40:02.910233+09:00,GGB222001318,GGB222000180,4035,일반차량
2026-09-09,1840,2026-09-09T18:40:02.910233+09:00,GGB222001318,GGB222000180,1185,일반차량
2026-09-09,1840,2026-09-09T18:40:02.910233+09:00,GGB222001318,GGB222000199,1698,일반차량
2026-09-09,1840,2026-09-09T18:40:02.910233+09:00,GGB222001318,GGB222000199,470,일반차량
2026-09-09,1840,2026-09-09T18:40:02.910233+09:00,GGB222001318,GGB234000003,3657,저상버스
2026-09-09,1840,2026-09-09T18:40:02.910233+09:00,GGB222001318,GGB234000003,766,저상버스
2026-09-09,1840,2026-09-09T18:40:02.910233+09:00,GGB222001318,GGB234000028,2585,일반차량
2026-09-09,1840,2026-09-09T18:40:02.910233+09:00,GGB222001318,GGB234000028,774,저상버스
2026-09-09,1845,2026-09-09T18:45:02.721108+09:00,GGB222001318,GGB222000009,496,저상버스
2026-09-09,1845,2026-09-09T18:45:02.721108+09:00,GGB222001318,GGB222000009,1506,저상버스
2026-09-09,1845,2026-09-09T18:45:02.721108+09:00,GGB222001318,GGB222000013,1383,저상버스
2026-09-09,1845,2026-09-09T18:45:02.721108+09:00,GGB222001318,GGB222000013,383,저상버스
2026-09-09,1845,2026-09-09T18:45:02.721108+09:00,GGB222001318,GGB222000027,601,저상버스
2026-09-09,1845,2026-09-09T18:45:02.721108+09:00,GGB222001318,GGB222000027,3491,저상버스
2026-09-09,1845,2026-09-09T18:45:02.721108+09:00,GGB222001318,GGB222000028,630,일반차량
2026-09-09,1845,2026-09-09T18:45:02.721108+09:00,GGB222001318,GGB222000028,1068,일반차량
2026-09-09,1845,2026-09-09T18:45:02.721108+09:00,GGB222001318,GGB222000031,1961,저상버스
2026-09-09,1845,2026-09-09T18:45:02.721108+09:00,GGB222001318,GGB222000031,525,저상버스
2026-09-09,1845,2026-09-09T18:45:02.721108+09:00,GGB222001318,GGB222000032,4410,저상버스
2026-09-09,1845,2026-09-09T18:45:02.721108+09:00,GGB222001318,GGB222000032,2601,일반차량
2026-09-09,1845,2026-09-09T18:45:02.721108+09:00,GGB222001318,GGB222000048,639,저상버스
2026-09-09,1845,2026-09-09T18:45:02.721108+09:00,GGB222001318,GGB222000048,2391,일반차량
2026-09-09,1845,2026-09-09T18:45:02.721108+09:00,GGB222001318,GGB222000056,106,일반차량
2026-09-09,1845,2026-09-09T18:45:02.721108+09:00,GGB222001318,GGB222000078,2872,일반차량
2026-09-09,1845,2026-09-09T18:45:02.721108+09:00,GGB222001318,GGB222000078,1437,일반차량
2026-09-09,1845,2026-09-09T18:45:02.721108+09:00,GGB222001318,GGB222000180,3248,일반차량
2026-09-09,1845,2026-09-09T18:45:02.721108+09:00,GGB222001318,GGB222000180,747,일반차량
2026-09-09,1845,2026-09-09T18:45:02.721108+09:00,GGB222001318,GGB222000199,1641,일반차량
2026-09-09,1845,2026-09-09T18:45:02.721108+09:00,GGB222001318,GGB222000199,444,일반차량
2026-09-09,1845,2026-09-09T18:45:02.721108+09:00,GGB222001318,GGB234000003,3359,저상버스
2026-09-09,1845,2026-09-09T18:45:02.721108+09:00,GGB222001318,GGB234000003,466,저상버스
2026-09-09,1845,2026-09-09T18:45:02.721108+09:00,GGB222001318,GGB234000028,2435,일반차량
2026-09-09,1845,2026-09-09T18:45:02.721108+09:00,GGB222001318,GGB234000028,648,저상버스
2026-09-09,1850,2026-09-09T18:50:02.474425+09:00,GGB222001318,GGB222000009,355,저상버스
2026-09-09,1850,2026-09-09T18:50:02.474425+09:00,GGB222001318,GGB222000009,1303,저상버스
2026-09-09,1850,2026-09-09T18:50:02.474425+09:00,GGB222001318,GGB222000013,1169,저상버스
2026-09-09,1850,2026-09-09T18:50:02.474425+09:00,GGB222001318,GGB222000013,231,저상버스
2026-09-09,1850,2026-09-09T18:50:02.474425+09:00,GGB222001318,GGB222000027,383,저상버스
2026-09-09,1850,2026-09-09T18:50:02.474425+09:00,GGB222001318,GGB222000027,3095,저상버스
2026-09-09,1850,2026-09-09T18:50:02.474425+09:00,GGB222001318,GGB222000028,484,일반차량
2026-09-09,1850,2026-09-09T18:50:02.474425+09:00,GGB222001318,GGB222000028,991,일반차량
2026-09-09,1850,2026-09-09T18:50:02.474425+09:00,GGB222001318,GGB222000031,1814,저상버스
2026-09-09,1850,2026-09-09T18:50:02.474425+09:00,GGB222001318,GGB222000031,397,저상버스
2026-09-09,1850,2026-09-09T18:50:02.474425+09:00,GGB222001318,GGB222000032,4125,저상버스
2026-09-09,1850,2026-09-09T18:50:02.474425+09:00,GGB222001318,GGB222000032,2371,일반차량
2026-09-09,1850,2026-09-09T18:50:02.474425+09:00,GGB222001318,GGB222000048,576,저상버스
2026-09-09,1850,2026-09-09T18:50:02.474425+09:00,GGB222001318,GGB222000048,2170,일반차량
2026-09-09,1850,2026-09-09T18:50:02.474425+09:00,GGB222001318,GGB222000078,2717,일반차량
2026-09-09,1850,2026-09-09T18:50:02.474425+09:00,GGB222001318,GGB222000078,1442,일반차량
2026-09-09,1850,2026-09-09T18:50:02.474425+09:00,GGB222001318,GGB222000180,3136,일반차량
2026-09-09,1850,2026-09-09T18:50:02.474425+09:00,GGB222001318,GGB222000180,650,일반차량
2026-09-09,1850,2026-09-09T18:50:02.474425+09:00,GGB222001318,GGB222000199,1609,일반차량
2026-09-09,1850,2026-09-09T18:50:02.474425+09:00,GGB222001318,GGB222000199,342,일반차량
2026-09-09,1850,2026-09-09T18:50:02.474425+09:00,GGB222001318,GGB234000003,3243,저상버스
2026-09-09,1850,2026-09-09T18:50:02.474425+09:00,GGB222001318,GGB234000003,363,저상버스
2026-09-09,1850,2026-09-09T18:50:02.474425+09:00,GGB222001318,GGB234000028,2291,일반차량
2026-09-09,1850,2026-09-09T18:50:02.474425+09:00,GGB222001318,GGB234000028,383,저상버스
2026-09-09,1855,2026-09-09T18:55:03.061824+09:00,GGB222001318,GGB222000009,1672,저상버스
2026-09-09,1855,2026-09-09T18:55:03.061824+09:00,GGB222001318,GGB222000009,970,저상버스
2026-09-09,1855,2026-09-09T18:55:03.061824+09:00,GGB222001318,GGB222000013,999,저상버스
2026-09-09,1855,2026-09-09T18:55:03.061824+09:00,GGB222001318,GGB222000013,2516,저상버스
2026-09-09,1855,2026-09-09T18:55:03.061824+09:00,GGB222001318,GGB222000027,107,저상버스
2026-09-09,1855,2026-09-09T18:55:03.061824+09:00,GGB222001318,GGB222000027,2735,저상버스
2026-09-09,1855,2026-09-09T18:55:03.061824+09:00,GGB222001318,GGB222000028,297,일반차량
2026-09-09,1855,2026-09-09T18:55:03.061824+09:00,GGB222001318,GGB222000028,958,일반차량
2026-09-09,1855,2026-09-09T18:55:03.061824+09:00,GGB222001318,GGB222000031,1456,저상버스
2026-09-09,1855,2026-09-09T18:55:03.061824+09:00,GGB222001318,GGB222000031,155,저상버스
2026-09-09,1855,2026-09-09T18:55:03.061824+09:00,GGB222001318,GGB222000032,3754,저상버스
2026-09-09,1855,2026-09-09T18:55:03.061824+09:00,GGB222001318,GGB222000032,2040,일반차량
2026-09-09,1855,2026-09-09T18:55:03.061824+09:00,GGB222001318,GGB222000048,379,저상버스
2026-09-09,1855,2026-09-09T18:55:03.061824+09:00,GGB222001318,GGB222000048,1918,일반차량
2026-09-09,1855,2026-09-09T18:55:03.061824+09:00,GGB222001318,GGB222000078,2342,일반차량
2026-09-09,1855,2026-09-09T18:55:03.061824+09:00,GGB222001318,GGB222000078,1147,일반차량
2026-09-09,1855,2026-09-09T18:55:03.061824+09:00,GGB222001318,GGB222000180,3001,일반차량
2026-09-09,1855,2026-09-09T18:55:03.061824+09:00,GGB222001318,GGB222000180,481,일반차량
2026-09-09,1855,2026-09-09T18:55:03.061824+09:00,GGB222001318,GGB222000199,1254,일반차량
2026-09-09,1855,2026-09-09T18:55:03.061824+09:00,GGB222001318,GGB222000199,2371,일반차량
2026-09-09,1855,2026-09-09T18:55:03.061824+09:00,GGB222001318,GGB234000003,3004,저상버스
2026-09-09,1855,2026-09-09T18:55:03.061824+09:00,GGB222001318,GGB234000003,20,저상버스
2026-09-09,1855,2026-09-09T18:55:03.061824+09:00,GGB222001318,GGB234000028,2053,일반차량
2026-09-09,1855,2026-09-09T18:55:03.061824+09:00,GGB222001318,GGB234000028,107,저상버스
2026-09-10,0715,2026-09-10T07:15:04.666636+09:00,GGB222001318,GGB222000009,762,저상버스
2026-09-10,0715,2026-09-10T07:15:04.666636+09:00,GGB222001318,GGB222000009,1768,저상버스
2026-09-10,0715,2026-09-10T07:15:04.666636+09:00,GGB222001318,GGB222000013,1705,저상버스
2026-09-10,0715,2026-09-10T07:15:04.666636+09:00,GGB222001318,GGB222000013,763,저상버스
2026-09-10,0715,2026-09-10T07:15:04.666636+09:00,GGB222001318,GGB222000027,1860,저상버스
2026-09-10,0715,2026-09-10T07:15:04.666636+09:00,GGB222001318,GGB222000027,2914,저상버스
2026-09-10,0715,2026-09-10T07:15:04.666636+09:00,GGB222001318,GGB222000028,389,일반차량
2026-09-10,0715,2026-09-10T07:15:04.666636+09:00,GGB222001318,GGB222000028,939,일반차량
2026-09-10,0715,2026-09-10T07:15:04.666636+09:00,GGB222001318,GGB222000031,1921,저상버스
2026-09-10,0715,2026-09-10T07:15:04.666636+09:00,GGB222001318,GGB222000031,753,저상버스
2026-09-10,0715,2026-09-10T07:15:04.666636+09:00,GGB222001318,GGB222000032,4545,저상버스
2026-09-10,0715,2026-09-10T07:15:04.666636+09:00,GGB222001318,GGB222000032,5209,저상버스
2026-09-10,0715,2026-09-10T07:15:04.666636+09:00,GGB222001318,GGB222000048,2198,일반차량
2026-09-10,0715,2026-09-10T07:15:04.666636+09:00,GGB222001318,GGB222000048,1010,일반차량
2026-09-10,0715,2026-09-10T07:15:04.666636+09:00,GGB222001318,GGB222000056,546,일반차량
2026-09-10,0715,2026-09-10T07:15:04.666636+09:00,GGB222001318,GGB222000078,4182,일반차량
2026-09-10,0715,2026-09-10T07:15:04.666636+09:00,GGB222001318,GGB222000078,2031,일반차량
2026-09-10,0715,2026-09-10T07:15:04.666636+09:00,GGB222001318,GGB222000137,3089,일반차량
2026-09-10,0715,2026-09-10T07:15:04.666636+09:00,GGB222001318,GGB222000180,671,일반차량
2026-09-10,0715,2026-09-10T07:15:04.666636+09:00,GGB222001318,GGB222000180,2822,일반차량
2026-09-10,0715,2026-09-10T07:15:04.666636+09:00,GGB222001318,GGB222000199,1780,일반차량
2026-09-10,0715,2026-09-10T07:15:04.666636+09:00,GGB222001318,GGB222000199,1005,일반차량
2026-09-10,0715,2026-09-10T07:15:04.666636+09:00,GGB222001318,GGB222000239,378,일반차량
2026-09-10,0715,2026-09-10T07:15:04.666636+09:00,GGB222001318,GGB234000003,450,저상버스
2026-09-10,0715,2026-09-10T07:15:04.666636+09:00,GGB222001318,GGB234000003,3673,저상버스
2026-09-10,0715,2026-09-10T07:15:04.666636+09:00,GGB222001318,GGB234000028,3095,일반차량
2026-09-10,0715,2026-09-10T07:15:04.666636+09:00,GGB222001318,GGB234000028,1535,저상버스
2026-09-10,0720,2026-09-10T07:20:03.296182+09:00,GGB222001318,GGB222000009,665,저상버스
2026-09-10,0720,2026-09-10T07:20:03.296182+09:00,GGB222001318,GGB222000009,1619,저상버스
2026-09-10,0720,2026-09-10T07:20:03.296182+09:00,GGB222001318,GGB222000013,1672,저상버스
2026-09-10,0720,2026-09-10T07:20:03.296182+09:00,GGB222001318,GGB222000013,572,저상버스
2026-09-10,0720,2026-09-10T07:20:03.296182+09:00,GGB222001318,GGB222000027,1744,저상버스
2026-09-10,0720,2026-09-10T07:20:03.296182+09:00,GGB222001318,GGB222000027,3084,저상버스
2026-09-10,0720,2026-09-10T07:20:03.296182+09:00,GGB222001318,GGB222000028,271,일반차량
2026-09-10,0720,2026-09-10T07:20:03.296182+09:00,GGB222001318,GGB222000028,889,일반차량
2026-09-10,0720,2026-09-10T07:20:03.296182+09:00,GGB222001318,GGB222000031,1821,저상버스
2026-09-10,0720,2026-09-10T07:20:03.296182+09:00,GGB222001318,GGB222000031,546,저상버스
2026-09-10,0720,2026-09-10T07:20:03.296182+09:00,GGB222001318,GGB222000032,4244,저상버스
2026-09-10,0720,2026-09-10T07:20:03.296182+09:00,GGB222001318,GGB222000032,5185,저상버스
2026-09-10,0720,2026-09-10T07:20:03.296182+09:00,GGB222001318,GGB222000048,2135,일반차량
2026-09-10,0720,2026-09-10T07:20:03.296182+09:00,GGB222001318,GGB222000048,874,일반차량
2026-09-10,0720,2026-09-10T07:20:03.296182+09:00,GGB222001318,GGB222000056,349,일반차량
2026-09-10,0720,2026-09-10T07:20:03.296182+09:00,GGB222001318,GGB222000078,801,일반차량
2026-09-10,0720,2026-09-10T07:20:03.296182+09:00,GGB222001318,GGB222000078,2089,일반차량
2026-09-10,0720,2026-09-10T07:20:03.296182+09:00,GGB222001318,GGB222000137,2929,일반차량
2026-09-10,0720,2026-09-10T07:20:03.296182+09:00,GGB222001318,GGB222000180,548,일반차량
2026-09-10,0720,2026-09-10T07:20:03.296182+09:00,GGB222001318,GGB222000180,2681,일반차량
2026-09-10,0720,2026-09-10T07:20:03.296182+09:00,GGB222001318,GGB222000199,1540,일반차량
2026-09-10,0720,2026-09-10T07:20:03.296182+09:00,GGB222001318,GGB222000199,835,일반차량
2026-09-10,0720,2026-09-10T07:20:03.296182+09:00,GGB222001318,GGB222000239,229,일반차량
2026-09-10,0720,2026-09-10T07:20:03.296182+09:00,GGB222001318,GGB234000003,349,저상버스
2026-09-10,0720,2026-09-10T07:20:03.296182+09:00,GGB222001318,GGB234000003,3589,저상버스
2026-09-10,0720,2026-09-10T07:20:03.296182+09:00,GGB222001318,GGB234000028,3013,일반차량
2026-09-10,0720,2026-09-10T07:20:03.296182+09:00,GGB222001318,GGB234000028,1439,저상버스
2026-09-10,0725,2026-09-10T07:25:03.262399+09:00,GGB222001318,GGB222000009,343,저상버스
2026-09-10,0725,2026-09-10T07:25:03.262399+09:00,GGB222001318,GGB222000009,1391,저상버스
2026-09-10,0725,2026-09-10T07:25:03.262399+09:00,GGB222001318,GGB222000013,1480,저상버스
2026-09-10,0725,2026-09-10T07:25:03.262399+09:00,GGB222001318,GGB222000013,289,저상버스
2026-09-10,0725,2026-09-10T07:25:03.262399+09:00,GGB222001318,GGB222000027,1468,저상버스
2026-09-10,0725,2026-09-10T07:25:03.262399+09:00,GGB222001318,GGB222000027,2885,저상버스
2026-09-10,0725,2026-09-10T07:25:03.262399+09:00,GGB222001318,GGB222000028,1123,일반차량
2026-09-10,0725,2026-09-10T07:25:03.262399+09:00,GGB222001318,GGB222000028,418,일반차량
2026-09-10,0725,2026-09-10T07:25:03.262399+09:00,GGB222001318,GGB222000031,1582,저상버스
2026-09-10,0725,2026-09-10T07:25:03.262399+09:00,GGB222001318,GGB222000031,374,저상버스
2026-09-10,0725,2026-09-10T07:25:03.262399+09:00,GGB222001318,GGB222000032,3898,저상버스
2026-09-10,0725,2026-09-10T07:25:03.262399+09:00,GGB222001318,GGB222000032,4632,저상버스
2026-09-10,0725,2026-09-10T07:25:03.262399+09:00,GGB222001318,GGB222000048,1704,일반차량
2026-09-10,0725,2026-09-10T07:25:03.262399+09:00,GGB222001318,GGB222000048,586,일반차량
2026-09-10,0725,2026-09-10T07:25:03.262399+09:00,GGB222001318,GGB222000078,445,일반차량
2026-09-10,0725,2026-09-10T07:25:03.262399+09:00,GGB222001318,GGB222000078,1744,일반차량
2026-09-10,0725,2026-09-10T07:25:03.262399+09:00,GGB222001318,GGB222000137,2702,일반차량
2026-09-10,0725,2026-09-10T07:25:03.262399+09:00,GGB222001318,GGB222000137,6107,일반차량
2026-09-10,0725,2026-09-10T07:25:03.262399+09:00,GGB222001318,GGB222000180,297,일반차량
2026-09-10,0725,2026-09-10T07:25:03.262399+09:00,GGB222001318,GGB222000180,2153,일반차량
2026-09-10,0725,2026-09-10T07:25:03.262399+09:00,GGB222001318,GGB222000199,1323,일반차량
2026-09-10,0725,2026-09-10T07:25:03.262399+09:00,GGB222001318,GGB222000199,603,일반차량
2026-09-10,0725,2026-09-10T07:25:03.262399+09:00,GGB222001318,GGB234000003,6377,저상버스
2026-09-10,0725,2026-09-10T07:25:03.262399+09:00,GGB222001318,GGB234000003,3174,저상버스
2026-09-10,0725,2026-09-10T07:25:03.262399+09:00,GGB222001318,GGB234000028,2723,일반차량
2026-09-10,0725,2026-09-10T07:25:03.262399+09:00,GGB222001318,GGB234000028,1108,저상버스
2026-09-10,0730,2026-09-10T07:30:02.697254+09:00,GGB222001318,GGB222000009,91,저상버스
2026-09-10,0730,2026-09-10T07:30:02.697254+09:00,GGB222001318,GGB222000009,1120,저상버스
2026-09-10,0730,2026-09-10T07:30:02.697254+09:00,GGB222001318,GGB222000013,1271,저상버스
2026-09-10,0730,2026-09-10T07:30:02.697254+09:00,GGB222001318,GGB222000013,91,저상버스
2026-09-10,0730,2026-09-10T07:30:02.697254+09:00,GGB222001318,GGB222000027,1026,저상버스
2026-09-10,0730,2026-09-10T07:30:02.697254+09:00,GGB222001318,GGB222000027,2278,저상버스
2026-09-10,0730,2026-09-10T07:30:02.697254+09:00,GGB222001318,GGB222000028,926,일반차량
2026-09-10,0730,2026-09-10T07:30:02.697254+09:00,GGB222001318,GGB222000028,185,일반차량
2026-09-10,0730,2026-09-10T07:30:02.697254+09:00,GGB222001318,GGB222000031,1410,저상버스
2026-09-10,0730,2026-09-10T07:30:02.697254+09:00,GGB222001318,GGB222000031,74,저상버스
2026-09-10,0730,2026-09-10T07:30:02.697254+09:00,GGB222001318,GGB222000032,3718,저상버스
2026-09-10,0730,2026-09-10T07:30:02.697254+09:00,GGB222001318,GGB222000032,4341,저상버스
2026-09-10,0730,2026-09-10T07:30:02.697254+09:00,GGB222001318,GGB222000048,1471,일반차량
2026-09-10,0730,2026-09-10T07:30:02.697254+09:00,GGB222001318,GGB222000048,319,일반차량
2026-09-10,0730,2026-09-10T07:30:02.697254+09:00,GGB222001318,GGB222000078,3410,일반차량
2026-09-10,0730,2026-09-10T07:30:02.697254+09:00,GGB222001318,GGB222000137,2361,일반차량
2026-09-10,0730,2026-09-10T07:30:02.697254+09:00,GGB222001318,GGB222000137,5917,일반차량
2026-09-10,0730,2026-09-10T07:30:02.697254+09:00,GGB222001318,GGB222000180,1748,일반차량
2026-09-10,0730,2026-09-10T07:30:02.697254+09:00,GGB222001318,GGB222000199,858,일반차량
2026-09-10,0730,2026-09-10T07:30:02.697254+09:00,GGB222001318,GGB222000199,287,일반차량
2026-09-10,0730,2026-09-10T07:30:02.697254+09:00,GGB222001318,GGB234000003,6207,저상버스
2026-09-10,0730,2026-09-10T07:30:02.697254+09:00,GGB222001318,GGB234000003,2937,저상버스
2026-09-10,0730,2026-09-10T07:30:02.697254+09:00,GGB222001318,GGB234000028,2459,일반차량
2026-09-10,0730,2026-09-10T07:30:02.697254+09:00,GGB222001318,GGB234000028,894,저상버스
2026-09-10,0735,2026-09-10T07:35:02.671746+09:00,GGB222001318,GGB222000009,1964,저상버스
2026-09-10,0735,2026-09-10T07:35:02.671746+09:00,GGB222001318,GGB222000009,890,저상버스
2026-09-10,0735,2026-09-10T07:35:02.671746+09:00,GGB222001318,GGB222000013,1111,저상버스
2026-09-10,0735,2026-09-10T07:35:02.671746+09:00,GGB222001318,GGB222000013,2356,저상버스
2026-09-10,0735,2026-09-10T07:35:02.671746+09:00,GGB222001318,GGB222000027,798,저상버스
2026-09-10,0735,2026-09-10T07:35:02.671746+09:00,GGB222001318,GGB222000027,2107,저상버스
2026-09-10,0735,2026-09-10T07:35:02.671746+09:00,GGB222001318,GGB222000028,519,일반차량
2026-09-10,0735,2026-09-10T07:35:02.671746+09:00,GGB222001318,GGB222000028,1294,일반차량
2026-09-10,0735,2026-09-10T07:35:02.671746+09:00,GGB222001318,GGB222000031,1262,저상버스
2026-09-10,0735,2026-09-10T07:35:02.671746+09:00,GGB222001318,GGB222000031,2541,저상버스
2026-09-10,0735,2026-09-10T07:35:02.671746+09:00,GGB222001318,GGB222000032,3576,저상버스
2026-09-10,0735,2026-09-10T07:35:02.671746+09:00,GGB222001318,GGB222000032,5309,저상버스
2026-09-10,0735,2026-09-10T07:35:02.671746+09:00,GGB222001318,GGB222000048,1179,일반차량
2026-09-10,0735,2026-09-10T07:35:02.671746+09:00,GGB222001318,GGB222000048,118,일반차량
2026-09-10,0735,2026-09-10T07:35:02.671746+09:00,GGB222001318,GGB222000078,3051,일반차량
2026-09-10,0735,2026-09-10T07:35:02.671746+09:00,GGB222001318,GGB222000137,2206,일반차량
2026-09-10,0735,2026-09-10T07:35:02.671746+09:00,GGB222001318,GGB222000137,5781,일반차량
2026-09-10,0735,2026-09-10T07:35:02.671746+09:00,GGB222001318,GGB222000180,4046,일반차량
2026-09-10,0735,2026-09-10T07:35:02.671746+09:00,GGB222001318,GGB222000180,1676,일반차량
2026-09-10,0735,2026-09-10T07:35:02.671746+09:00,GGB222001318,GGB222000199,493,일반차량
2026-09-10,0735,2026-09-10T07:35:02.671746+09:00,GGB222001318,GGB222000199,107,일반차량
2026-09-10,0735,2026-09-10T07:35:02.671746+09:00,GGB222001318,GGB234000003,6061,저상버스
2026-09-10,0735,2026-09-10T07:35:02.671746+09:00,GGB222001318,GGB234000003,2654,저상버스
2026-09-10,0735,2026-09-10T07:35:02.671746+09:00,GGB222001318,GGB234000028,2341,일반차량
2026-09-10,0735,2026-09-10T07:35:02.671746+09:00,GGB222001318,GGB234000028,712,저상버스
2026-09-10,0740,2026-09-10T07:40:02.144347+09:00,GGB222001318,GGB222000009,1913,저상버스
2026-09-10,0740,2026-09-10T07:40:02.144347+09:00,GGB222001318,GGB222000009,775,저상버스
2026-09-10,0740,2026-09-10T07:40:02.144347+09:00,GGB222001318,GGB222000013,971,저상버스
2026-09-10,0740,2026-09-10T07:40:02.144347+09:00,GGB222001318,GGB222000013,2275,저상버스
2026-09-10,0740,2026-09-10T07:40:02.144347+09:00,GGB222001318,GGB222000027,605,저상버스
2026-09-10,0740,2026-09-10T07:40:02.144347+09:00,GGB222001318,GGB222000027,1847,저상버스
2026-09-10,0740,2026-09-10T07:40:02.144347+09:00,GGB222001318,GGB222000028,375,일반차량
2026-09-10,0740,2026-09-10T07:40:02.144347+09:00,GGB222001318,GGB222000028,1111,일반차량
2026-09-10,0740,2026-09-10T07:40:02.144347+09:00,GGB222001318,GGB222000031,1115,저상버스
2026-09-10,0740,2026-09-10T07:40:02.144347+09:00,GGB222001318,GGB222000031,2598,저상버스
2026-09-10,0740,2026-09-10T07:40:02.144347+09:00,GGB222001318,GGB222000032,3376,저상버스
2026-09-10,0740,2026-09-10T07:40:02.144347+09:00,GGB222001318,GGB222000032,5374,저상버스
2026-09-10,0740,2026-09-10T07:40:02.144347+09:00,GGB222001318,GGB222000048,2572,일반차량
2026-09-10,0740,2026-09-10T07:40:02.144347+09:00,GGB222001318,GGB222000048,993,일반차량
2026-09-10,0740,2026-09-10T07:40:02.144347+09:00,GGB222001318,GGB222000078,2741,일반차량
2026-09-10,0740,2026-09-10T07:40:02.144347+09:00,GGB222001318,GGB222000078,851,일반차량
2026-09-10,0740,2026-09-10T07:40:02.144347+09:00,GGB222001318,GGB222000137,2127,일반차량
2026-09-10,0740,2026-09-10T07:40:02.144347+09:00,GGB222001318,GGB222000137,5698,일반차량
2026-09-10,0740,2026-09-10T07:40:02.144347+09:00,GGB222001318,GGB222000180,3847,일반차량
2026-09-10,0740,2026-09-10T07:40:02.144347+09:00,GGB222001318,GGB222000180,1483,일반차량
2026-09-10,0740,2026-09-10T07:40:02.144347+09:00,GGB222001318,GGB222000199,1160,일반차량
2026-09-10,0740,2026-09-10T07:40:02.144347+09:00,GGB222001318,GGB222000199,307,일반차량
2026-09-10,0740,2026-09-10T07:40:02.144347+09:00,GGB222001318,GGB234000003,5935,저상버스
2026-09-10,0740,2026-09-10T07:40:02.144347+09:00,GGB222001318,GGB234000003,2570,저상버스
2026-09-10,0740,2026-09-10T07:40:02.144347+09:00,GGB222001318,GGB234000028,2153,일반차량
2026-09-10,0740,2026-09-10T07:40:02.144347+09:00,GGB222001318,GGB234000028,609,저상버스
2026-09-10,0745,2026-09-10T07:45:01.753031+09:00,GGB222001318,GGB222000009,1599,저상버스
2026-09-10,0745,2026-09-10T07:45:01.753031+09:00,GGB222001318,GGB222000009,460,저상버스
2026-09-10,0745,2026-09-10T07:45:01.753031+09:00,GGB222001318,GGB222000013,652,저상버스
2026-09-10,0745,2026-09-10T07:45:01.753031+09:00,GGB222001318,GGB222000013,1804,저상버스
2026-09-10,0745,2026-09-10T07:45:01.753031+09:00,GGB222001318,GGB222000027,251,저상버스
2026-09-10,0745,2026-09-10T07:45:01.753031+09:00,GGB222001318,GGB222000027,1544,저상버스
2026-09-10,0745,2026-09-10T07:45:01.753031+09:00,GGB222001318,GGB222000028,124,일반차량
2026-09-10,0745,2026-09-10T07:45:01.753031+09:00,GGB222001318,GGB222000028,769,일반차량
2026-09-10,0745,2026-09-10T07:45:01.753031+09:00,GGB222001318,GGB222000031,836,저상버스
2026-09-10,0745,2026-09-10T07:45:01.753031+09:00,GGB222001318,GGB222000031,2330,저상버스
2026-09-10,0745,2026-09-10T07:45:01.753031+09:00,GGB222001318,GGB222000032,3096,저상버스
2026-09-10,0745,2026-09-10T07:45:01.753031+09:00,GGB222001318,GGB222000032,4664,저상버스
2026-09-10,0745,2026-09-10T07:45:01.753031+09:00,GGB222001318,GGB222000048,2206,일반차량
2026-09-10,0745,2026-09-10T07:45:01.753031+09:00,GGB222001318,GGB222000048,683,일반차량
2026-09-10,0745,2026-09-10T07:45:01.753031+09:00,GGB222001318,GGB222000078,2597,일반차량
2026-09-10,0745,2026-09-10T07:45:01.753031+09:00,GGB222001318,GGB222000078,621,일반차량
2026-09-10,0745,2026-09-10T07:45:01.753031+09:00,GGB222001318,GGB222000137,1854,일반차량
2026-09-10,0745,2026-09-10T07:45:01.753031+09:00,GGB222001318,GGB222000137,5349,일반차량
2026-09-10,0745,2026-09-10T07:45:01.753031+09:00,GGB222001318,GGB222000180,3582,일반차량
2026-09-10,0745,2026-09-10T07:45:01.753031+09:00,GGB222001318,GGB222000180,1324,일반차량
2026-09-10,0745,2026-09-10T07:45:01.753031+09:00,GGB222001318,GGB222000199,647,일반차량
2026-09-10,0745,2026-09-10T07:45:01.753031+09:00,GGB222001318,GGB222000199,87,일반차량
2026-09-10,0745,2026-09-10T07:45:01.753031+09:00,GGB222001318,GGB234000003,5702,저상버스
2026-09-10,0745,2026-09-10T07:45:01.753031+09:00,GGB222001318,GGB234000003,2353,저상버스
2026-09-10,0745,2026-09-10T07:45:01.753031+09:00,GGB222001318,GGB234000028,1865,일반차량
2026-09-10,0745,2026-09-10T07:45:01.753031+09:00,GGB222001318,GGB234000028,433,저상버스
2026-09-10,0755,2026-09-10T07:55:01.712962+09:00,GGB222001318,GGB222000009,1594,일반차량
2026-09-10,0755,2026-09-10T07:55:01.712962+09:00,GGB222001318,GGB222000009,744,저상버스
2026-09-10,0755,2026-09-10T07:55:01.712962+09:00,GGB222001318,GGB222000013,2158,저상버스
2026-09-10,0755,2026-09-10T07:55:01.712962+09:00,GGB222001318,GGB222000013,1143,저상버스
2026-09-10,0755,2026-09-10T07:55:01.712962+09:00,GGB222001318,GGB222000027,1126,저상버스
2026-09-10,0755,2026-09-10T07:55:01.712962+09:00,GGB222001318,GGB222000027,4386,저상버스
2026-09-10,0755,2026-09-10T07:55:01.712962+09:00,GGB222001318,GGB222000028,894,일반차량
2026-09-10,0755,2026-09-10T07:55:01.712962+09:00,GGB222001318,GGB222000028,161,일반차량
2026-09-10,0755,2026-09-10T07:55:01.712962+09:00,GGB222001318,GGB222000031,208,저상버스
2026-09-10,0755,2026-09-10T07:55:01.712962+09:00,GGB222001318,GGB222000031,1502,저상버스
2026-09-10,0755,2026-09-10T07:55:01.712962+09:00,GGB222001318,GGB222000032,2509,저상버스
2026-09-10,0755,2026-09-10T07:55:01.712962+09:00,GGB222001318,GGB222000032,3891,저상버스
2026-09-10,0755,2026-09-10T07:55:01.712962+09:00,GGB222001318,GGB222000048,1574,일반차량
2026-09-10,0755,2026-09-10T07:55:01.712962+09:00,GGB222001318,GGB222000048,205,일반차량
2026-09-10,0755,2026-09-10T07:55:01.712962+09:00,GGB222001318,GGB222000078,2094,일반차량
2026-09-10,0755,2026-09-10T07:55:01.712962+09:00,GGB222001318,GGB222000078,6225,일반차량
2026-09-10,0755,2026-09-10T07:55:01.712962+09:00,GGB222001318,GGB222000137,1331,일반차량
2026-09-10,0755,2026-09-10T07:55:01.712962+09:00,GGB222001318,GGB222000137,4955,일반차량
2026-09-10,0755,2026-09-10T07:55:01.712962+09:00,GGB222001318,GGB222000180,2731,일반차량
2026-09-10,0755,2026-09-10T07:55:01.712962+09:00,GGB222001318,GGB222000180,583,일반차량
2026-09-10,0755,2026-09-10T07:55:01.712962+09:00,GGB222001318,GGB222000199,1216,일반차량
2026-09-10,0755,2026-09-10T07:55:01.712962+09:00,GGB222001318,GGB222000199,191,일반차량
2026-09-10,0755,2026-09-10T07:55:01.712962+09:00,GGB222001318,GGB234000003,5093,저상버스
2026-09-10,0755,2026-09-10T07:55:01.712962+09:00,GGB222001318,GGB234000003,1855,저상버스
2026-09-10,0755,2026-09-10T07:55:01.712962+09:00,GGB222001318,GGB234000028,1352,일반차량
2026-09-10,0755,2026-09-10T07:55:01.712962+09:00,GGB222001318,GGB234000028,3368,저상버스
2026-09-10,0800,2026-09-10T08:00:01.597430+09:00,GGB222001318,GGB222000009,1210,일반차량
2026-09-10,0800,2026-09-10T08:00:01.597430+09:00,GGB222001318,GGB222000009,437,저상버스
2026-09-10,0800,2026-09-10T08:00:01.597430+09:00,GGB222001318,GGB222000013,1963,저상버스
2026-09-10,0800,2026-09-10T08:00:01.597430+09:00,GGB222001318,GGB222000013,1035,저상버스
2026-09-10,0800,2026-09-10T08:00:01.597430+09:00,GGB222001318,GGB222000027,929,저상버스
2026-09-10,0800,2026-09-10T08:00:01.597430+09:00,GGB222001318,GGB222000027,4333,저상버스
2026-09-10,0800,2026-09-10T08:00:01.597430+09:00,GGB222001318,GGB222000028,776,일반차량
2026-09-10,0800,2026-09-10T08:00:01.597430+09:00,GGB222001318,GGB222000028,44,일반차량
2026-09-10,0800,2026-09-10T08:00:01.597430+09:00,GGB222001318,GGB222000031,73,저상버스
2026-09-10,0800,2026-09-10T08:00:01.597430+09:00,GGB222001318,GGB222000031,1379,저상버스
2026-09-10,0800,2026-09-10T08:00:01.597430+09:00,GGB222001318,GGB222000032,2334,저상버스
2026-09-10,0800,2026-09-10T08:00:01.597430+09:00,GGB222001318,GGB222000032,3737,저상버스
2026-09-10,0800,2026-09-10T08:00:01.597430+09:00,GGB222001318,GGB222000048,1506,일반차량
2026-09-10,0800,2026-09-10T08:00:01.597430+09:00,GGB222001318,GGB222000048,75,일반차량
2026-09-10,0800,2026-09-10T08:00:01.597430+09:00,GGB222001318,GGB222000078,1756,일반차량
2026-09-10,0800,2026-09-10T08:00:01.597430+09:00,GGB222001318,GGB222000078,6186,일반차량
2026-09-10,0800,2026-09-10T08:00:01.597430+09:00,GGB222001318,GGB222000137,1331,일반차량
2026-09-10,0800,2026-09-10T08:00:01.597430+09:00,GGB222001318,GGB222000137,4729,일반차량
2026-09-10,0800,2026-09-10T08:00:01.597430+09:00,GGB222001318,GGB222000180,2620,일반차량
2026-09-10,0800,2026-09-10T08:00:01.597430+09:00,GGB222001318,GGB222000180,432,일반차량
2026-09-10,0800,2026-09-10T08:00:01.597430+09:00,GGB222001318,GGB222000199,945,일반차량
2026-09-10,0800,2026-09-10T08:00:01.597430+09:00,GGB222001318,GGB222000199,1676,일반차량
2026-09-10,0800,2026-09-10T08:00:01.597430+09:00,GGB222001318,GGB234000003,4960,저상버스
2026-09-10,0800,2026-09-10T08:00:01.597430+09:00,GGB222001318,GGB234000003,1637,저상버스
2026-09-10,0800,2026-09-10T08:00:01.597430+09:00,GGB222001318,GGB234000028,1001,일반차량
2026-09-10,0800,2026-09-10T08:00:01.597430+09:00,GGB222001318,GGB234000028,2998,저상버스
2026-09-10,0805,2026-09-10T08:05:01.869307+09:00,GGB222001318,GGB222000009,1047,일반차량
2026-09-10,0805,2026-09-10T08:05:01.869307+09:00,GGB222001318,GGB222000009,294,저상버스
2026-09-10,0805,2026-09-10T08:05:01.869307+09:00,GGB222001318,GGB222000013,1930,저상버스
2026-09-10,0805,2026-09-10T08:05:01.869307+09:00,GGB222001318,GGB222000013,890,저상버스
2026-09-10,0805,2026-09-10T08:05:01.869307+09:00,GGB222001318,GGB222000027,740,저상버스
2026-09-10,0805,2026-09-10T08:05:01.869307+09:00,GGB222001318,GGB222000027,4228,저상버스
2026-09-10,0805,2026-09-10T08:05:01.869307+09:00,GGB222001318,GGB222000028,587,일반차량
2026-09-10,0805,2026-09-10T08:05:01.869307+09:00,GGB222001318,GGB222000028,1203,일반차량
2026-09-10,0805,2026-09-10T08:05:01.869307+09:00,GGB222001318,GGB222000031,1152,저상버스
2026-09-10,0805,2026-09-10T08:05:01.869307+09:00,GGB222001318,GGB222000031,2106,저상버스
2026-09-10,0805,2026-09-10T08:05:01.869307+09:00,GGB222001318,GGB222000032,2104,저상버스
2026-09-10,0805,2026-09-10T08:05:01.869307+09:00,GGB222001318,GGB222000032,3603,저상버스
2026-09-10,0805,2026-09-10T08:05:01.869307+09:00,GGB222001318,GGB222000048,1355,일반차량
2026-09-10,0805,2026-09-10T08:05:01.869307+09:00,GGB222001318,GGB222000048,2772,일반차량
2026-09-10,0805,2026-09-10T08:05:01.869307+09:00,GGB222001318,GGB222000078,1631,일반차량
2026-09-10,0805,2026-09-10T08:05:01.869307+09:00,GGB222001318,GGB222000078,6055,일반차량
2026-09-10,0805,2026-09-10T08:05:01.869307+09:00,GGB222001318,GGB222000137,4670,일반차량
2026-09-10,0805,2026-09-10T08:05:01.869307+09:00,GGB222001318,GGB222000180,2535,일반차량
2026-09-10,0805,2026-09-10T08:05:01.869307+09:00,GGB222001318,GGB222000180,385,일반차량
2026-09-10,0805,2026-09-10T08:05:01.869307+09:00,GGB222001318,GGB222000199,735,일반차량
2026-09-10,0805,2026-09-10T08:05:01.869307+09:00,GGB222001318,GGB222000199,1558,일반차량
2026-09-10,0805,2026-09-10T08:05:01.869307+09:00,GGB222001318,GGB234000003,4741,저상버스
2026-09-10,0805,2026-09-10T08:05:01.869307+09:00,GGB222001318,GGB234000003,1483,저상버스
2026-09-10,0805,2026-09-10T08:05:01.869307+09:00,GGB222001318,GGB234000028,924,일반차량
2026-09-10,0805,2026-09-10T08:05:01.869307+09:00,GGB222001318,GGB234000028,2942,저상버스
2026-09-10,0810,2026-09-10T08:10:01.602849+09:00,GGB222001318,GGB222000009,743,일반차량
2026-09-10,0810,2026-09-10T08:10:01.602849+09:00,GGB222001318,GGB222000009,1684,저상버스
2026-09-10,0810,2026-09-10T08:10:01.602849+09:00,GGB222001318,GGB222000013,1774,저상버스
2026-09-10,0810,2026-09-10T08:10:01.602849+09:00,GGB222001318,GGB222000013,598,저상버스
2026-09-10,0810,2026-09-10T08:10:01.602849+09:00,GGB222001318,GGB222000027,358,저상버스
2026-09-10,0810,2026-09-10T08:10:01.602849+09:00,GGB222001318,GGB222000027,3761,저상버스
2026-09-10,0810,2026-09-10T08:10:01.602849+09:00,GGB222001318,GGB222000028,301,일반차량
2026-09-10,0810,2026-09-10T08:10:01.602849+09:00,GGB222001318,GGB222000028,955,일반차량
2026-09-10,0810,2026-09-10T08:10:01.602849+09:00,GGB222001318,GGB222000031,845,저상버스
2026-09-10,0810,2026-09-10T08:10:01.602849+09:00,GGB222001318,GGB222000031,1817,저상버스
2026-09-10,0810,2026-09-10T08:10:01.602849+09:00,GGB222001318,GGB222000032,2034,저상버스
2026-09-10,0810,2026-09-10T08:10:01.602849+09:00,GGB222001318,GGB222000032,3351,저상버스
2026-09-10,0810,2026-09-10T08:10:01.602849+09:00,GGB222001318,GGB222000048,1007,일반차량
2026-09-10,0810,2026-09-10T08:10:01.602849+09:00,GGB222001318,GGB222000048,2542,일반차량
2026-09-10,0810,2026-09-10T08:10:01.602849+09:00,GGB222001318,GGB222000078,5587,일반차량
2026-09-10,0810,2026-09-10T08:10:01.602849+09:00,GGB222001318,GGB222000137,687,일반차량
2026-09-10,0810,2026-09-10T08:10:01.602849+09:00,GGB222001318,GGB222000137,4469,일반차량
2026-09-10,0810,2026-09-10T08:10:01.602849+09:00,GGB222001318,GGB222000180,2463,일반차량
2026-09-10,0810,2026-09-10T08:10:01.602849+09:00,GGB222001318,GGB222000180,112,일반차량
2026-09-10,0810,2026-09-10T08:10:01.602849+09:00,GGB222001318,GGB222000199,444,일반차량
2026-09-10,0810,2026-09-10T08:10:01.602849+09:00,GGB222001318,GGB222000199,1454,일반차량
2026-09-10,0810,2026-09-10T08:10:01.602849+09:00,GGB222001318,GGB234000003,4567,저상버스
2026-09-10,0810,2026-09-10T08:10:01.602849+09:00,GGB222001318,GGB234000003,1165,저상버스
2026-09-10,0810,2026-09-10T08:10:01.602849+09:00,GGB222001318,GGB234000028,766,일반차량
2026-09-10,0810,2026-09-10T08:10:01.602849+09:00,GGB222001318,GGB234000028,2753,저상버스
2026-09-10,0815,2026-09-10T08:15:01.800836+09:00,GGB222001318,GGB222000009,383,일반차량
2026-09-10,0815,2026-09-10T08:15:01.800836+09:00,GGB222001318,GGB222000009,1322,저상버스
2026-09-10,0815,2026-09-10T08:15:01.800836+09:00,GGB222001318,GGB222000013,1699,저상버스
2026-09-10,0815,2026-09-10T08:15:01.800836+09:00,GGB222001318,GGB222000013,241,저상버스
2026-09-10,0815,2026-09-10T08:15:01.800836+09:00,GGB222001318,GGB222000027,114,저상버스
2026-09-10,0815,2026-09-10T08:15:01.800836+09:00,GGB222001318,GGB222000027,3440,저상버스
2026-09-10,0815,2026-09-10T08:15:01.800836+09:00,GGB222001318,GGB222000028,102,일반차량
2026-09-10,0815,2026-09-10T08:15:01.800836+09:00,GGB222001318,GGB222000028,690,일반차량
2026-09-10,0815,2026-09-10T08:15:01.800836+09:00,GGB222001318,GGB222000031,619,저상버스
2026-09-10,0815,2026-09-10T08:15:01.800836+09:00,GGB222001318,GGB222000031,1458,저상버스
2026-09-10,0815,2026-09-10T08:15:01.800836+09:00,GGB222001318,GGB222000032,1948,저상버스
2026-09-10,0815,2026-09-10T08:15:01.800836+09:00,GGB222001318,GGB222000032,3250,저상버스
2026-09-10,0815,2026-09-10T08:15:01.800836+09:00,GGB222001318,GGB222000048,762,일반차량
2026-09-10,0815,2026-09-10T08:15:01.800836+09:00,GGB222001318,GGB222000048,2210,일반차량
2026-09-10,0815,2026-09-10T08:15:01.800836+09:00,GGB222001318,GGB222000078,1342,일반차량
2026-09-10,0815,2026-09-10T08:15:01.800836+09:00,GGB222001318,GGB222000078,5366,일반차량
2026-09-10,0815,2026-09-10T08:15:01.800836+09:00,GGB222001318,GGB222000137,408,일반차량
2026-09-10,0815,2026-09-10T08:15:01.800836+09:00,GGB222001318,GGB222000137,4163,일반차량
2026-09-10,0815,2026-09-10T08:15:01.800836+09:00,GGB222001318,GGB222000180,4214,일반차량
2026-09-10,0815,2026-09-10T08:15:01.800836+09:00,GGB222001318,GGB222000180,2096,일반차량
2026-09-10,0815,2026-09-10T08:15:01.800836+09:00,GGB222001318,GGB222000199,321,일반차량
2026-09-10,0815,2026-09-10T08:15:01.800836+09:00,GGB222001318,GGB222000199,1276,일반차량
2026-09-10,0815,2026-09-10T08:15:01.800836+09:00,GGB222001318,GGB234000003,4228,저상버스
2026-09-10,0815,2026-09-10T08:15:01.800836+09:00,GGB222001318,GGB234000003,910,저상버스
2026-09-10,0815,2026-09-10T08:15:01.800836+09:00,GGB222001318,GGB234000028,459,일반차량
2026-09-10,0815,2026-09-10T08:15:01.800836+09:00,GGB222001318,GGB234000028,2611,저상버스
2026-09-10,0820,2026-09-10T08:20:02.023074+09:00,GGB222001318,GGB222000009,103,일반차량
2026-09-10,0820,2026-09-10T08:20:02.023074+09:00,GGB222001318,GGB222000009,1011,저상버스
2026-09-10,0820,2026-09-10T08:20:02.023074+09:00,GGB222001318,GGB222000013,2008,저상버스
2026-09-10,0820,2026-09-10T08:20:02.023074+09:00,GGB222001318,GGB222000013,1238,저상버스
2026-09-10,0820,2026-09-10T08:20:02.023074+09:00,GGB222001318,GGB222000027,5664,저상버스
2026-09-10,0820,2026-09-10T08:20:02.023074+09:00,GGB222001318,GGB222000027,3371,저상버스
2026-09-10,0820,2026-09-10T08:20:02.023074+09:00,GGB222001318,GGB222000028,507,일반차량
2026-09-10,0820,2026-09-10T08:20:02.023074+09:00,GGB222001318,GGB222000028,1096,일반차량
2026-09-10,0820,2026-09-10T08:20:02.023074+09:00,GGB222001318,GGB222000031,460,저상버스
2026-09-10,0820,2026-09-10T08:20:02.023074+09:00,GGB222001318,GGB222000031,1181,저상버스
2026-09-10,0820,2026-09-10T08:20:02.023074+09:00,GGB222001318,GGB222000032,2932,저상버스
2026-09-10,0820,2026-09-10T08:20:02.023074+09:00,GGB222001318,GGB222000032,4398,저상버스
2026-09-10,0820,2026-09-10T08:20:02.023074+09:00,GGB222001318,GGB222000048,543,일반차량
2026-09-10,0820,2026-09-10T08:20:02.023074+09:00,GGB222001318,GGB222000048,2096,일반차량
2026-09-10,0820,2026-09-10T08:20:02.023074+09:00,GGB222001318,GGB222000078,5189,일반차량
2026-09-10,0820,2026-09-10T08:20:02.023074+09:00,GGB222001318,GGB222000078,6249,일반차량
2026-09-10,0820,2026-09-10T08:20:02.023074+09:00,GGB222001318,GGB222000137,54,일반차량
2026-09-10,0820,2026-09-10T08:20:02.023074+09:00,GGB222001318,GGB222000137,3867,일반차량
2026-09-10,0820,2026-09-10T08:20:02.023074+09:00,GGB222001318,GGB222000180,3811,일반차량
2026-09-10,0820,2026-09-10T08:20:02.023074+09:00,GGB222001318,GGB222000180,1761,일반차량
2026-09-10,0820,2026-09-10T08:20:02.023074+09:00,GGB222001318,GGB222000199,113,일반차량
2026-09-10,0820,2026-09-10T08:20:02.023074+09:00,GGB222001318,GGB222000199,884,일반차량
2026-09-10,0820,2026-09-10T08:20:02.023074+09:00,GGB222001318,GGB234000003,4117,저상버스
2026-09-10,0820,2026-09-10T08:20:02.023074+09:00,GGB222001318,GGB234000003,716,저상버스
2026-09-10,0820,2026-09-10T08:20:02.023074+09:00,GGB222001318,GGB234000028,350,일반차량
2026-09-10,0820,2026-09-10T08:20:02.023074+09:00,GGB222001318,GGB234000028,2225,저상버스
2026-09-10,0825,2026-09-10T08:25:01.770105+09:00,GGB222001318,GGB222000009,794,저상버스
2026-09-10,0825,2026-09-10T08:25:01.770105+09:00,GGB222001318,GGB222000009,1496,저상버스
2026-09-10,0825,2026-09-10T08:25:01.770105+09:00,GGB222001318,GGB222000013,1954,저상버스
2026-09-10,0825,2026-09-10T08:25:01.770105+09:00,GGB222001318,GGB222000013,949,저상버스
2026-09-10,0825,2026-09-10T08:25:01.770105+09:00,GGB222001318,GGB222000027,5625,저상버스
2026-09-10,0825,2026-09-10T08:25:01.770105+09:00,GGB222001318,GGB222000027,2979,저상버스
2026-09-10,0825,2026-09-10T08:25:01.770105+09:00,GGB222001318,GGB222000028,333,일반차량
2026-09-10,0825,2026-09-10T08:25:01.770105+09:00,GGB222001318,GGB222000028,890,일반차량
2026-09-10,0825,2026-09-10T08:25:01.770105+09:00,GGB222001318,GGB222000031,184,저상버스
2026-09-10,0825,2026-09-10T08:25:01.770105+09:00,GGB222001318,GGB222000031,919,저상버스
2026-09-10,0825,2026-09-10T08:25:01.770105+09:00,GGB222001318,GGB222000032,1633,저상버스
2026-09-10,0825,2026-09-10T08:25:01.770105+09:00,GGB222001318,GGB222000032,2355,저상버스
2026-09-10,0825,2026-09-10T08:25:01.770105+09:00,GGB222001318,GGB222000048,183,일반차량
2026-09-10,0825,2026-09-10T08:25:01.770105+09:00,GGB222001318,GGB222000048,1874,일반차량
2026-09-10,0825,2026-09-10T08:25:01.770105+09:00,GGB222001318,GGB222000078,721,일반차량
2026-09-10,0825,2026-09-10T08:25:01.770105+09:00,GGB222001318,GGB222000078,4970,일반차량
2026-09-10,0825,2026-09-10T08:25:01.770105+09:00,GGB222001318,GGB222000137,3522,일반차량
2026-09-10,0825,2026-09-10T08:25:01.770105+09:00,GGB222001318,GGB222000180,3509,일반차량
2026-09-10,0825,2026-09-10T08:25:01.770105+09:00,GGB222001318,GGB222000180,1456,일반차량
2026-09-10,0825,2026-09-10T08:25:01.770105+09:00,GGB222001318,GGB222000199,1064,일반차량
2026-09-10,0825,2026-09-10T08:25:01.770105+09:00,GGB222001318,GGB222000199,476,일반차량
2026-09-10,0825,2026-09-10T08:25:01.770105+09:00,GGB222001318,GGB234000003,3874,저상버스
2026-09-10,0825,2026-09-10T08:25:01.770105+09:00,GGB222001318,GGB234000003,427,저상버스
2026-09-10,0825,2026-09-10T08:25:01.770105+09:00,GGB222001318,GGB234000028,3608,일반차량
2026-09-10,0825,2026-09-10T08:25:01.770105+09:00,GGB222001318,GGB234000028,1870,저상버스
2026-09-10,0830,2026-09-10T08:30:01.635805+09:00,GGB222001318,GGB222000009,652,저상버스
2026-09-10,0830,2026-09-10T08:30:01.635805+09:00,GGB222001318,GGB222000009,1219,저상버스
2026-09-10,0830,2026-09-10T08:30:01.635805+09:00,GGB222001318,GGB222000013,1657,저상버스
2026-09-10,0830,2026-09-10T08:30:01.635805+09:00,GGB222001318,GGB222000013,779,저상버스
2026-09-10,0830,2026-09-10T08:30:01.635805+09:00,GGB222001318,GGB222000027,5578,저상버스
2026-09-10,0830,2026-09-10T08:30:01.635805+09:00,GGB222001318,GGB222000027,2935,저상버스
2026-09-10,0830,2026-09-10T08:30:01.635805+09:00,GGB222001318,GGB222000028,195,일반차량
2026-09-10,0830,2026-09-10T08:30:01.635805+09:00,GGB222001318,GGB222000028,640,일반차량
2026-09-10,0830,2026-09-10T08:30:01.635805+09:00,GGB222001318,GGB222000031,820,저상버스
2026-09-10,0830,2026-09-10T08:30:01.635805+09:00,GGB222001318,GGB222000031,1911,저상버스
2026-09-10,0830,2026-09-10T08:30:01.635805+09:00,GGB222001318,GGB222000032,1572,저상버스
2026-09-10,0830,2026-09-10T08:30:01.635805+09:00,GGB222001318,GGB222000032,2058,저상버스
2026-09-10,0830,2026-09-10T08:30:01.635805+09:00,GGB222001318,GGB222000048,1614,일반차량
2026-09-10,0830,2026-09-10T08:30:01.635805+09:00,GGB222001318,GGB222000048,2898,일반차량
2026-09-10,0830,2026-09-10T08:30:01.635805+09:00,GGB222001318,GGB222000078,663,일반차량
2026-09-10,0830,2026-09-10T08:30:01.635805+09:00,GGB222001318,GGB222000078,4859,일반차량
2026-09-10,0830,2026-09-10T08:30:01.635805+09:00,GGB222001318,GGB222000137,3401,일반차량
2026-09-10,0830,2026-09-10T08:30:01.635805+09:00,GGB222001318,GGB222000180,3288,일반차량
2026-09-10,0830,2026-09-10T08:30:01.635805+09:00,GGB222001318,GGB222000180,1298,일반차량
2026-09-10,0830,2026-09-10T08:30:01.635805+09:00,GGB222001318,GGB222000199,956,일반차량
2026-09-10,0830,2026-09-10T08:30:01.635805+09:00,GGB222001318,GGB222000199,340,일반차량
2026-09-10,0830,2026-09-10T08:30:01.635805+09:00,GGB222001318,GGB234000003,3665,저상버스
2026-09-10,0830,2026-09-10T08:30:01.635805+09:00,GGB222001318,GGB234000003,319,저상버스
2026-09-10,0830,2026-09-10T08:30:01.635805+09:00,GGB222001318,GGB234000028,3471,일반차량
2026-09-10,0830,2026-09-10T08:30:01.635805+09:00,GGB222001318,GGB234000028,1643,저상버스
2026-09-10,0835,2026-09-10T08:35:01.791118+09:00,GGB222001318,GGB222000009,376,저상버스
2026-09-10,0835,2026-09-10T08:35:01.791118+09:00,GGB222001318,GGB222000009,900,저상버스
2026-09-10,0835,2026-09-10T08:35:01.791118+09:00,GGB222001318,GGB222000013,1699,저상버스
2026-09-10,0835,2026-09-10T08:35:01.791118+09:00,GGB222001318,GGB222000013,641,저상버스
2026-09-10,0835,2026-09-10T08:35:01.791118+09:00,GGB222001318,GGB222000027,5456,저상버스
2026-09-10,0835,2026-09-10T08:35:01.791118+09:00,GGB222001318,GGB222000027,2395,저상버스
2026-09-10,0835,2026-09-10T08:35:01.791118+09:00,GGB222001318,GGB222000028,1160,일반차량
2026-09-10,0835,2026-09-10T08:35:01.791118+09:00,GGB222001318,GGB222000028,441,일반차량
2026-09-10,0835,2026-09-10T08:35:01.791118+09:00,GGB222001318,GGB222000031,455,저상버스
2026-09-10,0835,2026-09-10T08:35:01.791118+09:00,GGB222001318,GGB222000031,1783,저상버스
2026-09-10,0835,2026-09-10T08:35:01.791118+09:00,GGB222001318,GGB222000032,1222,저상버스
2026-09-10,0835,2026-09-10T08:35:01.791118+09:00,GGB222001318,GGB222000032,1796,저상버스
2026-09-10,0835,2026-09-10T08:35:01.791118+09:00,GGB222001318,GGB222000048,1348,일반차량
2026-09-10,0835,2026-09-10T08:35:01.791118+09:00,GGB222001318,GGB222000048,2638,일반차량
2026-09-10,0835,2026-09-10T08:35:01.791118+09:00,GGB222001318,GGB222000078,291,일반차량
2026-09-10,0835,2026-09-10T08:35:01.791118+09:00,GGB222001318,GGB222000078,4560,일반차량
2026-09-10,0835,2026-09-10T08:35:01.791118+09:00,GGB222001318,GGB222000137,3021,일반차량
2026-09-10,0835,2026-09-10T08:35:01.791118+09:00,GGB222001318,GGB222000180,3019,일반차량
2026-09-10,0835,2026-09-10T08:35:01.791118+09:00,GGB222001318,GGB222000180,918,일반차량
2026-09-10,0835,2026-09-10T08:35:01.791118+09:00,GGB222001318,GGB222000199,770,일반차량
2026-09-10,0835,2026-09-10T08:35:01.791118+09:00,GGB222001318,GGB222000199,301,일반차량
2026-09-10,0835,2026-09-10T08:35:01.791118+09:00,GGB222001318,GGB234000003,3329,저상버스
2026-09-10,0835,2026-09-10T08:35:01.791118+09:00,GGB222001318,GGB234000003,66,저상버스
2026-09-10,0835,2026-09-10T08:35:01.791118+09:00,GGB222001318,GGB234000028,3240,일반차량
2026-09-10,0835,2026-09-10T08:35:01.791118+09:00,GGB222001318,GGB234000028,1538,저상버스
2026-09-10,0840,2026-09-10T08:40:01.734425+09:00,GGB222001318,GGB222000009,117,저상버스
2026-09-10,0840,2026-09-10T08:40:01.734425+09:00,GGB222001318,GGB222000009,786,저상버스
2026-09-10,0840,2026-09-10T08:40:01.734425+09:00,GGB222001318,GGB222000013,1322,저상버스
2026-09-10,0840,2026-09-10T08:40:01.734425+09:00,GGB222001318,GGB222000013,234,저상버스
2026-09-10,0840,2026-09-10T08:40:01.734425+09:00,GGB222001318,GGB222000027,4778,저상버스
2026-09-10,0840,2026-09-10T08:40:01.734425+09:00,GGB222001318,GGB222000027,2231,저상버스
2026-09-10,0840,2026-09-10T08:40:01.734425+09:00,GGB222001318,GGB222000028,870,일반차량
2026-09-10,0840,2026-09-10T08:40:01.734425+09:00,GGB222001318,GGB222000028,222,일반차량
2026-09-10,0840,2026-09-10T08:40:01.734425+09:00,GGB222001318,GGB222000031,196,저상버스
2026-09-10,0840,2026-09-10T08:40:01.734425+09:00,GGB222001318,GGB222000031,1354,저상버스
2026-09-10,0840,2026-09-10T08:40:01.734425+09:00,GGB222001318,GGB222000032,975,저상버스
2026-09-10,0840,2026-09-10T08:40:01.734425+09:00,GGB222001318,GGB222000032,1476,저상버스
2026-09-10,0840,2026-09-10T08:40:01.734425+09:00,GGB222001318,GGB222000048,1008,일반차량
2026-09-10,0840,2026-09-10T08:40:01.734425+09:00,GGB222001318,GGB222000048,2221,일반차량
2026-09-10,0840,2026-09-10T08:40:01.734425+09:00,GGB222001318,GGB222000078,4293,일반차량
2026-09-10,0840,2026-09-10T08:40:01.734425+09:00,GGB222001318,GGB222000078,5433,일반차량
2026-09-10,0840,2026-09-10T08:40:01.734425+09:00,GGB222001318,GGB222000137,2714,일반차량
2026-09-10,0840,2026-09-10T08:40:01.734425+09:00,GGB222001318,GGB222000180,2726,일반차량
2026-09-10,0840,2026-09-10T08:40:01.734425+09:00,GGB222001318,GGB222000180,825,일반차량
2026-09-10,0840,2026-09-10T08:40:01.734425+09:00,GGB222001318,GGB222000199,640,일반차량
2026-09-10,0840,2026-09-10T08:40:01.734425+09:00,GGB222001318,GGB222000199,115,일반차량
2026-09-10,0840,2026-09-10T08:40:01.734425+09:00,GGB222001318,GGB234000003,3072,저상버스
2026-09-10,0840,2026-09-10T08:40:01.734425+09:00,GGB222001318,GGB234000003,6489,저상버스
2026-09-10,0840,2026-09-10T08:40:01.734425+09:00,GGB222001318,GGB234000028,2856,일반차량
2026-09-10,0840,2026-09-10T08:40:01.734425+09:00,GGB222001318,GGB234000028,1195,저상버스
2026-09-10,0845,2026-09-10T08:45:01.843245+09:00,GGB222001318,GGB222000009,285,저상버스
2026-09-10,0845,2026-09-10T08:45:01.843245+09:00,GGB222001318,GGB222000009,1051,저상버스
2026-09-10,0845,2026-09-10T08:45:01.843245+09:00,GGB222001318,GGB222000013,977,저상버스
2026-09-10,0845,2026-09-10T08:45:01.843245+09:00,GGB222001318,GGB222000013,1711,저상버스
2026-09-10,0845,2026-09-10T08:45:01.843245+09:00,GGB222001318,GGB222000027,4758,저상버스
2026-09-10,0845,2026-09-10T08:45:01.843245+09:00,GGB222001318,GGB222000027,1974,저상버스
2026-09-10,0845,2026-09-10T08:45:01.843245+09:00,GGB222001318,GGB222000028,778,일반차량
2026-09-10,0845,2026-09-10T08:45:01.843245+09:00,GGB222001318,GGB222000028,545,일반차량
2026-09-10,0845,2026-09-10T08:45:01.843245+09:00,GGB222001318,GGB222000031,2066,저상버스
2026-09-10,0845,2026-09-10T08:45:01.843245+09:00,GGB222001318,GGB222000031,964,저상버스
2026-09-10,0845,2026-09-10T08:45:01.843245+09:00,GGB222001318,GGB222000032,606,저상버스
2026-09-10,0845,2026-09-10T08:45:01.843245+09:00,GGB222001318,GGB222000032,1128,저상버스
2026-09-10,0845,2026-09-10T08:45:01.843245+09:00,GGB222001318,GGB222000048,865,일반차량
2026-09-10,0845,2026-09-10T08:45:01.843245+09:00,GGB222001318,GGB222000048,1924,일반차량
2026-09-10,0845,2026-09-10T08:45:01.843245+09:00,GGB222001318,GGB222000078,3673,일반차량
2026-09-10,0845,2026-09-10T08:45:01.843245+09:00,GGB222001318,GGB222000078,4994,일반차량
2026-09-10,0845,2026-09-10T08:45:01.843245+09:00,GGB222001318,GGB222000137,2307,일반차량
2026-09-10,0845,2026-09-10T08:45:01.843245+09:00,GGB222001318,GGB222000180,2453,일반차량
2026-09-10,0845,2026-09-10T08:45:01.843245+09:00,GGB222001318,GGB222000180,513,일반차량
2026-09-10,0845,2026-09-10T08:45:01.843245+09:00,GGB222001318,GGB222000199,1383,일반차량
2026-09-10,0845,2026-09-10T08:45:01.843245+09:00,GGB222001318,GGB222000199,329,일반차량
2026-09-10,0845,2026-09-10T08:45:01.843245+09:00,GGB222001318,GGB234000003,2757,저상버스
2026-09-10,0845,2026-09-10T08:45:01.843245+09:00,GGB222001318,GGB234000003,6260,저상버스
2026-09-10,0845,2026-09-10T08:45:01.843245+09:00,GGB222001318,GGB234000028,2710,일반차량
2026-09-10,0845,2026-09-10T08:45:01.843245+09:00,GGB222001318,GGB234000028,1071,저상버스
2026-09-10,0850,2026-09-10T08:50:03.958110+09:00,GGB222001318,GGB222000009,232,저상버스
2026-09-10,0850,2026-09-10T08:50:03.958110+09:00,GGB222001318,GGB222000009,919,저상버스
2026-09-10,0850,2026-09-10T08:50:03.958110+09:00,GGB222001318,GGB222000013,787,저상버스
2026-09-10,0850,2026-09-10T08:50:03.958110+09:00,GGB222001318,GGB222000013,1435,저상버스
2026-09-10,0850,2026-09-10T08:50:03.958110+09:00,GGB222001318,GGB222000027,4746,저상버스
2026-09-10,0850,2026-09-10T08:50:03.958110+09:00,GGB222001318,GGB222000027,1805,저상버스
2026-09-10,0850,2026-09-10T08:50:03.958110+09:00,GGB222001318,GGB222000028,728,일반차량
2026-09-10,0850,2026-09-10T08:50:03.958110+09:00,GGB222001318,GGB222000028,459,일반차량
2026-09-10,0850,2026-09-10T08:50:03.958110+09:00,GGB222001318,GGB222000031,2023,저상버스
2026-09-10,0850,2026-09-10T08:50:03.958110+09:00,GGB222001318,GGB222000031,832,저상버스
2026-09-10,0850,2026-09-10T08:50:03.958110+09:00,GGB222001318,GGB222000032,349,저상버스
2026-09-10,0850,2026-09-10T08:50:03.958110+09:00,GGB222001318,GGB222000032,1038,저상버스
2026-09-10,0850,2026-09-10T08:50:03.958110+09:00,GGB222001318,GGB222000048,647,일반차량
2026-09-10,0850,2026-09-10T08:50:03.958110+09:00,GGB222001318,GGB222000048,1819,일반차량
2026-09-10,0850,2026-09-10T08:50:03.958110+09:00,GGB222001318,GGB222000078,3600,일반차량
2026-09-10,0850,2026-09-10T08:50:03.958110+09:00,GGB222001318,GGB222000078,4755,일반차량
2026-09-10,0850,2026-09-10T08:50:03.958110+09:00,GGB222001318,GGB222000137,2135,일반차량
2026-09-10,0850,2026-09-10T08:50:03.958110+09:00,GGB222001318,GGB222000180,2385,일반차량
2026-09-10,0850,2026-09-10T08:50:03.958110+09:00,GGB222001318,GGB222000180,461,일반차량
2026-09-10,0850,2026-09-10T08:50:03.958110+09:00,GGB222001318,GGB222000199,1104,일반차량
2026-09-10,0850,2026-09-10T08:50:03.958110+09:00,GGB222001318,GGB222000199,187,일반차량
2026-09-10,0850,2026-09-10T08:50:03.958110+09:00,GGB222001318,GGB234000003,2618,저상버스
2026-09-10,0850,2026-09-10T08:50:03.958110+09:00,GGB222001318,GGB234000003,6173,저상버스
2026-09-10,0850,2026-09-10T08:50:03.958110+09:00,GGB222001318,GGB234000028,2557,일반차량
2026-09-10,0850,2026-09-10T08:50:03.958110+09:00,GGB222001318,GGB234000028,890,저상버스
2026-09-10,0855,2026-09-10T08:55:02.461559+09:00,GGB222001318,GGB222000009,1430,저상버스
2026-09-10,0855,2026-09-10T08:55:02.461559+09:00,GGB222001318,GGB222000009,669,저상버스
2026-09-10,0855,2026-09-10T08:55:02.461559+09:00,GGB222001318,GGB222000013,394,저상버스
2026-09-10,0855,2026-09-10T08:55:02.461559+09:00,GGB222001318,GGB222000013,1346,저상버스
2026-09-10,0855,2026-09-10T08:55:02.461559+09:00,GGB222001318,GGB222000027,4304,저상버스
2026-09-10,0855,2026-09-10T08:55:02.461559+09:00,GGB222001318,GGB222000027,1490,저상버스
2026-09-10,0855,2026-09-10T08:55:02.461559+09:00,GGB222001318,GGB222000028,495,일반차량
2026-09-10,0855,2026-09-10T08:55:02.461559+09:00,GGB222001318,GGB222000028,251,일반차량
2026-09-10,0855,2026-09-10T08:55:02.461559+09:00,GGB222001318,GGB222000031,1778,저상버스
2026-09-10,0855,2026-09-10T08:55:02.461559+09:00,GGB222001318,GGB222000031,482,저상버스
2026-09-10,0855,2026-09-10T08:55:02.461559+09:00,GGB222001318,GGB222000032,20,저상버스
2026-09-10,0855,2026-09-10T08:55:02.461559+09:00,GGB222001318,GGB222000032,587,저상버스
2026-09-10,0855,2026-09-10T08:55:02.461559+09:00,GGB222001318,GGB222000048,317,일반차량
2026-09-10,0855,2026-09-10T08:55:02.461559+09:00,GGB222001318,GGB222000048,1496,일반차량
2026-09-10,0855,2026-09-10T08:55:02.461559+09:00,GGB222001318,GGB222000078,3145,일반차량
2026-09-10,0855,2026-09-10T08:55:02.461559+09:00,GGB222001318,GGB222000078,4475,일반차량
2026-09-10,0855,2026-09-10T08:55:02.461559+09:00,GGB222001318,GGB222000137,1697,일반차량
2026-09-10,0855,2026-09-10T08:55:02.461559+09:00,GGB222001318,GGB222000180,2199,일반차량
2026-09-10,0855,2026-09-10T08:55:02.461559+09:00,GGB222001318,GGB222000180,109,일반차량
2026-09-10,0855,2026-09-10T08:55:02.461559+09:00,GGB222001318,GGB222000199,636,일반차량
2026-09-10,0855,2026-09-10T08:55:02.461559+09:00,GGB222001318,GGB222000199,1177,일반차량
2026-09-10,0855,2026-09-10T08:55:02.461559+09:00,GGB222001318,GGB234000003,2353,저상버스
2026-09-10,0855,2026-09-10T08:55:02.461559+09:00,GGB222001318,GGB234000003,5805,저상버스
2026-09-10,0855,2026-09-10T08:55:02.461559+09:00,GGB222001318,GGB234000028,2168,일반차량
2026-09-10,0855,2026-09-10T08:55:02.461559+09:00,GGB222001318,GGB234000028,562,저상버스
2026-09-10,1700,2026-09-10T17:00:02.827003+09:00,GGB222001318,GGB222000009,338,저상버스
2026-09-10,1700,2026-09-10T17:00:02.827003+09:00,GGB222001318,GGB222000009,1602,저상버스
2026-09-10,1700,2026-09-10T17:00:02.827003+09:00,GGB222001318,GGB222000013,1430,저상버스
2026-09-10,1700,2026-09-10T17:00:02.827003+09:00,GGB222001318,GGB222000013,751,저상버스
2026-09-10,1700,2026-09-10T17:00:02.827003+09:00,GGB222001318,GGB222000027,1707,저상버스
2026-09-10,1700,2026-09-10T17:00:02.827003+09:00,GGB222001318,GGB222000027,4860,저상버스
2026-09-10,1700,2026-09-10T17:00:02.827003+09:00,GGB222001318,GGB222000028,655,일반차량
2026-09-10,1700,2026-09-10T17:00:02.827003+09:00,GGB222001318,GGB222000028,323,일반차량
2026-09-10,1700,2026-09-10T17:00:02.827003+09:00,GGB222001318,GGB222000031,1903,저상버스
2026-09-10,1700,2026-09-10T17:00:02.827003+09:00,GGB222001318,GGB222000031,905,저상버스
2026-09-10,1700,2026-09-10T17:00:02.827003+09:00,GGB222001318,GGB222000032,527,일반차량
2026-09-10,1700,2026-09-10T17:00:02.827003+09:00,GGB222001318,GGB222000032,2474,저상버스
2026-09-10,1700,2026-09-10T17:00:02.827003+09:00,GGB222001318,GGB222000048,1301,저상버스
2026-09-10,1700,2026-09-10T17:00:02.827003+09:00,GGB222001318,GGB222000048,193,일반차량
2026-09-10,1700,2026-09-10T17:00:02.827003+09:00,GGB222001318,GGB222000078,2583,일반차량
2026-09-10,1700,2026-09-10T17:00:02.827003+09:00,GGB222001318,GGB222000078,4253,일반차량
2026-09-10,1700,2026-09-10T17:00:02.827003+09:00,GGB222001318,GGB222000180,3099,일반차량
2026-09-10,1700,2026-09-10T17:00:02.827003+09:00,GGB222001318,GGB222000180,584,일반차량
2026-09-10,1700,2026-09-10T17:00:02.827003+09:00,GGB222001318,GGB222000199,685,일반차량
2026-09-10,1700,2026-09-10T17:00:02.827003+09:00,GGB222001318,GGB222000199,1947,일반차량
2026-09-10,1700,2026-09-10T17:00:02.827003+09:00,GGB222001318,GGB222000239,927,일반차량
2026-09-10,1700,2026-09-10T17:00:02.827003+09:00,GGB222001318,GGB234000003,2470,저상버스
2026-09-10,1700,2026-09-10T17:00:02.827003+09:00,GGB222001318,GGB234000003,5767,저상버스
2026-09-10,1700,2026-09-10T17:00:02.827003+09:00,GGB222001318,GGB234000028,1341,일반차량
2026-09-10,1700,2026-09-10T17:00:02.827003+09:00,GGB222001318,GGB234000028,3006,저상버스
2026-09-10,1705,2026-09-10T17:05:02.671740+09:00,GGB222001318,GGB222000009,186,저상버스
2026-09-10,1705,2026-09-10T17:05:02.671740+09:00,GGB222001318,GGB222000009,1495,저상버스
2026-09-10,1705,2026-09-10T17:05:02.671740+09:00,GGB222001318,GGB222000013,1258,저상버스
2026-09-10,1705,2026-09-10T17:05:02.671740+09:00,GGB222001318,GGB222000013,526,저상버스
2026-09-10,1705,2026-09-10T17:05:02.671740+09:00,GGB222001318,GGB222000027,1565,저상버스
2026-09-10,1705,2026-09-10T17:05:02.671740+09:00,GGB222001318,GGB222000027,4777,저상버스
2026-09-10,1705,2026-09-10T17:05:02.671740+09:00,GGB222001318,GGB222000028,508,일반차량
2026-09-10,1705,2026-09-10T17:05:02.671740+09:00,GGB222001318,GGB222000028,97,일반차량
2026-09-10,1705,2026-09-10T17:05:02.671740+09:00,GGB222001318,GGB222000031,1646,저상버스
2026-09-10,1705,2026-09-10T17:05:02.671740+09:00,GGB222001318,GGB222000031,674,저상버스
2026-09-10,1705,2026-09-10T17:05:02.671740+09:00,GGB222001318,GGB222000032,434,일반차량
2026-09-10,1705,2026-09-10T17:05:02.671740+09:00,GGB222001318,GGB222000032,2135,저상버스
2026-09-10,1705,2026-09-10T17:05:02.671740+09:00,GGB222001318,GGB222000048,1096,저상버스
2026-09-10,1705,2026-09-10T17:05:02.671740+09:00,GGB222001318,GGB222000048,2317,저상버스
2026-09-10,1705,2026-09-10T17:05:02.671740+09:00,GGB222001318,GGB222000078,2451,일반차량
2026-09-10,1705,2026-09-10T17:05:02.671740+09:00,GGB222001318,GGB222000078,1253,일반차량
2026-09-10,1705,2026-09-10T17:05:02.671740+09:00,GGB222001318,GGB222000180,2839,일반차량
2026-09-10,1705,2026-09-10T17:05:02.671740+09:00,GGB222001318,GGB222000180,471,일반차량
2026-09-10,1705,2026-09-10T17:05:02.671740+09:00,GGB222001318,GGB222000199,525,일반차량
2026-09-10,1705,2026-09-10T17:05:02.671740+09:00,GGB222001318,GGB222000199,1747,일반차량
2026-09-10,1705,2026-09-10T17:05:02.671740+09:00,GGB222001318,GGB222000239,805,일반차량
2026-09-10,1705,2026-09-10T17:05:02.671740+09:00,GGB222001318,GGB234000003,2347,저상버스
2026-09-10,1705,2026-09-10T17:05:02.671740+09:00,GGB222001318,GGB234000003,5616,저상버스
2026-09-10,1705,2026-09-10T17:05:02.671740+09:00,GGB222001318,GGB234000028,1141,일반차량
2026-09-10,1705,2026-09-10T17:05:02.671740+09:00,GGB222001318,GGB234000028,2858,저상버스
2026-09-10,1710,2026-09-10T17:10:02.175553+09:00,GGB222001318,GGB222000009,2001,저상버스
2026-09-10,1710,2026-09-10T17:10:02.175553+09:00,GGB222001318,GGB222000009,1074,저상버스
2026-09-10,1710,2026-09-10T17:10:02.175553+09:00,GGB222001318,GGB222000013,966,저상버스
2026-09-10,1710,2026-09-10T17:10:02.175553+09:00,GGB222001318,GGB222000013,186,저상버스
2026-09-10,1710,2026-09-10T17:10:02.175553+09:00,GGB222001318,GGB222000027,1286,저상버스
2026-09-10,1710,2026-09-10T17:10:02.175553+09:00,GGB222001318,GGB222000027,4201,저상버스
2026-09-10,1710,2026-09-10T17:10:02.175553+09:00,GGB222001318,GGB222000028,244,일반차량
2026-09-10,1710,2026-09-10T17:10:02.175553+09:00,GGB222001318,GGB222000028,942,일반차량
2026-09-10,1710,2026-09-10T17:10:02.175553+09:00,GGB222001318,GGB222000031,1350,저상버스
2026-09-10,1710,2026-09-10T17:10:02.175553+09:00,GGB222001318,GGB222000031,374,저상버스
2026-09-10,1710,2026-09-10T17:10:02.175553+09:00,GGB222001318,GGB222000032,119,일반차량
2026-09-10,1710,2026-09-10T17:10:02.175553+09:00,GGB222001318,GGB222000032,1835,저상버스
2026-09-10,1710,2026-09-10T17:10:02.175553+09:00,GGB222001318,GGB222000048,826,저상버스
2026-09-10,1710,2026-09-10T17:10:02.175553+09:00,GGB222001318,GGB222000048,2098,저상버스
2026-09-10,1710,2026-09-10T17:10:02.175553+09:00,GGB222001318,GGB222000078,1870,일반차량
2026-09-10,1710,2026-09-10T17:10:02.175553+09:00,GGB222001318,GGB222000078,831,일반차량
2026-09-10,1710,2026-09-10T17:10:02.175553+09:00,GGB222001318,GGB222000180,2219,일반차량
2026-09-10,1710,2026-09-10T17:10:02.175553+09:00,GGB222001318,GGB222000180,106,일반차량
2026-09-10,1710,2026-09-10T17:10:02.175553+09:00,GGB222001318,GGB222000199,247,일반차량
2026-09-10,1710,2026-09-10T17:10:02.175553+09:00,GGB222001318,GGB222000199,879,일반차량
2026-09-10,1710,2026-09-10T17:10:02.175553+09:00,GGB222001318,GGB222000239,434,일반차량
2026-09-10,1710,2026-09-10T17:10:02.175553+09:00,GGB222001318,GGB234000003,1906,저상버스
2026-09-10,1710,2026-09-10T17:10:02.175553+09:00,GGB222001318,GGB234000003,5282,저상버스
2026-09-10,1710,2026-09-10T17:10:02.175553+09:00,GGB222001318,GGB234000028,720,일반차량
2026-09-10,1710,2026-09-10T17:10:02.175553+09:00,GGB222001318,GGB234000028,2524,저상버스
2026-09-10,1720,2026-09-10T17:20:03.701126+09:00,GGB222001318,GGB222000009,1548,저상버스
2026-09-10,1720,2026-09-10T17:20:03.701126+09:00,GGB222001318,GGB222000009,623,저상버스
2026-09-10,1720,2026-09-10T17:20:03.701126+09:00,GGB222001318,GGB222000013,731,저상버스
2026-09-10,1720,2026-09-10T17:20:03.701126+09:00,GGB222001318,GGB222000013,1798,저상버스
2026-09-10,1720,2026-09-10T17:20:03.701126+09:00,GGB222001318,GGB222000027,789,저상버스
2026-09-10,1720,2026-09-10T17:20:03.701126+09:00,GGB222001318,GGB222000027,3441,저상버스
2026-09-10,1720,2026-09-10T17:20:03.701126+09:00,GGB222001318,GGB222000028,454,일반차량
2026-09-10,1720,2026-09-10T17:20:03.701126+09:00,GGB222001318,GGB222000028,1233,일반차량
2026-09-10,1720,2026-09-10T17:20:03.701126+09:00,GGB222001318,GGB222000031,896,저상버스
2026-09-10,1720,2026-09-10T17:20:03.701126+09:00,GGB222001318,GGB222000031,2272,저상버스
2026-09-10,1720,2026-09-10T17:20:03.701126+09:00,GGB222001318,GGB222000032,1317,저상버스
2026-09-10,1720,2026-09-10T17:20:03.701126+09:00,GGB222001318,GGB222000032,2882,저상버스
2026-09-10,1720,2026-09-10T17:20:03.701126+09:00,GGB222001318,GGB222000048,361,저상버스
2026-09-10,1720,2026-09-10T17:20:03.701126+09:00,GGB222001318,GGB222000048,1610,저상버스
2026-09-10,1720,2026-09-10T17:20:03.701126+09:00,GGB222001318,GGB222000078,1664,일반차량
2026-09-10,1720,2026-09-10T17:20:03.701126+09:00,GGB222001318,GGB222000078,283,일반차량
2026-09-10,1720,2026-09-10T17:20:03.701126+09:00,GGB222001318,GGB222000180,1834,일반차량
2026-09-10,1720,2026-09-10T17:20:03.701126+09:00,GGB222001318,GGB222000180,3804,일반차량
2026-09-10,1720,2026-09-10T17:20:03.701126+09:00,GGB222001318,GGB222000199,1658,일반차량
2026-09-10,1720,2026-09-10T17:20:03.701126+09:00,GGB222001318,GGB222000199,758,일반차량
2026-09-10,1720,2026-09-10T17:20:03.701126+09:00,GGB222001318,GGB222000239,171,일반차량
2026-09-10,1720,2026-09-10T17:20:03.701126+09:00,GGB222001318,GGB234000003,1556,저상버스
2026-09-10,1720,2026-09-10T17:20:03.701126+09:00,GGB222001318,GGB234000003,4811,저상버스
2026-09-10,1720,2026-09-10T17:20:03.701126+09:00,GGB222001318,GGB234000028,373,일반차량
2026-09-10,1720,2026-09-10T17:20:03.701126+09:00,GGB222001318,GGB234000028,2115,저상버스
2026-09-10,1725,2026-09-10T17:25:07.915042+09:00,GGB222001318,GGB222000009,1209,저상버스
2026-09-10,1725,2026-09-10T17:25:07.915042+09:00,GGB222001318,GGB222000009,339,저상버스
2026-09-10,1725,2026-09-10T17:25:07.915042+09:00,GGB222001318,GGB222000013,209,저상버스
2026-09-10,1725,2026-09-10T17:25:07.915042+09:00,GGB222001318,GGB222000013,1205,저상버스
2026-09-10,1725,2026-09-10T17:25:07.915042+09:00,GGB222001318,GGB222000027,325,저상버스
2026-09-10,1725,2026-09-10T17:25:07.915042+09:00,GGB222001318,GGB222000027,3041,저상버스
2026-09-10,1725,2026-09-10T17:25:07.915042+09:00,GGB222001318,GGB222000028,1703,일반차량
2026-09-10,1725,2026-09-10T17:25:07.915042+09:00,GGB222001318,GGB222000028,862,일반차량
2026-09-10,1725,2026-09-10T17:25:07.915042+09:00,GGB222001318,GGB222000031,444,저상버스
2026-09-10,1725,2026-09-10T17:25:07.915042+09:00,GGB222001318,GGB222000031,1723,저상버스
2026-09-10,1725,2026-09-10T17:25:07.915042+09:00,GGB222001318,GGB222000032,895,저상버스
2026-09-10,1725,2026-09-10T17:25:07.915042+09:00,GGB222001318,GGB222000032,2338,저상버스
2026-09-10,1725,2026-09-10T17:25:07.915042+09:00,GGB222001318,GGB222000048,20,저상버스
2026-09-10,1725,2026-09-10T17:25:07.915042+09:00,GGB222001318,GGB222000048,1224,저상버스
2026-09-10,1725,2026-09-10T17:25:07.915042+09:00,GGB222001318,GGB222000078,1147,일반차량
2026-09-10,1725,2026-09-10T17:25:07.915042+09:00,GGB222001318,GGB222000078,2883,일반차량
2026-09-10,1725,2026-09-10T17:25:07.915042+09:00,GGB222001318,GGB222000180,1452,일반차량
2026-09-10,1725,2026-09-10T17:25:07.915042+09:00,GGB222001318,GGB222000180,3684,일반차량
2026-09-10,1725,2026-09-10T17:25:07.915042+09:00,GGB222001318,GGB222000199,1629,일반차량
2026-09-10,1725,2026-09-10T17:25:07.915042+09:00,GGB222001318,GGB222000199,461,일반차량
2026-09-10,1725,2026-09-10T17:25:07.915042+09:00,GGB222001318,GGB234000003,1172,저상버스
2026-09-10,1725,2026-09-10T17:25:07.915042+09:00,GGB222001318,GGB234000003,4253,저상버스
2026-09-10,1725,2026-09-10T17:25:07.915042+09:00,GGB222001318,GGB234000028,76,일반차량
2026-09-10,1725,2026-09-10T17:25:07.915042+09:00,GGB222001318,GGB234000028,1650,저상버스
2026-09-10,1730,2026-09-10T17:30:02.702323+09:00,GGB222001318,GGB222000009,898,저상버스
2026-09-10,1730,2026-09-10T17:30:02.702323+09:00,GGB222001318,GGB222000009,76,저상버스
2026-09-10,1730,2026-09-10T17:30:02.702323+09:00,GGB222001318,GGB222000013,2488,저상버스
2026-09-10,1730,2026-09-10T17:30:02.702323+09:00,GGB222001318,GGB222000013,1062,저상버스
2026-09-10,1730,2026-09-10T17:30:02.702323+09:00,GGB222001318,GGB222000027,183,저상버스
2026-09-10,1730,2026-09-10T17:30:02.702323+09:00,GGB222001318,GGB222000027,2894,저상버스
2026-09-10,1730,2026-09-10T17:30:02.702323+09:00,GGB222001318,GGB222000028,1428,일반차량
2026-09-10,1730,2026-09-10T17:30:02.702323+09:00,GGB222001318,GGB222000028,570,일반차량
2026-09-10,1730,2026-09-10T17:30:02.702323+09:00,GGB222001318,GGB222000031,378,저상버스
2026-09-10,1730,2026-09-10T17:30:02.702323+09:00,GGB222001318,GGB222000031,1579,저상버스
2026-09-10,1730,2026-09-10T17:30:02.702323+09:00,GGB222001318,GGB222000032,702,저상버스
2026-09-10,1730,2026-09-10T17:30:02.702323+09:00,GGB222001318,GGB222000032,2140,저상버스
2026-09-10,1730,2026-09-10T17:30:02.702323+09:00,GGB222001318,GGB222000048,1050,저상버스
2026-09-10,1730,2026-09-10T17:30:02.702323+09:00,GGB222001318,GGB222000048,2298,저상버스
2026-09-10,1730,2026-09-10T17:30:02.702323+09:00,GGB222001318,GGB222000078,932,일반차량
2026-09-10,1730,2026-09-10T17:30:02.702323+09:00,GGB222001318,GGB222000078,2707,일반차량
2026-09-10,1730,2026-09-10T17:30:02.702323+09:00,GGB222001318,GGB222000180,1352,일반차량
2026-09-10,1730,2026-09-10T17:30:02.702323+09:00,GGB222001318,GGB222000180,3583,일반차량
2026-09-10,1730,2026-09-10T17:30:02.702323+09:00,GGB222001318,GGB222000199,1353,일반차량
2026-09-10,1730,2026-09-10T17:30:02.702323+09:00,GGB222001318,GGB222000199,297,일반차량
2026-09-10,1730,2026-09-10T17:30:02.702323+09:00,GGB222001318,GGB234000003,949,저상버스
2026-09-10,1730,2026-09-10T17:30:02.702323+09:00,GGB222001318,GGB234000003,4172,저상버스
2026-09-10,1730,2026-09-10T17:30:02.702323+09:00,GGB222001318,GGB234000028,3166,일반차량
2026-09-10,1730,2026-09-10T17:30:02.702323+09:00,GGB222001318,GGB234000028,1380,저상버스
2026-09-10,1735,2026-09-10T17:35:05.468935+09:00,GGB222001318,GGB222000009,1612,일반차량
2026-09-10,1735,2026-09-10T17:35:05.468935+09:00,GGB222001318,GGB222000009,494,저상버스
2026-09-10,1735,2026-09-10T17:35:05.468935+09:00,GGB222001318,GGB222000013,1878,저상버스
2026-09-10,1735,2026-09-10T17:35:05.468935+09:00,GGB222001318,GGB222000013,610,저상버스
2026-09-10,1735,2026-09-10T17:35:05.468935+09:00,GGB222001318,GGB222000027,4355,저상버스
2026-09-10,1735,2026-09-10T17:35:05.468935+09:00,GGB222001318,GGB222000027,2918,저상버스
2026-09-10,1735,2026-09-10T17:35:05.468935+09:00,GGB222001318,GGB222000028,1259,일반차량
2026-09-10,1735,2026-09-10T17:35:05.468935+09:00,GGB222001318,GGB222000028,420,일반차량
2026-09-10,1735,2026-09-10T17:35:05.468935+09:00,GGB222001318,GGB222000031,1340,저상버스
2026-09-10,1735,2026-09-10T17:35:05.468935+09:00,GGB222001318,GGB222000031,2245,저상버스
2026-09-10,1735,2026-09-10T17:35:05.468935+09:00,GGB222001318,GGB222000032,375,저상버스
2026-09-10,1735,2026-09-10T17:35:05.468935+09:00,GGB222001318,GGB222000032,1840,저상버스
2026-09-10,1735,2026-09-10T17:35:05.468935+09:00,GGB222001318,GGB222000048,756,저상버스
2026-09-10,1735,2026-09-10T17:35:05.468935+09:00,GGB222001318,GGB222000048,1998,저상버스
2026-09-10,1735,2026-09-10T17:35:05.468935+09:00,GGB222001318,GGB222000078,378,일반차량
2026-09-10,1735,2026-09-10T17:35:05.468935+09:00,GGB222001318,GGB222000078,2090,일반차량
2026-09-10,1735,2026-09-10T17:35:05.468935+09:00,GGB222001318,GGB222000180,871,일반차량
2026-09-10,1735,2026-09-10T17:35:05.468935+09:00,GGB222001318,GGB222000180,3147,일반차량
2026-09-10,1735,2026-09-10T17:35:05.468935+09:00,GGB222001318,GGB222000199,1555,일반차량
2026-09-10,1735,2026-09-10T17:35:05.468935+09:00,GGB222001318,GGB222000199,787,일반차량
2026-09-10,1735,2026-09-10T17:35:05.468935+09:00,GGB222001318,GGB234000003,681,저상버스
2026-09-10,1735,2026-09-10T17:35:05.468935+09:00,GGB222001318,GGB234000003,4145,저상버스
2026-09-10,1735,2026-09-10T17:35:05.468935+09:00,GGB222001318,GGB234000028,2745,일반차량
2026-09-10,1735,2026-09-10T17:35:05.468935+09:00,GGB222001318,GGB234000028,926,저상버스
2026-09-10,1740,2026-09-10T17:40:02.484810+09:00,GGB222001318,GGB222000009,1453,일반차량
2026-09-10,1740,2026-09-10T17:40:02.484810+09:00,GGB222001318,GGB222000009,314,저상버스
2026-09-10,1740,2026-09-10T17:40:02.484810+09:00,GGB222001318,GGB222000013,1627,저상버스
2026-09-10,1740,2026-09-10T17:40:02.484810+09:00,GGB222001318,GGB222000013,447,저상버스
2026-09-10,1740,2026-09-10T17:40:02.484810+09:00,GGB222001318,GGB222000027,4147,저상버스
2026-09-10,1740,2026-09-10T17:40:02.484810+09:00,GGB222001318,GGB222000027,2443,저상버스
2026-09-10,1740,2026-09-10T17:40:02.484810+09:00,GGB222001318,GGB222000028,1048,일반차량
2026-09-10,1740,2026-09-10T17:40:02.484810+09:00,GGB222001318,GGB222000028,320,일반차량
2026-09-10,1740,2026-09-10T17:40:02.484810+09:00,GGB222001318,GGB222000031,1041,저상버스
2026-09-10,1740,2026-09-10T17:40:02.484810+09:00,GGB222001318,GGB222000031,2137,저상버스
2026-09-10,1740,2026-09-10T17:40:02.484810+09:00,GGB222001318,GGB222000032,236,저상버스
2026-09-10,1740,2026-09-10T17:40:02.484810+09:00,GGB222001318,GGB222000032,1687,저상버스
2026-09-10,1740,2026-09-10T17:40:02.484810+09:00,GGB222001318,GGB222000048,613,저상버스
2026-09-10,1740,2026-09-10T17:40:02.484810+09:00,GGB222001318,GGB222000048,1754,저상버스
2026-09-10,1740,2026-09-10T17:40:02.484810+09:00,GGB222001318,GGB222000078,242,일반차량
2026-09-10,1740,2026-09-10T17:40:02.484810+09:00,GGB222001318,GGB222000078,1844,일반차량
2026-09-10,1740,2026-09-10T17:40:02.484810+09:00,GGB222001318,GGB222000180,759,일반차량
2026-09-10,1740,2026-09-10T17:40:02.484810+09:00,GGB222001318,GGB222000180,2998,일반차량
2026-09-10,1740,2026-09-10T17:40:02.484810+09:00,GGB222001318,GGB222000199,1439,일반차량
2026-09-10,1740,2026-09-10T17:40:02.484810+09:00,GGB222001318,GGB222000199,656,일반차량
2026-09-10,1740,2026-09-10T17:40:02.484810+09:00,GGB222001318,GGB234000003,590,저상버스
2026-09-10,1740,2026-09-10T17:40:02.484810+09:00,GGB222001318,GGB234000003,4013,저상버스
2026-09-10,1740,2026-09-10T17:40:02.484810+09:00,GGB222001318,GGB234000028,2549,일반차량
2026-09-10,1740,2026-09-10T17:40:02.484810+09:00,GGB222001318,GGB234000028,840,저상버스
2026-09-10,1745,2026-09-10T17:45:02.711049+09:00,GGB222001318,GGB222000009,1229,일반차량
2026-09-10,1745,2026-09-10T17:45:02.711049+09:00,GGB222001318,GGB222000009,1836,저상버스
2026-09-10,1745,2026-09-10T17:45:02.711049+09:00,GGB222001318,GGB222000013,1337,저상버스
2026-09-10,1745,2026-09-10T17:45:02.711049+09:00,GGB222001318,GGB222000013,218,저상버스
2026-09-10,1745,2026-09-10T17:45:02.711049+09:00,GGB222001318,GGB222000027,3781,저상버스
2026-09-10,1745,2026-09-10T17:45:02.711049+09:00,GGB222001318,GGB222000027,2108,저상버스
2026-09-10,1745,2026-09-10T17:45:02.711049+09:00,GGB222001318,GGB222000028,1059,일반차량
2026-09-10,1745,2026-09-10T17:45:02.711049+09:00,GGB222001318,GGB222000028,748,일반차량
2026-09-10,1745,2026-09-10T17:45:02.711049+09:00,GGB222001318,GGB222000031,744,저상버스
2026-09-10,1745,2026-09-10T17:45:02.711049+09:00,GGB222001318,GGB222000031,1752,저상버스
2026-09-10,1745,2026-09-10T17:45:02.711049+09:00,GGB222001318,GGB222000032,3923,저상버스
2026-09-10,1745,2026-09-10T17:45:02.711049+09:00,GGB222001318,GGB222000032,1336,저상버스
2026-09-10,1745,2026-09-10T17:45:02.711049+09:00,GGB222001318,GGB222000048,244,저상버스
2026-09-10,1745,2026-09-10T17:45:02.711049+09:00,GGB222001318,GGB222000048,1541,저상버스
2026-09-10,1745,2026-09-10T17:45:02.711049+09:00,GGB222001318,GGB222000078,1753,일반차량
2026-09-10,1745,2026-09-10T17:45:02.711049+09:00,GGB222001318,GGB222000078,2934,일반차량
2026-09-10,1745,2026-09-10T17:45:02.711049+09:00,GGB222001318,GGB222000180,503,일반차량
2026-09-10,1745,2026-09-10T17:45:02.711049+09:00,GGB222001318,GGB222000180,2848,일반차량
2026-09-10,1745,2026-09-10T17:45:02.711049+09:00,GGB222001318,GGB222000199,811,일반차량
2026-09-10,1745,2026-09-10T17:45:02.711049+09:00,GGB222001318,GGB222000199,266,일반차량
2026-09-10,1745,2026-09-10T17:45:02.711049+09:00,GGB222001318,GGB234000003,243,저상버스
2026-09-10,1745,2026-09-10T17:45:02.711049+09:00,GGB222001318,GGB234000003,3590,저상버스
2026-09-10,1745,2026-09-10T17:45:02.711049+09:00,GGB222001318,GGB234000028,2389,일반차량
2026-09-10,1745,2026-09-10T17:45:02.711049+09:00,GGB222001318,GGB234000028,648,저상버스
2026-09-10,1750,2026-09-10T17:50:07.911268+09:00,GGB222001318,GGB222000009,1115,일반차량
2026-09-10,1750,2026-09-10T17:50:07.911268+09:00,GGB222001318,GGB222000009,1617,저상버스
2026-09-10,1750,2026-09-10T17:50:07.911268+09:00,GGB222001318,GGB222000013,1310,저상버스
2026-09-10,1750,2026-09-10T17:50:07.911268+09:00,GGB222001318,GGB222000013,20,저상버스
2026-09-10,1750,2026-09-10T17:50:07.911268+09:00,GGB222001318,GGB222000027,3555,저상버스
2026-09-10,1750,2026-09-10T17:50:07.911268+09:00,GGB222001318,GGB222000027,1828,저상버스
2026-09-10,1750,2026-09-10T17:50:07.911268+09:00,GGB222001318,GGB222000028,911,일반차량
2026-09-10,1750,2026-09-10T17:50:07.911268+09:00,GGB222001318,GGB222000028,522,일반차량
2026-09-10,1750,2026-09-10T17:50:07.911268+09:00,GGB222001318,GGB222000031,585,저상버스
2026-09-10,1750,2026-09-10T17:50:07.911268+09:00,GGB222001318,GGB222000031,1447,저상버스
2026-09-10,1750,2026-09-10T17:50:07.911268+09:00,GGB222001318,GGB222000032,3714,저상버스
2026-09-10,1750,2026-09-10T17:50:07.911268+09:00,GGB222001318,GGB222000032,1172,저상버스
2026-09-10,1750,2026-09-10T17:50:07.911268+09:00,GGB222001318,GGB222000048,113,저상버스
2026-09-10,1750,2026-09-10T17:50:07.911268+09:00,GGB222001318,GGB222000048,1277,저상버스
2026-09-10,1750,2026-09-10T17:50:07.911268+09:00,GGB222001318,GGB222000078,4584,일반차량
2026-09-10,1750,2026-09-10T17:50:07.911268+09:00,GGB222001318,GGB222000078,2547,일반차량
2026-09-10,1750,2026-09-10T17:50:07.911268+09:00,GGB222001318,GGB222000180,347,일반차량
2026-09-10,1750,2026-09-10T17:50:07.911268+09:00,GGB222001318,GGB222000180,2617,일반차량
2026-09-10,1750,2026-09-10T17:50:07.911268+09:00,GGB222001318,GGB222000199,426,일반차량
2026-09-10,1750,2026-09-10T17:50:07.911268+09:00,GGB222001318,GGB222000199,133,일반차량
2026-09-10,1750,2026-09-10T17:50:07.911268+09:00,GGB222001318,GGB234000003,20,저상버스
2026-09-10,1750,2026-09-10T17:50:07.911268+09:00,GGB222001318,GGB234000003,3428,저상버스
2026-09-10,1750,2026-09-10T17:50:07.911268+09:00,GGB222001318,GGB234000028,2175,일반차량
2026-09-10,1750,2026-09-10T17:50:07.911268+09:00,GGB222001318,GGB234000028,361,저상버스
2026-09-10,1800,2026-09-10T18:00:02.508385+09:00,GGB222001318,GGB222000009,516,일반차량
2026-09-10,1800,2026-09-10T18:00:02.508385+09:00,GGB222001318,GGB222000009,1131,저상버스
2026-09-10,1800,2026-09-10T18:00:02.508385+09:00,GGB222001318,GGB222000013,1408,저상버스
2026-09-10,1800,2026-09-10T18:00:02.508385+09:00,GGB222001318,GGB222000013,521,저상버스
2026-09-10,1800,2026-09-10T18:00:02.508385+09:00,GGB222001318,GGB222000027,2698,저상버스
2026-09-10,1800,2026-09-10T18:00:02.508385+09:00,GGB222001318,GGB222000027,1077,저상버스
2026-09-10,1800,2026-09-10T18:00:02.508385+09:00,GGB222001318,GGB222000028,229,일반차량
2026-09-10,1800,2026-09-10T18:00:02.508385+09:00,GGB222001318,GGB222000028,891,일반차량
2026-09-10,1800,2026-09-10T18:00:02.508385+09:00,GGB222001318,GGB222000031,174,저상버스
2026-09-10,1800,2026-09-10T18:00:02.508385+09:00,GGB222001318,GGB222000031,1007,저상버스
2026-09-10,1800,2026-09-10T18:00:02.508385+09:00,GGB222001318,GGB222000032,3157,저상버스
2026-09-10,1800,2026-09-10T18:00:02.508385+09:00,GGB222001318,GGB222000032,645,저상버스
2026-09-10,1800,2026-09-10T18:00:02.508385+09:00,GGB222001318,GGB222000048,748,저상버스
2026-09-10,1800,2026-09-10T18:00:02.508385+09:00,GGB222001318,GGB222000048,2123,일반차량
2026-09-10,1800,2026-09-10T18:00:02.508385+09:00,GGB222001318,GGB222000078,1061,일반차량
2026-09-10,1800,2026-09-10T18:00:02.508385+09:00,GGB222001318,GGB222000078,2125,일반차량
2026-09-10,1800,2026-09-10T18:00:02.508385+09:00,GGB222001318,GGB222000180,3908,일반차량
2026-09-10,1800,2026-09-10T18:00:02.508385+09:00,GGB222001318,GGB222000180,1900,일반차량
2026-09-10,1800,2026-09-10T18:00:02.508385+09:00,GGB222001318,GGB222000199,1057,일반차량
2026-09-10,1800,2026-09-10T18:00:02.508385+09:00,GGB222001318,GGB222000199,170,일반차량
2026-09-10,1800,2026-09-10T18:00:02.508385+09:00,GGB222001318,GGB234000003,6087,저상버스
2026-09-10,1800,2026-09-10T18:00:02.508385+09:00,GGB222001318,GGB234000003,2818,저상버스
2026-09-10,1800,2026-09-10T18:00:02.508385+09:00,GGB222001318,GGB234000028,1634,일반차량
2026-09-10,1800,2026-09-10T18:00:02.508385+09:00,GGB222001318,GGB234000028,3314,저상버스
2026-09-10,1805,2026-09-10T18:05:03.517089+09:00,GGB222001318,GGB222000009,175,일반차량
2026-09-10,1805,2026-09-10T18:05:03.517089+09:00,GGB222001318,GGB222000009,692,저상버스
2026-09-10,1805,2026-09-10T18:05:03.517089+09:00,GGB222001318,GGB222000013,1033,저상버스
2026-09-10,1805,2026-09-10T18:05:03.517089+09:00,GGB222001318,GGB222000013,136,저상버스
2026-09-10,1805,2026-09-10T18:05:03.517089+09:00,GGB222001318,GGB222000027,2306,저상버스
2026-09-10,1805,2026-09-10T18:05:03.517089+09:00,GGB222001318,GGB222000027,602,저상버스
2026-09-10,1805,2026-09-10T18:05:03.517089+09:00,GGB222001318,GGB222000028,16,일반차량
2026-09-10,1805,2026-09-10T18:05:03.517089+09:00,GGB222001318,GGB222000028,651,일반차량
2026-09-10,1805,2026-09-10T18:05:03.517089+09:00,GGB222001318,GGB222000031,682,저상버스
2026-09-10,1805,2026-09-10T18:05:03.517089+09:00,GGB222001318,GGB222000031,1369,저상버스
2026-09-10,1805,2026-09-10T18:05:03.517089+09:00,GGB222001318,GGB222000032,2746,저상버스
2026-09-10,1805,2026-09-10T18:05:03.517089+09:00,GGB222001318,GGB222000032,174,저상버스
2026-09-10,1805,2026-09-10T18:05:03.517089+09:00,GGB222001318,GGB222000048,374,저상버스
2026-09-10,1805,2026-09-10T18:05:03.517089+09:00,GGB222001318,GGB222000048,1796,일반차량
2026-09-10,1805,2026-09-10T18:05:03.517089+09:00,GGB222001318,GGB222000078,618,일반차량
2026-09-10,1805,2026-09-10T18:05:03.517089+09:00,GGB222001318,GGB222000078,1964,일반차량
2026-09-10,1805,2026-09-10T18:05:03.517089+09:00,GGB222001318,GGB222000180,3457,일반차량
2026-09-10,1805,2026-09-10T18:05:03.517089+09:00,GGB222001318,GGB222000180,1390,일반차량
2026-09-10,1805,2026-09-10T18:05:03.517089+09:00,GGB222001318,GGB222000199,952,일반차량
2026-09-10,1805,2026-09-10T18:05:03.517089+09:00,GGB222001318,GGB222000199,2090,일반차량
2026-09-10,1805,2026-09-10T18:05:03.517089+09:00,GGB222001318,GGB234000003,5659,저상버스
2026-09-10,1805,2026-09-10T18:05:03.517089+09:00,GGB222001318,GGB234000003,2540,저상버스
2026-09-10,1805,2026-09-10T18:05:03.517089+09:00,GGB222001318,GGB234000028,1068,일반차량
2026-09-10,1805,2026-09-10T18:05:03.517089+09:00,GGB222001318,GGB234000028,2685,저상버스
2026-09-10,1810,2026-09-10T18:10:03.803728+09:00,GGB222001318,GGB222000009,491,저상버스
2026-09-10,1810,2026-09-10T18:10:03.803728+09:00,GGB222001318,GGB222000009,1405,저상버스
2026-09-10,1810,2026-09-10T18:10:03.803728+09:00,GGB222001318,GGB222000013,859,저상버스
2026-09-10,1810,2026-09-10T18:10:03.803728+09:00,GGB222001318,GGB222000013,2031,저상버스
2026-09-10,1810,2026-09-10T18:10:03.803728+09:00,GGB222001318,GGB222000027,2245,저상버스
2026-09-10,1810,2026-09-10T18:10:03.803728+09:00,GGB222001318,GGB222000027,498,저상버스
2026-09-10,1810,2026-09-10T18:10:03.803728+09:00,GGB222001318,GGB222000028,330,일반차량
2026-09-10,1810,2026-09-10T18:10:03.803728+09:00,GGB222001318,GGB222000028,911,일반차량
2026-09-10,1810,2026-09-10T18:10:03.803728+09:00,GGB222001318,GGB222000031,404,저상버스
2026-09-10,1810,2026-09-10T18:10:03.803728+09:00,GGB222001318,GGB222000031,1175,저상버스
2026-09-10,1810,2026-09-10T18:10:03.803728+09:00,GGB222001318,GGB222000032,2255,저상버스
2026-09-10,1810,2026-09-10T18:10:03.803728+09:00,GGB222001318,GGB222000032,4045,저상버스
2026-09-10,1810,2026-09-10T18:10:03.803728+09:00,GGB222001318,GGB222000048,390,저상버스
2026-09-10,1810,2026-09-10T18:10:03.803728+09:00,GGB222001318,GGB222000048,1705,일반차량
2026-09-10,1810,2026-09-10T18:10:03.803728+09:00,GGB222001318,GGB222000078,3836,일반차량
2026-09-10,1810,2026-09-10T18:10:03.803728+09:00,GGB222001318,GGB222000078,398,일반차량
2026-09-10,1810,2026-09-10T18:10:03.803728+09:00,GGB222001318,GGB222000180,3463,일반차량
2026-09-10,1810,2026-09-10T18:10:03.803728+09:00,GGB222001318,GGB222000180,1338,일반차량
2026-09-10,1810,2026-09-10T18:10:03.803728+09:00,GGB222001318,GGB222000199,861,일반차량
2026-09-10,1810,2026-09-10T18:10:03.803728+09:00,GGB222001318,GGB222000199,2083,일반차량
2026-09-10,1810,2026-09-10T18:10:03.803728+09:00,GGB222001318,GGB234000003,5597,저상버스
2026-09-10,1810,2026-09-10T18:10:03.803728+09:00,GGB222001318,GGB234000003,2347,저상버스
2026-09-10,1810,2026-09-10T18:10:03.803728+09:00,GGB222001318,GGB234000028,913,일반차량
2026-09-10,1810,2026-09-10T18:10:03.803728+09:00,GGB222001318,GGB234000028,2625,저상버스
2026-09-10,1820,2026-09-10T18:20:05.385071+09:00,GGB222001318,GGB222000009,979,저상버스
2026-09-10,1820,2026-09-10T18:20:05.385071+09:00,GGB222001318,GGB222000009,1868,저상버스
2026-09-10,1820,2026-09-10T18:20:05.385071+09:00,GGB222001318,GGB222000013,618,저상버스
2026-09-10,1820,2026-09-10T18:20:05.385071+09:00,GGB222001318,GGB222000013,1653,저상버스
2026-09-10,1820,2026-09-10T18:20:05.385071+09:00,GGB222001318,GGB222000027,4152,저상버스
2026-09-10,1820,2026-09-10T18:20:05.385071+09:00,GGB222001318,GGB222000027,1618,저상버스
2026-09-10,1820,2026-09-10T18:20:05.385071+09:00,GGB222001318,GGB222000028,887,일반차량
2026-09-10,1820,2026-09-10T18:20:05.385071+09:00,GGB222001318,GGB222000028,484,일반차량
2026-09-10,1820,2026-09-10T18:20:05.385071+09:00,GGB222001318,GGB222000031,2291,저상버스
2026-09-10,1820,2026-09-10T18:20:05.385071+09:00,GGB222001318,GGB222000031,586,저상버스
2026-09-10,1820,2026-09-10T18:20:05.385071+09:00,GGB222001318,GGB222000032,1788,저상버스
2026-09-10,1820,2026-09-10T18:20:05.385071+09:00,GGB222001318,GGB222000032,3333,저상버스
2026-09-10,1820,2026-09-10T18:20:05.385071+09:00,GGB222001318,GGB222000048,2172,일반차량
2026-09-10,1820,2026-09-10T18:20:05.385071+09:00,GGB222001318,GGB222000048,1181,일반차량
2026-09-10,1820,2026-09-10T18:20:05.385071+09:00,GGB222001318,GGB222000078,3302,일반차량
2026-09-10,1820,2026-09-10T18:20:05.385071+09:00,GGB222001318,GGB222000078,925,일반차량
2026-09-10,1820,2026-09-10T18:20:05.385071+09:00,GGB222001318,GGB222000180,2777,일반차량
2026-09-10,1820,2026-09-10T18:20:05.385071+09:00,GGB222001318,GGB222000180,649,일반차량
2026-09-10,1820,2026-09-10T18:20:05.385071+09:00,GGB222001318,GGB222000199,268,일반차량
2026-09-10,1820,2026-09-10T18:20:05.385071+09:00,GGB222001318,GGB222000199,1583,일반차량
2026-09-10,1820,2026-09-10T18:20:05.385071+09:00,GGB222001318,GGB234000003,5106,저상버스
2026-09-10,1820,2026-09-10T18:20:05.385071+09:00,GGB222001318,GGB234000003,8680,저상버스
2026-09-10,1820,2026-09-10T18:20:05.385071+09:00,GGB222001318,GGB234000028,463,일반차량
2026-09-10,1820,2026-09-10T18:20:05.385071+09:00,GGB222001318,GGB234000028,2304,저상버스
2026-09-10,1825,2026-09-10T18:25:02.495094+09:00,GGB222001318,GGB222000009,798,저상버스
2026-09-10,1825,2026-09-10T18:25:02.495094+09:00,GGB222001318,GGB222000009,1640,저상버스
2026-09-10,1825,2026-09-10T18:25:02.495094+09:00,GGB222001318,GGB222000013,207,저상버스
2026-09-10,1825,2026-09-10T18:25:02.495094+09:00,GGB222001318,GGB222000013,1497,저상버스
2026-09-10,1825,2026-09-10T18:25:02.495094+09:00,GGB222001318,GGB222000027,3936,저상버스
2026-09-10,1825,2026-09-10T18:25:02.495094+09:00,GGB222001318,GGB222000027,1531,저상버스
2026-09-10,1825,2026-09-10T18:25:02.495094+09:00,GGB222001318,GGB222000028,675,일반차량
2026-09-10,1825,2026-09-10T18:25:02.495094+09:00,GGB222001318,GGB222000028,262,일반차량
2026-09-10,1825,2026-09-10T18:25:02.495094+09:00,GGB222001318,GGB222000031,2178,저상버스
2026-09-10,1825,2026-09-10T18:25:02.495094+09:00,GGB222001318,GGB222000031,442,저상버스
2026-09-10,1825,2026-09-10T18:25:02.495094+09:00,GGB222001318,GGB222000032,1503,저상버스
2026-09-10,1825,2026-09-10T18:25:02.495094+09:00,GGB222001318,GGB222000032,2976,저상버스
2026-09-10,1825,2026-09-10T18:25:02.495094+09:00,GGB222001318,GGB222000048,2360,일반차량
2026-09-10,1825,2026-09-10T18:25:02.495094+09:00,GGB222001318,GGB222000048,945,일반차량
2026-09-10,1825,2026-09-10T18:25:02.495094+09:00,GGB222001318,GGB222000056,1107,일반차량
2026-09-10,1825,2026-09-10T18:25:02.495094+09:00,GGB222001318,GGB222000078,3117,일반차량
2026-09-10,1825,2026-09-10T18:25:02.495094+09:00,GGB222001318,GGB222000078,544,일반차량
2026-09-10,1825,2026-09-10T18:25:02.495094+09:00,GGB222001318,GGB222000180,2418,일반차량
2026-09-10,1825,2026-09-10T18:25:02.495094+09:00,GGB222001318,GGB222000180,468,일반차량
2026-09-10,1825,2026-09-10T18:25:02.495094+09:00,GGB222001318,GGB222000199,1896,일반차량
2026-09-10,1825,2026-09-10T18:25:02.495094+09:00,GGB222001318,GGB222000199,1110,일반차량
2026-09-10,1825,2026-09-10T18:25:02.495094+09:00,GGB222001318,GGB234000003,5094,저상버스
2026-09-10,1825,2026-09-10T18:25:02.495094+09:00,GGB222001318,GGB234000003,1943,저상버스
2026-09-10,1825,2026-09-10T18:25:02.495094+09:00,GGB222001318,GGB234000028,217,일반차량
2026-09-10,1825,2026-09-10T18:25:02.495094+09:00,GGB222001318,GGB234000028,1835,저상버스
2026-09-10,1830,2026-09-10T18:30:03.574110+09:00,GGB222001318,GGB222000009,490,저상버스
2026-09-10,1830,2026-09-10T18:30:03.574110+09:00,GGB222001318,GGB222000009,1150,저상버스
2026-09-10,1830,2026-09-10T18:30:03.574110+09:00,GGB222001318,GGB222000013,2315,저상버스
2026-09-10,1830,2026-09-10T18:30:03.574110+09:00,GGB222001318,GGB222000013,1380,저상버스
2026-09-10,1830,2026-09-10T18:30:03.574110+09:00,GGB222001318,GGB222000027,3537,저상버스
2026-09-10,1830,2026-09-10T18:30:03.574110+09:00,GGB222001318,GGB222000027,1285,저상버스
2026-09-10,1830,2026-09-10T18:30:03.574110+09:00,GGB222001318,GGB222000028,429,일반차량
2026-09-10,1830,2026-09-10T18:30:03.574110+09:00,GGB222001318,GGB222000028,1178,일반차량
2026-09-10,1830,2026-09-10T18:30:03.574110+09:00,GGB222001318,GGB222000031,1866,저상버스
2026-09-10,1830,2026-09-10T18:30:03.574110+09:00,GGB222001318,GGB222000031,157,저상버스
2026-09-10,1830,2026-09-10T18:30:03.574110+09:00,GGB222001318,GGB222000032,1221,저상버스
2026-09-10,1830,2026-09-10T18:30:03.574110+09:00,GGB222001318,GGB222000032,2981,저상버스
2026-09-10,1830,2026-09-10T18:30:03.574110+09:00,GGB222001318,GGB222000048,1997,일반차량
2026-09-10,1830,2026-09-10T18:30:03.574110+09:00,GGB222001318,GGB222000048,683,일반차량
2026-09-10,1830,2026-09-10T18:30:03.574110+09:00,GGB222001318,GGB222000056,653,일반차량
2026-09-10,1830,2026-09-10T18:30:03.574110+09:00,GGB222001318,GGB222000078,2915,일반차량
2026-09-10,1830,2026-09-10T18:30:03.574110+09:00,GGB222001318,GGB222000078,190,일반차량
2026-09-10,1830,2026-09-10T18:30:03.574110+09:00,GGB222001318,GGB222000180,2159,일반차량
2026-09-10,1830,2026-09-10T18:30:03.574110+09:00,GGB222001318,GGB222000180,177,일반차량
2026-09-10,1830,2026-09-10T18:30:03.574110+09:00,GGB222001318,GGB222000199,1430,일반차량
2026-09-10,1830,2026-09-10T18:30:03.574110+09:00,GGB222001318,GGB222000199,646,일반차량
2026-09-10,1830,2026-09-10T18:30:03.574110+09:00,GGB222001318,GGB234000003,4652,저상버스
2026-09-10,1830,2026-09-10T18:30:03.574110+09:00,GGB222001318,GGB234000003,1660,저상버스
2026-09-10,1830,2026-09-10T18:30:03.574110+09:00,GGB222001318,GGB234000028,3443,일반차량
2026-09-10,1830,2026-09-10T18:30:03.574110+09:00,GGB222001318,GGB234000028,1647,저상버스
2026-09-10,1835,2026-09-10T18:35:02.672550+09:00,GGB222001318,GGB222000009,271,저상버스
2026-09-10,1835,2026-09-10T18:35:02.672550+09:00,GGB222001318,GGB222000009,980,저상버스
2026-09-10,1835,2026-09-10T18:35:02.672550+09:00,GGB222001318,GGB222000013,2371,저상버스
2026-09-10,1835,2026-09-10T18:35:02.672550+09:00,GGB222001318,GGB222000013,1358,저상버스
2026-09-10,1835,2026-09-10T18:35:02.672550+09:00,GGB222001318,GGB222000027,3629,저상버스
2026-09-10,1835,2026-09-10T18:35:02.672550+09:00,GGB222001318,GGB222000027,1123,저상버스
2026-09-10,1835,2026-09-10T18:35:02.672550+09:00,GGB222001318,GGB222000028,207,일반차량
2026-09-10,1835,2026-09-10T18:35:02.672550+09:00,GGB222001318,GGB222000028,1058,일반차량
2026-09-10,1835,2026-09-10T18:35:02.672550+09:00,GGB222001318,GGB222000031,2990,저상버스
2026-09-10,1835,2026-09-10T18:35:02.672550+09:00,GGB222001318,GGB222000031,1808,저상버스
2026-09-10,1835,2026-09-10T18:35:02.672550+09:00,GGB222001318,GGB222000032,1060,저상버스
2026-09-10,1835,2026-09-10T18:35:02.672550+09:00,GGB222001318,GGB222000032,2844,저상버스
2026-09-10,1835,2026-09-10T18:35:02.672550+09:00,GGB222001318,GGB222000048,1643,일반차량
2026-09-10,1835,2026-09-10T18:35:02.672550+09:00,GGB222001318,GGB222000048,447,일반차량
2026-09-10,1835,2026-09-10T18:35:02.672550+09:00,GGB222001318,GGB222000056,588,일반차량
2026-09-10,1835,2026-09-10T18:35:02.672550+09:00,GGB222001318,GGB222000078,2719,일반차량
2026-09-10,1835,2026-09-10T18:35:02.672550+09:00,GGB222001318,GGB222000078,3654,일반차량
2026-09-10,1835,2026-09-10T18:35:02.672550+09:00,GGB222001318,GGB222000180,1877,일반차량
2026-09-10,1835,2026-09-10T18:35:02.672550+09:00,GGB222001318,GGB222000180,19,일반차량
2026-09-10,1835,2026-09-10T18:35:02.672550+09:00,GGB222001318,GGB222000199,1189,일반차량
2026-09-10,1835,2026-09-10T18:35:02.672550+09:00,GGB222001318,GGB222000199,464,일반차량
2026-09-10,1835,2026-09-10T18:35:02.672550+09:00,GGB222001318,GGB234000003,4485,저상버스
2026-09-10,1835,2026-09-10T18:35:02.672550+09:00,GGB222001318,GGB234000003,1541,저상버스
2026-09-10,1835,2026-09-10T18:35:02.672550+09:00,GGB222001318,GGB234000028,3198,일반차량
2026-09-10,1835,2026-09-10T18:35:02.672550+09:00,GGB222001318,GGB234000028,1477,저상버스
2026-09-10,1840,2026-09-10T18:40:03.288937+09:00,GGB222001318,GGB222000009,1522,저상버스
2026-09-10,1840,2026-09-10T18:40:03.288937+09:00,GGB222001318,GGB222000009,516,저상버스
2026-09-10,1840,2026-09-10T18:40:03.288937+09:00,GGB222001318,GGB222000013,2089,저상버스
2026-09-10,1840,2026-09-10T18:40:03.288937+09:00,GGB222001318,GGB222000013,1080,저상버스
2026-09-10,1840,2026-09-10T18:40:03.288937+09:00,GGB222001318,GGB222000027,3264,저상버스
2026-09-10,1840,2026-09-10T18:40:03.288937+09:00,GGB222001318,GGB222000027,663,저상버스
2026-09-10,1840,2026-09-10T18:40:03.288937+09:00,GGB222001318,GGB222000028,570,일반차량
2026-09-10,1840,2026-09-10T18:40:03.288937+09:00,GGB222001318,GGB222000028,1221,일반차량
2026-09-10,1840,2026-09-10T18:40:03.288937+09:00,GGB222001318,GGB222000031,2248,저상버스
2026-09-10,1840,2026-09-10T18:40:03.288937+09:00,GGB222001318,GGB222000031,1493,저상버스
2026-09-10,1840,2026-09-10T18:40:03.288937+09:00,GGB222001318,GGB222000032,653,저상버스
2026-09-10,1840,2026-09-10T18:40:03.288937+09:00,GGB222001318,GGB222000032,2492,저상버스
2026-09-10,1840,2026-09-10T18:40:03.288937+09:00,GGB222001318,GGB222000048,1416,일반차량
2026-09-10,1840,2026-09-10T18:40:03.288937+09:00,GGB222001318,GGB222000048,239,일반차량
2026-09-10,1840,2026-09-10T18:40:03.288937+09:00,GGB222001318,GGB222000056,240,일반차량
2026-09-10,1840,2026-09-10T18:40:03.288937+09:00,GGB222001318,GGB222000078,2300,일반차량
2026-09-10,1840,2026-09-10T18:40:03.288937+09:00,GGB222001318,GGB222000078,3204,일반차량
2026-09-10,1840,2026-09-10T18:40:03.288937+09:00,GGB222001318,GGB222000180,3935,일반차량
2026-09-10,1840,2026-09-10T18:40:03.288937+09:00,GGB222001318,GGB222000180,1639,일반차량
2026-09-10,1840,2026-09-10T18:40:03.288937+09:00,GGB222001318,GGB222000199,908,일반차량
2026-09-10,1840,2026-09-10T18:40:03.288937+09:00,GGB222001318,GGB222000199,255,일반차량
2026-09-10,1840,2026-09-10T18:40:03.288937+09:00,GGB222001318,GGB234000003,4131,저상버스
2026-09-10,1840,2026-09-10T18:40:03.288937+09:00,GGB222001318,GGB234000003,1244,저상버스
2026-09-10,1840,2026-09-10T18:40:03.288937+09:00,GGB222001318,GGB234000028,2719,일반차량
2026-09-10,1840,2026-09-10T18:40:03.288937+09:00,GGB222001318,GGB234000028,1007,저상버스
2026-09-10,1845,2026-09-10T18:45:02.412122+09:00,GGB222001318,GGB222000009,1404,저상버스
2026-09-10,1845,2026-09-10T18:45:02.412122+09:00,GGB222001318,GGB222000009,290,저상버스
2026-09-10,1845,2026-09-10T18:45:02.412122+09:00,GGB222001318,GGB222000013,1557,저상버스
2026-09-10,1845,2026-09-10T18:45:02.412122+09:00,GGB222001318,GGB222000013,745,저상버스
2026-09-10,1845,2026-09-10T18:45:02.412122+09:00,GGB222001318,GGB222000027,2471,저상버스
2026-09-10,1845,2026-09-10T18:45:02.412122+09:00,GGB222001318,GGB222000027,230,저상버스
2026-09-10,1845,2026-09-10T18:45:02.412122+09:00,GGB222001318,GGB222000028,395,일반차량
2026-09-10,1845,2026-09-10T18:45:02.412122+09:00,GGB222001318,GGB222000028,968,일반차량
2026-09-10,1845,2026-09-10T18:45:02.412122+09:00,GGB222001318,GGB222000031,1847,저상버스
2026-09-10,1845,2026-09-10T18:45:02.412122+09:00,GGB222001318,GGB222000031,1150,저상버스
2026-09-10,1845,2026-09-10T18:45:02.412122+09:00,GGB222001318,GGB222000032,230,저상버스
2026-09-10,1845,2026-09-10T18:45:02.412122+09:00,GGB222001318,GGB222000032,2002,저상버스
2026-09-10,1845,2026-09-10T18:45:02.412122+09:00,GGB222001318,GGB222000048,2650,일반차량
2026-09-10,1845,2026-09-10T18:45:02.412122+09:00,GGB222001318,GGB222000048,1158,일반차량
2026-09-10,1845,2026-09-10T18:45:02.412122+09:00,GGB222001318,GGB222000078,2088,일반차량
2026-09-10,1845,2026-09-10T18:45:02.412122+09:00,GGB222001318,GGB222000078,2846,일반차량
2026-09-10,1845,2026-09-10T18:45:02.412122+09:00,GGB222001318,GGB222000180,3211,일반차량
2026-09-10,1845,2026-09-10T18:45:02.412122+09:00,GGB222001318,GGB222000180,1295,일반차량
2026-09-10,1845,2026-09-10T18:45:02.412122+09:00,GGB222001318,GGB222000199,1362,일반차량
2026-09-10,1845,2026-09-10T18:45:02.412122+09:00,GGB222001318,GGB222000199,507,일반차량
2026-09-10,1845,2026-09-10T18:45:02.412122+09:00,GGB222001318,GGB234000003,3704,저상버스
2026-09-10,1845,2026-09-10T18:45:02.412122+09:00,GGB222001318,GGB234000003,807,저상버스
2026-09-10,1845,2026-09-10T18:45:02.412122+09:00,GGB222001318,GGB234000028,2461,일반차량
2026-09-10,1845,2026-09-10T18:45:02.412122+09:00,GGB222001318,GGB234000028,677,저상버스
2026-09-10,1850,2026-09-10T18:50:11.835653+09:00,GGB222001318,GGB222000009,2329,일반차량
2026-09-10,1850,2026-09-10T18:50:11.835653+09:00,GGB222001318,GGB222000009,1212,저상버스
2026-09-10,1850,2026-09-10T18:50:11.835653+09:00,GGB222001318,GGB222000013,1423,저상버스
2026-09-10,1850,2026-09-10T18:50:11.835653+09:00,GGB222001318,GGB222000013,591,저상버스
2026-09-10,1850,2026-09-10T18:50:11.835653+09:00,GGB222001318,GGB222000027,2351,저상버스
2026-09-10,1850,2026-09-10T18:50:11.835653+09:00,GGB222001318,GGB222000027,5417,저상버스
2026-09-10,1850,2026-09-10T18:50:11.835653+09:00,GGB222001318,GGB222000028,287,일반차량
2026-09-10,1850,2026-09-10T18:50:11.835653+09:00,GGB222001318,GGB222000028,642,일반차량
2026-09-10,1850,2026-09-10T18:50:11.835653+09:00,GGB222001318,GGB222000031,1625,저상버스
2026-09-10,1850,2026-09-10T18:50:11.835653+09:00,GGB222001318,GGB222000031,1046,저상버스
2026-09-10,1850,2026-09-10T18:50:11.835653+09:00,GGB222001318,GGB222000032,1810,저상버스
2026-09-10,1850,2026-09-10T18:50:11.835653+09:00,GGB222001318,GGB222000032,4033,저상버스
2026-09-10,1850,2026-09-10T18:50:11.835653+09:00,GGB222001318,GGB222000048,2454,일반차량
2026-09-10,1850,2026-09-10T18:50:11.835653+09:00,GGB222001318,GGB222000048,1071,일반차량
2026-09-10,1850,2026-09-10T18:50:11.835653+09:00,GGB222001318,GGB222000078,1964,일반차량
2026-09-10,1850,2026-09-10T18:50:11.835653+09:00,GGB222001318,GGB222000078,2692,일반차량
2026-09-10,1850,2026-09-10T18:50:11.835653+09:00,GGB222001318,GGB222000180,2937,일반차량
2026-09-10,1850,2026-09-10T18:50:11.835653+09:00,GGB222001318,GGB222000180,1000,일반차량
2026-09-10,1850,2026-09-10T18:50:11.835653+09:00,GGB222001318,GGB222000199,1031,일반차량
2026-09-10,1850,2026-09-10T18:50:11.835653+09:00,GGB222001318,GGB222000199,351,일반차량
2026-09-10,1850,2026-09-10T18:50:11.835653+09:00,GGB222001318,GGB234000003,3512,저상버스
2026-09-10,1850,2026-09-10T18:50:11.835653+09:00,GGB222001318,GGB234000003,669,저상버스
2026-09-10,1850,2026-09-10T18:50:11.835653+09:00,GGB222001318,GGB234000028,2296,일반차량
2026-09-10,1850,2026-09-10T18:50:11.835653+09:00,GGB222001318,GGB234000028,640,저상버스
2026-09-10,1855,2026-09-10T18:55:02.348981+09:00,GGB222001318,GGB222000009,1930,일반차량
2026-09-10,1855,2026-09-10T18:55:02.348981+09:00,GGB222001318,GGB222000009,811,저상버스
2026-09-10,1855,2026-09-10T18:55:02.348981+09:00,GGB222001318,GGB222000013,1247,저상버스
2026-09-10,1855,2026-09-10T18:55:02.348981+09:00,GGB222001318,GGB222000013,326,저상버스
2026-09-10,1855,2026-09-10T18:55:02.348981+09:00,GGB222001318,GGB222000027,1962,저상버스
2026-09-10,1855,2026-09-10T18:55:02.348981+09:00,GGB222001318,GGB222000027,4665,저상버스
2026-09-10,1855,2026-09-10T18:55:02.348981+09:00,GGB222001318,GGB222000028,916,일반차량
2026-09-10,1855,2026-09-10T18:55:02.348981+09:00,GGB222001318,GGB222000028,448,일반차량
2026-09-10,1855,2026-09-10T18:55:02.348981+09:00,GGB222001318,GGB222000031,1248,저상버스
2026-09-10,1855,2026-09-10T18:55:02.348981+09:00,GGB222001318,GGB222000031,616,저상버스
2026-09-10,1855,2026-09-10T18:55:02.348981+09:00,GGB222001318,GGB222000032,1324,저상버스
2026-09-10,1855,2026-09-10T18:55:02.348981+09:00,GGB222001318,GGB222000032,3718,저상버스
2026-09-10,1855,2026-09-10T18:55:02.348981+09:00,GGB222001318,GGB222000048,2095,일반차량
2026-09-10,1855,2026-09-10T18:55:02.348981+09:00,GGB222001318,GGB222000048,535,일반차량
2026-09-10,1855,2026-09-10T18:55:02.348981+09:00,GGB222001318,GGB222000078,2246,일반차량
2026-09-10,1855,2026-09-10T18:55:02.348981+09:00,GGB222001318,GGB222000078,3769,일반차량
2026-09-10,1855,2026-09-10T18:55:02.348981+09:00,GGB222001318,GGB222000180,2785,일반차량
2026-09-10,1855,2026-09-10T18:55:02.348981+09:00,GGB222001318,GGB222000180,699,일반차량
2026-09-10,1855,2026-09-10T18:55:02.348981+09:00,GGB222001318,GGB222000199,769,일반차량
2026-09-10,1855,2026-09-10T18:55:02.348981+09:00,GGB222001318,GGB222000199,152,일반차량
2026-09-10,1855,2026-09-10T18:55:02.348981+09:00,GGB222001318,GGB234000003,3197,저상버스
2026-09-10,1855,2026-09-10T18:55:02.348981+09:00,GGB222001318,GGB234000003,325,저상버스
2026-09-10,1855,2026-09-10T18:55:02.348981+09:00,GGB222001318,GGB234000028,1847,일반차량
2026-09-10,1855,2026-09-10T18:55:02.348981+09:00,GGB222001318,GGB234000028,182,저상버스
2026-09-11,0700,2026-09-11T07:00:03.978086+09:00,GGB222001318,GGB222000009,1232,저상버스
2026-09-11,0700,2026-09-11T07:00:03.978086+09:00,GGB222001318,GGB222000009,2014,저상버스
2026-09-11,0700,2026-09-11T07:00:03.978086+09:00,GGB222001318,GGB222000013,651,저상버스
2026-09-11,0700,2026-09-11T07:00:03.978086+09:00,GGB222001318,GGB222000013,1990,저상버스
2026-09-11,0700,2026-09-11T07:00:03.978086+09:00,GGB222001318,GGB222000027,83,저상버스
2026-09-11,0700,2026-09-11T07:00:03.978086+09:00,GGB222001318,GGB222000027,2828,저상버스
2026-09-11,0700,2026-09-11T07:00:03.978086+09:00,GGB222001318,GGB222000028,702,일반차량
2026-09-11,0700,2026-09-11T07:00:03.978086+09:00,GGB222001318,GGB222000028,1136,일반차량
2026-09-11,0700,2026-09-11T07:00:03.978086+09:00,GGB222001318,GGB222000031,1619,저상버스
2026-09-11,0700,2026-09-11T07:00:03.978086+09:00,GGB222001318,GGB222000031,2641,저상버스
2026-09-11,0700,2026-09-11T07:00:03.978086+09:00,GGB222001318,GGB222000032,5314,저상버스
2026-09-11,0700,2026-09-11T07:00:03.978086+09:00,GGB222001318,GGB222000032,6453,저상버스
2026-09-11,0700,2026-09-11T07:00:03.978086+09:00,GGB222001318,GGB222000048,1785,일반차량
2026-09-11,0700,2026-09-11T07:00:03.978086+09:00,GGB222001318,GGB222000048,503,일반차량
2026-09-11,0700,2026-09-11T07:00:03.978086+09:00,GGB222001318,GGB222000078,1356,일반차량
2026-09-11,0700,2026-09-11T07:00:03.978086+09:00,GGB222001318,GGB222000078,1985,일반차량
2026-09-11,0700,2026-09-11T07:00:03.978086+09:00,GGB222001318,GGB222000137,3526,일반차량
2026-09-11,0700,2026-09-11T07:00:03.978086+09:00,GGB222001318,GGB222000180,1718,일반차량
2026-09-11,0700,2026-09-11T07:00:03.978086+09:00,GGB222001318,GGB222000180,3568,일반차량
2026-09-11,0700,2026-09-11T07:00:03.978086+09:00,GGB222001318,GGB222000199,337,일반차량
2026-09-11,0700,2026-09-11T07:00:03.978086+09:00,GGB222001318,GGB222000199,1859,일반차량
2026-09-11,0700,2026-09-11T07:00:03.978086+09:00,GGB222001318,GGB222000239,1262,일반차량
2026-09-11,0700,2026-09-11T07:00:03.978086+09:00,GGB222001318,GGB234000003,7819,저상버스
2026-09-11,0700,2026-09-11T07:00:03.978086+09:00,GGB222001318,GGB234000003,4689,저상버스
2026-09-11,0700,2026-09-11T07:00:03.978086+09:00,GGB222001318,GGB234000028,3707,일반차량
2026-09-11,0700,2026-09-11T07:00:03.978086+09:00,GGB222001318,GGB234000028,2349,저상버스
2026-09-11,0705,2026-09-11T07:05:02.383829+09:00,GGB222001318,GGB222000009,663,저상버스
2026-09-11,0705,2026-09-11T07:05:02.383829+09:00,GGB222001318,GGB222000009,1426,저상버스
2026-09-11,0705,2026-09-11T07:05:02.383829+09:00,GGB222001318,GGB222000013,419,저상버스
2026-09-11,0705,2026-09-11T07:05:02.383829+09:00,GGB222001318,GGB222000013,1541,저상버스
2026-09-11,0705,2026-09-11T07:05:02.383829+09:00,GGB222001318,GGB222000027,4156,저상버스
2026-09-11,0705,2026-09-11T07:05:02.383829+09:00,GGB222001318,GGB222000027,2643,저상버스
2026-09-11,0705,2026-09-11T07:05:02.383829+09:00,GGB222001318,GGB222000028,468,일반차량
2026-09-11,0705,2026-09-11T07:05:02.383829+09:00,GGB222001318,GGB222000028,924,일반차량
2026-09-11,0705,2026-09-11T07:05:02.383829+09:00,GGB222001318,GGB222000031,1408,저상버스
2026-09-11,0705,2026-09-11T07:05:02.383829+09:00,GGB222001318,GGB222000031,2383,저상버스
2026-09-11,0705,2026-09-11T07:05:02.383829+09:00,GGB222001318,GGB222000032,5212,저상버스
2026-09-11,0705,2026-09-11T07:05:02.383829+09:00,GGB222001318,GGB222000032,6233,저상버스
2026-09-11,0705,2026-09-11T07:05:02.383829+09:00,GGB222001318,GGB222000048,1572,일반차량
2026-09-11,0705,2026-09-11T07:05:02.383829+09:00,GGB222001318,GGB222000048,433,일반차량
2026-09-11,0705,2026-09-11T07:05:02.383829+09:00,GGB222001318,GGB222000056,871,일반차량
2026-09-11,0705,2026-09-11T07:05:02.383829+09:00,GGB222001318,GGB222000078,1270,일반차량
2026-09-11,0705,2026-09-11T07:05:02.383829+09:00,GGB222001318,GGB222000078,1711,일반차량
2026-09-11,0705,2026-09-11T07:05:02.383829+09:00,GGB222001318,GGB222000137,3441,일반차량
2026-09-11,0705,2026-09-11T07:05:02.383829+09:00,GGB222001318,GGB222000137,6004,일반차량
2026-09-11,0705,2026-09-11T07:05:02.383829+09:00,GGB222001318,GGB222000180,1551,일반차량
2026-09-11,0705,2026-09-11T07:05:02.383829+09:00,GGB222001318,GGB222000180,3316,일반차량
2026-09-11,0705,2026-09-11T07:05:02.383829+09:00,GGB222001318,GGB222000199,81,일반차량
2026-09-11,0705,2026-09-11T07:05:02.383829+09:00,GGB222001318,GGB222000199,1592,일반차량
2026-09-11,0705,2026-09-11T07:05:02.383829+09:00,GGB222001318,GGB222000239,970,일반차량
2026-09-11,0705,2026-09-11T07:05:02.383829+09:00,GGB222001318,GGB234000003,1890,저상버스
2026-09-11,0705,2026-09-11T07:05:02.383829+09:00,GGB222001318,GGB234000003,4336,저상버스
2026-09-11,0705,2026-09-11T07:05:02.383829+09:00,GGB222001318,GGB234000028,3430,일반차량
2026-09-11,0705,2026-09-11T07:05:02.383829+09:00,GGB222001318,GGB234000028,2111,저상버스
2026-09-11,0710,2026-09-11T07:10:02.233667+09:00,GGB222001318,GGB222000009,393,저상버스
2026-09-11,0710,2026-09-11T07:10:02.233667+09:00,GGB222001318,GGB222000009,1074,저상버스
2026-09-11,0710,2026-09-11T07:10:02.233667+09:00,GGB222001318,GGB222000013,178,저상버스
2026-09-11,0710,2026-09-11T07:10:02.233667+09:00,GGB222001318,GGB222000013,1239,저상버스
2026-09-11,0710,2026-09-11T07:10:02.233667+09:00,GGB222001318,GGB222000027,3871,저상버스
2026-09-11,0710,2026-09-11T07:10:02.233667+09:00,GGB222001318,GGB222000027,2460,저상버스
2026-09-11,0710,2026-09-11T07:10:02.233667+09:00,GGB222001318,GGB222000028,239,일반차량
2026-09-11,0710,2026-09-11T07:10:02.233667+09:00,GGB222001318,GGB222000028,727,일반차량
2026-09-11,0710,2026-09-11T07:10:02.233667+09:00,GGB222001318,GGB222000031,1178,저상버스
2026-09-11,0710,2026-09-11T07:10:02.233667+09:00,GGB222001318,GGB222000031,2141,저상버스
2026-09-11,0710,2026-09-11T07:10:02.233667+09:00,GGB222001318,GGB222000032,4785,저상버스
2026-09-11,0710,2026-09-11T07:10:02.233667+09:00,GGB222001318,GGB222000032,5985,저상버스
2026-09-11,0710,2026-09-11T07:10:02.233667+09:00,GGB222001318,GGB222000048,1305,일반차량
2026-09-11,0710,2026-09-11T07:10:02.233667+09:00,GGB222001318,GGB222000048,229,일반차량
2026-09-11,0710,2026-09-11T07:10:02.233667+09:00,GGB222001318,GGB222000056,637,일반차량
2026-09-11,0710,2026-09-11T07:10:02.233667+09:00,GGB222001318,GGB222000078,710,일반차량
2026-09-11,0710,2026-09-11T07:10:02.233667+09:00,GGB222001318,GGB222000078,1461,일반차량
2026-09-11,0710,2026-09-11T07:10:02.233667+09:00,GGB222001318,GGB222000137,3229,일반차량
2026-09-11,0710,2026-09-11T07:10:02.233667+09:00,GGB222001318,GGB222000137,5952,일반차량
2026-09-11,0710,2026-09-11T07:10:02.233667+09:00,GGB222001318,GGB222000180,1241,일반차량
2026-09-11,0710,2026-09-11T07:10:02.233667+09:00,GGB222001318,GGB222000180,3151,일반차량
2026-09-11,0710,2026-09-11T07:10:02.233667+09:00,GGB222001318,GGB222000199,2046,일반차량
2026-09-11,0710,2026-09-11T07:10:02.233667+09:00,GGB222001318,GGB222000199,1445,일반차량
2026-09-11,0710,2026-09-11T07:10:02.233667+09:00,GGB222001318,GGB222000239,595,일반차량
2026-09-11,0710,2026-09-11T07:10:02.233667+09:00,GGB222001318,GGB234000003,1681,저상버스
2026-09-11,0710,2026-09-11T07:10:02.233667+09:00,GGB222001318,GGB234000003,4173,저상버스
2026-09-11,0710,2026-09-11T07:10:02.233667+09:00,GGB222001318,GGB234000028,3470,일반차량
2026-09-11,0710,2026-09-11T07:10:02.233667+09:00,GGB222001318,GGB234000028,1895,저상버스
2026-09-11,0715,2026-09-11T07:15:02.327980+09:00,GGB222001318,GGB222000009,106,저상버스
2026-09-11,0715,2026-09-11T07:15:02.327980+09:00,GGB222001318,GGB222000009,837,저상버스
2026-09-11,0715,2026-09-11T07:15:02.327980+09:00,GGB222001318,GGB222000013,1003,저상버스
2026-09-11,0715,2026-09-11T07:15:02.327980+09:00,GGB222001318,GGB222000013,1856,저상버스
2026-09-11,0715,2026-09-11T07:15:02.327980+09:00,GGB222001318,GGB222000027,4011,저상버스
2026-09-11,0715,2026-09-11T07:15:02.327980+09:00,GGB222001318,GGB222000027,2177,저상버스
2026-09-11,0715,2026-09-11T07:15:02.327980+09:00,GGB222001318,GGB222000028,503,일반차량
2026-09-11,0715,2026-09-11T07:15:02.327980+09:00,GGB222001318,GGB222000028,1115,일반차량
2026-09-11,0715,2026-09-11T07:15:02.327980+09:00,GGB222001318,GGB222000031,908,저상버스
2026-09-11,0715,2026-09-11T07:15:02.327980+09:00,GGB222001318,GGB222000031,1940,저상버스
2026-09-11,0715,2026-09-11T07:15:02.327980+09:00,GGB222001318,GGB222000032,4648,저상버스
2026-09-11,0715,2026-09-11T07:15:02.327980+09:00,GGB222001318,GGB222000032,5910,저상버스
2026-09-11,0715,2026-09-11T07:15:02.327980+09:00,GGB222001318,GGB222000048,1134,일반차량
2026-09-11,0715,2026-09-11T07:15:02.327980+09:00,GGB222001318,GGB222000048,2575,일반차량
2026-09-11,0715,2026-09-11T07:15:02.327980+09:00,GGB222001318,GGB222000056,383,일반차량
2026-09-11,0715,2026-09-11T07:15:02.327980+09:00,GGB222001318,GGB222000078,469,일반차량
2026-09-11,0715,2026-09-11T07:15:02.327980+09:00,GGB222001318,GGB222000078,1373,일반차량
2026-09-11,0715,2026-09-11T07:15:02.327980+09:00,GGB222001318,GGB222000137,2998,일반차량
2026-09-11,0715,2026-09-11T07:15:02.327980+09:00,GGB222001318,GGB222000137,5679,일반차량
2026-09-11,0715,2026-09-11T07:15:02.327980+09:00,GGB222001318,GGB222000180,985,일반차량
2026-09-11,0715,2026-09-11T07:15:02.327980+09:00,GGB222001318,GGB222000180,2950,일반차량
2026-09-11,0715,2026-09-11T07:15:02.327980+09:00,GGB222001318,GGB222000199,1818,일반차량
2026-09-11,0715,2026-09-11T07:15:02.327980+09:00,GGB222001318,GGB222000199,1072,일반차량
2026-09-11,0715,2026-09-11T07:15:02.327980+09:00,GGB222001318,GGB222000239,374,일반차량
2026-09-11,0715,2026-09-11T07:15:02.327980+09:00,GGB222001318,GGB234000003,1412,저상버스
2026-09-11,0715,2026-09-11T07:15:02.327980+09:00,GGB222001318,GGB234000003,3990,저상버스
2026-09-11,0715,2026-09-11T07:15:02.327980+09:00,GGB222001318,GGB234000028,3344,일반차량
2026-09-11,0715,2026-09-11T07:15:02.327980+09:00,GGB222001318,GGB234000028,4708,저상버스
2026-09-11,0720,2026-09-11T07:20:02.961215+09:00,GGB222001318,GGB222000009,1594,저상버스
2026-09-11,0720,2026-09-11T07:20:02.961215+09:00,GGB222001318,GGB222000009,537,저상버스
2026-09-11,0720,2026-09-11T07:20:02.961215+09:00,GGB222001318,GGB222000013,743,저상버스
2026-09-11,0720,2026-09-11T07:20:02.961215+09:00,GGB222001318,GGB222000013,1670,저상버스
2026-09-11,0720,2026-09-11T07:20:02.961215+09:00,GGB222001318,GGB222000027,3457,저상버스
2026-09-11,0720,2026-09-11T07:20:02.961215+09:00,GGB222001318,GGB222000027,1680,저상버스
2026-09-11,0720,2026-09-11T07:20:02.961215+09:00,GGB222001318,GGB222000028,394,일반차량
2026-09-11,0720,2026-09-11T07:20:02.961215+09:00,GGB222001318,GGB222000028,660,일반차량
2026-09-11,0720,2026-09-11T07:20:02.961215+09:00,GGB222001318,GGB222000031,634,저상버스
2026-09-11,0720,2026-09-11T07:20:02.961215+09:00,GGB222001318,GGB222000031,1867,저상버스
2026-09-11,0720,2026-09-11T07:20:02.961215+09:00,GGB222001318,GGB222000032,4483,저상버스
2026-09-11,0720,2026-09-11T07:20:02.961215+09:00,GGB222001318,GGB222000032,5600,저상버스
2026-09-11,0720,2026-09-11T07:20:02.961215+09:00,GGB222001318,GGB222000048,906,일반차량
2026-09-11,0720,2026-09-11T07:20:02.961215+09:00,GGB222001318,GGB222000048,2354,일반차량
2026-09-11,0720,2026-09-11T07:20:02.961215+09:00,GGB222001318,GGB222000056,223,일반차량
2026-09-11,0720,2026-09-11T07:20:02.961215+09:00,GGB222001318,GGB222000078,156,일반차량
2026-09-11,0720,2026-09-11T07:20:02.961215+09:00,GGB222001318,GGB222000078,824,일반차량
2026-09-11,0720,2026-09-11T07:20:02.961215+09:00,GGB222001318,GGB222000137,2796,일반차량
2026-09-11,0720,2026-09-11T07:20:02.961215+09:00,GGB222001318,GGB222000137,5449,일반차량
2026-09-11,0720,2026-09-11T07:20:02.961215+09:00,GGB222001318,GGB222000180,741,일반차량
2026-09-11,0720,2026-09-11T07:20:02.961215+09:00,GGB222001318,GGB222000180,2740,일반차량
2026-09-11,0720,2026-09-11T07:20:02.961215+09:00,GGB222001318,GGB222000199,1617,일반차량
2026-09-11,0720,2026-09-11T07:20:02.961215+09:00,GGB222001318,GGB222000199,726,일반차량
2026-09-11,0720,2026-09-11T07:20:02.961215+09:00,GGB222001318,GGB222000239,160,일반차량
2026-09-11,0720,2026-09-11T07:20:02.961215+09:00,GGB222001318,GGB234000003,1155,저상버스
2026-09-11,0720,2026-09-11T07:20:02.961215+09:00,GGB222001318,GGB234000003,3754,저상버스
2026-09-11,0720,2026-09-11T07:20:02.961215+09:00,GGB222001318,GGB234000028,1486,저상버스
2026-09-11,0720,2026-09-11T07:20:02.961215+09:00,GGB222001318,GGB234000028,4511,저상버스
2026-09-11,0725,2026-09-11T07:25:02.407987+09:00,GGB222001318,GGB222000009,1453,저상버스
2026-09-11,0725,2026-09-11T07:25:02.407987+09:00,GGB222001318,GGB222000009,330,저상버스
2026-09-11,0725,2026-09-11T07:25:02.407987+09:00,GGB222001318,GGB222000013,501,저상버스
2026-09-11,0725,2026-09-11T07:25:02.407987+09:00,GGB222001318,GGB222000013,1807,저상버스
2026-09-11,0725,2026-09-11T07:25:02.407987+09:00,GGB222001318,GGB222000027,3102,저상버스
2026-09-11,0725,2026-09-11T07:25:02.407987+09:00,GGB222001318,GGB222000027,1414,저상버스
2026-09-11,0725,2026-09-11T07:25:02.407987+09:00,GGB222001318,GGB222000028,1020,일반차량
2026-09-11,0725,2026-09-11T07:25:02.407987+09:00,GGB222001318,GGB222000028,434,일반차량
2026-09-11,0725,2026-09-11T07:25:02.407987+09:00,GGB222001318,GGB222000031,381,저상버스
2026-09-11,0725,2026-09-11T07:25:02.407987+09:00,GGB222001318,GGB222000031,1572,저상버스
2026-09-11,0725,2026-09-11T07:25:02.407987+09:00,GGB222001318,GGB222000032,4128,저상버스
2026-09-11,0725,2026-09-11T07:25:02.407987+09:00,GGB222001318,GGB222000032,5234,저상버스
2026-09-11,0725,2026-09-11T07:25:02.407987+09:00,GGB222001318,GGB222000048,585,일반차량
2026-09-11,0725,2026-09-11T07:25:02.407987+09:00,GGB222001318,GGB222000048,2032,일반차량
2026-09-11,0725,2026-09-11T07:25:02.407987+09:00,GGB222001318,GGB222000078,3083,일반차량
2026-09-11,0725,2026-09-11T07:25:02.407987+09:00,GGB222001318,GGB222000078,493,일반차량
2026-09-11,0725,2026-09-11T07:25:02.407987+09:00,GGB222001318,GGB222000137,2614,일반차량
2026-09-11,0725,2026-09-11T07:25:02.407987+09:00,GGB222001318,GGB222000137,5391,일반차량
2026-09-11,0725,2026-09-11T07:25:02.407987+09:00,GGB222001318,GGB222000180,541,일반차량
2026-09-11,0725,2026-09-11T07:25:02.407987+09:00,GGB222001318,GGB222000180,2405,일반차량
2026-09-11,0725,2026-09-11T07:25:02.407987+09:00,GGB222001318,GGB222000199,1479,일반차량
2026-09-11,0725,2026-09-11T07:25:02.407987+09:00,GGB222001318,GGB222000199,434,일반차량
2026-09-11,0725,2026-09-11T07:25:02.407987+09:00,GGB222001318,GGB234000003,786,저상버스
2026-09-11,0725,2026-09-11T07:25:02.407987+09:00,GGB222001318,GGB234000003,3434,저상버스
2026-09-11,0725,2026-09-11T07:25:02.407987+09:00,GGB222001318,GGB234000028,3079,일반차량
2026-09-11,0725,2026-09-11T07:25:02.407987+09:00,GGB222001318,GGB234000028,1235,저상버스
2026-09-11,0730,2026-09-11T07:30:02.093215+09:00,GGB222001318,GGB222000009,2320,일반차량
2026-09-11,0730,2026-09-11T07:30:02.093215+09:00,GGB222001318,GGB222000009,1274,저상버스
2026-09-11,0730,2026-09-11T07:30:02.093215+09:00,GGB222001318,GGB222000013,195,저상버스
2026-09-11,0730,2026-09-11T07:30:02.093215+09:00,GGB222001318,GGB222000013,1375,저상버스
2026-09-11,0730,2026-09-11T07:30:02.093215+09:00,GGB222001318,GGB222000027,2972,저상버스
2026-09-11,0730,2026-09-11T07:30:02.093215+09:00,GGB222001318,GGB222000027,1175,저상버스
2026-09-11,0730,2026-09-11T07:30:02.093215+09:00,GGB222001318,GGB222000028,759,일반차량
2026-09-11,0730,2026-09-11T07:30:02.093215+09:00,GGB222001318,GGB222000028,131,일반차량
2026-09-11,0730,2026-09-11T07:30:02.093215+09:00,GGB222001318,GGB222000031,75,저상버스
2026-09-11,0730,2026-09-11T07:30:02.093215+09:00,GGB222001318,GGB222000031,1348,저상버스
2026-09-11,0730,2026-09-11T07:30:02.093215+09:00,GGB222001318,GGB222000032,4000,저상버스
2026-09-11,0730,2026-09-11T07:30:02.093215+09:00,GGB222001318,GGB222000032,4903,저상버스
2026-09-11,0730,2026-09-11T07:30:02.093215+09:00,GGB222001318,GGB222000048,344,일반차량
2026-09-11,0730,2026-09-11T07:30:02.093215+09:00,GGB222001318,GGB222000048,1625,일반차량
2026-09-11,0730,2026-09-11T07:30:02.093215+09:00,GGB222001318,GGB222000078,2983,일반차량
2026-09-11,0730,2026-09-11T07:30:02.093215+09:00,GGB222001318,GGB222000078,216,일반차량
2026-09-11,0730,2026-09-11T07:30:02.093215+09:00,GGB222001318,GGB222000137,2323,일반차량
2026-09-11,0730,2026-09-11T07:30:02.093215+09:00,GGB222001318,GGB222000137,4940,일반차량
2026-09-11,0730,2026-09-11T07:30:02.093215+09:00,GGB222001318,GGB222000180,424,일반차량
2026-09-11,0730,2026-09-11T07:30:02.093215+09:00,GGB222001318,GGB222000180,2241,일반차량
2026-09-11,0730,2026-09-11T07:30:02.093215+09:00,GGB222001318,GGB222000199,1029,일반차량
2026-09-11,0730,2026-09-11T07:30:02.093215+09:00,GGB222001318,GGB222000199,171,일반차량
2026-09-11,0730,2026-09-11T07:30:02.093215+09:00,GGB222001318,GGB234000003,595,저상버스
2026-09-11,0730,2026-09-11T07:30:02.093215+09:00,GGB222001318,GGB234000003,3180,저상버스
2026-09-11,0730,2026-09-11T07:30:02.093215+09:00,GGB222001318,GGB234000028,2812,일반차량
2026-09-11,0730,2026-09-11T07:30:02.093215+09:00,GGB222001318,GGB234000028,953,저상버스
2026-09-11,0735,2026-09-11T07:35:03.411384+09:00,GGB222001318,GGB222000009,1981,일반차량
2026-09-11,0735,2026-09-11T07:35:03.411384+09:00,GGB222001318,GGB222000009,913,저상버스
2026-09-11,0735,2026-09-11T07:35:03.411384+09:00,GGB222001318,GGB222000013,2323,저상버스
2026-09-11,0735,2026-09-11T07:35:03.411384+09:00,GGB222001318,GGB222000013,1289,저상버스
2026-09-11,0735,2026-09-11T07:35:03.411384+09:00,GGB222001318,GGB222000027,2798,저상버스
2026-09-11,0735,2026-09-11T07:35:03.411384+09:00,GGB222001318,GGB222000027,806,저상버스
2026-09-11,0735,2026-09-11T07:35:03.411384+09:00,GGB222001318,GGB222000028,508,일반차량
2026-09-11,0735,2026-09-11T07:35:03.411384+09:00,GGB222001318,GGB222000028,960,일반차량
2026-09-11,0735,2026-09-11T07:35:03.411384+09:00,GGB222001318,GGB222000031,1260,저상버스
2026-09-11,0735,2026-09-11T07:35:03.411384+09:00,GGB222001318,GGB222000031,2221,저상버스
2026-09-11,0735,2026-09-11T07:35:03.411384+09:00,GGB222001318,GGB222000032,3907,저상버스
2026-09-11,0735,2026-09-11T07:35:03.411384+09:00,GGB222001318,GGB222000032,4961,저상버스
2026-09-11,0735,2026-09-11T07:35:03.411384+09:00,GGB222001318,GGB222000048,118,일반차량
2026-09-11,0735,2026-09-11T07:35:03.411384+09:00,GGB222001318,GGB222000048,1447,일반차량
2026-09-11,0735,2026-09-11T07:35:03.411384+09:00,GGB222001318,GGB222000078,2626,일반차량
2026-09-11,0735,2026-09-11T07:35:03.411384+09:00,GGB222001318,GGB222000137,2073,일반차량
2026-09-11,0735,2026-09-11T07:35:03.411384+09:00,GGB222001318,GGB222000137,4665,일반차량
2026-09-11,0735,2026-09-11T07:35:03.411384+09:00,GGB222001318,GGB222000180,106,일반차량
2026-09-11,0735,2026-09-11T07:35:03.411384+09:00,GGB222001318,GGB222000180,2038,일반차량
2026-09-11,0735,2026-09-11T07:35:03.411384+09:00,GGB222001318,GGB222000199,675,일반차량
2026-09-11,0735,2026-09-11T07:35:03.411384+09:00,GGB222001318,GGB222000199,1342,일반차량
2026-09-11,0735,2026-09-11T07:35:03.411384+09:00,GGB222001318,GGB234000003,370,저상버스
2026-09-11,0735,2026-09-11T07:35:03.411384+09:00,GGB222001318,GGB234000003,3096,저상버스
2026-09-11,0735,2026-09-11T07:35:03.411384+09:00,GGB222001318,GGB234000028,2456,일반차량
2026-09-11,0735,2026-09-11T07:35:03.411384+09:00,GGB222001318,GGB234000028,736,저상버스
2026-09-11,0740,2026-09-11T07:40:02.147054+09:00,GGB222001318,GGB222000009,1691,일반차량
2026-09-11,0740,2026-09-11T07:40:02.147054+09:00,GGB222001318,GGB222000009,636,저상버스
2026-09-11,0740,2026-09-11T07:40:02.147054+09:00,GGB222001318,GGB222000013,1902,저상버스
2026-09-11,0740,2026-09-11T07:40:02.147054+09:00,GGB222001318,GGB222000013,1003,저상버스
2026-09-11,0740,2026-09-11T07:40:02.147054+09:00,GGB222001318,GGB222000027,2776,저상버스
2026-09-11,0740,2026-09-11T07:40:02.147054+09:00,GGB222001318,GGB222000027,473,저상버스
2026-09-11,0740,2026-09-11T07:40:02.147054+09:00,GGB222001318,GGB222000028,379,일반차량
2026-09-11,0740,2026-09-11T07:40:02.147054+09:00,GGB222001318,GGB222000028,669,일반차량
2026-09-11,0740,2026-09-11T07:40:02.147054+09:00,GGB222001318,GGB222000031,928,저상버스
2026-09-11,0740,2026-09-11T07:40:02.147054+09:00,GGB222001318,GGB222000031,1990,저상버스
2026-09-11,0740,2026-09-11T07:40:02.147054+09:00,GGB222001318,GGB222000032,3685,저상버스
2026-09-11,0740,2026-09-11T07:40:02.147054+09:00,GGB222001318,GGB222000032,4833,저상버스
2026-09-11,0740,2026-09-11T07:40:02.147054+09:00,GGB222001318,GGB222000048,1240,일반차량
2026-09-11,0740,2026-09-11T07:40:02.147054+09:00,GGB222001318,GGB222000048,2469,일반차량
2026-09-11,0740,2026-09-11T07:40:02.147054+09:00,GGB222001318,GGB222000078,5723,일반차량
2026-09-11,0740,2026-09-11T07:40:02.147054+09:00,GGB222001318,GGB222000078,2247,일반차량
2026-09-11,0740,2026-09-11T07:40:02.147054+09:00,GGB222001318,GGB222000137,1857,일반차량
2026-09-11,0740,2026-09-11T07:40:02.147054+09:00,GGB222001318,GGB222000137,4586,일반차량
2026-09-11,0740,2026-09-11T07:40:02.147054+09:00,GGB222001318,GGB222000180,3612,일반차량
2026-09-11,0740,2026-09-11T07:40:02.147054+09:00,GGB222001318,GGB222000180,1717,일반차량
2026-09-11,0740,2026-09-11T07:40:02.147054+09:00,GGB222001318,GGB222000199,310,일반차량
2026-09-11,0740,2026-09-11T07:40:02.147054+09:00,GGB222001318,GGB222000199,1009,일반차량
2026-09-11,0740,2026-09-11T07:40:02.147054+09:00,GGB222001318,GGB234000003,233,저상버스
2026-09-11,0740,2026-09-11T07:40:02.147054+09:00,GGB222001318,GGB234000003,2788,저상버스
2026-09-11,0740,2026-09-11T07:40:02.147054+09:00,GGB222001318,GGB234000028,2312,일반차량
2026-09-11,0740,2026-09-11T07:40:02.147054+09:00,GGB222001318,GGB234000028,557,저상버스
2026-09-11,0745,2026-09-11T07:45:07.474197+09:00,GGB222001318,GGB222000009,1548,일반차량
2026-09-11,0745,2026-09-11T07:45:07.474197+09:00,GGB222001318,GGB222000009,355,저상버스
2026-09-11,0745,2026-09-11T07:45:07.474197+09:00,GGB222001318,GGB222000013,1649,저상버스
2026-09-11,0745,2026-09-11T07:45:07.474197+09:00,GGB222001318,GGB222000013,786,저상버스
2026-09-11,0745,2026-09-11T07:45:07.474197+09:00,GGB222001318,GGB222000027,2191,저상버스
2026-09-11,0745,2026-09-11T07:45:07.474197+09:00,GGB222001318,GGB222000027,223,저상버스
2026-09-11,0745,2026-09-11T07:45:07.474197+09:00,GGB222001318,GGB222000028,1023,일반차량
2026-09-11,0745,2026-09-11T07:45:07.474197+09:00,GGB222001318,GGB222000028,387,일반차량
2026-09-11,0745,2026-09-11T07:45:07.474197+09:00,GGB222001318,GGB222000031,669,저상버스
2026-09-11,0745,2026-09-11T07:45:07.474197+09:00,GGB222001318,GGB222000031,1541,저상버스
2026-09-11,0745,2026-09-11T07:45:07.474197+09:00,GGB222001318,GGB222000032,3588,저상버스
2026-09-11,0745,2026-09-11T07:45:07.474197+09:00,GGB222001318,GGB222000032,4747,저상버스
2026-09-11,0745,2026-09-11T07:45:07.474197+09:00,GGB222001318,GGB222000048,1036,일반차량
2026-09-11,0745,2026-09-11T07:45:07.474197+09:00,GGB222001318,GGB222000048,2370,일반차량
2026-09-11,0745,2026-09-11T07:45:07.474197+09:00,GGB222001318,GGB222000078,5525,일반차량
2026-09-11,0745,2026-09-11T07:45:07.474197+09:00,GGB222001318,GGB222000078,2140,일반차량
2026-09-11,0745,2026-09-11T07:45:07.474197+09:00,GGB222001318,GGB222000137,1711,일반차량
2026-09-11,0745,2026-09-11T07:45:07.474197+09:00,GGB222001318,GGB222000137,4480,일반차량
2026-09-11,0745,2026-09-11T07:45:07.474197+09:00,GGB222001318,GGB222000180,3339,일반차량
2026-09-11,0745,2026-09-11T07:45:07.474197+09:00,GGB222001318,GGB222000180,1358,일반차량
2026-09-11,0745,2026-09-11T07:45:07.474197+09:00,GGB222001318,GGB222000199,74,일반차량
2026-09-11,0745,2026-09-11T07:45:07.474197+09:00,GGB222001318,GGB222000199,780,일반차량
2026-09-11,0745,2026-09-11T07:45:07.474197+09:00,GGB222001318,GGB234000003,5671,저상버스
2026-09-11,0745,2026-09-11T07:45:07.474197+09:00,GGB222001318,GGB234000003,2536,저상버스
2026-09-11,0745,2026-09-11T07:45:07.474197+09:00,GGB222001318,GGB234000028,2103,일반차량
2026-09-11,0745,2026-09-11T07:45:07.474197+09:00,GGB222001318,GGB234000028,330,저상버스
2026-09-11,0750,2026-09-11T07:50:02.341450+09:00,GGB222001318,GGB222000009,971,일반차량
2026-09-11,0750,2026-09-11T07:50:02.341450+09:00,GGB222001318,GGB222000009,2092,저상버스
2026-09-11,0750,2026-09-11T07:50:02.341450+09:00,GGB222001318,GGB222000013,1466,저상버스
2026-09-11,0750,2026-09-11T07:50:02.341450+09:00,GGB222001318,GGB222000013,384,저상버스
2026-09-11,0750,2026-09-11T07:50:02.341450+09:00,GGB222001318,GGB222000027,4602,저상버스
2026-09-11,0750,2026-09-11T07:50:02.341450+09:00,GGB222001318,GGB222000027,1839,저상버스
2026-09-11,0750,2026-09-11T07:50:02.341450+09:00,GGB222001318,GGB222000028,777,일반차량
2026-09-11,0750,2026-09-11T07:50:02.341450+09:00,GGB222001318,GGB222000028,157,일반차량
2026-09-11,0750,2026-09-11T07:50:02.341450+09:00,GGB222001318,GGB222000031,245,저상버스
2026-09-11,0750,2026-09-11T07:50:02.341450+09:00,GGB222001318,GGB222000031,1225,저상버스
2026-09-11,0750,2026-09-11T07:50:02.341450+09:00,GGB222001318,GGB222000032,3262,저상버스
2026-09-11,0750,2026-09-11T07:50:02.341450+09:00,GGB222001318,GGB222000032,4458,저상버스
2026-09-11,0750,2026-09-11T07:50:02.341450+09:00,GGB222001318,GGB222000048,705,일반차량
2026-09-11,0750,2026-09-11T07:50:02.341450+09:00,GGB222001318,GGB222000048,2026,일반차량
2026-09-11,0750,2026-09-11T07:50:02.341450+09:00,GGB222001318,GGB222000078,5570,일반차량
2026-09-11,0750,2026-09-11T07:50:02.341450+09:00,GGB222001318,GGB222000078,2014,일반차량
2026-09-11,0750,2026-09-11T07:50:02.341450+09:00,GGB222001318,GGB222000137,1366,일반차량
2026-09-11,0750,2026-09-11T07:50:02.341450+09:00,GGB222001318,GGB222000137,4337,일반차량
2026-09-11,0750,2026-09-11T07:50:02.341450+09:00,GGB222001318,GGB222000180,2884,일반차량
2026-09-11,0750,2026-09-11T07:50:02.341450+09:00,GGB222001318,GGB222000180,993,일반차량
2026-09-11,0750,2026-09-11T07:50:02.341450+09:00,GGB222001318,GGB222000199,1721,일반차량
2026-09-11,0750,2026-09-11T07:50:02.341450+09:00,GGB222001318,GGB222000199,580,일반차량
2026-09-11,0750,2026-09-11T07:50:02.341450+09:00,GGB222001318,GGB234000003,5271,저상버스
2026-09-11,0750,2026-09-11T07:50:02.341450+09:00,GGB222001318,GGB234000003,2293,저상버스
2026-09-11,0750,2026-09-11T07:50:02.341450+09:00,GGB222001318,GGB234000028,1742,일반차량
2026-09-11,0750,2026-09-11T07:50:02.341450+09:00,GGB222001318,GGB234000028,114,저상버스
2026-09-11,0800,2026-09-11T08:00:01.910199+09:00,GGB222001318,GGB222000009,554,일반차량
2026-09-11,0800,2026-09-11T08:00:01.910199+09:00,GGB222001318,GGB222000009,1492,저상버스
2026-09-11,0800,2026-09-11T08:00:01.910199+09:00,GGB222001318,GGB222000013,853,저상버스
2026-09-11,0800,2026-09-11T08:00:01.910199+09:00,GGB222001318,GGB222000013,1537,저상버스
2026-09-11,0800,2026-09-11T08:00:01.910199+09:00,GGB222001318,GGB222000027,3947,저상버스
2026-09-11,0800,2026-09-11T08:00:01.910199+09:00,GGB222001318,GGB222000027,1335,저상버스
2026-09-11,0800,2026-09-11T08:00:01.910199+09:00,GGB222001318,GGB222000028,398,일반차량
2026-09-11,0800,2026-09-11T08:00:01.910199+09:00,GGB222001318,GGB222000028,1042,일반차량
2026-09-11,0800,2026-09-11T08:00:01.910199+09:00,GGB222001318,GGB222000031,659,저상버스
2026-09-11,0800,2026-09-11T08:00:01.910199+09:00,GGB222001318,GGB222000031,2092,저상버스
2026-09-11,0800,2026-09-11T08:00:01.910199+09:00,GGB222001318,GGB222000032,2778,저상버스
2026-09-11,0800,2026-09-11T08:00:01.910199+09:00,GGB222001318,GGB222000032,4035,저상버스
2026-09-11,0800,2026-09-11T08:00:01.910199+09:00,GGB222001318,GGB222000048,308,일반차량
2026-09-11,0800,2026-09-11T08:00:01.910199+09:00,GGB222001318,GGB222000048,1420,일반차량
2026-09-11,0800,2026-09-11T08:00:01.910199+09:00,GGB222001318,GGB222000078,5533,일반차량
2026-09-11,0800,2026-09-11T08:00:01.910199+09:00,GGB222001318,GGB222000078,1477,일반차량
2026-09-11,0800,2026-09-11T08:00:01.910199+09:00,GGB222001318,GGB222000137,784,일반차량
2026-09-11,0800,2026-09-11T08:00:01.910199+09:00,GGB222001318,GGB222000137,3699,일반차량
2026-09-11,0800,2026-09-11T08:00:01.910199+09:00,GGB222001318,GGB222000180,2346,일반차량
2026-09-11,0800,2026-09-11T08:00:01.910199+09:00,GGB222001318,GGB222000180,546,일반차량
2026-09-11,0800,2026-09-11T08:00:01.910199+09:00,GGB222001318,GGB222000199,1109,일반차량
2026-09-11,0800,2026-09-11T08:00:01.910199+09:00,GGB222001318,GGB222000199,72,일반차량
2026-09-11,0800,2026-09-11T08:00:01.910199+09:00,GGB222001318,GGB234000003,4767,저상버스
2026-09-11,0800,2026-09-11T08:00:01.910199+09:00,GGB222001318,GGB234000003,1939,저상버스
2026-09-11,0800,2026-09-11T08:00:01.910199+09:00,GGB222001318,GGB234000028,1332,일반차량
2026-09-11,0800,2026-09-11T08:00:01.910199+09:00,GGB222001318,GGB234000028,3547,저상버스
2026-09-11,0805,2026-09-11T08:05:01.949984+09:00,GGB222001318,GGB222000009,235,일반차량
2026-09-11,0805,2026-09-11T08:05:01.949984+09:00,GGB222001318,GGB222000009,1163,저상버스
2026-09-11,0805,2026-09-11T08:05:01.949984+09:00,GGB222001318,GGB222000013,599,저상버스
2026-09-11,0805,2026-09-11T08:05:01.949984+09:00,GGB222001318,GGB222000013,1204,저상버스
2026-09-11,0805,2026-09-11T08:05:01.949984+09:00,GGB222001318,GGB222000027,3799,저상버스
2026-09-11,0805,2026-09-11T08:05:01.949984+09:00,GGB222001318,GGB222000027,1103,저상버스
2026-09-11,0805,2026-09-11T08:05:01.949984+09:00,GGB222001318,GGB222000028,182,일반차량
2026-09-11,0805,2026-09-11T08:05:01.949984+09:00,GGB222001318,GGB222000028,812,일반차량
2026-09-11,0805,2026-09-11T08:05:01.949984+09:00,GGB222001318,GGB222000031,362,저상버스
2026-09-11,0805,2026-09-11T08:05:01.949984+09:00,GGB222001318,GGB222000031,1851,저상버스
2026-09-11,0805,2026-09-11T08:05:01.949984+09:00,GGB222001318,GGB222000032,2541,저상버스
2026-09-11,0805,2026-09-11T08:05:01.949984+09:00,GGB222001318,GGB222000032,3699,저상버스
2026-09-11,0805,2026-09-11T08:05:01.949984+09:00,GGB222001318,GGB222000048,121,일반차량
2026-09-11,0805,2026-09-11T08:05:01.949984+09:00,GGB222001318,GGB222000048,1235,일반차량
2026-09-11,0805,2026-09-11T08:05:01.949984+09:00,GGB222001318,GGB222000078,5333,일반차량
2026-09-11,0805,2026-09-11T08:05:01.949984+09:00,GGB222001318,GGB222000078,1371,일반차량
2026-09-11,0805,2026-09-11T08:05:01.949984+09:00,GGB222001318,GGB222000137,466,일반차량
2026-09-11,0805,2026-09-11T08:05:01.949984+09:00,GGB222001318,GGB222000137,3465,일반차량
2026-09-11,0805,2026-09-11T08:05:01.949984+09:00,GGB222001318,GGB222000180,2265,일반차량
2026-09-11,0805,2026-09-11T08:05:01.949984+09:00,GGB222001318,GGB222000180,439,일반차량
2026-09-11,0805,2026-09-11T08:05:01.949984+09:00,GGB222001318,GGB222000199,690,일반차량
2026-09-11,0805,2026-09-11T08:05:01.949984+09:00,GGB222001318,GGB222000199,1503,일반차량
2026-09-11,0805,2026-09-11T08:05:01.949984+09:00,GGB222001318,GGB234000003,4486,저상버스
2026-09-11,0805,2026-09-11T08:05:01.949984+09:00,GGB222001318,GGB234000003,1750,저상버스
2026-09-11,0805,2026-09-11T08:05:01.949984+09:00,GGB222001318,GGB234000028,1118,일반차량
2026-09-11,0805,2026-09-11T08:05:01.949984+09:00,GGB222001318,GGB234000028,3551,저상버스
2026-09-11,0810,2026-09-11T08:10:01.976053+09:00,GGB222001318,GGB222000009,21,일반차량
2026-09-11,0810,2026-09-11T08:10:01.976053+09:00,GGB222001318,GGB222000009,1025,저상버스
2026-09-11,0810,2026-09-11T08:10:01.976053+09:00,GGB222001318,GGB222000013,386,저상버스
2026-09-11,0810,2026-09-11T08:10:01.976053+09:00,GGB222001318,GGB222000013,1096,저상버스
2026-09-11,0810,2026-09-11T08:10:01.976053+09:00,GGB222001318,GGB222000027,3369,저상버스
2026-09-11,0810,2026-09-11T08:10:01.976053+09:00,GGB222001318,GGB222000027,714,저상버스
2026-09-11,0810,2026-09-11T08:10:01.976053+09:00,GGB222001318,GGB222000028,532,일반차량
2026-09-11,0810,2026-09-11T08:10:01.976053+09:00,GGB222001318,GGB222000028,1255,일반차량
2026-09-11,0810,2026-09-11T08:10:01.976053+09:00,GGB222001318,GGB222000031,173,저상버스
2026-09-11,0810,2026-09-11T08:10:01.976053+09:00,GGB222001318,GGB222000031,1708,저상버스
2026-09-11,0810,2026-09-11T08:10:01.976053+09:00,GGB222001318,GGB222000032,2270,저상버스
2026-09-11,0810,2026-09-11T08:10:01.976053+09:00,GGB222001318,GGB222000032,3483,저상버스
2026-09-11,0810,2026-09-11T08:10:01.976053+09:00,GGB222001318,GGB222000048,2022,일반차량
2026-09-11,0810,2026-09-11T08:10:01.976053+09:00,GGB222001318,GGB222000048,942,일반차량
2026-09-11,0810,2026-09-11T08:10:01.976053+09:00,GGB222001318,GGB222000078,4941,일반차량
2026-09-11,0810,2026-09-11T08:10:01.976053+09:00,GGB222001318,GGB222000078,6402,일반차량
2026-09-11,0810,2026-09-11T08:10:01.976053+09:00,GGB222001318,GGB222000137,204,일반차량
2026-09-11,0810,2026-09-11T08:10:01.976053+09:00,GGB222001318,GGB222000137,3166,일반차량
2026-09-11,0810,2026-09-11T08:10:01.976053+09:00,GGB222001318,GGB222000180,1942,일반차량
2026-09-11,0810,2026-09-11T08:10:01.976053+09:00,GGB222001318,GGB222000180,112,일반차량
2026-09-11,0810,2026-09-11T08:10:01.976053+09:00,GGB222001318,GGB222000199,462,일반차량
2026-09-11,0810,2026-09-11T08:10:01.976053+09:00,GGB222001318,GGB222000199,1550,일반차량
2026-09-11,0810,2026-09-11T08:10:01.976053+09:00,GGB222001318,GGB234000003,4268,저상버스
2026-09-11,0810,2026-09-11T08:10:01.976053+09:00,GGB222001318,GGB234000003,1558,저상버스
2026-09-11,0810,2026-09-11T08:10:01.976053+09:00,GGB222001318,GGB234000028,867,일반차량
2026-09-11,0810,2026-09-11T08:10:01.976053+09:00,GGB222001318,GGB234000028,3288,저상버스
2026-09-11,0815,2026-09-11T08:15:02.036708+09:00,GGB222001318,GGB222000009,890,저상버스
2026-09-11,0815,2026-09-11T08:15:02.036708+09:00,GGB222001318,GGB222000009,1338,저상버스
2026-09-11,0815,2026-09-11T08:15:02.036708+09:00,GGB222001318,GGB222000013,224,저상버스
2026-09-11,0815,2026-09-11T08:15:02.036708+09:00,GGB222001318,GGB222000013,876,저상버스
2026-09-11,0815,2026-09-11T08:15:02.036708+09:00,GGB222001318,GGB222000027,3229,저상버스
2026-09-11,0815,2026-09-11T08:15:02.036708+09:00,GGB222001318,GGB222000027,473,저상버스
2026-09-11,0815,2026-09-11T08:15:02.036708+09:00,GGB222001318,GGB222000028,384,일반차량
2026-09-11,0815,2026-09-11T08:15:02.036708+09:00,GGB222001318,GGB222000028,929,일반차량
2026-09-11,0815,2026-09-11T08:15:02.036708+09:00,GGB222001318,GGB222000031,2419,저상버스
2026-09-11,0815,2026-09-11T08:15:02.036708+09:00,GGB222001318,GGB222000031,1465,저상버스
2026-09-11,0815,2026-09-11T08:15:02.036708+09:00,GGB222001318,GGB222000032,1962,저상버스
2026-09-11,0815,2026-09-11T08:15:02.036708+09:00,GGB222001318,GGB222000032,3192,저상버스
2026-09-11,0815,2026-09-11T08:15:02.036708+09:00,GGB222001318,GGB222000048,1757,일반차량
2026-09-11,0815,2026-09-11T08:15:02.036708+09:00,GGB222001318,GGB222000048,690,일반차량
2026-09-11,0815,2026-09-11T08:15:02.036708+09:00,GGB222001318,GGB222000078,4641,일반차량
2026-09-11,0815,2026-09-11T08:15:02.036708+09:00,GGB222001318,GGB222000078,994,일반차량
2026-09-11,0815,2026-09-11T08:15:02.036708+09:00,GGB222001318,GGB222000137,45,일반차량
2026-09-11,0815,2026-09-11T08:15:02.036708+09:00,GGB222001318,GGB222000137,2945,일반차량
2026-09-11,0815,2026-09-11T08:15:02.036708+09:00,GGB222001318,GGB222000180,3955,일반차량
2026-09-11,0815,2026-09-11T08:15:02.036708+09:00,GGB222001318,GGB222000180,1951,일반차량
2026-09-11,0815,2026-09-11T08:15:02.036708+09:00,GGB222001318,GGB222000199,342,일반차량
2026-09-11,0815,2026-09-11T08:15:02.036708+09:00,GGB222001318,GGB222000199,1202,일반차량
2026-09-11,0815,2026-09-11T08:15:02.036708+09:00,GGB222001318,GGB234000003,4016,저상버스
2026-09-11,0815,2026-09-11T08:15:02.036708+09:00,GGB222001318,GGB234000003,1267,저상버스
2026-09-11,0815,2026-09-11T08:15:02.036708+09:00,GGB222001318,GGB234000028,623,일반차량
2026-09-11,0815,2026-09-11T08:15:02.036708+09:00,GGB222001318,GGB234000028,2973,저상버스
2026-09-11,0820,2026-09-11T08:20:02.438717+09:00,GGB222001318,GGB222000009,667,저상버스
2026-09-11,0820,2026-09-11T08:20:02.438717+09:00,GGB222001318,GGB222000009,1028,저상버스
2026-09-11,0820,2026-09-11T08:20:02.438717+09:00,GGB222001318,GGB222000013,304,저상버스
2026-09-11,0820,2026-09-11T08:20:02.438717+09:00,GGB222001318,GGB222000013,1443,저상버스
2026-09-11,0820,2026-09-11T08:20:02.438717+09:00,GGB222001318,GGB222000027,3138,저상버스
2026-09-11,0820,2026-09-11T08:20:02.438717+09:00,GGB222001318,GGB222000027,246,저상버스
2026-09-11,0820,2026-09-11T08:20:02.438717+09:00,GGB222001318,GGB222000028,227,일반차량
2026-09-11,0820,2026-09-11T08:20:02.438717+09:00,GGB222001318,GGB222000028,802,일반차량
2026-09-11,0820,2026-09-11T08:20:02.438717+09:00,GGB222001318,GGB222000031,2043,저상버스
2026-09-11,0820,2026-09-11T08:20:02.438717+09:00,GGB222001318,GGB222000031,1094,저상버스
2026-09-11,0820,2026-09-11T08:20:02.438717+09:00,GGB222001318,GGB222000032,1868,저상버스
2026-09-11,0820,2026-09-11T08:20:02.438717+09:00,GGB222001318,GGB222000032,3066,저상버스
2026-09-11,0820,2026-09-11T08:20:02.438717+09:00,GGB222001318,GGB222000048,1693,일반차량
2026-09-11,0820,2026-09-11T08:20:02.438717+09:00,GGB222001318,GGB222000048,358,일반차량
2026-09-11,0820,2026-09-11T08:20:02.438717+09:00,GGB222001318,GGB222000078,4284,일반차량
2026-09-11,0820,2026-09-11T08:20:02.438717+09:00,GGB222001318,GGB222000078,690,일반차량
2026-09-11,0820,2026-09-11T08:20:02.438717+09:00,GGB222001318,GGB222000137,2566,일반차량
2026-09-11,0820,2026-09-11T08:20:02.438717+09:00,GGB222001318,GGB222000180,3984,일반차량
2026-09-11,0820,2026-09-11T08:20:02.438717+09:00,GGB222001318,GGB222000180,1612,일반차량
2026-09-11,0820,2026-09-11T08:20:02.438717+09:00,GGB222001318,GGB222000199,933,일반차량
2026-09-11,0820,2026-09-11T08:20:02.438717+09:00,GGB222001318,GGB222000199,1485,일반차량
2026-09-11,0820,2026-09-11T08:20:02.438717+09:00,GGB222001318,GGB234000003,3882,저상버스
2026-09-11,0820,2026-09-11T08:20:02.438717+09:00,GGB222001318,GGB234000003,1006,저상버스
2026-09-11,0820,2026-09-11T08:20:02.438717+09:00,GGB222001318,GGB234000028,474,일반차량
2026-09-11,0820,2026-09-11T08:20:02.438717+09:00,GGB222001318,GGB234000028,2560,저상버스
2026-09-11,0825,2026-09-11T08:25:01.835571+09:00,GGB222001318,GGB222000009,385,저상버스
2026-09-11,0825,2026-09-11T08:25:01.835571+09:00,GGB222001318,GGB222000009,821,저상버스
2026-09-11,0825,2026-09-11T08:25:01.835571+09:00,GGB222001318,GGB222000013,192,저상버스
2026-09-11,0825,2026-09-11T08:25:01.835571+09:00,GGB222001318,GGB222000013,1125,저상버스
2026-09-11,0825,2026-09-11T08:25:01.835571+09:00,GGB222001318,GGB222000027,3046,저상버스
2026-09-11,0825,2026-09-11T08:25:01.835571+09:00,GGB222001318,GGB222000027,6246,저상버스
2026-09-11,0825,2026-09-11T08:25:01.835571+09:00,GGB222001318,GGB222000028,1322,일반차량
2026-09-11,0825,2026-09-11T08:25:01.835571+09:00,GGB222001318,GGB222000028,452,일반차량
2026-09-11,0825,2026-09-11T08:25:01.835571+09:00,GGB222001318,GGB222000031,1837,저상버스
2026-09-11,0825,2026-09-11T08:25:01.835571+09:00,GGB222001318,GGB222000031,759,저상버스
2026-09-11,0825,2026-09-11T08:25:01.835571+09:00,GGB222001318,GGB222000032,1243,저상버스
2026-09-11,0825,2026-09-11T08:25:01.835571+09:00,GGB222001318,GGB222000032,2609,저상버스
2026-09-11,0825,2026-09-11T08:25:01.835571+09:00,GGB222001318,GGB222000048,1358,일반차량
2026-09-11,0825,2026-09-11T08:25:01.835571+09:00,GGB222001318,GGB222000048,112,일반차량
2026-09-11,0825,2026-09-11T08:25:01.835571+09:00,GGB222001318,GGB222000078,3893,일반차량
2026-09-11,0825,2026-09-11T08:25:01.835571+09:00,GGB222001318,GGB222000078,291,일반차량
2026-09-11,0825,2026-09-11T08:25:01.835571+09:00,GGB222001318,GGB222000137,2289,일반차량
2026-09-11,0825,2026-09-11T08:25:01.835571+09:00,GGB222001318,GGB222000180,3620,일반차량
2026-09-11,0825,2026-09-11T08:25:01.835571+09:00,GGB222001318,GGB222000180,1101,일반차량
2026-09-11,0825,2026-09-11T08:25:01.835571+09:00,GGB222001318,GGB222000199,510,일반차량
2026-09-11,0825,2026-09-11T08:25:01.835571+09:00,GGB222001318,GGB222000199,1177,일반차량
2026-09-11,0825,2026-09-11T08:25:01.835571+09:00,GGB222001318,GGB234000003,3654,저상버스
2026-09-11,0825,2026-09-11T08:25:01.835571+09:00,GGB222001318,GGB234000003,760,저상버스
2026-09-11,0825,2026-09-11T08:25:01.835571+09:00,GGB222001318,GGB234000028,112,일반차량
2026-09-11,0825,2026-09-11T08:25:01.835571+09:00,GGB222001318,GGB234000028,2301,저상버스
2026-09-11,0830,2026-09-11T08:30:01.870101+09:00,GGB222001318,GGB222000009,606,저상버스
2026-09-11,0830,2026-09-11T08:30:01.870101+09:00,GGB222001318,GGB222000009,1122,저상버스
2026-09-11,0830,2026-09-11T08:30:01.870101+09:00,GGB222001318,GGB222000013,971,저상버스
2026-09-11,0830,2026-09-11T08:30:01.870101+09:00,GGB222001318,GGB222000013,2082,저상버스
2026-09-11,0830,2026-09-11T08:30:01.870101+09:00,GGB222001318,GGB222000027,2389,저상버스
2026-09-11,0830,2026-09-11T08:30:01.870101+09:00,GGB222001318,GGB222000027,6098,저상버스
2026-09-11,0830,2026-09-11T08:30:01.870101+09:00,GGB222001318,GGB222000028,1029,일반차량
2026-09-11,0830,2026-09-11T08:30:01.870101+09:00,GGB222001318,GGB222000028,290,일반차량
2026-09-11,0830,2026-09-11T08:30:01.870101+09:00,GGB222001318,GGB222000031,1584,저상버스
2026-09-11,0830,2026-09-11T08:30:01.870101+09:00,GGB222001318,GGB222000031,499,저상버스
2026-09-11,0830,2026-09-11T08:30:01.870101+09:00,GGB222001318,GGB222000032,855,저상버스
2026-09-11,0830,2026-09-11T08:30:01.870101+09:00,GGB222001318,GGB222000032,2128,저상버스
2026-09-11,0830,2026-09-11T08:30:01.870101+09:00,GGB222001318,GGB222000048,2630,저상버스
2026-09-11,0830,2026-09-11T08:30:01.870101+09:00,GGB222001318,GGB222000048,1071,일반차량
2026-09-11,0830,2026-09-11T08:30:01.870101+09:00,GGB222001318,GGB222000078,3628,일반차량
2026-09-11,0830,2026-09-11T08:30:01.870101+09:00,GGB222001318,GGB222000078,5082,일반차량
2026-09-11,0830,2026-09-11T08:30:01.870101+09:00,GGB222001318,GGB222000137,1992,일반차량
2026-09-11,0830,2026-09-11T08:30:01.870101+09:00,GGB222001318,GGB222000180,3265,일반차량
2026-09-11,0830,2026-09-11T08:30:01.870101+09:00,GGB222001318,GGB222000180,750,일반차량
2026-09-11,0830,2026-09-11T08:30:01.870101+09:00,GGB222001318,GGB222000199,348,일반차량
2026-09-11,0830,2026-09-11T08:30:01.870101+09:00,GGB222001318,GGB222000199,986,일반차량
2026-09-11,0830,2026-09-11T08:30:01.870101+09:00,GGB222001318,GGB234000003,3347,저상버스
2026-09-11,0830,2026-09-11T08:30:01.870101+09:00,GGB222001318,GGB234000003,525,저상버스
2026-09-11,0830,2026-09-11T08:30:01.870101+09:00,GGB222001318,GGB234000028,3455,일반차량
2026-09-11,0830,2026-09-11T08:30:01.870101+09:00,GGB222001318,GGB234000028,1945,저상버스
2026-09-11,0835,2026-09-11T08:35:02.773057+09:00,GGB222001318,GGB222000009,286,저상버스
2026-09-11,0835,2026-09-11T08:35:02.773057+09:00,GGB222001318,GGB222000009,823,저상버스
2026-09-11,0835,2026-09-11T08:35:02.773057+09:00,GGB222001318,GGB222000013,779,저상버스
2026-09-11,0835,2026-09-11T08:35:02.773057+09:00,GGB222001318,GGB222000013,1873,저상버스
2026-09-11,0835,2026-09-11T08:35:02.773057+09:00,GGB222001318,GGB222000027,2164,저상버스
2026-09-11,0835,2026-09-11T08:35:02.773057+09:00,GGB222001318,GGB222000027,5224,저상버스
2026-09-11,0835,2026-09-11T08:35:02.773057+09:00,GGB222001318,GGB222000028,767,일반차량
2026-09-11,0835,2026-09-11T08:35:02.773057+09:00,GGB222001318,GGB222000028,53,일반차량
2026-09-11,0835,2026-09-11T08:35:02.773057+09:00,GGB222001318,GGB222000031,1370,저상버스
2026-09-11,0835,2026-09-11T08:35:02.773057+09:00,GGB222001318,GGB222000031,351,저상버스
2026-09-11,0835,2026-09-11T08:35:02.773057+09:00,GGB222001318,GGB222000032,668,저상버스
2026-09-11,0835,2026-09-11T08:35:02.773057+09:00,GGB222001318,GGB222000032,2080,저상버스
2026-09-11,0835,2026-09-11T08:35:02.773057+09:00,GGB222001318,GGB222000048,2195,저상버스
2026-09-11,0835,2026-09-11T08:35:02.773057+09:00,GGB222001318,GGB222000048,803,일반차량
2026-09-11,0835,2026-09-11T08:35:02.773057+09:00,GGB222001318,GGB222000078,3533,일반차량
2026-09-11,0835,2026-09-11T08:35:02.773057+09:00,GGB222001318,GGB222000078,5031,일반차량
2026-09-11,0835,2026-09-11T08:35:02.773057+09:00,GGB222001318,GGB222000137,1681,일반차량
2026-09-11,0835,2026-09-11T08:35:02.773057+09:00,GGB222001318,GGB222000180,2699,일반차량
2026-09-11,0835,2026-09-11T08:35:02.773057+09:00,GGB222001318,GGB222000180,582,일반차량
2026-09-11,0835,2026-09-11T08:35:02.773057+09:00,GGB222001318,GGB222000199,115,일반차량
2026-09-11,0835,2026-09-11T08:35:02.773057+09:00,GGB222001318,GGB222000199,488,일반차량
2026-09-11,0835,2026-09-11T08:35:02.773057+09:00,GGB222001318,GGB234000003,3173,저상버스
2026-09-11,0835,2026-09-11T08:35:02.773057+09:00,GGB222001318,GGB234000003,352,저상버스
2026-09-11,0835,2026-09-11T08:35:02.773057+09:00,GGB222001318,GGB234000028,3434,일반차량
2026-09-11,0835,2026-09-11T08:35:02.773057+09:00,GGB222001318,GGB234000028,1721,저상버스
2026-09-11,0840,2026-09-11T08:40:03.120272+09:00,GGB222001318,GGB222000009,16,저상버스
2026-09-11,0840,2026-09-11T08:40:03.120272+09:00,GGB222001318,GGB222000009,589,저상버스
2026-09-11,0840,2026-09-11T08:40:03.120272+09:00,GGB222001318,GGB222000013,555,저상버스
2026-09-11,0840,2026-09-11T08:40:03.120272+09:00,GGB222001318,GGB222000013,1828,저상버스
2026-09-11,0840,2026-09-11T08:40:03.120272+09:00,GGB222001318,GGB222000027,1889,저상버스
2026-09-11,0840,2026-09-11T08:40:03.120272+09:00,GGB222001318,GGB222000027,4883,저상버스
2026-09-11,0840,2026-09-11T08:40:03.120272+09:00,GGB222001318,GGB222000028,613,일반차량
2026-09-11,0840,2026-09-11T08:40:03.120272+09:00,GGB222001318,GGB222000028,1050,일반차량
2026-09-11,0840,2026-09-11T08:40:03.120272+09:00,GGB222001318,GGB222000031,1264,저상버스
2026-09-11,0840,2026-09-11T08:40:03.120272+09:00,GGB222001318,GGB222000031,222,저상버스
2026-09-11,0840,2026-09-11T08:40:03.120272+09:00,GGB222001318,GGB222000032,351,저상버스
2026-09-11,0840,2026-09-11T08:40:03.120272+09:00,GGB222001318,GGB222000032,1890,저상버스
2026-09-11,0840,2026-09-11T08:40:03.120272+09:00,GGB222001318,GGB222000048,1839,저상버스
2026-09-11,0840,2026-09-11T08:40:03.120272+09:00,GGB222001318,GGB222000048,581,일반차량
2026-09-11,0840,2026-09-11T08:40:03.120272+09:00,GGB222001318,GGB222000078,3452,일반차량
2026-09-11,0840,2026-09-11T08:40:03.120272+09:00,GGB222001318,GGB222000078,4753,일반차량
2026-09-11,0840,2026-09-11T08:40:03.120272+09:00,GGB222001318,GGB222000137,1494,일반차량
2026-09-11,0840,2026-09-11T08:40:03.120272+09:00,GGB222001318,GGB222000180,2481,일반차량
2026-09-11,0840,2026-09-11T08:40:03.120272+09:00,GGB222001318,GGB222000180,438,일반차량
2026-09-11,0840,2026-09-11T08:40:03.120272+09:00,GGB222001318,GGB222000199,1057,일반차량
2026-09-11,0840,2026-09-11T08:40:03.120272+09:00,GGB222001318,GGB222000199,303,일반차량
2026-09-11,0840,2026-09-11T08:40:03.120272+09:00,GGB222001318,GGB234000003,3017,저상버스
2026-09-11,0840,2026-09-11T08:40:03.120272+09:00,GGB222001318,GGB234000003,147,저상버스
2026-09-11,0840,2026-09-11T08:40:03.120272+09:00,GGB222001318,GGB234000028,3104,일반차량
2026-09-11,0840,2026-09-11T08:40:03.120272+09:00,GGB222001318,GGB234000028,1465,저상버스
2026-09-11,0845,2026-09-11T08:45:02.255593+09:00,GGB222001318,GGB222000009,1359,저상버스
2026-09-11,0845,2026-09-11T08:45:02.255593+09:00,GGB222001318,GGB222000009,369,저상버스
2026-09-11,0845,2026-09-11T08:45:02.255593+09:00,GGB222001318,GGB222000013,322,저상버스
2026-09-11,0845,2026-09-11T08:45:02.255593+09:00,GGB222001318,GGB222000013,1490,저상버스
2026-09-11,0845,2026-09-11T08:45:02.255593+09:00,GGB222001318,GGB222000027,1719,저상버스
2026-09-11,0845,2026-09-11T08:45:02.255593+09:00,GGB222001318,GGB222000027,4564,저상버스
2026-09-11,0845,2026-09-11T08:45:02.255593+09:00,GGB222001318,GGB222000028,416,일반차량
2026-09-11,0845,2026-09-11T08:45:02.255593+09:00,GGB222001318,GGB222000028,854,일반차량
2026-09-11,0845,2026-09-11T08:45:02.255593+09:00,GGB222001318,GGB222000031,2141,저상버스
2026-09-11,0845,2026-09-11T08:45:02.255593+09:00,GGB222001318,GGB222000031,898,저상버스
2026-09-11,0845,2026-09-11T08:45:02.255593+09:00,GGB222001318,GGB222000032,1402,저상버스
2026-09-11,0845,2026-09-11T08:45:02.255593+09:00,GGB222001318,GGB222000032,2836,저상버스
2026-09-11,0845,2026-09-11T08:45:02.255593+09:00,GGB222001318,GGB222000048,1504,저상버스
2026-09-11,0845,2026-09-11T08:45:02.255593+09:00,GGB222001318,GGB222000048,341,일반차량
2026-09-11,0845,2026-09-11T08:45:02.255593+09:00,GGB222001318,GGB222000078,3057,일반차량
2026-09-11,0845,2026-09-11T08:45:02.255593+09:00,GGB222001318,GGB222000078,4328,일반차량
2026-09-11,0845,2026-09-11T08:45:02.255593+09:00,GGB222001318,GGB222000137,1344,일반차량
2026-09-11,0845,2026-09-11T08:45:02.255593+09:00,GGB222001318,GGB222000180,2221,일반차량
2026-09-11,0845,2026-09-11T08:45:02.255593+09:00,GGB222001318,GGB222000180,187,일반차량
2026-09-11,0845,2026-09-11T08:45:02.255593+09:00,GGB222001318,GGB222000199,776,일반차량
2026-09-11,0845,2026-09-11T08:45:02.255593+09:00,GGB222001318,GGB222000199,98,일반차량
2026-09-11,0845,2026-09-11T08:45:02.255593+09:00,GGB222001318,GGB234000003,6136,저상버스
2026-09-11,0845,2026-09-11T08:45:02.255593+09:00,GGB222001318,GGB234000003,2689,저상버스
2026-09-11,0845,2026-09-11T08:45:02.255593+09:00,GGB222001318,GGB234000028,2820,일반차량
2026-09-11,0845,2026-09-11T08:45:02.255593+09:00,GGB222001318,GGB234000028,1196,저상버스
2026-09-11,0850,2026-09-11T08:50:06.539865+09:00,GGB222001318,GGB222000009,1991,일반차량
2026-09-11,0850,2026-09-11T08:50:06.539865+09:00,GGB222001318,GGB222000009,1005,저상버스
2026-09-11,0850,2026-09-11T08:50:06.539865+09:00,GGB222001318,GGB222000013,99,저상버스
2026-09-11,0850,2026-09-11T08:50:06.539865+09:00,GGB222001318,GGB222000013,1318,저상버스
2026-09-11,0850,2026-09-11T08:50:06.539865+09:00,GGB222001318,GGB222000027,1403,저상버스
2026-09-11,0850,2026-09-11T08:50:06.539865+09:00,GGB222001318,GGB222000027,4188,저상버스
2026-09-11,0850,2026-09-11T08:50:06.539865+09:00,GGB222001318,GGB222000028,16,일반차량
2026-09-11,0850,2026-09-11T08:50:06.539865+09:00,GGB222001318,GGB222000028,510,일반차량
2026-09-11,0850,2026-09-11T08:50:06.539865+09:00,GGB222001318,GGB222000031,1888,저상버스
2026-09-11,0850,2026-09-11T08:50:06.539865+09:00,GGB222001318,GGB222000031,498,저상버스
2026-09-11,0850,2026-09-11T08:50:06.539865+09:00,GGB222001318,GGB222000032,1065,저상버스
2026-09-11,0850,2026-09-11T08:50:06.539865+09:00,GGB222001318,GGB222000032,2324,저상버스
2026-09-11,0850,2026-09-11T08:50:06.539865+09:00,GGB222001318,GGB222000048,1324,저상버스
2026-09-11,0850,2026-09-11T08:50:06.539865+09:00,GGB222001318,GGB222000048,99,일반차량
2026-09-11,0850,2026-09-11T08:50:06.539865+09:00,GGB222001318,GGB222000078,2743,일반차량
2026-09-11,0850,2026-09-11T08:50:06.539865+09:00,GGB222001318,GGB222000078,3920,일반차량
2026-09-11,0850,2026-09-11T08:50:06.539865+09:00,GGB222001318,GGB222000180,4013,일반차량
2026-09-11,0850,2026-09-11T08:50:06.539865+09:00,GGB222001318,GGB222000180,1999,일반차량
2026-09-11,0850,2026-09-11T08:50:06.539865+09:00,GGB222001318,GGB222000199,553,일반차량
2026-09-11,0850,2026-09-11T08:50:06.539865+09:00,GGB222001318,GGB222000199,2049,일반차량
2026-09-11,0850,2026-09-11T08:50:06.539865+09:00,GGB222001318,GGB234000003,5781,저상버스
2026-09-11,0850,2026-09-11T08:50:06.539865+09:00,GGB222001318,GGB234000003,2397,저상버스
2026-09-11,0850,2026-09-11T08:50:06.539865+09:00,GGB222001318,GGB234000028,2527,일반차량
2026-09-11,0850,2026-09-11T08:50:06.539865+09:00,GGB222001318,GGB234000028,815,저상버스
2026-09-11,0855,2026-09-11T08:55:11.487237+09:00,GGB222001318,GGB222000009,1557,일반차량
2026-09-11,0855,2026-09-11T08:55:11.487237+09:00,GGB222001318,GGB222000009,687,저상버스
2026-09-11,0855,2026-09-11T08:55:11.487237+09:00,GGB222001318,GGB222000013,1475,저상버스
2026-09-11,0855,2026-09-11T08:55:11.487237+09:00,GGB222001318,GGB222000013,1066,저상버스
2026-09-11,0855,2026-09-11T08:55:11.487237+09:00,GGB222001318,GGB222000027,1102,저상버스
2026-09-11,0855,2026-09-11T08:55:11.487237+09:00,GGB222001318,GGB222000027,3841,저상버스
2026-09-11,0855,2026-09-11T08:55:11.487237+09:00,GGB222001318,GGB222000028,266,일반차량
2026-09-11,0855,2026-09-11T08:55:11.487237+09:00,GGB222001318,GGB222000028,773,일반차량
2026-09-11,0855,2026-09-11T08:55:11.487237+09:00,GGB222001318,GGB222000031,1615,저상버스
2026-09-11,0855,2026-09-11T08:55:11.487237+09:00,GGB222001318,GGB222000031,392,저상버스
2026-09-11,0855,2026-09-11T08:55:11.487237+09:00,GGB222001318,GGB222000032,856,저상버스
2026-09-11,0855,2026-09-11T08:55:11.487237+09:00,GGB222001318,GGB222000032,2192,저상버스
2026-09-11,0855,2026-09-11T08:55:11.487237+09:00,GGB222001318,GGB222000048,1039,저상버스
2026-09-11,0855,2026-09-11T08:55:11.487237+09:00,GGB222001318,GGB222000048,2251,저상버스
2026-09-11,0855,2026-09-11T08:55:11.487237+09:00,GGB222001318,GGB222000078,2405,일반차량
2026-09-11,0855,2026-09-11T08:55:11.487237+09:00,GGB222001318,GGB222000078,3295,일반차량
2026-09-11,0855,2026-09-11T08:55:11.487237+09:00,GGB222001318,GGB222000137,811,일반차량
2026-09-11,0855,2026-09-11T08:55:11.487237+09:00,GGB222001318,GGB222000180,4131,일반차량
2026-09-11,0855,2026-09-11T08:55:11.487237+09:00,GGB222001318,GGB222000180,1799,일반차량
2026-09-11,0855,2026-09-11T08:55:11.487237+09:00,GGB222001318,GGB222000199,393,일반차량
2026-09-11,0855,2026-09-11T08:55:11.487237+09:00,GGB222001318,GGB222000199,1895,일반차량
2026-09-11,0855,2026-09-11T08:55:11.487237+09:00,GGB222001318,GGB234000003,5499,저상버스
2026-09-11,0855,2026-09-11T08:55:11.487237+09:00,GGB222001318,GGB234000003,2103,저상버스
2026-09-11,0855,2026-09-11T08:55:11.487237+09:00,GGB222001318,GGB234000028,2187,일반차량
2026-09-11,0855,2026-09-11T08:55:11.487237+09:00,GGB222001318,GGB234000028,560,저상버스
2026-09-11,1700,2026-09-11T17:00:13.201690+09:00,GGB222001318,GGB222000009,1454,저상버스
2026-09-11,1700,2026-09-11T17:00:13.201690+09:00,GGB222001318,GGB222000009,415,저상버스
2026-09-11,1700,2026-09-11T17:00:13.201690+09:00,GGB222001318,GGB222000013,2043,저상버스
2026-09-11,1700,2026-09-11T17:00:13.201690+09:00,GGB222001318,GGB222000013,960,저상버스
2026-09-11,1700,2026-09-11T17:00:13.201690+09:00,GGB222001318,GGB222000027,2003,저상버스
2026-09-11,1700,2026-09-11T17:00:13.201690+09:00,GGB222001318,GGB222000027,918,저상버스
2026-09-11,1700,2026-09-11T17:00:13.201690+09:00,GGB222001318,GGB222000028,793,일반차량
2026-09-11,1700,2026-09-11T17:00:13.201690+09:00,GGB222001318,GGB222000028,195,일반차량
2026-09-11,1700,2026-09-11T17:00:13.201690+09:00,GGB222001318,GGB222000031,878,저상버스
2026-09-11,1700,2026-09-11T17:00:13.201690+09:00,GGB222001318,GGB222000031,2572,저상버스
2026-09-11,1700,2026-09-11T17:00:13.201690+09:00,GGB222001318,GGB222000032,3122,저상버스
2026-09-11,1700,2026-09-11T17:00:13.201690+09:00,GGB222001318,GGB222000032,1383,저상버스
2026-09-11,1700,2026-09-11T17:00:13.201690+09:00,GGB222001318,GGB222000048,325,저상버스
2026-09-11,1700,2026-09-11T17:00:13.201690+09:00,GGB222001318,GGB222000048,1391,저상버스
2026-09-11,1700,2026-09-11T17:00:13.201690+09:00,GGB222001318,GGB222000078,2209,일반차량
2026-09-11,1700,2026-09-11T17:00:13.201690+09:00,GGB222001318,GGB222000078,324,일반차량
2026-09-11,1700,2026-09-11T17:00:13.201690+09:00,GGB222001318,GGB222000180,2279,일반차량
2026-09-11,1700,2026-09-11T17:00:13.201690+09:00,GGB222001318,GGB222000180,473,일반차량
2026-09-11,1700,2026-09-11T17:00:13.201690+09:00,GGB222001318,GGB222000199,264,일반차량
2026-09-11,1700,2026-09-11T17:00:13.201690+09:00,GGB222001318,GGB222000199,1786,일반차량
2026-09-11,1700,2026-09-11T17:00:13.201690+09:00,GGB222001318,GGB222000239,1483,일반차량
2026-09-11,1700,2026-09-11T17:00:13.201690+09:00,GGB222001318,GGB234000003,2816,저상버스
2026-09-11,1700,2026-09-11T17:00:13.201690+09:00,GGB222001318,GGB234000003,81,저상버스
2026-09-11,1700,2026-09-11T17:00:13.201690+09:00,GGB222001318,GGB234000028,1656,일반차량
2026-09-11,1700,2026-09-11T17:00:13.201690+09:00,GGB222001318,GGB234000028,3053,저상버스
2026-09-11,1705,2026-09-11T17:05:03.343097+09:00,GGB222001318,GGB222000009,2468,일반차량
2026-09-11,1705,2026-09-11T17:05:03.343097+09:00,GGB222001318,GGB222000009,1040,저상버스
2026-09-11,1705,2026-09-11T17:05:03.343097+09:00,GGB222001318,GGB222000013,1903,저상버스
2026-09-11,1705,2026-09-11T17:05:03.343097+09:00,GGB222001318,GGB222000013,607,저상버스
2026-09-11,1705,2026-09-11T17:05:03.343097+09:00,GGB222001318,GGB222000027,1770,저상버스
2026-09-11,1705,2026-09-11T17:05:03.343097+09:00,GGB222001318,GGB222000027,573,저상버스
2026-09-11,1705,2026-09-11T17:05:03.343097+09:00,GGB222001318,GGB222000028,471,일반차량
2026-09-11,1705,2026-09-11T17:05:03.343097+09:00,GGB222001318,GGB222000028,906,일반차량
2026-09-11,1705,2026-09-11T17:05:03.343097+09:00,GGB222001318,GGB222000031,657,저상버스
2026-09-11,1705,2026-09-11T17:05:03.343097+09:00,GGB222001318,GGB222000031,2316,저상버스
2026-09-11,1705,2026-09-11T17:05:03.343097+09:00,GGB222001318,GGB222000032,2916,저상버스
2026-09-11,1705,2026-09-11T17:05:03.343097+09:00,GGB222001318,GGB222000032,1064,저상버스
2026-09-11,1705,2026-09-11T17:05:03.343097+09:00,GGB222001318,GGB222000048,115,저상버스
2026-09-11,1705,2026-09-11T17:05:03.343097+09:00,GGB222001318,GGB222000048,1212,저상버스
2026-09-11,1705,2026-09-11T17:05:03.343097+09:00,GGB222001318,GGB222000078,1922,일반차량
2026-09-11,1705,2026-09-11T17:05:03.343097+09:00,GGB222001318,GGB222000078,3157,일반차량
2026-09-11,1705,2026-09-11T17:05:03.343097+09:00,GGB222001318,GGB222000180,2034,일반차량
2026-09-11,1705,2026-09-11T17:05:03.343097+09:00,GGB222001318,GGB222000180,87,일반차량
2026-09-11,1705,2026-09-11T17:05:03.343097+09:00,GGB222001318,GGB222000199,118,일반차량
2026-09-11,1705,2026-09-11T17:05:03.343097+09:00,GGB222001318,GGB222000199,1565,일반차량
2026-09-11,1705,2026-09-11T17:05:03.343097+09:00,GGB222001318,GGB222000239,1122,일반차량
2026-09-11,1705,2026-09-11T17:05:03.343097+09:00,GGB222001318,GGB234000003,2653,저상버스
2026-09-11,1705,2026-09-11T17:05:03.343097+09:00,GGB222001318,GGB234000003,5987,저상버스
2026-09-11,1705,2026-09-11T17:05:03.343097+09:00,GGB222001318,GGB234000028,1213,일반차량
2026-09-11,1705,2026-09-11T17:05:03.343097+09:00,GGB222001318,GGB234000028,2805,저상버스
2026-09-11,1710,2026-09-11T17:10:03.276752+09:00,GGB222001318,GGB222000009,2091,일반차량
2026-09-11,1710,2026-09-11T17:10:03.276752+09:00,GGB222001318,GGB222000009,806,저상버스
2026-09-11,1710,2026-09-11T17:10:03.276752+09:00,GGB222001318,GGB222000013,1586,저상버스
2026-09-11,1710,2026-09-11T17:10:03.276752+09:00,GGB222001318,GGB222000013,364,저상버스
2026-09-11,1710,2026-09-11T17:10:03.276752+09:00,GGB222001318,GGB222000027,1515,저상버스
2026-09-11,1710,2026-09-11T17:10:03.276752+09:00,GGB222001318,GGB222000027,365,저상버스
2026-09-11,1710,2026-09-11T17:10:03.276752+09:00,GGB222001318,GGB222000028,415,일반차량
2026-09-11,1710,2026-09-11T17:10:03.276752+09:00,GGB222001318,GGB222000028,731,일반차량
2026-09-11,1710,2026-09-11T17:10:03.276752+09:00,GGB222001318,GGB222000031,470,저상버스
2026-09-11,1710,2026-09-11T17:10:03.276752+09:00,GGB222001318,GGB222000031,2080,저상버스
2026-09-11,1710,2026-09-11T17:10:03.276752+09:00,GGB222001318,GGB222000032,2699,저상버스
2026-09-11,1710,2026-09-11T17:10:03.276752+09:00,GGB222001318,GGB222000032,654,저상버스
2026-09-11,1710,2026-09-11T17:10:03.276752+09:00,GGB222001318,GGB222000048,1016,저상버스
2026-09-11,1710,2026-09-11T17:10:03.276752+09:00,GGB222001318,GGB222000048,2523,일반차량
2026-09-11,1710,2026-09-11T17:10:03.276752+09:00,GGB222001318,GGB222000078,2739,일반차량
2026-09-11,1710,2026-09-11T17:10:03.276752+09:00,GGB222001318,GGB222000078,3921,일반차량
2026-09-11,1710,2026-09-11T17:10:03.276752+09:00,GGB222001318,GGB222000180,1879,일반차량
2026-09-11,1710,2026-09-11T17:10:03.276752+09:00,GGB222001318,GGB222000180,4191,일반차량
2026-09-11,1710,2026-09-11T17:10:03.276752+09:00,GGB222001318,GGB222000199,2049,일반차량
2026-09-11,1710,2026-09-11T17:10:03.276752+09:00,GGB222001318,GGB222000199,1351,일반차량
2026-09-11,1710,2026-09-11T17:10:03.276752+09:00,GGB222001318,GGB222000239,967,일반차량
2026-09-11,1710,2026-09-11T17:10:03.276752+09:00,GGB222001318,GGB234000003,2519,저상버스
2026-09-11,1710,2026-09-11T17:10:03.276752+09:00,GGB222001318,GGB234000003,5797,저상버스
2026-09-11,1710,2026-09-11T17:10:03.276752+09:00,GGB222001318,GGB234000028,893,일반차량
2026-09-11,1710,2026-09-11T17:10:03.276752+09:00,GGB222001318,GGB234000028,2482,저상버스
2026-09-11,1715,2026-09-11T17:15:02.149408+09:00,GGB222001318,GGB222000009,1835,일반차량
2026-09-11,1715,2026-09-11T17:15:02.149408+09:00,GGB222001318,GGB222000009,467,저상버스
2026-09-11,1715,2026-09-11T17:15:02.149408+09:00,GGB222001318,GGB222000013,1253,저상버스
2026-09-11,1715,2026-09-11T17:15:02.149408+09:00,GGB222001318,GGB222000013,111,저상버스
2026-09-11,1715,2026-09-11T17:15:02.149408+09:00,GGB222001318,GGB222000027,1297,저상버스
2026-09-11,1715,2026-09-11T17:15:02.149408+09:00,GGB222001318,GGB222000027,20,저상버스
2026-09-11,1715,2026-09-11T17:15:02.149408+09:00,GGB222001318,GGB222000028,491,일반차량
2026-09-11,1715,2026-09-11T17:15:02.149408+09:00,GGB222001318,GGB222000028,1230,일반차량
2026-09-11,1715,2026-09-11T17:15:02.149408+09:00,GGB222001318,GGB222000031,221,저상버스
2026-09-11,1715,2026-09-11T17:15:02.149408+09:00,GGB222001318,GGB222000031,1732,저상버스
2026-09-11,1715,2026-09-11T17:15:02.149408+09:00,GGB222001318,GGB222000032,2340,저상버스
2026-09-11,1715,2026-09-11T17:15:02.149408+09:00,GGB222001318,GGB222000032,354,저상버스
2026-09-11,1715,2026-09-11T17:15:02.149408+09:00,GGB222001318,GGB222000048,747,저상버스
2026-09-11,1715,2026-09-11T17:15:02.149408+09:00,GGB222001318,GGB222000048,2106,일반차량
2026-09-11,1715,2026-09-11T17:15:02.149408+09:00,GGB222001318,GGB222000078,1251,일반차량
2026-09-11,1715,2026-09-11T17:15:02.149408+09:00,GGB222001318,GGB222000078,2481,일반차량
2026-09-11,1715,2026-09-11T17:15:02.149408+09:00,GGB222001318,GGB222000180,1593,일반차량
2026-09-11,1715,2026-09-11T17:15:02.149408+09:00,GGB222001318,GGB222000180,4108,일반차량
2026-09-11,1715,2026-09-11T17:15:02.149408+09:00,GGB222001318,GGB222000199,2043,일반차량
2026-09-11,1715,2026-09-11T17:15:02.149408+09:00,GGB222001318,GGB222000199,997,일반차량
2026-09-11,1715,2026-09-11T17:15:02.149408+09:00,GGB222001318,GGB222000239,644,일반차량
2026-09-11,1715,2026-09-11T17:15:02.149408+09:00,GGB222001318,GGB234000003,2231,저상버스
2026-09-11,1715,2026-09-11T17:15:02.149408+09:00,GGB222001318,GGB234000003,5348,저상버스
2026-09-11,1715,2026-09-11T17:15:02.149408+09:00,GGB222001318,GGB234000028,691,일반차량
2026-09-11,1715,2026-09-11T17:15:02.149408+09:00,GGB222001318,GGB234000028,2161,저상버스
2026-09-11,1725,2026-09-11T17:25:02.129796+09:00,GGB222001318,GGB222000009,1102,일반차량
2026-09-11,1725,2026-09-11T17:25:02.129796+09:00,GGB222001318,GGB222000009,2319,저상버스
2026-09-11,1725,2026-09-11T17:25:02.129796+09:00,GGB222001318,GGB222000013,589,저상버스
2026-09-11,1725,2026-09-11T17:25:02.129796+09:00,GGB222001318,GGB222000013,1342,저상버스
2026-09-11,1725,2026-09-11T17:25:02.129796+09:00,GGB222001318,GGB222000027,3208,저상버스
2026-09-11,1725,2026-09-11T17:25:02.129796+09:00,GGB222001318,GGB222000027,585,저상버스
2026-09-11,1725,2026-09-11T17:25:02.129796+09:00,GGB222001318,GGB222000028,1342,일반차량
2026-09-11,1725,2026-09-11T17:25:02.129796+09:00,GGB222001318,GGB222000028,490,일반차량
2026-09-11,1725,2026-09-11T17:25:02.129796+09:00,GGB222001318,GGB222000031,1199,저상버스
2026-09-11,1725,2026-09-11T17:25:02.129796+09:00,GGB222001318,GGB222000031,1954,저상버스
2026-09-11,1725,2026-09-11T17:25:02.129796+09:00,GGB222001318,GGB222000032,1810,저상버스
2026-09-11,1725,2026-09-11T17:25:02.129796+09:00,GGB222001318,GGB222000032,3137,저상버스
2026-09-11,1725,2026-09-11T17:25:02.129796+09:00,GGB222001318,GGB222000048,182,저상버스
2026-09-11,1725,2026-09-11T17:25:02.129796+09:00,GGB222001318,GGB222000048,1354,일반차량
2026-09-11,1725,2026-09-11T17:25:02.129796+09:00,GGB222001318,GGB222000078,897,일반차량
2026-09-11,1725,2026-09-11T17:25:02.129796+09:00,GGB222001318,GGB222000078,2062,일반차량
2026-09-11,1725,2026-09-11T17:25:02.129796+09:00,GGB222001318,GGB222000180,1033,일반차량
2026-09-11,1725,2026-09-11T17:25:02.129796+09:00,GGB222001318,GGB222000180,3549,일반차량
2026-09-11,1725,2026-09-11T17:25:02.129796+09:00,GGB222001318,GGB222000199,1422,일반차량
2026-09-11,1725,2026-09-11T17:25:02.129796+09:00,GGB222001318,GGB222000199,421,일반차량
2026-09-11,1725,2026-09-11T17:25:02.129796+09:00,GGB222001318,GGB222000239,171,일반차량
2026-09-11,1725,2026-09-11T17:25:02.129796+09:00,GGB222001318,GGB234000003,1801,저상버스
2026-09-11,1725,2026-09-11T17:25:02.129796+09:00,GGB222001318,GGB234000003,5082,저상버스
2026-09-11,1725,2026-09-11T17:25:02.129796+09:00,GGB222001318,GGB234000028,313,일반차량
2026-09-11,1725,2026-09-11T17:25:02.129796+09:00,GGB222001318,GGB234000028,1667,저상버스
2026-09-11,1730,2026-09-11T17:30:02.067130+09:00,GGB222001318,GGB222000009,931,일반차량
2026-09-11,1730,2026-09-11T17:30:02.067130+09:00,GGB222001318,GGB222000009,2025,저상버스
2026-09-11,1730,2026-09-11T17:30:02.067130+09:00,GGB222001318,GGB222000013,316,저상버스
2026-09-11,1730,2026-09-11T17:30:02.067130+09:00,GGB222001318,GGB222000013,1172,저상버스
2026-09-11,1730,2026-09-11T17:30:02.067130+09:00,GGB222001318,GGB222000027,2924,저상버스
2026-09-11,1730,2026-09-11T17:30:02.067130+09:00,GGB222001318,GGB222000027,302,저상버스
2026-09-11,1730,2026-09-11T17:30:02.067130+09:00,GGB222001318,GGB222000028,1171,일반차량
2026-09-11,1730,2026-09-11T17:30:02.067130+09:00,GGB222001318,GGB222000028,385,일반차량
2026-09-11,1730,2026-09-11T17:30:02.067130+09:00,GGB222001318,GGB222000031,1009,저상버스
2026-09-11,1730,2026-09-11T17:30:02.067130+09:00,GGB222001318,GGB222000031,1780,저상버스
2026-09-11,1730,2026-09-11T17:30:02.067130+09:00,GGB222001318,GGB222000032,1517,저상버스
2026-09-11,1730,2026-09-11T17:30:02.067130+09:00,GGB222001318,GGB222000032,2880,저상버스
2026-09-11,1730,2026-09-11T17:30:02.067130+09:00,GGB222001318,GGB222000048,2081,일반차량
2026-09-11,1730,2026-09-11T17:30:02.067130+09:00,GGB222001318,GGB222000048,1103,일반차량
2026-09-11,1730,2026-09-11T17:30:02.067130+09:00,GGB222001318,GGB222000078,360,일반차량
2026-09-11,1730,2026-09-11T17:30:02.067130+09:00,GGB222001318,GGB222000078,2013,일반차량
2026-09-11,1730,2026-09-11T17:30:02.067130+09:00,GGB222001318,GGB222000180,766,일반차량
2026-09-11,1730,2026-09-11T17:30:02.067130+09:00,GGB222001318,GGB222000180,3107,일반차량
2026-09-11,1730,2026-09-11T17:30:02.067130+09:00,GGB222001318,GGB222000199,1162,일반차량
2026-09-11,1730,2026-09-11T17:30:02.067130+09:00,GGB222001318,GGB222000199,317,일반차량
2026-09-11,1730,2026-09-11T17:30:02.067130+09:00,GGB222001318,GGB234000003,1581,저상버스
2026-09-11,1730,2026-09-11T17:30:02.067130+09:00,GGB222001318,GGB234000003,4653,저상버스
2026-09-11,1730,2026-09-11T17:30:02.067130+09:00,GGB222001318,GGB234000028,19,일반차량
2026-09-11,1730,2026-09-11T17:30:02.067130+09:00,GGB222001318,GGB234000028,1510,저상버스
2026-09-11,1735,2026-09-11T17:35:06.427856+09:00,GGB222001318,GGB222000009,743,일반차량
2026-09-11,1735,2026-09-11T17:35:06.427856+09:00,GGB222001318,GGB222000009,1779,저상버스
2026-09-11,1735,2026-09-11T17:35:06.427856+09:00,GGB222001318,GGB222000013,125,저상버스
2026-09-11,1735,2026-09-11T17:35:06.427856+09:00,GGB222001318,GGB222000013,1048,저상버스
2026-09-11,1735,2026-09-11T17:35:06.427856+09:00,GGB222001318,GGB222000027,2452,저상버스
2026-09-11,1735,2026-09-11T17:35:06.427856+09:00,GGB222001318,GGB222000027,134,저상버스
2026-09-11,1735,2026-09-11T17:35:06.427856+09:00,GGB222001318,GGB222000028,817,일반차량
2026-09-11,1735,2026-09-11T17:35:06.427856+09:00,GGB222001318,GGB222000028,68,일반차량
2026-09-11,1735,2026-09-11T17:35:06.427856+09:00,GGB222001318,GGB222000031,817,저상버스
2026-09-11,1735,2026-09-11T17:35:06.427856+09:00,GGB222001318,GGB222000031,1593,저상버스
2026-09-11,1735,2026-09-11T17:35:06.427856+09:00,GGB222001318,GGB222000032,1167,저상버스
2026-09-11,1735,2026-09-11T17:35:06.427856+09:00,GGB222001318,GGB222000032,2439,저상버스
2026-09-11,1735,2026-09-11T17:35:06.427856+09:00,GGB222001318,GGB222000048,2083,일반차량
2026-09-11,1735,2026-09-11T17:35:06.427856+09:00,GGB222001318,GGB222000048,900,일반차량
2026-09-11,1735,2026-09-11T17:35:06.427856+09:00,GGB222001318,GGB222000078,4752,일반차량
2026-09-11,1735,2026-09-11T17:35:06.427856+09:00,GGB222001318,GGB222000078,2720,일반차량
2026-09-11,1735,2026-09-11T17:35:06.427856+09:00,GGB222001318,GGB222000180,520,일반차량
2026-09-11,1735,2026-09-11T17:35:06.427856+09:00,GGB222001318,GGB222000180,2901,일반차량
2026-09-11,1735,2026-09-11T17:35:06.427856+09:00,GGB222001318,GGB222000199,948,일반차량
2026-09-11,1735,2026-09-11T17:35:06.427856+09:00,GGB222001318,GGB222000199,89,일반차량
2026-09-11,1735,2026-09-11T17:35:06.427856+09:00,GGB222001318,GGB234000003,1394,저상버스
2026-09-11,1735,2026-09-11T17:35:06.427856+09:00,GGB222001318,GGB234000003,4613,저상버스
2026-09-11,1735,2026-09-11T17:35:06.427856+09:00,GGB222001318,GGB234000028,2706,일반차량
2026-09-11,1735,2026-09-11T17:35:06.427856+09:00,GGB222001318,GGB234000028,1246,저상버스
2026-09-11,1740,2026-09-11T17:40:02.172742+09:00,GGB222001318,GGB222000009,409,일반차량
2026-09-11,1740,2026-09-11T17:40:02.172742+09:00,GGB222001318,GGB222000009,1515,저상버스
2026-09-11,1740,2026-09-11T17:40:02.172742+09:00,GGB222001318,GGB222000013,1649,저상버스
2026-09-11,1740,2026-09-11T17:40:02.172742+09:00,GGB222001318,GGB222000013,743,저상버스
2026-09-11,1740,2026-09-11T17:40:02.172742+09:00,GGB222001318,GGB222000027,2126,저상버스
2026-09-11,1740,2026-09-11T17:40:02.172742+09:00,GGB222001318,GGB222000027,4515,저상버스
2026-09-11,1740,2026-09-11T17:40:02.172742+09:00,GGB222001318,GGB222000028,582,일반차량
2026-09-11,1740,2026-09-11T17:40:02.172742+09:00,GGB222001318,GGB222000028,1134,일반차량
2026-09-11,1740,2026-09-11T17:40:02.172742+09:00,GGB222001318,GGB222000031,586,저상버스
2026-09-11,1740,2026-09-11T17:40:02.172742+09:00,GGB222001318,GGB222000031,1335,저상버스
2026-09-11,1740,2026-09-11T17:40:02.172742+09:00,GGB222001318,GGB222000032,859,저상버스
2026-09-11,1740,2026-09-11T17:40:02.172742+09:00,GGB222001318,GGB222000032,2103,저상버스
2026-09-11,1740,2026-09-11T17:40:02.172742+09:00,GGB222001318,GGB222000048,1832,일반차량
2026-09-11,1740,2026-09-11T17:40:02.172742+09:00,GGB222001318,GGB222000048,634,일반차량
2026-09-11,1740,2026-09-11T17:40:02.172742+09:00,GGB222001318,GGB222000078,1236,일반차량
2026-09-11,1740,2026-09-11T17:40:02.172742+09:00,GGB222001318,GGB222000078,2017,일반차량
2026-09-11,1740,2026-09-11T17:40:02.172742+09:00,GGB222001318,GGB222000180,315,일반차량
2026-09-11,1740,2026-09-11T17:40:02.172742+09:00,GGB222001318,GGB222000180,2532,일반차량
2026-09-11,1740,2026-09-11T17:40:02.172742+09:00,GGB222001318,GGB222000199,673,일반차량
2026-09-11,1740,2026-09-11T17:40:02.172742+09:00,GGB222001318,GGB222000199,1149,일반차량
2026-09-11,1740,2026-09-11T17:40:02.172742+09:00,GGB222001318,GGB234000003,1136,저상버스
2026-09-11,1740,2026-09-11T17:40:02.172742+09:00,GGB222001318,GGB234000003,4262,저상버스
2026-09-11,1740,2026-09-11T17:40:02.172742+09:00,GGB222001318,GGB234000028,2385,일반차량
2026-09-11,1740,2026-09-11T17:40:02.172742+09:00,GGB222001318,GGB234000028,912,저상버스
2026-09-11,1745,2026-09-11T17:45:02.943198+09:00,GGB222001318,GGB222000009,337,일반차량
2026-09-11,1745,2026-09-11T17:45:02.943198+09:00,GGB222001318,GGB222000009,1415,저상버스
2026-09-11,1745,2026-09-11T17:45:02.943198+09:00,GGB222001318,GGB222000013,1427,저상버스
2026-09-11,1745,2026-09-11T17:45:02.943198+09:00,GGB222001318,GGB222000013,611,저상버스
2026-09-11,1745,2026-09-11T17:45:02.943198+09:00,GGB222001318,GGB222000027,1913,저상버스
2026-09-11,1745,2026-09-11T17:45:02.943198+09:00,GGB222001318,GGB222000027,4334,저상버스
2026-09-11,1745,2026-09-11T17:45:02.943198+09:00,GGB222001318,GGB222000028,432,일반차량
2026-09-11,1745,2026-09-11T17:45:02.943198+09:00,GGB222001318,GGB222000028,1044,일반차량
2026-09-11,1745,2026-09-11T17:45:02.943198+09:00,GGB222001318,GGB222000031,343,저상버스
2026-09-11,1745,2026-09-11T17:45:02.943198+09:00,GGB222001318,GGB222000031,1148,저상버스
2026-09-11,1745,2026-09-11T17:45:02.943198+09:00,GGB222001318,GGB222000032,633,저상버스
2026-09-11,1745,2026-09-11T17:45:02.943198+09:00,GGB222001318,GGB222000032,1877,저상버스
2026-09-11,1745,2026-09-11T17:45:02.943198+09:00,GGB222001318,GGB222000048,1658,일반차량
2026-09-11,1745,2026-09-11T17:45:02.943198+09:00,GGB222001318,GGB222000048,441,일반차량
2026-09-11,1745,2026-09-11T17:45:02.943198+09:00,GGB222001318,GGB222000078,898,일반차량
2026-09-11,1745,2026-09-11T17:45:02.943198+09:00,GGB222001318,GGB222000078,1957,일반차량
2026-09-11,1745,2026-09-11T17:45:02.943198+09:00,GGB222001318,GGB222000180,96,일반차량
2026-09-11,1745,2026-09-11T17:45:02.943198+09:00,GGB222001318,GGB222000180,2288,일반차량
2026-09-11,1745,2026-09-11T17:45:02.943198+09:00,GGB222001318,GGB222000199,478,일반차량
2026-09-11,1745,2026-09-11T17:45:02.943198+09:00,GGB222001318,GGB222000199,933,일반차량
2026-09-11,1745,2026-09-11T17:45:02.943198+09:00,GGB222001318,GGB234000003,979,저상버스
2026-09-11,1745,2026-09-11T17:45:02.943198+09:00,GGB222001318,GGB234000003,3938,저상버스
2026-09-11,1745,2026-09-11T17:45:02.943198+09:00,GGB222001318,GGB234000028,2255,일반차량
2026-09-11,1745,2026-09-11T17:45:02.943198+09:00,GGB222001318,GGB234000028,700,저상버스
2026-09-11,1750,2026-09-11T17:50:03.333527+09:00,GGB222001318,GGB222000009,1143,저상버스
2026-09-11,1750,2026-09-11T17:50:03.333527+09:00,GGB222001318,GGB222000009,1647,저상버스
2026-09-11,1750,2026-09-11T17:50:03.333527+09:00,GGB222001318,GGB222000013,1301,저상버스
2026-09-11,1750,2026-09-11T17:50:03.333527+09:00,GGB222001318,GGB222000013,354,저상버스
2026-09-11,1750,2026-09-11T17:50:03.333527+09:00,GGB222001318,GGB222000027,1723,저상버스
2026-09-11,1750,2026-09-11T17:50:03.333527+09:00,GGB222001318,GGB222000027,3885,저상버스
2026-09-11,1750,2026-09-11T17:50:03.333527+09:00,GGB222001318,GGB222000028,348,일반차량
2026-09-11,1750,2026-09-11T17:50:03.333527+09:00,GGB222001318,GGB222000028,777,일반차량
2026-09-11,1750,2026-09-11T17:50:03.333527+09:00,GGB222001318,GGB222000031,131,저상버스
2026-09-11,1750,2026-09-11T17:50:03.333527+09:00,GGB222001318,GGB222000031,751,저상버스
2026-09-11,1750,2026-09-11T17:50:03.333527+09:00,GGB222001318,GGB222000032,368,저상버스
2026-09-11,1750,2026-09-11T17:50:03.333527+09:00,GGB222001318,GGB222000032,1469,저상버스
2026-09-11,1750,2026-09-11T17:50:03.333527+09:00,GGB222001318,GGB222000048,1439,일반차량
2026-09-11,1750,2026-09-11T17:50:03.333527+09:00,GGB222001318,GGB222000048,338,일반차량
2026-09-11,1750,2026-09-11T17:50:03.333527+09:00,GGB222001318,GGB222000078,538,일반차량
2026-09-11,1750,2026-09-11T17:50:03.333527+09:00,GGB222001318,GGB222000078,1820,일반차량
2026-09-11,1750,2026-09-11T17:50:03.333527+09:00,GGB222001318,GGB222000180,4373,일반차량
2026-09-11,1750,2026-09-11T17:50:03.333527+09:00,GGB222001318,GGB222000180,2121,일반차량
2026-09-11,1750,2026-09-11T17:50:03.333527+09:00,GGB222001318,GGB222000199,338,일반차량
2026-09-11,1750,2026-09-11T17:50:03.333527+09:00,GGB222001318,GGB222000199,627,일반차량
2026-09-11,1750,2026-09-11T17:50:03.333527+09:00,GGB222001318,GGB234000003,630,저상버스
2026-09-11,1750,2026-09-11T17:50:03.333527+09:00,GGB222001318,GGB234000003,3626,저상버스
2026-09-11,1750,2026-09-11T17:50:03.333527+09:00,GGB222001318,GGB234000028,1754,일반차량
2026-09-11,1750,2026-09-11T17:50:03.333527+09:00,GGB222001318,GGB234000028,482,저상버스
2026-09-11,1755,2026-09-11T17:55:02.267374+09:00,GGB222001318,GGB222000009,967,저상버스
2026-09-11,1755,2026-09-11T17:55:02.267374+09:00,GGB222001318,GGB222000009,1503,저상버스
2026-09-11,1755,2026-09-11T17:55:02.267374+09:00,GGB222001318,GGB222000013,1174,저상버스
2026-09-11,1755,2026-09-11T17:55:02.267374+09:00,GGB222001318,GGB222000013,2153,저상버스
2026-09-11,1755,2026-09-11T17:55:02.267374+09:00,GGB222001318,GGB222000027,1295,저상버스
2026-09-11,1755,2026-09-11T17:55:02.267374+09:00,GGB222001318,GGB222000027,3579,저상버스
2026-09-11,1755,2026-09-11T17:55:02.267374+09:00,GGB222001318,GGB222000028,460,일반차량
2026-09-11,1755,2026-09-11T17:55:02.267374+09:00,GGB222001318,GGB222000028,1220,일반차량
2026-09-11,1755,2026-09-11T17:55:02.267374+09:00,GGB222001318,GGB222000031,531,저상버스
2026-09-11,1755,2026-09-11T17:55:02.267374+09:00,GGB222001318,GGB222000031,1172,저상버스
2026-09-11,1755,2026-09-11T17:55:02.267374+09:00,GGB222001318,GGB222000032,2838,저상버스
2026-09-11,1755,2026-09-11T17:55:02.267374+09:00,GGB222001318,GGB222000032,1163,저상버스
2026-09-11,1755,2026-09-11T17:55:02.267374+09:00,GGB222001318,GGB222000048,2305,일반차량
2026-09-11,1755,2026-09-11T17:55:02.267374+09:00,GGB222001318,GGB222000048,1102,일반차량
2026-09-11,1755,2026-09-11T17:55:02.267374+09:00,GGB222001318,GGB222000078,257,일반차량
2026-09-11,1755,2026-09-11T17:55:02.267374+09:00,GGB222001318,GGB222000078,1309,일반차량
2026-09-11,1755,2026-09-11T17:55:02.267374+09:00,GGB222001318,GGB222000180,3872,일반차량
2026-09-11,1755,2026-09-11T17:55:02.267374+09:00,GGB222001318,GGB222000180,1773,일반차량
2026-09-11,1755,2026-09-11T17:55:02.267374+09:00,GGB222001318,GGB222000199,96,일반차량
2026-09-11,1755,2026-09-11T17:55:02.267374+09:00,GGB222001318,GGB222000199,337,일반차량
2026-09-11,1755,2026-09-11T17:55:02.267374+09:00,GGB222001318,GGB234000003,437,저상버스
2026-09-11,1755,2026-09-11T17:55:02.267374+09:00,GGB222001318,GGB234000003,3521,저상버스
2026-09-11,1755,2026-09-11T17:55:02.267374+09:00,GGB222001318,GGB234000028,1501,일반차량
2026-09-11,1755,2026-09-11T17:55:02.267374+09:00,GGB222001318,GGB234000028,184,저상버스
2026-09-11,1800,2026-09-11T18:00:02.402583+09:00,GGB222001318,GGB222000009,665,저상버스
2026-09-11,1800,2026-09-11T18:00:02.402583+09:00,GGB222001318,GGB222000009,1051,저상버스
2026-09-11,1800,2026-09-11T18:00:02.402583+09:00,GGB222001318,GGB222000013,778,저상버스
2026-09-11,1800,2026-09-11T18:00:02.402583+09:00,GGB222001318,GGB222000013,1682,저상버스
2026-09-11,1800,2026-09-11T18:00:02.402583+09:00,GGB222001318,GGB222000027,944,저상버스
2026-09-11,1800,2026-09-11T18:00:02.402583+09:00,GGB222001318,GGB222000027,3114,저상버스
2026-09-11,1800,2026-09-11T18:00:02.402583+09:00,GGB222001318,GGB222000028,134,일반차량
2026-09-11,1800,2026-09-11T18:00:02.402583+09:00,GGB222001318,GGB222000028,746,일반차량
2026-09-11,1800,2026-09-11T18:00:02.402583+09:00,GGB222001318,GGB222000031,194,저상버스
2026-09-11,1800,2026-09-11T18:00:02.402583+09:00,GGB222001318,GGB222000031,781,저상버스
2026-09-11,1800,2026-09-11T18:00:02.402583+09:00,GGB222001318,GGB222000032,2374,저상버스
2026-09-11,1800,2026-09-11T18:00:02.402583+09:00,GGB222001318,GGB222000032,979,저상버스
2026-09-11,1800,2026-09-11T18:00:02.402583+09:00,GGB222001318,GGB222000048,2133,일반차량
2026-09-11,1800,2026-09-11T18:00:02.402583+09:00,GGB222001318,GGB222000048,792,일반차량
2026-09-11,1800,2026-09-11T18:00:02.402583+09:00,GGB222001318,GGB222000078,3586,일반차량
2026-09-11,1800,2026-09-11T18:00:02.402583+09:00,GGB222001318,GGB222000078,1590,일반차량
2026-09-11,1800,2026-09-11T18:00:02.402583+09:00,GGB222001318,GGB222000180,3630,일반차량
2026-09-11,1800,2026-09-11T18:00:02.402583+09:00,GGB222001318,GGB222000180,1453,일반차량
2026-09-11,1800,2026-09-11T18:00:02.402583+09:00,GGB222001318,GGB222000199,1054,일반차량
2026-09-11,1800,2026-09-11T18:00:02.402583+09:00,GGB222001318,GGB222000199,2350,일반차량
2026-09-11,1800,2026-09-11T18:00:02.402583+09:00,GGB222001318,GGB234000003,185,저상버스
2026-09-11,1800,2026-09-11T18:00:02.402583+09:00,GGB222001318,GGB234000003,3219,저상버스
2026-09-11,1800,2026-09-11T18:00:02.402583+09:00,GGB222001318,GGB234000028,1353,일반차량
2026-09-11,1800,2026-09-11T18:00:02.402583+09:00,GGB222001318,GGB234000028,2598,저상버스
2026-09-11,1805,2026-09-11T18:05:02.269983+09:00,GGB222001318,GGB222000009,524,저상버스
2026-09-11,1805,2026-09-11T18:05:02.269983+09:00,GGB222001318,GGB222000009,813,저상버스
2026-09-11,1805,2026-09-11T18:05:02.269983+09:00,GGB222001318,GGB222000013,533,저상버스
2026-09-11,1805,2026-09-11T18:05:02.269983+09:00,GGB222001318,GGB222000013,1552,저상버스
2026-09-11,1805,2026-09-11T18:05:02.269983+09:00,GGB222001318,GGB222000027,697,저상버스
2026-09-11,1805,2026-09-11T18:05:02.269983+09:00,GGB222001318,GGB222000027,2947,저상버스
2026-09-11,1805,2026-09-11T18:05:02.269983+09:00,GGB222001318,GGB222000028,15,일반차량
2026-09-11,1805,2026-09-11T18:05:02.269983+09:00,GGB222001318,GGB222000028,584,일반차량
2026-09-11,1805,2026-09-11T18:05:02.269983+09:00,GGB222001318,GGB222000031,98,저상버스
2026-09-11,1805,2026-09-11T18:05:02.269983+09:00,GGB222001318,GGB222000031,626,저상버스
2026-09-11,1805,2026-09-11T18:05:02.269983+09:00,GGB222001318,GGB222000032,2057,저상버스
2026-09-11,1805,2026-09-11T18:05:02.269983+09:00,GGB222001318,GGB222000032,648,저상버스
2026-09-11,1805,2026-09-11T18:05:02.269983+09:00,GGB222001318,GGB222000048,1859,일반차량
2026-09-11,1805,2026-09-11T18:05:02.269983+09:00,GGB222001318,GGB222000048,530,일반차량
2026-09-11,1805,2026-09-11T18:05:02.269983+09:00,GGB222001318,GGB222000078,3371,일반차량
2026-09-11,1805,2026-09-11T18:05:02.269983+09:00,GGB222001318,GGB222000078,1251,일반차량
2026-09-11,1805,2026-09-11T18:05:02.269983+09:00,GGB222001318,GGB222000180,3384,일반차량
2026-09-11,1805,2026-09-11T18:05:02.269983+09:00,GGB222001318,GGB222000180,1347,일반차량
2026-09-11,1805,2026-09-11T18:05:02.269983+09:00,GGB222001318,GGB222000199,843,일반차량
2026-09-11,1805,2026-09-11T18:05:02.269983+09:00,GGB222001318,GGB222000199,1976,일반차량
2026-09-11,1805,2026-09-11T18:05:02.269983+09:00,GGB222001318,GGB234000003,20,저상버스
2026-09-11,1805,2026-09-11T18:05:02.269983+09:00,GGB222001318,GGB234000003,2998,저상버스
2026-09-11,1805,2026-09-11T18:05:02.269983+09:00,GGB222001318,GGB234000028,1089,일반차량
2026-09-11,1805,2026-09-11T18:05:02.269983+09:00,GGB222001318,GGB234000028,2462,저상버스
2026-09-11,1810,2026-09-11T18:10:01.995231+09:00,GGB222001318,GGB222000009,237,저상버스
2026-09-11,1810,2026-09-11T18:10:01.995231+09:00,GGB222001318,GGB222000009,452,저상버스
2026-09-11,1810,2026-09-11T18:10:01.995231+09:00,GGB222001318,GGB222000013,164,저상버스
2026-09-11,1810,2026-09-11T18:10:01.995231+09:00,GGB222001318,GGB222000013,1155,저상버스
2026-09-11,1810,2026-09-11T18:10:01.995231+09:00,GGB222001318,GGB222000027,380,저상버스
2026-09-11,1810,2026-09-11T18:10:01.995231+09:00,GGB222001318,GGB222000027,2493,저상버스
2026-09-11,1810,2026-09-11T18:10:01.995231+09:00,GGB222001318,GGB222000028,881,일반차량
2026-09-11,1810,2026-09-11T18:10:01.995231+09:00,GGB222001318,GGB222000028,238,일반차량
2026-09-11,1810,2026-09-11T18:10:01.995231+09:00,GGB222001318,GGB222000031,1312,저상버스
2026-09-11,1810,2026-09-11T18:10:01.995231+09:00,GGB222001318,GGB222000031,236,저상버스
2026-09-11,1810,2026-09-11T18:10:01.995231+09:00,GGB222001318,GGB222000032,1614,저상버스
2026-09-11,1810,2026-09-11T18:10:01.995231+09:00,GGB222001318,GGB222000032,152,저상버스
2026-09-11,1810,2026-09-11T18:10:01.995231+09:00,GGB222001318,GGB222000048,1427,일반차량
2026-09-11,1810,2026-09-11T18:10:01.995231+09:00,GGB222001318,GGB222000048,164,일반차량
2026-09-11,1810,2026-09-11T18:10:01.995231+09:00,GGB222001318,GGB222000078,3032,일반차량
2026-09-11,1810,2026-09-11T18:10:01.995231+09:00,GGB222001318,GGB222000078,923,일반차량
2026-09-11,1810,2026-09-11T18:10:01.995231+09:00,GGB222001318,GGB222000180,3176,일반차량
2026-09-11,1810,2026-09-11T18:10:01.995231+09:00,GGB222001318,GGB222000180,833,일반차량
2026-09-11,1810,2026-09-11T18:10:01.995231+09:00,GGB222001318,GGB222000199,453,일반차량
2026-09-11,1810,2026-09-11T18:10:01.995231+09:00,GGB222001318,GGB222000199,1607,일반차량
2026-09-11,1810,2026-09-11T18:10:01.995231+09:00,GGB222001318,GGB234000003,5507,저상버스
2026-09-11,1810,2026-09-11T18:10:01.995231+09:00,GGB222001318,GGB234000003,2719,저상버스
2026-09-11,1810,2026-09-11T18:10:01.995231+09:00,GGB222001318,GGB234000028,769,일반차량
2026-09-11,1810,2026-09-11T18:10:01.995231+09:00,GGB222001318,GGB234000028,2156,저상버스
2026-09-11,1815,2026-09-11T18:15:02.007613+09:00,GGB222001318,GGB222000009,399,저상버스
2026-09-11,1815,2026-09-11T18:15:02.007613+09:00,GGB222001318,GGB222000009,1009,저상버스
2026-09-11,1815,2026-09-11T18:15:02.007613+09:00,GGB222001318,GGB222000013,1055,저상버스
2026-09-11,1815,2026-09-11T18:15:02.007613+09:00,GGB222001318,GGB222000013,2245,저상버스
2026-09-11,1815,2026-09-11T18:15:02.007613+09:00,GGB222001318,GGB222000027,229,저상버스
2026-09-11,1815,2026-09-11T18:15:02.007613+09:00,GGB222001318,GGB222000027,2431,저상버스
2026-09-11,1815,2026-09-11T18:15:02.007613+09:00,GGB222001318,GGB222000028,713,일반차량
2026-09-11,1815,2026-09-11T18:15:02.007613+09:00,GGB222001318,GGB222000028,14,일반차량
2026-09-11,1815,2026-09-11T18:15:02.007613+09:00,GGB222001318,GGB222000031,1075,저상버스
2026-09-11,1815,2026-09-11T18:15:02.007613+09:00,GGB222001318,GGB222000031,14,저상버스
2026-09-11,1815,2026-09-11T18:15:02.007613+09:00,GGB222001318,GGB222000032,1476,저상버스
2026-09-11,1815,2026-09-11T18:15:02.007613+09:00,GGB222001318,GGB222000032,20,저상버스
2026-09-11,1815,2026-09-11T18:15:02.007613+09:00,GGB222001318,GGB222000048,1222,일반차량
2026-09-11,1815,2026-09-11T18:15:02.007613+09:00,GGB222001318,GGB222000048,20,일반차량
2026-09-11,1815,2026-09-11T18:15:02.007613+09:00,GGB222001318,GGB222000078,2616,일반차량
2026-09-11,1815,2026-09-11T18:15:02.007613+09:00,GGB222001318,GGB222000078,607,일반차량
2026-09-11,1815,2026-09-11T18:15:02.007613+09:00,GGB222001318,GGB222000180,3132,일반차량
2026-09-11,1815,2026-09-11T18:15:02.007613+09:00,GGB222001318,GGB222000180,728,일반차량
2026-09-11,1815,2026-09-11T18:15:02.007613+09:00,GGB222001318,GGB222000199,336,일반차량
2026-09-11,1815,2026-09-11T18:15:02.007613+09:00,GGB222001318,GGB222000199,1425,일반차량
2026-09-11,1815,2026-09-11T18:15:02.007613+09:00,GGB222001318,GGB234000003,5200,저상버스
2026-09-11,1815,2026-09-11T18:15:02.007613+09:00,GGB222001318,GGB234000003,2471,저상버스
2026-09-11,1815,2026-09-11T18:15:02.007613+09:00,GGB222001318,GGB234000028,682,일반차량
2026-09-11,1815,2026-09-11T18:15:02.007613+09:00,GGB222001318,GGB234000028,2088,저상버스
2026-09-11,1820,2026-09-11T18:20:02.768660+09:00,GGB222001318,GGB222000009,20,저상버스
2026-09-11,1820,2026-09-11T18:20:02.768660+09:00,GGB222001318,GGB222000009,715,저상버스
2026-09-11,1820,2026-09-11T18:20:02.768660+09:00,GGB222001318,GGB222000013,852,저상버스
2026-09-11,1820,2026-09-11T18:20:02.768660+09:00,GGB222001318,GGB222000013,2146,저상버스
2026-09-11,1820,2026-09-11T18:20:02.768660+09:00,GGB222001318,GGB222000027,2127,저상버스
2026-09-11,1820,2026-09-11T18:20:02.768660+09:00,GGB222001318,GGB222000027,5511,저상버스
2026-09-11,1820,2026-09-11T18:20:02.768660+09:00,GGB222001318,GGB222000028,426,일반차량
2026-09-11,1820,2026-09-11T18:20:02.768660+09:00,GGB222001318,GGB222000028,801,일반차량
2026-09-11,1820,2026-09-11T18:20:02.768660+09:00,GGB222001318,GGB222000031,1768,저상버스
2026-09-11,1820,2026-09-11T18:20:02.768660+09:00,GGB222001318,GGB222000031,912,저상버스
2026-09-11,1820,2026-09-11T18:20:02.768660+09:00,GGB222001318,GGB222000032,1139,저상버스
2026-09-11,1820,2026-09-11T18:20:02.768660+09:00,GGB222001318,GGB222000032,3808,저상버스
2026-09-11,1820,2026-09-11T18:20:02.768660+09:00,GGB222001318,GGB222000048,1008,일반차량
2026-09-11,1820,2026-09-11T18:20:02.768660+09:00,GGB222001318,GGB222000048,2551,일반차량
2026-09-11,1820,2026-09-11T18:20:02.768660+09:00,GGB222001318,GGB222000078,2474,일반차량
2026-09-11,1820,2026-09-11T18:20:02.768660+09:00,GGB222001318,GGB222000078,265,일반차량
2026-09-11,1820,2026-09-11T18:20:02.768660+09:00,GGB222001318,GGB222000180,2738,일반차량
2026-09-11,1820,2026-09-11T18:20:02.768660+09:00,GGB222001318,GGB222000180,531,일반차량
2026-09-11,1820,2026-09-11T18:20:02.768660+09:00,GGB222001318,GGB222000199,92,일반차량
2026-09-11,1820,2026-09-11T18:20:02.768660+09:00,GGB222001318,GGB222000199,936,일반차량
2026-09-11,1820,2026-09-11T18:20:02.768660+09:00,GGB222001318,GGB234000003,4859,저상버스
2026-09-11,1820,2026-09-11T18:20:02.768660+09:00,GGB222001318,GGB234000003,2245,저상버스
2026-09-11,1820,2026-09-11T18:20:02.768660+09:00,GGB222001318,GGB234000028,467,일반차량
2026-09-11,1820,2026-09-11T18:20:02.768660+09:00,GGB222001318,GGB234000028,1691,저상버스
2026-09-11,1825,2026-09-11T18:25:02.488730+09:00,GGB222001318,GGB222000009,1533,저상버스
2026-09-11,1825,2026-09-11T18:25:02.488730+09:00,GGB222001318,GGB222000009,460,저상버스
2026-09-11,1825,2026-09-11T18:25:02.488730+09:00,GGB222001318,GGB222000013,727,저상버스
2026-09-11,1825,2026-09-11T18:25:02.488730+09:00,GGB222001318,GGB222000013,2107,저상버스
2026-09-11,1825,2026-09-11T18:25:02.488730+09:00,GGB222001318,GGB222000027,1974,저상버스
2026-09-11,1825,2026-09-11T18:25:02.488730+09:00,GGB222001318,GGB222000027,5135,저상버스
2026-09-11,1825,2026-09-11T18:25:02.488730+09:00,GGB222001318,GGB222000028,306,일반차량
2026-09-11,1825,2026-09-11T18:25:02.488730+09:00,GGB222001318,GGB222000028,675,일반차량
2026-09-11,1825,2026-09-11T18:25:02.488730+09:00,GGB222001318,GGB222000031,1700,저상버스
2026-09-11,1825,2026-09-11T18:25:02.488730+09:00,GGB222001318,GGB222000031,747,저상버스
2026-09-11,1825,2026-09-11T18:25:02.488730+09:00,GGB222001318,GGB222000032,1022,저상버스
2026-09-11,1825,2026-09-11T18:25:02.488730+09:00,GGB222001318,GGB222000032,3550,저상버스
2026-09-11,1825,2026-09-11T18:25:02.488730+09:00,GGB222001318,GGB222000048,981,일반차량
2026-09-11,1825,2026-09-11T18:25:02.488730+09:00,GGB222001318,GGB222000048,2529,일반차량
2026-09-11,1825,2026-09-11T18:25:02.488730+09:00,GGB222001318,GGB222000056,994,일반차량
2026-09-11,1825,2026-09-11T18:25:02.488730+09:00,GGB222001318,GGB222000078,2150,일반차량
2026-09-11,1825,2026-09-11T18:25:02.488730+09:00,GGB222001318,GGB222000078,2999,일반차량
2026-09-11,1825,2026-09-11T18:25:02.488730+09:00,GGB222001318,GGB222000180,2588,일반차량
2026-09-11,1825,2026-09-11T18:25:02.488730+09:00,GGB222001318,GGB222000180,371,일반차량
2026-09-11,1825,2026-09-11T18:25:02.488730+09:00,GGB222001318,GGB222000199,927,일반차량
2026-09-11,1825,2026-09-11T18:25:02.488730+09:00,GGB222001318,GGB222000199,1333,일반차량
2026-09-11,1825,2026-09-11T18:25:02.488730+09:00,GGB222001318,GGB234000003,4551,저상버스
2026-09-11,1825,2026-09-11T18:25:02.488730+09:00,GGB222001318,GGB234000003,1973,저상버스
2026-09-11,1825,2026-09-11T18:25:02.488730+09:00,GGB222001318,GGB234000028,337,일반차량
2026-09-11,1825,2026-09-11T18:25:02.488730+09:00,GGB222001318,GGB234000028,1627,저상버스
2026-09-11,1830,2026-09-11T18:30:02.869706+09:00,GGB222001318,GGB222000009,2461,저상버스
2026-09-11,1830,2026-09-11T18:30:02.869706+09:00,GGB222001318,GGB222000009,1155,저상버스
2026-09-11,1830,2026-09-11T18:30:02.869706+09:00,GGB222001318,GGB222000013,338,저상버스
2026-09-11,1830,2026-09-11T18:30:02.869706+09:00,GGB222001318,GGB222000013,1579,저상버스
2026-09-11,1830,2026-09-11T18:30:02.869706+09:00,GGB222001318,GGB222000027,1706,저상버스
2026-09-11,1830,2026-09-11T18:30:02.869706+09:00,GGB222001318,GGB222000027,4625,저상버스
2026-09-11,1830,2026-09-11T18:30:02.869706+09:00,GGB222001318,GGB222000028,490,일반차량
2026-09-11,1830,2026-09-11T18:30:02.869706+09:00,GGB222001318,GGB222000028,1031,일반차량
2026-09-11,1830,2026-09-11T18:30:02.869706+09:00,GGB222001318,GGB222000031,1449,저상버스
2026-09-11,1830,2026-09-11T18:30:02.869706+09:00,GGB222001318,GGB222000031,567,저상버스
2026-09-11,1830,2026-09-11T18:30:02.869706+09:00,GGB222001318,GGB222000032,764,저상버스
2026-09-11,1830,2026-09-11T18:30:02.869706+09:00,GGB222001318,GGB222000032,3300,저상버스
2026-09-11,1830,2026-09-11T18:30:02.869706+09:00,GGB222001318,GGB222000048,569,일반차량
2026-09-11,1830,2026-09-11T18:30:02.869706+09:00,GGB222001318,GGB222000048,1944,일반차량
2026-09-11,1830,2026-09-11T18:30:02.869706+09:00,GGB222001318,GGB222000056,695,일반차량
2026-09-11,1830,2026-09-11T18:30:02.869706+09:00,GGB222001318,GGB222000078,2594,일반차량
2026-09-11,1830,2026-09-11T18:30:02.869706+09:00,GGB222001318,GGB222000078,4415,일반차량
2026-09-11,1830,2026-09-11T18:30:02.869706+09:00,GGB222001318,GGB222000180,2033,일반차량
2026-09-11,1830,2026-09-11T18:30:02.869706+09:00,GGB222001318,GGB222000180,177,일반차량
2026-09-11,1830,2026-09-11T18:30:02.869706+09:00,GGB222001318,GGB222000199,521,일반차량
2026-09-11,1830,2026-09-11T18:30:02.869706+09:00,GGB222001318,GGB222000199,978,일반차량
2026-09-11,1830,2026-09-11T18:30:02.869706+09:00,GGB222001318,GGB234000003,4252,저상버스
2026-09-11,1830,2026-09-11T18:30:02.869706+09:00,GGB222001318,GGB234000003,1701,저상버스
2026-09-11,1830,2026-09-11T18:30:02.869706+09:00,GGB222001318,GGB234000028,3475,일반차량
2026-09-11,1830,2026-09-11T18:30:02.869706+09:00,GGB222001318,GGB234000028,1212,저상버스
2026-09-11,1835,2026-09-11T18:35:03.370154+09:00,GGB222001318,GGB222000009,2294,저상버스
2026-09-11,1835,2026-09-11T18:35:03.370154+09:00,GGB222001318,GGB222000009,913,저상버스
2026-09-11,1835,2026-09-11T18:35:03.370154+09:00,GGB222001318,GGB222000013,166,저상버스
2026-09-11,1835,2026-09-11T18:35:03.370154+09:00,GGB222001318,GGB222000013,1427,저상버스
2026-09-11,1835,2026-09-11T18:35:03.370154+09:00,GGB222001318,GGB222000027,1393,저상버스
2026-09-11,1835,2026-09-11T18:35:03.370154+09:00,GGB222001318,GGB222000027,4056,저상버스
2026-09-11,1835,2026-09-11T18:35:03.370154+09:00,GGB222001318,GGB222000028,410,일반차량
2026-09-11,1835,2026-09-11T18:35:03.370154+09:00,GGB222001318,GGB222000028,972,일반차량
2026-09-11,1835,2026-09-11T18:35:03.370154+09:00,GGB222001318,GGB222000031,1333,저상버스
2026-09-11,1835,2026-09-11T18:35:03.370154+09:00,GGB222001318,GGB222000031,398,저상버스
2026-09-11,1835,2026-09-11T18:35:03.370154+09:00,GGB222001318,GGB222000032,507,저상버스
2026-09-11,1835,2026-09-11T18:35:03.370154+09:00,GGB222001318,GGB222000032,3319,저상버스
2026-09-11,1835,2026-09-11T18:35:03.370154+09:00,GGB222001318,GGB222000048,484,일반차량
2026-09-11,1835,2026-09-11T18:35:03.370154+09:00,GGB222001318,GGB222000048,1895,일반차량
2026-09-11,1835,2026-09-11T18:35:03.370154+09:00,GGB222001318,GGB222000056,664,일반차량
2026-09-11,1835,2026-09-11T18:35:03.370154+09:00,GGB222001318,GGB222000078,1588,일반차량
2026-09-11,1835,2026-09-11T18:35:03.370154+09:00,GGB222001318,GGB222000078,2099,일반차량
2026-09-11,1835,2026-09-11T18:35:03.370154+09:00,GGB222001318,GGB222000180,4319,일반차량
2026-09-11,1835,2026-09-11T18:35:03.370154+09:00,GGB222001318,GGB222000180,1991,일반차량
2026-09-11,1835,2026-09-11T18:35:03.370154+09:00,GGB222001318,GGB222000199,355,일반차량
2026-09-11,1835,2026-09-11T18:35:03.370154+09:00,GGB222001318,GGB222000199,788,일반차량
2026-09-11,1835,2026-09-11T18:35:03.370154+09:00,GGB222001318,GGB234000003,4144,저상버스
2026-09-11,1835,2026-09-11T18:35:03.370154+09:00,GGB222001318,GGB234000003,1601,저상버스
2026-09-11,1835,2026-09-11T18:35:03.370154+09:00,GGB222001318,GGB234000028,3397,일반차량
2026-09-11,1835,2026-09-11T18:35:03.370154+09:00,GGB222001318,GGB234000028,1117,저상버스
2026-09-11,1845,2026-09-11T18:45:02.190980+09:00,GGB222001318,GGB222000009,1649,저상버스
2026-09-11,1845,2026-09-11T18:45:02.190980+09:00,GGB222001318,GGB222000009,241,저상버스
2026-09-11,1845,2026-09-11T18:45:02.190980+09:00,GGB222001318,GGB222000013,2258,저상버스
2026-09-11,1845,2026-09-11T18:45:02.190980+09:00,GGB222001318,GGB222000013,1198,저상버스
2026-09-11,1845,2026-09-11T18:45:02.190980+09:00,GGB222001318,GGB222000027,805,저상버스
2026-09-11,1845,2026-09-11T18:45:02.190980+09:00,GGB222001318,GGB222000027,3861,저상버스
2026-09-11,1845,2026-09-11T18:45:02.190980+09:00,GGB222001318,GGB222000028,1210,일반차량
2026-09-11,1845,2026-09-11T18:45:02.190980+09:00,GGB222001318,GGB222000028,421,일반차량
2026-09-11,1845,2026-09-11T18:45:02.190980+09:00,GGB222001318,GGB222000031,672,저상버스
2026-09-11,1845,2026-09-11T18:45:02.190980+09:00,GGB222001318,GGB222000031,1928,저상버스
2026-09-11,1845,2026-09-11T18:45:02.190980+09:00,GGB222001318,GGB222000032,2417,저상버스
2026-09-11,1845,2026-09-11T18:45:02.190980+09:00,GGB222001318,GGB222000032,4636,일반차량
2026-09-11,1845,2026-09-11T18:45:02.190980+09:00,GGB222001318,GGB222000048,1257,일반차량
2026-09-11,1845,2026-09-11T18:45:02.190980+09:00,GGB222001318,GGB222000048,2088,일반차량
2026-09-11,1845,2026-09-11T18:45:02.190980+09:00,GGB222001318,GGB222000056,21,일반차량
2026-09-11,1845,2026-09-11T18:45:02.190980+09:00,GGB222001318,GGB222000078,1130,일반차량
2026-09-11,1845,2026-09-11T18:45:02.190980+09:00,GGB222001318,GGB222000078,2260,일반차량
2026-09-11,1845,2026-09-11T18:45:02.190980+09:00,GGB222001318,GGB222000180,3927,일반차량
2026-09-11,1845,2026-09-11T18:45:02.190980+09:00,GGB222001318,GGB222000180,1445,일반차량
2026-09-11,1845,2026-09-11T18:45:02.190980+09:00,GGB222001318,GGB222000199,91,일반차량
2026-09-11,1845,2026-09-11T18:45:02.190980+09:00,GGB222001318,GGB222000199,391,일반차량
2026-09-11,1845,2026-09-11T18:45:02.190980+09:00,GGB222001318,GGB234000003,3418,저상버스
2026-09-11,1845,2026-09-11T18:45:02.190980+09:00,GGB222001318,GGB234000003,1089,저상버스
2026-09-11,1845,2026-09-11T18:45:02.190980+09:00,GGB222001318,GGB234000028,2723,일반차량
2026-09-11,1845,2026-09-11T18:45:02.190980+09:00,GGB222001318,GGB234000028,704,저상버스
2026-09-11,1850,2026-09-11T18:50:02.605216+09:00,GGB222001318,GGB222000009,1185,저상버스
2026-09-11,1850,2026-09-11T18:50:02.605216+09:00,GGB222001318,GGB222000009,1998,저상버스
2026-09-11,1850,2026-09-11T18:50:02.605216+09:00,GGB222001318,GGB222000013,2076,저상버스
2026-09-11,1850,2026-09-11T18:50:02.605216+09:00,GGB222001318,GGB222000013,818,저상버스
2026-09-11,1850,2026-09-11T18:50:02.605216+09:00,GGB222001318,GGB222000027,462,저상버스
2026-09-11,1850,2026-09-11T18:50:02.605216+09:00,GGB222001318,GGB222000027,3684,저상버스
2026-09-11,1850,2026-09-11T18:50:02.605216+09:00,GGB222001318,GGB222000028,935,일반차량
2026-09-11,1850,2026-09-11T18:50:02.605216+09:00,GGB222001318,GGB222000028,142,일반차량
2026-09-11,1850,2026-09-11T18:50:02.605216+09:00,GGB222001318,GGB222000031,502,저상버스
2026-09-11,1850,2026-09-11T18:50:02.605216+09:00,GGB222001318,GGB222000031,1662,저상버스
2026-09-11,1850,2026-09-11T18:50:02.605216+09:00,GGB222001318,GGB222000032,2173,저상버스
2026-09-11,1850,2026-09-11T18:50:02.605216+09:00,GGB222001318,GGB222000032,4319,일반차량
2026-09-11,1850,2026-09-11T18:50:02.605216+09:00,GGB222001318,GGB222000048,1077,일반차량
2026-09-11,1850,2026-09-11T18:50:02.605216+09:00,GGB222001318,GGB222000048,1904,일반차량
2026-09-11,1850,2026-09-11T18:50:02.605216+09:00,GGB222001318,GGB222000078,902,일반차량
2026-09-11,1850,2026-09-11T18:50:02.605216+09:00,GGB222001318,GGB222000078,1780,일반차량
2026-09-11,1850,2026-09-11T18:50:02.605216+09:00,GGB222001318,GGB222000180,3548,일반차량
2026-09-11,1850,2026-09-11T18:50:02.605216+09:00,GGB222001318,GGB222000180,1143,일반차량
2026-09-11,1850,2026-09-11T18:50:02.605216+09:00,GGB222001318,GGB222000199,1123,일반차량
2026-09-11,1850,2026-09-11T18:50:02.605216+09:00,GGB222001318,GGB222000199,227,일반차량
2026-09-11,1850,2026-09-11T18:50:02.605216+09:00,GGB222001318,GGB234000003,3285,저상버스
2026-09-11,1850,2026-09-11T18:50:02.605216+09:00,GGB222001318,GGB234000003,854,저상버스
2026-09-11,1850,2026-09-11T18:50:02.605216+09:00,GGB222001318,GGB234000028,2508,일반차량
2026-09-11,1850,2026-09-11T18:50:02.605216+09:00,GGB222001318,GGB234000028,365,저상버스
2026-09-11,1855,2026-09-11T18:55:02.537438+09:00,GGB222001318,GGB222000009,999,저상버스
2026-09-11,1855,2026-09-11T18:55:02.537438+09:00,GGB222001318,GGB222000009,1909,저상버스
2026-09-11,1855,2026-09-11T18:55:02.537438+09:00,GGB222001318,GGB222000013,1412,저상버스
2026-09-11,1855,2026-09-11T18:55:02.537438+09:00,GGB222001318,GGB222000013,326,저상버스
2026-09-11,1855,2026-09-11T18:55:02.537438+09:00,GGB222001318,GGB222000027,328,저상버스
2026-09-11,1855,2026-09-11T18:55:02.537438+09:00,GGB222001318,GGB222000027,3360,저상버스
2026-09-11,1855,2026-09-11T18:55:02.537438+09:00,GGB222001318,GGB222000028,628,일반차량
2026-09-11,1855,2026-09-11T18:55:02.537438+09:00,GGB222001318,GGB222000028,1257,일반차량
2026-09-11,1855,2026-09-11T18:55:02.537438+09:00,GGB222001318,GGB222000031,343,저상버스
2026-09-11,1855,2026-09-11T18:55:02.537438+09:00,GGB222001318,GGB222000031,1352,저상버스
2026-09-11,1855,2026-09-11T18:55:02.537438+09:00,GGB222001318,GGB222000032,1955,저상버스
2026-09-11,1855,2026-09-11T18:55:02.537438+09:00,GGB222001318,GGB222000032,4187,일반차량
2026-09-11,1855,2026-09-11T18:55:02.537438+09:00,GGB222001318,GGB222000048,776,일반차량
2026-09-11,1855,2026-09-11T18:55:02.537438+09:00,GGB222001318,GGB222000048,1589,일반차량
2026-09-11,1855,2026-09-11T18:55:02.537438+09:00,GGB222001318,GGB222000078,619,일반차량
2026-09-11,1855,2026-09-11T18:55:02.537438+09:00,GGB222001318,GGB222000078,2971,일반차량
2026-09-11,1855,2026-09-11T18:55:02.537438+09:00,GGB222001318,GGB222000180,3300,일반차량
2026-09-11,1855,2026-09-11T18:55:02.537438+09:00,GGB222001318,GGB222000180,896,일반차량
2026-09-11,1855,2026-09-11T18:55:02.537438+09:00,GGB222001318,GGB222000199,853,일반차량
2026-09-11,1855,2026-09-11T18:55:02.537438+09:00,GGB222001318,GGB222000199,2007,일반차량
2026-09-11,1855,2026-09-11T18:55:02.537438+09:00,GGB222001318,GGB234000003,3036,저상버스
2026-09-11,1855,2026-09-11T18:55:02.537438+09:00,GGB222001318,GGB234000003,615,저상버스
2026-09-11,1855,2026-09-11T18:55:02.537438+09:00,GGB222001318,GGB234000028,4634,일반차량
2026-09-11,1855,2026-09-11T18:55:02.537438+09:00,GGB222001318,GGB234000028,2148,일반차량
