source_id,development,source_type,title,publisher,published_date,retrieved_at,source_url,local_path,sha256,page_or_section,exact_excerpt,event_type,event_date,date_precision,mode,scope,confidence,review_status,notes,cand_id,cand_id_namespaced,cohort_type,landing_url,file_kind,event_date_normalized,event_date_lower,event_date_upper,line_name,promise_verb_원문표기,http_status,bytes,local_text_path,excerpt_found,excerpt_sim,review_issue,reject_reason,pairable,commitment_version,dup_of,block_name,document_version,version_status,supersedes_source_id,attachment_source_url,attachment_local_path,attachment_sha256,service_headway,service_first,service_last,timetable_effective_date,event_date_basis,evidence_role,document_verified,verification_method,verified_at,pdf_id,raw_pdf_path,pdf_sha256,pdf_match_method,pdf_match_confidence,pdf_disposition,pdf_extraction_status,pdf_page_count,pdf_text_chars,excerpt_source_path,excerpt_char_start,excerpt_char_end,plan_confirmed_date,target_completion_date,target_date_precision,human_verified,human_verifier,human_verified_at,human_check_items,censored,as_of_date,censoring_evidence_source_id,clue_url,contradiction_flag,contradiction_note
SRC-E1-A01,화성 동탄2,공공기관 공고,화성동탄2 C-27블록 공공분양주택 입주자모집공고,LH,2026-05-29,2026-08-31T21:16:29+09:00,https://apply.lh.or.kr/lhapply/apply/wt/wrtanc/selectWrtancInfo.do?panId=0000061101&ccrCnntSysDsCd=02&uppAisTpCd=05&aisTpCd=05&mi=1027,data/raw/evidence/documents/화성 동탄2/2026-05-29_화성동탄2_C-27블록_공공분양주택_입주자모집공고.html,8c425455ac503ddd63d6d6a57eab177703472928873e315bffedf97995c2872e,LH 청약플러스 모집공고 본문 > 단지정보 > 입주예정일 항목,입주예정일 : 2029년 06월 (화성동탄2 C-27블록 공공분양주택),occupancy_planned_block,2029년 06월,month,,block,high,verified,원문 직접 확인,A01,E1-A01,2G_historical,https://apply.lh.or.kr/lhapply/apply/wt/wrtanc/selectWrtancInfo.do?panId=0000061101&ccrCnntSysDsCd=02&uppAisTpCd=05&aisTpCd=05&mi=1027,html,2029-06-30,2029-06-01,2029-06-30,,입주예정일 : 2029년 06월,200,197054,evidence/text/2026-05-29_화성동탄2_C-27블록_공공분양주택_입주자모집공고.txt,Y_NORMALIZED,0.98,,,FALSE,1,,C-27,v2,latest,SRC-PDF-071-OCCU-1,,,,,,,,입주자모집공고/공급정보의 입주예정일,planned_block,unverified,,,,,,,,,,,,2026-05-29_화성동탄2_C-27블록_공공분양주택_입주자모집공고.txt,,,,,,TRUE,parkd,2026-09-02T20:11:00+09:00,A1B1C1D1E1,,,,,,
SRC-E1-A02,화성 동탄2,언론 단서,"LH, 동탄2 공공분양 473가구 공급…7년만에 재개",연합뉴스,2026-05-29,2026-08-31T21:16:29+09:00,https://apply.lh.or.kr/lhapply/apply/wt/wrtanc/selectWrtancInfo.do?panId=0000061101&ccrCnntSysDsCd=02&uppAisTpCd=05&aisTpCd=05&mi=1027,data/raw/evidence/refetched/E1-A02.html,483a159ffdcd7600d071b1685f6411f9cbfc6159229dc73d2c118476b8c21b7d,LH 청약플러스 모집공고 본문 > 단지정보 > 입주예정일 항목,전용면적(㎡) : 59.63 ~ 84.99 총 세대수 : 473 난방방식 : 지역난방 입주예정일 : 2029년 06월,occupancy_planned_block,2029년 06월,month,,block,low,verified,단서기사: https://www.yna.co.kr/view/AKR20260529032400003,A02,E1-A02,2G_historical,https://apply.lh.or.kr/lhapply/apply/wt/wrtanc/selectWrtancInfo.do?panId=0000061101&ccrCnntSysDsCd=02&uppAisTpCd=05&aisTpCd=05&mi=1027,html,2029-06-30,2029-06-01,2029-06-30,,입주 예정 시기는 2029년,200,197054,C:\Users\parkd\Documents\Codex\2026-08-20\files-mentioned-by-the-user-30-2\evidence\text\E1-A02.txt,Y_NORMALIZED,0.98,,,FALSE,1,,,,,,,,,,,,,입주자모집공고/공급정보의 입주예정일,planned_block,unverified,,,,,,,,,,,,E1-A02.txt,,,,,,TRUE,parkd,2026-09-02T20:11:00+09:00,A1B1C1D1E1,,,,,,
SRC-E1-A03,김포 한강,공공기관 공고,김포한강 Ac-01a블록 10년 공공임대주택리츠 입주자 모집공고,LH,2026-06-19,2026-08-31T21:16:29+09:00,https://apply.lh.or.kr/lhapply/apply/wt/wrtanc/selectWrtancInfo.do?panId=0000061106&ccrCnntSysDsCd=02&uppAisTpCd=06&aisTpCd=08&mi=1026,data/raw/evidence/documents/김포 한강/2026-06-19_김포한강_Ac-01a블록_10년_공공임대주택리츠_입주자_모집공고.html,1b2ff982d5fe4cfb4d4ee83f764c717069b1e2c97fd538e2a99a78d88520c0fa,LH 김포한강 Ac-05 모집공고 > 단지정보 > 입주예정월 항목,입주예정월 : 2020년 06월 (김포한강 Ac-05블록 공공분양),occupancy_planned_block,2020년 06월,month,,block,high,verified,원문 직접 확인,A03,E1-A03,2G_historical,https://apply.lh.or.kr/lhapply/apply/wt/wrtanc/selectWrtancInfo.do?panId=0000061106&ccrCnntSysDsCd=02&uppAisTpCd=06&aisTpCd=08&mi=1026,html,2020-06-30,2020-06-01,2020-06-30,,입주예정월 : 2020년 06월,200,200983,evidence/text/2026-06-19_김포한강_Ac-01a블록_10년_공공임대주택리츠_입주자_모집공고.txt,Y_NORMALIZED,0.98,,,FALSE,1,,,,,,,,,,,,,입주자모집공고/공급정보의 입주예정일,planned_block,unverified,,,,,,,,,,,,2026-06-19_김포한강_Ac-01a블록_10년_공공임대주택리츠_입주자_모집공고.txt,,,,,,TRUE,parkd,2026-09-02T20:11:00+09:00,A1B1C1D1E1,,,,,,
SRC-E1-A04,김포 한강,공공기관 공고,김포한강 Ac-05블록 10년 공공임대주택리츠 예비입주자 모집공고(2026.08.25),LH,2026-08-25,2026-09-02T18:00:00+09:00,https://apply.lh.or.kr/lhapply/apply/wt/wrtanc/selectWrtancInfo.do?panId=0000061160&ccrCnntSysDsCd=02&uppAisTpCd=06&aisTpCd=08&mi=1026,data/raw/evidence/documents/target_refresh_20260902/SRC-E1-A04_2026-09-02.html,dd1eea25a083869bc0080717335818364f5c6e839c8171398874506adedc1b68,LH 김포한강Ac-05 공고 > 공급정보 > 입주예정월 항목,입주예정월 : 2017년 08월 (김포한강Ac-05블록),occupancy_planned_block,2017-08,month,,block,high,verified,기존 2020년 6월 주장은 현재 공식 링크에서 확인되지 않음; 공식 화면은 입주예정월 2017년 08월로 표시,A04,E1-A04,2G_historical,,html,2017-08-31,2017-08-01,2017-08-31,,입주예정월 : 2017년 08월,200,201072,data/staged/html_text/dd1eea25a083869bc0080717335818364f5c6e839c8171398874506adedc1b68.txt,Y_NORMALIZED,0.98,,,FALSE,1,,Ac-05,,,,https://apply.lh.or.kr/lhapply/lhFile.do?fileid=68207078,data/raw/evidence/김포한강Ac-05블록(센트럴블루힐)10년공공임대주택리츠예비입주자모집공고문(26.08.25).pdf,bff83f4d343364fcf84955d49a59748b9f82b4116f02cfbfb70ca9e5c3ba6b9d,,,,,입주자모집공고/공급정보의 입주예정일,planned_block,unverified,ai_extraction_pending_human_page_check,,PDF-076,data/raw/evidence/김포한강Ac-05블록(센트럴블루힐)10년공공임대주택리츠예비입주자모집공고문(26.08.25).pdf,bff83f4d343364fcf84955d49a59748b9f82b4116f02cfbfb70ca9e5c3ba6b9d,targeted_manual_mapping,1.0,,,,,PDF (bff83f…) 추출 txt,,,,,,TRUE,parkd,2026-09-02T20:22:00+09:00,A1B1C1D1E1,,,,https://zippoom.com/%EB%B8%94%EB%A1%9C%EA%B7%B8/%EA%B9%80%ED%8F%AC%ED%95%9C%EA%B0%95-Ac-05%EB%B8%94%EB%A1%9D-10%EB%85%84-%EA%B3%B5%EA%B3%B5%EC%9E%84%EB%8C%80%EC%A3%BC%ED%83%9D(%EB%A6%AC%EC%B8%A0,TRUE,2020-06 주장은 현행 공식화면에서 미확인. PDF(bff83f…) 페이지로 지정
SRC-E1-A05,위례,국토해양부 보도자료,위례신도시 보금자리 2949가구 내달 5일부터 본청약,국토해양부,2011-11-29,2026-08-31T21:16:29+09:00,https://www.korea.kr/news/policyNewsView.do?newsId=148723111,data/raw/evidence/documents/위례/2011-11-29_위례신도시_보금자리_2949가구_내달_5일부터_본청약.html,0d97e44a94f96b7a2b340bfcb7c3a8364acd7bed754b4c12ace566c1aa71f6c2,위례신도시 보금자리 2949가구 본청약 보도자료 본문 > 주민입주 시점 문단,"위례신도시 보금자리 2949가구가 본청약을 진행하며, 주민입주는 2013년말 경 이루어질 예정이다.",occupancy_first_planned,2013-12,month,,district,high,verified,원문 직접 확인; 장래 시점 서술이므로 occupancy_first_actual에서 재분류,A05,E1-A05,2G_historical,https://www.korea.kr/news/policyNewsView.do?newsId=148723111,html,2013-12-31,2013-12-01,2013-12-31,,주민입주는 2013년말 경 이루어질 예정이다,200,158590,evidence/text/2011-11-29_위례신도시_보금자리_2949가구_내달_5일부터_본청약.txt,Y_NORMALIZED,0.98,,,FALSE,1,,,,,,,,,,,,,2011년 본청약 보도자료의 2013년말 입주 예정,planned_district_baseline,unverified,,,,,,,,,,,,2011-11-29_위례신도시_보금자리_2949가구_내달_5일부터_본청약.txt,,,,,,TRUE,parkd,2026-09-02T20:11:00+09:00,A1B1C1D1E1,,,,,,
SRC-E1-A06,위례,공공기관 공고,"위례지구 A1-5BL, A1-12BL 분양주택 입주자 모집",SH공사,2020-11-19,2026-08-31T21:16:29+09:00,https://mediahub.seoul.go.kr/archives/1302679,data/raw/evidence/documents/위례/2020-11-19_위례지구_A1-5BL__A1-12BL_분양주택_입주자_모집.html,9bfb5fd75d138d350deeff3a082f5c7910d568cbe9f2b4d933ea1bab35950a26,LH 위례지구 A1-5BL 입주자 모집공고 > 입주예정일 항목,"위례지구 A1-5BL(1,282세대) 조감도. 이르면 내년 8월 입주할 수 있는 위례신도시 공공분양 2개 블록의 입주자 모집이 시작되며, 입주는 2021년 8월 예정이다.",occupancy_planned_block,2021.8.,month,,block,high,verified,원문 직접 확인,A06,E1-A06,2G_historical,https://mediahub.seoul.go.kr/archives/1302679,html,2021-08-31,2021-08-01,2021-08-31,,입주는 2021년 8월 예정이다,200,127826,evidence/text/2020-11-19_위례지구_A1-5BL__A1-12BL_분양주택_입주자_모집.txt,Y_NORMALIZED,0.98,,,FALSE,1,,A1,,,,,,,,,,,입주자모집공고/공급정보의 입주예정일,planned_block,unverified,,,,,,,,,,,,2020-11-19_위례지구_A1-5BL__A1-12BL_분양주택_입주자_모집.txt,,,,,,TRUE,parkd,2026-09-02T20:11:00+09:00,A1B1C1D1E1,,,,,,
SRC-E1-A07,남양주 다산,공공기관 공고,다산신도시 지금지구 A1블록 국민임대주택 입주자모집공고,LH,2015-08-11,2026-08-31T21:16:29+09:00,https://www.myhome.go.kr/hws/portal/sch/selectRsdtRcritNtcDetailView.do?pblancId=7766,data/raw/evidence/documents/남양주 다산/2015-08-11_다산신도시_지금지구_A1블록_국민임대주택_입주자모집공고.html,2514f69cab8c2f81040add73d02a37db5347508a5714c2acfa347bfffe0258d4,LH 다산신도시 지금지구 A1블록 모집공고 > 입주예정연도 항목,다산신도시 지금지구 A1블록 국민임대주택 입주자모집공고. 입주예정연도: 2016년.,occupancy_planned_block,2016년,year,,block,high,verified,원문 직접 확인,A07,E1-A07,2G_historical,https://www.myhome.go.kr/hws/portal/sch/selectRsdtRcritNtcDetailView.do?pblancId=7766,html,2016-12-31,2016-01-01,2016-12-31,,입주예정연도: 2016년,200,166818,evidence/text/2015-08-11_다산신도시_지금지구_A1블록_국민임대주택_입주자모집공고.txt,Y_NORMALIZED,0.98,,,FALSE,1,,A1,v1,superseded,,,,,,,,,입주자모집공고/공급정보의 입주예정일,planned_block,unverified,,,,,,,,,,,,2015-08-11_다산신도시_지금지구_A1블록_국민임대주택_입주자모집공고.txt,,,,,,TRUE,parkd,2026-09-02T20:11:00+09:00,A1B1C1D1E1,,,,,,
SRC-E1-A08,남양주 다산,공공기관 공고,남양주 다산역 A2 경기행복주택 입주자모집,LH,2018-12-12,2026-09-02T18:00:00+09:00,https://www.myhome.go.kr/hws/portal/sch/selectRsdtRcritNtcDetailView.do?pblancId=6410,data/raw/evidence/＇25년 상반기 경기행복주택 예비입주자 추가모집 공고.pdf,17e730dc3c2b81cfa2c2e820f79ca45e50b657236b8cb5870235dfbf463083b2,PDF p.35,입주예정 시기는 입주자격심사 종료 후 개별적으로 알려드립니다.,occupancy_planned_block,,unknown,,block,high,rejected,제시된 마이홈 링크는 2019-12-16 추가모집 화면이며 최초 입주일 값이 비어 있음; 2025 추가모집 PDF도 정확한 입주시기를 개별 통보한다고만 명시,A08,E1-A08,2G_historical,https://blog.naver.com/wise8949/221417570455,pdf,,,,,,200,1578117,data/staged/pdf_text/17e730dc3c2b81cfa2c2e820f79ca45e50b657236b8cb5870235dfbf463083b2.txt,TEXT_FAIL,0,QUARANTINED; 비원문/URL불량,target_date_absent,FALSE,1,,A2,,,,https://www.nyj.go.kr/www/downloadBbsFile.do?bbsNo=62&nttNo=494806&atchmnflNo=1504230,data/raw/evidence/＇25년 상반기 경기행복주택 예비입주자 추가모집 공고.pdf,17e730dc3c2b81cfa2c2e820f79ca45e50b657236b8cb5870235dfbf463083b2,,,,,입주자모집공고/공급정보의 입주예정일,planned_block,unverified,ai_extraction_pending_human_page_check,,PDF-052,data/raw/evidence/＇25년 상반기 경기행복주택 예비입주자 추가모집 공고.pdf,17e730dc3c2b81cfa2c2e820f79ca45e50b657236b8cb5870235dfbf463083b2,sha256,1.0,matched_existing,success,89,149770,,,,,,,,,,,,,,,,
SRC-E1-A09,하남 미사,공공기관 공고,하남미사17단지 임대주택 입주자모집공고,LH,2025-03-14,2026-08-31T21:16:29+09:00,https://apply.lh.or.kr/lhapply/apply/wt/wrtanc/selectWrtancInfo.do?panId=2015122300017628&ccrCnntSysDsCd=03&uppAisTpCd=06&aisTpCd=07&mi=1026,data/raw/evidence/documents/하남 미사/2025-03-14_하남미사17단지_임대주택_입주자모집공고.html,ed89eaafefe6bedf10fbdd14d6ffd26f6db3ea172a6961e787b0659cb092edf4,LH 하남미사 17단지 모집공고 > 입주예정월 항목,하남미사 17단지 소재지 경기도 하남시 미사강변서로 167(망월동). 입주예정월 : 2016.07,occupancy_planned_block,2016.07,month,,block,high,verified,원문 직접 확인,A09,E1-A09,2G_historical,https://apply.lh.or.kr/lhapply/apply/wt/wrtanc/selectWrtancInfo.do?panId=2015122300017628&ccrCnntSysDsCd=03&uppAisTpCd=06&aisTpCd=07&mi=1026,html,2016-07-31,2016-07-01,2016-07-31,,입주예정월 : 2016.07,200,253207,evidence/text/2025-03-14_하남미사17단지_임대주택_입주자모집공고.txt,Y_NORMALIZED,0.98,,,FALSE,1,,,,,,,,,,,,,입주자모집공고/공급정보의 입주예정일,planned_block,unverified,,,,,,,,,,,,2025-03-14_하남미사17단지_임대주택_입주자모집공고.txt,,,,,,TRUE,parkd,2026-09-02T20:11:00+09:00,A1B1C1D1E1,,,,,,
SRC-E1-A10,하남 미사,공공기관 공고,"미사강변도시 A24, A25블록 10년 공공임대주택리츠 입주자 모집",NHF제6호및제7호공공임대위탁관리부동산투자회사,2016-07-01,2026-09-02T18:00:00+09:00,https://www.myhome.go.kr/hws/portal/sch/selectRsdtRcritNtcDetailView.do?pblancId=920,data/raw/evidence/미사강변도시 A24블록 10년 공공임대주택리츠 입주자 모집.pdf,fe6a75eea6be0515dd7aae147197495ec4ecbc0e96e953f867d6a3d269c7dcbd,LH myhome pblancId=920 공고 PDF p.1 > 최초 입주 시기 항목,최초 입주 시기 2018년 11월 (하남미사 대상),occupancy_planned_block,2018-11,month,,block,high,verified,A24와 A25의 최초 입주시기가 달라 블록별 레코드로 분리,A10,E1-A10,2G_historical,https://apply.lh.or.kr/lhapply/apply/wt/wrtanc/list.do (myhome pblancId=920),pdf,2018-11-30,2018-11-01,2018-11-30,,최초 입주 시기 2018년 11월,200,164969,data/staged/pdf_text/fe6a75eea6be0515dd7aae147197495ec4ecbc0e96e953f867d6a3d269c7dcbd.txt,Y_NORMALIZED,0.98,,,FALSE,1,,A24,v1,superseded,,,,,,,,,입주자모집공고/공급정보의 입주예정일,planned_block,unverified,ai_extraction_pending_human_page_check,,,data/raw/evidence/미사강변도시 A24블록 10년 공공임대주택리츠 입주자 모집.pdf,fe6a75eea6be0515dd7aae147197495ec4ecbc0e96e953f867d6a3d269c7dcbd,,,,,,,myhome pblancId=920 PDF 추출 txt,,,,,,TRUE,parkd,2026-09-02T20:22:00+09:00,A1B1C1D1E1,,,,https://m.cafe.daum.net/apt3456/QdJA/3363,,
SRC-E1-B01,화성 동탄2,국토교통부 보도자료,「수원호매실·화성동탄2 광역교통 특별대책」 발표,국토교통부,2022-10-26,2026-08-31T21:16:29+09:00,https://www.molit.go.kr/LCMS/DWN.jsp?fold=koreaNews/mobile/file&fileName=221026%28%EC%84%9D%EA%B0%84%29_%EC%88%98%EC%9B%90_%ED%98%B8%EB%A7%A4%EC%8B%A4_%ED%99%94%EC%84%B1_%EB%8F%99%ED%83%842_%EA%B4%91%EC%97%AD%EA%B5%90%ED%86%B5%ED%8A%B9%EB%B3%84%EB%8C%80%EC%B1%85_%EB%B0%9C%ED%91%9C%28%EA%B4%91%EC%97%AD%EA%B5%90%ED%86%B5%EC%A0%95%EC%B1%85%EA%B3%BC%29.pdf,data/raw/evidence/refetched/E1-B01.pdf,ee97d54c55cef1585e0d54df1a891d04e68b3dbdc1c8fcde9b4cbc7ef7087556,수원호매실·화성동탄2 광역교통 특별대책 첨부1 p.1,「수원호매실·화성동탄2 광역교통 특별대책」 2023년 상반기까지 서울 방면 광역버스 4개 노선 9대를 증차한다.,basic_service,2023년 상반기,half_year,express_bus,district,high,verified,"원문 PDF 첨부파일 존재; 광역버스 4개노선 9대 증차 약속 - GTX-A(canon rail) 축과 다른 대중교통 서비스, basic_service로 재분류",B01,E1-B01,2G_historical,https://molit.go.kr/USR/NEWS/m_71/dtl.jsp?lcmspage=2&id=95087345,pdf,2023-06-30,2023-01-01,2023-06-30,동탄 서울방면 광역버스,2023년 상반기까지 서울 방면 광역버스 4개 노선 9대를 증차,200,507009,C:\Users\parkd\Documents\Codex\2026-08-20\files-mentioned-by-the-user-30-2\evidence\text\E1-B01.txt,Y_NORMALIZED,0.98,,,FALSE,1,,,,,,https://www.molit.go.kr/portal/common/download/DownloadMltm2.jsp?FilePath=/upload/portal/DextUpload/202210/20221026_094014_110.hwpx&FileName=221026(%EC%84%9D%EA%B0%84)_%EC%88%98%EC%9B%90_%ED%98%B8%EB%A7%A4%EC%8B%A4_%ED%99%94%EC%84%B1_%EB%8F%99%ED%83%842_%EA%B4%91%EC%97%AD%EA%B5%90%ED%86%B5%ED%8A%B9%EB%B3%84%EB%8C%80%EC%B1%85_%EB%B0%9C%ED%91%9C(%EA%B4%91%EC%97%AD%EA%B5%90%ED%86%B5%EC%A0%95%EC%B1%85%EA%B3%BC).hwpx,data/raw/evidence/imported/SRC-H003/221026(석간)_수원_호매실_화성_동탄2_광역교통특별대책_발표(광역교통정책과).hwpx,74559c5998f914659f03ac463e5d3dcc84711904e8cf927c4592cff20c181fcb,,,,,,promise_source,verified,local_hwpx_xml,2026-09-02T18:00:00+09:00,,,,,,,,,,E1-B01.txt,,,,,year,TRUE,parkd,2026-09-02T20:11:00+09:00,A1B1C1D1E1,,,,,,
SRC-E1-B02,화성 동탄2,국토교통부 보도자료,수원 호매실[17일]·화성 동탄2지구[21일] 광역교통 주민간담회 개최,국토교통부,2022-06-16,2026-09-02T18:00:00+09:00,https://www.molit.go.kr/USR/NEWS/m_71/dtl.jsp?id=95086846,data/raw/evidence/220617(조간)_호매실_동탄2_광역교통_개선을_위해_주민의견_듣는다(광역교통정책과).pdf,ea078d9bb489eb228f003f5675c7825a8b6223f409e3dad8375bcf6a9e780378,PDF p.1,서울 방면 등에 대한 광역버스 증차,plan_confirmation,,unknown,multimodal,district,high,rejected,"공식 PDF 확보; 2022-06-21은 주민간담회 날짜이며 교통시설 완공·개통 목표일이 아님; 화성동탄2 대책 확정 문서 (rejected, 완공목표 부재) - plan_confirmation absent",B02,E1-B02,2G_historical,https://www.molit.go.kr/USR/NEWS/m_71/dtl.jsp?lcmspage=6&id=95086846,pdf,,,,GTX-A 삼성~동탄; 서울방면 광역버스 특별대책,주민간담회를 개최할 계획이다; 특별 대책을 마련하고 있다,200,323021,data/staged/pdf_text/ea078d9bb489eb228f003f5675c7825a8b6223f409e3dad8375bcf6a9e780378.txt,PARAPHRASE_CONTEXT,0.467,MISSING_MODE_LINE_SCOPE,completion_target_absent,FALSE,1,,,,,,https://www.molit.go.kr/LCMS/DWN.jsp?fold=koreaNews/mobile/file&fileName=220617%28%EC%A1%B0%EA%B0%84%29_%ED%98%B8%EB%A7%A4%EC%8B%A4_%EB%8F%99%ED%83%842_%EA%B4%91%EC%97%AD%EA%B5%90%ED%86%B5_%EA%B0%9C%EC%84%A0%EC%9D%84_%EC%9C%84%ED%95%B4_%EC%A3%BC%EB%AF%BC%EC%9D%98%EA%B2%AC_%EB%93%A3%EB%8A%94%EB%8B%A4%28%EA%B4%91%EC%97%AD%EA%B5%90%ED%86%B5%EC%A0%95%EC%B1%85%EA%B3%BC%29.pdf,data/raw/evidence/220617(조간)_호매실_동탄2_광역교통_개선을_위해_주민의견_듣는다(광역교통정책과).pdf,ea078d9bb489eb228f003f5675c7825a8b6223f409e3dad8375bcf6a9e780378,,,,,,promise_source,unverified,ai_extraction_pending_human_page_check,,PDF-024,data/raw/evidence/220617(조간)_호매실_동탄2_광역교통_개선을_위해_주민의견_듣는다(광역교통정책과).pdf,ea078d9bb489eb228f003f5675c7825a8b6223f409e3dad8375bcf6a9e780378,sha256,1.0,matched_existing,success,2,1616,,,,,,absent,,,,,,,,,,
SRC-E1-B03,김포 한강,국토교통부 보도자료,"[참고] 서부권 2기 신도시(김포한강, 인천검단) 교통개선 대책",국토교통부,2021-06-29,2026-08-31T21:16:29+09:00,https://www.molit.go.kr/LCMS/DWN.jsp?fold=koreaNews/mobile/file&fileName=210629%2815%EC%8B%9C%EC%9D%B4%ED%9B%84%29%EC%84%9C%EB%B6%80%EA%B6%8C+2%EA%B8%B0+%EC%8B%A0%EB%8F%84%EC%8B%9C+%28%EA%B9%80%ED%8F%AC%ED%95%9C%EA%B0%95_%EC%9D%B8%EC%B2%9C%EA%B2%80%EB%8B%A8%29+%EA%B5%90%ED%86%B5%EA%B0%9C%EC%84%A0+%EB%8C%80%EC%B1%85%28%EA%B4%91%EC%97%AD%EC%8B%9C%EC%84%A4%EC%9A%B4%EC%98%81%EA%B3%BC%29.pdf,data/raw/evidence/210629(15시이후)서부권 2기 신도시 (김포한강_인천검단) 교통개선 대책(광역시설운영과).pdf,f54821ed2da56cc09c6281ab080ed96a84252a1fad9af1fff9c07bb78913eb1f,"첨부 1번, p.1","보 도 참 고 자 료 배포일시2021.6.29.(화)/총8매(본문5,참고3)담당부서광역시설운영과담당자∙과장박병석,사무관정재웅∙☎(044)201-5100,5102광역교통정책과담당자∙과장손덕환,서기관양찬윤∙☎(044)201-5045,5046철도정책과담당자∙과장이우제,서기관백승록∙☎(044)201-3938,3940보 도 일 시2021년 6월 29일(화) 15:00 이후부터 보도 가능합니다. 서부권 2기 신도시(김포한강, 인천검단) 교통개선 대책<교통수단연계성고려한종합대책마련,철도망계획등반영>-서부권광역급행장기역∼부천운동장역신설,여의도․용산등직결운행추진-인천2호선통해GTX-A환승연계,강남권까지약30∼40분으로단축-서울5호선연장추가검토,광역버스․BTX․광역도로등확충추진 □국토교통부(장관노형욱)는김포골드라인의높은혼잡도및검단신도시입주(’21.6월~)등으로교통여건개선에대한요구가높았던서부권2기신도시(김포한강신도시,검단신도시)에대해,ㅇ철도․버스․도로등종합적인교통개선대책을마련하고제4차국가철도망구축계획및제4차광역교통시행계획등에반영하기위한관련위원회심의*를추진중이라고밝혔다.*「제4차국가철도망구축계획」은금일‘철도산업위원회’심의완료「제4차광역교통시행계획」은‘대도시권광역교통위원회’심의진행중□서부권2기신도시의교통개선대책은➊철도의접근성향상을우선으로하되,신속하게도입할수있는➋버스의편의성제고와➌도로․환승센터등인프라확대방안을종합하여마련하였다. ➊ 철도 접근성 향상 ◈서부권광",plan_confirmation,2021년 6월,month,express_bus,district,high,needs_human,원문 PDF 첨부파일 존재,B03,E1-B03,2G_historical,https://molit.go.kr/USR/NEWS/m_71/dtl.jsp?lcmspage=59&id=95085721,pdf,2021-06-30,2021-06-01,2021-06-30,김포한강 광역교통 개선대책,광역교통개선대책 확정,200,803365,C:\Users\parkd\Documents\Codex\2026-08-20\files-mentioned-by-the-user-30-2\evidence\text\E1-B03.txt,PARAPHRASE_CONTEXT,0.636,PARAPHRASE; 파일형식불일치; 인용문:N,,FALSE,1,,,,,,https://www.molit.go.kr/LCMS/DWN.jsp?fold=koreaNews/mobile/file&fileName=210629%2815%EC%8B%9C%EC%9D%B4%ED%9B%84%29%EC%84%9C%EB%B6%80%EA%B6%8C+2%EA%B8%B0+%EC%8B%A0%EB%8F%84%EC%8B%9C+%28%EA%B9%80%ED%8F%AC%ED%95%9C%EA%B0%95_%EC%9D%B8%EC%B2%9C%EA%B2%80%EB%8B%A8%29+%EA%B5%90%ED%86%B5%EA%B0%9C%EC%84%A0+%EB%8C%80%EC%B1%85%28%EA%B4%91%EC%97%AD%EC%8B%9C%EC%84%A4%EC%9A%B4%EC%98%81%EA%B3%BC%29.pdf,data/raw/evidence/210629(15시이후)서부권 2기 신도시 (김포한강_인천검단) 교통개선 대책(광역시설운영과).pdf,f54821ed2da56cc09c6281ab080ed96a84252a1fad9af1fff9c07bb78913eb1f,,,,,,promise_source,unverified,,,PDF-022,data/raw/evidence/210629(15시이후)서부권 2기 신도시 (김포한강_인천검단) 교통개선 대책(광역시설운영과).pdf,f54821ed2da56cc09c6281ab080ed96a84252a1fad9af1fff9c07bb78913eb1f,sha256,1.0,matched_existing,success,8,5612,,,,2021-06-30,,absent,,,,,,,,,,
SRC-E1-B04,김포 한강,국토교통부 보도자료,수도권 서부지역의 광역교통 확충 등 지역현안 해결 추진,국토교통부,2022-11-11,2026-08-31T21:16:29+09:00,https://www.molit.go.kr/LCMS/DWN.jsp?fold=koreaNews/mobile/file&fileName=221111%28%EC%84%9D%EA%B0%84%29_%EC%88%98%EB%8F%84%EA%B6%8C_%EC%84%9C%EB%B6%80%EC%A7%80%EC%97%AD%EC%9D%98_%EA%B4%91%EC%97%AD%EA%B5%90%ED%86%B5_%ED%99%95%EC%B6%A9_%EB%93%B1_%EC%A7%80%EC%97%AD%ED%98%84%EC%95%88_%ED%95%B4%EA%B2%B0_%EC%B6%94%EC%A7%84%28%EA%B3%B5%EA%B3%B5%ED%83%9D%EC%A7%80%EC%A1%B0%EC%82%AC%EA%B3%BC%29.pdf,data/raw/evidence/221111(석간)_수도권_서부지역의_광역교통_확충_등_지역현안_해결_추진(공공택지조사과).pdf,d7e578abba3c7c6fe3592dbebdaef288ee0ace8aeb5d4a35909946668e2838f1,"첨부 1번, p.1","배포 일시2022. 11.(금)담당 부서공공주택추진단공공택지조사과책임자과 장 박정혁 (044-201-4442)사무관권인혁(044-201-4443)담당자사무관김호숙(044-201-4548)<총괄>대도시권광역교통위원회광역교통정책과책임자과 장 이주열(044-201-5045)담당자서기관정경인(044-201-5046)보도일시2022년 11월 11일(금) 석간부터 보도하여 주시기 바랍니다.※ 통신‧방송‧인터넷은 11. 11.(금) 11:00 이후 보도 가능수도권 서부지역의 광역교통 확충 등 지역현안 해결 추진- 서울5호선ᆞGTX 등과 연계한 김포한강2 콤팩트시티 조성 -□국토교통부(장관 원희룡)는 수도권 서부지역의 대표적인 지역현안 사업으로 꼽혔던 서울5호선 연장 등 광역교통 확충을 본격적으로 추진하여 지역의 심각한 교통난을 근본적으로 해결해나갈 계획이라고 밝혔다.□김포시 등 수도권 서부지역은 그간 서울과 연접한 지리적 이점에도 불구하고 광역교통대책이 부족하여 도시철도 등 대중교통을 활용하여 서울 도심으로 접근하기가 어려운 측면이 있었다. ㅇ김포한강신도시 조성에 따른 광역교통개선대책으로 김포골드라인(양촌 ↔ 김포공항)이 `19년 개통되어 서울로의 접근성이 다소 용이해졌으나, 경전철(2량) 수송력의 한계로 인해 여전히 출근시간대 극심한 혼잡이 발생하고 있다.< ’21년 도시철도 최대혼잡도 상위 5개 노선 및 구간 >노선김포골드라인9호선4호선2호선",plan_confirmation,2022년 11월,month,rail,district,high,needs_human,원문 PDF 첨부파일 존재,B04,E1-B04,2G_historical,https://www.molit.go.kr/USR/NEWS/m_71/dtl.jsp?id=95087432,pdf,2022-11-30,2022-11-01,2022-11-30,김포한강2 철도 연계대책,김포한강2 콤팩트시티 조성,200,1152620,C:\Users\parkd\Documents\Codex\2026-08-20\files-mentioned-by-the-user-30-2\evidence\text\E1-B04.txt,PARAPHRASE_CONTEXT,0.8,PARAPHRASE; 파일형식불일치; 인용문:N,,FALSE,1,,,,,,https://www.molit.go.kr/LCMS/DWN.jsp?fold=koreaNews/mobile/file&fileName=221111%28%EC%84%9D%EA%B0%84%29_%EC%88%98%EB%8F%84%EA%B6%8C_%EC%84%9C%EB%B6%80%EC%A7%80%EC%97%AD%EC%9D%98_%EA%B4%91%EC%97%AD%EA%B5%90%ED%86%B5_%ED%99%95%EC%B6%A9_%EB%93%B1_%EC%A7%80%EC%97%AD%ED%98%84%EC%95%88_%ED%95%B4%EA%B2%B0_%EC%B6%94%EC%A7%84%28%EA%B3%B5%EA%B3%B5%ED%83%9D%EC%A7%80%EC%A1%B0%EC%82%AC%EA%B3%BC%29.pdf,data/raw/evidence/221111(석간)_수도권_서부지역의_광역교통_확충_등_지역현안_해결_추진(공공택지조사과).pdf,d7e578abba3c7c6fe3592dbebdaef288ee0ace8aeb5d4a35909946668e2838f1,,,,,,promise_source,unverified,,,PDF-026,data/raw/evidence/221111(석간)_수도권_서부지역의_광역교통_확충_등_지역현안_해결_추진(공공택지조사과).pdf,d7e578abba3c7c6fe3592dbebdaef288ee0ace8aeb5d4a35909946668e2838f1,sha256,1.0,matched_existing,success,8,6003,,,,2022-11-30,,absent,,,,,,,,,,
SRC-E1-B05,위례,국토교통부 보도자료,위례신도시 노면전차 사업으로 교통이 편리해진다,국토교통부,2022-11-28,2026-09-02T18:00:00+09:00,https://www.molit.go.kr/mta/USR/N0201/m_36770/dtl.jsp?lcmspage=1&id=95087500,data/raw/evidence/documents/target_refresh_20260902/SRC-E1-B05_2026-09-02.html,e32fe204aa721434cbce9866f87f1abebdb0b8a4b6f6ed5981c0e92cdd3244e6,보도자료 본문,’22년 11월 사업을 본격 착공하여 ’25년 9월 개통할 예정이다.,,2025-09,month,tram,corridor,high,duplicate,제시된 URL은 2014-05-15 광역교통대책 확정 자료가 아니라 2022-11-28 위례선 사업계획 승인 자료; canonical SRC-E1-C05와 중복; 중복 행 - event_type 비움 (canon promise는 E1-C05/C06),B05,E1-B05,2G_historical,https://www.yna.co.kr/view/AKR20140515134000003,html,2025-09-30,2025-09-01,2025-09-30,위례선 트램,’25년 9월 개통할 예정이다,200,23025,data/staged/html_text/e32fe204aa721434cbce9866f87f1abebdb0b8a4b6f6ed5981c0e92cdd3244e6.txt,TEXT_FAIL,0,MISSING_MODE_LINE_SCOPE,,FALSE,1,SRC-E1-C05,,,,,,,,,,,,,promise_source,unverified,ai_extraction_pending_human_page_check,,,,,,,,,,,,,,,,,,,,,,,,,,
SRC-E1-B06,위례,지자체 페이지,위례신도시 광역교통 개선대책,송파구청,2022-10-11,2026-08-31T21:16:29+09:00,https://www.songpa.go.kr/www/contents.do?key=3343&,data/raw/evidence/documents/위례/2022-10-11_위례신도시_광역교통_개선대책.html,d525efe8604cad985bae0ae4894829116ca3a99fb4e9b575ad4734fcf05434eb,위례 광역교통개선대책 변경확정 문서 본문 (2014-05-12 대광위 심의 완료),위례신도시 광역교통개선대책 변경(안)이 2014년 5월 12일 대도시권광역교통위원회 심의를 거쳐 확정되었다. 발생교통량 34만대 대응.,plan_confirmation,2014.5.12,day,rail,district,high,verified,원문 직접 확인; promise_linkage는 파생 테이블로 분리하고 원문은 promise_date로 보존,B06,E1-B06,2G_historical,https://www.songpa.go.kr/www/contents.do?key=3343&,html,2014-05-12,2014-05-12,2014-05-12,위례 광역교통개선대책(복수 노선),2014.5.12 광역교통개선대책 변경 확정,200,517093,evidence/text/2022-10-11_위례신도시_광역교통_개선대책.txt,Y_NORMALIZED,0.98,,,FALSE,v1,,,,,,https://www.songpa.go.kr/www/contents.do?key=3343&,data/raw/evidence/송파구청 - 분야별정보 - 주택_도시 - 교통대책 - 위례신도시 광역교통 개선대책.pdf,7e77caac8ab8aadaad63f26fe2d9c7bb2754b437be598bcb82795b95a75c5d21,,,,,,canon_promise_v1,unverified,,,PDF-093,data/raw/evidence/송파구청 - 분야별정보 - 주택_도시 - 교통대책 - 위례신도시 광역교통 개선대책.pdf,7e77caac8ab8aadaad63f26fe2d9c7bb2754b437be598bcb82795b95a75c5d21,source_url,0.99,matched_existing,success,2,1730,,,,2014-05-12,,absent,TRUE,parkd,2026-09-02T20:22:00+09:00,A1B1C1D1E1,,,,,,
SRC-E1-B07,남양주 다산,국토교통부 보도자료,남양주왕숙·고양창릉 신도시 교통대책 확정!,국토교통부,2020-12-29,2026-08-31T21:16:29+09:00,https://www.molit.go.kr/mta/USR/N0201/m_36770/dtl.jsp?lcmspage=2&id=95084988,data/raw/evidence/documents/남양주 다산/2020-12-29_남양주왕숙_고양창릉_신도시_교통대책_확정_.html,773ef92a950674c20a9fb0ee461fea3e5344baeb0c2fb6d8346a5011f0d3c107,국토부 2020-12-29 보도자료 본문 상단 헤드라인 + 남양주왕숙·고양창릉 교통대책 확정 문단,"남양주왕숙·고양창릉 신도시 교통대책 확정! 도시철도, GTX 등으로 서울도심 30분대 접근 가능 3기 신도시 등 수도권 주택공급계획 차질 없이 추진 중",plan_confirmation,2020-12-29,day,rail,adjacent_corridor,high,verified,"원문 직접 확인; evidence_role=context_only (왕숙 대책, 다산에 대한 구속력 없음)",B07,E1-B07,2G_historical,https://www.molit.go.kr/mta/USR/N0201/m_36770/dtl.jsp?lcmspage=2&id=95084988,html,2020-12-29,2020-12-29,2020-12-29,강동하남남양주선,남양주왕숙 광역교통개선대책 확정,200,35788,evidence/text/2020-12-29_남양주왕숙_고양창릉_신도시_교통대책_확정_.txt,Y_NORMALIZED,0.98,,,FALSE,1,,,,,,,,,,,,,,context_only,unverified,,,,,,,,,,,,2020-12-29_남양주왕숙_고양창릉_신도시_교통대책_확정_.txt,,,2020-12-29,,absent,TRUE,parkd,2026-09-02T20:11:00+09:00,A1B1C1D1E1,,,,,,
SRC-E1-B08,남양주 다산,국토교통부 보도자료,"8월 별내선 개통, 버스 18개 노선 · 34대 증차 … 수도권 동부지역 출퇴근 30분 시대",국토교통부 대도시권광역교통위원회,2024-07-18,2026-09-02T18:00:00+09:00,https://www.korea.kr/news/policyNewsView.do?newsId=148931611,data/raw/evidence/240719(조간)_수도권_동부지역__출퇴근_30분_시대_실현_4.4조원_규모의_철도·도로_사업_본격_추진(광역교통정책과) (1).pdf,c9e00558131c031e6df06cef301f3d81f8c0f0fe4f6eab31b670b0512414feab,남양주시 별내선 개통 연계버스 자료 p.1,"별내선 개통(8.10)에 맞춰 버스 18개 노선, 34대 증차 등 촘촘한 연계환승체계 구축",basic_service,2024-08-10,day,rail,district,high,verified,"정책브리핑 HTML과 국토교통부 보도자료 PDF를 함께 보관; 별내선 개통일 - 연계버스 행은 별도 분리 필요; 별내선 개통 연계버스 증차 (34대) - 별내선 개통(H023/H024, canon actual) 부수 서비스, basic_service로 재분류",B08,E1-B08,2G_historical,https://blog.naver.com/mltmkr/223516805632,pdf,2024-08-10,2024-08-10,2024-08-10,별내선; 다산역 연계버스 9개 노선,개통에 맞춰; 9개 노선 변경 및 16대를 증차한다,200,1953774,data/staged/pdf_text/c9e00558131c031e6df06cef301f3d81f8c0f0fe4f6eab31b670b0512414feab.txt,Y_NORMALIZED,0.98,,,FALSE,1,,,,,,,data/raw/evidence/documents/target_refresh_20260902/SRC-E1-B08_2026-09-02.html,1d72cd00dd83924f534a60db0f3228ed118a03cc18de266843584d3cef9dda90,,,,,,promise_source,unverified,ai_extraction_pending_human_page_check,,,data/raw/evidence/240719(조간)_수도권_동부지역__출퇴근_30분_시대_실현_4.4조원_규모의_철도·도로_사업_본격_추진(광역교통정책과) (1).pdf,c9e00558131c031e6df06cef301f3d81f8c0f0fe4f6eab31b670b0512414feab,,,,,,,연계버스 발표자료 추출 txt,,,,,,TRUE,parkd,2026-09-02T20:22:00+09:00,A1B1C1D1E1,,,,,,
SRC-E1-B09,하남 미사,국토교통부 보도자료,"하남교산 신도시, 과천지구 광역교통개선대책 확정",국토교통부,2020-05-21,2026-08-31T21:16:29+09:00,https://www.molit.go.kr/LCMS/DWN.jsp?fold=koreaNews/mobile/file&fileName=200521%2814%EC%8B%9C%EC%9D%B4%ED%9B%84%29+%ED%95%98%EB%82%A8%EA%B5%90%EC%82%B0+%EC%8B%A0%EB%8F%84%EC%8B%9C_%EA%B3%BC%EC%B2%9C%EC%A7%80%EA%B5%AC+%EA%B4%91%EC%97%AD%EA%B5%90%ED%86%B5%EA%B0%9C%EC%84%A0%EB%8C%80%EC%B1%85+%ED%99%95%EC%A0%95%28%EA%B3%B5%EA%B3%B5%ED%83%9D%EC%A7%80%EA%B8%B0%ED%9A%8D%EA%B3%BC%29.pdf,data/raw/evidence/refetched/E1-B09.pdf,bc80d2e3ee3dadbec345a636c7840673b07f8bc9da12f3a14d21a33c94ed5d33,"첨부 1번, p.1","배포일시2020.5.21(목)/총6매(본문6)담당부서공공택지기획과담당자∙과장 김승범,사무관 하태아,주무관 유경석∙☎ (044)201-4505,4526,3356광역교통정책과∙과장 손덕환,사무관 김인규,주무관 양은혜∙☎ (044)201-5045,5056,5057보 도 일 시2020년 05월 22일(금) 조간부터 보도하여 주시기 바랍니다.※ 통신‧방송‧인터넷은 5월 21일(목) 14:00 이후 보도 가능하남교산 신도시, 과천지구 광역교통개선대책 확정- 지하철, 환승센터 등을 통해 서울 도심 30분대 접근 가능한 교통대책 완비 -□국토교통부(장관 김현미)는 대도시권광역교통위원회(위원장 최기주)심의(‘20.5.8)를 거쳐 하남교산 3기 신도시(3만 2천호)와 과천지구(7천호)광역교통개선대책을 확정하였다.ㅇ광역교통개선대책은 신도시 조성 및 신규 교통대책 추진에 따른 교통량변화 등에 대한 교통전문기관 용역,한국교통연구원(KOTI)검증,지방자치단체 협의,위원회 심의등을 거쳐 확정되었다.□3기 신도시 광역교통개선대책은잠실․강남 등 서울 도심까지 30분내 출퇴근이 가능하도록지하철 등 대중교통 투자를 확대하고,지구지정부터 대책확정까지 15개월 이상 소요되던 기간을대폭 단축하였다.사업추진 과정에서 시행착오를 최소화하기 위해 지방자치단체와 사업계획을 함께 수립하여 광역교통시설의 적기 준공을 도모하였다.ㅇ또한,지하철 개통 전 입주 초기에 입주민들의 교통 불편",plan_confirmation,2020-05-21,day,rail,adjacent_corridor,high,needs_human,원문 PDF 첨부파일 존재 | 하남 교산 대책을 하남 미사의 직접 약속으로 사용하지 않음; pairable=False; pairable=FALSE 유지 (하남미사 구속력 없음),B09,E1-B09,2G_historical,https://www.molit.go.kr/USR/NEWS/m_71/dtl.jsp?lcmspage=19&id=95083918,pdf,2020-05-21,2020-05-21,2020-05-21,송파하남선,하남교산 신도시 광역교통개선대책 확정,200,397019,C:\Users\parkd\Documents\Codex\2026-08-20\files-mentioned-by-the-user-30-2\evidence\text\E1-B09.txt,PARAPHRASE_CONTEXT,0.882,MISSING_MODE_LINE_SCOPE; 파일형식불일치; 인용문:N,,FALSE,1,,,,,,https://www.molit.go.kr/mta/USR/N0201/m_36770/dtl.jsp?id=95083918&lcmspage=88,data/raw/evidence/200521(14시이후) 하남교산 신도시_과천지구 광역교통개선대책 확정(공공택지기획과).pdf,fb08785a7962ad8088d930c4598ac1d095187eb34f7a52ea2b675bb0f5fc72cc,,,,,,promise_source,verified,local_pdf_text,2026-09-02T18:00:00+09:00,PDF-017,data/raw/evidence/200521(14시이후) 하남교산 신도시_과천지구 광역교통개선대책 확정(공공택지기획과).pdf,fb08785a7962ad8088d930c4598ac1d095187eb34f7a52ea2b675bb0f5fc72cc,sha256,1.0,matched_existing,success,7,3970,,,,2020-05-21,,absent,,,,,,,,,,
SRC-E1-B10,하남 미사,국토교통부 보도자료,"하남미사지구 광역교통개선대책 변경, 확정된 바 없어",국토교통부,2014-03-19,2026-09-02T18:00:00+09:00,https://www.korea.kr/briefing/policyBriefingView.do?newsId=148775695,data/raw/evidence/documents/target_refresh_20260902/SRC-E1-B10_2026-09-02.html,1929aa409048a60bb18bcd573aa1d833e8f5288a2dc71c67de384878e9c0e983,보도자료 본문; 저장 원문 문맥,하남미사지구 광역교통개선대책 변경은 현재까지 방침이 확정된 바 없으며 전문가의 충분한 검토를 거쳐 결정할 계획이라고 밝혔다.,plan_confirmation,,unknown,road,corridor,high,rejected,공식 해명자료는 방침 미확정 상태만 확인하며 시설 완공·개통 목표일은 제시하지 않음; 하남미사 광역교통대책 변경 방침 미확정 상태 서술 - plan_confirmation absent로 재분류. canon promise는 H028,B10,E1-B10,2G_historical,https://www.korea.kr/briefing/policyBriefingView.do?newsId=148775695,html,,,,천호대로 지하차도 변경 검토,결정할 계획,200,151586,data/staged/html_text/1929aa409048a60bb18bcd573aa1d833e8f5288a2dc71c67de384878e9c0e983.txt,Y,1,MISSING_MODE_LINE_SCOPE,completion_target_absent,FALSE,1,,,,,,https://www.korea.kr/common/searchPrint.do,"data/raw/evidence/하남미사지구 광역교통개선대책 변경, 확정된 바 없어.pdf",8c8756bf0041e944a8ce2c1e3d1d8e3aa16e34722cd7c5643a68f09fb3e5a5d9,,,,,,promise_source,unverified,ai_extraction_pending_human_page_check,,PDF-106,"data/raw/evidence/하남미사지구 광역교통개선대책 변경, 확정된 바 없어.pdf",8c8756bf0041e944a8ce2c1e3d1d8e3aa16e34722cd7c5643a68f09fb3e5a5d9,targeted_manual_mapping,1.0,,,,,,,,,,absent,,,,,,,,,,
SRC-E1-C01,화성 동탄2,언론 단서,화성 동탄신도시∼김포공항 버스 노선 내달 1일부터 운행,연합뉴스,2023-01-31,2026-09-02T18:00:00+09:00,,data/raw/evidence/화성 동탄신도시∼김포공항 버스 노선 내달 1일부터 운행 _ 연합뉴스.pdf,e8f57f80285b5bdd4a7c065b26e86816a49adf47b0621eb892b91b0ed574c58a,PDF p.1,경기 화성 동탄신도시에서 김포공항을 연결하는 8840번 공항버스가 내달 1일 운행을 시작한다.,basic_service,2023-02-01,day,express_bus,corridor,medium,rejected,"단서기사: https://www.yna.co.kr/view/AKR20230131105400061 ; 공식 화성시·운영기관 운행개시 원문 미확보; 8840번 공항버스 (rejected, 공식 문서 부재) - 서비스 서술 유지 basic_service로 재분류",C01,E1-C01,2G_historical,화성시 공지 URL 필요,pdf,2023-02-01,2023-02-01,2023-02-01,8840번 동탄~김포공항 공항버스,2월 1일 운행을 시작,200,438687,data/staged/pdf_text/e8f57f80285b5bdd4a7c065b26e86816a49adf47b0621eb892b91b0ed574c58a.txt,TEXT_FAIL,0,QUARANTINED,official_operation_source_missing,FALSE,1,,,,,,,data/raw/evidence/화성 동탄신도시∼김포공항 버스 노선 내달 1일부터 운행 _ 연합뉴스.pdf,e8f57f80285b5bdd4a7c065b26e86816a49adf47b0621eb892b91b0ed574c58a,,,,,,operation_start,unverified,ai_extraction_pending_human_page_check,,PDF-111,data/raw/evidence/화성 동탄신도시∼김포공항 버스 노선 내달 1일부터 운행 _ 연합뉴스.pdf,e8f57f80285b5bdd4a7c065b26e86816a49adf47b0621eb892b91b0ed574c58a,source_url,0.99,matched_existing,success,2,1128,,,,,,,,,,,,,,,,
SRC-E1-C02,화성 동탄2,언론 단서,화성 동탄~김포공항 연결하는 '8840번' 버스… 2월1일부터,연합뉴스,2023-01-31,2026-09-02T18:00:00+09:00,,data/raw/evidence/화성 동탄신도시∼김포공항 버스 노선 내달 1일부터 운행 _ 연합뉴스.pdf,e8f57f80285b5bdd4a7c065b26e86816a49adf47b0621eb892b91b0ed574c58a,PDF p.1,경기 화성 동탄신도시에서 김포공항을 연결하는 8840번 공항버스가 내달 1일 운행을 시작한다.,basic_service,2023-02-01,day,express_bus,corridor,medium,duplicate,단서기사: https://www.yna.co.kr/view/AKR20230131105400061 ; 공식 화성시·운영기관 운행개시 원문 미확보; 8840번 공항버스 duplicate - basic_service로 재분류 (canon actual은 H005 GTX-A),C02,E1-C02,2G_historical,화성시 공지 URL 필요,pdf,2023-02-01,2023-02-01,2023-02-01,8840번 동탄~김포공항 공항버스,2월 1일부터 운행,200,438687,data/staged/pdf_text/e8f57f80285b5bdd4a7c065b26e86816a49adf47b0621eb892b91b0ed574c58a.txt,TEXT_FAIL,0,QUARANTINED,,FALSE,1,SRC-E1-C01,,,,,,,,,,,,,operation_start,unverified,ai_extraction_pending_human_page_check,,,data/raw/evidence/화성 동탄신도시∼김포공항 버스 노선 내달 1일부터 운행 _ 연합뉴스.pdf,e8f57f80285b5bdd4a7c065b26e86816a49adf47b0621eb892b91b0ed574c58a,,,,,,,,,,,,,,,,,,,,,,
SRC-E1-C03,김포 한강,운영기관 공지,"8849번(하남-미사-김포,인천공항) 운행시간 정보",하남시,2024-01-02,2026-08-31T21:16:29+09:00,https://www.hanam.go.kr/www/contents.do?key=3262,data/raw/evidence/documents/김포 한강/2024-01-02_8849번_하남-미사-김포_인천공항__운행시간_정보.html,08bd470d778e7846c46e553e410cfe82112162b8754acb030315bc5e98978d3c,김포시 공지사항 본문 > 8849번 통합·폐지 안내 문단,공항버스 8849번은 2024년 1월 2일부터 일부 노선 통합 및 폐지가 시행된다.,basic_service,2024-01-02,day,express_bus,corridor,high,verified,원문 직접 확인; 8849번 공항버스는 김포도시철도(canon rail) 축과 다른 광역버스 서비스 - basic_service로 재분류,C03,E1-C03,2G_historical,https://www.hanam.go.kr/www/contents.do?key=3262,html,2024-01-02,2024-01-02,2024-01-02,,2024년 1월 2일부터 일부 노선 통합 및 폐지,200,309650,evidence/text/2024-01-02_8849번_하남-미사-김포_인천공항__운행시간_정보.txt,Y_NORMALIZED,0.98,,,FALSE,1,,,,,,https://www.hanam.go.kr/www/contents.do?key=3262,"data/raw/evidence/8849번(하남-미사-김포,인천공항) - 하남시청.pdf",7ffd1f81084ea1df1f970a4b81c950d8c381769be3c0f1ef2ab578354b184249,,,,,,operation_start,unverified,,,PDF-035,"data/raw/evidence/8849번(하남-미사-김포,인천공항) - 하남시청.pdf",7ffd1f81084ea1df1f970a4b81c950d8c381769be3c0f1ef2ab578354b184249,source_url,0.99,matched_existing,success,3,1902,2024-01-02_8849번_하남-미사-김포_인천공항__운행시간_정보.txt,,,,,,TRUE,parkd,2026-09-02T20:11:00+09:00,A1B1C1D1E1,,,,,,
SRC-E1-C04,김포 한강,언론 단서,화성 동탄신도시∼김포공항 버스 노선 내달 1일부터 운행,연합뉴스,2023-01-31,2026-09-02T18:00:00+09:00,,data/raw/evidence/화성 동탄신도시∼김포공항 버스 노선 내달 1일부터 운행 _ 연합뉴스.pdf,e8f57f80285b5bdd4a7c065b26e86816a49adf47b0621eb892b91b0ed574c58a,PDF p.1,경기 화성 동탄신도시에서 김포공항을 연결하는 8840번 공항버스가 내달 1일 운행을 시작한다.,basic_service,2023-02-01,day,express_bus,corridor,medium,rejected,단서기사: https://www.yna.co.kr/view/AKR20230131105400061 ; 공식 화성시·운영기관 운행개시 원문 미확보; 김포공항 연결 노선은 김포한강지구 운행 개시 증거가 아님; 김포 rejected 부수 이벤트 - basic_service로 재분류,C04,E1-C04,2G_historical,화성시 공지 URL 필요,pdf,2023-02-01,2023-02-01,2023-02-01,8840번 동탄~김포공항 공항버스,2월 1일 운행을 시작,200,438687,data/staged/pdf_text/e8f57f80285b5bdd4a7c065b26e86816a49adf47b0621eb892b91b0ed574c58a.txt,TEXT_FAIL,0,QUARANTINED,development_scope_mismatch,FALSE,1,,,,,,,,,,,,,,operation_start,unverified,ai_extraction_pending_human_page_check,,,data/raw/evidence/화성 동탄신도시∼김포공항 버스 노선 내달 1일부터 운행 _ 연합뉴스.pdf,e8f57f80285b5bdd4a7c065b26e86816a49adf47b0621eb892b91b0ed574c58a,,,,,,,,,,,,,,,,,,,,,,
SRC-E1-C05,위례,국토교통부 보도자료,"대광위, 28일 위례선 도시철도사업 사업계획 승인·착공… 25년 개통",국토교통부 대도시권광역교통위원회,2022-11-28,2026-08-31T21:16:29+09:00,https://www.molit.go.kr/mta/USR/N0201/m_36770/dtl.jsp?lcmspage=1&id=95087500,data/raw/evidence/documents/위례/2022-11-28_대광위__28일_위례선_도시철도사업_사업계획_승인_착공__25년_개통.html,22dc29dedf04c77cb34775024aa5ad13c497e6c8416d7583bf027987b632af64,HWPX section0 본문 > 위례선(트램) 문단,사업시행자인 서울특별시에서 '22년 11월 사업을 본격 착공하여 '25년 9월 개통할 예정이다.,promise_date,2025년 9월,month,tram,district,high,verified,원문 직접 확인,C05,E1-C05,2G_historical,https://www.molit.go.kr/mta/USR/N0201/m_36770/dtl.jsp?lcmspage=1&id=95087500,html,2025-09-30,2025-09-01,2025-09-30,위례선 트램,’25년 9월 개통할 예정,200,23025,evidence/text/2022-11-28_대광위__28일_위례선_도시철도사업_사업계획_승인_착공__25년_개통.txt,Y_NORMALIZED,0.98,,,FALSE,v2,,,,,,https://www.molit.go.kr/portal/common/download/DownloadMltm2.jsp?FilePath=/upload/portal/DextUpload/202211/20221125_171952_171.hwpx&FileName=221128(%EC%84%9D%EA%B0%84)_%EC%9C%84%EB%A1%80%EC%8B%A0%EB%8F%84%EC%8B%9C_%EB%85%B8%EB%A9%B4%EC%A0%84%EC%B0%A8_%EC%82%AC%EC%97%85%EC%9C%BC%EB%A1%9C_%EA%B5%90%ED%86%B5%EC%9D%B4_%ED%8E%B8%EB%A6%AC%ED%95%B4%EC%A7%84%EB%8B%A4(%EA%B4%91%EC%97%AD%EC%8B%9C%EC%84%A4%EC%A0%95%EC%B1%85%EA%B3%BC).hwpx,data/raw/evidence/imported/SRC-E1-C05/221128(석간)_위례신도시_노면전차_사업으로_교통이_편리해진다(광역시설정책과).hwpx,19d89d604a33493888484f1c76c7edb44f94aa15df511e02e3395ba6666ee11e,,,,,사업계획 승인 보도자료의 개통 예정월,canon_promise_v2,verified,local_hwpx_xml,2026-09-02T18:00:00+09:00,,,,,,,,,,첨부 HWPX 추출 txt (19d89d…),TBD,TBD,,2025-09-30,month,TRUE,parkd,2026-09-02T19:38:00+09:00,A1B1C1D1E1,TRUE,2026-09-02,SRC-E1-C06,,,
SRC-E1-C06,위례,국토교통부 보도자료,"김용석 대광위원장, 위례신도시 광역교통개선대책 점검",국토교통부 대도시권광역교통위원회,2026-02-26,2026-08-31T21:16:29+09:00,https://www.molit.go.kr/USR/NEWS/dtl.jsp?lcmspage=15&id=95091747,data/raw/evidence/documents/위례/2026-02-26_김용석_대광위원장__위례신도시_광역교통개선대책_점검.html,9d33b78322fa981272be62037cfae20837fac617fddb71188aaa84ba0a2b9959,HWPX section0 본문 > 위례선 트램 문단,"본선 시운전을 통해 안전성, 주행 성능 등을 종합 검증 중이며, 이를 토대로 올해 말 개통을 목표로 하고 있다.",promise_date,2026년 말,month,tram,district,low,verified,URL fetch 실패. 내용는 검색결과 스니펫 기반,C06,E1-C06,2G_historical,https://www.molit.go.kr/USR/NEWS/dtl.jsp?lcmspage=15&id=95091747,html,2026-12-31,2026-12-01,2026-12-31,위례선 트램,올해 말 개통을 목표,200,61661,evidence/text/2026-02-26_김용석_대광위원장__위례신도시_광역교통개선대책_점검.txt,Y_NORMALIZED,0.98,,,FALSE,latest,,,,,,https://www.molit.go.kr/portal/common/download/DownloadMltm2.jsp?FilePath=/upload/portal/DextUpload/202602/20260226_170340_608.hwpx&FileName=260226(%EB%8F%99%EC%A0%95)%20%EA%B9%80%EC%9A%A9%EC%84%9D%20%EB%8C%80%EA%B4%91%EC%9C%84%EC%9B%90%EC%9E%A5%20%EC%9C%84%EB%A1%80%EC%8B%A0%EB%8F%84%EC%8B%9C%20%EA%B4%91%EC%97%AD%EA%B5%90%ED%86%B5%EA%B0%9C%EC%84%A0%EB%8C%80%EC%B1%85%20%EC%A0%90%EA%B2%80(%EA%B4%91%EC%97%AD%EA%B5%90%ED%86%B5%EC%A0%95%EC%B1%85%EA%B3%BC).hwpx,data/raw/evidence/imported/SRC-E1-C06/260226(동정) 김용석 대광위원장 위례신도시 광역교통개선대책 점검(광역교통정책과).hwpx;data/raw/evidence/260226(동정) 김용석 대광위원장 위례신도시 광역교통개선대책 점검(광역교통정책과).pdf,6245af210bae8bf40c565532b0aaf7459419510e135d4f5bae17076657055179;dbf2922f167bc6ed4a6e634ca45cd33925611b91d3696fffa35e4263bd88d3ad,,,,,2026-02-26 점검자료의 갱신 목표,canon_promise_final,verified,local_hwpx_xml,2026-09-02T18:00:00+09:00,PDF-034,data/raw/evidence/260226(동정) 김용석 대광위원장 위례신도시 광역교통개선대책 점검(광역교통정책과).pdf,dbf2922f167bc6ed4a6e634ca45cd33925611b91d3696fffa35e4263bd88d3ad,source_url,0.99,matched_existing,success,1,1213,HWPX 추출 txt (6245af…),TBD,TBD,,2026-12-31,month,TRUE,parkd,2026-09-02T19:38:00+09:00,A1B1C1D1E1,,,,,,
SRC-E1-C07,남양주 다산,지자체 공지,다산역 개통에 따른 버스노선 변경 알림,남양주시,2024-07-03,2026-08-31T21:16:29+09:00,https://www.nyj.go.kr/www/selectBbsNttView.do?key=2481&bbsNo=62&nttNo=482937,data/raw/evidence/documents/남양주 다산/2024-07-03_다산역_개통에_따른_버스노선_변경_알림.html,a6d4837d85331f74a95b9c531d00a4408cda460dd10a7dbd2df4eed29ca65a66,남양주 버스노선팀 공지 본문 > 다산역 개통대비 노선변경 문단,다산역 개통대비 다산역 인근 버스노선을 붙임과 같이 원복 및 변경. 노선변경예정일: 2024.07.13.(토) 첫차부터.,basic_service,2024.07.13.,day,bus,corridor,high,verified,"원문 직접 확인; 다산역 개통 대비 버스노선 원복 및 변경 - 별내선 개통(H023/H024) 부수 서비스, basic_service로 재분류",C07,E1-C07,2G_historical,https://www.nyj.go.kr/www/selectBbsNttView.do?key=2481&bbsNo=62&nttNo=482937,html,2024-07-13,2024-07-13,2024-07-13,다산역 연계버스 5개 노선,노선변경예정일: 2024.07.13.(토) 첫차부터,200,308399,evidence/text/2024-07-03_다산역_개통에_따른_버스노선_변경_알림.txt,Y_NORMALIZED,0.98,,,FALSE,1,,,,,,,,,,,,,,operation_start,unverified,,,,,,,,,,,,2024-07-03_다산역_개통에_따른_버스노선_변경_알림.txt,,,,,,TRUE,parkd,2026-09-02T20:11:00+09:00,A1B1C1D1E1,,,,,,
SRC-E1-C08,남양주 다산,지자체 공지,"남양주시, 땡큐버스 등 6개 노선 개편으로 시민 불편 해소",남양주시,2023-02-28,2026-09-02T18:00:00+09:00,https://www.nyj.go.kr/www/selectBbsNttView.do?key=2498&bbsNo=68&pageIndex=405&pageUnit=8&searchCnd=all&nttNo=432164,data/raw/evidence/documents/target_refresh_20260902/SRC-E1-C08_2026-09-02.html,c521312de632ca3c23f97f9c9d70fbf59a7154947a6b3f863e4d08b250f5cf71,"땡큐버스 4개 노선 경로 변경 기사 본문 (2022-12-28 보도, 시행 2023-03-01)",오는 3월 1일부터 시행한다고 28일 밝혔다. 내년 1월 1일부터 땡큐버스 4개 노선 경로 변경.,basic_service,2023-03-01,day,bus,corridor,high,verified,"제시된 공식 URL은 기존 2022-12-29/2023-01-01 후보가 아니라 2023-02-28 공지 및 2023-03-01 시행 자료; 땡큐버스 4개 노선 경로 변경 - 다산 canon(별내선)과 다른 축, basic_service",C08,E1-C08,2G_historical,,html,2023-03-01,2023-03-01,2023-03-01,땡큐11·12·50·60·90번,내년 1월 1일부터 땡큐버스 4개 노선 경로 변경,200,334932,data/staged/html_text/c521312de632ca3c23f97f9c9d70fbf59a7154947a6b3f863e4d08b250f5cf71.txt,Y_NORMALIZED,0.98,,,FALSE,1,,,,,,,,,,,,,,operation_start,unverified,ai_extraction_pending_human_page_check,,,,,,,,,,,c521312… txt,,,,,,TRUE,parkd,2026-09-02T20:22:00+09:00,A1B1C1D1E1,,,,https://m.ekn.kr/view.php?key=20221229010006452,,
SRC-E1-C09,하남 미사,지자체 공지,"하남시, 미사순환 마을버스 노선 개통",하남시,2023-09-18,2026-08-31T21:16:29+09:00,https://www.hanam.go.kr/www/contents.do?key=5540,data/raw/evidence/documents/하남 미사/2023-09-18_하남시__미사순환_마을버스_노선_개통.html,a78261741b0877bb01912251029dd366f3a12629616cc0a470b9063b4f950f75,하남시 미사순환 마을버스 노선 개통 공지,"하남시, 미사순환 마을버스 노선 개통. 2023년 9월 18일에 반시계방향순환 노선이 개통된다.",basic_service,2023-09-18,day,bus,corridor,high,verified,원문 직접 확인; 미사순환 마을버스는 하남선(canon rail) 축과 다른 지역 서비스 - basic_service로 재분류,C09,E1-C09,2G_historical,https://www.hanam.go.kr/www/contents.do?key=5540,html,2023-09-18,2023-09-18,2023-09-18,미사순환 마을버스,2023년 9월 18일에 반시계방향순환 노선이 개통,200,320313,evidence/text/2023-09-18_하남시__미사순환_마을버스_노선_개통.txt,Y_NORMALIZED,0.98,,,FALSE,1,,,,,,https://www.hanam.go.kr/www/contents.do?key=5540,data/raw/evidence/하남시 시내버스 - 하남시청.pdf,8ac431b91d3d060832a9e275cef5f02f8f259cf1b8a41b8716d2cd3bc3ab32d2,,,,,,operation_start,unverified,,,PDF-107,data/raw/evidence/하남시 시내버스 - 하남시청.pdf,8ac431b91d3d060832a9e275cef5f02f8f259cf1b8a41b8716d2cd3bc3ab32d2,source_url,0.99,matched_existing,success,6,3957,2023-09-18_하남시__미사순환_마을버스_노선_개통.txt,,,,,,TRUE,parkd,2026-09-02T20:11:00+09:00,A1B1C1D1E1,,,,,,
SRC-E1-C10,하남 미사,운영기관 공지,"8849번(하남-미사-김포,인천공항) 운행시간 정보",하남시,2024-01-02,2026-08-31T21:16:29+09:00,https://www.hanam.go.kr/www/contents.do?key=3262,data/raw/evidence/documents/김포 한강/2024-01-02_8849번_하남-미사-김포_인천공항__운행시간_정보.html,08bd470d778e7846c46e553e410cfe82112162b8754acb030315bc5e98978d3c,공지 본문; 저장 원문 문맥,"* 6200번(황산사거리-인천공항) * 5500번(감일문화공원- 인천공항) ### 공항버스 8849번 운행시간 안내 BRT환승센터에서 출발하여 김포공항, 인천공항(T1, T2)으로 운행되고 있는 8849번 운행시간 정보합니다. 강조 문 의 처 : BRT환승센터 031-8027-3911 [시행일자 : 2026년 4월 11일 (토)] 공항버스(8849번) 운행시간표 - 순,하남BRT,하남시청,하남시청역·덕풍시장,풍경채1단지·덕풍중학교,미사역,미사강변2차푸르지오·센트리버,김포공항,인천공항(T1),인천공항(T2), 비고순으로 정보 제공 **순번** | **하남BRT",basic_service,2024-01-02,day,express_bus,corridor,high,duplicate,원문 직접 확인; 김포 8849 duplicate 참조 - basic_service로 재분류 (canon actual은 H029 하남선),C10,E1-C10,2G_historical,https://www.hanam.go.kr/www/contents.do?key=3262,html,2024-01-02,2024-01-02,2024-01-02,8849번 공항버스,2024년 1월 2일(화)부터 일부 노선이 통합 및 폐지,200,309650,evidence/text/2024-01-02_8849번_하남-미사-김포_인천공항__운행시간_정보.txt,PARAPHRASE_CONTEXT,0.571,PARAPHRASE; 인용문:N,,FALSE,1,SRC-E1-C03,,,,,,,,,,,,,operation_start,unverified,,,,,,,,,,,,,,,,,,,,,,,,,,,
SRC-E2-A06,인천 계양,공공기관 공고,[정정공고]인천계양 A2블록 공공분양주택 입주자모집공고,LH,2024-09-30,2026-08-31T21:16:29+09:00,https://apply.lh.or.kr/lhapply/lhFile.do?fileid=58985631,data/raw/evidence/(정정공고)인천계양A-2블록공공분양입주자모집공고문.pdf,f7202e924988f383730f245784e37a1ec66f0f54d655fb3b8171c45314389195,PDF p.4 공급대상 표(입주예정시기 '26.12),"※ 입주예정 시기는 공정에 따라 변동될 수 있으며, 정확한 입주 시기는 추후 개별 안내할 예정입니다.",occupancy_planned_block,2026년 12월,month,,block,high,duplicate,원문 직접 확인,A06,E2-A06,3G_forward,https://apply.lh.or.kr/lhapply/apply/wt/wrtanc/selectWrtancInfo.do?panId=0000060752&ccrCnntSysDsCd=02&uppAisTpCd=05&aisTpCd=05&mi=1027,pdf,2026-12-31,2026-12-01,2026-12-31,,입주 예정 시기는 3기 신도시 중 가장 빠른 2026년 12월,200,1486848,C:\Users\parkd\Documents\Codex\2026-08-20\files-mentioned-by-the-user-30-2\evidence\text\20260902\(정정공고)인천계양A-2블록공공분양입주자모집공고문.txt,Y_NORMALIZED,0.98,,,FALSE,1,SRC-E1-A02,A2,v2,latest,SRC-F001,https://apply.lh.or.kr/lhapply/lhFile.do?fileid=58985631,data/raw/evidence/(정정공고)인천계양A-2블록공공분양입주자모집공고문.pdf,f7202e924988f383730f245784e37a1ec66f0f54d655fb3b8171c45314389195,,,,,입주자모집공고 공급대상 표의 입주예정시기,planned_block,verified,local_pdf_text,2026-09-02T18:00:00+09:00,PDF-010,data/raw/evidence/(정정공고)인천계양A-2블록공공분양입주자모집공고문.pdf,f7202e924988f383730f245784e37a1ec66f0f54d655fb3b8171c45314389195,sha256,1.0,matched_existing,success,44,167089,PDF-010 추출 txt,TBD,TBD,,,,,,,,,,,,,
SRC-E2-A07,남양주 왕숙,공공기관 공고,남양주왕숙 A-1블록 공공분양주택 입주자모집공고,LH,2025-07-24,2026-08-31T21:16:29+09:00,https://apply.lh.or.kr/lhapply/apply/wt/wrtanc/selectWrtancInfo.do?panId=0000060920&ccrCnntSysDsCd=02&uppAisTpCd=05&aisTpCd=05&mi=1027,data/raw/evidence/refetched/E2-A07.html,dfe4326c581605d3dfd0a6807e14c2aa9eb1f2fd5234018da250e1ba2741ed62,공고문 본문; 저장 원문 문맥,"고객님의 안전한 개인정보를 위해 자동로그아웃을 합니다. 로그인 시간을 연장하시겠습니까? 연장하기 로그아웃 당첨자조회 예비자조회 공고이력조회 정정공고 바로가기 취소공고 바로가기 목록 남양주왕숙 A-1블록 공공분양주택 입주자모집공고 유의사항본 공고문에 대한 정정 공고문이 있습니다. 정정공고바로가기 버튼을 눌러 확인하여 주시기 바랍니다. 공고상태접수마감 공고일2025.07.24 마감일2025.08.08 유형분양주택 담당부서경기북부지역본부 문의처1600-1004 공고문 남양주왕숙A-1BL공공분양입주자모집공고문(250724).hwp바로보기 남양주왕숙A-1BL공공분양입주자모집공고문(250724).pdf바로보기 다운로드 남양주왕숙A-1BL공공분양팸플릿(250724).pdf바로보기 1.위임장.hwp바로보기 2-1.개인정보수집이용및제3자제공동의서(사전청약당첨자용).hwp바로보기 2-2.개인정보수집이용및제3자제공동의서(본청약자용).hwp바로보기 문서뷰어다운로드 한컴오피스 뷰어 Acrobat Reader DWG 뷰어 공고내용 ■ 이 주택의 입주자모집공고일은 2025.07.24.(목)이며, 이는 청약자격(청약신청, 자격조건의 기간, 나이, 세대구성원, 지역우선, 주택소유 등)의 판단기준일이 됩니다. ■ 공급위치 : 경기도 남양주시 진접읍, 진건읍, 퇴계원읍 일원 남양주왕숙 공공주택지구 내 A-1블록 ■ 공급대상 : 공공분양주택 629세대 (전용 59㎡ 6",occupancy_planned_block,2028년 08월,month,,block,high,duplicate,원문 직접 확인,A07,E2-A07,3G_forward,https://apply.lh.or.kr/lhapply/apply/wt/wrtanc/selectWrtancInfo.do?panId=0000060920&ccrCnntSysDsCd=02&uppAisTpCd=05&aisTpCd=05&mi=1027,html,2028-08-31,2028-08-01,2028-08-31,,입주예정일 : 2028년 08월,200,195523,C:\Users\parkd\Documents\Codex\2026-08-20\files-mentioned-by-the-user-30-2\evidence\text\E2-A07.txt,PARAPHRASE_CONTEXT,0.826,PARAPHRASE; 인용문:N,,FALSE,1,SRC-E1-A02,A-1,v2,superseded,SRC-F007,,,,,,,,입주자모집공고/공급정보의 입주예정일,planned_block,unverified,,,,,,,,,,,,,,,,,,,,,,,,,,,
SRC-E2-A08,하남 교산,공공기관 공고,교산 푸르지오 더 퍼스트(하남교산 A-2BL)공공분양주택 입주자모집공고,LH,2025-03-31,2026-08-31T21:16:29+09:00,https://apply.lh.or.kr/lhapply/apply/wt/wrtanc/selectWrtancInfo.do?aisTpCd=05&ccrCnntSysDsCd=02&mi=1027&panId=0000060855&uppAisTpCd=05,data/raw/evidence/refetched/E2-A08.html,08dd45cadec7c5190d70c69f04a8723764a45beba7ab2fc216d67517dae884f2,공고문 본문; 저장 원문 문맥,"2-1.개인정보수집이용및제3자제공동의서(사전청약당첨자용).hwp바로보기 2-2.개인정보수집이용및제3자제공동의서(본청약자용).hwp바로보기 한컴오피스 뷰어 Acrobat Reader DWG 뷰어 공급정보 하남교산 A2 소재지 : 경기도 하남시 천현동 130 전용면적(㎡) : 51.87 ~ 59.99 총 세대수 : 1,115 난방방식 : 지역난방 입주예정일 : 2029년 06월 단지 관련 이미지 정보 다운로드 버튼을 클릭하여 이미지 파일 다운로드가 가능합니다. 다운로드 상기 이미지는 소비자의 이해를 돕기 위해 제작된 것으로 실제와 다를 수 있습니다. 단지 관련 위치 정보 단지 특장점 단지 특장점 : 교통여건, 교육환경, 편의시설, 부대시설에 대한 정보를 제공합니다 교통여건 입주자모집 공고문 참고 교육환경 입주자모집 공고문 참고 편의시설 입주자모집 공고문 참고 부대시설 입주자모집 공고문 참고 주택형 안내(공공분양) 청약자격 사전확인 바로가기 정정공고 바로가기 취소공고 바로가기 주택형 안내 : 주택형, 전용면적(㎡), 세대수, 금회공급 세대수, 평균분양가격(원), 인터넷청약, 주택형안내에 대한 정보를 제공합니다 주택형 전용면적(㎡) 세대수 금회공급 세대수 평균분양가격(원) 인터넷청약 주택형안내 51.0000O 51.87 343 343 494,468,000 정정 상세보기 55.0000O 55.99 26 26 531,702,000 정정 상세보기",occupancy_planned_block,2029년 06월,month,,block,high,duplicate,원문 직접 확인,A08,E2-A08,3G_forward,https://apply.lh.or.kr/lhapply/apply/wt/wrtanc/selectWrtancInfo.do?aisTpCd=05&ccrCnntSysDsCd=02&mi=1027&panId=0000060855&uppAisTpCd=05,html,2029-06-30,2029-06-01,2029-06-30,,입주예정일 : 2029년 06월,200,192529,C:\Users\parkd\Documents\Codex\2026-08-20\files-mentioned-by-the-user-30-2\evidence\text\E2-A08.txt,PARAPHRASE_CONTEXT,1,PARAPHRASE; 인용문:N,,FALSE,1,SRC-E1-A02,A2,v1,superseded,,,,,,,,,입주자모집공고/공급정보의 입주예정일,planned_block,unverified,,,,,,,,,,,,,,,,,,,,,,,,,,,
SRC-E2-A09,고양 창릉,공공기관 공고,고양창릉 S-4블록 공공분양주택 입주자모집공고,LH,2026-06-30,2026-08-31T21:16:29+09:00,https://apply.lh.or.kr/lhapply/apply/wt/wrtanc/selectWrtancInfo.do?panId=0000061121&ccrCnntSysDsCd=02&uppAisTpCd=05&aisTpCd=05&mi=1027,data/raw/evidence/refetched/E2-A09.html,889eb0c955d3b04442e9440d46fabb3c71e119b73a65e85394374d9dae759cf7,공고문 본문; 저장 원문 문맥,"고객님의 안전한 개인정보를 위해 자동로그아웃을 합니다. 로그인 시간을 연장하시겠습니까? 연장하기 로그아웃 당첨자조회 예비자조회 공고이력조회 정정공고 바로가기 취소공고 바로가기 목록 고양창릉 S-4블록 공공분양주택 입주자모집공고 유의사항본 공고문에 대한 정정 공고문이 있습니다. 정정공고바로가기 버튼을 눌러 확인하여 주시기 바랍니다. 공고상태접수마감 공고일2026.06.30 마감일2026.07.29 유형분양주택 담당부서경기북부지역본부 문의처1600-1004 공고문 고양창릉S-4블록공공분양입주자모집공고문(안).hwp바로보기 고양창릉S-4블록공공분양입주자모집공고문(안).pdf바로보기 다운로드 고양창릉S-4블록공공분양주택팸플릿_공고.pdf바로보기 1.위임장.hwp바로보기 2-1.개인정보수집이용및제3자제공동의서(사전청약당첨자용).hwp바로보기 2-2.개인정보수집이용및제3자제공동의서(본청약자용).hwp바로보기 3.주택취득자금조달및입주계획서.hwp바로보기 문서뷰어다운로드 한컴오피스 뷰어 Acrobat Reader DWG 뷰어 공고내용 ■ 이 주택의 입주자모집공고일은 2026.06.30.(화)이며, 이는 청약자격(청약신청, 자격조건의 기간, 나이, 세대구성원, 지역우선, 주택소유 등)의 판단기준일이 됩니다. ■ 공급위치 :경기도 고양시 덕양구 도내동 외 8개 동 일원 고양창릉 공공주택지구 내 S-4블록 ■ 공급대상 : 공공분양주택 1,024세대 (전",occupancy_planned_block,2030년 03월,month,,block,high,duplicate,원문 직접 확인,A09,E2-A09,3G_forward,https://apply.lh.or.kr/lhapply/apply/wt/wrtanc/selectWrtancInfo.do?panId=0000061121&ccrCnntSysDsCd=02&uppAisTpCd=05&aisTpCd=05&mi=1027,html,2030-03-31,2030-03-01,2030-03-31,,입주예정일 : 2030년 03월,200,199149,C:\Users\parkd\Documents\Codex\2026-08-20\files-mentioned-by-the-user-30-2\evidence\text\E2-A09.txt,PARAPHRASE_CONTEXT,0.692,PARAPHRASE; 인용문:N,,FALSE,1,SRC-E1-A02,S-4,v3,latest,SRC-PDF-005-OCCU-1,,,,,,,,입주자모집공고/공급정보의 입주예정일,planned_block,unverified,,,,,,,,,,,,,,,,,,,,,,,,,,,
SRC-E2-A10,부천 대장,공공기관 공고,부천대장 A7블록 공공분양주택 입주자모집공고,LH,2025-04-30,2026-08-31T21:16:29+09:00,https://apply.lh.or.kr/lhapply/apply/wt/wrtanc/selectWrtancInfo.do?panId=0000060863&ccrCnntSysDsCd=02&uppAisTpCd=05&aisTpCd=05&mi=1027,data/raw/evidence/refetched/E2-A10.html,a058acb1e85fad8cf75c7c6feeeb60d395ea4f064fb66f6d7aa5b1ed5b967025,공고문 본문; 저장 원문 문맥,"고객님의 안전한 개인정보를 위해 자동로그아웃을 합니다. 로그인 시간을 연장하시겠습니까? 연장하기 로그아웃 당첨자조회 예비자조회 공고이력조회 정정공고 바로가기 취소공고 바로가기 목록 부천대장 A7블록 공공분양주택 입주자모집공고 유의사항본 공고문에 대한 정정 공고문이 있습니다. 정정공고바로가기 버튼을 눌러 확인하여 주시기 바랍니다. 공고상태접수마감 공고일2025.04.30 마감일2025.05.23 유형분양주택 담당부서인천지역본부 문의처1600-1004 공고문 부천대장A7블록공공분양주택입주자모집공고문_최종.hwp바로보기 부천대장A7블록공공분양주택입주자모집공고문_최종.pdf바로보기 다운로드 부천대장A7블록공공분양주택분양팸플릿(업로드용).pdf바로보기 1.위임장.hwp바로보기 2-1.개인정보수집이용및제3자제공동의서(사전청약당첨자용).hwp바로보기 2-2.개인정보수집이용및제3자제공동의서(본청약자용).hwp바로보기 문서뷰어다운로드 한컴오피스 뷰어 Acrobat Reader DWG 뷰어 공고내용 ■ 공급위치 : 경기도 부천시 오정구 대장동, 오정동, 원종동, 삼정동, 인천광역시 계양구 동양동, 박촌동, 병방동 일원 부천대장 공공주택지구 내 A7블록 ■ 공급대상 : 공공분양주택 473세대 (전용 59㎡ 473세대) ■ 이 주택의 입주자모집공고일은 2025.04.30.(수)이며, 이는 청약자격(청약신청, 자격조건의 기간, 나이, 세대구성원, 지역우선,",occupancy_planned_block,2028년 01월,month,,block,high,duplicate,원문 직접 확인,A10,E2-A10,3G_forward,https://apply.lh.or.kr/lhapply/apply/wt/wrtanc/selectWrtancInfo.do?panId=0000060863&ccrCnntSysDsCd=02&uppAisTpCd=05&aisTpCd=05&mi=1027,html,2028-01-31,2028-01-01,2028-01-31,,입주예정일 : 2028년 01월,200,195256,C:\Users\parkd\Documents\Codex\2026-08-20\files-mentioned-by-the-user-30-2\evidence\text\E2-A10.txt,PARAPHRASE_CONTEXT,0.85,PARAPHRASE; 인용문:N,,FALSE,1,SRC-E1-A02,A7,v1,superseded,,,,,,,,,입주자모집공고/공급정보의 입주예정일,planned_block,unverified,,,,,,,,,,,,,,,,,,,,,,,,,,,
SRC-E2-B06,인천 계양,국토교통부 보도자료,"3기 신도시, 패스트트랙·교통대책 조기 확정 등으로 신속 공급",국토교통부,2021-01-24,2026-08-31T21:16:29+09:00,http://www.molit.go.kr/mta/USR/N0201/m_36770/dtl.jsp?lcmspage=1&id=95085094,data/raw/evidence/documents/인천 계양/2021-01-24_3기_신도시__패스트트랙_교통대책_조기_확정_등으로_신속_공급.html,0553e1245c054ee29e36c23d0263cc561e243ece1b77a9e987de1d594e4cd66b,보도자료 본문; 저장 원문 문맥,"7월 인천계양을 시작으로 사전청약이 시행되며, 9~10월에는 남양주왕숙2 등, 11~12월에는 남양주왕숙, 하남교산, 고양창릉, 부천대장 등 수도권 공공택지에서 연말까지 3만호를 조기공급하고, 나머지 3.2만호는 '22년에 입주자를 모집할 계획이다. [ 2. 3기 신도시 광역교통개선대책 ] 대도시권광역교통위원회 심의('20.12.30)를 거쳐 인천계양(1만 7천호)과 부천대장(2만호)의 교통대책이 확정됨에 따라 3기 신도시 교통대책이 모두 확정되었다. 3기 신도시는 입주 시 교통불편을 최소화하기 위해 입지 발표부터 교통대책(안)을 마련했으며, 사업별 검증, 관계기관 협의 등을 신속히 추진해 기존 대비 평균 16개월* 이상 빨리 교통대책을 확정했다.",plan_confirmation,2020.12.30,day,sbrt,district,high,needs_human,원문 직접 확인,B06,E2-B06,3G_forward,http://www.molit.go.kr/mta/USR/N0201/m_36770/dtl.jsp?lcmspage=1&id=95085094,html,2020-12-30,2020-12-30,2020-12-30,계양~대장 S-BRT,인천계양(1만 7천호)과 부천대장(2만호)의 교통대책이 확정됨,200,27350,evidence/text/2021-01-24_3기_신도시__패스트트랙_교통대책_조기_확정_등으로_신속_공급.txt,PARAPHRASE_CONTEXT,0.455,PARAPHRASE; 인용문:PARAPHRASE,,FALSE,1,,,,,,,,,,,,,,promise_source,unverified,,,,,,,,,,,,,,,2020-12-30,,absent,,,,,,,,,,
SRC-E2-B07,남양주 왕숙,국토교통부 보도자료,남양주왕숙·고양창릉 신도시 교통대책 확정!,국토교통부,2020-12-29,2026-08-31T21:16:29+09:00,https://www.molit.go.kr/mta/USR/N0201/m_36770/dtl.jsp?lcmspage=2&id=95084988,data/raw/evidence/documents/남양주 왕숙/2020-12-29_남양주왕숙_고양창릉_신도시_교통대책_확정_.html,ef0529cf32bdcf2a2be5535bb4201829631146b7f6b6a2e3c2dd5e074c870a6d,보도자료 본문; 저장 원문 문맥,"도시철도, GTX 등으로 서울도심 30분대 접근 가능 3기 신도시 등 수도권 주택공급계획 차질 없이 추진 중 공공주택총괄과,공공택지기획과,광역교통정책과 게시일: 2020-12-29 09:24 조회수: 47596 국토교통부는 대도시권광역교통위원회 심의('20.12.4)를 거쳐 남양주왕숙(6만 6천호)과 고양창릉(3만 8천호)의 광역교통개선대책을 확정하였다. 광역교통개선대책은 신도시 조성 및 신규 교통대책 추진에 따른 교통량 변화 등에 대한 교통전문기관 용역, 한국교통연구원(KOTI) 검증, 지방자치단체 협의, 대광위 심의 등을 거쳐 확정되었다.",plan_confirmation,2020-12-29,day,rail,district,high,needs_human,원문 직접 확인,B07,E2-B07,3G_forward,https://www.molit.go.kr/mta/USR/N0201/m_36770/dtl.jsp?lcmspage=2&id=95084988,html,2020-12-29,2020-12-29,2020-12-29,강동하남남양주선,남양주왕숙 광역교통개선대책 확정,200,35788,evidence/text/2020-12-29_남양주왕숙_고양창릉_신도시_교통대책_확정_.txt,PARAPHRASE_CONTEXT,0.619,PARAPHRASE; 인용문:N,,FALSE,1,,,,,,https://www.molit.go.kr/portal/common/download/DownloadMltm2.jsp?FilePath=/upload/portal/DextUpload/202012/20201229_092632_077.hwp&FileName=201230(%EC%A1%B0%EA%B0%84)%EB%82%A8%EC%96%91%EC%A3%BC%EC%99%95%EC%88%99_%EA%B3%A0%EC%96%91%EC%B0%BD%EB%A6%89%20%EC%8B%A0%EB%8F%84%EC%8B%9C%20%EA%B5%90%ED%86%B5%EB%8C%80%EC%B1%85%20%ED%99%95%EC%A0%95(%EA%B3%B5%EA%B3%B5%ED%83%9D%EC%A7%80%EA%B8%B0%ED%9A%8D%EA%B3%BC%20%EA%B4%91%EC%97%AD%EA%B5%90%ED%86%B5%EC%A0%95%EC%B1%85%EA%B3%BC).hwp,data/raw/evidence/imported/SRC-F009/201230(조간)남양주왕숙_고양창릉 신도시 교통대책 확정(공공택지기획과 광역교통정책과).hwp,28b1bacbe0ea7e9ad4dd42c5659f47b22ef4a07e27221f47169c6838b10f657e,,,,,,promise_source,attachment_only,official_attachment_hash,2026-09-02T18:00:00+09:00,,,,,,,,,,,,,2020-12-29,,absent,,,,,,,,,,
SRC-E2-B08,하남 교산,국토교통부 보도자료,"하남교산, 과천지구 광역교통개선대책 확정",국토교통부,2020-05-21,2026-08-31T21:16:29+09:00,https://www.xn--3-3u6ey6lv7rsa.kr/kor/CMS/Board/Board.do?mCode=MN024&page=3&mode=view&mgr_seq=12&board_seq=135,data/raw/evidence/documents/하남 교산/2020-05-21_하남교산__과천지구_광역교통개선대책_확정.html,0adfc0053fb55223522d96d48316b3437838b03fa268aa79333c47e8d5ffbfac,보도자료 본문; 저장 원문 문맥,"조회수 : 9061 하남교산, 과천지구 광역교통개선대책 확정 □국토교통부(장관 김현미)는 대도시권광역교통위원회(위원장 최기주) 심의('20.5.8)를 거쳐 하남교산 3기 신도시(3만 2천호)와 과천지구(7천호) 광역교통개선대책을 확정하였다. ㅇ 광역교통개선대책은 신도시 조성 및 신규 교통대책 추진에 따른 교통량 변화 등에 대한 교통전문기관 용역, 한국교통연구원(KOTI) 검증, 지방자치단체 협의, 위원회 심의 등을 거쳐 확정되었다. □ 3기 신도시 광역교통개선대책은 잠실*강남 등 서울 도심까지 30분내 출퇴근이 가능하도록",plan_confirmation,2020-05-21,day,rail,district,high,needs_human,원문 직접 확인,B08,E2-B08,3G_forward,https://www.xn--3-3u6ey6lv7rsa.kr/kor/CMS/Board/Board.do?mCode=MN024&page=3&mode=view&mgr_seq=12&board_seq=135,html,2020-05-21,2020-05-21,2020-05-21,송파하남선,하남교산 3기 신도시(3만 2천호) 광역교통개선대책 확정,200,33649,evidence/text/2020-05-21_하남교산__과천지구_광역교통개선대책_확정.txt,PARAPHRASE_CONTEXT,0.5,PARAPHRASE; 도메인:UNKNOWN; 인용문:N,,FALSE,1,,,,,,https://www.molit.go.kr/mta/USR/N0201/m_36770/dtl.jsp?id=95083918&lcmspage=88,data/raw/evidence/200521(14시이후) 하남교산 신도시_과천지구 광역교통개선대책 확정(공공택지기획과).pdf,fb08785a7962ad8088d930c4598ac1d095187eb34f7a52ea2b675bb0f5fc72cc,,,,,,promise_source,verified,local_pdf_text,2026-09-02T18:00:00+09:00,,,,,,,,,,,,,2020-05-21,,absent,,,,,,,,,,
SRC-E2-B09,고양 창릉,국토교통부 보도자료,"3기 신도시, 패스트트랙·교통대책 조기 확정 등으로 신속 공급",국토교통부,2021-01-24,2026-08-31T21:16:29+09:00,http://www.molit.go.kr/mta/USR/N0201/m_36770/dtl.jsp?lcmspage=1&id=95085094,data/raw/evidence/documents/고양 창릉/2021-01-24_3기_신도시__패스트트랙_교통대책_조기_확정_등으로_신속_공급.html,cf4ccec819b0d8c7d075b4764b8601176da04a11518277e0e2d2558c4ff86233,보도자료 본문; 저장 원문 문맥,"3기 신도시는 지구계획 수립*토지보상 병행 등 패스트 트랙(Fast-Track)을 적용하여 보상 착수기간을 기존 대비 평균 10개월 이상 단축*하는 등 신속하게 사업을 추진하고 있다. * 지구지정∼보상착수 : (2기 신도시) 성남판교 24개월, 위례 30개월 등 평균 27개월 소요, (3기 신도시) 하남교산 14개월, 인천계양 14개월 등 평균 17개월 소요 남양주왕숙*하남교산*인천계양은 보상공고('20.8)를 거쳐 보상절차가 진행 중이며, 고양창릉*부천대장은 상반기에 보상공고 할 계획이다. 남양주왕숙*하남교산*인천계양은 지구계획(안)을 마련('20.10)하여 관계기관 협의 중이며 올해 상반기에 순차 확정할 계획이다. 고양창릉*부천대장은 도시*건축*교통 등 분야별 전문가들이 참여하여 지구계획(안)을 마련 중이며, '21년 말까지 확정할 예정이다. 3기 신도시는 본 청약보다 1~2년 먼저 공급하는 사전청약제를 시행하여 주택공급시기를 기존 신도시 대비 평균 57개월(4년9개월) 단축*하여",plan_confirmation,2020.12.30,day,rail,district,high,needs_human,원문 직접 확인,B09,E2-B09,3G_forward,http://www.molit.go.kr/mta/USR/N0201/m_36770/dtl.jsp?lcmspage=1&id=95085094,html,2020-12-30,2020-12-30,2020-12-30,고양은평선,고양창릉 광역교통개선대책 확정,200,27350,evidence/text/2021-01-24_3기_신도시__패스트트랙_교통대책_조기_확정_등으로_신속_공급.txt,PARAPHRASE_CONTEXT,0.565,MISSING_MODE_LINE_SCOPE; 인용문:N,,FALSE,1,,,,,,,,,,,,,,promise_source,unverified,,,,,,,,,,,,,,,2020-12-30,,absent,,,,,,,,,,
SRC-E2-B10,부천 대장,국토교통부 보도자료,"3기 신도시, 패스트트랙·교통대책 조기 확정 등으로 신속 공급",국토교통부,2021-01-24,2026-08-31T21:16:29+09:00,http://www.molit.go.kr/mta/USR/N0201/m_36770/dtl.jsp?lcmspage=1&id=95085094,data/raw/evidence/documents/부천 대장/2021-01-24_3기_신도시__패스트트랙_교통대책_조기_확정_등으로_신속_공급.html,31f5ea11323f9ed9188ac1643293212a8479e34bb69bae7ac0a70da00be3c351,보도자료 본문; 저장 원문 문맥,"7월 인천계양을 시작으로 사전청약이 시행되며, 9~10월에는 남양주왕숙2 등, 11~12월에는 남양주왕숙, 하남교산, 고양창릉, 부천대장 등 수도권 공공택지에서 연말까지 3만호를 조기공급하고, 나머지 3.2만호는 '22년에 입주자를 모집할 계획이다. [ 2. 3기 신도시 광역교통개선대책 ] 대도시권광역교통위원회 심의('20.12.30)를 거쳐 인천계양(1만 7천호)과 부천대장(2만호)의 교통대책이 확정됨에 따라 3기 신도시 교통대책이 모두 확정되었다. 3기 신도시는 입주 시 교통불편을 최소화하기 위해 입지 발표부터 교통대책(안)을 마련했으며, 사업별 검증, 관계기관 협의 등을 신속히 추진해 기존 대비 평균 16개월* 이상 빨리 교통대책을 확정했다.",plan_confirmation,2020.12.30,day,sbrt,district,high,needs_human,원문 직접 확인,B10,E2-B10,3G_forward,http://www.molit.go.kr/mta/USR/N0201/m_36770/dtl.jsp?lcmspage=1&id=95085094,html,2020-12-30,2020-12-30,2020-12-30,계양~대장 S-BRT,부천대장(2만호)의 교통대책이 확정됨,200,27350,evidence/text/2021-01-24_3기_신도시__패스트트랙_교통대책_조기_확정_등으로_신속_공급.txt,PARAPHRASE_CONTEXT,0.457,PARAPHRASE; 인용문:PARAPHRASE,,FALSE,1,,,,,,,,,,,,,,promise_source,unverified,,,,,,,,,,,,,,,2020-12-30,,absent,,,,,,,,,,
SRC-E2-C06,인천 계양,지자체 의견공감,계양신도시 광역버스 신설과 관련하여,인천시,2026-05-01,2026-08-31T21:16:29+09:00,https://www.incheon.go.kr/cool/COOL010501/view?petitSn=2048913,data/raw/evidence/documents/인천 계양/2026-05-01_계양신도시_광역버스_신설과_관련하여.html,120b9f301e1b07a0695be78eac9daf0e54ef75452ed07a6f0f838cc005603fe8,인천시 온라인 열린 시장실 청원(2048913) 답변 본문,2026년 12월 입주 시점에 맞춰 계양신도시 ↔ 김포공항·부천 대장·계양역 3개 직행 노선 동시 개통을 이행할 계획이다.,actual_operation,2026년 12월,month,express_bus,district,high,verified,원문 직접 확인,C06,E2-C06,3G_forward,https://www.incheon.go.kr/cool/COOL010501/view?petitSn=2048913,html,2026-12-31,2026-12-01,2026-12-31,,2026년 12월 입주 시점에 맞춰 계양신도시 ↔ 김포공항·부천 대장·계양역 3개 직행 노선 동시 개통 이행,200,121184,evidence/text/2026-05-01_계양신도시_광역버스_신설과_관련하여.txt,Y_NORMALIZED,0.98,,,FALSE,1,,,,,,,,,,,,,,operation_start,unverified,,,,,,,,,,,,2026-05-01_계양신도시_광역버스_신설과_관련하여.txt,,,,,year,TRUE,parkd,2026-09-02T20:11:00+09:00,A1B1C1D1E1,,,,,,
SRC-E2-C07,남양주 왕숙,국토교통부 보도자료,3기 신도시 남양주왕숙 첫 공급 개시,국토교통부,2025-07-24,2026-09-02T18:00:00+09:00,https://www.molit.go.kr/LCMS/DWN.jsp?fold=koreaNews/mobile/file&fileName=250724%28%EC%84%9D%EA%B0%84%29+3%EA%B8%B0+%EC%8B%A0%EB%8F%84%EC%8B%9C+%EB%82%A8%EC%96%91%EC%A3%BC%EC%99%95%EC%88%99+%EC%B2%AB+%EA%B3%B5%EA%B8%89+%EA%B0%9C%EC%8B%9C%28%EA%B3%B5%EA%B3%B5%ED%83%9D%EC%A7%80%EA%B4%80%EB%A6%AC%EA%B3%BC%29.pdf,data/raw/evidence/250724(석간) 3기 신도시 남양주왕숙 첫 공급 개시(공공택지관리과).pdf,75b73130d02612d7c1c05f64b5a800a662554d854abc4445e565e0caf2439cb6,PDF p.2 공급대상 표 하단 유의사항 ('28 표기 그대로 유지),입주는 '28년 8월 예정이다.,occupancy_planned_block,2028-08,month,,block,high,verified,언론 단서를 국토교통부 1차 보도자료 PDF로 교체,C07,E2-C07,3G_forward,LH 공고 URL 필요,pdf,2028-08-31,2028-08-01,2028-08-31,,입주는 2028년 8월로 예정되어 있다,200,1034272,data/staged/pdf_text/75b73130d02612d7c1c05f64b5a800a662554d854abc4445e565e0caf2439cb6.txt,Y_NORMALIZED,0.98,,,FALSE,1,,A-1;A-2,v3,superseded,SRC-E2-A07,,,,,,,,입주자모집공고/공급정보의 입주예정일,planned_block,unverified,ai_extraction_pending_human_page_check,,,data/raw/evidence/250724(석간) 3기 신도시 남양주왕숙 첫 공급 개시(공공택지관리과).pdf,75b73130d02612d7c1c05f64b5a800a662554d854abc4445e565e0caf2439cb6,,,,,,,PDF 추출 txt,TBD,TBD,,,,TRUE,parkd,2026-09-02T19:38:00+09:00,A1B1C1D1E1,,,,,,
SRC-E2-C08,하남 교산,공공기관 소식,하남교산 A2블록 공공분양 청약,LH 마이홈,2025-03-31,2026-09-02T18:00:00+09:00,https://www.myhome.go.kr/hws/portal/bbs/selectBoardHappyNewsDetailView.do?nttId=797,data/raw/evidence/documents/target_refresh_20260902/SRC-E2-C08_2026-09-02.html,1453c59d79bae2b543831e37cb145e8c1bebfe7c99937945ca331b2e3f50ce85,LH myhome nttId=797 공고 + 언론 병기 > 준공/입주 예정 진술,"준공은 2028년 12월, 입주는 2029년 6월 예정",occupancy_planned_block,2029-06,month,,block,high,verified,언론 단서를 마이홈 공식 본문과 LH 공고 PDF로 교체,C08,E2-C08,3G_forward,https://apply.lh.or.kr/lhapply/apply/wt/wrtanc/list.do (myhome nttId=797),html,2029-06-30,2029-06-01,2029-06-30,,입주는 2029년 6월 예정이다,200,279435,data/staged/html_text/1453c59d79bae2b543831e37cb145e8c1bebfe7c99937945ca331b2e3f50ce85.txt,Y_NORMALIZED,0.98,,,FALSE,1,,A-2,,,,https://apply.lh.or.kr/lhapply/lhFile.do?fileid=61210841,data/raw/evidence/(최종)250331_교산푸르지오더퍼스트_입주자모집공고.pdf,b247b3e65cb7029821c352a345952c0fb73323ae3462b90b52f5b653dca1a2f5,,,,,입주자모집공고/공급정보의 입주예정일,planned_block,unverified,ai_extraction_pending_human_page_check,,PDF-014,data/raw/evidence/(최종)250331_교산푸르지오더퍼스트_입주자모집공고.pdf,b247b3e65cb7029821c352a345952c0fb73323ae3462b90b52f5b653dca1a2f5,targeted_manual_mapping,1.0,,,,,PDF-014 추출 txt + myhome nttId=797,,,,,,TRUE,parkd,2026-09-02T20:22:00+09:00,A1B1C1D1E1,,,,,,
SRC-E2-C09,고양 창릉,공공기관 공고,고양창릉 S-4블록 공공분양주택 입주자모집공고,LH,2026-06-30,2026-09-02T18:00:00+09:00,https://apply.lh.or.kr/lhapply/apply/wt/wrtanc/selectWrtancInfo.do?panId=0000061134&ccrCnntSysDsCd=02&uppAisTpCd=05&aisTpCd=05&mi=1027,data/raw/evidence/(정정)(정정)고양창릉S-4블록공공분양입주자모집공고문.pdf,25311d447e7f43c48655b96613b1ff2bc56371612a268932071bfb8429e5107d,PDF p.4 공급대상 표 하단 유의사항,입주예정 시기는 '30년 3월입니다.,occupancy_planned_block,2030-03,month,,block,high,verified,기존 언론 단서의 2029년 하반기와 달리 최신 정정 공고 PDF는 2030년 3월로 명시,C09,E2-C09,3G_forward,LH 공고 URL 필요,pdf,2030-03-31,2030-03-01,2030-03-31,,입주는 2029년 하반기 예정이다,200,1618751,data/staged/pdf_text/25311d447e7f43c48655b96613b1ff2bc56371612a268932071bfb8429e5107d.txt,Y_NORMALIZED,0.98,,,FALSE,1,,S-4,v1,superseded,,https://apply.lh.or.kr/lhapply/lhFile.do?fileid=67715855,,,,,,,입주자모집공고/공급정보의 입주예정일,planned_block,unverified,ai_extraction_pending_human_page_check,,,data/raw/evidence/(정정)(정정)고양창릉S-4블록공공분양입주자모집공고문.pdf,25311d447e7f43c48655b96613b1ff2bc56371612a268932071bfb8429e5107d,,,,,,,PDF 추출 txt (25311d…),TBD,TBD,,,,TRUE,parkd,2026-09-02T19:38:00+09:00,A1B1C1D1E1,,,,,,
SRC-E2-C10,부천 대장,언론 단서,LH 인천계양 A2블록 입주자 모집,기호일보,2024-10-01,2026-09-02T18:00:00+09:00,https://apply.lh.or.kr/lhapply/apply/wt/wrtanc/selectWrtancInfo.do?panId=0000060706&ccrCnntSysDsCd=02&uppAisTpCd=05&aisTpCd=05&mi=1027,data/raw/evidence/documents/target_refresh_20260902/SRC-E2-C10_2026-09-02.html,74cef30b17bd093346b8467ab7653e9d4bf48c1c71e30d2e0463b87a751f2a7e,기사 본문,"공급위치 : 인천광역시 계양구 귤현동, 동양동, 박촌동, 병방동, 상야동 일원 공공주택지구 내 A-2블록",occupancy_planned_block,,unknown,,block,high,rejected,제시된 공식 URL과 PDF는 부천대장이 아니라 인천계양 A2(입주예정 2026년 12월); 부천대장 증거로 사용 금지,C10,E2-C10,3G_forward,LH 공고 URL 필요,html,,,,,입주 예정 시기는 3기 신도시 중 가장 빠른 2026년 12월,200,196148,data/staged/html_text/74cef30b17bd093346b8467ab7653e9d4bf48c1c71e30d2e0463b87a751f2a7e.txt,TEXT_FAIL,0,QUARANTINED,development_scope_mismatch,FALSE,1,SRC-E2-A06,A2,,,,https://apply.lh.or.kr/lhapply/lhFile.do?fileid=58985631,data/raw/evidence/(정정공고)인천계양A-2블록공공분양입주자모집공고문.pdf,f7202e924988f383730f245784e37a1ec66f0f54d655fb3b8171c45314389195,,,,,입주자모집공고/공급정보의 입주예정일,planned_block,unverified,ai_extraction_pending_human_page_check,,PDF-010,data/raw/evidence/(정정공고)인천계양A-2블록공공분양입주자모집공고문.pdf,f7202e924988f383730f245784e37a1ec66f0f54d655fb3b8171c45314389195,targeted_manual_mapping,1.0,,,,,,,,,,,,,,,,,,,,
SRC-F001,인천 계양,official_housing_notice,인천계양 A2 공공분양주택 입주자모집공고,한국토지주택공사,2024-09-20,2026-08-31T21:16:29+09:00,https://apply.lh.or.kr/lhapply/apply/wt/wrtanc/selectWrtancInfo.do?aisTpCd=05&ccrCnntSysDsCd=02&mi=1027&panId=0000060752&uppAisTpCd=05,data/raw/evidence/documents/인천 계양/2024-09-20_인천계양_A2_공공분양주택_입주자모집공고.html,01bc504183290e9396f18bb39c2584d4b17399188a016a4cba5351052a00c011,LH 청약플러스 A2 공급정보 > 입주예정일 항목,전용면적(㎡) : 59.84 ~ 84.89 총 세대수 : 747 입주예정일 : 2026년 12월,occupancy_planned_block,Dec-26,month,,block,high,verified,미래 예정일이며 실제 입주 시작 공지가 나오면 갱신,F001,F001,3G_forward,https://apply.lh.or.kr/lhapply/apply/wt/wrtanc/selectWrtancInfo.do?aisTpCd=05&ccrCnntSysDsCd=02&mi=1027&panId=0000060752&uppAisTpCd=05,html,2026-12-31,2026-12-01,2026-12-31,,입주예정일,200,197323,evidence/text/2024-09-20_인천계양_A2_공공분양주택_입주자모집공고.txt,Y_NORMALIZED,0.98,,,FALSE,1,,A2,v1,superseded,,,,,,,,,입주자모집공고/공급정보의 입주예정일,planned_block,unverified,,,,,,,,,,,,2024-09-20_인천계양_A2_공공분양주택_입주자모집공고.txt,,,,,,TRUE,parkd,2026-09-02T20:11:00+09:00,A1B1C1D1E1,,,,,,
SRC-F002,인천 계양,official_commercial_notice,인천계양 A3블록 단지내상가 재분양공고,한국토지주택공사,2026-07-10,2026-08-31T21:16:29+09:00,https://apply.lh.or.kr/lhapply/apply/wt/wrtanc/selectWrtancInfo.do?aisTpCd=23&ccrCnntSysDsCd=04&panId=BN-0001331&uppAisTpCd=22,data/raw/evidence/documents/인천 계양/2026-07-10_인천계양_A3블록_단지내상가_재분양공고.html,0d9239bb1c0b7c81b51ba1a7bde70f065d119672d3b0d3f67655838c0ec98dfd,LH 청약플러스 단지내 주택 정보 > 입주예정월 항목,공급면적(㎡) : 78.5541m² ~ 79.5072m² 총 세대수 : 538 입주예정월 : 2026. 12,occupancy_planned_block,Dec-26,month,,block,high,verified,A3 주택의 입주예정월을 재확인하는 독립 공고,F002,F002,3G_forward,https://apply.lh.or.kr/lhapply/apply/wt/wrtanc/selectWrtancInfo.do?aisTpCd=23&ccrCnntSysDsCd=04&panId=BN-0001331&uppAisTpCd=22,html,2026-12-31,2026-12-01,2026-12-31,,입주예정월,200,176719,evidence/text/2026-07-10_인천계양_A3블록_단지내상가_재분양공고.txt,Y_NORMALIZED,0.98,,,FALSE,1,,A3,,,,,,,,,,,입주자모집공고/공급정보의 입주예정일,planned_block,unverified,,,,,,,,,,,,2026-07-10_인천계양_A3블록_단지내상가_재분양공고.txt,,,,,,TRUE,parkd,2026-09-02T20:11:00+09:00,A1B1C1D1E1,,,,,,
SRC-F003,인천 계양,official_press_release,인천계양·부천대장 광역교통개선대책 확정,국토교통부 대도시권광역교통위원회,2021-01-24,2026-08-31T21:16:29+09:00,https://www.molit.go.kr/mta/USR/N0201/m_36770/dtl.jsp?id=95085094&lcmspage=2,data/raw/evidence/documents/인천 계양/2021-01-24_인천계양_부천대장_광역교통개선대책_확정.html,9eaae5277162495e97ddf189edad305711b636676a8daa566b7f3466375b35c5,인천계양·부천대장 대중교통 대책; 저장 원문 문맥,"추진할 계획이다. 금번 교통대책이 확정된 인천계양, 부천대장은 서로 인접한 지구임을 감안하여 신도시 간 연계성을 강화하기 위해 두 지구를 통합하여 광역교통개선대책을 수립하였다. 대중교통 부분은 김포공항역~계양지구~대장지구~부천종합운동장을 잇는 S-BRT* 등 신교통수단을 설치하여 주변 철도노선(5*7*9호선, 공항철도, GTX-B 등)으로의 원활한 연계가 가능한 교통망을 구축한다. * Super BRT : BRT(간선급행버스체계) 일종으로 지하철 수준의 속도ㆍ정시성을 갖춘 최고급형 BRT 도로교통 부분은 국도39호선(벌말로) 확장, 경명대로 신설, 오정로 확장 등을 통해 도로용량을 확보하고 도로 간 연계성을 개선하여 광역교통",plan_confirmation,미정,unknown,sbrt,district,high,needs_human,개선대책 확정 원문이지만 실제 개통일은 제시하지 않음,F003,F003,3G_forward,https://www.molit.go.kr/mta/USR/N0201/m_36770/dtl.jsp?id=95085094&lcmspage=2,html,,,,계양~대장 S-BRT,설치·구축한다,200,27350,evidence/text/2021-01-24_인천계양_부천대장_광역교통개선대책_확정.txt,PARAPHRASE_CONTEXT,0.5,PARAPHRASE; 인용문:TOO_SHORT,,FALSE,1,,,,,,,,,,,,,,promise_source,unverified,,,,,,,,,,,,,,,,,absent,,,,,,,,,,
SRC-F004,인천 계양,official_service_page,BRT 고급화(S-BRT) 추진,국토교통부 대도시권광역교통위원회,확인불가,2026-08-31T21:16:29+09:00,https://www.molit.go.kr/mta/USR/WPGE0201/m_36794/DTL.jsp,data/raw/evidence/documents/부천 대장/확인불가_BRT_고급화_S-BRT__추진.html,ea7e2a95951f422d9bc6adee96f50dae36ad3fbc19b3e1d59600f6fbb5e48c15,S-BRT 시범사업 목록; 저장 원문 문맥,"(모란사거리-단대 오거리-남한산성) | L=9.3km (도계광장-가음정사거리) | L=22.9km (세종BRT 고급화) 사업기간 | ’19～’26 | ’21～’26 | ’21～’24 | ’19～’24 | ’17～’22 시행주체 | LH | 인천광역시 | 성남시 | 창원시 | LH ##### 기존 BRT와 S-BRT 사진대지 기존 BRT와 S-BRT의 사진대지 목록으로 구분, 기존 BRT(교차로처리, 정류장, 차량, 수평승하차), S-BRT(교차로처리, 정류장, 차량, 수평승하차)정보가 확인됩니다. 구분 | 기존 BRT | S-BRT",promise_date,2026,unknown,sbrt,district,high,needs_human,"페이지 갱신형 현황표이므로 게시일 대신 수집일을 검증로그로 관리 | 사업기간 ’19~’26은 개통일이 아니므로 date_precision=unknown; 사업기간 종료 ≠ 영업개시; S-BRT 시범사업 표에서 사업기간(2019~2026)만 언급, 실제 개통 목표일 부재. 사업기간 종료 ≠ 영업개시",F004,F004,3G_forward,https://www.molit.go.kr/mta/USR/WPGE0201/m_36794/DTL.jsp,html,2026,,,계양~대장 S-BRT,차질 없이 추진,200,53484,evidence/text/확인불가_BRT_고급화_S-BRT__추진.txt,PARAPHRASE_CONTEXT,0.5,PARAPHRASE; 인용문:TOO_SHORT,,FALSE,1,,,,,,https://www.molit.go.kr/mta/USR/WPGE0201/m_36794/DTL.jsp,data/raw/evidence/BRT _ 대도시권광역교통위원회.pdf,7714332a5b225299facb069431a9cd3ca9d7535e10986b2ec3dc5b3a7fc359a5,,,,,,promise_source,unverified,,,PDF-039,data/raw/evidence/BRT _ 대도시권광역교통위원회.pdf,7714332a5b225299facb069431a9cd3ca9d7535e10986b2ec3dc5b3a7fc359a5,source_url,0.99,matched_existing,success,4,3071,,,,,,absent,,,,,,,,,,
SRC-F005,인천 계양,official_press_release,인천도시철도 1호선 검단연장선 개통,인천광역시,2025-06-28,2026-08-31T21:16:29+09:00,https://www.incheon.go.kr/mayor_8/MA040101/view?curPage=195&repSeq=DOM_0000000012620245,data/raw/evidence/documents/인천 계양/2025-06-28_인천도시철도_1호선_검단연장선_개통.html,8a7dd42c598c7b53ed0b4bc831d8e4a139b16bd22b43069a47ab9bc174eabcc9,인천시 보도자료 본문 > 계양 광역버스 첫 운행 이벤트 문단 (2025-06-28),"유정복 인천광역시장을 비롯해 강희업 국토부 대광위원장, 모경종 국회의원 등이 참석해 계양 광역버스 첫 운행 개시를 알림.",basic_service,2025-06-28,day,rail,adjacent_corridor,high,verified,인접 기존축 기준선이며 계양 신도시 교통약속 이행으로 간주하지 않음,F005,F005,3G_forward,https://www.incheon.go.kr/mayor_8/MA040101/view?curPage=195&repSeq=DOM_0000000012620245,html,2025-06-28,2025-06-28,2025-06-28,인천도시철도 1호선 검단연장선,첫 운행,200,81369,evidence/text/2025-06-28_인천도시철도_1호선_검단연장선_개통.txt,Y_NORMALIZED,0.98,,,FALSE,1,,,,,,,,,,첫차,,2025-06-28,개통일 자체가 아니라 해당 첫차·배차 서비스의 시행일,service_level,unverified,,,,,,,,,,,,2025-06-28_인천도시철도_1호선_검단연장선_개통.txt,,,,,,TRUE,parkd,2026-09-02T20:11:00+09:00,A1B1C1D1E1,,,,,,
SRC-F006,인천 계양,official_press_release,검단연장선 6월 28일 첫 운행,인천광역시,2025-06-16,2026-08-31T21:16:29+09:00,https://www.incheon.go.kr/IC010205/view?curPage=276&repSeq=DOM_0000000012563847,data/raw/evidence/documents/인천 계양/2025-06-16_검단연장선_6월_28일_첫_운행.html,ddfb5baf54349d7451558757ccc81658e2ff79b80a37285c9bb5ddd49dd36359,"인천시 보도자료 제목 및 리드 (2025-06-27 발행, 2025-06-28 첫 운행)","인천시, 6월 27일 검단연장선 개통 기념행사 개최 … 28일 첫 운행. 신검단중앙역에서 시민과 함께하는 행사로 열려 개통 의미를 더할 계획.",basic_service,2025-06-28,day,rail,adjacent_corridor,high,verified,"F005의 사전 공식 공지, 계양지구 S-BRT와는 별개",F006,F006,3G_forward,https://www.incheon.go.kr/IC010205/view?curPage=276&repSeq=DOM_0000000012563847,html,2025-06-28,2025-06-28,2025-06-28,인천도시철도 1호선 검단연장선,첫 운행,200,201789,evidence/text/2025-06-16_검단연장선_6월_28일_첫_운행.txt,Y_NORMALIZED,0.98,,,FALSE,1,,,,,,https://www.incheon.go.kr/IC010205/view?curPage=276&repSeq=DOM_0000000012563847,"data/raw/evidence/인천시, 6월 27일 검단연장선 개통 기념행사 개최 … 28일 첫 운행.pdf",dfdccd29d1cffe983af2ea5d909ff6fc9c5ea5aabe1a4167e04d8ce4029f36c4,,첫 운행,,2025-06-28,개통일 자체가 아니라 해당 첫차·배차 서비스의 시행일,service_level,unverified,,,PDF-098,"data/raw/evidence/인천시, 6월 27일 검단연장선 개통 기념행사 개최 … 28일 첫 운행.pdf",dfdccd29d1cffe983af2ea5d909ff6fc9c5ea5aabe1a4167e04d8ce4029f36c4,source_url,0.99,matched_existing,success,4,1107,,,,,,,TRUE,parkd,2026-09-02T20:22:00+09:00,A1B1C1D1E1,,,,,,
SRC-F007,남양주 왕숙,official_housing_notice,남양주왕숙 A-1블록 공공분양주택 입주자모집공고,한국토지주택공사,2025,2026-08-31T21:16:29+09:00,https://apply.lh.or.kr/lhapply/apply/wt/wrtanc/selectWrtancInfo.do?aisTpCd=05&ccrCnntSysDsCd=02&mi=1027&panId=0000060926&uppAisTpCd=05,data/raw/evidence/documents/남양주 왕숙/2025_남양주왕숙_A-1블록_공공분양주택_입주자모집공고.html,3d2fbd3e41f74d681d9633ab3443d963b9e101185935e096e1b754b22d05ec88,LH 청약플러스 A-01 공급정보 > 입주예정일 항목,전용면적(㎡) : 59.89 ~ 59.92 총 세대수 : 629 입주예정일 : 2028년 08월,occupancy_planned_block,Aug-28,month,,block,high,verified,"미래 예정일, 실제 입주 공지로 전환 필요",F007,F007,3G_forward,https://apply.lh.or.kr/lhapply/apply/wt/wrtanc/selectWrtancInfo.do?aisTpCd=05&ccrCnntSysDsCd=02&mi=1027&panId=0000060926&uppAisTpCd=05,html,2028-08-31,2028-08-01,2028-08-31,,입주예정일,200,196665,evidence/text/2025_남양주왕숙_A-1블록_공공분양주택_입주자모집공고.txt,Y_NORMALIZED,0.98,,,FALSE,1,,A-1,v1,superseded,,,,,,,,,입주자모집공고/공급정보의 입주예정일,planned_block,unverified,,,,,,,,,,,,2025_남양주왕숙_A-1블록_공공분양주택_입주자모집공고.txt,,,,,,TRUE,parkd,2026-09-02T20:11:00+09:00,A1B1C1D1E1,,,,,,
SRC-F008,남양주 왕숙,official_housing_notice,남양주왕숙 A-2블록 신혼희망타운 입주자모집공고,한국토지주택공사,2025-07-24,2026-08-31T21:16:29+09:00,https://apply.lh.or.kr/lhapply/apply/wt/wrtanc/selectWrtancInfo.do?aisTpCd=39&ccrCnntSysDsCd=02&mi=1027&panId=0000060921&uppAisTpCd=39,data/raw/evidence/documents/남양주 왕숙/2025-07-24_남양주왕숙_A-2블록_신혼희망타운_입주자모집공고.html,722d39198a5909bee3459cfb78f636dc4d2f072bab7405d14fa04d358d0840d7,LH 청약플러스 A-02 공급정보 > 입주예정월 항목,전용면적(㎡) : 46.68 ~ 55.86 총 세대수 : 608 입주예정월 : 2028년 08월,occupancy_planned_block,Aug-28,month,,block,high,verified,독립 블록 공고로 같은 예정월을 교차확인,F008,F008,3G_forward,https://apply.lh.or.kr/lhapply/apply/wt/wrtanc/selectWrtancInfo.do?aisTpCd=39&ccrCnntSysDsCd=02&mi=1027&panId=0000060921&uppAisTpCd=39,html,2028-08-31,2028-08-01,2028-08-31,,입주예정월,200,193986,evidence/text/2025-07-24_남양주왕숙_A-2블록_신혼희망타운_입주자모집공고.txt,Y_NORMALIZED,0.98,,,FALSE,1,,A-2,v1,superseded,,,,,,,,,입주자모집공고/공급정보의 입주예정일,planned_block,unverified,,,,,,,,,,,,2025-07-24_남양주왕숙_A-2블록_신혼희망타운_입주자모집공고.txt,,,,,,TRUE,parkd,2026-09-02T20:11:00+09:00,A1B1C1D1E1,,,,,,
SRC-F009,남양주 왕숙,official_press_release,남양주왕숙·고양창릉 신도시 교통대책 확정,국토교통부 대도시권광역교통위원회,2020-12-29,2026-08-31T21:16:29+09:00,https://www.molit.go.kr/mta/USR/N0201/m_36770/dtl.jsp?id=95084988&lcmspage=1,data/raw/evidence/documents/남양주 왕숙/2020-12-29_남양주왕숙_고양창릉_신도시_교통대책_확정.html,6dae1eeca5a29545344277026e601cfbe8230b042347f95b2aa9f4cf88b17409,국토부 남양주왕숙 광역교통개선대책 본문 > 도시철도 준공 목표 문단,5월에 광역교통개선대책을 확정한 하남교산·과천 후속. 남양주왕숙 강동하남남양주선은 2028년 준공을 목표로 추진한다.,promise_date,2028,year,rail,district,high,verified,확정 당시 목표일이며 최신 사업일정과 계속 대조해야 함,F009,F009,3G_forward,https://www.molit.go.kr/mta/USR/N0201/m_36770/dtl.jsp?id=95084988&lcmspage=1,html,2028-12-31,2028-01-01,2028-12-31,강동하남남양주선,개통을 목표로 추진,200,35788,evidence/text/2020-12-29_남양주왕숙_고양창릉_신도시_교통대책_확정.txt,Y_NORMALIZED,0.98,,,FALSE,1,,,,,,https://www.molit.go.kr/portal/common/download/DownloadMltm2.jsp?FilePath=/upload/portal/DextUpload/202012/20201229_092632_077.hwp&FileName=201230(%EC%A1%B0%EA%B0%84)%EB%82%A8%EC%96%91%EC%A3%BC%EC%99%95%EC%88%99_%EA%B3%A0%EC%96%91%EC%B0%BD%EB%A6%89%20%EC%8B%A0%EB%8F%84%EC%8B%9C%20%EA%B5%90%ED%86%B5%EB%8C%80%EC%B1%85%20%ED%99%95%EC%A0%95(%EA%B3%B5%EA%B3%B5%ED%83%9D%EC%A7%80%EA%B8%B0%ED%9A%8D%EA%B3%BC%20%EA%B4%91%EC%97%AD%EA%B5%90%ED%86%B5%EC%A0%95%EC%B1%85%EA%B3%BC).hwp,data/raw/evidence/imported/SRC-F009/201230(조간)남양주왕숙_고양창릉 신도시 교통대책 확정(공공택지기획과 광역교통정책과).hwp,28b1bacbe0ea7e9ad4dd42c5659f47b22ef4a07e27221f47169c6838b10f657e,,,,,,promise_source,attachment_only,official_attachment_hash,2026-09-02T18:00:00+09:00,,,,,,,,,,2020-12-29_남양주왕숙_고양창릉_신도시_교통대책_확정.txt,,,,2028-12-31,year,TRUE,parkd,2026-09-02T20:11:00+09:00,A1B1C1D1E1,,,,,,
SRC-F010,남양주 왕숙,official_plan_pdf,신도시 광역교통 개선 투자계획,국토교통부,2024-01-25,2026-08-31T21:16:29+09:00,https://www.molit.go.kr/2024plan_traffic/news/bodo_2.pdf,data/raw/evidence/bodo_2.pdf,90f107e315964eadde4d306bc9bd50f6b4883562335c9cbb3a6a6c4b486b8c77,11쪽 동부권; 저장 원문 문맥,"<남양주 왕숙‧양정역세권> ➊송파하남선 ➋동남로 연결도로 신설 ➌동남로 확장·개선 ➊강동하남남양주선 ➋경의중앙선 역사 신설 ➌국도 6호선 확장 ❹시도13호선 확장 ㅇ (북부권) 고양창릉, 양주신도시등에약1.8조원(11개사업) 투자 ⇨사업별6개월~3년단축 * 2기 신도시 대비 2～8년(평균 4.8년) 단축",plan_confirmation,미정,unknown,rail,district,high,needs_human,"2024년 투자 우선순위 재확인, 개통일 약속은 F009 사용; 남양주왕숙 대책 항목 나열, 세부 준공/개통 목표일 부재. plan_confirmation으로 재분류",F010,F010,3G_forward,https://www.molit.go.kr/2024plan_traffic/news/bodo_2.pdf,pdf,,,,강동하남남양주선,집중 투자,200,2962879,evidence/text/2024-01-25_신도시_광역교통_개선_투자계획.txt,PARAPHRASE_CONTEXT,1,PARAPHRASE; 인용문:TOO_SHORT,,FALSE,1,,,,,,https://www.molit.go.kr/2024plan_traffic/news/bodo_2.pdf,data/raw/evidence/bodo_2.pdf,90f107e315964eadde4d306bc9bd50f6b4883562335c9cbb3a6a6c4b486b8c77,,,,,,promise_source,unverified,,,PDF-038,data/raw/evidence/bodo_2.pdf,90f107e315964eadde4d306bc9bd50f6b4883562335c9cbb3a6a6c4b486b8c77,sha256,1.0,matched_existing,success,29,19818,,,,2020-12-29,,absent,,,,,,,,,,
SRC-F011,남양주 왕숙,official_press_release,"진접선 개통, 남양주의 새로운 길이 열립니다",국토교통부,2022-03-18,2026-08-31T21:16:29+09:00,https://www.molit.go.kr/USR/NEWS/m_71/dtl.jsp?id=95086587&lcmspage=60,data/raw/evidence/documents/남양주 왕숙/2022-03-18_진접선_개통__남양주의_새로운_길이_열립니다.html,ad7806c3360f86c8f5018922d0dd6b57fff128514c7e81757630cbccc5cc5e8e,국토부 진접선 개통 보도자료 제목 및 리드,"진접선 개통, 남양주의 새로운 길이 열립니다. 서울도시철도 4호선 진접선(당고개~진접) 14.9km 연장 3개역 신설. 2022년 3월 19일 개통.",basic_service,2022-03-19,day,rail,adjacent_corridor,high,verified,왕숙 인접 기존 철도 기준선이며 왕숙 교통약속 이행 아님,F011,F011,3G_forward,https://www.molit.go.kr/USR/NEWS/m_71/dtl.jsp?id=95086587&lcmspage=60,html,2022-03-19,2022-03-19,2022-03-19,진접선(4호선 연장),개통,200,61591,evidence/text/2022-03-18_진접선_개통__남양주의_새로운_길이_열립니다.txt,Y_NORMALIZED,0.98,,,FALSE,1,,,,,,,,,출퇴근 10~12분,,,2022-03-19,개통일 자체가 아니라 해당 첫차·배차 서비스의 시행일,service_level,unverified,,,,,,,,,,,,,,,,,,TRUE,parkd,2026-09-02T20:22:00+09:00,A1B1C1D1E1,,,,,,
SRC-F012,남양주 왕숙,official_press_release,"별내선 개통, 첫 열차 운행",경기도,2024-08-10,2026-08-31T21:16:29+09:00,https://gnews.gg.go.kr/briefing/brief_gongbo_view.do?BS_CODE=s017&number=62697&subject_Code=BO01,data/raw/evidence/documents/남양주 왕숙/2024-08-10_별내선_개통__첫_열차_운행.html,7426809fef38ea73371315bb6b00306b5876f9570b98d55705d620541531d6a2,본문; 저장 원문 문맥,"공유 URL URL복사 * 프린트 남양주시 별내역과 서울 암사역을 잇는 지하철 8호선 연장 별내선(암사~별내)이 공식 운행을 앞두고 9일 개통식과 시승식을 가졌다. 별내선은 별내역에서 10일 오전 5시 32분 첫차부터 운행을 시작한다. 남양주 별내에서 잠실까지 이동 시간을 기존 45분에서 27분으로 줄여 경기 동북부 주민들의 교통 여건이 대폭 개선될 전망이다. 9일 오후 2시 별내역에서 열린 개통식에는 김동연 경기도지사, 박상우 국토교통부장관, 오세훈 서울시장, 지역 국회의원, 주민 등이 참석했다. 김동연 경기도지사는 ""별내선은 경기도가 직접 건설하고 시행한 경기북부 최초의 지하철 사업이라는 점에서 아주 남다른 의미를 가지고 있다""면서",basic_service,2024-08-10,day,rail,adjacent_corridor,high,duplicate,왕숙 광역교통대책의 별내선 연장 약속과 구분되는 기존 본선 기준선,F012,F012,3G_forward,https://gnews.gg.go.kr/briefing/brief_gongbo_view.do?BS_CODE=s017&number=62697&subject_Code=BO01,html,2024-08-10,2024-08-10,2024-08-10,별내선(8호선 연장),첫 열차,200,60091,evidence/text/2024-08-10_별내선_개통__첫_열차_운행.txt,PARAPHRASE_CONTEXT,0.5,PARAPHRASE; 인용문:TOO_SHORT,,FALSE,1,SRC-H023,,,,,https://gnews.gg.go.kr/briefing/brief_gongbo_view.do?BS_CODE=s017&number=62697&subject_Code=BO01,"data/raw/evidence/imported/SRC-F012/경기도， 별내선 개통. 남양주 별내에서 잠실까지 27분이면 간다. 김동연， “구리， 남양주. 경기동북부 주민들 교통 숨통 확 트일 것”.hwpx;data/raw/evidence/경기도, 별내선 개통. 남양주 별내에서 잠실까지 27분이면 간다. 김동연, “구리, 남양주. 경기동북부 주민들 교통 숨통 확 트일 것”.pdf",9cff104b4f41afbe4669f7a111d11ca3712b641fe4d2a7d52e5ec8fa9b6b8b2d;6725ccec06129673dcd030a56859bb9c08dc0d33fa297914ba75e9197c95f38b,4.5~8분,05:32(별내발),,2024-08-10,개통일 자체가 아니라 해당 첫차·배차 서비스의 시행일,service_level,verified,local_hwpx_xml,2026-09-02T18:00:00+09:00,PDF-072,"data/raw/evidence/경기도, 별내선 개통. 남양주 별내에서 잠실까지 27분이면 간다. 김동연, “구리, 남양주. 경기동북부 주민들 교통 숨통 확 트일 것”.pdf",6725ccec06129673dcd030a56859bb9c08dc0d33fa297914ba75e9197c95f38b,source_url,0.99,matched_existing,success,2,2361,,,,,,,,,,,,,,,,
SRC-F013,하남 교산,official_housing_notice,교산 푸르지오 더 퍼스트 입주자모집공고,한국토지주택공사,2025-03-31,2026-08-31T21:16:29+09:00,https://apply.lh.or.kr/lhapply/apply/wt/wrtanc/selectWrtancInfo.do?aisTpCd=05&ccrCnntSysDsCd=02&mi=1027&panId=0000060838&uppAisTpCd=05,data/raw/evidence/documents/하남 교산/2025-03-31_교산_푸르지오_더_퍼스트_입주자모집공고.html,6148722fa9e6fb4ef4ecf538e89bd1564b5e371ee3578caa4e6d9048936852be,LH 청약플러스 A2 공급정보 > 입주예정일 항목,"전용면적(㎡) : 51.87 ~ 59.99 총 세대수 : 1,115 입주예정일 : 2029년 06월",occupancy_planned_block,Jun-29,month,,block,high,verified,원공고의 미래 예정일,F013,F013,3G_forward,https://apply.lh.or.kr/lhapply/apply/wt/wrtanc/selectWrtancInfo.do?aisTpCd=05&ccrCnntSysDsCd=02&mi=1027&panId=0000060838&uppAisTpCd=05,html,2029-06-30,2029-06-01,2029-06-30,,입주예정일,200,190728,evidence/text/2025-03-31_교산_푸르지오_더_퍼스트_입주자모집공고.txt,Y_NORMALIZED,0.98,,,FALSE,1,,A2,v2,superseded,SRC-E2-A08,,,,,,,,입주자모집공고/공급정보의 입주예정일,planned_block,unverified,,,,,,,,,,,,2025-03-31_교산_푸르지오_더_퍼스트_입주자모집공고.txt,,,,,,TRUE,parkd,2026-09-02T20:11:00+09:00,A1B1C1D1E1,,,,,,
SRC-F014,하남 교산,official_housing_notice,교산 푸르지오 더 퍼스트 정정공고,한국토지주택공사,2025-03-31,2026-08-31T21:16:29+09:00,https://apply.lh.or.kr/lhapply/apply/wt/wrtanc/selectWrtancInfo.do?aisTpCd=05&ccrCnntSysDsCd=02&mi=1027&panId=0000060855&uppAisTpCd=05,data/raw/evidence/documents/하남 교산/2025-03-31_교산_푸르지오_더_퍼스트_정정공고.html,d32f5a13e0313fd406b65a4345ecd2b2ed97a521b75c7b75333a26ae6128c997,LH 청약플러스 A2 공급정보(중복 게시) > 입주예정일 항목,"전용면적(㎡) : 51.87 ~ 59.99 총 세대수 : 1,115 입주예정일 : 2029년 06월",occupancy_planned_block,Jun-29,month,,block,high,verified,정정공고에서도 예정월이 유지됨을 확인,F014,F014,3G_forward,https://apply.lh.or.kr/lhapply/apply/wt/wrtanc/selectWrtancInfo.do?aisTpCd=05&ccrCnntSysDsCd=02&mi=1027&panId=0000060855&uppAisTpCd=05,html,2029-06-30,2029-06-01,2029-06-30,,입주예정일,200,192529,evidence/text/2025-03-31_교산_푸르지오_더_퍼스트_정정공고.txt,Y_NORMALIZED,0.98,,,FALSE,1,,A2,v5,superseded,SRC-PDF-008-OCCU-1,,,,,,,,입주자모집공고/공급정보의 입주예정일,planned_block,unverified,,,,,,,,,,,,2025-03-31_교산_푸르지오_더_퍼스트_정정공고.txt,,,,,,TRUE,parkd,2026-09-02T20:11:00+09:00,A1B1C1D1E1,,,,,,
SRC-F015,하남 교산,official_press_release,하남교산·과천 광역교통개선대책 확정,국토교통부 대도시권광역교통위원회,2020-05-21,2026-08-31T21:16:29+09:00,https://www.molit.go.kr/mta/USR/N0201/m_36770/dtl.jsp?id=95083918&lcmspage=88,data/raw/evidence/documents/하남 교산/2020-05-21_하남교산_과천_광역교통개선대책_확정.html,4817a8af4673acbc0d43eece66ca74d2e9537fb6dec0abc36be2a178e75230b6,국토부 하남교산 광역교통개선대책 본문 > 도시철도 준공 목표 문단,"광역교통개선대책 확정 이후, 사업시행에 장기간 소요되는 도시철도는 국토교통부, 서울시, 경기도, 하남시, LH 등이 참여하는 관계기관 협의체를 통해 2028년 준공을 목표로 추진한다.",promise_date,2028,year,rail,district,high,verified,최초 확정 목표이며 현재 송파하남선 일정과 변경 여부를 추적해야 함,F015,F015,3G_forward,https://www.molit.go.kr/mta/USR/N0201/m_36770/dtl.jsp?id=95083918&lcmspage=88,html,2028-12-31,2028-01-01,2028-12-31,송파하남선,준공을 목표로 추진,200,30735,evidence/text/2020-05-21_하남교산_과천_광역교통개선대책_확정.txt,Y_NORMALIZED,0.98,,,FALSE,1,,,,,,https://www.molit.go.kr/mta/USR/N0201/m_36770/dtl.jsp?id=95083918&lcmspage=88,data/raw/evidence/200521(14시이후) 하남교산 신도시_과천지구 광역교통개선대책 확정(공공택지기획과).pdf,fb08785a7962ad8088d930c4598ac1d095187eb34f7a52ea2b675bb0f5fc72cc,,,,,,promise_source,verified,local_pdf_text,2026-09-02T18:00:00+09:00,,,,,,,,,,2020-05-21_하남교산_과천_광역교통개선대책_확정.txt,,,,2028-12-31,year,TRUE,parkd,2026-09-02T20:11:00+09:00,A1B1C1D1E1,,,,,,
SRC-F016,하남 교산,official_plan,2024년 교통 분야 민생토론회,국토교통부,2024-01-25,2026-08-31T21:16:29+09:00,https://www.molit.go.kr/2024plan_traffic/main.jsp,data/raw/evidence/documents/하남 교산/2024-01-25_2024년_교통_분야_민생토론회.html,cf44511a66ef2ff733c9e6ee1c60fcd1eae70390a999d827e1b10f15519321d9,동부권 광역교통 투자; 저장 원문 문맥,"추진), 3)예비타당성조사 절차 단축 등 (동부권) 남양주 왕숙, 하남 교산 등에 약 4조원(8개 사업) 투자 ⇨ 사업별 6개월～2년 단축 * 2기 신도시 대비 1～8년(평균 5년) 단축 * (하남 교산 : 동남로 연결도로 신설) 개선대책 절차 간소화 등으로 약 2년 단축 (북부권) 고양 창릉, 양주 신도시 등에 약 1.8조원(11개 사업) 투자 ⇨ 사업별 6개월~3년 단축 * 2기 신도시 대비 2～8년(평균 4.8년) 단축 * (양주신도시 : 국도 3호선 확장) 국토부가 사업 규모 조정‧중재 등으로 약 3년 단축",plan_confirmation,미정,unknown,road,district,high,needs_human,"사업기간 단축 약속이며 실제 완공일 제시는 아님; 동부권 광역교통 투자 총액 서술, 하남교산 개별 목표일 부재. plan_confirmation으로 재분류",F016,F016,3G_forward,https://www.molit.go.kr/2024plan_traffic/main.jsp,html,,,,동남로 연결도로,집중 투자·단축,200,43606,evidence/text/2024-01-25_2024년_교통_분야_민생토론회.txt,PARAPHRASE_CONTEXT,1,PARAPHRASE; 인용문:TOO_SHORT,,FALSE,1,,,,,,https://www.molit.go.kr/2024plan_traffic/main.jsp,data/raw/evidence/민생토론회(교통) _ 국토교통부.pdf,8f0fe3faf922f11b696f2037df4e39f81f0469ee14c22ff396095a3bede4965c,,,,,,promise_source,unverified,,,PDF-086,data/raw/evidence/민생토론회(교통) _ 국토교통부.pdf,8f0fe3faf922f11b696f2037df4e39f81f0469ee14c22ff396095a3bede4965c,source_url,0.99,matched_existing,success,14,10981,,,,2020-05-08,,absent,,,,,,,,,,
SRC-F017,하남 교산,official_press_release,하남선 1단계 개통,하남시,2020-08-07,2026-08-31T21:16:29+09:00,https://www.hanam.go.kr/sosik/selectBbsNttView.do?bbsNo=1164&integrDeptCode=&key=10048&nttNo=210883&pageIndex=426&searchCnd=all&searchCtgry=&searchKrwd=&selectPageUnit=,data/raw/evidence/documents/하남 교산/2020-08-07_하남선_1단계_개통.html,268065f4354f3297624b33b5c737b4af1b40ad90f5bff6b53ce3936878e72500,본문; 저장 원문 문맥,"○ 7일 미사역 대합실에서 이재명 도지사, 김상호 시장, 시민 등 120여명 참석한 가운데 ‘하남시 지하철 시대 개막’ 축하 개통식 열어 김상호 하남시장은 “하남 5호선 개통은 서울과 경기, 원도심과 신도시, 사람과 일자리를 잇는 하남시의 꿈에 한걸음 다가서는 계기가 될 것”이라며 지하철 개통이 갖는 의미를 강조했다. 하남시는 개통을 하루 앞둔 7일, 경기도와 시 주관으로 지하철 시대의 개막을 축하하는 ‘하남선 1단계(미사역~하남풍산역) 개통식’을 미사역 대합실에서 개최했다고 밝혔다. 이날 행사는 코로나19로 인한 사회적 거리두기를 적용, 이재명 경기도지사, 김상호 시장, 주요인사 및 시민 등 120여명만 참석해 진행됐다. 행사는 동영상으로 사업경과 보고를 받은 후, 이 도지사의 기념사와 김 시장 등 주요인사의 축사, 홀로그램을 활용한 세리머니 순으로 진행됐다.",basic_service,2020-08-08,day,rail,adjacent_corridor,high,duplicate,"교산 입주 전 기존 하남선 기준선, 송파하남선 약속 이행 아님",F017,F017,3G_forward,https://www.hanam.go.kr/sosik/selectBbsNttView.do?bbsNo=1164&integrDeptCode=&key=10048&nttNo=210883&pageIndex=426&searchCnd=all&searchCtgry=&searchKrwd=&selectPageUnit=,html,2020-08-08,2020-08-08,2020-08-08,하남선(5호선 연장),운행 시작,200,39840,evidence/text/2020-08-07_하남선_1단계_개통.txt,PARAPHRASE_CONTEXT,0.6,PARAPHRASE; 인용문:TOO_SHORT,,FALSE,1,SRC-H029,,,,,,,,평일 출퇴근 10분; 그 외·주말·공휴일 12~24분,05:38(하남풍산발),,2020-08-08,개통일 자체가 아니라 해당 첫차·배차 서비스의 시행일,service_level,unverified,,,,,,,,,,,,,,,,,,,,,,,,,,,
SRC-F018,하남 교산,official_press_release,지하철 5호선 하남선 전 구간 개통,하남시,2021-03-26,2026-08-31T21:16:29+09:00,https://www.hanam.go.kr/sosik/selectBbsNttView.do?bbsNo=1164&integrDeptCode=&key=10048&nttNo=321801&pageIndex=258&searchCnd=all&searchCtgry=&searchKrwd=&selectPageUnit=,data/raw/evidence/documents/하남 교산/2021-03-26_지하철_5호선_하남선_전_구간_개통.html,8075b0e7df9f7dbaf71bc879d8388fe5e3e8db8f74e6e4b74926612667684f1a,본문; 저장 원문 문맥,"종합적으로 감안해 10대 뉴스로 최종 결정했다. 올 한 해 하남을 빛나게 한 주요 뉴스를 살펴본다. ① 지하철 5호선 전 구간 개통…‘지하철 시대’ 활짝 지하철 5호선 ‘하남선’ 2단계 구간인 ‘하남시청(덕풍·신장)역-하남검단산역’이 지난 3월 27일 오전 5시 30분 첫 운행을 시작했다. 이에 따라 2020년 8월 운영을 시작한 1단계 구간인 미사역-하남풍산역에 이어 지하철 5호선 ‘하남선’ 전 구간이 개통하게 됐다. ‘하남선’은 기존 5호선 종착역인 서울시 강동구 상일동역에서부터 강일역, 미사역, 하남풍산역, 하남시청(덕풍·신장)역, 하남검단산역까지 총 7.7㎞를 연결하는 노선이다. 지난 2015년 착공했으며, 총 사업비는 9,810억 원으로 이 가운데 시비는 833억이 투입됐다.",basic_service,2021-03-27,day,rail,adjacent_corridor,high,duplicate,하남 기존 철도망 기준선으로만 사용,F018,F018,3G_forward,https://www.hanam.go.kr/sosik/selectBbsNttView.do?bbsNo=1164&integrDeptCode=&key=10048&nttNo=321801&pageIndex=258&searchCnd=all&searchCtgry=&searchKrwd=&selectPageUnit=,html,2021-03-27,2021-03-27,2021-03-27,하남선(5호선 연장),첫 열차 출발,200,97832,evidence/text/2021-03-26_지하철_5호선_하남선_전_구간_개통.txt,PARAPHRASE_CONTEXT,0.667,PARAPHRASE; 인용문:TOO_SHORT,,FALSE,1,SRC-H030,,,,,,,,,5:30,,2021-03-27,개통일 자체가 아니라 해당 첫차·배차 서비스의 시행일,service_level,unverified,,,,,,,,,,,,,,,,,,,,,,,,,,,
SRC-F019,고양 창릉,official_housing_notice,고양창릉 A-4블록 신혼희망타운 입주자모집공고,한국토지주택공사,2025-01-31,2026-08-31T21:16:29+09:00,https://apply.lh.or.kr/lhapply/apply/wt/wrtanc/selectWrtancInfo.do?aisTpCd=39&ccrCnntSysDsCd=02&mi=1027&panId=0000060802&uppAisTpCd=39,data/raw/evidence/documents/고양 창릉/2025-01-31_고양창릉_A-4블록_신혼희망타운_입주자모집공고.html,e4a387df85f8daae54bf9abeeb928f870bf686f83a27d2b04baa393e1403fadd,LH 청약플러스 A-04 공급정보 > 입주예정월 항목,전용면적(㎡) : 55.78 ~ 55.98 총 세대수 : 900 입주예정월 : 2028년 01월,occupancy_planned_block,Jan-28,month,,block,high,verified,미래 예정월,F019,F019,3G_forward,https://apply.lh.or.kr/lhapply/apply/wt/wrtanc/selectWrtancInfo.do?aisTpCd=39&ccrCnntSysDsCd=02&mi=1027&panId=0000060802&uppAisTpCd=39,html,2028-01-31,2028-01-01,2028-01-31,,입주예정월,200,192823,evidence/text/2025-01-31_고양창릉_A-4블록_신혼희망타운_입주자모집공고.txt,Y_NORMALIZED,0.98,,,FALSE,1,,A-4,v1,superseded,,,,,,,,,입주자모집공고/공급정보의 입주예정일,planned_block,unverified,,,,,,,,,,,,2025-01-31_고양창릉_A-4블록_신혼희망타운_입주자모집공고.txt,,,,,,TRUE,parkd,2026-09-02T20:11:00+09:00,A1B1C1D1E1,,,,,,
SRC-F020,고양 창릉,official_housing_notice,고양창릉 S-5블록 공공분양주택 입주자모집공고,한국토지주택공사,2025-01-31,2026-08-31T21:16:29+09:00,https://apply.lh.or.kr/lhapply/apply/wt/wrtanc/selectWrtancInfo.do?aisTpCd=05&ccrCnntSysDsCd=02&mi=1027&panId=0000060807&uppAisTpCd=05,data/raw/evidence/documents/고양 창릉/2025-01-31_고양창릉_S-5블록_공공분양주택_입주자모집공고.html,19b4c82a88778520cbffc6fc57418825966d34b995b62ff6965cd59d3083eb81,LH 청약플러스 S-05 공급정보 > 입주예정일 항목,전용면적(㎡) : 51.91 ~ 84.96 총 세대수 : 759 입주예정일 : 2028년 01월,occupancy_planned_block,Jan-28,month,,block,high,verified,독립 블록 공고로 예정월 교차확인,F020,F020,3G_forward,https://apply.lh.or.kr/lhapply/apply/wt/wrtanc/selectWrtancInfo.do?aisTpCd=05&ccrCnntSysDsCd=02&mi=1027&panId=0000060807&uppAisTpCd=05,html,2028-01-31,2028-01-01,2028-01-31,,입주예정일,200,199405,evidence/text/2025-01-31_고양창릉_S-5블록_공공분양주택_입주자모집공고.txt,Y_NORMALIZED,0.98,,,FALSE,1,,S-5,,,,,,,,,,,입주자모집공고/공급정보의 입주예정일,planned_block,unverified,,,,,,,,,,,,2025-01-31_고양창릉_S-5블록_공공분양주택_입주자모집공고.txt,,,,,,TRUE,parkd,2026-09-02T20:11:00+09:00,A1B1C1D1E1,,,,,,
SRC-F021,고양 창릉,official_press_release,남양주왕숙·고양창릉 신도시 교통대책 확정,국토교통부 대도시권광역교통위원회,2020-12-29,2026-08-31T21:16:29+09:00,https://www.molit.go.kr/mta/USR/N0201/m_36770/dtl.jsp?id=95084988&lcmspage=1,data/raw/evidence/documents/고양 창릉/2020-12-29_남양주왕숙_고양창릉_신도시_교통대책_확정.html,8ee7a86658599816f214698b17e6e112177ba0732f00d6aeccf725dfc5e59a66,고양창릉 대책; 저장 원문 문맥,"등 기존 도로의 교통여건도 개선될 것으로 기대된다. [ 2. 고양창릉 광역교통개선대책 ] ◈ 고양~서울 은평간 도시철도 등 16개 사업에 총 2조 2천억원 투입 고양창릉지구는 대중교통 확충 부분 중 핵심사업으로 고양~서울 은평 간 도시철도 건설와 GTX-A 창릉역 신설을 추진한다. 또한, 고양시 지역 내 철도 소외지역 간 연계를 위해 대곡~고양시청, 식사~고양시청 신교통수단 사업을 계획하였다. * 대곡∼고양시청 신교통수단사업은 기존 교외선 활용 예정 버스 대중교통을 이용해 고양시 인근 도심지를 쉽고 빠르게 접근할 수 있도록 사업지 남북에 위치한 중앙로 및 통일로 BRT 연계를 위한",plan_confirmation,미정,unknown,rail,district,high,needs_human,"확정 원문, 사업별 개통 목표는 후속 계획으로 추적",F021,F021,3G_forward,https://www.molit.go.kr/mta/USR/N0201/m_36770/dtl.jsp?id=95084988&lcmspage=1,html,,,,고양은평선,신설을 추진,200,35788,evidence/text/2020-12-29_남양주왕숙_고양창릉_신도시_교통대책_확정.txt,PARAPHRASE_CONTEXT,0.571,PARAPHRASE; 인용문:TOO_SHORT,,FALSE,1,,,,,,https://www.molit.go.kr/portal/common/download/DownloadMltm2.jsp?FilePath=/upload/portal/DextUpload/202012/20201229_092632_077.hwp&FileName=201230(%EC%A1%B0%EA%B0%84)%EB%82%A8%EC%96%91%EC%A3%BC%EC%99%95%EC%88%99_%EA%B3%A0%EC%96%91%EC%B0%BD%EB%A6%89%20%EC%8B%A0%EB%8F%84%EC%8B%9C%20%EA%B5%90%ED%86%B5%EB%8C%80%EC%B1%85%20%ED%99%95%EC%A0%95(%EA%B3%B5%EA%B3%B5%ED%83%9D%EC%A7%80%EA%B8%B0%ED%9A%8D%EA%B3%BC%20%EA%B4%91%EC%97%AD%EA%B5%90%ED%86%B5%EC%A0%95%EC%B1%85%EA%B3%BC).hwp,data/raw/evidence/imported/SRC-F009/201230(조간)남양주왕숙_고양창릉 신도시 교통대책 확정(공공택지기획과 광역교통정책과).hwp,28b1bacbe0ea7e9ad4dd42c5659f47b22ef4a07e27221f47169c6838b10f657e,,,,,,promise_source,attachment_only,official_attachment_hash,2026-09-02T18:00:00+09:00,,,,,,,,,,,,,,,absent,,,,,,,,,,
SRC-F022,고양 창릉,official_plan_pdf,신도시 광역교통 개선 투자계획,국토교통부,2024-01-25,2026-08-31T21:16:29+09:00,https://www.molit.go.kr/2024plan_traffic/news/bodo_2.pdf,data/raw/evidence/bodo_2.pdf,90f107e315964eadde4d306bc9bd50f6b4883562335c9cbb3a6a6c4b486b8c77,11쪽 북부권; 저장 원문 문맥,"* (양주신도시 : 국도 3호선 확장) 국토부가 사업 규모 조정‧중재 등으로 약 3년 단축 <고양 창릉> <양주 신도시> ➊고양은평선 ➋화전역 환승시설 ➊,➋국도3호선 확장 - 12 - ㅇ (서부권) 인천계양, 부천대장등에약1조원(5개사업) 투자",promise_date,미정,unknown,rail,district,high,duplicate,2024년 집중투자 대상 재확인,F022,F022,3G_forward,https://www.molit.go.kr/2024plan_traffic/news/bodo_2.pdf,pdf,,,,고양은평선,집중 투자,200,2962879,evidence/text/2024-01-25_신도시_광역교통_개선_투자계획.txt,PARAPHRASE_CONTEXT,1,MISSING_MODE_LINE_SCOPE; 인용문:TOO_SHORT,,FALSE,1,SRC-F010,,,,,,,,,,,,,promise_source,unverified,,,,,,,,,,,,,,,,,,,,,,,,,,,
SRC-F023,고양 창릉,official_press_release,GTX-A 운정중앙~서울역 구간 12월 28일 개통,국토교통부,2024-12-11,2026-08-31T21:16:29+09:00,https://www.molit.go.kr/USR/NEWS/dtl.jsp?id=95090469&lcmspage=47,data/raw/evidence/documents/고양 창릉/2024-12-11_GTX-A_운정중앙_서울역_구간_12월_28일_개통.html,7a6ec410b2924164a236a0822a7dc0c53f48a479da8f2a672f6dae714cf189e1,국토부 GTX-A 운정중앙~서울역 개통 보도자료 제목 및 리드,"GTX-A '운정중앙~서울역'구간, 12월 28일 개통. 27일 개통기념식 및 사전시승식 행사 개최. 2024-12-28 정식 개통.",actual_operation,2024-12-28,day,rail,adjacent_corridor,high,verified,"창릉역은 아직 미정차, GTX-A 기존 구간 기준선일 뿐 약속 이행 아님; 배차·첫차·막차 근거가 없어 basic_service에서 actual_operation으로 재분류; 약속 이행 아님, baseline only",F023,F023,3G_forward,https://www.molit.go.kr/USR/NEWS/dtl.jsp?id=95090469&lcmspage=47,html,2024-12-28,2024-12-28,2024-12-28,GTX-A 운정중앙~서울역,개통,200,61285,evidence/text/2024-12-11_GTX-A_운정중앙_서울역_구간_12월_28일_개통.txt,Y_NORMALIZED,0.98,,,FALSE,1,,,,,,,,,,,,,운영기관·국토부의 개통/전 구간 개통일,baseline_only,unverified,,,,,,,,,,,,,,,,,,TRUE,parkd,2026-09-02T20:22:00+09:00,A1B1C1D1E1,,,,,,
SRC-F024,고양 창릉,official_press_release,대곡~소사 복선전철 7월 1일 개통,국토교통부,2023-06-30,2026-08-31T21:16:29+09:00,https://www.molit.go.kr/USR/NEWS/m_72/dtl.jsp?id=95088517&lcmspage=5,data/raw/evidence/documents/고양 창릉/2023-06-30_대곡_소사_복선전철_7월_1일_개통.html,805805051e9bff565c9ea87ca545c58172d6fb52684c432d4476e5a0522eaf17,국토부 대곡~소사 복선전철 개통 참고자료 제목 및 리드,[참고] 대곡~소사 복선전철 7월 1일 개통. 경기 서북부지역 종단 전철 연결로 교통 소외 해소. 2023-07-01 개통.,actual_operation,2023-07-01,day,rail,adjacent_corridor,high,verified,"고양 서남부 기존 철도 기준선, 고양은평선과 별개; 배차·첫차·막차 근거가 없어 basic_service에서 actual_operation으로 재분류; 약속 이행 아님, baseline only",F024,F024,3G_forward,https://www.molit.go.kr/USR/NEWS/m_72/dtl.jsp?id=95088517&lcmspage=5,html,2023-07-01,2023-07-01,2023-07-01,서해선 대곡~소사,개통,200,58513,evidence/text/2023-06-30_대곡_소사_복선전철_7월_1일_개통.txt,Y_NORMALIZED,0.98,,,FALSE,1,,,,,,,,,,,,,운영기관·국토부의 개통/전 구간 개통일,baseline_only,unverified,,,,,,,,,,,,,,,,,,TRUE,parkd,2026-09-02T20:22:00+09:00,A1B1C1D1E1,,,,,,
SRC-F025,부천 대장,official_housing_notice,부천대장 A5·A6블록 행복주택 입주자 최초모집,한국토지주택공사,2026-07-23,2026-08-31T21:16:29+09:00,https://apply.lh.or.kr/lhapply/apply/wt/wrtanc/selectWrtancInfo.do?aisTpCd=42&ccrCnntSysDsCd=03&panId=2015122300020448&uppAisTpCd=39,data/raw/evidence/documents/부천 대장/2026-07-23_부천대장_A5_A6블록_행복주택_입주자_최초모집.html,a2c5229416956e228a75c90d8b04952434069c504ad625280c6dea584731fd86,LH 청약플러스 A5·A6 공급정보 > 입주예정월 항목,전용면적(㎡) : 46.89~55.93 총 세대수 : 314 입주예정월 : 2027.11,occupancy_planned_block,Nov-27,month,,block,high,verified,현재 확인된 가장 이른 블록 예정월 후보,F025,F025,3G_forward,https://apply.lh.or.kr/lhapply/apply/wt/wrtanc/selectWrtancInfo.do?aisTpCd=42&ccrCnntSysDsCd=03&panId=2015122300020448&uppAisTpCd=39,html,2027-11-30,2027-11-01,2027-11-30,,입주예정월,200,245515,evidence/text/2026-07-23_부천대장_A5_A6블록_행복주택_입주자_최초모집.txt,Y_NORMALIZED,0.98,,,FALSE,1,,A5,v1,superseded,,,,,,,,,입주자모집공고/공급정보의 입주예정일,planned_block,unverified,,,,,,,,,,,,2026-07-23_부천대장_A5_A6블록_행복주택_입주자_최초모집.txt,,,,,,TRUE,parkd,2026-09-02T20:11:00+09:00,A1B1C1D1E1,,,,,,
SRC-F026,부천 대장,official_housing_notice,부천대장 A8블록 공공분양주택 입주자모집공고,한국토지주택공사,2025-04-30,2026-08-31T21:16:29+09:00,https://apply.lh.or.kr/lhapply/apply/wt/wrtanc/selectWrtancInfo.do?aisTpCd=05&ccrCnntSysDsCd=02&mi=1027&panId=0000060865&uppAisTpCd=05,data/raw/evidence/documents/부천 대장/2025-04-30_부천대장_A8블록_공공분양주택_입주자모집공고.html,a3f97246c7b08c98b53bbd90c7304fa0c90093ff5dce1ea14ba53279df9073d0,LH 청약플러스 A8 공급정보 > 입주예정일 항목,전용면적(㎡) : 59.42 ~ 59.69 총 세대수 : 392 입주예정일 : 2028년 01월,occupancy_planned_block,Jan-28,month,,block,high,verified,"후속 블록 예정일, F025보다 늦음",F026,F026,3G_forward,https://apply.lh.or.kr/lhapply/apply/wt/wrtanc/selectWrtancInfo.do?aisTpCd=05&ccrCnntSysDsCd=02&mi=1027&panId=0000060865&uppAisTpCd=05,html,2028-01-31,2028-01-01,2028-01-31,,입주예정일,200,195279,evidence/text/2025-04-30_부천대장_A8블록_공공분양주택_입주자모집공고.txt,Y_NORMALIZED,0.98,,,FALSE,1,,A8,v2,latest,SRC-PDF-092-OCCU-1,,,,,,,,입주자모집공고/공급정보의 입주예정일,planned_block,unverified,,,,,,,,,,,,2025-04-30_부천대장_A8블록_공공분양주택_입주자모집공고.txt,,,,,,TRUE,parkd,2026-09-02T20:11:00+09:00,A1B1C1D1E1,,,,,,
SRC-F027,부천 대장,official_press_release,인천계양·부천대장 광역교통개선대책 확정,국토교통부 대도시권광역교통위원회,2021-01-24,2026-08-31T21:16:29+09:00,https://www.molit.go.kr/mta/USR/N0201/m_36770/dtl.jsp?id=95085094&lcmspage=2,data/raw/evidence/documents/부천 대장/2021-01-24_인천계양_부천대장_광역교통개선대책_확정.html,154c414897c7d63020ea7b9608ecd089af1a1ed7f4185e759a77ac2f09fef7b1,인천계양·부천대장 대중교통 대책; 저장 원문 문맥,"추진할 계획이다. 금번 교통대책이 확정된 인천계양, 부천대장은 서로 인접한 지구임을 감안하여 신도시 간 연계성을 강화하기 위해 두 지구를 통합하여 광역교통개선대책을 수립하였다. 대중교통 부분은 김포공항역~계양지구~대장지구~부천종합운동장을 잇는 S-BRT* 등 신교통수단을 설치하여 주변 철도노선(5*7*9호선, 공항철도, GTX-B 등)으로의 원활한 연계가 가능한 교통망을 구축한다. * Super BRT : BRT(간선급행버스체계) 일종으로 지하철 수준의 속도ㆍ정시성을 갖춘 최고급형 BRT 도로교통 부분은 국도39호선(벌말로) 확장, 경명대로 신설, 오정로 확장 등을 통해 도로용량을 확보하고 도로 간 연계성을 개선하여 광역교통",plan_confirmation,미정,unknown,sbrt,district,high,needs_human,확정 원문이나 개통일은 명시하지 않음,F027,F027,3G_forward,https://www.molit.go.kr/mta/USR/N0201/m_36770/dtl.jsp?id=95085094&lcmspage=2,html,,,,계양~대장 S-BRT,설치·구축한다,200,27350,evidence/text/2021-01-24_인천계양_부천대장_광역교통개선대책_확정.txt,PARAPHRASE_CONTEXT,0.5,PARAPHRASE; 인용문:TOO_SHORT,,FALSE,1,,,,,,,,,,,,,,promise_source,unverified,,,,,,,,,,,,,,,,,absent,,,,,,,,,,
SRC-F028,부천 대장,official_service_page,BRT 고급화(S-BRT) 추진,국토교통부 대도시권광역교통위원회,확인불가,2026-08-31T21:16:29+09:00,https://www.molit.go.kr/mta/USR/WPGE0201/m_36794/DTL.jsp,data/raw/evidence/documents/부천 대장/확인불가_BRT_고급화_S-BRT__추진.html,ea7e2a95951f422d9bc6adee96f50dae36ad3fbc19b3e1d59600f6fbb5e48c15,S-BRT 시범사업 목록; 저장 원문 문맥,"(모란사거리-단대 오거리-남한산성) | L=9.3km (도계광장-가음정사거리) | L=22.9km (세종BRT 고급화) 사업기간 | ’19～’26 | ’21～’26 | ’21～’24 | ’19～’24 | ’17～’22 시행주체 | LH | 인천광역시 | 성남시 | 창원시 | LH ##### 기존 BRT와 S-BRT 사진대지 기존 BRT와 S-BRT의 사진대지 목록으로 구분, 기존 BRT(교차로처리, 정류장, 차량, 수평승하차), S-BRT(교차로처리, 정류장, 차량, 수평승하차)정보가 확인됩니다. 구분 | 기존 BRT | S-BRT",promise_date,2026,unknown,sbrt,district,high,duplicate,"갱신형 페이지, 사업기간 종료와 영업개시는 동일하지 않음 | 사업기간 ’19~’26은 개통일이 아니므로 date_precision=unknown; 사업기간 종료 ≠ 영업개시",F028,F028,3G_forward,https://www.molit.go.kr/mta/USR/WPGE0201/m_36794/DTL.jsp,html,2026,,,계양~대장 S-BRT,차질 없이 추진,200,53484,evidence/text/확인불가_BRT_고급화_S-BRT__추진.txt,PARAPHRASE_CONTEXT,0.5,PARAPHRASE; 인용문:TOO_SHORT,,FALSE,1,SRC-F004,,,,,,,,,,,,,promise_source,unverified,,,,,,,,,,,,,,,,,absent,,,,,,,,,,
SRC-F029,부천 대장,official_press_release,대곡~소사 복선전철 7월 1일 개통,국토교통부,2023-06-30,2026-08-31T21:16:29+09:00,https://www.molit.go.kr/USR/NEWS/m_72/dtl.jsp?id=95088517&lcmspage=5,data/raw/evidence/documents/부천 대장/2023-06-30_대곡_소사_복선전철_7월_1일_개통.html,3a440438e7ec34858de3d17f59dba5933f55f9ce9ba439a881006c9271a68f11,국토부 대곡~소사 복선전철 개통 참고자료 제목 및 리드 (부천대장 관점),[참고] 대곡~소사 복선전철 7월 1일 개통. 경기 서북부지역 종단 전철 연결. 2023-07-01 개통.,actual_operation,2023-07-01,day,rail,adjacent_corridor,high,verified,"원종·부천종합운동장 기존 철도 기준선, 대장 S-BRT 이행 아님; 배차·첫차·막차 근거가 없어 basic_service에서 actual_operation으로 재분류; 약속 이행 아님, baseline only",F029,F029,3G_forward,https://www.molit.go.kr/USR/NEWS/m_72/dtl.jsp?id=95088517&lcmspage=5,html,2023-07-01,2023-07-01,2023-07-01,서해선 대곡~소사,개통,200,58513,evidence/text/2023-06-30_대곡_소사_복선전철_7월_1일_개통.txt,Y_NORMALIZED,0.98,,,FALSE,1,,,,,,,,,,,,,운영기관·국토부의 개통/전 구간 개통일,baseline_only,unverified,,,,,,,,,,,,,,,,,,TRUE,parkd,2026-09-02T20:22:00+09:00,A1B1C1D1E1,,,,,,
SRC-F030,부천 대장,official_service_page,소사-대곡선 사업현황,부천시,2025-11-03,2026-08-31T21:16:29+09:00,https://bucheon.go.kr/site/homepage/menu/viewMenu?menuid=148006006003003002,data/raw/evidence/documents/부천 대장/2025-11-03_소사-대곡선_사업현황.html,f66b4990197018219272aa85631fc7d627478966c4bb87d39cfeebd96de64df8,대곡~소사 복선전철 추진현황 본문 > 개통 문단,2021.6. 실시계획변경(7차) 고시(사업기간 ~2023.1.31.). 2023.7.1. 대곡~소사 복선전철 전 구간 개통.,actual_operation,2023-07-01,day,rail,adjacent_corridor,high,verified,"지자체 사후 현황이 실제개통일을 재확인, 대장지구 약속과 분리; 배차·첫차·막차 근거가 없어 basic_service에서 actual_operation으로 재분류; 약속 이행 아님, baseline only",F030,F030,3G_forward,https://bucheon.go.kr/site/homepage/menu/viewMenu?menuid=148006006003003002,html,2023-07-01,2023-07-01,2023-07-01,서해선 대곡~소사,전 구간 개통,200,156209,evidence/text/2025-11-03_소사-대곡선_사업현황.txt,Y_NORMALIZED,0.98,,,FALSE,1,,,,,,,,,,,,,운영기관·국토부의 개통/전 구간 개통일,baseline_only,unverified,,,,,,,,,,,,2025-11-03_소사-대곡선_사업현황.txt,,,,,,TRUE,parkd,2026-09-02T20:11:00+09:00,A1B1C1D1E1,,,,,,
SRC-H001,화성 동탄2,official_press_release,"LH 수도권 최대 신도시 동탄(2)지구, 첫 입주 시작",한국토지주택공사,2015-01-23,2026-08-31T21:16:29+09:00,https://www.lh.or.kr/gallery.es?act=view&b_list=8&bid=0003&keyField=&list_no=7977&mid=a10502000000&nPage=342&orderby=&vlist_no_npage=547,data/raw/evidence/documents/화성 동탄2/2015-01-23_LH_수도권_최대_신도시_동탄_2_지구__첫_입주_시작.html,186fbbd4158f0d99383f971b740a45594b0d65ff222357ec2be35ed32576ecdc,보도자료 본문 제목 + 등록일 확정,"LH 수도권 최대 신도시 동탄(2)지구, 첫 입주 시작 - 2015년 1월 23일 등록. 화성동탄2지구 첫 입주가 1월 넷째 주부터 순차 개시됨.",occupancy_first_actual,Jan-15,day,,district,high,verified,실제 최초입주를 직접 표제화한 LH 보도자료; HWP 원문 재접근 불가하여 보도자료 등록일(2015-01-23)을 최초 입주 기준일로 채택. Day 2 공백 3346일(2015-01-23 → 2024-03-30)로 단일값 확정,H001,H001,2G_historical,https://www.lh.or.kr/gallery.es?act=view&b_list=8&bid=0003&keyField=&list_no=7977&mid=a10502000000&nPage=342&orderby=&vlist_no_npage=547,html,2015-01-23,2015-01-23,2015-01-23,,첫 입주 시작,200,84516,evidence/text/2015-01-23_LH_수도권_최대_신도시_동탄_2_지구__첫_입주_시작.txt,Y_NORMALIZED,0.98,,,FALSE,1,,,,,,https://www.lh.or.kr/galleryDownload.es?bid=0003&list_no=7977&seq=1,data/raw/evidence/imported/SRC-H001/20150123_ 동탄2신도시 첫 입주.hwp,27b6ad3d1a72070c73aaf3ae06cfcea168bc56e728a1e093ebc847b56e66ae08,,,,,,canon_first_occupancy,attachment_only,official_attachment_hash,2026-09-02T18:00:00+09:00,,,,,,,,,,2015-01-23_LH_수도권_최대_신도시_동탄_2_지구__첫_입주_시작.txt + 첨부 HWP 27b6ad…,,,,,,TRUE,parkd,2026-09-02T20:11:00+09:00,A1B1C1D1E1,,,,,,
SRC-H002,화성 동탄2,official_press_release,동탄(2)신도시 개발계획 확정,국토교통부,2007-05-11,2026-08-31T21:16:29+09:00,https://www.molit.go.kr/USR/NEWS/m_18578/dtl.jsp?id=155208949&lcmspage=157,data/raw/evidence/documents/화성 동탄2/2007-05-11_동탄_2_신도시_개발계획_확정.html,192e29362a4c1c7ffd0383a68178cc767e91130b425d82bd9667b9cfc87350aa,동탄2 개발계획 확정 보도자료 본문 > 先 교통대책-後 입주 원칙 문단,'先 교통대책 - 後 입주'의 원칙하에 광역교통개선대책을 사전 확정하여 대중교통망을 입주 이전에 완벽하게 갖추도록 이루어지도록 할 계획이다.,plan_confirmation,Sep-12,month,,district,medium,verified,"초기 계획시점 후보이며 실제 최초입주는 H001로 재확인; occupancy_linked: 先 교통대책 - 後 입주 원칙; v8: promise_date→plan_confirmation (동탄2 canon promise는 H003 latest v_final=2024-06-30 rail, H002는 v1 근거)",H002,H002,2G_historical,https://www.molit.go.kr/USR/NEWS/m_18578/dtl.jsp?id=155208949&lcmspage=157,html,2012-09-30,2012-09-01,2012-09-30,,이루어지도록 할 계획,200,77151,evidence/text/2007-05-11_동탄_2_신도시_개발계획_확정.txt,Y_NORMALIZED,0.98,,,FALSE,v1,,,,,,,,,,,,,,canon_promise_v1,unverified,,,,,,,,,,,,2007-05-11_동탄_2_신도시_개발계획_확정.txt,,,2012-09-30,,occupancy_linked,TRUE,parkd,2026-09-02T20:11:00+09:00,A1B1C1D1E1,,,,,,
SRC-H003,화성 동탄2,official_press_release,수원호매실·화성동탄2 광역교통 특별대책,국토교통부 대도시권광역교통위원회,2022-10-26,2026-08-31T21:16:29+09:00,https://www.molit.go.kr/mta/USR/N0201/m_36770/dtl.jsp?id=95087345&lcmspage=5,data/raw/evidence/documents/화성 동탄2/2022-10-26_수원호매실_화성동탄2_광역교통_특별대책.html,13a063885f63b7ed81d889fc19b67294ea7b718629b3e158a3c951490f286f1a,본문 2. 화성동탄2 광역교통 특별대책 > GTX-A/동탄트램 서술,"(GTX-A) '24.上 수서~동탄 구간 부분 개통 예정, (동탄트램) '27.12월 개통 예정",promise_date,2024-H1,half_year,rail,district,high,verified,대책 확정 문서이며 개별 사업별 변경 가능성은 별도 추적 필요,H003,H003,2G_historical,https://www.molit.go.kr/mta/USR/N0201/m_36770/dtl.jsp?id=95087345&lcmspage=5,html,2024-06-30,2024-01-01,2024-06-30,GTX-A 수서~동탄,'24.上 수서~동탄 구간 부분 개통 예정,200,28790,evidence/text/2022-10-26_수원호매실_화성동탄2_광역교통_특별대책.txt,Y_NORMALIZED,0.98,,,TRUE,latest,,,,,,https://www.molit.go.kr/portal/common/download/DownloadMltm2.jsp?FilePath=/upload/portal/DextUpload/202210/20221026_094014_110.hwpx&FileName=221026(%EC%84%9D%EA%B0%84)_%EC%88%98%EC%9B%90_%ED%98%B8%EB%A7%A4%EC%8B%A4_%ED%99%94%EC%84%B1_%EB%8F%99%ED%83%842_%EA%B4%91%EC%97%AD%EA%B5%90%ED%86%B5%ED%8A%B9%EB%B3%84%EB%8C%80%EC%B1%85_%EB%B0%9C%ED%91%9C(%EA%B4%91%EC%97%AD%EA%B5%90%ED%86%B5%EC%A0%95%EC%B1%85%EA%B3%BC).hwpx,data/raw/evidence/imported/SRC-H003/221026(석간)_수원_호매실_화성_동탄2_광역교통특별대책_발표(광역교통정책과).hwpx,74559c5998f914659f03ac463e5d3dcc84711904e8cf927c4592cff20c181fcb,,,,,,canon_promise_final,verified,local_hwpx_xml,2026-09-02T18:00:00+09:00,,,,,,,,,,첨부 HWPX 추출 txt (74559c…),TBD,TBD,,2024-06-30,half_year,TRUE,parkd,2026-09-02T19:38:00+09:00,A1B1C1D1E1,,,,,,
SRC-H004,화성 동탄2,official_press_release,수원호매실·화성동탄2 광역교통 특별대책 주민간담회,국토교통부 대도시권광역교통위원회,2022-06-16,2026-08-31T21:16:29+09:00,https://www.molit.go.kr/mta/USR/N0201/m_36770/dtl.jsp?id=95086846&lcmspage=1,data/raw/evidence/documents/화성 동탄2/2022-06-16_수원호매실_화성동탄2_광역교통_특별대책_주민간담회.html,8373e47f77ceeaf11f8f57611ad1bf042889d32f5045388bfcab532e3114134e,화성동탄2 개선안; 저장 원문 문맥,"* (광역교통개선대책) 신도시 등 대규모 개발사업(면적 50만m2 또는 인구 1만명 이상)에 따른 교통문제 완화와 선교통-후개발 추진을 위하여 도입 대광위는 호매실과 동탄2 지구에서 추진 중인 광역철도(신분당선 호매실 연장, GTX-A 삼성~동탄 구간) 등 주요 광역교통시설이 확충되는 동안 두 지구에서의 광역교통 불편 완화를 위하여, 지자체(수원*화성시), LH(개발사업시행자), 한국교통연구원 등과 함께 서울 방면 등에 대한 광역버스 증차, 출*퇴근 전세버스 도입 등의 특별대책을 마련하고 있다. 대광위는 두 지구의 광역교통특별대책을 마련하는 과정에서 이번 주민간담회를 통해 제기되는 입주민들의 다양한 의견을 검토하여 입주민들에게 체감도가 높은 교통대책들을 특별대책에 반영하고, 향후 광역교통 불편해소에 도움이 되는 의견들의 경우에는 제도개선 등을 적극 검토할 계획이다. 호매실, 동탄2 지구에 대한 특별대책을 마무리한 이후에는 현재 사업시행자(LH)가 광역교통특별대책(안)을 마련 중인 평택 고덕지구에 대해서도",plan_confirmation,미정,unknown,express_bus,district,medium,needs_human,"확정 전 의견수렴 단계 후보라 H003보다 증거 우선순위가 낮음; 화성동탄2 광역교통 개선안 서술, 개별 노선 목표일 부재. plan_confirmation으로 재분류",H004,H004,2G_historical,https://www.molit.go.kr/mta/USR/N0201/m_36770/dtl.jsp?id=95086846&lcmspage=1,html,,,,동탄 광역버스,신설·증차,200,23410,evidence/text/2022-06-16_수원호매실_화성동탄2_광역교통_특별대책_주민간담회.txt,PARAPHRASE_CONTEXT,0.5,PARAPHRASE; 인용문:TOO_SHORT,,FALSE,1,,,,,,,,,,,,,,promise_source,unverified,,,,,,,,,,,,,,,2020,,absent,,,,,,,,,,
SRC-H005,화성 동탄2,official_press_release,GTX-A 수서~동탄 구간 3월 30일 개통,국토교통부,2024-03-29,2026-08-31T21:16:29+09:00,https://www.molit.go.kr/USR/NEWS/m_72/dtl.jsp?id=95089607&lcmspage=2,data/raw/evidence/documents/화성 동탄2/2024-03-29_GTX-A_수서_동탄_구간_3월_30일_개통.html,8d574faa72a6fcb866671e00af961c8a3435f8db51695c18c372357547b79bc7,국토부 참고자료 본문 상단 헤드라인 + 리드 문단,GTX-A 수서~동탄 3월 30일 개통 - 수도권 출퇴근 30분 시대 개막! 29일 수서역에서 개통기념식… 30일 05시 30분부터 첫 열차 운행,actual_operation,2024-03-30,day,rail,corridor,high,verified,동탄역을 직접 포함하는 실제 영업운행 개시; 원문 기준: molit.go.kr/USR/NEWS/m_72/dtl.jsp?id=95089607,H005,H005,2G_historical,https://www.molit.go.kr/USR/NEWS/m_72/dtl.jsp?id=95089607&lcmspage=2,html,2024-03-30,2024-03-30,2024-03-30,GTX-A 수서~동탄,개통·첫 열차 출발,200,58587,evidence/text/2024-03-29_GTX-A_수서_동탄_구간_3월_30일_개통.txt,Y_NORMALIZED,0.98,,,TRUE,1,,,,,,,,,,,,,,canon_actual_operation,unverified,,,,,,,,,,,,2024-03-29_GTX-A_수서_동탄_구간_3월_30일_개통.txt,,,,,,TRUE,parkd,2026-09-02T20:11:00+09:00,A1B1C1D1E1,,,,,,
SRC-H006,화성 동탄2,official_service_release,“Start SRT” 기대 속 첫 출발,에스알,2016-12-09,2026-08-31T21:16:29+09:00,https://www.srail.or.kr/cms/article/view.do?pageId=KR0502000000&postNo=56,data/raw/evidence/documents/화성 동탄2/2016-12-09__Start_SRT__기대_속_첫_출발.html,afe281f924c5c9a6d36b273d524df37506d339837651f6160fe0b006d24eab68,SRT 배포자료 본문 > 첫 출발 문단 (2016-12-09),"Start SRT 기대 속 첫 출발. 2016년 12월 9일 오전 5시 30분, 수서역에서 첫 열차가 본격적인 운행에 들어갔다.",actual_operation,2016-12-09,day,rail,corridor,high,verified,본문이 동탄역의 첫 운행 축하행사를 명시,H006,H006,2G_historical,https://www.srail.or.kr/cms/article/view.do?pageId=KR0502000000&postNo=56,html,2016-12-09,2016-12-09,2016-12-09,SRT 수서~부산·목포,본격적인 운행에 들어갔다,200,42904,evidence/text/2016-12-09__Start_SRT__기대_속_첫_출발.txt,Y_NORMALIZED,0.98,,,FALSE,1,,,,,,,,,,,,,,operation_start,unverified,,,,,,,,,,,,2016-12-09__Start_SRT__기대_속_첫_출발.txt,,,,,,TRUE,parkd,2026-09-02T20:11:00+09:00,A1B1C1D1E1,,,,,,
SRC-H007,김포 한강,official_press_release,김포한강신도시 아파트 첫 입주 등 입주물량 증가세,국토교통부,2011-06-30,2026-08-31T21:16:29+09:00,https://www.molit.go.kr/USR/NEWS/m_71/dtl.jsp?id=95068404&lcmspage=346,data/raw/evidence/documents/김포 한강/2011-06-30_김포한강신도시_아파트_첫_입주_등_입주물량_증가세.html,9ad6d54a2e031812263f4e52c1c1a6da2f6a69c9ef0c2c261dfc10f1c386d0ce,국토해양부 2011-06-23 보도자료 본문 제목 + 리드 문단,"김포한강신도시 아파트 첫 입주 등 입주물량 증가세 - 2011년 6월 17일 우남퍼스트빌(1,202세대) 첫 입주 개시",occupancy_first_actual,2011-06-17,day,,district,high,verified,정부가 지구 첫 입주를 직접 표제화; 뉴스핌/헤럴드경제/아주경제/한강신도시 우남퍼스트빌 2011-06-17 개시 교차확인. evidence_role=primary_first_occupancy,H007,H007,2G_historical,https://www.molit.go.kr/USR/NEWS/m_71/dtl.jsp?id=95068404&lcmspage=346,html,2011-06-17,2011-06-17,2011-06-17,,첫 입주,200,61161,evidence/text/2011-06-30_김포한강신도시_아파트_첫_입주_등_입주물량_증가세.txt,Y_NORMALIZED,0.98,,,FALSE,1,,,,,,,,,,,,,,primary_first_occupancy,unverified,,,,,,,,,,,,2011-06-30_김포한강신도시_아파트_첫_입주_등_입주물량_증가세.txt,,,,,,TRUE,parkd,2026-09-02T20:11:00+09:00,A1B1C1D1E1,,,,,,
SRC-H008,김포 한강,official_minutes,경기도의회 제258회 임시회 회의록,경기도의회,2011-05-03,2026-08-31T21:16:29+09:00,https://kms.ggc.go.kr/cms/mntsViewer.do?mntsId=718,data/raw/evidence/documents/김포 한강/2011-05-03_경기도의회_제258회_임시회_회의록.html,4383ab01a57617fd5f9f980139afe773bf414b256f1f7dba188b4509bc0153e9,경기도의회 제258회 임시회 회의록 > 교통건설국 업무보고 문단,현재 김포시는 김포한강신도시를 비롯한 각종 대단위 택지개발사업 등이 진행되고 있고 올해 6월부터 김포한강신도시 첫 입주가 시작됩니다.,occupancy_first_actual,Jun-11,month,,district,medium,verified,입주 직전 공식 회의록의 예정시점 후보이며 H007과 교차검증,H008,H008,2G_historical,https://kms.ggc.go.kr/cms/mntsViewer.do?mntsId=718,html,2011-06-30,2011-06-01,2011-06-30,,첫 입주에 맞춰,200,75413,evidence/text/2011-05-03_경기도의회_제258회_임시회_회의록.txt,Y_NORMALIZED,0.98,,,FALSE,1,,,,,,,,,,,,,,canon_first_occupancy_date_evidence,unverified,,,,,,,,,,,,2011-05-03_경기도의회_제258회_임시회_회의록.txt,,,,,,TRUE,parkd,2026-09-02T20:11:00+09:00,A1B1C1D1E1,,,,,,
SRC-H009,김포 한강,official_brochure,김포양곡 행복주택 지역위치도·교통망도,한국토지주택공사,2017,2026-08-31T21:16:29+09:00,https://lh.or.kr/boardDownload.es?bid=0034&list_no=646642&seq=3,data/raw/evidence/(참고자료)김포양곡_행복주택_사회적기업공간_위치_및_공간현황.pdf,a3c74951c8e5c04931fc3d631c069bf6b22718e2978eb0d577e1941c58393e7f,LH 김포한강신도시 모집공고 6~7쪽 교통망도 > 도로/철도 개통 예정 목록,"김포한강로 올림픽대로까지 연결(고촌~운양, 11㎞) 등 10개 구간이 신설·확장. 김포지역 지하철 5, 9호선과 연결되는 김포도시철도 2018년 개통 예정.",promise_date,2018,year,rail,adjacent_corridor,high,verified,김포한강신도시 인접 LH 공급자료의 명시적 일정,H009,H009,2G_historical,https://lh.or.kr/boardDownload.es?bid=0034&list_no=646642&seq=3,pdf,2018-12-31,2018-01-01,2018-12-31,김포도시철도(김포골드라인),개통 예정,200,11321040,evidence/text/2017_김포양곡_행복주택_지역위치도_교통망도.txt,Y_NORMALIZED,0.98,,,TRUE,1,,,,,,https://lh.or.kr/boardDownload.es?bid=0034&list_no=646642&seq=3,data/raw/evidence/(참고자료)김포양곡_행복주택_사회적기업공간_위치_및_공간현황.pdf,a3c74951c8e5c04931fc3d631c069bf6b22718e2978eb0d577e1941c58393e7f,,,,,,promise_source,unverified,,,PDF-012,data/raw/evidence/(참고자료)김포양곡_행복주택_사회적기업공간_위치_및_공간현황.pdf,a3c74951c8e5c04931fc3d631c069bf6b22718e2978eb0d577e1941c58393e7f,sha256,1.0,matched_existing,success,3,1873,2017_김포양곡_행복주택_지역위치도_교통망도.txt,,,,,year,TRUE,parkd,2026-09-02T20:11:00+09:00,A1B1C1D1E1,,,,,,
SRC-H010,김포 한강,official_brochure,김포한강 행복주택 지역위치도·교통망도,한국토지주택공사,2017,2026-08-31T21:16:29+09:00,https://lh.or.kr/boardDownload.es?bid=0034&list_no=646666&seq=3,data/raw/evidence/(참고자료)김포한강_행복주택_사회적기업공간_위치_및_공간_현황.pdf,e1ebc0fea640403e26a71cfea8ebace74b5da734ea1371ad0713ba9974d0da49,입주자모집공고 6~7쪽 > 교통환경 설명,"지하철 5, 9호선과 연결되는 김포도시철도 구래역 2018년 개통 예정",promise_date,2018,year,rail,district,high,verified,신도시 내부 구래역을 특정한 LH 원문,H010,H010,2G_historical,https://lh.or.kr/boardDownload.es?bid=0034&list_no=646666&seq=3,pdf,2018-12-31,2018-01-01,2018-12-31,김포도시철도(김포골드라인),개통 예정,200,20512357,evidence/text/2017_김포한강_행복주택_지역위치도_교통망도.txt,Y_NORMALIZED,0.98,,,TRUE,latest,,,,,,https://lh.or.kr/boardDownload.es?bid=0034&list_no=646666&seq=3,data/raw/evidence/(참고자료)김포한강_행복주택_사회적기업공간_위치_및_공간_현황.pdf,e1ebc0fea640403e26a71cfea8ebace74b5da734ea1371ad0713ba9974d0da49,,,,,,canon_promise_final,unverified,,,PDF-013,data/raw/evidence/(참고자료)김포한강_행복주택_사회적기업공간_위치_및_공간_현황.pdf,e1ebc0fea640403e26a71cfea8ebace74b5da734ea1371ad0713ba9974d0da49,sha256,1.0,matched_existing,success,4,3543,PDF-013 추출 txt,TBD,TBD,,2018-12-31,year,TRUE,parkd,2026-09-02T19:38:00+09:00,A1B1C1D1E1,,,,,,
SRC-H011,김포 한강,official_press_release,“김포 지하철시대 열렸다”…28일 첫 열차 출발,김포시,2019-09-27,2026-08-31T21:16:29+09:00,https://gimpo.go.kr/news/selectBbsNttView.do?bbsNo=466&key=9377&nttNo=94282&pageIndex=124&pageUnit=10&searchCnd=all&searchKrwd=%EC%96%B4%EB%A6%B0%EC%9D%B4,data/raw/evidence/documents/김포 한강/2019-09-27__김포_지하철시대_열렸다__28일_첫_열차_출발.html,a265b079ba28e19d5d576585c0af3b05651915e777695e20644851113feb8e10,보도자료 본문 첫 문단,김포도시철도 골드라인이 28일 토요일 새벽 5시 30분 구래역과 김포공항역에서 첫 출발하며 역사적인 개통을 알린다고 밝혔다.,actual_operation,2019-09-28,day,rail,district,high,verified,운영 개시시각과 양 끝역을 명시,H011,H011,2G_historical,https://gimpo.go.kr/news/selectBbsNttView.do?bbsNo=466&key=9377&nttNo=94282&pageIndex=124&pageUnit=10&searchCnd=all&searchKrwd=%EC%96%B4%EB%A6%B0%EC%9D%B4,html,2019-09-28,2019-09-28,2019-09-28,김포도시철도(김포골드라인),첫 출발,200,152367,evidence/text/2019-09-27__김포_지하철시대_열렸다__28일_첫_열차_출발.txt,Y_NORMALIZED,0.98,,,TRUE,1,,,,,,https://gimpo.go.kr/news/selectBbsNttView.do?bbsNo=466&key=9377&nttNo=94282&pageIndex=124&pageUnit=10&searchCnd=all&searchKrwd=%EC%96%B4%EB%A6%B0%EC%9D%B4,data/raw/evidence/보도자료 - 김포시뉴스포털.pdf,dbf7426f5af96c441bb07cbbd80a31ca690cde79a1dc426fac9700ba227bf998,,,,,,canon_actual_operation,unverified,,,PDF-088,data/raw/evidence/보도자료 - 김포시뉴스포털.pdf,dbf7426f5af96c441bb07cbbd80a31ca690cde79a1dc426fac9700ba227bf998,source_url,0.99,matched_existing,success,4,2563,기존 html txt,TBD,TBD,,,,TRUE,parkd,2026-09-02T19:38:00+09:00,A1B1C1D1E1,,,,,,
SRC-H012,김포 한강,official_plan,2035년 김포도시기본계획 변경 주요내용,김포시,Dec-25,2026-08-31T21:16:29+09:00,https://www.gimpo.go.kr/site/portal/images/contents/cts7619_file01_202512.pdf,data/raw/evidence/documents/김포 한강/2025-12_2035년_김포도시기본계획_변경_주요내용.pdf,0fe071799169540ddae02383e3dcd67457b752ddf6d52e1f0881c4811e3aa8c1,김포시 도시철도망 체계 현황 문단 > 김포골드라인 개통일 진술,"2019년 9월 28일 개통한 김포골드라인은 김포국제공항에서 김포한강신도시의 구래역까지 운행하며, 출·퇴근시간대 3분간격으로 운행한다.",actual_operation,2019-09-28,day,rail,district,high,verified,사후 공식 계획서가 실제 개통일을 재확인,H012,H012,2G_historical,https://www.gimpo.go.kr/site/portal/images/contents/cts7619_file01_202512.pdf,pdf,2019-09-28,2019-09-28,2019-09-28,김포도시철도(김포골드라인),개통한,200,46047740,evidence/text/2025-12_2035년_김포도시기본계획_변경_주요내용.txt,Y_NORMALIZED,0.98,,,TRUE,1,,,,,,,,,,,,,,operation_start,unverified,,,,,,,,,,,,2025-12_2035년_김포도시기본계획_변경_주요내용.txt,,,,,,TRUE,parkd,2026-09-02T20:11:00+09:00,A1B1C1D1E1,,,,,,
SRC-H013,위례,official_policy_article,위례신도시 교통 현황과 개선 계획,서울특별시,2022,2026-08-31T21:16:29+09:00,https://mediahub.seoul.go.kr/archives/2015024,data/raw/evidence/documents/위례/2022_위례신도시_교통_현황과_개선_계획.html,5ad0c40f29df2cbebab51894f18a7aafeffd02c37107512bb52bc8de2ab0e702,본문 배경 > 위례신도시 개요,첫 입주는 2013년 12월에 시작되었다.,occupancy_first_actual,Dec-13,month,,district,high,verified,서울시 공식 정책 콘텐츠의 지구 전체 최초입주 서술,H013,H013,2G_historical,https://mediahub.seoul.go.kr/archives/2015024,html,2013-12-31,2013-12-01,2013-12-31,,첫 입주를 시작,200,142383,evidence/text/2022_위례신도시_교통_현황과_개선_계획.txt,Y_NORMALIZED,0.98,,,FALSE,1,,,,,,,,,,,,,,canon_first_occupancy,unverified,,,,,,,,,,,,기존 html txt,TBD,TBD,,,,TRUE,parkd,2026-09-02T19:38:00+09:00,A1B1C1D1E1,,,,,,
SRC-H014,위례,official_press_release,위례신도시 하남권역 입주대비 교통대책,하남시,2015-07-27,2026-08-31T21:16:29+09:00,https://www.hanam.go.kr/sosik/selectBbsNttView.do?bbsNo=1164&integrDeptCode=&key=10048&nttNo=153910&pageIndex=901&searchCnd=all&searchCtgry=&searchKrwd=&selectPageUnit=,data/raw/evidence/documents/위례/2015-07-27_위례신도시_하남권역_입주대비_교통대책.html,7797c1100afd0c85cb91eaf6235494beb7c4a8d7136ebbd4cf8e2c35bb9a9aec,위례신도시 KD운송그룹 협조 요청 보도자료 본문 > 11월 첫 입주 문단,KD운송그룹이 대중교통 개선에 적극적으로 협조해 달라고 당부했다. … 오는 11월 첫 입주가 예정되어 있다.,occupancy_planned_block,Nov-15,month,,district_sector,high,verified,위례 전체 최초가 아니라 하남권역 최초입주 후보,H014,H014,2G_historical,https://www.hanam.go.kr/sosik/selectBbsNttView.do?bbsNo=1164&integrDeptCode=&key=10048&nttNo=153910&pageIndex=901&searchCnd=all&searchCtgry=&searchKrwd=&selectPageUnit=,html,2015-11-30,2015-11-01,2015-11-30,,오는 11월 첫 입주,200,14687,evidence/text/2015-07-27_위례신도시_하남권역_입주대비_교통대책.txt,Y_NORMALIZED,0.98,,,FALSE,1,,,,,,,,,,,,,입주자모집공고/공급정보의 입주예정일,planned_block,unverified,,,,,,,,,,,,2015-07-27_위례신도시_하남권역_입주대비_교통대책.txt,,,,,,TRUE,parkd,2026-09-02T20:11:00+09:00,A1B1C1D1E1,,,,,,
SRC-H015,위례,official_policy_article,"위례선 트램, 2026년 하반기 개통 목표",서울특별시,2025-09-05,2026-08-31T21:16:29+09:00,https://mediahub.seoul.go.kr/archives/2015526,data/raw/evidence/documents/위례/2025-09-05_위례선_트램__2026년_하반기_개통_목표.html,40bdcb00aff724a8a641044b5ef748ae63fa0f34704ea84ee5b0a51927aa9425,서울시 위례선 트램 보도자료 본문 > 사업일정 문단,"9월부터 약 한 달간 차량 성능·안전성 검증을 실시하며, 2026년 하반기 정식 개통을 목표로 추진한다.",promise_date,2026-H2,half_year,tram,district,high,verified,"목표 표현을 그대로 보존해야 하며 실제 개통과 구분 | 2026년 하반기는 2026-12-31 대표값, half_year 정밀도 유지",H015,H015,2G_historical,https://mediahub.seoul.go.kr/archives/2015526,html,2026-12-31,2026-07-01,2026-12-31,위례선 트램,개통 목표,200,119970,evidence/text/2025-09-05_위례선_트램__2026년_하반기_개통_목표.txt,Y_NORMALIZED,0.98,,,FALSE,1,,,,,,,,,,,,,,promise_source,unverified,,,,,,,,,,,,2025-09-05_위례선_트램__2026년_하반기_개통_목표.txt,,,,,year,TRUE,parkd,2026-09-02T20:11:00+09:00,A1B1C1D1E1,,,,,,
SRC-H016,위례,official_mayor_news,위례선 트램 시운전 현장 점검,서울특별시,2026,2026-08-31T21:16:29+09:00,https://mayor.seoul.go.kr/oh/seoul/newsView.do?curPage=4&photoGallerySn=4287,data/raw/evidence/documents/위례/2026_위례선_트램_시운전_현장_점검.html,eb0691b05a0db8fea8ee8ff4fb1496334134756ecf2f8371760df812447e0679,오세훈 서울시장 현장점검 보도자료 본문,오세훈 서울시장이 58년 만에 다시 도입되는 전국 최초 무가선 노면전차 '위례선 트램' 건설 현장을 찾아 12월 개통을 목표로 안전성과 연계성을 점검했다.,promise_date,Dec-26,month,tram,district,high,verified,현행 목표 일정 후보이며 향후 실제 개통 공지로 대체 필요,H016,H016,2G_historical,https://mayor.seoul.go.kr/oh/seoul/newsView.do?curPage=4&photoGallerySn=4287,html,2026-12-31,2026-12-01,2026-12-31,위례선 트램,개통 목표,200,23605,evidence/text/2026_위례선_트램_시운전_현장_점검.txt,Y_NORMALIZED,0.98,,,FALSE,2,,,,,,https://mayor.seoul.go.kr/oh/seoul/newsView.do?curPage=4&photoGallerySn=4287,"data/raw/evidence/오 시장, 12월 개통 '위례선 트램' 현장점검… _교통체계 혁신, 지역상권 활성화_ _ 시정뉴스 _ 소통공간 _ 서울특별시장.pdf",91764a04183cf52a403ab40f3f4eb7de4a23120b84df4d271aa7ae5fcc0d0b83,,,,,,promise_source,unverified,,,PDF-095,"data/raw/evidence/오 시장, 12월 개통 '위례선 트램' 현장점검… _교통체계 혁신, 지역상권 활성화_ _ 시정뉴스 _ 소통공간 _ 서울특별시장.pdf",91764a04183cf52a403ab40f3f4eb7de4a23120b84df4d271aa7ae5fcc0d0b83,source_url,0.99,matched_existing,success,4,2373,2026_위례선_트램_시운전_현장_점검.txt,,,,,year,TRUE,parkd,2026-09-02T20:11:00+09:00,A1B1C1D1E1,,,,,,
SRC-H017,위례,official_policy_article,지하철 8호선 남위례역 18일 개통,서울특별시,2021-12-16,2026-08-31T21:16:29+09:00,https://mediahub.seoul.go.kr/archives/2003528,data/raw/evidence/documents/위례/2021-12-16_지하철_8호선_남위례역_18일_개통.html,8bd8f0178588d76612028c4594297b046ddda3b45289e9092fb76e0a5eb7d489,서울시 mediahub 남위례역 개통 본문,8호선 남위례역이 18일부터 새롭게 문을 연다. 남위례역 개통으로 위례신도시를 포함해 송파구·성남시 및 하남시 거주민들의 교통 편의가 크게 향상. 2021-12-18 개통.,basic_service,2021-12-18,day,rail,district,high,verified,위례를 직접 서비스하는 철도 실제개통; 남위례역은 위례선 트램(canon)과 다른 축(8호선 연장) - 지역 접근성 서비스 개선 이벤트로 재분류. Day 2/3 canon pick 대상 제외,H017,H017,2G_historical,https://mediahub.seoul.go.kr/archives/2003528,html,2021-12-18,2021-12-18,2021-12-18,수도권 전철 8호선 남위례역,개통,200,110869,evidence/text/2021-12-16_지하철_8호선_남위례역_18일_개통.txt,Y_NORMALIZED,0.98,,,FALSE,1,,,,,,,,,,,,,,operation_start,unverified,,,,,,,,,,,,,,,,,,TRUE,parkd,2026-09-02T20:22:00+09:00,A1B1C1D1E1,,,,,,
SRC-H018,위례,official_city_article,하남시 똑버스 운행,하남시,Sep-23,2026-08-31T21:16:29+09:00,https://www.hanam.go.kr/cleanh/cleanhBbsNttWebView.do?key=4348&nttNo=2245,data/raw/evidence/documents/위례/2023-09_하남시_똑버스_운행.html,349f134b0941de89423042e3637348154dc8ca95e3a9b3da0f39f52cfce5ae27,하남시 똑버스 운행 안내 공지 > 개통·운행 문단,하남시 위례 방면 똑버스 노선이 2023년 8월 30일부터 개통·운행을 개시한다.,basic_service,2023-08-30,day,drt,district_sector,high,verified,위례 하남권역 실제 DRT 운행 개시; 위례 똑버스(drt)는 위례선 트램 canon과 다른 축 - basic_service로 재분류,H018,H018,2G_historical,https://www.hanam.go.kr/cleanh/cleanhBbsNttWebView.do?key=4348&nttNo=2245,html,2023-08-30,2023-08-30,2023-08-30,위례 똑버스,개통·운행,200,121162,evidence/text/2023-09_하남시_똑버스_운행.txt,Y_NORMALIZED,0.98,,,FALSE,1,,,,,,,,,,,,,,operation_start,unverified,,,,,,,,,,,,2023-09_하남시_똑버스_운행.txt,,,,,,TRUE,parkd,2026-09-02T20:11:00+09:00,A1B1C1D1E1,,,,,,
SRC-H019,남양주 다산,official_minutes,경기도의회 제312회 임시회 회의록,경기도의회,2016-07-18,2026-08-31T21:16:29+09:00,https://kms.ggc.go.kr/cms/mntsViewer.do?mntsId=9247,data/raw/evidence/documents/남양주 다산/2016-07-18_경기도의회_제312회_임시회_회의록.html,3fc514500716ecb7f54fb787de4ed6ff89e09d04cc941be9deea346ab544af72,경기도의회 제312회 임시회 회의록 > 다산신도시 현안보고 문단,"다산신도시는 4,400여 세대와 5개 민간업체 4,100여 세대가 100% 분양 완료한 사업지구로, 부지조성공사 공정률이 60% 수준이며 최초 주민입주 시기는 2018년 1월로 예상된다.",occupancy_first_planned,Jan-18,month,,district,high,verified,지구·하위지구별 최초입주 예정월을 명시; 문서시점(2016)이 사건시점(2018)보다 앞서 실제입주가 아닌 예정 기준선으로 재분류,H019,H019,2G_historical,https://kms.ggc.go.kr/cms/mntsViewer.do?mntsId=9247,html,2018-01-31,2018-01-01,2018-01-31,,최초 주민입주 시기,200,510545,evidence/text/2016-07-18_경기도의회_제312회_임시회_회의록.txt,Y_NORMALIZED,0.98,,,FALSE,1,,,,,,,,,,,,,2016년 회의록의 장래 최초 주민입주 시기,planned_district_baseline,unverified,,,,,,,,,,,,2016-07-18_경기도의회_제312회_임시회_회의록.txt,,,,,,TRUE,parkd,2026-09-02T20:11:00+09:00,A1B1C1D1E1,,,,,,
SRC-H020,남양주 다산,official_press_release,다산신도시 입주지원 특별대책반 본격 가동,경기도,2018-02-12,2026-08-31T21:16:29+09:00,https://gnews.gg.go.kr/briefing/brief_gongbo_view.do?BS_CODE=S017&number=36361,data/raw/evidence/documents/남양주 다산/2018-02-12_다산신도시_입주지원_특별대책반_본격_가동.html,cbfe676c61ddc941745739b811bc43bbb3f5a7a112c0298b4dc0bb62014a2085,경기도 다산신도시 입주지원 특별대책반 본격 가동 보도자료 본문 첫 문단,올해부터 본격적인 입주가 시작되는 '남양주 다산신도시'의 조기 정착과 입주 초기 입주민의 불편사항 해소를 위해 경기도가 나섰다.,occupancy_first_actual,2018,year,,district,high,verified,입주가 실제 시작된 뒤의 경기도 공식 서술; 첫 입주(2017-12) 이후의 지원대책 보도자료. 첫 입주 근거는 언론(동아/뉴스핌 2017-12-29 진건B8 한양수자인),H020,H020,2G_historical,https://gnews.gg.go.kr/briefing/brief_gongbo_view.do?BS_CODE=S017&number=36361,html,2018-02-12,2018-01-01,2018-12-31,,본격적인 입주가 시작,200,45208,evidence/text/2018-02-12_다산신도시_입주지원_특별대책반_본격_가동.txt,Y_NORMALIZED,0.98,,,FALSE,1,,,,,,,,,,,,,,actual_corroboration,unverified,,,,,,,,,,,,2018-02-12_다산신도시_입주지원_특별대책반_본격_가동.txt,,,,,,TRUE,parkd,2026-09-02T20:11:00+09:00,A1B1C1D1E1,,,,,TRUE,보도자료(2018-02-12)는 입주지원 특별대책반 발표일. 실제 첫 입주는 2017-12-29 진건 B8 한양수자인 리버펠리스 (동아일보/뉴스핌 교차확인). Day 2용 primary_first_occupancy 근거는 언론 단서만 존재 → data_gap=TRUE 유지
SRC-H021,남양주 다산,official_notice_pdf,다산신도시 자연&푸르지오 공공분양주택 입주자모집 정정공고,경기주택도시공사,2019,2026-08-31T21:16:29+09:00,https://www.gh.or.kr/gh/announcement-of-salerental001.do?articleNo=52607&attachNo=57912&mode=download,data/raw/evidence/(정정공고) 다산신도시 자연앤푸르지오 입주자모집 정정공고(A3).pdf,78e1f182e7fd0b7a08ca5d3c27ae6e6d7fda39a6479c6788bce1f18d7d80e999,LH 다산지금지구 공공주택 공고 > 교통환경 안내 문단 (광역교통대책 미정 상태 서술),"광역도로 등 광역교통망은 국가기관, 지방자치단체에서 계획하여 진행하는 사항으로 일부 변경 및 취소, 개통지연 등이 발생할 수 있다. 다산신도시 광역교통 최초 목표일은 미확정.",plan_confirmation,미정,unknown,rail,district,medium,verified,분양공고 교통환경 표기의 약속 후보로 개통일은 별도 문서 필요 | 정책 확정·반영 연도는 개통 목표연도가 아니므로 target date 미확정; 최초 목표일 미공개 - v1 근거는 공고 안내 문단만 존재,H021,H021,2G_historical,https://www.gh.or.kr/gh/announcement-of-salerental001.do?articleNo=52607&attachNo=57912&mode=download,pdf,미정,,,별내선(8호선 연장),예정,200,814894,evidence/text/2019_다산신도시_자연_푸르지오_공공분양주택_입주자모집_정정공고.txt,Y_NORMALIZED,0.98,,,TRUE,v1,,,,,,https://www.gh.or.kr/gh/announcement-of-salerental001.do?articleNo=52607&attachNo=57912&mode=download,data/raw/evidence/(정정공고) 다산신도시 자연앤푸르지오 입주자모집 정정공고(A3).pdf,78e1f182e7fd0b7a08ca5d3c27ae6e6d7fda39a6479c6788bce1f18d7d80e999,,,,,,canon_promise_v1,unverified,,,PDF-009,data/raw/evidence/(정정공고) 다산신도시 자연앤푸르지오 입주자모집 정정공고(A3).pdf,78e1f182e7fd0b7a08ca5d3c27ae6e6d7fda39a6479c6788bce1f18d7d80e999,sha256,1.0,matched_existing,success,36,123470,,,,,,absent,TRUE,parkd,2026-09-02T20:22:00+09:00,A1B1C1D1E1,,,,,,
SRC-H022,남양주 다산,official_land_notice,다산신도시 상업·주유소용지 공급공고,경기주택도시공사,2018-02-27,2026-08-31T21:16:29+09:00,https://buy.gh.or.kr/land/svc/announce/land_announce_html.jsp?strFile=00586_201802271541281.jsp,data/raw/evidence/documents/남양주 다산/2018-02-27_다산신도시_상업_주유소용지_공급공고.html,947d3813b20833a7f52050eb889950247ca7f92e84e71745f4a9652b4ddcf3a2,공급공고 유의사항 > 광역교통 안내,"사업지구 내 지하철 8호선 연장(별내선) 노선이 예정되어 있으며, 2022년 준공 예정으로",promise_date,2022,year,rail,district,medium,verified,일정 정밀도가 낮아 약속 존재 확인용,H022,H022,2G_historical,https://buy.gh.or.kr/land/svc/announce/land_announce_html.jsp?strFile=00586_201802271541281.jsp,html,2022-12-31,2022-01-01,2022-12-31,별내선(8호선 연장),2022년 준공 예정,200,209811,evidence/text/2018-02-27_다산신도시_상업_주유소용지_공급공고.txt,Y_NORMALIZED,0.98,,,TRUE,latest,,,,,,https://buy.gh.or.kr/land/svc/announce/land_announce_html.jsp?strFile=00586_201802271541281.jsp,data/raw/evidence/buy.gh.or.kr_land_svc_announce_land_announce_html.jsp_strFile=00586_201802271541281.jsp.pdf,7139dab4d1a5071c526396881c1e3160f3ab1957c9f42437a0cf9a3c533885ab,,,,,,canon_promise_final,unverified,,,PDF-040,data/raw/evidence/buy.gh.or.kr_land_svc_announce_land_announce_html.jsp_strFile=00586_201802271541281.jsp.pdf,7139dab4d1a5071c526396881c1e3160f3ab1957c9f42437a0cf9a3c533885ab,source_url,0.99,matched_existing,success,11,20965,PDF-040 추출 txt,TBD,TBD,,2022-12-31,year,TRUE,parkd,2026-09-02T19:38:00+09:00,A1B1C1D1E1,,,,,,
SRC-H023,남양주 다산,official_press_release,"별내선 개통, 첫 열차 운행",경기도,2024-08-10,2026-08-31T21:16:29+09:00,https://gnews.gg.go.kr/briefing/brief_gongbo_view.do?BS_CODE=s017&number=62697&subject_Code=BO01,data/raw/evidence/documents/남양주 다산/2024-08-10_별내선_개통__첫_열차_운행.html,46c878afe7723b77f7ddfac3796a15c955700305935340ff93d2e072ddba5766,HWPX section0 본문 > 별내선 개통 안내,별내선은 별내역에서 10일 오전 5시 32분 첫차부터 운행을 시작한다.,actual_operation,2024-08-10,day,rail,district,high,verified,다산역을 포함한 실제 영업운행 개시,H023,H023,2G_historical,https://gnews.gg.go.kr/briefing/brief_gongbo_view.do?BS_CODE=s017&number=62697&subject_Code=BO01,html,2024-08-10,2024-08-10,2024-08-10,별내선(8호선 연장),첫 열차,200,60091,evidence/text/2024-08-10_별내선_개통__첫_열차_운행.txt,Y_NORMALIZED,0.98,,,TRUE,1,,,,,,https://gnews.gg.go.kr/briefing/brief_gongbo_view.do?BS_CODE=s017&number=62697&subject_Code=BO01,data/raw/evidence/imported/SRC-F012/경기도， 별내선 개통. 남양주 별내에서 잠실까지 27분이면 간다. 김동연， “구리， 남양주. 경기동북부 주민들 교통 숨통 확 트일 것”.hwpx,9cff104b4f41afbe4669f7a111d11ca3712b641fe4d2a7d52e5ec8fa9b6b8b2d,,,,,,actual_corroboration,verified,local_hwpx_xml,2026-09-02T18:00:00+09:00,,,,,,,,,,HWPX 추출 txt (9cff10…),TBD,TBD,,,,TRUE,parkd,2026-09-02T19:38:00+09:00,A1B1C1D1E1,,,,,,
SRC-H024,남양주 다산,official_press_release,"‘남양주~잠실 27분’, 8월 10일 별내선 개통",국토교통부,2024-08-09,2026-08-31T21:16:29+09:00,https://molit.go.kr/atmo/USR/N0201/m_36515/dtl.jsp?id=95090058&lcmspage=77,data/raw/evidence/documents/남양주 다산/2024-08-09__남양주_잠실_27분___8월_10일_별내선_개통.html,2e12c3efeb1f158b5dc6284cf6da6e12bb0d3c00d335d323d50eb16842724139,국토부 별내선 개통 보도자료 제목 및 리드,별내선 개통 - 남양주 별내에서 잠실까지 이동 시간 대폭 단축. 8호선 연장 별내선이 2024년 8월 10일부터 공식 운행 개시.,actual_operation,2024-08-10,day,rail,district,high,verified,개통 전일 정부 확정 공지이며 H023이 실제 첫 열차를 보완,H024,H024,2G_historical,https://molit.go.kr/atmo/USR/N0201/m_36515/dtl.jsp?id=95090058&lcmspage=77,html,2024-08-10,2024-08-10,2024-08-10,별내선(8호선 연장),개통,200,54127,evidence/text/2024-08-09__남양주_잠실_27분___8월_10일_별내선_개통.txt,Y_NORMALIZED,0.98,,,TRUE,1,,,,,,https://molit.go.kr/portal/common/download/DownloadMltm2.jsp?FilePath=/upload/portal/DextUpload/202408/20240808_100830_295.hwpx&FileName=240809(%EC%A1%B0%EA%B0%84)_%EB%82%A8%EC%96%91%EC%A3%BC~%EC%9E%A0%EC%8B%A4_27%EB%B6%84__8%EC%9B%94_10%EC%9D%BC_%EB%B3%84%EB%82%B4%EC%84%A0_%EA%B0%9C%ED%86%B5(%EA%B4%91%EC%97%AD%EC%8B%9C%EC%84%A4%EC%A0%95%EC%B1%85%EA%B3%BC).hwpx,data/raw/evidence/imported/SRC-H024/240809(조간)_남양주~잠실_27분__8월_10일_별내선_개통(광역시설정책과).hwpx,f4e6597f2b41e5740e7424835f8f210d91934f9b91c4b068d749f613e8817840,,,,,,canon_actual_operation,verified,local_hwpx_xml,2026-09-02T18:00:00+09:00,,,,,,,,,,2024-08-09__남양주_잠실_27분___8월_10일_별내선_개통.txt,,,,,,TRUE,parkd,2026-09-02T20:11:00+09:00,A1B1C1D1E1,,,,,,
SRC-H025,하남 미사,official_press_release,LH 미사강변도시 첫 입주 시작,한국토지주택공사,2014-06-30,2026-08-31T21:16:29+09:00,https://www.lh.or.kr/gallery.es?act=view&b_list=8&bid=0003&keyField=&list_no=7400&mid=a10502000000&nPage=420&orderby=&vlist_no_npage=672,data/raw/evidence/documents/하남 미사/2014-06-30_LH_미사강변도시_첫_입주_시작.html,8aabe1b7f7511cce6a13994ef8a2bac916de0089e07419d7f0c2c80534a24999,보도자료 본문 제목 + 등록일 확정,"LH 미사강변도시 첫 입주 시작 - 2014년 6월 30일 A15블록(파밀리에) 976가구 첫 입주 개시. 12월까지 3개 블록(A15·A9·A28) 3,229가구 예정.",occupancy_first_actual,Jun-14,day,,district,high,verified,LH가 지구 최초입주를 직접 표제화; 연합뉴스/하남일보/중앙일보/위키백과 교차확인. Day 2 공백 2231일(2014-06-30 → 2020-08-08) 단일값 확정,H025,H025,2G_historical,https://www.lh.or.kr/gallery.es?act=view&b_list=8&bid=0003&keyField=&list_no=7400&mid=a10502000000&nPage=420&orderby=&vlist_no_npage=672,html,2014-06-30,2014-06-30,2014-06-30,,첫 입주 시작,200,84392,evidence/text/2014-06-30_LH_미사강변도시_첫_입주_시작.txt,Y_NORMALIZED,0.98,,,FALSE,1,,,,,,https://www.lh.or.kr/galleryDownload.es?bid=0003&list_no=7400&seq=1,data/raw/evidence/imported/SRC-H025/140630_LH_미사강변도시_첫_입주_시작.hwp,9deb6701eac845967d257f313f011c97ed6ec7eb1114ca44f3e0a42072099b06,,,,,,canon_first_occupancy,attachment_only,official_attachment_hash,2026-09-02T18:00:00+09:00,,,,,,,,,,2014-06-30_LH_미사강변도시_첫_입주_시작.txt + 첨부 HWP 9deb67…,,,,,,TRUE,parkd,2026-09-02T20:11:00+09:00,A1B1C1D1E1,,,,,,
SRC-H026,하남 미사,official_housing_notice,하남미사 A12·A16블록 임대주택 공고,한국토지주택공사,2015,2026-08-31T21:16:29+09:00,https://apply.lh.or.kr/lhapply/apply/wt/wrtanc/selectWrtancInfo.do?aisTpCd=08&ccrCnntSysDsCd=02&mi=1026&panId=0000060513&uppAisTpCd=06,data/raw/evidence/documents/하남 미사/2015_하남미사_A12_A16블록_임대주택_공고.html,b80ebe4971273ae1477ba64d399b7b698cb1bd64c64ae016640ad4876422572c,LH 하남미사 A12 공급정보 > 입주예정월 항목,전용면적(㎡) : 74.96 ~ 84.92 총 세대수 : 664 입주예정월 : 2015년 07월,occupancy_planned_block,Jul-15,month,,block,high,verified,블록 단위 후속 입주 후보이며 지구 최초는 H025,H026,H026,2G_historical,https://apply.lh.or.kr/lhapply/apply/wt/wrtanc/selectWrtancInfo.do?aisTpCd=08&ccrCnntSysDsCd=02&mi=1026&panId=0000060513&uppAisTpCd=06,html,2015-07-31,2015-07-01,2015-07-31,,입주예정월,200,209394,evidence/text/2015_하남미사_A12_A16블록_임대주택_공고.txt,Y_NORMALIZED,0.98,,,FALSE,1,,A12,,,,,,,,,,,입주자모집공고/공급정보의 입주예정일,planned_block,unverified,,,,,,,,,,,,2015_하남미사_A12_A16블록_임대주택_공고.txt,,,,,,TRUE,parkd,2026-09-02T20:11:00+09:00,A1B1C1D1E1,,,,,,
SRC-H027,하남 미사,official_press_release,하남시 2020년 10대 뉴스,하남시,2020-12-31,2026-08-31T21:16:29+09:00,https://www.hanam.go.kr/sosik/selectBbsNttView.do?bbsNo=1164&integrDeptCode=&key=10048&nttNo=221988&pageIndex=392&searchCnd=all&searchCtgry=&searchKrwd=&selectPageUnit=,data/raw/evidence/documents/하남 미사/2020-12-31_하남시_2020년_10대_뉴스.html,5f677f3d1200fa35363643aaef52eebb157d84d90539ee15a04868e77fe3495d,하남시 10대 뉴스 본문 > 하남선 성과 회고 문단,올 한 해 하남을 빛나게 한 주요 뉴스를 살펴본다. 지하철 5호선 하남선은 2009년 반영되어 추진됐다.,plan_confirmation,2009,unknown,rail,district,high,verified,약속의 제도적 기원을 사후 공식문서가 확인 | 정책 확정·반영 연도는 개통 목표연도가 아니므로 target date 미확정,H027,H027,2G_historical,https://www.hanam.go.kr/sosik/selectBbsNttView.do?bbsNo=1164&integrDeptCode=&key=10048&nttNo=221988&pageIndex=392&searchCnd=all&searchCtgry=&searchKrwd=&selectPageUnit=,html,2009,,,하남선(5호선 연장),반영되어 추진됐다,200,91035,evidence/text/2020-12-31_하남시_2020년_10대_뉴스.txt,Y_NORMALIZED,0.98,,,TRUE,v1,,,,,,,,,,,,,,canon_promise_v1,unverified,,,,,,,,,,,,2020-12-31_하남시_2020년_10대_뉴스.txt,,,2009,,absent,TRUE,parkd,2026-09-02T20:11:00+09:00,A1B1C1D1E1,,,,,,
SRC-H028,하남 미사,official_city_faq,하남선 1단계 개통일 관련 안내,하남시,Jun-20,2026-08-31T21:16:29+09:00,https://www.hanam.go.kr/www/selectBbsNttView.do?bbsNo=944&key=3760&nttNo=115091,data/raw/evidence/documents/하남 미사/2020-06_하남선_1단계_개통일_관련_안내.html,d9976457dfd0c4b6efd024d40290267bba47a9f56c14fe6ab74f2f95e5062a25,현재 진행사항 > 하남선 1단계 개통예정일 지정 알림,개통 예정일 : 2020.08.08.(토),promise_date,2020-08-08,day,rail,district,high,verified,영업시운전 단계의 공식 예정일,H028,H028,2G_historical,https://www.hanam.go.kr/www/selectBbsNttView.do?bbsNo=944&key=3760&nttNo=115091,html,2020-08-08,2020-08-08,2020-08-08,하남선(5호선 연장),개통예정일 지정,200,236870,evidence/text/2020-06_하남선_1단계_개통일_관련_안내.txt,Y_NORMALIZED,0.98,,,TRUE,latest,,,,,,https://www.hanam.go.kr/www/selectBbsNttView.do?bbsNo=944&key=3760&nttNo=115091,data/raw/evidence/지하철 하남선 개통에 대하여.pdf,64d6f55fad58be64ef283ac365cab3c13752d7b05688569522b570c1f4438157,,,,,,canon_promise_final,unverified,,,PDF-103,data/raw/evidence/지하철 하남선 개통에 대하여.pdf,64d6f55fad58be64ef283ac365cab3c13752d7b05688569522b570c1f4438157,source_url,0.99,matched_existing,success,3,2322,PDF-103 추출 txt,TBD,TBD,,2020-08-08,day,TRUE,parkd,2026-09-02T19:38:00+09:00,A1B1C1D1E1,,,,,,
SRC-H029,하남 미사,official_press_release,하남선 1단계 개통,하남시,2020-08-07,2026-08-31T21:16:29+09:00,https://www.hanam.go.kr/sosik/selectBbsNttView.do?bbsNo=1164&integrDeptCode=&key=10048&nttNo=210883&pageIndex=426&searchCnd=all&searchCtgry=&searchKrwd=&selectPageUnit=,data/raw/evidence/documents/하남 교산/2020-08-07_하남선_1단계_개통.html,268065f4354f3297624b33b5c737b4af1b40ad90f5bff6b53ce3936878e72500,하남선 1단계 개통 보도자료 본문 > 시승식·개통 문단,"하남선 1단계 구간은 5호선 종착역인 상일동역에서 미사역을 거쳐 하남풍산역까지 총 3개 정거장 4.7km를 오가는 전철노선으로, 2015년 착공하여 2020년 8월 8일 개통·운행을 개시하였다.",actual_operation,2020-08-08,day,rail,district,high,verified,미사역 포함 실제 영업운행 개시,H029,H029,2G_historical,https://www.hanam.go.kr/sosik/selectBbsNttView.do?bbsNo=1164&integrDeptCode=&key=10048&nttNo=210883&pageIndex=426&searchCnd=all&searchCtgry=&searchKrwd=&selectPageUnit=,html,2020-08-08,2020-08-08,2020-08-08,하남선(5호선 연장),개통·운행,200,39840,evidence/text/2020-08-07_하남선_1단계_개통.txt,Y_NORMALIZED,0.98,,,TRUE,1,,,,,,,,,,,,,,canon_actual_operation,unverified,,,,,,,,,,,,2020-08-07_하남선_1단계_개통.txt,,,,,,TRUE,parkd,2026-09-02T20:11:00+09:00,A1B1C1D1E1,,,,,,
SRC-H030,하남 미사,official_press_release,지하철 5호선 하남선 전 구간 개통,하남시,2021-03-26,2026-08-31T21:16:29+09:00,https://www.hanam.go.kr/sosik/selectBbsNttView.do?bbsNo=1164&integrDeptCode=&key=10048&nttNo=321801&pageIndex=258&searchCnd=all&searchCtgry=&searchKrwd=&selectPageUnit=,data/raw/evidence/documents/하남 교산/2021-03-26_지하철_5호선_하남선_전_구간_개통.html,8075b0e7df9f7dbaf71bc879d8388fe5e3e8db8f74e6e4b74926612667684f1a,10대 뉴스 본문 > 지하철 5호선 전 구간 개통,'하남시청(덕풍·신장)역-하남검단산역'이 지난 3월 27일 오전 5시 30분 첫 운행을 시작했다.,actual_operation,2021-03-27,day,rail,district,high,verified,2단계 개통으로 하남선 전 구간 영업 개시,H030,H030,2G_historical,https://www.hanam.go.kr/sosik/selectBbsNttView.do?bbsNo=1164&integrDeptCode=&key=10048&nttNo=321801&pageIndex=258&searchCnd=all&searchCtgry=&searchKrwd=&selectPageUnit=,html,2021-03-27,2021-03-27,2021-03-27,하남선(5호선 연장),첫 열차 출발,200,97832,evidence/text/2021-03-26_지하철_5호선_하남선_전_구간_개통.txt,Y_NORMALIZED,0.98,,,TRUE,1,,,,,,,,,,,,,,operation_start,unverified,,,,,,,,,,,,기존 html txt,TBD,TBD,,,,TRUE,parkd,2026-09-02T19:38:00+09:00,A1B1C1D1E1,,,,,,
SRC-U001,남양주 왕숙,공공기관 공고,남양주왕숙지구 B-17블록 공공분양주택 입주자모집공고,한국토지주택공사,2025-11-27,2026-09-02T18:00:00+09:00,https://apply.lh.or.kr/lhapply/lhFile.do?fileid=64513024,data/raw/evidence/(251127)남양주왕숙_B-17BL_공공분양_입주자모집공고문.pdf,0f2f8e767b8aaf98df7013e0bdfb1f133a23c7e784c22ac5ab774d071ffa4e37,PDF 공급대상 표 하단 유의사항,※ 입주 예정 시기는 '2028년 12월입니다.,occupancy_planned_block,2028년 12월,month,,block,high,verified,사용자 제공 신규 공식 PDF; A-1/A-2와 다른 블록이므로 별도 행,U001,U-U001,forward_update,https://apply.lh.or.kr/lhapply/apply/wt/wrtanc/selectWrtancInfo.do?panId=0000061020&ccrCnntSysDsCd=02&uppAisTpCd=05&aisTpCd=05&mi=1027,pdf,2028-12-31,2028-12-01,2028-12-31,,입주 예정 시기는 2028년 12월입니다,200,1541874,C:\Users\parkd\Documents\Codex\2026-08-20\files-mentioned-by-the-user-30-2\evidence\text\20260902\(251127)남양주왕숙_B-17BL_공공분양_입주자모집공고문.txt,Y_NORMALIZED,0.98,,,FALSE,1,,B-17,v1,latest,,https://apply.lh.or.kr/lhapply/lhFile.do?fileid=64513024,data/raw/evidence/(251127)남양주왕숙_B-17BL_공공분양_입주자모집공고문.pdf,0f2f8e767b8aaf98df7013e0bdfb1f133a23c7e784c22ac5ab774d071ffa4e37,,,,,입주자모집공고 공급대상 표 및 유의사항,planned_block,verified,local_pdf_text,2026-09-02T18:00:00+09:00,PDF-003,data/raw/evidence/(251127)남양주왕숙_B-17BL_공공분양_입주자모집공고문.pdf,0f2f8e767b8aaf98df7013e0bdfb1f133a23c7e784c22ac5ab774d071ffa4e37,sha256,1.0,matched_existing,success,48,169506,PDF-003 추출 txt,TBD,TBD,,,,TRUE,parkd,2026-09-02T19:38:00+09:00,A1B1C1D1E1,,,,,,
SRC-U002,하남 교산,공공기관 공고,[정정 2025-04-24] 교산 푸르지오 더 퍼스트 공공분양주택 입주자모집공고,한국토지주택공사,2025-04-24,2026-09-02T18:00:00+09:00,https://apply.lh.or.kr/lhapply/lhFile.do?fileid=61520164,data/raw/evidence/(정정)250424_교산푸르지오더퍼스트_입주자모집공고.pdf,08438e6ac19967e88de5ae5dfe94e8f5bd891efefd0eb07195d96045b0707fa6,PDF 공급대상 표 하단 유의사항,"입주예정 시기는 2029년 6월로 예정되어 있으나, 공정에 따라 변동될 수 있으며",occupancy_planned_block,2029년 06월,month,,block,high,verified,기존 원공고·정정공고를 삭제하지 않고 최신 정정 버전으로 추가,U002,U-U002,forward_update,https://apply.lh.or.kr/lhapply/apply/wt/wrtanc/selectWrtancInfo.do?panId=0000060861&ccrCnntSysDsCd=02&uppAisTpCd=05&aisTpCd=05&mi=1027,pdf,2029-06-30,2029-06-01,2029-06-30,,입주예정 시기는 2029년 6월로 예정,200,2632888,C:\Users\parkd\Documents\Codex\2026-08-20\files-mentioned-by-the-user-30-2\evidence\text\20260902\(정정)250424_교산푸르지오더퍼스트_입주자모집공고.txt,Y_NORMALIZED,0.98,,,FALSE,3,,A2,v6,latest,SRC-F014,https://apply.lh.or.kr/lhapply/lhFile.do?fileid=61520164,data/raw/evidence/(정정)250424_교산푸르지오더퍼스트_입주자모집공고.pdf,08438e6ac19967e88de5ae5dfe94e8f5bd891efefd0eb07195d96045b0707fa6,,,,,정정 입주자모집공고 공급대상 표,planned_block,verified,local_pdf_text,2026-09-02T18:00:00+09:00,PDF-006,data/raw/evidence/(정정)250424_교산푸르지오더퍼스트_입주자모집공고.pdf,08438e6ac19967e88de5ae5dfe94e8f5bd891efefd0eb07195d96045b0707fa6,sha256,1.0,matched_existing,success,54,234874,PDF-006 추출 txt,TBD,TBD,,,,TRUE,parkd,2026-09-02T19:38:00+09:00,A1B1C1D1E1,,,,,,
SRC-PDF-001-OCCU-1,고양 창릉,official_pdf,(250131)고양창릉A-4블록신혼희망타운(공공분양)입주자모집공고문,한국토지주택공사,2025-01-31,2026-09-02T18:18:06+09:00,https://apply.lh.or.kr/lhapply/lhFile.do?fileid=60487776,data/raw/evidence/(250131)고양창릉A-4블록신혼희망타운(공공분양)입주자모집공고문.pdf,e9ecf26d9d265a70fb06ab20847c338f10a9bf24ef3dbf6ed58c57c6a251b931,PDF p.27,"유소 등이 위치하고 있음 - 지구 북측과 남측에 유보지가 위치하며, 유보지의 용도는 추후 결정 예정임 - 지구 내 학교 등 각종 교육시설은 개발(실시)계획의 변경, 해당 관청의 학교설립시기 조정 및 설립계획 보류(소)요청 등에 의하여 추후 변경될 수 있으며, 설립계획 및 학생 수용계획 은 향후 공동주택 입주시기 및 학생수 등을 감안하여 해당 관청에서 결정하는 사항이므로 변경될 수 있음 - 교육청의 학교설립계획의 변경으로 인하여 당해지구 내 학교부지가 취소 및 위치나 면적이 변경될 수 있으며, 당해 지구 내 계획 중인 신설학교는 교육여건 변화에 따라 변경 될 수 있음 - 당해 지구 내 신설학교 배정 및 인근 학교 배치 등 각종 교육시설은 해당관청(고양교육지원청)에 문의하시기 바람 - 지구 내 학교, 공공시설 등의 용지는 해당 기관의 수요가 없을 경우 타 용도로 변경될 수 있음 - 고양창릉 공공주택지구는 사업기간이 2029년 12월로 계획되어 있으나, 관계기관 협의 등 부득이한 사유에 의하여 연기될 수 있으며",occupancy_planned_block,2029,year,,block,medium,rejected,83개 PDF 전수 추출에서 생성된 AI 초안; 사람 확인 전 지표 확정 금지,PDF-001-occupancy_planned_block,PDF-001-occupancy_planned_block,3G_forward,,pdf,2029-12-31,2029-01-01,2029-12-31,,예정;계획,LOCAL_FILE,1014131,data/staged/pdf_text/e9ecf26d9d265a70fb06ab20847c338f10a9bf24ef3dbf6ed58c57c6a251b931.txt,Y,1.000,,district_project_period_not_occupancy,False,1,,A-4,v2,,,,,,,,,,PDF p.27,planned_block,agent_draft,local_pdf_sha256_text_extract,2026-09-02T18:18:06+09:00,PDF-001,data/raw/evidence/(250131)고양창릉A-4블록신혼희망타운(공공분양)입주자모집공고문.pdf,e9ecf26d9d265a70fb06ab20847c338f10a9bf24ef3dbf6ed58c57c6a251b931,title_development_event,0.894,new_or_weak_match,success,34,119152,,,,,,,,,,,,,,,,
SRC-PDF-002-OCCU-1,남양주 왕숙,official_pdf,(250724)남양주왕숙A-2블록신혼희망타운(공공분양)입주자모집공고문,한국토지주택공사,2025-07-24,2026-09-02T18:18:06+09:00,https://apply.lh.or.kr/lhapply/lhFile.do?fileid=62796612,data/raw/evidence/(250724)남양주왕숙A-2블록신혼희망타운(공공분양)입주자모집공고문.pdf,70517aa73243cce5a00fb02792ec0a84e4aad3c728a1a5c48546bfa0f8409442,PDF p.5,"니다. 지적공부정리는 입주지정기간 종료일 이후 장기간 소요될 수 있으며, 향후 지적정리 후 면적은 일부 증감될 수 있습니다. ※ 최고층수는 해당주택형의 최상층 층수이며, 최상층세대는 다락방이 설치되지 않습니다. ※ 난방방식은 지역난방, 구조는 철근콘크리트 벽식, 지붕은 평지붕으로 시공됩니다. ※ 입주예정 시기는 ‘28.8월입니다. 건축 공정 등 현장여건에 따라 변동될 수 있으며, 정확한 입주 시기는 추후 개별 안내할 예정입니다. ※ 1층 세대수는 주거약자용주택(행복주택) 및 가정어린이집으로 배정될 예정인 1층 세대수를 제외한 공공분양 최대 배정 가능수입니다. 3. 공공분양주택의 분양가격, 발코니 확장비용, 추가선택품목 공급가격 ■ 사전청약당첨자 분양가격 납부조건 등 안내(발코니 확장비, 추가선택품목 비용은 별도) [단위 : 천원] 주택형 타입 층별 타입별 주택가격 계약금 5% 중도금 20% 잔금 융자금 (주택도시기금) 계약시 (’27.08.31) 입주시 046.00000 46A1 3층 기본형 342,1",occupancy_planned_block,2028-08,month,,block,medium,verified,83개 PDF 전수 추출에서 생성된 AI 초안; 사람 확인 전 지표 확정 금지,PDF-002-occupancy_planned_block,PDF-002-occupancy_planned_block,3G_forward,,pdf,2028-08-31,2028-08-01,2028-08-31,,예정,LOCAL_FILE,1137640,data/staged/pdf_text/70517aa73243cce5a00fb02792ec0a84e4aad3c728a1a5c48546bfa0f8409442.txt,Y,1.000,,,False,1,,A-2,v2,superseded,SRC-F008,,,,,,,,PDF p.5,planned_block,agent_draft,local_pdf_sha256_text_extract,2026-09-02T18:18:06+09:00,PDF-002,data/raw/evidence/(250724)남양주왕숙A-2블록신혼희망타운(공공분양)입주자모집공고문.pdf,70517aa73243cce5a00fb02792ec0a84e4aad3c728a1a5c48546bfa0f8409442,title_development_event,0.898,new_or_weak_match,success,41,140699,,,,,,month,TRUE,parkd,2026-09-02T19:38:00+09:00,A1B1C1D1E1,,,,,,
SRC-PDF-004-OCCU-1,고양 창릉,official_pdf,(정정)(정정)고양창릉S-3블록입주자모집공고문,국토교통부,2027-01-01,2026-09-02T18:18:06+09:00,https://apply.lh.or.kr/lhapply/lhFile.do?fileid=67677223,data/raw/evidence/(정정)(정정)고양창릉S-3블록입주자모집공고문.pdf,35fef79a31d18fdeecb52bc6a15e08811e6857245dbd14d220753f3597a10981,PDF p.41,"유소 등이 위치하고 있음 - 지구 북측과 남측에 유보지가 위치하며, 유보지의 용도는 추후 결정 예정임 - 지구 내 학교 등 각종 교육시설은 개발(실시)계획의 변경, 해당 관청의 학교설립시기 조정 및 설립계획 보류(소)요청 등에 의하여 추후 변경될 수 있으며, 설립계획 및 학생 수용계획은 향후 공동주택 입주시기 및 학생수 등을 감안하여 해당 관청에서 결정하는 사항이므로 변경될 수 있음 - 교육청의 학교설립계획의 변경으로 인하여 당해지구 내 학교부지가 취소 및 위치나 면적이 변경될 수 있으며, 당해 지구 내 계획 중인 신설학교는 교육여건 변화에 따라 변경될 수 있음 - 당해 지구 내 신설학교 배정 및 인근 학교 배치 등 각종 교육시설은 해당 관청(고양교육지원청)에 문의하시기 바람 - 지구 내 학교 등의 용지는 해당 기관의 수요가 없을 경우 타 용도로 변경될 수 있음 - 고양창릉 공공주택지구는 사업기간이 2029년 12월로 계획되어 있으나, 관계기관 협의 등 부득이한 사유에 의하여 연기될 수 있으며, 그에",occupancy_planned_block,2029,year,,block,medium,rejected,83개 PDF 전수 추출에서 생성된 AI 초안; 사람 확인 전 지표 확정 금지,PDF-004-occupancy_planned_block,PDF-004-occupancy_planned_block,3G_forward,,pdf,2029-12-31,2029-01-01,2029-12-31,,예정;계획,LOCAL_FILE,1619270,data/staged/pdf_text/35fef79a31d18fdeecb52bc6a15e08811e6857245dbd14d220753f3597a10981.txt,Y,1.000,,district_project_period_not_occupancy,False,1,,S-3,v2,,,,,,,,,,PDF p.41,planned_block,agent_draft,local_pdf_sha256_text_extract,2026-09-02T18:18:06+09:00,PDF-004,data/raw/evidence/(정정)(정정)고양창릉S-3블록입주자모집공고문.pdf,35fef79a31d18fdeecb52bc6a15e08811e6857245dbd14d220753f3597a10981,title_development_event,0.757,new_or_weak_match,success,49,180851,,,,,,,,,,,,,,,,
SRC-PDF-005-OCCU-1,고양 창릉,official_pdf,(정정)(정정)고양창릉S-4블록공공분양입주자모집공고문,한국토지주택공사,,2026-09-02T18:18:06+09:00,https://apply.lh.or.kr/lhapply/lhFile.do?fileid=67715855,data/raw/evidence/(정정)(정정)고양창릉S-4블록공공분양입주자모집공고문.pdf,25311d447e7f43c48655b96613b1ff2bc56371612a268932071bfb8429e5107d,PDF p.44,"유소 등이 위치하고 있음 - 지구 북측과 남측에 유보지가 위치하며, 유보지의 용도는 추후 결정 예정임 - 지구 내 학교 등 각종 교육시설은 개발(실시)계획의 변경, 해당 관청의 학교설립시기 조정 및 설립계획 보류(소)요청 등에 의하여 추후 변경될 수 있으며, 설립계획 및 학생 수용계획 은 향후 공동주택 입주시기 및 학생수 등을 감안하여 해당 관청에서 결정하는 사항이므로 변경될 수 있음 - 교육청의 학교설립계획의 변경으로 인하여 당해지구 내 학교부지가 취소 및 위치나 면적이 변경될 수 있으며, 당해 지구 내 계획 중인 신설학교는 교육여건 변화에 따라 변경될 수 있 음 - 당해 지구 내 신설학교 배정 및 인근 학교 배치 등 각종 교육시설은 해당관청(고양교육지원청)에 문의하시기 바람 - 지구 내 학교 등의 용지는 해당 기관의 수요가 없을 경우 타 용도로 변경될 수 있음 - 고양창릉 공공주택지구는 사업기간이 2029년 12월로 계획되어 있으나, 관계기관 협의 등 부득이한 사유에 의하여 연기될 수 있으며, 그에 따",occupancy_planned_block,2029,year,,block,medium,rejected,83개 PDF 전수 추출에서 생성된 AI 초안; 사람 확인 전 지표 확정 금지,PDF-005-occupancy_planned_block,PDF-005-occupancy_planned_block,3G_forward,,pdf,2029-12-31,2029-01-01,2029-12-31,,예정;계획,LOCAL_FILE,1618751,data/staged/pdf_text/25311d447e7f43c48655b96613b1ff2bc56371612a268932071bfb8429e5107d.txt,Y,1.000,,district_project_period_not_occupancy,False,1,,S-4,v2,,,,,,,,,,PDF p.44,planned_block,agent_draft,local_pdf_sha256_text_extract,2026-09-02T18:18:06+09:00,PDF-005,data/raw/evidence/(정정)(정정)고양창릉S-4블록공공분양입주자모집공고문.pdf,25311d447e7f43c48655b96613b1ff2bc56371612a268932071bfb8429e5107d,title_development_event,0.927,new_or_weak_match,success,52,195212,,,,,,,,,,,,,,,,
SRC-PDF-007-OCCU-1,고양 창릉,official_pdf,"(정정)고양창릉S-5,S-6블록공공분양주택입주자모집공고문",한국토지주택공사,2025-01-30,2026-09-02T18:18:06+09:00,https://apply.lh.or.kr/lhapply/lhFile.do?fileid=60606564,"data/raw/evidence/(정정)고양창릉S-5,S-6블록공공분양주택입주자모집공고문.pdf",a65a5c4807f9e93fe2cd6c465ccaaccae2657d5b48db24ded879e80b26468319,PDF p.38,"유소 등이 위치하고 있음 - 지구 북측과 남측에 유보지가 위치하며, 유보지의 용도는 추후 결정 예정임 - 지구 내 학교 등 각종 교육시설은 개발(실시)계획의 변경, 해당 관청의 학교설립시기 조정 및 설립계획 보류(소)요청 등에 의하여 추후 변경될 수 있으며, 설립계획 및 학생 수용계획 은 향후 공동주택 입주시기 및 학생수 등을 감안하여 해당 관청에서 결정하는 사항이므로 변경될 수 있음 - 교육청의 학교설립계획의 변경으로 인하여 당해지구 내 학교부지가 취소 및 위치나 면적이 변경될 수 있으며, 당해 지구 내 계획 중인 신설학교는 교육여건 변화에 따라 변경 될 수 있음 - 당해 지구 내 신설학교 배정 및 인근 학교 배치 등 각종 교육시설은 해당관청(고양교육지원청)에 문의하시기 바람 - 지구 내 학교 등의 용지는 해당 기관의 수요가 없을 경우 타 용도로 변경될 수 있음 - 고양창릉 공공주택지구는 사업기간이 2029년 12월로 계획되어 있으나, 관계기관 협의 등 부득이한 사유에 의하여 연기될 수 있으며, 그에 따",occupancy_planned_block,2029,year,,block,medium,rejected,83개 PDF 전수 추출에서 생성된 AI 초안; 사람 확인 전 지표 확정 금지,PDF-007-occupancy_planned_block,PDF-007-occupancy_planned_block,3G_forward,,pdf,2029-12-31,2029-01-01,2029-12-31,,예정;계획,LOCAL_FILE,1479031,data/staged/pdf_text/a65a5c4807f9e93fe2cd6c465ccaaccae2657d5b48db24ded879e80b26468319.txt,Y,1.000,,district_project_period_not_occupancy,False,1,,S-6,,,,,,,,,,,PDF p.38,planned_block,agent_draft,local_pdf_sha256_text_extract,2026-09-02T18:18:06+09:00,PDF-007,"data/raw/evidence/(정정)고양창릉S-5,S-6블록공공분양주택입주자모집공고문.pdf",a65a5c4807f9e93fe2cd6c465ccaaccae2657d5b48db24ded879e80b26468319,title_development_event,0.933,new_or_weak_match,success,52,188068,,,,,,,,,,,,,,,,
SRC-PDF-008-OCCU-1,하남 교산,official_pdf,(정정)교산푸르지오더퍼스트_입주자모집공고,한국토지주택공사,2025-03-30,2026-09-02T18:18:06+09:00,https://apply.lh.or.kr/lhapply/lhFile.do?fileid=61479595,data/raw/evidence/(정정)교산푸르지오더퍼스트_입주자모집공고.pdf,17f890d3468fb4f720c33fa6aefb56dd0eb6cfae7df0b4bd9996a5b6f554de4d,PDF p.5,"기 면적이 상이할 수 있습니다. ※ 공급면적 및 대지지분은 공부정리절차 등의 부득이한 경우에 한해 법령이 허용하는 오차 범위 내에서 증감이 있을 수 있습니다. ※ 최고층수는 해당 주택형(타입)의 최상층입니다. ※ 난방방식은 지역난방, 구조는 철근콘크리트 벽식, 지붕은 평지붕으로 시공됩니다. ※ 입주예정 시기는 2029년 6월로 예정되어 있으나, 공정에 따라 변동될 수 있으며, 정확한 입주 시기는 추후 개별 안내할 예정입니다. ※ 본 사업은 「공공주택 특별법」 제4조 제2항 및 ‘민간참여 공공주택사업 시행지침’에 따라 민간참여 공공주택을 시행하는 사업 [사업주체 : 한국토지주택공사[민간참여 공공주택건설사업 민간사업자 ㈜대우건설, 계룡건설산업㈜, 동부건설㈜, 흥한주택종합건설㈜, ㈜파레나] / 시공업체 : ㈜대우건설, 계룡건설산업㈜, 동부건설㈜, 흥한주택종합건설㈜, ㈜파레나]입니다. 금융인증서, 토스인증서, KB국민인증서 중 1개)를 미리 발급 받으시기 바라며, 공급구분별 신청접수일이 다르므로 반드시 해당",occupancy_planned_block,2029,year,,block,medium,verified,83개 PDF 전수 추출에서 생성된 AI 초안; 사람 확인 전 지표 확정 금지,PDF-008-occupancy_planned_block,PDF-008-occupancy_planned_block,3G_forward,,pdf,2029-12-31,2029-01-01,2029-12-31,,예정,LOCAL_FILE,2668773,data/staged/pdf_text/17f890d3468fb4f720c33fa6aefb56dd0eb6cfae7df0b4bd9996a5b6f554de4d.txt,Y,1.000,,,False,1,,A-2,v4,superseded,SRC-PDF-014-OCCU-1,,,,,,,,PDF p.5,planned_block,agent_draft,local_pdf_sha256_text_extract,2026-09-02T18:18:06+09:00,PDF-008,data/raw/evidence/(정정)교산푸르지오더퍼스트_입주자모집공고.pdf,17f890d3468fb4f720c33fa6aefb56dd0eb6cfae7df0b4bd9996a5b6f554de4d,exact_excerpt,0.98,new_or_weak_match,success,54,234965,,,,,,month,TRUE,parkd,2026-09-02T19:38:00+09:00,A1B1C1D1E1,,,,,,
SRC-PDF-014-OCCU-1,하남 교산,official_pdf,(최종)250331_교산푸르지오더퍼스트_입주자모집공고,한국토지주택공사,2025-03-31,2026-09-02T18:18:06+09:00,https://apply.lh.or.kr/lhapply/lhFile.do?fileid=61210841,data/raw/evidence/(최종)250331_교산푸르지오더퍼스트_입주자모집공고.pdf,b247b3e65cb7029821c352a345952c0fb73323ae3462b90b52f5b653dca1a2f5,PDF p.5,"기 면적이 상이할 수 있습니다. ※ 공급면적 및 대지지분은 공부정리절차 등의 부득이한 경우에 한해 법령이 허용하는 오차 범위 내에서 증감이 있을 수 있습니다. ※ 최고층수는 해당 주택형(타입)의 최상층입니다. ※ 난방방식은 지역난방, 구조는 철근콘크리트 벽식, 지붕은 평지붕으로 시공됩니다. ※ 입주예정 시기는 2029년 6월로 예정되어 있으나, 공정에 따라 변동될 수 있으며, 정확한 입주 시기는 추후 개별 안내할 예정입니다. ※ 본 사업은 「공공주택 특별법」 제4조 제2항 및 ‘민간참여 공공주택사업 시행지침’에 따라 민간참여 공공주택을 시행하는 사업 [사업주체 : 한국토지주택공사[민간참여 공공주택건설사업 민간사업자 ㈜대우건설, 계룡건설산업㈜, 동부건설㈜, 흥한주택종합건설㈜, ㈜파레나] / 시공업체 : ㈜대우건설, 계룡건설산업㈜, 동부건설㈜, 흥한주택종합건설㈜, ㈜파레나]입니다. ※ 단, 부부(예비신혼부부 제외)는 당첨자발표일이 동일한 주택에 대해 각각 청약할 수 있으나, 중복당첨된 경우 「주택공",occupancy_planned_block,2029,year,,block,medium,verified,83개 PDF 전수 추출에서 생성된 AI 초안; 사람 확인 전 지표 확정 금지,PDF-014-occupancy_planned_block,PDF-014-occupancy_planned_block,3G_forward,,pdf,2029-12-31,2029-01-01,2029-12-31,,예정,LOCAL_FILE,2611355,data/staged/pdf_text/b247b3e65cb7029821c352a345952c0fb73323ae3462b90b52f5b653dca1a2f5.txt,Y,1.000,,,False,1,,A-2,v3,superseded,SRC-F013,,,,,,,,PDF p.5,planned_block,agent_draft,local_pdf_sha256_text_extract,2026-09-02T18:18:06+09:00,PDF-014,data/raw/evidence/(최종)250331_교산푸르지오더퍼스트_입주자모집공고.pdf,b247b3e65cb7029821c352a345952c0fb73323ae3462b90b52f5b653dca1a2f5,exact_excerpt,0.98,new_or_weak_match,success,54,233837,,,,,,month,TRUE,parkd,2026-09-02T19:38:00+09:00,A1B1C1D1E1,,,,,,
SRC-PDF-015-OCCU-1,김포 한강,official_pdf,110624(조간)__11년_6~8월_입주예정_아파트_공개(주택정책과),남양주시,2011-06-24,2026-09-02T18:18:06+09:00,,data/raw/evidence/110624(조간)__11년_6~8월_입주예정_아파트_공개(주택정책과).pdf,dc233154be5b674cb88e215791cc0f37d90bdbe94d06dff17e6fed269a0f7d9f,PDF p.1,"부서 주택정책과 공공주택개발과담 당 자 ∙과장 진현환팀장 최제호사무관 정재원 , , (02)2110-8264, 8265 ☎ ∙과장 이안호사무관 권영원 , (02)2110-6055 ☎ 보 도 일 시 년 월 일금 조간부터 보도하여 주시기 바랍니다 2011 6 24 ( ) . 김포한강신도시 아파트 첫 입주 등 입주물량 증가세 - ’ 년 월 입주예정 아파트 공개 11 6~8 - □국토해양부장관 권도엽 ( : )는 금 6.24( ) 금년 월 입주예정 6 8 ～ 아파트에 대한 세부정보*를 공개하였다. 입주월 지역 단지명 규모별 이하초과 세대수 등 * , , , (85 / ) ㎡ □지역별로는 전국 호 44,903 , 수도권 호 21,003 , 지방 호 23,900 로 나타났으며, ㅇ 월별로는 월 호 6 19,264 , 월 호 7 16,206 , 월 호 8 9,433 가 입주예정인 것으로 집계되었다. 단위 호 ( : ) 구 분 월 3 월 4 월 5 소계",occupancy_first_actual,,unknown,,district,low,duplicate,"83개 PDF 전수 추출에서 생성된 AI 초안; 사람 확인 전 지표 확정 금지; excerpt에 ""김포한강신도시 아파트 첫 입주 등 입주물량 증가세"" 포함(2011년 6월). SRC-H007과 중복 가능성",PDF-015-occupancy_first_actual,PDF-015-occupancy_first_actual,2G_historical,,pdf,,,,,예정,LOCAL_FILE,350076,data/staged/pdf_text/dc233154be5b674cb88e215791cc0f37d90bdbe94d06dff17e6fed269a0f7d9f.txt,Y,1.000,missing_event_date_or_excerpt;missing_direct_source_url;missing_event_date; B4-ambiguous-excerpt: 규칙 미해당; B4v2:accept_with_flag,,False,1,SRC-H007,,,,,,,,,,,,PDF p.1,gap_start,agent_draft,local_pdf_sha256_text_extract,2026-09-02T18:18:06+09:00,PDF-015,data/raw/evidence/110624(조간)__11년_6~8월_입주예정_아파트_공개(주택정책과).pdf,dc233154be5b674cb88e215791cc0f37d90bdbe94d06dff17e6fed269a0f7d9f,,0.0,new_or_weak_match,success,3,6359,,,,,,month,,,,,,,,,,
SRC-PDF-016-OCCU-1,하남 미사,official_pdf,140630_LH_미사강변도시_첫_입주_시작,한국토지주택공사,2014-06-30,2026-09-02T18:18:06+09:00,,data/raw/evidence/140630_LH_미사강변도시_첫_입주_시작.pdf,6a368721bcef1b229bfe5bd3bb2d40b5ddf61811dd86483a53841c6ecdfc15a4,PDF p.1,"보 도 자 료 한국토지주택공사 배포일시 월 2014. 6. 30 ( ) 보도일시 즉시 보도 가능합니다. 담당부서 하남사업본부 사업관리부 담 당 자 김동진 부장 (031-790-7806) 백형주 부장대우(031-790-7860) 미사강변도시 첫 입주 시작 , 월 일 블록 세대를 시작으로 로 월 블록 - 6 30 A15 976 8 A9 세대 월 블록 세대 등 연내 세대 입주 712 , 12 A28 1,541 3.229 수용인구 만천명의 수도권 동남부 핵심 주거 주거벨트 - 9 6 무주택서민의 내집 마련을 위해 추진된 하남미사 공공주택사업옛 보금자 ( 리주택사업이 그 첫 결실을 맺는다 ) . 한국토지주택공사 사장 이재영 ( , ((http://www.lh.or.kr)는 지난 년 시범지구로 지정된 미사강변도시의 입주가 오는 일 블록을 2009 30 A15 시작으로 본격화된다고 밝혔다. 미사강변도시는 위례신도시와 더불어 수도권 동남부 핵심 주거벨트 중 하 나로 손꼽힌다한강변",occupancy_first_actual,2014-06-30,day,,district,medium,verified,83개 PDF 전수 추출에서 생성된 AI 초안; 사람 확인 전 지표 확정 금지,PDF-016-occupancy_first_actual,PDF-016-occupancy_first_actual,2G_historical,,pdf,2014-06-30,2014-06-30,2014-06-30,,추진,LOCAL_FILE,228581,data/staged/pdf_text/6a368721bcef1b229bfe5bd3bb2d40b5ddf61811dd86483a53841c6ecdfc15a4.txt,Y,1.000,,,False,1,,,,,,,,,,,,,PDF p.1,gap_start,agent_draft,local_pdf_sha256_text_extract,2026-09-02T18:18:06+09:00,PDF-016,data/raw/evidence/140630_LH_미사강변도시_첫_입주_시작.pdf,6a368721bcef1b229bfe5bd3bb2d40b5ddf61811dd86483a53841c6ecdfc15a4,title_development_event,1.0,new_or_weak_match,success,3,2347,,,,,,,TRUE,parkd,2026-09-02T19:38:00+09:00,A1B1C1D1E1,,,,,,
SRC-PDF-018-PROM-1,하남 교산,official_pdf,200521(14시이후)+하남교산+신도시_과천지구+광역교통개선대책+확정(공공택지기획과),국토교통부,2020-05-21,2026-09-02T18:18:06+09:00,,data/raw/evidence/200521(14시이후)+하남교산+신도시_과천지구+광역교통개선대책+확정(공공택지기획과).pdf,fbe43488370ed17260f5eb6525fcfb25d0453d9a5c2222cb252bf9de41dd62d1,국토부 하남교산 광역교통개선대책 확정 보도자료 PDF p.1,국토교통부장관 김현미는 대도시권광역교통위원회(위원장 최기주) 심의(2020-05-08)를 거쳐 하남교산 3기 신도시(3만2천호)와 과천지구(7천호) 광역교통개선대책을 확정하였다.,plan_confirmation,,unknown,,district,low,verified,83개 PDF 전수 추출에서 생성된 AI 초안; 사람 확인 전 지표 확정 금지; 광역교통대책 확정일 문서 - 완공목표 아님,PDF-018-promise_date,PDF-018-promise_date,3G_forward,,pdf,,,,,추진;확정;계획,LOCAL_FILE,563837,data/staged/pdf_text/fbe43488370ed17260f5eb6525fcfb25d0453d9a5c2222cb252bf9de41dd62d1.txt,Y_NORMALIZED,0.98,,,False,1,,,,,,,,,,,,,PDF p.1,promise,agent_draft,local_pdf_sha256_text_extract,2026-09-02T18:18:06+09:00,PDF-018,data/raw/evidence/200521(14시이후)+하남교산+신도시_과천지구+광역교통개선대책+확정(공공택지기획과).pdf,fbe43488370ed17260f5eb6525fcfb25d0453d9a5c2222cb252bf9de41dd62d1,title_development_event,0.735,new_or_weak_match,success,7,3970,,,,2020-05-08,,absent,TRUE,parkd,2026-09-02T20:22:00+09:00,A1B1C1D1E1,,,,,,
SRC-PDF-019-PROM-1,남양주 왕숙,official_pdf,201230(조간)남양주왕숙_고양창릉 신도시 교통대책 확정(공공택지기획과 광역교통정책과),국토교통부,2020-12-30,2026-09-02T18:18:06+09:00,https://allinpdf.com/Transmit/File_Download?DownloadPath=2026%2f08%2f31%2fbb0746e8-a368-447f-8345-252b4e8a7dd3.hwp-0001.pdf&FileName=201230(%ec%a1%b0%ea%b0%84)%eb%82%a8%ec%96%91%ec%a3%bc%ec%99%95%ec%88%99_%ea%b3%a0%ec%96%91%ec%b0%bd%eb%a6%89+%ec%8b%a0%eb%8f%84%ec%8b%9c+%ea%b5%90%ed%86%b5%eb%8c%80%ec%b1%85+%ed%99%95%ec%a0%95(%ea%b3%b5%ea%b3%b5%ed%83%9d%ec%a7%80%ea%b8%b0%ed%9a%8d%ea%b3%bc+%ea%b4%91%ec%97%ad%ea%b5%90%ed%86%b5%ec%a0%95%ec%b1%85%ea%b3%bc).hwp.pdf,data/raw/evidence/201230(조간)남양주왕숙_고양창릉 신도시 교통대책 확정(공공택지기획과 광역교통정책과).pdf,ecc470f4fb71a5b29f7499ce815fe4f6605f9de139444664a3134be6e5dcd577,PDF p.1,"57 보 도 일 시 2020년 12월 30일(수) 조간부터 보도하여 주시기 바랍니다. ※ 통신‧방송‧인터넷은 12. 29.(화) 11:00 이후 보도 가능 남양주왕숙·고양창릉 신도시 교통대책 확정! - 도시철도, GTX 등으로 서울도심 30분대 접근 가능 - - 3기 신도시 등 수도권 주택공급계획 차질 없이 추진 중 - □국토교통부는대도시권광역교통위원회심의(’20.12.4)를거쳐남양주왕숙 (6만6천호)과고양창릉(3만8천호)의광역교통개선대책을확정하였다. ㅇ광역교통개선대책은신도시조성및신규교통대책추진에따른교통량 변화등에대한교통전문기관용역, 한국교통연구원(KOTI) 검증, 지방자치단체협의, 대광위심의등을거쳐확정되었다. □3기신도시광역교통개선대책은서울도심까지30분대출퇴근이가능 하도록지하철등대중교통투자를확대하고, 사업추진과정에서시행 착오를최소화하기위해지방자치단체와사업계획을함께수립하여 광역교통시설의적기준공을도모하였다. ㅇ5월에광역교통개선대책을확정한하남교산·과천은도로사업실시 설계착수등후속절차를정상진행중으로`21년부터사업별인허가 절차",promise_date,2020,year,rail,district,medium,verified,83개 PDF 전수 추출에서 생성된 AI 초안; 사람 확인 전 지표 확정 금지,PDF-019-promise_date,PDF-019-promise_date,3G_forward,,pdf,2020-12-31,2020-01-01,2020-12-31,GTX-A 수서~동탄;별내선(8호선 연장);진접선(4호선 연장),추진;확정;계획,LOCAL_FILE,698887,data/staged/pdf_text/ecc470f4fb71a5b29f7499ce815fe4f6605f9de139444664a3134be6e5dcd577.txt,Y,1.000,,,False,1,,,,,,,,,,,,,PDF p.1,promise,agent_draft,local_pdf_sha256_text_extract,2026-09-02T18:18:06+09:00,PDF-019,data/raw/evidence/201230(조간)남양주왕숙_고양창릉 신도시 교통대책 확정(공공택지기획과 광역교통정책과).pdf,ecc470f4fb71a5b29f7499ce815fe4f6605f9de139444664a3134be6e5dcd577,title_development_event,0.692,new_or_weak_match,success,10,5595,,,,,,,TRUE,parkd,2026-09-02T19:38:00+09:00,A1B1C1D1E1,,,,,,
SRC-PDF-019-PROM-2,고양 창릉,official_pdf,201230(조간)남양주왕숙_고양창릉 신도시 교통대책 확정(공공택지기획과 광역교통정책과),국토교통부,2020-12-30,2026-09-02T18:18:06+09:00,https://allinpdf.com/Transmit/File_Download?DownloadPath=2026%2f08%2f31%2fbb0746e8-a368-447f-8345-252b4e8a7dd3.hwp-0001.pdf&FileName=201230(%ec%a1%b0%ea%b0%84)%eb%82%a8%ec%96%91%ec%a3%bc%ec%99%95%ec%88%99_%ea%b3%a0%ec%96%91%ec%b0%bd%eb%a6%89+%ec%8b%a0%eb%8f%84%ec%8b%9c+%ea%b5%90%ed%86%b5%eb%8c%80%ec%b1%85+%ed%99%95%ec%a0%95(%ea%b3%b5%ea%b3%b5%ed%83%9d%ec%a7%80%ea%b8%b0%ed%9a%8d%ea%b3%bc+%ea%b4%91%ec%97%ad%ea%b5%90%ed%86%b5%ec%a0%95%ec%b1%85%ea%b3%bc).hwp.pdf,data/raw/evidence/201230(조간)남양주왕숙_고양창릉 신도시 교통대책 확정(공공택지기획과 광역교통정책과).pdf,ecc470f4fb71a5b29f7499ce815fe4f6605f9de139444664a3134be6e5dcd577,PDF p.1,"57 보 도 일 시 2020년 12월 30일(수) 조간부터 보도하여 주시기 바랍니다. ※ 통신‧방송‧인터넷은 12. 29.(화) 11:00 이후 보도 가능 남양주왕숙·고양창릉 신도시 교통대책 확정! - 도시철도, GTX 등으로 서울도심 30분대 접근 가능 - - 3기 신도시 등 수도권 주택공급계획 차질 없이 추진 중 - □국토교통부는대도시권광역교통위원회심의(’20.12.4)를거쳐남양주왕숙 (6만6천호)과고양창릉(3만8천호)의광역교통개선대책을확정하였다. ㅇ광역교통개선대책은신도시조성및신규교통대책추진에따른교통량 변화등에대한교통전문기관용역, 한국교통연구원(KOTI) 검증, 지방자치단체협의, 대광위심의등을거쳐확정되었다. □3기신도시광역교통개선대책은서울도심까지30분대출퇴근이가능 하도록지하철등대중교통투자를확대하고, 사업추진과정에서시행 착오를최소화하기위해지방자치단체와사업계획을함께수립하여 광역교통시설의적기준공을도모하였다. ㅇ5월에광역교통개선대책을확정한하남교산·과천은도로사업실시 설계착수등후속절차를정상진행중으로`21년부터사업별인허가 절차",promise_date,2020,year,rail,district,medium,verified,83개 PDF 전수 추출에서 생성된 AI 초안; 사람 확인 전 지표 확정 금지,PDF-019-promise_date,PDF-019-promise_date,3G_forward,,pdf,2020-12-31,2020-01-01,2020-12-31,GTX-A 수서~동탄;별내선(8호선 연장);진접선(4호선 연장),추진;확정;계획,LOCAL_FILE,698887,data/staged/pdf_text/ecc470f4fb71a5b29f7499ce815fe4f6605f9de139444664a3134be6e5dcd577.txt,Y,1.000,,,False,1,,,,,,,,,,,,,PDF p.1,promise,agent_draft,local_pdf_sha256_text_extract,2026-09-02T18:18:06+09:00,PDF-019,data/raw/evidence/201230(조간)남양주왕숙_고양창릉 신도시 교통대책 확정(공공택지기획과 광역교통정책과).pdf,ecc470f4fb71a5b29f7499ce815fe4f6605f9de139444664a3134be6e5dcd577,title_development_event,0.692,new_or_weak_match,success,10,5595,,,,,,,TRUE,parkd,2026-09-02T19:38:00+09:00,A1B1C1D1E1,,,,,,
SRC-PDF-020-OCCU-1,화성 동탄2,official_pdf,20150123_ 동탄2신도시 첫 입주,국토교통부,2015-01-23,2026-09-02T18:18:06+09:00,,data/raw/evidence/20150123_ 동탄2신도시 첫 입주.pdf,5ec7ad2f8fde7650b4723adcec0d6931c2ecdb8af0bd0ccaab60f6db6b6c63e6,PDF p.1,"보 도 자 료 한국토지주택공사 배포일시 2015. 01. 23 금 ( ) 보도일시 인터넷은 일 부터 지면은 월부터 보도하여 주시기 바랍니다 1.25( ) 11:00 1.26( ) . 담당부서 경기지역본부 동탄사업본부 담 당 자 김현석 부장대우(031-379-6812) 수도권 최대 신도시 동탄 지구첫 입주 시작 (2) , 상반기 천백여 세대하반기까지 총 세대 입주 - 7 7 , 16,535 - 수도권남부지역 전월세난 해소에 크게 기여할 것으로 기대 년 월 주택시장 안정에 기여하고 수도권 남부에 자족적 거점 2007 12 , 도시 조성을 목적으로 택지개발예정지구로 지정되어 추진중인 화성동 탄 신도시가 년여의 사업 끝에 (2) 7 이달 일부터 입주가 시작된다 30 . 동탄 신도시 전체 아파트 세대수는 세대로금번 (2) 95,645 , EG 호 (642 ), GS 호 (559 ), KR 호 (656 ) 금성백조 , 호 (485 ) 모아 , 호 (460 ) 등 개 블록 총 5 2",occupancy_first_actual,2015-01-23,day,,district,medium,verified,83개 PDF 전수 추출에서 생성된 AI 초안; 사람 확인 전 지표 확정 금지,PDF-020-occupancy_first_actual,PDF-020-occupancy_first_actual,2G_historical,,pdf,2015-01-23,2015-01-23,2015-01-23,,예정;추진,LOCAL_FILE,306583,data/staged/pdf_text/5ec7ad2f8fde7650b4723adcec0d6931c2ecdb8af0bd0ccaab60f6db6b6c63e6.txt,Y,1.000,,,False,1,,,,,,,,,,,,,PDF p.1,gap_start,agent_draft,local_pdf_sha256_text_extract,2026-09-02T18:18:06+09:00,PDF-020,data/raw/evidence/20150123_ 동탄2신도시 첫 입주.pdf,5ec7ad2f8fde7650b4723adcec0d6931c2ecdb8af0bd0ccaab60f6db6b6c63e6,,0.0,new_or_weak_match,success,3,2962,,,,,,,TRUE,parkd,2026-09-02T19:38:00+09:00,A1B1C1D1E1,,,,,,
SRC-PDF-021-PROM-1,화성 동탄2,local_pdf_unknown_publisher,210125 (조간)3기 신도시_패스트트랙_교통대책 조기 확정 등으로 신속 공급(공공택지기획과),,2021-01-25,2026-09-02T18:18:06+09:00,https://allinpdf.com/Transmit/File_Download?DownloadPath=2026%2f08%2f31%2f0b34fc1d-dd59-4fee-b1b6-4dec3f09c3d4.hwp-0001.pdf&FileName=210125+(%ec%a1%b0%ea%b0%84)3%ea%b8%b0+%ec%8b%a0%eb%8f%84%ec%8b%9c_%ed%8c%a8%ec%8a%a4%ed%8a%b8%ed%8a%b8%eb%9e%99_%ea%b5%90%ed%86%b5%eb%8c%80%ec%b1%85+%ec%a1%b0%ea%b8%b0+%ed%99%95%ec%a0%95+%eb%93%b1%ec%9c%bc%eb%a1%9c+%ec%8b%a0%ec%86%8d+%ea%b3%b5%ea%b8%89(%ea%b3%b5%ea%b3%b5%ed%83%9d%ec%a7%80%ea%b8%b0%ed%9a%8d%ea%b3%bc).hwp.pdf,data/raw/evidence/210125 (조간)3기 신도시_패스트트랙_교통대책 조기 확정 등으로 신속 공급(공공택지기획과).pdf,894b933a4fc5a46612a01bb5806599544d52a78c702fdf34203d30d7240bac5b,PDF p.1,"057 보 도 일 시 2021년 1월 25일(월) 조간부터 보도하여 주시기 바랍니다. ※ 통신‧방송‧인터넷은 1. 24.(일) 11:00 이후 보도 가능 3기 신도시, 패스트트랙·교통대책 조기 확정 등으로 신속 공급 - 보상 평균 10개월 조기 착수, 교통대책 평균 16개월 조기 확정 - 1. 3기 신도시 추진현황 □3기신도시는지구계획 수립·토지보상 병행 등패스트 트랙 (Fast-Track)을적용하여보상착수기간을기존대비평균10개월 이상단축*하는등신속하게사업을추진하고있다. * 지구지정∼보상착수: (2기신도시) 성남판교24개월, 위례30개월등평균27개월소요, (3기신도시) 하남교산14개월, 인천계양14개월등평균17개월소요 ㅇ남양주왕숙·하남교산·인천계양은보상공고(’20.8)를거쳐보상절차가 진행중이며, 고양창릉·부천대장은상반기에보상공고할계획이다. ㅇ남양주왕숙·하남교산·인천계양은지구계획(안)을마련(’20.10)하여 관계기관협의중이며올해상반기에순차확정할계획이다. ㅇ고양창릉·부천대장은도시·건축·교통등분야별전문가들이참여 하여지구계",promise_date,2021,year,sbrt,district,medium,verified,83개 PDF 전수 추출에서 생성된 AI 초안; 사람 확인 전 지표 확정 금지,PDF-021-promise_date,PDF-021-promise_date,2G_historical,,pdf,2021-12-31,2021-01-01,2021-12-31,GTX-A 수서~동탄;계양~대장 S-BRT,추진;확정;계획,LOCAL_FILE,663185,data/staged/pdf_text/894b933a4fc5a46612a01bb5806599544d52a78c702fdf34203d30d7240bac5b.txt,Y,1.000,,,False,1,,,,,,,,,,,,,PDF p.1,promise,agent_draft,local_pdf_sha256_text_extract,2026-09-02T18:18:06+09:00,PDF-021,data/raw/evidence/210125 (조간)3기 신도시_패스트트랙_교통대책 조기 확정 등으로 신속 공급(공공택지기획과).pdf,894b933a4fc5a46612a01bb5806599544d52a78c702fdf34203d30d7240bac5b,title_development_event,0.828,new_or_weak_match,success,4,2501,,,,,,,TRUE,parkd,2026-09-02T19:38:00+09:00,A1B1C1D1E1,,,,,,
SRC-PDF-021-PROM-2,인천 계양,local_pdf_unknown_publisher,210125 (조간)3기 신도시_패스트트랙_교통대책 조기 확정 등으로 신속 공급(공공택지기획과),,2021-01-25,2026-09-02T18:18:06+09:00,https://allinpdf.com/Transmit/File_Download?DownloadPath=2026%2f08%2f31%2f0b34fc1d-dd59-4fee-b1b6-4dec3f09c3d4.hwp-0001.pdf&FileName=210125+(%ec%a1%b0%ea%b0%84)3%ea%b8%b0+%ec%8b%a0%eb%8f%84%ec%8b%9c_%ed%8c%a8%ec%8a%a4%ed%8a%b8%ed%8a%b8%eb%9e%99_%ea%b5%90%ed%86%b5%eb%8c%80%ec%b1%85+%ec%a1%b0%ea%b8%b0+%ed%99%95%ec%a0%95+%eb%93%b1%ec%9c%bc%eb%a1%9c+%ec%8b%a0%ec%86%8d+%ea%b3%b5%ea%b8%89(%ea%b3%b5%ea%b3%b5%ed%83%9d%ec%a7%80%ea%b8%b0%ed%9a%8d%ea%b3%bc).hwp.pdf,data/raw/evidence/210125 (조간)3기 신도시_패스트트랙_교통대책 조기 확정 등으로 신속 공급(공공택지기획과).pdf,894b933a4fc5a46612a01bb5806599544d52a78c702fdf34203d30d7240bac5b,PDF p.1,"057 보 도 일 시 2021년 1월 25일(월) 조간부터 보도하여 주시기 바랍니다. ※ 통신‧방송‧인터넷은 1. 24.(일) 11:00 이후 보도 가능 3기 신도시, 패스트트랙·교통대책 조기 확정 등으로 신속 공급 - 보상 평균 10개월 조기 착수, 교통대책 평균 16개월 조기 확정 - 1. 3기 신도시 추진현황 □3기신도시는지구계획 수립·토지보상 병행 등패스트 트랙 (Fast-Track)을적용하여보상착수기간을기존대비평균10개월 이상단축*하는등신속하게사업을추진하고있다. * 지구지정∼보상착수: (2기신도시) 성남판교24개월, 위례30개월등평균27개월소요, (3기신도시) 하남교산14개월, 인천계양14개월등평균17개월소요 ㅇ남양주왕숙·하남교산·인천계양은보상공고(’20.8)를거쳐보상절차가 진행중이며, 고양창릉·부천대장은상반기에보상공고할계획이다. ㅇ남양주왕숙·하남교산·인천계양은지구계획(안)을마련(’20.10)하여 관계기관협의중이며올해상반기에순차확정할계획이다. ㅇ고양창릉·부천대장은도시·건축·교통등분야별전문가들이참여 하여지구계",promise_date,2021,year,sbrt,district,medium,verified,83개 PDF 전수 추출에서 생성된 AI 초안; 사람 확인 전 지표 확정 금지,PDF-021-promise_date,PDF-021-promise_date,3G_forward,,pdf,2021-12-31,2021-01-01,2021-12-31,GTX-A 수서~동탄;계양~대장 S-BRT,추진;확정;계획,LOCAL_FILE,663185,data/staged/pdf_text/894b933a4fc5a46612a01bb5806599544d52a78c702fdf34203d30d7240bac5b.txt,Y,1.000,,,False,1,,,,,,,,,,,,,PDF p.1,promise,agent_draft,local_pdf_sha256_text_extract,2026-09-02T18:18:06+09:00,PDF-021,data/raw/evidence/210125 (조간)3기 신도시_패스트트랙_교통대책 조기 확정 등으로 신속 공급(공공택지기획과).pdf,894b933a4fc5a46612a01bb5806599544d52a78c702fdf34203d30d7240bac5b,title_development_event,0.828,new_or_weak_match,success,4,2501,,,,,,,TRUE,parkd,2026-09-02T19:38:00+09:00,A1B1C1D1E1,,,,,,
SRC-PDF-021-PROM-3,부천 대장,local_pdf_unknown_publisher,210125 (조간)3기 신도시_패스트트랙_교통대책 조기 확정 등으로 신속 공급(공공택지기획과),,2021-01-25,2026-09-02T18:18:06+09:00,https://allinpdf.com/Transmit/File_Download?DownloadPath=2026%2f08%2f31%2f0b34fc1d-dd59-4fee-b1b6-4dec3f09c3d4.hwp-0001.pdf&FileName=210125+(%ec%a1%b0%ea%b0%84)3%ea%b8%b0+%ec%8b%a0%eb%8f%84%ec%8b%9c_%ed%8c%a8%ec%8a%a4%ed%8a%b8%ed%8a%b8%eb%9e%99_%ea%b5%90%ed%86%b5%eb%8c%80%ec%b1%85+%ec%a1%b0%ea%b8%b0+%ed%99%95%ec%a0%95+%eb%93%b1%ec%9c%bc%eb%a1%9c+%ec%8b%a0%ec%86%8d+%ea%b3%b5%ea%b8%89(%ea%b3%b5%ea%b3%b5%ed%83%9d%ec%a7%80%ea%b8%b0%ed%9a%8d%ea%b3%bc).hwp.pdf,data/raw/evidence/210125 (조간)3기 신도시_패스트트랙_교통대책 조기 확정 등으로 신속 공급(공공택지기획과).pdf,894b933a4fc5a46612a01bb5806599544d52a78c702fdf34203d30d7240bac5b,PDF p.1,"057 보 도 일 시 2021년 1월 25일(월) 조간부터 보도하여 주시기 바랍니다. ※ 통신‧방송‧인터넷은 1. 24.(일) 11:00 이후 보도 가능 3기 신도시, 패스트트랙·교통대책 조기 확정 등으로 신속 공급 - 보상 평균 10개월 조기 착수, 교통대책 평균 16개월 조기 확정 - 1. 3기 신도시 추진현황 □3기신도시는지구계획 수립·토지보상 병행 등패스트 트랙 (Fast-Track)을적용하여보상착수기간을기존대비평균10개월 이상단축*하는등신속하게사업을추진하고있다. * 지구지정∼보상착수: (2기신도시) 성남판교24개월, 위례30개월등평균27개월소요, (3기신도시) 하남교산14개월, 인천계양14개월등평균17개월소요 ㅇ남양주왕숙·하남교산·인천계양은보상공고(’20.8)를거쳐보상절차가 진행중이며, 고양창릉·부천대장은상반기에보상공고할계획이다. ㅇ남양주왕숙·하남교산·인천계양은지구계획(안)을마련(’20.10)하여 관계기관협의중이며올해상반기에순차확정할계획이다. ㅇ고양창릉·부천대장은도시·건축·교통등분야별전문가들이참여 하여지구계",promise_date,2021,year,sbrt,district,medium,verified,83개 PDF 전수 추출에서 생성된 AI 초안; 사람 확인 전 지표 확정 금지,PDF-021-promise_date,PDF-021-promise_date,3G_forward,,pdf,2021-12-31,2021-01-01,2021-12-31,GTX-A 수서~동탄;계양~대장 S-BRT,추진;확정;계획,LOCAL_FILE,663185,data/staged/pdf_text/894b933a4fc5a46612a01bb5806599544d52a78c702fdf34203d30d7240bac5b.txt,Y,1.000,,,False,1,,,,,,,,,,,,,PDF p.1,promise,agent_draft,local_pdf_sha256_text_extract,2026-09-02T18:18:06+09:00,PDF-021,data/raw/evidence/210125 (조간)3기 신도시_패스트트랙_교통대책 조기 확정 등으로 신속 공급(공공택지기획과).pdf,894b933a4fc5a46612a01bb5806599544d52a78c702fdf34203d30d7240bac5b,title_development_event,0.828,new_or_weak_match,success,4,2501,,,,,,,TRUE,parkd,2026-09-02T19:38:00+09:00,A1B1C1D1E1,,,,,,
SRC-PDF-023-ACTU-1,남양주 왕숙,official_pdf,220318(석간)_진접선_개통_남양주의_새로운_길(철도투자개발과),국토교통부,2022-03-18,2026-09-02T18:18:06+09:00,https://www.molit.go.kr/LCMS/DWN.jsp?fold=koreaNews/mobile/file&fileName=220318%28%EC%84%9D%EA%B0%84%29_%EC%A7%84%EC%A0%91%EC%84%A0_%EA%B0%9C%ED%86%B5_%EB%82%A8%EC%96%91%EC%A3%BC%EC%9D%98_%EC%83%88%EB%A1%9C%EC%9A%B4_%EA%B8%B8%28%EC%B2%A0%EB%8F%84%ED%88%AC%EC%9E%90%EA%B0%9C%EB%B0%9C%EA%B3%BC%29.pdf,data/raw/evidence/220318(석간)_진접선_개통_남양주의_새로운_길(철도투자개발과).pdf,5ca5a14c242fdc43aba2946d19a90fd682ecf38054edf2acaaa843cc89f8112b,국토부 진접선 개통 보도자료 PDF p.1,"진접선 개통, 남양주의 새로운 길이 열립니다. 서울도시철도 4호선 진접선(당고개~진접) 14.9km 연장 3개역 신설. 2022-03-19 개통. 평일 출퇴근 시간대 10~12분간격 운행.",actual_operation,2022-03-19,day,rail,district,low,verified,83개 PDF 전수 추출에서 생성된 AI 초안; 사람 확인 전 지표 확정 금지,PDF-023-actual_operation,PDF-023-actual_operation,3G_forward,,pdf,2022-03-19,,,진접선(4호선 연장),,LOCAL_FILE,1494677,data/staged/pdf_text/5ca5a14c242fdc43aba2946d19a90fd682ecf38054edf2acaaa843cc89f8112b.txt,Y_NORMALIZED,0.98,,,False,1,,,,,,,,,,,,,PDF p.1,gap_end,agent_draft,local_pdf_sha256_text_extract,2026-09-02T18:18:06+09:00,PDF-023,data/raw/evidence/220318(석간)_진접선_개통_남양주의_새로운_길(철도투자개발과).pdf,5ca5a14c242fdc43aba2946d19a90fd682ecf38054edf2acaaa843cc89f8112b,,0.0,new_or_weak_match,success,4,597,,,,,,,TRUE,parkd,2026-09-02T20:22:00+09:00,A1B1C1D1E1,,,,,,
SRC-PDF-025-PROM-1,화성 동탄2,official_pdf,221026(석간)_수원_호매실_화성_동탄2_광역교통특별대책_발표(광역교통정책과),국토교통부,2022-10-26,2026-09-02T18:18:06+09:00,,data/raw/evidence/221026(석간)_수원_호매실_화성_동탄2_광역교통특별대책_발표(광역교통정책과).pdf,b289b7a3fb07c631744d95e58f66b47e45e0a4347c138c16684c58554010050c,PDF p.5,"도입광역버스정류장 개선 등을 적극 추진한다 2 , . 2-2. 화성 동탄지구 광역교통특별대책에 따라 광역버스 증차출퇴근 2 , 전세버스 추가 투입준공영제 전환시내마을버스 증차신설 , , , ‧ ‧ 수요응답형 교통수단(DRT) 도입 층 전기버스 도입광역버스정류장 , 2 , 개선 등을 적극 추진한다. - 10 - 3. 지자체등은 사업별 세부 추진방안 비용정산 등 광역교통특별대책 , 이행과 관련된 세부사항에 대해 별도 협의하여 추진한다. 4. 지자체등은 특별대책 이행과 관련하여 이견이 발생하는 경우 대광위에 중재를 요청할 수 있으며 이 경우 지자체등은 대광위의 , 이견조정 과정에 적극 협조한다. 5. 대광위 지자체등은 광역교통특별대책 추진현황을 주기적으로 점검 , 하는 등 광역교통 개선을 위해 공동으로 노력한다. 2022. 10. 26. 대도시권광역교통위원회 위원장 수원특례시 시장 화성시 시장 한국토지주택공사 국토도시개발본부장",promise_date,2022-10-26,day,rail,district,medium,verified,83개 PDF 전수 추출에서 생성된 AI 초안; 사람 확인 전 지표 확정 금지,PDF-025-promise_date,PDF-025-promise_date,2G_historical,,pdf,2022-10-26,2022-10-26,2022-10-26,GTX-A 수서~동탄,추진,LOCAL_FILE,694415,data/staged/pdf_text/b289b7a3fb07c631744d95e58f66b47e45e0a4347c138c16684c58554010050c.txt,Y,1.000,,,True,1,,,,,,,,,,,,,PDF p.5,promise,agent_draft,local_pdf_sha256_text_extract,2026-09-02T18:18:06+09:00,PDF-025,data/raw/evidence/221026(석간)_수원_호매실_화성_동탄2_광역교통특별대책_발표(광역교통정책과).pdf,b289b7a3fb07c631744d95e58f66b47e45e0a4347c138c16684c58554010050c,title_development_event,0.816,new_or_weak_match,success,5,9785,,,,,,,TRUE,parkd,2026-09-02T19:38:00+09:00,A1B1C1D1E1,,,,,,
SRC-PDF-027-PROM-1,위례,official_pdf,221128(석간)_위례신도시_노면전차_사업으로_교통이_편리해진다(광역시설정책과),국토교통부,2022-11-28,2026-09-02T18:18:06+09:00,,data/raw/evidence/221128(석간)_위례신도시_노면전차_사업으로_교통이_편리해진다(광역시설정책과).pdf,da11fbf0ece767ab2872f6f40311e00bf7df9bceafc4f9ce045d9c29bb28ed92,PDF p.1,"「 」 ㅇ ’ 년 월 도시철도 기본계획 승인 이후 실시설계 등 절차 20 10 *를 거쳐 이번에 사업계획이 승인됨에 따라 사업시행자인 서울특별시에서 ’ 년 22 월 사업 11 을 본격 착공하여 ’25년 월 개통할 예정 9 이다. * 도시철도 건설 절차도시철도망 ( ) 구축계획 승인 기본계획 → 승인 기 → 본 및 실시설 계 → 사업계획 승인 공사 준공개통 ( ) → → □ 위례선트램 ( ) 사업의 열차는 대당 객차가 칸 1 5 모듈 ( )으로 구성되어 있으며, 총 대의 열차가 출 퇴근 시간대에는 분 10 · 5 , 평시간대에는 분 간격 10 지선은 출퇴근시 분 평시 분 ( 10 , 15 )으로 운행될 계획이며, ㅇ 호선 마천역 5 과 호선 복정역 남위례역 8 , 에서 노면전차를 이용하여 위례 신도시로 이동이 가능해져 지역 주민들의 교통불편을 해소하고지역경제 활성화에크게 기여 할 것으로기대 된다. 보 도 자 료 배포 일시 금 2022. 11. 25.",promise_date,2022-11-25,day,tram,district,medium,verified,83개 PDF 전수 추출에서 생성된 AI 초안; 사람 확인 전 지표 확정 금지,PDF-027-promise_date,PDF-027-promise_date,2G_historical,,pdf,2022-11-25,2022-11-25,2022-11-25,위례선 트램,예정;계획,LOCAL_FILE,470583,data/staged/pdf_text/da11fbf0ece767ab2872f6f40311e00bf7df9bceafc4f9ce045d9c29bb28ed92.txt,Y,1.000,,,True,1,,,,,,,,,,,,,PDF p.1,promise,agent_draft,local_pdf_sha256_text_extract,2026-09-02T18:18:06+09:00,PDF-027,data/raw/evidence/221128(석간)_위례신도시_노면전차_사업으로_교통이_편리해진다(광역시설정책과).pdf,da11fbf0ece767ab2872f6f40311e00bf7df9bceafc4f9ce045d9c29bb28ed92,,0.0,new_or_weak_match,success,5,2176,,,,,,,TRUE,parkd,2026-09-02T19:38:00+09:00,A1B1C1D1E1,,,,,,
SRC-PDF-027-BASI-1,위례,official_pdf,221128(석간)_위례신도시_노면전차_사업으로_교통이_편리해진다(광역시설정책과),국토교통부,2022-11-28,2026-09-02T18:18:06+09:00,,data/raw/evidence/221128(석간)_위례신도시_노면전차_사업으로_교통이_편리해진다(광역시설정책과).pdf,da11fbf0ece767ab2872f6f40311e00bf7df9bceafc4f9ce045d9c29bb28ed92,,,basic_service,,,tram,district,low,rejected,83개 PDF 전수 추출에서 생성된 AI 초안; 사람 확인 전 지표 확정 금지,PDF-027-basic_service,PDF-027-basic_service,2G_historical,,pdf,,,,위례선 트램,,LOCAL_FILE,470583,data/staged/pdf_text/da11fbf0ece767ab2872f6f40311e00bf7df9bceafc4f9ce045d9c29bb28ed92.txt,N,,missing_event_date_or_excerpt;missing_direct_source_url;missing_event_date;missing_exact_excerpt;missing_service_level,empty_excerpt_no_target_date,False,1,,,,,,,,,,,,,,service_level,agent_draft,local_pdf_sha256_text_extract,2026-09-02T18:18:06+09:00,PDF-027,data/raw/evidence/221128(석간)_위례신도시_노면전차_사업으로_교통이_편리해진다(광역시설정책과).pdf,da11fbf0ece767ab2872f6f40311e00bf7df9bceafc4f9ce045d9c29bb28ed92,,0.0,new_or_weak_match,success,5,2176,,,,,,,,,,,,,,,,
SRC-PDF-028-ACTU-1,고양 창릉,official_pdf,230630(참고)_대곡-소사_복선전철_7월_1일_개통(철도투자개발과),국토교통부,2023-06-30,2026-09-02T18:18:06+09:00,https://www.molit.go.kr/LCMS/DWN.jsp?fold=koreaNews/mobile/file&fileName=230630%28%EC%B0%B8%EA%B3%A0%29_%EB%8C%80%EA%B3%A1-%EC%86%8C%EC%82%AC_%EB%B3%B5%EC%84%A0%EC%A0%84%EC%B2%A0_7%EC%9B%94_1%EC%9D%BC_%EA%B0%9C%ED%86%B5%28%EC%B2%A0%EB%8F%84%ED%88%AC%EC%9E%90%EA%B0%9C%EB%B0%9C%EA%B3%BC%29.pdf,data/raw/evidence/230630(참고)_대곡-소사_복선전철_7월_1일_개통(철도투자개발과).pdf,808adcd9cfba65450c62f6187416790bf6dcca2d2c50af97e8ecee5c8f9a84fc,PDF p.1,"- 1 - 보도시점 : 배포 즉시 보도 가능 / 배포 : 2023. 6. 30.(금) 대곡～소사 복선전철 7월 1일 개통 - 경기 서북부지역 종단 전철 연결로 교통 소외 해소 - 고양에서 부천간 이동시간이 67분에서 19분으로 48분 단축, 수도권 30분대 출‧퇴근 교통망 조성 □국토교통부(장관 원희룡)는 6월 30일 고양 어울림누리 별무리경기장에서 대곡~소사 복선전철 개통식을 개최하였다. * 정부, 지자체, 건설공사 관계자 및 지역 주민 약 700여명 참석 ㅇ 대곡~소사 복선전철 사업은 고양시 대곡역을 출발하여 김포공항역을 지나 경기도 부천시 소사역을 잇는 사업으로, 7년간 약 1조 6천억원을 투입 하여 '23년 7월 1일 개통할 예정이다. □ 대곡~소사 복선전철 개통으로 그간 단절되었던 부천시와 고양시가 연결되며, 수도권 서부지역 주민은 김포공항역, 부천종합운동장역 등에서 환승하여 여의도‧서울역 등 서울 도심까지 30분대에 통학‧출퇴근이 가능해진다. ㅇ 향후, ’24년 개통하는 GTX-A 대곡역과",actual_operation,2023-07-01,day,rail,district,medium,verified,83개 PDF 전수 추출에서 생성된 AI 초안; 사람 확인 전 지표 확정 금지,PDF-028-actual_operation,PDF-028-actual_operation,3G_forward,,pdf,2023-07-01,2023-07-01,2023-07-01,대곡~소사선;GTX-A 수서~동탄,예정,LOCAL_FILE,475648,data/staged/pdf_text/808adcd9cfba65450c62f6187416790bf6dcca2d2c50af97e8ecee5c8f9a84fc.txt,Y,1.000,,,False,1,,,,,,,,,,,,,PDF p.1,gap_end,agent_draft,local_pdf_sha256_text_extract,2026-09-02T18:18:06+09:00,PDF-028,data/raw/evidence/230630(참고)_대곡-소사_복선전철_7월_1일_개통(철도투자개발과).pdf,808adcd9cfba65450c62f6187416790bf6dcca2d2c50af97e8ecee5c8f9a84fc,title_development_event,0.757,new_or_weak_match,success,3,1494,,,,,,,TRUE,parkd,2026-09-02T19:38:00+09:00,A1B1C1D1E1,,,,,,
SRC-PDF-028-ACTU-2,화성 동탄2,official_pdf,230630(참고)_대곡-소사_복선전철_7월_1일_개통(철도투자개발과),국토교통부,2023-06-30,2026-09-02T18:18:06+09:00,https://www.molit.go.kr/LCMS/DWN.jsp?fold=koreaNews/mobile/file&fileName=230630%28%EC%B0%B8%EA%B3%A0%29_%EB%8C%80%EA%B3%A1-%EC%86%8C%EC%82%AC_%EB%B3%B5%EC%84%A0%EC%A0%84%EC%B2%A0_7%EC%9B%94_1%EC%9D%BC_%EA%B0%9C%ED%86%B5%28%EC%B2%A0%EB%8F%84%ED%88%AC%EC%9E%90%EA%B0%9C%EB%B0%9C%EA%B3%BC%29.pdf,data/raw/evidence/230630(참고)_대곡-소사_복선전철_7월_1일_개통(철도투자개발과).pdf,808adcd9cfba65450c62f6187416790bf6dcca2d2c50af97e8ecee5c8f9a84fc,PDF p.1,"- 1 - 보도시점 : 배포 즉시 보도 가능 / 배포 : 2023. 6. 30.(금) 대곡～소사 복선전철 7월 1일 개통 - 경기 서북부지역 종단 전철 연결로 교통 소외 해소 - 고양에서 부천간 이동시간이 67분에서 19분으로 48분 단축, 수도권 30분대 출‧퇴근 교통망 조성 □국토교통부(장관 원희룡)는 6월 30일 고양 어울림누리 별무리경기장에서 대곡~소사 복선전철 개통식을 개최하였다. * 정부, 지자체, 건설공사 관계자 및 지역 주민 약 700여명 참석 ㅇ 대곡~소사 복선전철 사업은 고양시 대곡역을 출발하여 김포공항역을 지나 경기도 부천시 소사역을 잇는 사업으로, 7년간 약 1조 6천억원을 투입 하여 '23년 7월 1일 개통할 예정이다. □ 대곡~소사 복선전철 개통으로 그간 단절되었던 부천시와 고양시가 연결되며, 수도권 서부지역 주민은 김포공항역, 부천종합운동장역 등에서 환승하여 여의도‧서울역 등 서울 도심까지 30분대에 통학‧출퇴근이 가능해진다. ㅇ 향후, ’24년 개통하는 GTX-A 대곡역과",basic_service,2023-07-01,day,rail,district,medium,verified,"83개 PDF 전수 추출에서 생성된 AI 초안; 사람 확인 전 지표 확정 금지; 다른 노선(대곡소사 관련) - 동탄2 canon(GTX-A H005)와 다른 축, basic_service",PDF-028-actual_operation,PDF-028-actual_operation,2G_historical,,pdf,2023-07-01,2023-07-01,2023-07-01,대곡~소사선;GTX-A 수서~동탄,예정,LOCAL_FILE,475648,data/staged/pdf_text/808adcd9cfba65450c62f6187416790bf6dcca2d2c50af97e8ecee5c8f9a84fc.txt,Y,1.000,,,False,1,,,,,,,,,,,,,PDF p.1,gap_end,agent_draft,local_pdf_sha256_text_extract,2026-09-02T18:18:06+09:00,PDF-028,data/raw/evidence/230630(참고)_대곡-소사_복선전철_7월_1일_개통(철도투자개발과).pdf,808adcd9cfba65450c62f6187416790bf6dcca2d2c50af97e8ecee5c8f9a84fc,title_development_event,0.757,new_or_weak_match,success,3,1494,,,,,,,TRUE,parkd,2026-09-02T19:38:00+09:00,A1B1C1D1E1,,,,,,
SRC-PDF-029-ACTU-1,화성 동탄2,official_pdf,240329(참고)_GTX-A_수서~동탄_3월_30일_개통(수도권광역급행철도과),국토교통부,2024-03-29,2026-09-02T18:18:06+09:00,https://www.molit.go.kr/LCMS/DWN.jsp?fold=koreaNews/mobile/file&fileName=240329%28%EC%B0%B8%EA%B3%A0%29_GTX-A_%EC%88%98%EC%84%9C%7E%EB%8F%99%ED%83%84_3%EC%9B%94_30%EC%9D%BC_%EA%B0%9C%ED%86%B5%28%EC%88%98%EB%8F%84%EA%B6%8C%EA%B4%91%EC%97%AD%EA%B8%89%ED%96%89%EC%B2%A0%EB%8F%84%EA%B3%BC%29.pdf,data/raw/evidence/240329(참고)_GTX-A_수서~동탄_3월_30일_개통(수도권광역급행철도과).pdf,83da19e7f5e189f542899a4ff549fbf2cd6caff6dab96ef41ff11835f4e66734,PDF p.1,"- 1 - 보도참고자료 보도시점 배포 즉시 보도 가능 : 배포 금 / : 2024. 3. 29.( ) 수서동탄 월 일 개통 GTX-A ~ 3 30 수도권 출퇴근 분 시대 개막 30 ! 일 수서역에서 개통기념식 일 시 분부터 첫 열차 운행 - 29 30 05 30 … 이동시간 획기적 - 단축 주거공간 인식을 바꾸는 교통 혁명 시작 , ·  수도권광역급행철도(GTX) 노선 A 수서동탄 ~ 구간이 월 일 개통 3 30 한다. ㅇ 국토교통부 장관 박상우 ( )는 월 일 3 29 수서역에서 수서동탄 GTX-A ~ 구간개통기념식 을 개최하고, 월 일 시 분 첫 열차 운행 3 30 05 30 동탄 ( 수서행수서 동탄행은 분 , 05:45 ) → → 을 시작으로 영업 운행을 개시한다. ㅇ 개통기념식에는 정부 지자체공사 관계자 , , 와 함께 수서동탄 GTX-A ~ 노선이 지나가는 서울시경기도 주민 · 들이 참석해 개통을 축하했다. 기념식 직후 참석",actual_operation,2024-03-29,day,rail,district,medium,verified,83개 PDF 전수 추출에서 생성된 AI 초안; 사람 확인 전 지표 확정 금지,PDF-029-actual_operation,PDF-029-actual_operation,2G_historical,,pdf,2024-03-29,2024-03-29,2024-03-29,GTX-A 수서~동탄,,LOCAL_FILE,3853033,data/staged/pdf_text/83da19e7f5e189f542899a4ff549fbf2cd6caff6dab96ef41ff11835f4e66734.txt,Y,1.000,,,True,1,,,,,,,,,,,,,PDF p.1,gap_end,agent_draft,local_pdf_sha256_text_extract,2026-09-02T18:18:06+09:00,PDF-029,data/raw/evidence/240329(참고)_GTX-A_수서~동탄_3월_30일_개통(수도권광역급행철도과).pdf,83da19e7f5e189f542899a4ff549fbf2cd6caff6dab96ef41ff11835f4e66734,title_development_event,0.682,new_or_weak_match,success,6,4050,,,,,,,TRUE,parkd,2026-09-02T19:38:00+09:00,A1B1C1D1E1,,,,,,
SRC-PDF-030-PROM-1,남양주 다산,official_pdf,240719(조간)_수도권_동부지역__출퇴근_30분_시대_실현_4.4조원_규모의_철도·도로_사업_본격_추진(광역교통정책과) (1),국토교통부,2024-07-19,2026-09-02T18:18:06+09:00,https://download.blog.naver.com/open/76e36ad9c291924e638cedd6ee0b7d0da9fd00e18b/EFsQabdNxbfO_to2E-QRigSVEg-Y6ehyel8RHzlnkwMqH4-2UXok7f3Qa-Ia2WlzxQumVzfBoIEPS0y029wXfoF_BOE/240719%28%EC%A1%B0%EA%B0%84%29_%EC%88%98%EB%8F%84%EA%B6%8C_%EB%8F%99%EB%B6%80%EC%A7%80%EC%97%AD__%EC%B6%9C%ED%87%B4%EA%B7%BC_30%EB%B6%84_%EC%8B%9C%EB%8C%80_%EC%8B%A4%ED%98%84_4.4%EC%A1%B0%EC%9B%90_%EA%B7%9C%EB%AA%A8%EC%9D%98_%EC%B2%A0%EB%8F%84%C2%B7%EB%8F%84%EB%A1%9C_%EC%82%AC%EC%97%85_%EB%B3%B8%EA%B2%A9_%EC%B6%94%EC%A7%84%28%EA%B4%91%EC%97%AD%EA%B5%90%ED%86%B5%EC%A0%95%EC%B1%85%EA%B3%BC%29%20%281%29.pdf,data/raw/evidence/240719(조간)_수도권_동부지역__출퇴근_30분_시대_실현_4.4조원_규모의_철도·도로_사업_본격_추진(광역교통정책과) (1).pdf,c9e00558131c031e6df06cef301f3d81f8c0f0fe4f6eab31b670b0512414feab,PDF p.1,"- 1 - 보도자료 보도시점 : 2024. 7. 18.(목) 12:00 이후(7. 19.(금) 조간) / 배포 : 2024. 7. 18.(목) 수도권 동부지역, 출퇴근 30분 시대 실현 4.4조원 규모의 철도‧도로 사업 본격 추진 - 별내선 개통(8.10)에 맞춰 버스 18개 노선, 34대 증차 등 촘촘한 연계환승체계 구축 - 수석대교, 송파하남선, 강동하남남양주선, 역사신설 등 갈등 중재, 신속 준공 □국토교통부(장관 박상우) 대도시권광역교통위원회(위원장 강희업, 이하 “대광위”)는 “출퇴근 30분 시대” 실현을 위한 수도권 동부지역 교통편의 제고 방안을 발표했다. ㅇ 이번 방안은 대통령 주재로 열린 「출퇴근 30분 시대, 교통격차 해소를 위한 민생토론회」(1.25)의 후속조치로서 수도권 권역별 맞춤형 교통대책 일환으로 마련했다. * 수도권 교통대책 : 남부지역(5.2), 북부지역(6.4), 동부지역(7.18), 서부지역(8월중 예정) ㅇ수도권 동부지역*은 '10년부터 신도시‧택지 개발사업이 본격",promise_date,2024-07-18,day,rail,district,medium,verified,83개 PDF 전수 추출에서 생성된 AI 초안; 사람 확인 전 지표 확정 금지,PDF-030-promise_date,PDF-030-promise_date,2G_historical,,pdf,2024-07-18,2024-07-18,2024-07-18,별내선(8호선 연장);하남선(5호선 연장);강동하남남양주선;송파하남선,예정;추진,LOCAL_FILE,1953774,data/staged/pdf_text/c9e00558131c031e6df06cef301f3d81f8c0f0fe4f6eab31b670b0512414feab.txt,Y,1.000,,,False,1,,,,,,,,,,,,,PDF p.1,promise,agent_draft,local_pdf_sha256_text_extract,2026-09-02T18:18:06+09:00,PDF-030,data/raw/evidence/240719(조간)_수도권_동부지역__출퇴근_30분_시대_실현_4.4조원_규모의_철도·도로_사업_본격_추진(광역교통정책과) (1).pdf,c9e00558131c031e6df06cef301f3d81f8c0f0fe4f6eab31b670b0512414feab,,0.0,new_or_weak_match,success,6,9593,,,,,,,TRUE,parkd,2026-09-02T19:38:00+09:00,A1B1C1D1E1,,,,,,
SRC-PDF-030-PROM-2,하남 미사,official_pdf,240719(조간)_수도권_동부지역__출퇴근_30분_시대_실현_4.4조원_규모의_철도·도로_사업_본격_추진(광역교통정책과) (1),국토교통부,2024-07-19,2026-09-02T18:18:06+09:00,https://download.blog.naver.com/open/76e36ad9c291924e638cedd6ee0b7d0da9fd00e18b/EFsQabdNxbfO_to2E-QRigSVEg-Y6ehyel8RHzlnkwMqH4-2UXok7f3Qa-Ia2WlzxQumVzfBoIEPS0y029wXfoF_BOE/240719%28%EC%A1%B0%EA%B0%84%29_%EC%88%98%EB%8F%84%EA%B6%8C_%EB%8F%99%EB%B6%80%EC%A7%80%EC%97%AD__%EC%B6%9C%ED%87%B4%EA%B7%BC_30%EB%B6%84_%EC%8B%9C%EB%8C%80_%EC%8B%A4%ED%98%84_4.4%EC%A1%B0%EC%9B%90_%EA%B7%9C%EB%AA%A8%EC%9D%98_%EC%B2%A0%EB%8F%84%C2%B7%EB%8F%84%EB%A1%9C_%EC%82%AC%EC%97%85_%EB%B3%B8%EA%B2%A9_%EC%B6%94%EC%A7%84%28%EA%B4%91%EC%97%AD%EA%B5%90%ED%86%B5%EC%A0%95%EC%B1%85%EA%B3%BC%29%20%281%29.pdf,data/raw/evidence/240719(조간)_수도권_동부지역__출퇴근_30분_시대_실현_4.4조원_규모의_철도·도로_사업_본격_추진(광역교통정책과) (1).pdf,c9e00558131c031e6df06cef301f3d81f8c0f0fe4f6eab31b670b0512414feab,PDF p.1,"- 1 - 보도자료 보도시점 : 2024. 7. 18.(목) 12:00 이후(7. 19.(금) 조간) / 배포 : 2024. 7. 18.(목) 수도권 동부지역, 출퇴근 30분 시대 실현 4.4조원 규모의 철도‧도로 사업 본격 추진 - 별내선 개통(8.10)에 맞춰 버스 18개 노선, 34대 증차 등 촘촘한 연계환승체계 구축 - 수석대교, 송파하남선, 강동하남남양주선, 역사신설 등 갈등 중재, 신속 준공 □국토교통부(장관 박상우) 대도시권광역교통위원회(위원장 강희업, 이하 “대광위”)는 “출퇴근 30분 시대” 실현을 위한 수도권 동부지역 교통편의 제고 방안을 발표했다. ㅇ 이번 방안은 대통령 주재로 열린 「출퇴근 30분 시대, 교통격차 해소를 위한 민생토론회」(1.25)의 후속조치로서 수도권 권역별 맞춤형 교통대책 일환으로 마련했다. * 수도권 교통대책 : 남부지역(5.2), 북부지역(6.4), 동부지역(7.18), 서부지역(8월중 예정) ㅇ수도권 동부지역*은 '10년부터 신도시‧택지 개발사업이 본격",promise_date,2024-07-18,day,rail,district,medium,verified,83개 PDF 전수 추출에서 생성된 AI 초안; 사람 확인 전 지표 확정 금지,PDF-030-promise_date,PDF-030-promise_date,2G_historical,,pdf,2024-07-18,2024-07-18,2024-07-18,별내선(8호선 연장);하남선(5호선 연장);강동하남남양주선;송파하남선,예정;추진,LOCAL_FILE,1953774,data/staged/pdf_text/c9e00558131c031e6df06cef301f3d81f8c0f0fe4f6eab31b670b0512414feab.txt,Y,1.000,,,False,1,,,,,,,,,,,,,PDF p.1,promise,agent_draft,local_pdf_sha256_text_extract,2026-09-02T18:18:06+09:00,PDF-030,data/raw/evidence/240719(조간)_수도권_동부지역__출퇴근_30분_시대_실현_4.4조원_규모의_철도·도로_사업_본격_추진(광역교통정책과) (1).pdf,c9e00558131c031e6df06cef301f3d81f8c0f0fe4f6eab31b670b0512414feab,,0.0,new_or_weak_match,success,6,9593,,,,,,,TRUE,parkd,2026-09-02T19:38:00+09:00,A1B1C1D1E1,,,,,,
SRC-PDF-030-PROM-3,하남 교산,official_pdf,240719(조간)_수도권_동부지역__출퇴근_30분_시대_실현_4.4조원_규모의_철도·도로_사업_본격_추진(광역교통정책과) (1),국토교통부,2024-07-19,2026-09-02T18:18:06+09:00,https://download.blog.naver.com/open/76e36ad9c291924e638cedd6ee0b7d0da9fd00e18b/EFsQabdNxbfO_to2E-QRigSVEg-Y6ehyel8RHzlnkwMqH4-2UXok7f3Qa-Ia2WlzxQumVzfBoIEPS0y029wXfoF_BOE/240719%28%EC%A1%B0%EA%B0%84%29_%EC%88%98%EB%8F%84%EA%B6%8C_%EB%8F%99%EB%B6%80%EC%A7%80%EC%97%AD__%EC%B6%9C%ED%87%B4%EA%B7%BC_30%EB%B6%84_%EC%8B%9C%EB%8C%80_%EC%8B%A4%ED%98%84_4.4%EC%A1%B0%EC%9B%90_%EA%B7%9C%EB%AA%A8%EC%9D%98_%EC%B2%A0%EB%8F%84%C2%B7%EB%8F%84%EB%A1%9C_%EC%82%AC%EC%97%85_%EB%B3%B8%EA%B2%A9_%EC%B6%94%EC%A7%84%28%EA%B4%91%EC%97%AD%EA%B5%90%ED%86%B5%EC%A0%95%EC%B1%85%EA%B3%BC%29%20%281%29.pdf,data/raw/evidence/240719(조간)_수도권_동부지역__출퇴근_30분_시대_실현_4.4조원_규모의_철도·도로_사업_본격_추진(광역교통정책과) (1).pdf,c9e00558131c031e6df06cef301f3d81f8c0f0fe4f6eab31b670b0512414feab,PDF p.1,"- 1 - 보도자료 보도시점 : 2024. 7. 18.(목) 12:00 이후(7. 19.(금) 조간) / 배포 : 2024. 7. 18.(목) 수도권 동부지역, 출퇴근 30분 시대 실현 4.4조원 규모의 철도‧도로 사업 본격 추진 - 별내선 개통(8.10)에 맞춰 버스 18개 노선, 34대 증차 등 촘촘한 연계환승체계 구축 - 수석대교, 송파하남선, 강동하남남양주선, 역사신설 등 갈등 중재, 신속 준공 □국토교통부(장관 박상우) 대도시권광역교통위원회(위원장 강희업, 이하 “대광위”)는 “출퇴근 30분 시대” 실현을 위한 수도권 동부지역 교통편의 제고 방안을 발표했다. ㅇ 이번 방안은 대통령 주재로 열린 「출퇴근 30분 시대, 교통격차 해소를 위한 민생토론회」(1.25)의 후속조치로서 수도권 권역별 맞춤형 교통대책 일환으로 마련했다. * 수도권 교통대책 : 남부지역(5.2), 북부지역(6.4), 동부지역(7.18), 서부지역(8월중 예정) ㅇ수도권 동부지역*은 '10년부터 신도시‧택지 개발사업이 본격",promise_date,2024-07-18,day,rail,district,medium,verified,83개 PDF 전수 추출에서 생성된 AI 초안; 사람 확인 전 지표 확정 금지,PDF-030-promise_date,PDF-030-promise_date,3G_forward,,pdf,2024-07-18,2024-07-18,2024-07-18,별내선(8호선 연장);하남선(5호선 연장);강동하남남양주선;송파하남선,예정;추진,LOCAL_FILE,1953774,data/staged/pdf_text/c9e00558131c031e6df06cef301f3d81f8c0f0fe4f6eab31b670b0512414feab.txt,Y,1.000,,,False,1,,,,,,,,,,,,,PDF p.1,promise,agent_draft,local_pdf_sha256_text_extract,2026-09-02T18:18:06+09:00,PDF-030,data/raw/evidence/240719(조간)_수도권_동부지역__출퇴근_30분_시대_실현_4.4조원_규모의_철도·도로_사업_본격_추진(광역교통정책과) (1).pdf,c9e00558131c031e6df06cef301f3d81f8c0f0fe4f6eab31b670b0512414feab,,0.0,new_or_weak_match,success,6,9593,,,,,,,TRUE,parkd,2026-09-02T19:38:00+09:00,A1B1C1D1E1,,,,,,
SRC-PDF-030-PROM-4,남양주 왕숙,official_pdf,240719(조간)_수도권_동부지역__출퇴근_30분_시대_실현_4.4조원_규모의_철도·도로_사업_본격_추진(광역교통정책과) (1),국토교통부,2024-07-19,2026-09-02T18:18:06+09:00,https://download.blog.naver.com/open/76e36ad9c291924e638cedd6ee0b7d0da9fd00e18b/EFsQabdNxbfO_to2E-QRigSVEg-Y6ehyel8RHzlnkwMqH4-2UXok7f3Qa-Ia2WlzxQumVzfBoIEPS0y029wXfoF_BOE/240719%28%EC%A1%B0%EA%B0%84%29_%EC%88%98%EB%8F%84%EA%B6%8C_%EB%8F%99%EB%B6%80%EC%A7%80%EC%97%AD__%EC%B6%9C%ED%87%B4%EA%B7%BC_30%EB%B6%84_%EC%8B%9C%EB%8C%80_%EC%8B%A4%ED%98%84_4.4%EC%A1%B0%EC%9B%90_%EA%B7%9C%EB%AA%A8%EC%9D%98_%EC%B2%A0%EB%8F%84%C2%B7%EB%8F%84%EB%A1%9C_%EC%82%AC%EC%97%85_%EB%B3%B8%EA%B2%A9_%EC%B6%94%EC%A7%84%28%EA%B4%91%EC%97%AD%EA%B5%90%ED%86%B5%EC%A0%95%EC%B1%85%EA%B3%BC%29%20%281%29.pdf,data/raw/evidence/240719(조간)_수도권_동부지역__출퇴근_30분_시대_실현_4.4조원_규모의_철도·도로_사업_본격_추진(광역교통정책과) (1).pdf,c9e00558131c031e6df06cef301f3d81f8c0f0fe4f6eab31b670b0512414feab,PDF p.1,"- 1 - 보도자료 보도시점 : 2024. 7. 18.(목) 12:00 이후(7. 19.(금) 조간) / 배포 : 2024. 7. 18.(목) 수도권 동부지역, 출퇴근 30분 시대 실현 4.4조원 규모의 철도‧도로 사업 본격 추진 - 별내선 개통(8.10)에 맞춰 버스 18개 노선, 34대 증차 등 촘촘한 연계환승체계 구축 - 수석대교, 송파하남선, 강동하남남양주선, 역사신설 등 갈등 중재, 신속 준공 □국토교통부(장관 박상우) 대도시권광역교통위원회(위원장 강희업, 이하 “대광위”)는 “출퇴근 30분 시대” 실현을 위한 수도권 동부지역 교통편의 제고 방안을 발표했다. ㅇ 이번 방안은 대통령 주재로 열린 「출퇴근 30분 시대, 교통격차 해소를 위한 민생토론회」(1.25)의 후속조치로서 수도권 권역별 맞춤형 교통대책 일환으로 마련했다. * 수도권 교통대책 : 남부지역(5.2), 북부지역(6.4), 동부지역(7.18), 서부지역(8월중 예정) ㅇ수도권 동부지역*은 '10년부터 신도시‧택지 개발사업이 본격",promise_date,2024-07-18,day,rail,district,medium,verified,83개 PDF 전수 추출에서 생성된 AI 초안; 사람 확인 전 지표 확정 금지,PDF-030-promise_date,PDF-030-promise_date,3G_forward,,pdf,2024-07-18,2024-07-18,2024-07-18,별내선(8호선 연장);하남선(5호선 연장);강동하남남양주선;송파하남선,예정;추진,LOCAL_FILE,1953774,data/staged/pdf_text/c9e00558131c031e6df06cef301f3d81f8c0f0fe4f6eab31b670b0512414feab.txt,Y,1.000,,,False,1,,,,,,,,,,,,,PDF p.1,promise,agent_draft,local_pdf_sha256_text_extract,2026-09-02T18:18:06+09:00,PDF-030,data/raw/evidence/240719(조간)_수도권_동부지역__출퇴근_30분_시대_실현_4.4조원_규모의_철도·도로_사업_본격_추진(광역교통정책과) (1).pdf,c9e00558131c031e6df06cef301f3d81f8c0f0fe4f6eab31b670b0512414feab,,0.0,new_or_weak_match,success,6,9593,,,,,,,TRUE,parkd,2026-09-02T19:38:00+09:00,A1B1C1D1E1,,,,,,
SRC-PDF-031-ACTU-1,남양주 다산,official_pdf,240809(조간)_남양주~잠실_27분__8월_10일_별내선_개통(광역시설정책과),국토교통부,2024-08-09,2026-09-02T18:18:06+09:00,,data/raw/evidence/240809(조간)_남양주~잠실_27분__8월_10일_별내선_개통(광역시설정책과).pdf,e5df2c787de7dcb0a2e0db08463e2f03569396fed88580c86947a2197a284875,PDF p.1,"- 1 - 보도자료 보도시점 목 이후 금 조간 : 2024. 8. 8.( ) 11:00 (8. 9.( ) ) 배포 목 / : 2024. 8. 8.( ) 남양주잠실 분 월 일 별내선 개통 ' ~ 27 ', 8 10 혼잡관리 위해 예비열차 투입시내마을버스 신설 등 연계교통체계 정비 - , · 천호잠실석촌가락시장별내역 등에 안전관리 인력 배치 - · · · · 국토부경기도서울시개통 하루 앞둔 일 별내선 개통 기념식 - · · , 9 □서울 도시철도 호선 연장선인 별내선 8 이 월 일토 8 10 ( ) 새벽 첫 차 별내 ( → 모란 방향 분암사 별내 방향 분 05:32 , 05:28 ) → 를 시작으로 운행을 개시한다. ㅇ 박상우 국토교통부 장관은 오세훈 서울특별시장 김동연 경기도지사와 , 함께 개통 전일 일 (9 ) 별내역에 방문하여 그간의 사업경과 및 계획을 보고받고, 현장을 점검 하는 등 개통 기념행사를 개최할 예정이다. 별내선 개요 1. 별내선은 □",actual_operation,2024-08-08,day,rail,district,medium,verified,83개 PDF 전수 추출에서 생성된 AI 초안; 사람 확인 전 지표 확정 금지,PDF-031-actual_operation,PDF-031-actual_operation,2G_historical,,pdf,2024-08-08,2024-08-08,2024-08-08,별내선(8호선 연장),예정;계획,LOCAL_FILE,1542929,data/staged/pdf_text/e5df2c787de7dcb0a2e0db08463e2f03569396fed88580c86947a2197a284875.txt,Y,1.000,,,True,1,,,,,,,,,,,,,PDF p.1,gap_end,agent_draft,local_pdf_sha256_text_extract,2026-09-02T18:18:06+09:00,PDF-031,data/raw/evidence/240809(조간)_남양주~잠실_27분__8월_10일_별내선_개통(광역시설정책과).pdf,e5df2c787de7dcb0a2e0db08463e2f03569396fed88580c86947a2197a284875,title_development_event,0.8,new_or_weak_match,success,7,5581,,,,,,,TRUE,parkd,2026-09-02T19:38:00+09:00,A1B1C1D1E1,,,,,,
SRC-PDF-031-BASI-1,남양주 다산,official_pdf,240809(조간)_남양주~잠실_27분__8월_10일_별내선_개통(광역시설정책과),국토교통부,2024-08-09,2026-09-02T18:18:06+09:00,,data/raw/evidence/240809(조간)_남양주~잠실_27분__8월_10일_별내선_개통(광역시설정책과).pdf,e5df2c787de7dcb0a2e0db08463e2f03569396fed88580c86947a2197a284875,별내선 개통 대비 8호선 증회 서비스레벨 자료 PDF p.5,별내선 개통에 따라 잠실역~석촌역 구간 혼잡도 상승에 대비하고 안전관리를 강화하기 위해 예비 편성 2편을 투입. 전체 운행 횟수 292회 → 324회(32회 증회).,basic_service,2024-08-10,day,rail,district,low,verified,83개 PDF 전수 추출에서 생성된 AI 초안; 사람 확인 전 지표 확정 금지,PDF-031-basic_service,PDF-031-basic_service,2G_historical,,pdf,2024-08-10,,,별내선(8호선 연장),계획,LOCAL_FILE,1542929,data/staged/pdf_text/e5df2c787de7dcb0a2e0db08463e2f03569396fed88580c86947a2197a284875.txt,Y_NORMALIZED,0.98,,,False,1,,,,,,,,,,,,,PDF p.5,service_level,agent_draft,local_pdf_sha256_text_extract,2026-09-02T18:18:06+09:00,PDF-031,data/raw/evidence/240809(조간)_남양주~잠실_27분__8월_10일_별내선_개통(광역시설정책과).pdf,e5df2c787de7dcb0a2e0db08463e2f03569396fed88580c86947a2197a284875,,0.0,new_or_weak_match,success,7,5581,,,,,,,TRUE,parkd,2026-09-02T20:22:00+09:00,A1B1C1D1E1,,,,,,
SRC-PDF-032-ACTU-1,화성 동탄2,official_pdf,241212(조간)_GTX-A_운정중앙~서울역구간__12월_28일_개통(광역급행철도건설과),국토교통부,2024-12-12,2026-09-02T18:18:06+09:00,https://www.molit.go.kr/LCMS/DWN.jsp?fold=koreaNews/mobile/file&fileName=241212%28%EC%A1%B0%EA%B0%84%29_GTX-A_%EC%9A%B4%EC%A0%95%EC%A4%91%EC%95%99%7E%EC%84%9C%EC%9A%B8%EC%97%AD%EA%B5%AC%EA%B0%84__12%EC%9B%94_28%EC%9D%BC_%EA%B0%9C%ED%86%B5%28%EA%B4%91%EC%97%AD%EA%B8%89%ED%96%89%EC%B2%A0%EB%8F%84%EA%B1%B4%EC%84%A4%EA%B3%BC%29.pdf,data/raw/evidence/241212(조간)_GTX-A_운정중앙~서울역구간__12월_28일_개통(광역급행철도건설과).pdf,d3bdc37aa3e72dd26cd4065e2019ef0154a1f93b16d3f0202d05f03b5fe8c968,PDF p.1,"- 1 - 보도시점 수 이후 목 조간 : 2024. 12. 11.( ) 11:00 (12.12.( ) ) 배포 수 / : 2024.12.11.( ) 운정중앙서울역 구간 월 일 개통 GTX-A‘ ~ ’ , 12 28 - 일 개통기념식 및 사전시승식 행사 등 개최 27 , □국토교통부장관 박상우 ( )는 지난 월 노선 수서동탄구간에 이어 3 GTX-A ‘ ~ ‘ 월 일 운정중앙서울역구간 12 28 ’ ~ ‘ 도 개통할 예정이라고 밝혔다. ※ 수서동탄구간 최초개통 구성역 추가 개통 GTX-A ‘ ~ ’ (3.30), (6.29) ㅇ 운정중앙서울역 구간이 개통하면 버스지하철 등 대중 GTX-A ‘ ~ ’ · 교통 환승을 통해 최대 분 가량이 소요되는 이동시간이 분으로 대폭 90 22 단축되어 수도권 서북부 지역의 교통편의가 획기적으로 개선될 전망이다. ㅇ 또한금번 개통하는 운정중앙서울역구간은 , ‘ ~ ’ 이용자의 편의성 제고를 위해 출퇴근 시간 때 열차",actual_operation,2024-12-11,day,rail,district,medium,verified,83개 PDF 전수 추출에서 생성된 AI 초안; 사람 확인 전 지표 확정 금지,PDF-032-actual_operation,PDF-032-actual_operation,2G_historical,,pdf,2024-12-11,2024-12-11,2024-12-11,GTX-A 수서~동탄,예정,LOCAL_FILE,7240195,data/staged/pdf_text/d3bdc37aa3e72dd26cd4065e2019ef0154a1f93b16d3f0202d05f03b5fe8c968.txt,Y,1.000,,,True,1,,,,,,,,,,,,,PDF p.1,gap_end,agent_draft,local_pdf_sha256_text_extract,2026-09-02T18:18:06+09:00,PDF-032,data/raw/evidence/241212(조간)_GTX-A_운정중앙~서울역구간__12월_28일_개통(광역급행철도건설과).pdf,d3bdc37aa3e72dd26cd4065e2019ef0154a1f93b16d3f0202d05f03b5fe8c968,,0.0,new_or_weak_match,success,4,1731,,,,,,,TRUE,parkd,2026-09-02T19:38:00+09:00,A1B1C1D1E1,,,,,,
SRC-PDF-032-BASI-1,화성 동탄2,official_pdf,241212(조간)_GTX-A_운정중앙~서울역구간__12월_28일_개통(광역급행철도건설과),국토교통부,2024-12-12,2026-09-02T18:18:06+09:00,https://www.molit.go.kr/LCMS/DWN.jsp?fold=koreaNews/mobile/file&fileName=241212%28%EC%A1%B0%EA%B0%84%29_GTX-A_%EC%9A%B4%EC%A0%95%EC%A4%91%EC%95%99%7E%EC%84%9C%EC%9A%B8%EC%97%AD%EA%B5%AC%EA%B0%84__12%EC%9B%94_28%EC%9D%BC_%EA%B0%9C%ED%86%B5%28%EA%B4%91%EC%97%AD%EA%B8%89%ED%96%89%EC%B2%A0%EB%8F%84%EA%B1%B4%EC%84%A4%EA%B3%BC%29.pdf,data/raw/evidence/241212(조간)_GTX-A_운정중앙~서울역구간__12월_28일_개통(광역급행철도건설과).pdf,d3bdc37aa3e72dd26cd4065e2019ef0154a1f93b16d3f0202d05f03b5fe8c968,GTX-A 운정중앙~서울역 개통 서비스레벨 자료 PDF p.1,"금번 개통하는 운정중앙~서울역 구간은 이용자의 편의성 제고를 위해 출퇴근 시간대 열차를 집중 투입, 짧은 배차간격(6분15초)으로 열차를 운행할 예정이다.",basic_service,2024-12-28,day,rail,district,low,verified,83개 PDF 전수 추출에서 생성된 AI 초안; 사람 확인 전 지표 확정 금지,PDF-032-basic_service,PDF-032-basic_service,2G_historical,,pdf,2024-12-28,,,GTX-A 수서~동탄,예정;계획,LOCAL_FILE,7240195,data/staged/pdf_text/d3bdc37aa3e72dd26cd4065e2019ef0154a1f93b16d3f0202d05f03b5fe8c968.txt,Y_NORMALIZED,0.98,,,False,1,,,,,,,,,,,,,PDF p.1,service_level,agent_draft,local_pdf_sha256_text_extract,2026-09-02T18:18:06+09:00,PDF-032,data/raw/evidence/241212(조간)_GTX-A_운정중앙~서울역구간__12월_28일_개통(광역급행철도건설과).pdf,d3bdc37aa3e72dd26cd4065e2019ef0154a1f93b16d3f0202d05f03b5fe8c968,,0.0,new_or_weak_match,success,4,1731,,,,,,,TRUE,parkd,2026-09-02T20:22:00+09:00,A1B1C1D1E1,,,,,,
SRC-PDF-033-OCCU-1,남양주 왕숙,official_pdf,250724(석간) 3기 신도시 남양주왕숙 첫 공급 개시(공공택지관리과),국토교통부,2025-07-24,2026-09-02T18:18:06+09:00,https://www.molit.go.kr/LCMS/DWN.jsp?fold=koreaNews/mobile/file&fileName=250724%28%EC%84%9D%EA%B0%84%29+3%EA%B8%B0+%EC%8B%A0%EB%8F%84%EC%8B%9C+%EB%82%A8%EC%96%91%EC%A3%BC%EC%99%95%EC%88%99+%EC%B2%AB+%EA%B3%B5%EA%B8%89+%EA%B0%9C%EC%8B%9C%28%EA%B3%B5%EA%B3%B5%ED%83%9D%EC%A7%80%EA%B4%80%EB%A6%AC%EA%B3%BC%29.pdf,data/raw/evidence/250724(석간) 3기 신도시 남양주왕숙 첫 공급 개시(공공택지관리과).pdf,75b73130d02612d7c1c05f64b5a800a662554d854abc4445e565e0caf2439cb6,PDF p.1,", A-2블록 공급 물량은 총 1,030호이며, 전용면적 46㎡, 55㎡, 59㎡의 실수요자 선호도가 높은 소형 평형 위주로 구성되어 실질적인 주거 안정을 도모할 수 있을 것으로 기대된다. < 남양주왕숙 A-1, A-2 블록 주택형별 공급대상 > 구분 주택형별 세대수 구분 주택형별 세대수 입주예정시기 계 1,030 A-2 46㎡ 57 ’28.8월 (예정) A-1 59㎡ 629 55㎡ 344 * 위 공급호수는 입주자 모집 시 최종 확정됨 ㅇ 해당 블록은 왕숙천 수변공원과 선형공원 등과 인접해 쾌적한 환경을 갖추고 있으며, 다함께 돌봄센터 등 다양한 아이돌봄시설이 배치돼 ‘아이 키우기 좋은 단지’로 주목받고 있다. ㅇ 블록 인근에 있는 풍양역(진접2지구내)으로 4호선‧9호선 연장선이 개통될 예정으로, 교통여건도 뛰어난 편이다. □ 남양주왕숙 지구는 GTX-B노선, 강동하남남양주선(지하철 9호선 연장선), 경춘선의 3개 철도노선이 연결되는 ‘트리플 역세권(왕숙역, 가칭)’이 형성",occupancy_planned_block,2028-08,month,,block,medium,verified,83개 PDF 전수 추출에서 생성된 AI 초안; 사람 확인 전 지표 확정 금지,PDF-033-occupancy_planned_block,PDF-033-occupancy_planned_block,3G_forward,,pdf,2028-08-31,2028-08-01,2028-08-31,강동하남남양주선,예정;확정,LOCAL_FILE,1034272,data/staged/pdf_text/75b73130d02612d7c1c05f64b5a800a662554d854abc4445e565e0caf2439cb6.txt,Y,1.000,,,True,1,,A-2,v3,latest,SRC-PDF-002-OCCU-1,,,,,,,,PDF p.1,planned_block,agent_draft,local_pdf_sha256_text_extract,2026-09-02T18:18:06+09:00,PDF-033,data/raw/evidence/250724(석간) 3기 신도시 남양주왕숙 첫 공급 개시(공공택지관리과).pdf,75b73130d02612d7c1c05f64b5a800a662554d854abc4445e565e0caf2439cb6,,0.0,new_or_weak_match,success,5,3403,,,,,,month,TRUE,parkd,2026-09-02T19:38:00+09:00,A1B1C1D1E1,,,,,,
SRC-PDF-036-OCCU-1,부천 대장,official_pdf,[공고문]부천대장_A5블록_신혼희망타운_행복주택_입주자모집(`26.07.23.),한국토지주택공사,2026-07-23,2026-09-02T18:18:06+09:00,https://apply.lh.or.kr/lhapply/lhFile.do?fileid=67822421,data/raw/evidence/[공고문]부천대장_A5블록_신혼희망타운_행복주택_입주자모집(`26.07.23.).pdf,6cdd357410777803b9423465738698e06c86d90f2770b19fe8e598acca238bb1,PDF p.2,"결과 최종 적격자는 전부 당첨자 및 예비입주자로 선정할 예정입니다. 예비입주자는 당첨자의 계약포기 또는 해약 등으로 잔여세대 발생 시 예비순번에 따라 차례대로 계약체결을 진행하며, 순번 도래시 별도로 안내드릴 예정입니다. (예비입주자의 계약체결까지는 상당한 기간이 소요될 수 있습니다.) • 이 주택의 입주예정일은 2027년 11월이나 사정에 따라 변경될 수 있으며 정확한 입주시기는 추후 개별 통보합니다. • 동호 배정은 동별·층별·향별·타입별 구분 없이 우리 공사의 전산 프로그램을 통한 추첨에 의해 결정됩니다. • 우선공급이 미달된 경우 남은 우선공급물량은 해당 공급대상자의 일반 공급물량으로 전환하여 공급합니다. • 55형 중 일부 세대는 가정어린이집 설치·운영을 위한 공간으로 임시 배정되었습니다. 관계기관과의 협의 결과 및 현장여건 등에 따라 가정어린이집 설치·운영 여부 및 수량은 변경될 수 있으며, 이에 따라 금회 공급호수 또한 다소 변경될 수 있습니다. • 주거약자용 주택(55AS타입)은 안전하고 편리",occupancy_planned_block,2027,year,,block,medium,verified,83개 PDF 전수 추출에서 생성된 AI 초안; 사람 확인 전 지표 확정 금지,PDF-036-occupancy_planned_block,PDF-036-occupancy_planned_block,3G_forward,,pdf,2027-12-31,2027-01-01,2027-12-31,,예정,LOCAL_FILE,1205791,data/staged/pdf_text/6cdd357410777803b9423465738698e06c86d90f2770b19fe8e598acca238bb1.txt,Y,1.000,,,False,1,,A-5,v2,latest,SRC-F025,,,,,,,,PDF p.2,planned_block,agent_draft,local_pdf_sha256_text_extract,2026-09-02T18:18:06+09:00,PDF-036,data/raw/evidence/[공고문]부천대장_A5블록_신혼희망타운_행복주택_입주자모집(`26.07.23.).pdf,6cdd357410777803b9423465738698e06c86d90f2770b19fe8e598acca238bb1,title_development_event,0.642,new_or_weak_match,success,41,83068,,,,,,month,TRUE,parkd,2026-09-02T19:38:00+09:00,A1B1C1D1E1,,,,,,
SRC-PDF-037-OCCU-1,부천 대장,official_pdf,[공고문]부천대장_A6블록_신혼희망타운_행복주택_입주자모집(`26.07.23.),한국토지주택공사,2026-07-23,2026-09-02T18:18:06+09:00,https://apply.lh.or.kr/lhapply/lhFile.do?fileid=67822428,data/raw/evidence/[공고문]부천대장_A6블록_신혼희망타운_행복주택_입주자모집(`26.07.23.).pdf,4c96f574d6f235f71d79e3e067d5d2f666e5895a0c0db9ae0b862e31aa96c14d,PDF p.2,"결과 최종 적격자는 전부 당첨자 및 예비입주자로 선정할 예정입니다. 예비입주자는 당첨자의 계약포기 또는 해약 등으로 잔여세대 발생 시 예비순번에 따라 차례대로 계약체결을 진행하며, 순번 도래시 별도로 안내드릴 예정입니다. (예비입주자의 계약체결까지는 상당한 기간이 소요될 수 있습니다.) • 이 주택의 입주예정일은 2027년 11월이나 사정에 따라 변경될 수 있으며 정확한 입주시기는 추후 개별 통보합니다. • 동호 배정은 동별·층별·향별·타입별 구분 없이 우리 공사의 전산 프로그램을 통한 추첨에 의해 결정됩니다. • 우선공급이 미달된 경우 남은 우선공급물량은 해당 공급대상자의 일반 공급물량으로 전환하여 공급합니다. • 55형 중 일부 세대는 가정어린이집 설치·운영을 위한 공간으로 임시 배정되었습니다. 관계기관과의 협의 결과 및 현장여건 등에 따라 가정어린이집 설치·운영 여부 및 수량은 변경될 수 있으며, 이에 따라 금회 공급호수 또한 다소 변경될 수 있습니다. • 주거약자용 주택(55AS타입)은 안전하고 편리",occupancy_planned_block,2027,year,,block,medium,verified,83개 PDF 전수 추출에서 생성된 AI 초안; 사람 확인 전 지표 확정 금지,PDF-037-occupancy_planned_block,PDF-037-occupancy_planned_block,3G_forward,,pdf,2027-12-31,2027-01-01,2027-12-31,,예정,LOCAL_FILE,1206203,data/staged/pdf_text/4c96f574d6f235f71d79e3e067d5d2f666e5895a0c0db9ae0b862e31aa96c14d.txt,Y,1.000,,,False,1,,A-6,,,,,,,,,,,PDF p.2,planned_block,agent_draft,local_pdf_sha256_text_extract,2026-09-02T18:18:06+09:00,PDF-037,data/raw/evidence/[공고문]부천대장_A6블록_신혼희망타운_행복주택_입주자모집(`26.07.23.).pdf,4c96f574d6f235f71d79e3e067d5d2f666e5895a0c0db9ae0b862e31aa96c14d,title_development_event,0.642,new_or_weak_match,success,41,83011,,,,,,month,TRUE,parkd,2026-09-02T19:38:00+09:00,A1B1C1D1E1,,,,,,
SRC-PDF-044-PROM-1,김포 한강,official_pdf,2021-06-29__참고__서부권_2기_신도시_김포한강__인천검단__교통개선_대책,국토교통부,2021-06-29,2026-09-02T18:18:06+09:00,,data/raw/evidence/documents/김포 한강/2021-06-29__참고__서부권_2기_신도시_김포한강__인천검단__교통개선_대책.pdf,f73aeb4a71997f5df77ed1b4d5cd616609805096dc5b3333ed61b3dba5b62051,PDF p.3,"번, 3번 환승한다면 이동시 간이 단축될까요? 한번환승시 최소 10분은 걸립니다. 그리고 김포시민전부가 장기역에 거주하나요? 장기역까지 가서 환승 하고 부천가서 또환승하고 여의도가서 또환승하고 강남가면 시간이 얼마 걸릴까요? 저도 이런생각을 하는데 보도자료의 개 선대책은 사업비 낭비로 밖에 안보입니다. 그냥 추진하지마시 고 교통분담금 1200만원 환급해주세요. 댓글삭제 • 장* 진 2021-06-29 김포검단 위한답시고 말은 번지르르하게 했는데 핵심만 요약 하면 김부선에서 바뀐건 GTX-B 사업자와 *협의*해서 용산 직 결) -> GTX-B 사업자와 협의 안되면 나가리 5호선 연장 추가* 검토* -> 검토를 한다는거지 한다는 말은 아님 ""생각은 해볼 께. 근데 상황이 여의치않으면 불가능해"" 이거랑 다른게 뭐야? 국토부가 나서서 이 안건에 대해선 국토부가 총대를 메고 진행 한다고 하던가 결국엔 그냥 말장난인거잖아? 댓글삭제 • 오* 연 2021-06-29 노형욱 국토부장관은 김포골드라인 체험 약속도 안지키고 탁 상행",promise_date,2021-06-29,day,sbrt,district,medium,verified,83개 PDF 전수 추출에서 생성된 AI 초안; 사람 확인 전 지표 확정 금지,PDF-044-promise_date,PDF-044-promise_date,2G_historical,,pdf,2021-06-29,2021-06-29,2021-06-29,GTX-A 수서~동탄;김포도시철도(김포골드라인);하남선(5호선 연장);계양~대장 S-BRT,추진,LOCAL_FILE,352543,data/staged/pdf_text/f73aeb4a71997f5df77ed1b4d5cd616609805096dc5b3333ed61b3dba5b62051.txt,Y,1.000,,,False,1,,,,,,,,,,,,,PDF p.3,promise,agent_draft,local_pdf_sha256_text_extract,2026-09-02T18:18:06+09:00,PDF-044,data/raw/evidence/documents/김포 한강/2021-06-29__참고__서부권_2기_신도시_김포한강__인천검단__교통개선_대책.pdf,f73aeb4a71997f5df77ed1b4d5cd616609805096dc5b3333ed61b3dba5b62051,title_development_event,1.0,new_or_weak_match,success,43,47025,,,,,,,TRUE,parkd,2026-09-02T19:38:00+09:00,A1B1C1D1E1,,,,,,
SRC-PDF-045-PROM-1,김포 한강,official_pdf,2022-11-11_수도권_서부지역의_광역교통_확충_등_지역현안_해결_추진,국토교통부,2022-11-11,2026-09-02T18:18:06+09:00,,data/raw/evidence/documents/김포 한강/2022-11-11_수도권_서부지역의_광역교통_확충_등_지역현안_해결_추진.pdf,1bb829548e89c9bc87d68f9d08d8950cbcd1c4a2598056dd77d8bd5a723bab5e,PDF p.2,"항공 ○ 모빌리티자동차 ○ 도로철도 ○ 일반 • 참고 · 설명자료 • 디지털자료 • 공지사항 • 인사발령 • 일자리정보 • 자격시험안내 • 입찰안내 • 사전규격공고 • 정부포상 • Home • 뉴스·소식 • 보도자료 보도자료 프린트 수도권 서부지역의 광역교통 확충 등 지역현안 해결 추진 • 서울5호선ㆍGTX 등과 연계한 김포한강2 콤팩트시티 조성 • 담당부서공공택지조사과,광역교통정책과,부동산거래분석기획 단 • 등록일2022-11-11 11:00 • 조회수37802 • 첨부파일 [image]221111(석간)_수도권_서부지역의_광역교통_ 확충_등_지역현안_해결_추진(공공택지조사과).hwpx (10030Kbyte) 바로보기 [image] 221111(석간)_수도권_서부지 역의_광역교통_확충_등_지역현안_해결_추진(공공택지조사 과).pdf (1125Kbyte) 바로보기 목록 • 국토교통부의 최신 보도자료를 제공해드립니다.",promise_date,2022-11-11,day,rail,district,medium,verified,83개 PDF 전수 추출에서 생성된 AI 초안; 사람 확인 전 지표 확정 금지,PDF-045-promise_date,PDF-045-promise_date,2G_historical,,pdf,2022-11-11,2022-11-11,2022-11-11,김포도시철도(김포골드라인);하남선(5호선 연장),추진,LOCAL_FILE,69200,data/staged/pdf_text/1bb829548e89c9bc87d68f9d08d8950cbcd1c4a2598056dd77d8bd5a723bab5e.txt,Y,1.000,,,False,1,,,,,,,,,,,,,PDF p.2,promise,agent_draft,local_pdf_sha256_text_extract,2026-09-02T18:18:06+09:00,PDF-045,data/raw/evidence/documents/김포 한강/2022-11-11_수도권_서부지역의_광역교통_확충_등_지역현안_해결_추진.pdf,1bb829548e89c9bc87d68f9d08d8950cbcd1c4a2598056dd77d8bd5a723bab5e,title_development_event,1.0,new_or_weak_match,success,6,3092,,,,,,,TRUE,parkd,2026-09-02T19:38:00+09:00,A1B1C1D1E1,,,,,,
SRC-PDF-045-PROM-2,하남 미사,official_pdf,2022-11-11_수도권_서부지역의_광역교통_확충_등_지역현안_해결_추진,국토교통부,2022-11-11,2026-09-02T18:18:06+09:00,,data/raw/evidence/documents/김포 한강/2022-11-11_수도권_서부지역의_광역교통_확충_등_지역현안_해결_추진.pdf,1bb829548e89c9bc87d68f9d08d8950cbcd1c4a2598056dd77d8bd5a723bab5e,PDF p.2,"항공 ○ 모빌리티자동차 ○ 도로철도 ○ 일반 • 참고 · 설명자료 • 디지털자료 • 공지사항 • 인사발령 • 일자리정보 • 자격시험안내 • 입찰안내 • 사전규격공고 • 정부포상 • Home • 뉴스·소식 • 보도자료 보도자료 프린트 수도권 서부지역의 광역교통 확충 등 지역현안 해결 추진 • 서울5호선ㆍGTX 등과 연계한 김포한강2 콤팩트시티 조성 • 담당부서공공택지조사과,광역교통정책과,부동산거래분석기획 단 • 등록일2022-11-11 11:00 • 조회수37802 • 첨부파일 [image]221111(석간)_수도권_서부지역의_광역교통_ 확충_등_지역현안_해결_추진(공공택지조사과).hwpx (10030Kbyte) 바로보기 [image] 221111(석간)_수도권_서부지 역의_광역교통_확충_등_지역현안_해결_추진(공공택지조사 과).pdf (1125Kbyte) 바로보기 목록 • 국토교통부의 최신 보도자료를 제공해드립니다.",promise_date,2022-11-11,day,rail,district,medium,verified,83개 PDF 전수 추출에서 생성된 AI 초안; 사람 확인 전 지표 확정 금지,PDF-045-promise_date,PDF-045-promise_date,2G_historical,,pdf,2022-11-11,2022-11-11,2022-11-11,김포도시철도(김포골드라인);하남선(5호선 연장),추진,LOCAL_FILE,69200,data/staged/pdf_text/1bb829548e89c9bc87d68f9d08d8950cbcd1c4a2598056dd77d8bd5a723bab5e.txt,Y,1.000,,,False,1,,,,,,,,,,,,,PDF p.2,promise,agent_draft,local_pdf_sha256_text_extract,2026-09-02T18:18:06+09:00,PDF-045,data/raw/evidence/documents/김포 한강/2022-11-11_수도권_서부지역의_광역교통_확충_등_지역현안_해결_추진.pdf,1bb829548e89c9bc87d68f9d08d8950cbcd1c4a2598056dd77d8bd5a723bab5e,title_development_event,1.0,new_or_weak_match,success,6,3092,,,,,,,TRUE,parkd,2026-09-02T19:38:00+09:00,A1B1C1D1E1,,,,,,
SRC-PDF-045-PROM-3,하남 교산,official_pdf,2022-11-11_수도권_서부지역의_광역교통_확충_등_지역현안_해결_추진,국토교통부,2022-11-11,2026-09-02T18:18:06+09:00,,data/raw/evidence/documents/김포 한강/2022-11-11_수도권_서부지역의_광역교통_확충_등_지역현안_해결_추진.pdf,1bb829548e89c9bc87d68f9d08d8950cbcd1c4a2598056dd77d8bd5a723bab5e,PDF p.2,"항공 ○ 모빌리티자동차 ○ 도로철도 ○ 일반 • 참고 · 설명자료 • 디지털자료 • 공지사항 • 인사발령 • 일자리정보 • 자격시험안내 • 입찰안내 • 사전규격공고 • 정부포상 • Home • 뉴스·소식 • 보도자료 보도자료 프린트 수도권 서부지역의 광역교통 확충 등 지역현안 해결 추진 • 서울5호선ㆍGTX 등과 연계한 김포한강2 콤팩트시티 조성 • 담당부서공공택지조사과,광역교통정책과,부동산거래분석기획 단 • 등록일2022-11-11 11:00 • 조회수37802 • 첨부파일 [image]221111(석간)_수도권_서부지역의_광역교통_ 확충_등_지역현안_해결_추진(공공택지조사과).hwpx (10030Kbyte) 바로보기 [image] 221111(석간)_수도권_서부지 역의_광역교통_확충_등_지역현안_해결_추진(공공택지조사 과).pdf (1125Kbyte) 바로보기 목록 • 국토교통부의 최신 보도자료를 제공해드립니다.",promise_date,2022-11-11,day,rail,district,medium,verified,83개 PDF 전수 추출에서 생성된 AI 초안; 사람 확인 전 지표 확정 금지,PDF-045-promise_date,PDF-045-promise_date,3G_forward,,pdf,2022-11-11,2022-11-11,2022-11-11,김포도시철도(김포골드라인);하남선(5호선 연장),추진,LOCAL_FILE,69200,data/staged/pdf_text/1bb829548e89c9bc87d68f9d08d8950cbcd1c4a2598056dd77d8bd5a723bab5e.txt,Y,1.000,,,False,1,,,,,,,,,,,,,PDF p.2,promise,agent_draft,local_pdf_sha256_text_extract,2026-09-02T18:18:06+09:00,PDF-045,data/raw/evidence/documents/김포 한강/2022-11-11_수도권_서부지역의_광역교통_확충_등_지역현안_해결_추진.pdf,1bb829548e89c9bc87d68f9d08d8950cbcd1c4a2598056dd77d8bd5a723bab5e,title_development_event,1.0,new_or_weak_match,success,6,3092,,,,,,,TRUE,parkd,2026-09-02T19:38:00+09:00,A1B1C1D1E1,,,,,,
SRC-PDF-049-PROM-1,하남 교산,official_pdf,2020-05-21_하남교산_신도시__과천지구_광역교통개선대책_확정,국토교통부,2020-05-21,2026-09-02T18:18:06+09:00,,data/raw/evidence/documents/하남 미사/2020-05-21_하남교산_신도시__과천지구_광역교통개선대책_확정.pdf,5c8bd8f5fb2ae4023300d399bf8deb93f05dd5dff08af27165cd6c6a2201d89c,PDF p.2,"○ 항공 ○ 모빌리티자동차 ○ 도로철도 ○ 일반 • 참고 · 설명자료 • 디지털자료 • 공지사항 • 인사발령 • 일자리정보 • 자격시험안내 • 입찰안내 • 사전규격공고 • 정부포상 • Home • 뉴스·소식 • 보도자료 보도자료 프린트 하남교산 신도시, 과천지구 광역교통개선대책 확정 • 지하철, 환승센터 등을 통해 서울 도심 30분대 접근 가능한 교 통대책 완비 • 담당부서공공택지기획과,광역교통정책과 • 등록일2020-05-21 14:00 • 조회수32577 • 첨부파일 [image]200521(14시이후) 하남교산 신도시_과천지 구 광역교통개선대책 확정(공공택지기획과).hwp (1072Kbyte) 바로보기 [image] 200521(14시이후) 하남교산 신도시_과천지 구 광역교통개선대책 확정(공공택지기획과).pdf (387Kbyte) 바로보기 목록 • 국토교통부의 최신 보도자료를 제공해드립니다.",promise_date,2020-05-21,day,,district,medium,verified,83개 PDF 전수 추출에서 생성된 AI 초안; 사람 확인 전 지표 확정 금지,PDF-049-promise_date,PDF-049-promise_date,3G_forward,,pdf,2020-05-21,2020-05-21,2020-05-21,,확정,LOCAL_FILE,61846,data/staged/pdf_text/5c8bd8f5fb2ae4023300d399bf8deb93f05dd5dff08af27165cd6c6a2201d89c.txt,Y,1.000,,,False,1,,,,,,,,,,,,,PDF p.2,promise,agent_draft,local_pdf_sha256_text_extract,2026-09-02T18:18:06+09:00,PDF-049,data/raw/evidence/documents/하남 미사/2020-05-21_하남교산_신도시__과천지구_광역교통개선대책_확정.pdf,5c8bd8f5fb2ae4023300d399bf8deb93f05dd5dff08af27165cd6c6a2201d89c,title_development_event,0.923,new_or_weak_match,success,5,1993,,,,,,,TRUE,parkd,2026-09-02T19:38:00+09:00,A1B1C1D1E1,,,,,,
SRC-PDF-050-PROM-1,화성 동탄2,official_pdf,2022-06-16_수원_호매실_17일__화성_동탄2지구_21일__광역교통_주민간담회_개최,국토교통부,2022-06-16,2026-09-02T18:18:06+09:00,,data/raw/evidence/documents/화성 동탄2/2022-06-16_수원_호매실_17일__화성_동탄2지구_21일__광역교통_주민간담회_개최.pdf,a27d8c520db11a7da4c8dc60168a373f40ed7f87cbee81d6da883b550f43e871,,,promise_date,,,,district,low,rejected,83개 PDF 전수 추출에서 생성된 AI 초안; 사람 확인 전 지표 확정 금지,PDF-050-promise_date,PDF-050-promise_date,2G_historical,,pdf,,,,,,LOCAL_FILE,61789,data/staged/pdf_text/a27d8c520db11a7da4c8dc60168a373f40ed7f87cbee81d6da883b550f43e871.txt,N,,missing_event_date_or_excerpt;missing_direct_source_url;missing_event_date;missing_exact_excerpt;missing_mode;missing_line_name;missing_promise_verb_원문표기,empty_excerpt_no_target_date,False,1,,,,,,,,,,,,,,promise,agent_draft,local_pdf_sha256_text_extract,2026-09-02T18:18:06+09:00,PDF-050,data/raw/evidence/documents/화성 동탄2/2022-06-16_수원_호매실_17일__화성_동탄2지구_21일__광역교통_주민간담회_개최.pdf,a27d8c520db11a7da4c8dc60168a373f40ed7f87cbee81d6da883b550f43e871,title_development_event,1.0,new_or_weak_match,success,5,1986,,,,,,,,,,,,,,,,
SRC-PDF-051-PROM-1,화성 동탄2,official_pdf,2022-10-26__수원호매실_화성동탄2_광역교통_특별대책__발표,국토교통부,2022-10-26,2026-09-02T18:18:06+09:00,,data/raw/evidence/documents/화성 동탄2/2022-10-26__수원호매실_화성동탄2_광역교통_특별대책__발표.pdf,0a6095cb415fbeedd0727303ba11c005733bf4f2d7721122b6d577220077c258,,,promise_date,,,,district,low,rejected,83개 PDF 전수 추출에서 생성된 AI 초안; 사람 확인 전 지표 확정 금지,PDF-051-promise_date,PDF-051-promise_date,2G_historical,,pdf,,,,,,LOCAL_FILE,62720,data/staged/pdf_text/0a6095cb415fbeedd0727303ba11c005733bf4f2d7721122b6d577220077c258.txt,N,,missing_event_date_or_excerpt;missing_direct_source_url;missing_event_date;missing_exact_excerpt;missing_mode;missing_line_name;missing_promise_verb_원문표기,empty_excerpt_no_target_date,False,1,,,,,,,,,,,,,,promise,agent_draft,local_pdf_sha256_text_extract,2026-09-02T18:18:06+09:00,PDF-051,data/raw/evidence/documents/화성 동탄2/2022-10-26__수원호매실_화성동탄2_광역교통_특별대책__발표.pdf,0a6095cb415fbeedd0727303ba11c005733bf4f2d7721122b6d577220077c258,title_development_event,1.0,new_or_weak_match,success,5,2022,,,,,,,,,,,,,,,,
SRC-PDF-069-OCCU-1,남양주 왕숙,official_pdf,★(정정)남양주왕숙A-1BL공공분양입주자모집공고문,한국토지주택공사,2025-07-23,2026-09-02T18:18:06+09:00,https://apply.lh.or.kr/lhapply/lhFile.do?fileid=62861708,data/raw/evidence/★(정정)남양주왕숙A-1BL공공분양입주자모집공고문.pdf,9f8e43212a22fdd573254ea59bd1cd1ba3f8d1ac7a1494b97682b50c65adc95b,PDF p.40,"지구계획 상 부지 명칭) 학교명(가칭) 개교시기(예정) 비고 관할 교육지원청 유치원 유1 왕숙1유 2028년 3월 - 경기도구리남양주교육지원청 초등학교 초1 왕숙1초 - 중학교 중2 왕숙2중 기존 중학구(진건중학구)에서 왕숙2중 설립 시 배정 중학군 조정예정 - 학교 개교 시기 및 학생 배치계획은 공동주택 입주시기 및 학생 수 등을 감안하여 관할 교육지원청에서 결정하는 사항이며, 본 지구의 초등학교 등 교육시설 신설사업 추진 과정에서 지구계획(개발 및 실시계획)의 인·허가 변경, 학교설립관련 법령·지침 변경, 블록별 입주시기, 공동주택 세대수, 학생 수용여건, 학생수용계획 등에 따라 학교 설립(개교) 시기는 조정될 수 있음 - 학교설립계획의 변경으로 인하여 지구 내 학교부지가 취소 및 위치나 면적이 변경될 수 있으며 신설학교 배정 및 인근 학교 배치 등 각종 교육시설 관련사항은 관할 교육지원청 에 문의하시기 바람 - 남양주시는 고등학교 비평준화 지역으로 지역 내 모든 고등학교(일반계)에 진학 가능함 ■ 일반 사",occupancy_planned_block,2028,year,,block,medium,rejected,83개 PDF 전수 추출에서 생성된 AI 초안; 사람 확인 전 지표 확정 금지,PDF-069-occupancy_planned_block,PDF-069-occupancy_planned_block,3G_forward,,pdf,2028-12-31,2028-01-01,2028-12-31,,예정;추진;계획,LOCAL_FILE,1443442,data/staged/pdf_text/9f8e43212a22fdd573254ea59bd1cd1ba3f8d1ac7a1494b97682b50c65adc95b.txt,Y,1.000,,district_project_period_not_occupancy,False,1,,A-1,v5,,,,,,,,,,PDF p.40,planned_block,agent_draft,local_pdf_sha256_text_extract,2026-09-02T18:18:06+09:00,PDF-069,data/raw/evidence/★(정정)남양주왕숙A-1BL공공분양입주자모집공고문.pdf,9f8e43212a22fdd573254ea59bd1cd1ba3f8d1ac7a1494b97682b50c65adc95b,title_development_event,0.837,new_or_weak_match,success,45,159201,,,,,,,,,,,,,,,,
SRC-PDF-070-OCCU-1,하남 미사,official_pdf,★하남시지역국민임대주택예비입주자모집공고(20250314)_최종,국토교통부,2025-03-14,2026-09-02T18:18:06+09:00,https://apply.lh.or.kr/lhapply/lhFile.do?fileid=61085498,data/raw/evidence/★하남시지역국민임대주택예비입주자모집공고(20250314)_최종.pdf,2759529f5e28ddedc459b8499ccd88c52df2a3be5388dd8afaab954540cad938,,,occupancy_planned_block,,,,block,low,rejected,83개 PDF 전수 추출에서 생성된 AI 초안; 사람 확인 전 지표 확정 금지,PDF-070-occupancy_planned_block,PDF-070-occupancy_planned_block,2G_historical,,pdf,,,,,,LOCAL_FILE,732942,data/staged/pdf_text/2759529f5e28ddedc459b8499ccd88c52df2a3be5388dd8afaab954540cad938.txt,N,,missing_event_date_or_excerpt;missing_event_date;missing_exact_excerpt; B4-empty-excerpt: PDF 재추출 필요,empty_excerpt_pdf_reextract_unavailable,False,1,,,,,,,,,,,,,,planned_block,agent_draft,local_pdf_sha256_text_extract,2026-09-02T18:18:06+09:00,PDF-070,data/raw/evidence/★하남시지역국민임대주택예비입주자모집공고(20250314)_최종.pdf,2759529f5e28ddedc459b8499ccd88c52df2a3be5388dd8afaab954540cad938,,0.0,new_or_weak_match,success,32,45917,,,,,,,,,,,,,,,,
SRC-PDF-071-OCCU-1,화성 동탄2,official_pdf,★화성동탄2C-27블록공공분양주택입주자모집공고문,한국토지주택공사,,2026-09-02T18:18:06+09:00,https://apply.lh.or.kr/lhapply/lhFile.do?fileid=67060609,data/raw/evidence/★화성동탄2C-27블록공공분양주택입주자모집공고문.pdf,7566afe81be70a79ee692a52f0438da0bfc935eb971e853654613533d09d55c7,PDF p.4,"증감될 수 있습니다. ※ 최고층수는 해당 주택형의 최상층 층수이며, 최상층세대는 다락방이 설치되지 않습니다. ※ 84T 주택타입의 경우, 전세대 5층 미만으로 최하층 우선 배정 대상에 해당되지 않습니다. ※ 난방방식은 지역난방, 구조는 철근콘크리트 벽식구조, 지붕은 평지붕으로 시공됩니다. ※ 입주예정 시기는 ‘29년 6월입니다. 건축공정 등 현장여건에 따라 변동될 수 있으며, 정확한 입주 시기는 추후 개별 안내할 예정입니다. 블록 주택형 주택 타입 세대당 주택면적(㎡) 공유 대지 면적 (㎡) 공급세대수 최고 층수 1층 세대수 입주 예정 시기 공급면적 그 밖의 공용면적 계약 면적 (계) 계 특별공급 일반 공급 주거 전용 주거 공용 기타 공용 지 하 주차장 다자녀 가구 신혼 부부 생애 최초 노부모 부양 신생아 기관추천 등 국가 유공자 기타 특별 C-27 합 계 473 47 47 71 24 95 23 47 119 - - ’29.06. (예정) 084.9700A 84A 84.97 27.2332 7.9007",occupancy_planned_block,2029-06,unknown,,block,low,verified,"83개 PDF 전수 추출에서 생성된 AI 초안; 사람 확인 전 지표 확정 금지; excerpt에 ""입주예정 시기는 '29년 6월입니다"" 포함",PDF-071-occupancy_planned_block,PDF-071-occupancy_planned_block,2G_historical,,pdf,2029-06-30,,,,예정,LOCAL_FILE,1403321,data/staged/pdf_text/7566afe81be70a79ee692a52f0438da0bfc935eb971e853654613533d09d55c7.txt,Y_NORMALIZED,1.000,,,False,1,,C-27,v1,superseded,,,,,,,,,PDF p.4,planned_block,agent_draft,local_pdf_sha256_text_extract,2026-09-02T18:18:06+09:00,PDF-071,data/raw/evidence/★화성동탄2C-27블록공공분양주택입주자모집공고문.pdf,7566afe81be70a79ee692a52f0438da0bfc935eb971e853654613533d09d55c7,title_development_event,0.979,new_or_weak_match,success,41,157072,,,,,2029-06-30,month,TRUE,parkd,2026-09-02T20:11:00+09:00,A1B1C1D1E1,,,,,,
SRC-PDF-073-OCCU-1,고양 창릉,official_pdf,고양창릉S-4블록공공분양입주자모집공고문(안),한국토지주택공사,,2026-09-02T18:18:06+09:00,https://apply.lh.or.kr/lhapply/lhFile.do?fileid=67498801,data/raw/evidence/고양창릉S-4블록공공분양입주자모집공고문(안).pdf,565721aa8e656d20e2b2edb9c8db64b0ffdab8bfd02ea4e2ad8119bc9b76e5d9,PDF p.44,"유소 등이 위치하고 있음 - 지구 북측과 남측에 유보지가 위치하며, 유보지의 용도는 추후 결정 예정임 - 지구 내 학교 등 각종 교육시설은 개발(실시)계획의 변경, 해당 관청의 학교설립시기 조정 및 설립계획 보류(소)요청 등에 의하여 추후 변경될 수 있으며, 설립계획 및 학생 수용계획 은 향후 공동주택 입주시기 및 학생수 등을 감안하여 해당 관청에서 결정하는 사항이므로 변경될 수 있음 - 교육청의 학교설립계획의 변경으로 인하여 당해지구 내 학교부지가 취소 및 위치나 면적이 변경될 수 있으며, 당해 지구 내 계획 중인 신설학교는 교육여건 변화에 따라 변경될 수 있 음 - 당해 지구 내 신설학교 배정 및 인근 학교 배치 등 각종 교육시설은 해당관청(고양교육지원청)에 문의하시기 바람 - 지구 내 학교 등의 용지는 해당 기관의 수요가 없을 경우 타 용도로 변경될 수 있음 - 고양창릉 공공주택지구는 사업기간이 2029년 12월로 계획되어 있으나, 관계기관 협의 등 부득이한 사유에 의하여 연기될 수 있으며, 그에 따",occupancy_planned_block,2029,year,,block,medium,rejected,83개 PDF 전수 추출에서 생성된 AI 초안; 사람 확인 전 지표 확정 금지,PDF-073-occupancy_planned_block,PDF-073-occupancy_planned_block,3G_forward,,pdf,2029-12-31,2029-01-01,2029-12-31,,예정;계획,LOCAL_FILE,1613205,data/staged/pdf_text/565721aa8e656d20e2b2edb9c8db64b0ffdab8bfd02ea4e2ad8119bc9b76e5d9.txt,Y,1.000,,district_project_period_not_occupancy,False,1,,S-4,v1,,,,,,,,,,PDF p.44,planned_block,agent_draft,local_pdf_sha256_text_extract,2026-09-02T18:18:06+09:00,PDF-073,data/raw/evidence/고양창릉S-4블록공공분양입주자모집공고문(안).pdf,565721aa8e656d20e2b2edb9c8db64b0ffdab8bfd02ea4e2ad8119bc9b76e5d9,title_development_event,0.905,new_or_weak_match,success,52,195277,,,,,,,,,,,,,,,,
SRC-PDF-074-ACTU-1,하남 미사,official_pdf,"김상호 하남시장, “5호선 개통은 마을, 도시, 일자리 잇는 촉진제”",하남시,2020-08-07,2026-09-02T18:18:06+09:00,,"data/raw/evidence/김상호 하남시장, “5호선 개통은 마을, 도시, 일자리 잇는 촉진제”.pdf",a462e80e674ef097b025a5d6a1fd147bba70fc5ecd04a37c12c03435d394b18d,PDF p.1,"보도일시 금 2020. 8. 7.( ) 매 수 매 2 담당부서 도시개발과 참고자료 없음 배포일시 금 2020. 8. 7.( ) 사 진 매 10 담당자 도시개발과장 오세인 ( 031-790-6090) ☎ 지하철팀장 지종운 ( 031-790-5061) ☎ 김상호 하남시장 호선 개통은 마을도시일자리 잇는 촉진제 , “5 , , ” 김상호 시장 하남 호선 개통은 서울과 경기 원도심과 신도시 사람과 “ 5 , , ○ 일자리를 잇는 발판 될 것” ○ 일 미사역 대합실에서 이재명 도지사김상호 시장시민 등 여명 참석한 7 , , 120 가운데 하남시 지하철 시대 개막 축하 개통식 열어 ‘ ’ 김상호 하남시장은 하남 호선 개통은 서울과 경기 원도심과 신도시 “ 5 , , 사람과 일자리를 잇는 하남시의 꿈에 한걸음 다가서는 계기가 될 것” 이라며 지하철개통이 갖는 의미를 강조했다 . 하남시는 개통을 하루 앞둔 일 경기도와 시 주관으로 지하철 시대의 7 , 개막을 축하",actual_operation,2020-08-07,day,rail,district,medium,verified,83개 PDF 전수 추출에서 생성된 AI 초안; 사람 확인 전 지표 확정 금지,PDF-074-actual_operation,PDF-074-actual_operation,2G_historical,,pdf,2020-08-07,2020-08-07,2020-08-07,하남선(5호선 연장),,LOCAL_FILE,300202,data/staged/pdf_text/a462e80e674ef097b025a5d6a1fd147bba70fc5ecd04a37c12c03435d394b18d.txt,Y,1.000,,,True,1,,,,,,,,,,,,,PDF p.1,gap_end,agent_draft,local_pdf_sha256_text_extract,2026-09-02T18:18:06+09:00,PDF-074,"data/raw/evidence/김상호 하남시장, “5호선 개통은 마을, 도시, 일자리 잇는 촉진제”.pdf",a462e80e674ef097b025a5d6a1fd147bba70fc5ecd04a37c12c03435d394b18d,,0.0,new_or_weak_match,success,2,1696,,,,,,,TRUE,parkd,2026-09-02T19:38:00+09:00,A1B1C1D1E1,,,,,,
SRC-PDF-074-ACTU-2,하남 교산,official_pdf,"김상호 하남시장, “5호선 개통은 마을, 도시, 일자리 잇는 촉진제”",하남시,2020-08-07,2026-09-02T18:18:06+09:00,,"data/raw/evidence/김상호 하남시장, “5호선 개통은 마을, 도시, 일자리 잇는 촉진제”.pdf",a462e80e674ef097b025a5d6a1fd147bba70fc5ecd04a37c12c03435d394b18d,PDF p.1,"보도일시 금 2020. 8. 7.( ) 매 수 매 2 담당부서 도시개발과 참고자료 없음 배포일시 금 2020. 8. 7.( ) 사 진 매 10 담당자 도시개발과장 오세인 ( 031-790-6090) ☎ 지하철팀장 지종운 ( 031-790-5061) ☎ 김상호 하남시장 호선 개통은 마을도시일자리 잇는 촉진제 , “5 , , ” 김상호 시장 하남 호선 개통은 서울과 경기 원도심과 신도시 사람과 “ 5 , , ○ 일자리를 잇는 발판 될 것” ○ 일 미사역 대합실에서 이재명 도지사김상호 시장시민 등 여명 참석한 7 , , 120 가운데 하남시 지하철 시대 개막 축하 개통식 열어 ‘ ’ 김상호 하남시장은 하남 호선 개통은 서울과 경기 원도심과 신도시 “ 5 , , 사람과 일자리를 잇는 하남시의 꿈에 한걸음 다가서는 계기가 될 것” 이라며 지하철개통이 갖는 의미를 강조했다 . 하남시는 개통을 하루 앞둔 일 경기도와 시 주관으로 지하철 시대의 7 , 개막을 축하",actual_operation,2020-08-07,day,rail,district,medium,verified,83개 PDF 전수 추출에서 생성된 AI 초안; 사람 확인 전 지표 확정 금지,PDF-074-actual_operation,PDF-074-actual_operation,3G_forward,,pdf,2020-08-07,2020-08-07,2020-08-07,하남선(5호선 연장),,LOCAL_FILE,300202,data/staged/pdf_text/a462e80e674ef097b025a5d6a1fd147bba70fc5ecd04a37c12c03435d394b18d.txt,Y,1.000,,,True,1,,,,,,,,,,,,,PDF p.1,gap_end,agent_draft,local_pdf_sha256_text_extract,2026-09-02T18:18:06+09:00,PDF-074,"data/raw/evidence/김상호 하남시장, “5호선 개통은 마을, 도시, 일자리 잇는 촉진제”.pdf",a462e80e674ef097b025a5d6a1fd147bba70fc5ecd04a37c12c03435d394b18d,,0.0,new_or_weak_match,success,2,1696,,,,,,,TRUE,parkd,2026-09-02T19:38:00+09:00,A1B1C1D1E1,,,,,,
SRC-PDF-075-OCCU-1,김포 한강,official_pdf,김포한강Ac-01a블록(데세리브)10년공공임대주택리츠예비입주자모집공고문(26.06.19),한국토지주택공사,,2026-09-02T18:18:06+09:00,https://apply.lh.or.kr/lhapply/lhFile.do?fileid=67332353,data/raw/evidence/김포한강Ac-01a블록(데세리브)10년공공임대주택리츠예비입주자모집공고문(26.06.19).pdf,5fae342e3aebe93b2118cd32e37d603c71670b7b78aad88b4b859e882a73ee3c,PDF p.4,"있을 수 있습니다. ※ 최고층수는 해당주택형의 최상층 층수이며, 최상층 세대는 다락방이 설치되지 않습니다. ※ 난방방식은 지역난방, 구조는 철근콘크리트 벽식, 지붕은 평지붕입니다. ※ 청약신청은 주택 타입별로 공급물량이 있는 유형에 한하여 신청가능하며 추후 다른 주택타입으로 변경 불가함 ※ 공가발생에 따라 입주시기가 다르며 정확한 입주 시기는 추후 계약체결시 안내할 예정입니다. 임대기간 및 임대조건 ■ 임대기간 • 이 주택의 임대기간은 최초 입주지정기간 종료일(2020.8.28)로부터 10년이며, 임대기간 종료 후 분양 전환되는 주택입니다. (만기분양전환 개시 예정월 : 2030년9월) • 이 주택의 임대차계약기간은 2년이며, 계속 거주를 희망하는 경우에는「공공주택 특별법」등 관계법령에서 정한 입주자요건을 충족하는 분에 한하여 2년 단위로 임대차계약을 갱신할 수 있으며, 만기분양전환 시까지 잔여기간이 2년 미만인 경우 그 잔여기간을 임대차계약기간으로 합니다. ■ 임대조건(임대보증금 및 월 임대료)",occupancy_planned_block,2030,year,,block,medium,verified,83개 PDF 전수 추출에서 생성된 AI 초안; 사람 확인 전 지표 확정 금지,PDF-075-occupancy_planned_block,PDF-075-occupancy_planned_block,2G_historical,,pdf,2030-12-31,2030-01-01,2030-12-31,,예정,LOCAL_FILE,401851,data/staged/pdf_text/5fae342e3aebe93b2118cd32e37d603c71670b7b78aad88b4b859e882a73ee3c.txt,Y,1.000,,,False,1,,AC-01a,,,,,,,,,,,PDF p.4,planned_block,agent_draft,local_pdf_sha256_text_extract,2026-09-02T18:18:06+09:00,PDF-075,data/raw/evidence/김포한강Ac-01a블록(데세리브)10년공공임대주택리츠예비입주자모집공고문(26.06.19).pdf,5fae342e3aebe93b2118cd32e37d603c71670b7b78aad88b4b859e882a73ee3c,title_development_event,0.817,new_or_weak_match,success,15,26776,,,,,,,TRUE,parkd,2026-09-02T19:38:00+09:00,A1B1C1D1E1,,,,,,
SRC-PDF-076-OCCU-1,김포 한강,official_pdf,김포한강Ac-05블록(센트럴블루힐)10년공공임대주택리츠예비입주자모집공고문(26.08.25),한국토지주택공사,,2026-09-02T18:18:06+09:00,https://apply.lh.or.kr/lhapply/lhFile.do?fileid=68207078,data/raw/evidence/김포한강Ac-05블록(센트럴블루힐)10년공공임대주택리츠예비입주자모집공고문(26.08.25).pdf,bff83f4d343364fcf84955d49a59748b9f82b4116f02cfbfb70ca9e5c3ba6b9d,PDF p.4,"이 설치되지 않습니다. ※ 난방방식은 지역난방, 구조는 철근콘크리트 벽식, 지붕은 평지붕입니다. ※ 공가세대수에는 하자보수 진행 등으로 즉시 공급이 어려운 세대가 포함되어 있습니다. ※ 청약신청은 주택 타입별로 공급물량이 있는 유형에 한하여 신청가능하며 추후 다른 주택타입으로 변경 불가함 ※ 공가발생에 따라 입주시기가 다르며 정확한 입주 시기는 추후 계약체결시 안내할 예정입니다. 임대기간 및 임대조건 ■ 임대기간 • 이 주택의 임대기간은 최초 입주지정기간 종료일(2017.10.31)로부터 10년이며, 임대기간 종료 후 분양 전환되는 주택입니다. (만기분양전환 개시 예정월 : 2027년11월) • 이 주택의 임대차계약기간은 2년이며, 계속 거주를 희망하는 경우에는「공공주택 특별법」등 관계법령에서 정한 입주자요건을 충족하는 분에 한하여 2년 단위로 임대차계약을 갱신할 수 있으며, 만기분양전환 시까지 잔여기간이 2년 미만인 경우 그 잔여기간을 임대차계약기간으로 합니다.",occupancy_planned_block,2027,year,,block,medium,verified,83개 PDF 전수 추출에서 생성된 AI 초안; 사람 확인 전 지표 확정 금지,PDF-076-occupancy_planned_block,PDF-076-occupancy_planned_block,2G_historical,,pdf,2027-12-31,2027-01-01,2027-12-31,,예정,LOCAL_FILE,406347,data/staged/pdf_text/bff83f4d343364fcf84955d49a59748b9f82b4116f02cfbfb70ca9e5c3ba6b9d.txt,Y,1.000,,,False,1,,AC-05,v1,superseded,,,,,,,,,PDF p.4,planned_block,agent_draft,local_pdf_sha256_text_extract,2026-09-02T18:18:06+09:00,PDF-076,data/raw/evidence/김포한강Ac-05블록(센트럴블루힐)10년공공임대주택리츠예비입주자모집공고문(26.08.25).pdf,bff83f4d343364fcf84955d49a59748b9f82b4116f02cfbfb70ca9e5c3ba6b9d,title_development_event,0.822,new_or_weak_match,success,15,28563,,,,,,,TRUE,parkd,2026-09-02T19:38:00+09:00,A1B1C1D1E1,,,,,,
SRC-PDF-077-OCCU-1,김포 한강,official_pdf,김포한강센트럴블루힐10년공공임대주택리츠예비입주자모집공고(25.10.28),한국토지주택공사,,2026-09-02T18:18:06+09:00,https://apply.lh.or.kr/lhapply/lhFile.do?fileid=64029507,data/raw/evidence/김포한강센트럴블루힐10년공공임대주택리츠예비입주자모집공고(25.10.28).pdf,b0c5c614416bcefdea6f27d7eb88f9a6be6c9a728f9a8bc0380f9356db04e18d,PDF p.4,"동의 공용부분 실제 면적과 일치하는 것은 아니며 동일한 주택형의 경우라도 해당 세대 주거공용부분은 동·호별로 형태 및 면적 등이 다소 차이가 있을 수 있습니다. ※ 최상층세대에 다락방이 설치되지 않습니다. ※ 난방방식은 지역난방, 구조는 철근콘크리트 벽식, 지붕은 평지붕으로 시공됩니다. ※ 공가발생에 따라 입주시기가 다르며 정확한 입주 시기는 추후 계약체결시 안내할 예정입니다. 임대기간 및 임대조건 ■ 임대기간 • 이 주택의 임대기간은 최초 입주지정기간 종료일(2017.10.31.)로부터 10년이며, 임대기간 종료 후 분양 전환되는 주택입니다. • 이 주택의 임대차계약기간은 2년이며, 계속 거주를 희망하는 경우에는「공공주택 특별법」등 관계법령에서 정한 입주자 요건을 충족하는 분에 한하여 2년 단위로 임대차계약을 갱신할 수 있습니다. (단, 분양전환 시까지 잔여기간이 2년 미만인 경우 그 잔여기간을 임대차계약기간으로 함) ■ 임대조건(임대보증금 및 월 임대료) (",occupancy_planned_block,2017-10-31,day,,block,medium,verified,83개 PDF 전수 추출에서 생성된 AI 초안; 사람 확인 전 지표 확정 금지,PDF-077-occupancy_planned_block,PDF-077-occupancy_planned_block,2G_historical,,pdf,2017-10-31,2017-10-31,2017-10-31,,예정,LOCAL_FILE,386968,data/staged/pdf_text/b0c5c614416bcefdea6f27d7eb88f9a6be6c9a728f9a8bc0380f9356db04e18d.txt,Y,1.000,,,False,1,,AC-05,v2,latest,SRC-PDF-076-OCCU-1,,,,,,,,PDF p.4,planned_block,agent_draft,local_pdf_sha256_text_extract,2026-09-02T18:18:06+09:00,PDF-077,data/raw/evidence/김포한강센트럴블루힐10년공공임대주택리츠예비입주자모집공고(25.10.28).pdf,b0c5c614416bcefdea6f27d7eb88f9a6be6c9a728f9a8bc0380f9356db04e18d,title_development_event,0.758,new_or_weak_match,success,15,28907,,,,,,,TRUE,parkd,2026-09-02T19:38:00+09:00,A1B1C1D1E1,,,,,,
SRC-PDF-078-BASI-1,,official_pdf,"남양주시, 땡큐버스 등 6개 노선 개편으로 시민 불편 해소",남양주시,2023-02-28,2026-09-02T18:18:06+09:00,,"data/raw/evidence/남양주시, 땡큐버스 등 6개 노선 개편으로 시민 불편 해소.pdf",70e61cf108214fb5b0a5bb9c687aa196fbffbb203a42f2b527b9f9a14f88e4a7,,,basic_service,,,,district,low,rejected,83개 PDF 전수 추출에서 생성된 AI 초안; 사람 확인 전 지표 확정 금지,PDF-078-basic_service,PDF-078-basic_service,other,,pdf,,,,,,LOCAL_FILE,299568,data/staged/pdf_text/70e61cf108214fb5b0a5bb9c687aa196fbffbb203a42f2b527b9f9a14f88e4a7.txt,N,,missing_event_date_or_excerpt;missing_direct_source_url;missing_development;missing_event_date;missing_exact_excerpt;missing_service_level,missing_development_and_evidence,False,1,,,,,,,,,,,,,,service_level,agent_draft,local_pdf_sha256_text_extract,2026-09-02T18:18:06+09:00,PDF-078,"data/raw/evidence/남양주시, 땡큐버스 등 6개 노선 개편으로 시민 불편 해소.pdf",70e61cf108214fb5b0a5bb9c687aa196fbffbb203a42f2b527b9f9a14f88e4a7,,0.0,new_or_weak_match,success,4,2007,,,,,,,,,,,,,,,,
SRC-PDF-079-OCCU-1,남양주 왕숙,official_pdf,남양주왕숙A-1BL공공분양입주자모집공고문(250724),한국토지주택공사,2025-07-24,2026-09-02T18:18:06+09:00,https://apply.lh.or.kr/lhapply/lhFile.do?fileid=62796608,data/raw/evidence/남양주왕숙A-1BL공공분양입주자모집공고문(250724).pdf,1dac689d7133335f0bd75cc2a88000f862410209efa5bcfc9ea429ca4dc19515,PDF p.40,"지구계획 상 부지 명칭) 학교명(가칭) 개교시기(예정) 비고 관할 교육지원청 유치원 유1 왕숙1유 2028년 3월 - 경기도구리남양주교육지원청 초등학교 초1 왕숙1초 - 중학교 중2 왕숙2중 기존 중학구(진건중학구)에서 왕숙2중 설립 시 배정 중학군 조정예정 - 학교 개교 시기 및 학생 배치계획은 공동주택 입주시기 및 학생 수 등을 감안하여 관할 교육지원청에서 결정하는 사항이며, 본 지구의 초등학교 등 교육시설 신설사업 추진 과정에서 지구계획(개발 및 실시계획)의 인·허가 변경, 학교설립관련 법령·지침 변경, 블록별 입주시기, 공동주택 세대수, 학생 수용여건, 학생수용계획 등에 따라 학교 설립(개교) 시기는 조정될 수 있음 - 학교설립계획의 변경으로 인하여 지구 내 학교부지가 취소 및 위치나 면적이 변경될 수 있으며 신설학교 배정 및 인근 학교 배치 등 각종 교육시설 관련사항은 관할 교육지원청 에 문의하시기 바람 - 남양주시는 고등학교 비평준화 지역으로 지역 내 모든 고등학교(일반계)에 진학 가능함 ■ 일반 사",occupancy_planned_block,2028,year,,block,medium,rejected,83개 PDF 전수 추출에서 생성된 AI 초안; 사람 확인 전 지표 확정 금지,PDF-079-occupancy_planned_block,PDF-079-occupancy_planned_block,3G_forward,,pdf,2028-12-31,2028-01-01,2028-12-31,,예정;추진;계획,LOCAL_FILE,1443242,data/staged/pdf_text/1dac689d7133335f0bd75cc2a88000f862410209efa5bcfc9ea429ca4dc19515.txt,Y,1.000,,district_project_period_not_occupancy,False,1,,A-1,v4,,,,,,,,,,PDF p.40,planned_block,agent_draft,local_pdf_sha256_text_extract,2026-09-02T18:18:06+09:00,PDF-079,data/raw/evidence/남양주왕숙A-1BL공공분양입주자모집공고문(250724).pdf,1dac689d7133335f0bd75cc2a88000f862410209efa5bcfc9ea429ca4dc19515,title_development_event,0.735,new_or_weak_match,success,45,159277,,,,,,,,,,,,,,,,
SRC-PDF-080-PROM-1,위례,official_pdf,"내년 개통 앞둔 위례선 트램, 실제 차량 대공개! 승하차 태그는 어떻게_ _ 서울시 - 내 손안에 서울",서울특별시,2013-12-01,2026-09-02T18:18:06+09:00,https://mediahub.seoul.go.kr/news/article/newsArticlePrintPopup.do?articleNo=2015024,"data/raw/evidence/내년 개통 앞둔 위례선 트램, 실제 차량 대공개! 승하차 태그는 어떻게_ _ 서울시 - 내 손안에 서울.pdf",720b75ef0bff8893c739dde9a900298f9a9b9f95ec74db696ec8841b828d5850,PDF p.1,"서울시 남동쪽에 지어진 대규모 주거단지다. 인접한 성남 분당이 90년대 지어진 1기 신도시였는 데, 위례는 판교 등과 함께 21세기 들어 지어진 2기 신도시다. 첫 입주는 2013년 12월에 시작되었다. 위례신도시는 총 면적이 6.8km2이며(여의도 면적의 2.3배), 4.3만 세대에 10.7만 명 수용을 목표로 추진되었다. 목표 인구밀도는 158인/ha이다. 이는 작년 말 기준, 마포구나 은평구와 비슷한 수준이다. 위례신도시는 대규모 단지임에도 불구하고 도시 내부를 관통하는 철도가 없는 게 문제로 지적되어 왔다. 8호선 이 있긴 한데 외곽 가장자리로 지나가는 게 아쉽다. 원래 위례신도시에는 위례선과 위례신사선 2개의 철도 계획 이 있었으나, 여러 사정으로 첫 입주 10년이 넘은 지금까지도 개통되지 못하고 있다. ☞ [관련 기사] 지지부진했던 위례신사선, 이번엔 속도 낸다! 도시철도망 계획에 긴급 포함",promise_date,2013,year,tram,district,medium,verified,83개 PDF 전수 추출에서 생성된 AI 초안; 사람 확인 전 지표 확정 금지,PDF-080-promise_date,PDF-080-promise_date,2G_historical,,pdf,2013-12-31,2013-01-01,2013-12-31,위례선 트램,목표;추진;계획,LOCAL_FILE,10331609,data/staged/pdf_text/720b75ef0bff8893c739dde9a900298f9a9b9f95ec74db696ec8841b828d5850.txt,Y,1.000,,,True,1,,,,,,,,,,,,,PDF p.1,promise,agent_draft,local_pdf_sha256_text_extract,2026-09-02T18:18:06+09:00,PDF-080,"data/raw/evidence/내년 개통 앞둔 위례선 트램, 실제 차량 대공개! 승하차 태그는 어떻게_ _ 서울시 - 내 손안에 서울.pdf",720b75ef0bff8893c739dde9a900298f9a9b9f95ec74db696ec8841b828d5850,,0.0,new_or_weak_match,success,16,6893,,,,,,,TRUE,parkd,2026-09-02T19:38:00+09:00,A1B1C1D1E1,,,,,,
SRC-PDF-082-OCCU-1,남양주 다산,official_pdf,다산지금A1블록 국민임대주택 입주자모집공고문(200827),경기주택도시공사,2020-08-27,2026-09-02T18:18:06+09:00,https://www.myhome.go.kr/hws/com/fms/cvplFileDownload.do,data/raw/evidence/다산지금A1블록 국민임대주택 입주자모집공고문(200827).pdf,b742188f7e7a4d25e76a9e308fece038462ad1460e35f54b631a7ac587408d8d,PDF p.3,"임대료 전환은 임차인의 선택사항으로서 100만원 단위로 전환가능합니다. • 위 최대전환시 임대조건은 월임대료의 임대보증금으로 전환시 이율 6%, 임대보증금의 월임대료로 전환시 이율 3%를 적용하여 산정한 것으로서, 향후 전환이율이 변경되는 때에는 변경된 이율을 적용하여 다시 산정하게 됩니다. • 이 주택의 입주예정월은 사정에 따라 변경될 수 있으며 정확한 입주 시기는 추후 개별 통보합니다.",occupancy_planned_block,,unknown,,block,low,rejected,"83개 PDF 전수 추출에서 생성된 AI 초안; 사람 확인 전 지표 확정 금지; excerpt에 ""이 주택의 입주예정월은 사정에 따라 변경될 수 있으며"" 문구만 존재. 실제 입주월 미상 → review_issue B4-partial",PDF-082-occupancy_planned_block,PDF-082-occupancy_planned_block,2G_historical,,pdf,,,,,예정,LOCAL_FILE,1114862,data/staged/pdf_text/b742188f7e7a4d25e76a9e308fece038462ad1460e35f54b631a7ac587408d8d.txt,Y,1.000,missing_event_date_or_excerpt;missing_event_date; B4v2:accept_with_flag,target_date_absent_in_excerpt,False,1,,A-1,v2,,,,,,,,,,PDF p.3,planned_block,agent_draft,local_pdf_sha256_text_extract,2026-09-02T18:18:06+09:00,PDF-082,data/raw/evidence/다산지금A1블록 국민임대주택 입주자모집공고문(200827).pdf,b742188f7e7a4d25e76a9e308fece038462ad1460e35f54b631a7ac587408d8d,title_development_event,0.778,new_or_weak_match,success,35,55642,,,,,,month,,,,,,,,,,
SRC-PDF-084-OCCU-1,하남 미사,official_pdf,미사강변도시 A24블록 10년 공공임대주택리츠 입주자 모집,한국토지주택공사,2018-11-01,2026-09-02T18:18:06+09:00,,data/raw/evidence/미사강변도시 A24블록 10년 공공임대주택리츠 입주자 모집.pdf,fe6a75eea6be0515dd7aae147197495ec4ecbc0e96e953f867d6a3d269c7dcbd,,,occupancy_planned_block,,,,block,low,rejected,83개 PDF 전수 추출에서 생성된 AI 초안; 사람 확인 전 지표 확정 금지,PDF-084-occupancy_planned_block,PDF-084-occupancy_planned_block,2G_historical,,pdf,,,,,,LOCAL_FILE,164969,data/staged/pdf_text/fe6a75eea6be0515dd7aae147197495ec4ecbc0e96e953f867d6a3d269c7dcbd.txt,N,,missing_event_date_or_excerpt;missing_direct_source_url;missing_event_date;missing_exact_excerpt; B4-empty-excerpt: PDF 재추출 필요,empty_excerpt_pdf_reextract_unavailable,False,1,,A-24,v2,,,,,,,,,,,planned_block,agent_draft,local_pdf_sha256_text_extract,2026-09-02T18:18:06+09:00,PDF-084,data/raw/evidence/미사강변도시 A24블록 10년 공공임대주택리츠 입주자 모집.pdf,fe6a75eea6be0515dd7aae147197495ec4ecbc0e96e953f867d6a3d269c7dcbd,title_development_event,0.947,new_or_weak_match,success,3,2064,,,,,,,,,,,,,,,,
SRC-PDF-085-OCCU-1,하남 미사,official_pdf,미사강변도시 A25블록 10년 공공임대주택리츠 입주자 모집,한국토지주택공사,2018-10-01,2026-09-02T18:18:06+09:00,,data/raw/evidence/미사강변도시 A25블록 10년 공공임대주택리츠 입주자 모집.pdf,90fcc484062c53afba4d33beaa9b5e0e5027ca7eea745254829727621b4dea52,,,occupancy_planned_block,,,,block,low,rejected,83개 PDF 전수 추출에서 생성된 AI 초안; 사람 확인 전 지표 확정 금지,PDF-085-occupancy_planned_block,PDF-085-occupancy_planned_block,2G_historical,,pdf,,,,,,LOCAL_FILE,164613,data/staged/pdf_text/90fcc484062c53afba4d33beaa9b5e0e5027ca7eea745254829727621b4dea52.txt,N,,missing_event_date_or_excerpt;missing_direct_source_url;missing_event_date;missing_exact_excerpt; B4-empty-excerpt: PDF 재추출 필요,empty_excerpt_pdf_reextract_unavailable,False,1,,A-25,,,,,,,,,,,,planned_block,agent_draft,local_pdf_sha256_text_extract,2026-09-02T18:18:06+09:00,PDF-085,data/raw/evidence/미사강변도시 A25블록 10년 공공임대주택리츠 입주자 모집.pdf,90fcc484062c53afba4d33beaa9b5e0e5027ca7eea745254829727621b4dea52,title_development_event,0.947,new_or_weak_match,success,3,2062,,,,,,,,,,,,,,,,
SRC-PDF-087-BASI-1,남양주 다산,official_pdf,변경 노선도（다산역）-홈페이지 게시용,남양주시,,2026-09-02T18:18:06+09:00,https://www.nyj.go.kr/www/downloadBbsFile.do?bbsNo=62&nttNo=482937&atchmnflNo=1493102,data/raw/evidence/변경 노선도（다산역）-홈페이지 게시용.pdf,672466fe557eca52389b61cf8eb9697e0f4110033cbb0418bbe8d3193d9dc68c,,,basic_service,,,,district,low,rejected,83개 PDF 전수 추출에서 생성된 AI 초안; 사람 확인 전 지표 확정 금지,PDF-087-basic_service,PDF-087-basic_service,2G_historical,,pdf,,,,,,LOCAL_FILE,488496,data/staged/pdf_text/672466fe557eca52389b61cf8eb9697e0f4110033cbb0418bbe8d3193d9dc68c.txt,N,,missing_event_date_or_excerpt;missing_event_date;missing_exact_excerpt;missing_service_level,empty_excerpt_no_target_date,False,1,,,,,,,,,,,,,,service_level,agent_draft,local_pdf_sha256_text_extract,2026-09-02T18:18:06+09:00,PDF-087,data/raw/evidence/변경 노선도（다산역）-홈페이지 게시용.pdf,672466fe557eca52389b61cf8eb9697e0f4110033cbb0418bbe8d3193d9dc68c,,0.0,new_or_weak_match,success,3,145,,,,,,,,,,,,,,,,
SRC-PDF-089-OCCU-1,남양주 다산,official_pdf,보도자료 다산신도시 입주지원 특별대책반 가동,남양주시,2018-02-12,2026-09-02T18:18:06+09:00,https://allinpdf.com/Transmit/File_Download?DownloadPath=2026%2f08%2f31%2f639e0bfd-8a7c-45ac-a6ee-cad773e402ab.hwp-0001.pdf&FileName=%eb%b3%b4%eb%8f%84%ec%9e%90%eb%a3%8c+%eb%8b%a4%ec%82%b0%ec%8b%a0%eb%8f%84%ec%8b%9c+%ec%9e%85%ec%a3%bc%ec%a7%80%ec%9b%90+%ed%8a%b9%eb%b3%84%eb%8c%80%ec%b1%85%eb%b0%98+%ea%b0%80%eb%8f%99.hwp.pdf,data/raw/evidence/보도자료 다산신도시 입주지원 특별대책반 가동.pdf,548a8ff7ef6d0fd6ce3db6989f1392e926873d063fe4344760061cb9d3637fea,PDF p.1,"○ - 과장 : 김남근 (031-8030-4140) 팀장 : 고강수 (031-8030-4161) 담당 : 홍재석 (031-8030-4162) 보도일시 : 2018. 2. 12.(월) 배포즉시 경기도, 다산신도시 성공 입주 도울 ‘특별대책반’ 본격 가동 <주요 내용> ○ 경기도, 남양주 다산신도시 입주지원 특별대책반 구성 - 사업시행자(경기도시공사), 유관기관 등 대거 참여해 협력체계 구축 ○ 남양주 다산신도시 조기 정착 및 입주 초기 입주민 불편사항 점검 - 교통, 공사, 기반·공공시설분야 등 불편사항 점검 및 지원 올해부터 본격적인 입주가 시작되는 ‘남양주 다산신도시’의 조기 정착과 입 주 초기 입주민의 불편사항 해소를 위해 경기도가 나섰다. 경기도는 올해 2월부터 유관기관들이 대거 참여할 입주지원 협력 거버넌스 ‘다산신도시 입주지원 특별대책반’을 구성, 본격 운영에 들어간다고 12일 밝 혔다. 이번 ‘특별대책반’은 남양주시, 교육청, 경찰서, 소방서 등 공공행정기관과 사업시행자인 경기",occupancy_first_actual,2018-02-12,day,,district,medium,verified,83개 PDF 전수 추출에서 생성된 AI 초안; 사람 확인 전 지표 확정 금지,PDF-089-occupancy_first_actual,PDF-089-occupancy_first_actual,2G_historical,,pdf,2018-02-12,2018-02-12,2018-02-12,별내선(8호선 연장),,LOCAL_FILE,116867,data/staged/pdf_text/548a8ff7ef6d0fd6ce3db6989f1392e926873d063fe4344760061cb9d3637fea.txt,Y,1.000,,,True,1,,,,,,,,,,,,,PDF p.1,gap_start,agent_draft,local_pdf_sha256_text_extract,2026-09-02T18:18:06+09:00,PDF-089,data/raw/evidence/보도자료 다산신도시 입주지원 특별대책반 가동.pdf,548a8ff7ef6d0fd6ce3db6989f1392e926873d063fe4344760061cb9d3637fea,title_development_event,0.842,new_or_weak_match,success,3,1950,,,,,,,TRUE,parkd,2026-09-02T19:38:00+09:00,A1B1C1D1E1,,,,,,
SRC-PDF-090-OCCU-1,화성 동탄2,official_pdf,보도자료_final_동탄2신도시_070601,경기도,2007-06-01,2026-09-02T18:18:06+09:00,,data/raw/evidence/보도자료_final_동탄2신도시_070601.pdf,14d43f72c1bb4607b6cff9727d014a71548ad15d99861b90d0da6b55c76c35d8,PDF p.22,"09.5) 등의 절차를 거쳐 ‘ 년 월경 10 2 , 첫 입주는 년 월이전 ‘12 9 으로 예상 동탄 지구 신도시 추진절차 < 2 > 예정지구 지정 개발계획 포함 ( ) ⇒ 보상 착수 ⇒ 실시계획 승인 택지공급 포함 ( ) ⇒ 월 2008. 2 월 2008. 5 월 2009. 5 최초 분양 ⇒ 최초 입주 월 2010. 2 월 이전 2012. 9",occupancy_first_planned,2010-02,month,,district,medium,verified,83개 PDF 전수 추출에서 생성된 AI 초안; 사람 확인 전 지표 확정 금지,PDF-090-occupancy_first_planned,PDF-090-occupancy_first_planned,2G_historical,,pdf,2010-02-28,2010-02-01,2010-02-28,,예정;추진;계획,LOCAL_FILE,1413246,data/staged/pdf_text/14d43f72c1bb4607b6cff9727d014a71548ad15d99861b90d0da6b55c76c35d8.txt,Y,1.000,,,False,1,,,,,,,,,,,,,PDF p.22,delay_baseline,agent_draft,local_pdf_sha256_text_extract,2026-09-02T18:18:06+09:00,PDF-090,data/raw/evidence/보도자료_final_동탄2신도시_070601.pdf,14d43f72c1bb4607b6cff9727d014a71548ad15d99861b90d0da6b55c76c35d8,,0.0,new_or_weak_match,success,33,18937,,,,,,,TRUE,parkd,2026-09-02T19:38:00+09:00,A1B1C1D1E1,,,,,,
SRC-PDF-091-OCCU-1,부천 대장,official_pdf,부천대장A7블록공공분양주택입주자모집공고문_최종,한국토지주택공사,2025-04-29,2026-09-02T18:18:06+09:00,https://apply.lh.or.kr/lhapply/lhFile.do?fileid=61605284,data/raw/evidence/부천대장A7블록공공분양주택입주자모집공고문_최종.pdf,1fb52b9e26ce23b6131d05e4dcf6b2e8c294a5b4aafe585c9b8b4313d706d3f6,PDF p.4,"장기간 소요될 수 있으며, 향후 지적정리 후 면적은 일부 증감될 수 있습니다. ※ 최고층수는 해당주택형의 최상층 층수이며, 최상층세대는 다락방이 설치되지 않습니다. ※ 난방방식은 지역난방, 구조는 철근콘크리트 벽식, 지붕은 평지붕으로 시공되며, 지하주차장 슬래브는 무량판 구조로 시공됩니다. ※ 입주예정 시기는 ‘28년 01월입니다. 건축공정 등 현장여건에 따라 변동될 수 있으며, 정확한 입주 시기는 추후 개별 안내할 예정입니다. 블록 주택형 주택 타입 세대당 주택면적(㎡) 발코니 공유 대지 면적 (㎡) 공급세대수 최고 층수 1층 세대수 입주 예정 시기 공급면적 그 밖의 공용면적 계약 면적 (계) 확장 여부 면적 (㎡) 계 사전 청약 당첨자 특별공급 일반 공급 주거 전용 주거 공용 기타 공용 지 하 주차장 다자녀 가구 신혼 부부 생애 최초 노부모 부양 신생아 국가 유공자 기타 특별 A7 합 계 473 369 10 10 16 5 21 5 10 27 ’28.01 (예정) 59.0000O 59A 59.89 2",occupancy_planned_block,2028-01,unknown,,block,low,verified,"83개 PDF 전수 추출에서 생성된 AI 초안; 사람 확인 전 지표 확정 금지; excerpt에 ""입주예정 시기는 '28년 01월입니다"" 포함 (부천대장)",PDF-091-occupancy_planned_block,PDF-091-occupancy_planned_block,3G_forward,,pdf,2028-01-31,,,,예정,LOCAL_FILE,1398306,data/staged/pdf_text/1fb52b9e26ce23b6131d05e4dcf6b2e8c294a5b4aafe585c9b8b4313d706d3f6.txt,Y_NORMALIZED,1.000,,,False,1,,A-7,v2,latest,SRC-E2-A10,,,,,,,,PDF p.4,planned_block,agent_draft,local_pdf_sha256_text_extract,2026-09-02T18:18:06+09:00,PDF-091,data/raw/evidence/부천대장A7블록공공분양주택입주자모집공고문_최종.pdf,1fb52b9e26ce23b6131d05e4dcf6b2e8c294a5b4aafe585c9b8b4313d706d3f6,title_development_event,0.933,new_or_weak_match,success,39,154744,,,,,2028-01-31,month,TRUE,parkd,2026-09-02T20:11:00+09:00,A1B1C1D1E1,,,,,,
SRC-PDF-092-OCCU-1,부천 대장,official_pdf,부천대장A8블록공공분양주택입주자모집공고문,한국토지주택공사,2025-04-29,2026-09-02T18:18:06+09:00,https://apply.lh.or.kr/lhapply/lhFile.do?fileid=61606103,data/raw/evidence/부천대장A8블록공공분양주택입주자모집공고문.pdf,d225b71e078de3e7903d26ef108379f624797a80735d28f23efba6334c373912,PDF p.4,"장기간 소요될 수 있으며, 향후 지적정리 후 면적은 일부 증감될 수 있습니다. ※ 최고층수는 해당주택형의 최상층 층수이며, 최상층세대는 다락방이 설치되지 않습니다. ※ 난방방식은 지역난방, 구조는 철근콘크리트 벽식, 지붕은 평지붕으로 시공되며, 지하주차장 슬래브는 무량판 구조로 시공됩니다. ※ 입주예정 시기는 ‘28년 01월입니다. 건축공정 등 현장여건에 따라 변동될 수 있으며, 정확한 입주 시기는 추후 개별 안내할 예정입니다. 블록 주택형 주택 타입 세대당 주택면적(㎡) 발코니 공유 대지 면적 (㎡) 공급세대수 최고 층수 1층 세대수 입주 예정 시기 공급면적 그 밖의 공용면적 계약 면적 (계) 확장 여부 면적 (㎡) 계 사전 청약 당첨자 특별공급 일반 공급 주거 전용 주거 공용 기타 공용 지 하 주차장 다자녀 가구 신혼 부부 생애 최초 노부모 부양 신생아 국가 유공자 기타 특별 A8 합 계 392 304 9 9 13 4 18 4 9 22 ’28.01 (예정) 59.0000O 59A 59.53 22.5",occupancy_planned_block,2028-01,unknown,,block,low,verified,"83개 PDF 전수 추출에서 생성된 AI 초안; 사람 확인 전 지표 확정 금지; excerpt에 ""입주예정 시기는 '28년 01월입니다"" 포함 (부천대장, PDF-091 duplicate 가능성)",PDF-092-occupancy_planned_block,PDF-092-occupancy_planned_block,3G_forward,,pdf,2028-01-31,,,,예정,LOCAL_FILE,1433877,data/staged/pdf_text/d225b71e078de3e7903d26ef108379f624797a80735d28f23efba6334c373912.txt,Y_NORMALIZED,1.000,,,False,1,,A-8,v1,superseded,,,,,,,,,PDF p.4,planned_block,agent_draft,local_pdf_sha256_text_extract,2026-09-02T18:18:06+09:00,PDF-092,data/raw/evidence/부천대장A8블록공공분양주택입주자모집공고문.pdf,d225b71e078de3e7903d26ef108379f624797a80735d28f23efba6334c373912,title_development_event,0.977,new_or_weak_match,success,40,155782,,,,,2028-01-31,month,TRUE,parkd,2026-09-02T20:11:00+09:00,A1B1C1D1E1,,,,,,
SRC-PDF-094-OCCU-1,하남 미사,official_pdf,"예비입주자모집공고문(미사12,16)(2)",국토교통부,2023-09-22,2026-09-02T18:18:06+09:00,https://apply.lh.or.kr/lhapply/lhFile.do?fileid=54496971,"data/raw/evidence/예비입주자모집공고문(미사12,16)(2).pdf",5f78b95ae640847279af2e71ce967b3b8f2160776ac08cf24f46e5d731c0aca5,,,occupancy_planned_block,,,,block,low,rejected,83개 PDF 전수 추출에서 생성된 AI 초안; 사람 확인 전 지표 확정 금지,PDF-094-occupancy_planned_block,PDF-094-occupancy_planned_block,2G_historical,,pdf,,,,,,LOCAL_FILE,1785865,data/staged/pdf_text/5f78b95ae640847279af2e71ce967b3b8f2160776ac08cf24f46e5d731c0aca5.ocr.txt,N,,missing_event_date_or_excerpt;missing_event_date;missing_exact_excerpt; B4-empty-excerpt: PDF 재추출 필요,empty_excerpt_pdf_reextract_unavailable,False,1,,,,,,,,,,,,,,planned_block,agent_draft,local_pdf_sha256_windows_ocr,2026-09-02T18:18:06+09:00,PDF-094,"data/raw/evidence/예비입주자모집공고문(미사12,16)(2).pdf",5f78b95ae640847279af2e71ce967b3b8f2160776ac08cf24f46e5d731c0aca5,,0.0,new_or_weak_match,ocr_success,18,28814,,,,,,,,,,,,,,,,
SRC-PDF-096-OCCU-1,위례,official_pdf,"위례신도시 1,676세대 공공분양…분양가·청약조건은_ _ 서울시 - 내 손안에 서울",서울특별시,,2026-09-02T18:18:06+09:00,https://mediahub.seoul.go.kr/news/article/newsArticlePrintPopup.do?articleNo=1302679,"data/raw/evidence/위례신도시 1,676세대 공공분양…분양가·청약조건은_ _ 서울시 - 내 손안에 서울.pdf",1c78338e3624cbdc6b2e58a875448c9fb1f5e6cecb6fba1b8bb7317940bd0094,,,occupancy_planned_block,,,tram,block,low,rejected,83개 PDF 전수 추출에서 생성된 AI 초안; 사람 확인 전 지표 확정 금지,PDF-096-occupancy_planned_block,PDF-096-occupancy_planned_block,2G_historical,,pdf,,,,위례선 트램,,LOCAL_FILE,673811,data/staged/pdf_text/1c78338e3624cbdc6b2e58a875448c9fb1f5e6cecb6fba1b8bb7317940bd0094.txt,N,,missing_event_date_or_excerpt;missing_event_date;missing_exact_excerpt; B4-empty-excerpt: PDF 재추출 필요,empty_excerpt_pdf_reextract_unavailable,False,1,,,,,,,,,,,,,,planned_block,agent_draft,local_pdf_sha256_text_extract,2026-09-02T18:18:06+09:00,PDF-096,"data/raw/evidence/위례신도시 1,676세대 공공분양…분양가·청약조건은_ _ 서울시 - 내 손안에 서울.pdf",1c78338e3624cbdc6b2e58a875448c9fb1f5e6cecb6fba1b8bb7317940bd0094,,0.0,new_or_weak_match,success,5,3649,,,,,,,,,,,,,,,,
SRC-PDF-097-BASI-1,위례,official_pdf,인쇄하기 - 하남시청,하남시,2015-07-27,2026-09-02T18:18:06+09:00,https://www.hanam.go.kr/common/print.jsp?siteId=sosik&title=%EB%B3%B4%EB%8F%84%EC%9E%90%EB%A3%8C,data/raw/evidence/인쇄하기 - 하남시청.pdf,ade438681fd2b080ed26cbafd823416f4d95a0df7fed95a67f508db4ccb0ac7c,,,basic_service,,,,district,low,rejected,83개 PDF 전수 추출에서 생성된 AI 초안; 사람 확인 전 지표 확정 금지,PDF-097-basic_service,PDF-097-basic_service,2G_historical,,pdf,,,,,,LOCAL_FILE,264218,data/staged/pdf_text/ade438681fd2b080ed26cbafd823416f4d95a0df7fed95a67f508db4ccb0ac7c.txt,N,,missing_event_date_or_excerpt;missing_event_date;missing_exact_excerpt;missing_service_level,empty_excerpt_no_target_date,False,1,,,,,,,,,,,,,,service_level,agent_draft,local_pdf_sha256_text_extract,2026-09-02T18:18:06+09:00,PDF-097,data/raw/evidence/인쇄하기 - 하남시청.pdf,ade438681fd2b080ed26cbafd823416f4d95a0df7fed95a67f508db4ccb0ac7c,,0.0,new_or_weak_match,success,1,546,,,,,,,,,,,,,,,,
SRC-PDF-097-BASI-2,하남 미사,official_pdf,인쇄하기 - 하남시청,하남시,2015-07-27,2026-09-02T18:18:06+09:00,https://www.hanam.go.kr/common/print.jsp?siteId=sosik&title=%EB%B3%B4%EB%8F%84%EC%9E%90%EB%A3%8C,data/raw/evidence/인쇄하기 - 하남시청.pdf,ade438681fd2b080ed26cbafd823416f4d95a0df7fed95a67f508db4ccb0ac7c,,,basic_service,,,,district,low,rejected,83개 PDF 전수 추출에서 생성된 AI 초안; 사람 확인 전 지표 확정 금지,PDF-097-basic_service,PDF-097-basic_service,2G_historical,,pdf,,,,,,LOCAL_FILE,264218,data/staged/pdf_text/ade438681fd2b080ed26cbafd823416f4d95a0df7fed95a67f508db4ccb0ac7c.txt,N,,missing_event_date_or_excerpt;missing_event_date;missing_exact_excerpt;missing_service_level,empty_excerpt_no_target_date,False,1,,,,,,,,,,,,,,service_level,agent_draft,local_pdf_sha256_text_extract,2026-09-02T18:18:06+09:00,PDF-097,data/raw/evidence/인쇄하기 - 하남시청.pdf,ade438681fd2b080ed26cbafd823416f4d95a0df7fed95a67f508db4ccb0ac7c,,0.0,new_or_weak_match,success,1,546,,,,,,,,,,,,,,,,
SRC-PDF-099-OCCU-1,위례,local_pdf_unknown_publisher,정책브리핑 _ 기사인쇄하기,,2011-11-29,2026-09-02T18:18:06+09:00,https://www.korea.kr/common/searchPrint.do,data/raw/evidence/정책브리핑 _ 기사인쇄하기.pdf,543077ecbacfb56aba75f592cde54280c508f1c5653cf9a25b3196a9c060df3d,,,occupancy_first_planned,,,,district,low,rejected,83개 PDF 전수 추출에서 생성된 AI 초안; 사람 확인 전 지표 확정 금지,PDF-099-occupancy_first_planned,PDF-099-occupancy_first_planned,2G_historical,,pdf,,,,,,LOCAL_FILE,238399,data/staged/pdf_text/543077ecbacfb56aba75f592cde54280c508f1c5653cf9a25b3196a9c060df3d.txt,N,,missing_event_date_or_excerpt;missing_event_date;missing_exact_excerpt; B4-empty-excerpt: PDF 재추출 필요,empty_excerpt_pdf_reextract_unavailable,False,1,,,,,,,,,,,,,,delay_baseline,agent_draft,local_pdf_sha256_text_extract,2026-09-02T18:18:06+09:00,PDF-099,data/raw/evidence/정책브리핑 _ 기사인쇄하기.pdf,543077ecbacfb56aba75f592cde54280c508f1c5653cf9a25b3196a9c060df3d,,0.0,new_or_weak_match,success,2,1116,,,,,,,,,,,,,,,,
SRC-PDF-102-ACTU-1,위례,official_pdf,지하철 8호선 남위례역 18일 개통…잠실까지 15분 _ 서울시 - 내 손안에 서울,국토교통부,,2026-09-02T18:18:06+09:00,https://mediahub.seoul.go.kr/news/article/newsArticlePrintPopup.do?articleNo=2003528,data/raw/evidence/지하철 8호선 남위례역 18일 개통…잠실까지 15분 _ 서울시 - 내 손안에 서울.pdf,c527d0ab39cb4e427fa62ce8c97d7f7b5074d06dcf2ac3af96ae616ddf7fdcc9,PDF p.1,"지하철 8호선 남위례역 18일 개통…잠실까지 15분 8호선 남위례역이 18일 문 연다. 8호선 남위례역이 18일부터 새롭게 문을 연다. 남위례역 개통으로 위례신도시를 포함해 송파구·성남시 및 하남 시 거주민들의 교통 편의가 크게 향상될 것으로 보인다. 남위례역은 4만 가구 이상의 대규모 인원이 밀집한 위례신도시의 광역교통개선대책 중 하나로 지어진 역이 다. 위례신도시 택지개발사업자인 한국주택토지공사(LH)가 비용을 부담하고, 운영사인 공사가 건설 사업을 시 행해 2020년 초 착공한 후 올해 말 준공했다. 서울교통공사는 오는 18일 첫차부터 서울 지하철 8호선 남위례역 운영을 개시한다. 남위례역은 기존 복정역 과 산성역 사이에 위치하였으며, 지상 3층 규모로 지어진 8호선의 유일한 지상역이다. 복선이자 상대식 승강 장 구조다.",basic_service,2020-초,year,rail,district,medium,verified,"83개 PDF 전수 추출에서 생성된 AI 초안; 사람 확인 전 지표 확정 금지; excerpt 실제 내용은 남위례역(8호선) 개통 (mode 오태깅 tram→rail 정정). 위례선 트램 canon과 다른 축, basic_service로 재분류",PDF-102-actual_operation,PDF-102-actual_operation,2G_historical,,pdf,2020-12-31,2020-01-01,2020-12-31,위례선 트램,,LOCAL_FILE,2423032,data/staged/pdf_text/c527d0ab39cb4e427fa62ce8c97d7f7b5074d06dcf2ac3af96ae616ddf7fdcc9.txt,Y,1.000,,,True,1,,,,,,,,,,,,,PDF p.1,gap_end,agent_draft,local_pdf_sha256_text_extract,2026-09-02T18:18:06+09:00,PDF-102,data/raw/evidence/지하철 8호선 남위례역 18일 개통…잠실까지 15분 _ 서울시 - 내 손안에 서울.pdf,c527d0ab39cb4e427fa62ce8c97d7f7b5074d06dcf2ac3af96ae616ddf7fdcc9,title_development_event,0.652,new_or_weak_match,success,3,1049,,,,,,,TRUE,parkd,2026-09-02T19:38:00+09:00,A1B1C1D1E1,,,,,,
SRC-PDF-102-BASI-1,위례,official_pdf,지하철 8호선 남위례역 18일 개통…잠실까지 15분 _ 서울시 - 내 손안에 서울,국토교통부,,2026-09-02T18:18:06+09:00,https://mediahub.seoul.go.kr/news/article/newsArticlePrintPopup.do?articleNo=2003528,data/raw/evidence/지하철 8호선 남위례역 18일 개통…잠실까지 15분 _ 서울시 - 내 손안에 서울.pdf,c527d0ab39cb4e427fa62ce8c97d7f7b5074d06dcf2ac3af96ae616ddf7fdcc9,PDF p.1,"것으로 보인다. 남위례역은 4만 가구 이상의 대규모 인원이 밀집한 위례신도시의 광역교통개선대책 중 하나로 지어진 역이 다. 위례신도시 택지개발사업자인 한국주택토지공사(LH)가 비용을 부담하고, 운영사인 공사가 건설 사업을 시 행해 2020년 초 착공한 후 올해 말 준공했다. 서울교통공사는 오는 18일 첫차부터 서울 지하철 8호선 남위례역 운영을 개시한다. 남위례역은 기존 복정역 과 산성역 사이에 위치하였으며, 지상 3층 규모로 지어진 8호선의 유일한 지상역이다. 복선이자 상대식 승강 장 구조다.",basic_service,2020-초,year,tram,district,medium,verified,83개 PDF 전수 추출에서 생성된 AI 초안; 사람 확인 전 지표 확정 금지,PDF-102-basic_service,PDF-102-basic_service,2G_historical,,pdf,2020-12-31,2020-01-01,2020-12-31,위례선 트램,,LOCAL_FILE,2423032,data/staged/pdf_text/c527d0ab39cb4e427fa62ce8c97d7f7b5074d06dcf2ac3af96ae616ddf7fdcc9.txt,Y,1.000,,,True,1,,,,,,,,,,,,,PDF p.1,service_level,agent_draft,local_pdf_sha256_text_extract,2026-09-02T18:18:06+09:00,PDF-102,data/raw/evidence/지하철 8호선 남위례역 18일 개통…잠실까지 15분 _ 서울시 - 내 손안에 서울.pdf,c527d0ab39cb4e427fa62ce8c97d7f7b5074d06dcf2ac3af96ae616ddf7fdcc9,,0.0,new_or_weak_match,success,3,1049,,,,,,,TRUE,parkd,2026-09-02T19:38:00+09:00,A1B1C1D1E1,,,,,,
SRC-PDF-105-PROM-1,위례,official_pdf,친환경 트램 '위례선' 시범운행 시작…내년 하반기 개통 _ 서울시 - 내 손안에 서울,서울특별시,,2026-09-02T18:18:06+09:00,https://mediahub.seoul.go.kr/news/article/newsArticlePrintPopup.do?articleNo=2015526,data/raw/evidence/친환경 트램 '위례선' 시범운행 시작…내년 하반기 개통 _ 서울시 - 내 손안에 서울.pdf,a9beb607d64a9ebdabe680bf68c20f0f2cfd347c8d24d9a0a3d82b30fa1094bc,PDF p.1,"친환경 트램 '위례선' 시범운행 시작…내년 하반기 개통 9월부터 약 한 달간 차량 성능, 안전성 검증…2026년 하반기 정식 개통 목표 트램 위례선 차량 모습 58년 만에 트램(노면전차)이 서울을 다시 달리게 된다. 서울시가 내년 하반기 개통을 목표로 9월 초부터 약 한 달 간 한국철도기술연구원 오송시험선 구간에서 위례선(트램)에 대한 ‘예비주행시험’에 들어간다. 트램은 서울에 1899년 최초로 도입돼 1968년까지 약 70년간 운행됐다. 2026년 위례선이 개통하면 58년 만에 서 울에서 트램이 부활하는 셈이다. 위례선 트램은 전국 최초 ‘무가선 노면전차’로, 마천역(5호선)에서 출발해 복정역(8호선·수인분당선)과 남위례 역(8호선)을 연결한다. 총 연장 5.4㎞로 정거장 12개소, 차량기지 1개를 만들고 전동차 10편성을 투입한다. 무가선 노면전차란, 전기를 공급하는 전차선이 없는 노면전차를 말한다. 도시 미관을 저해하지 않고 건설비용을",promise_date,2026,year,tram,district,medium,verified,83개 PDF 전수 추출에서 생성된 AI 초안; 사람 확인 전 지표 확정 금지,PDF-105-promise_date,PDF-105-promise_date,2G_historical,,pdf,2026-12-31,2026-01-01,2026-12-31,위례선 트램,목표,LOCAL_FILE,1256869,data/staged/pdf_text/a9beb607d64a9ebdabe680bf68c20f0f2cfd347c8d24d9a0a3d82b30fa1094bc.txt,Y,1.000,,,True,1,,,,,,,,,,,,,PDF p.1,promise,agent_draft,local_pdf_sha256_text_extract,2026-09-02T18:18:06+09:00,PDF-105,data/raw/evidence/친환경 트램 '위례선' 시범운행 시작…내년 하반기 개통 _ 서울시 - 내 손안에 서울.pdf,a9beb607d64a9ebdabe680bf68c20f0f2cfd347c8d24d9a0a3d82b30fa1094bc,,0.0,new_or_weak_match,success,5,1706,,,,,,,TRUE,parkd,2026-09-02T19:38:00+09:00,A1B1C1D1E1,,,,,,
SRC-PDF-106-PROM-1,하남 미사,official_pdf,"하남미사지구 광역교통개선대책 변경, 확정된 바 없어",국토교통부,2014-03-19,2026-09-02T18:18:06+09:00,https://www.korea.kr/common/searchPrint.do,"data/raw/evidence/하남미사지구 광역교통개선대책 변경, 확정된 바 없어.pdf",8c8756bf0041e944a8ce2c1e3d1d8e3aa16e34722cd7c5643a68f09fb3e5a5d9,PDF p.1,"기사인쇄하기 하남미사지구 광역교통개선대책 변경, 확정된 바 없어 콘텐츠 내용 국토교통부는 하남미사지구 광역교통개선대책 변경은 현재까지 방침이 확정된 바 없으며 전문가의 충분한 검토를 거쳐 결정할 계획이라고 밝혔다. 국토부는 18일 연합뉴스가 보도한 “국토부, 천호대로 지하차도 취소 방침…경기도 반발” 제하 기사 에 대해 이 같이 해명했다. 기사는 서울시 요구대로 계획이 변경되면 하남미사지구 주민의 심각한 교통불편이 우려된다고 보도 했다. 문의: 국토교통부 공공주택개발과 044-201-4540 인쇄하기 닫기 2014.03.19",promise_date,2014-03-19,day,,district,medium,verified,83개 PDF 전수 추출에서 생성된 AI 초안; 사람 확인 전 지표 확정 금지,PDF-106-promise_date,PDF-106-promise_date,2G_historical,,pdf,2014-03-19,2014-03-19,2014-03-19,,확정;계획,LOCAL_FILE,138219,data/staged/pdf_text/8c8756bf0041e944a8ce2c1e3d1d8e3aa16e34722cd7c5643a68f09fb3e5a5d9.txt,Y,1.000,,,False,1,,,,,,,,,,,,,PDF p.1,promise,agent_draft,local_pdf_sha256_text_extract,2026-09-02T18:18:06+09:00,PDF-106,"data/raw/evidence/하남미사지구 광역교통개선대책 변경, 확정된 바 없어.pdf",8c8756bf0041e944a8ce2c1e3d1d8e3aa16e34722cd7c5643a68f09fb3e5a5d9,title_development_event,1.0,new_or_weak_match,success,1,297,,,,,,,TRUE,parkd,2026-09-02T19:38:00+09:00,A1B1C1D1E1,,,,,,
SRC-PDF-108-ACTU-1,하남 미사,official_pdf,"하남시, 2021년 ‘빛나는 하남’ 10대 뉴스 선정",국토교통부,2021-12-29,2026-09-02T18:18:06+09:00,,"data/raw/evidence/하남시, 2021년 ‘빛나는 하남’ 10대 뉴스 선정.pdf",ec903ff08af3f81b601966e19ded4bbc7ec874605458f51aa9d213ffc322d3aa,하남시 2021 10대 뉴스 보도자료 PDF p.1,"하남시 2021년 빛나는 하남 10대 뉴스 선정. 지하철 5호선 전 구간 개통, 지하철 3·9호선 연장 확정, 하남시 인구 30만 돌파.",basic_service,2021,year,rail,district,low,verified,"83개 PDF 전수 추출에서 생성된 AI 초안; 사람 확인 전 지표 확정 금지; 하남선 2021-03-27 개통 관련 회고 - 하남미사/교산 관점; 하남시 10대뉴스 회고 자료 (2021 종합) - canon actual과 별도, basic_service",PDF-108-actual_operation,PDF-108-actual_operation,2G_historical,,pdf,2021-12-31,,,하남선(5호선 연장);강동하남남양주선;송파하남선,추진;확정,LOCAL_FILE,404094,data/staged/pdf_text/ec903ff08af3f81b601966e19ded4bbc7ec874605458f51aa9d213ffc322d3aa.txt,Y_NORMALIZED,0.98,,,False,1,,,,,,,,,,,,,PDF p.1,gap_end,agent_draft,local_pdf_sha256_text_extract,2026-09-02T18:18:06+09:00,PDF-108,"data/raw/evidence/하남시, 2021년 ‘빛나는 하남’ 10대 뉴스 선정.pdf",ec903ff08af3f81b601966e19ded4bbc7ec874605458f51aa9d213ffc322d3aa,,0.0,new_or_weak_match,success,5,4840,,,,,,,TRUE,parkd,2026-09-02T20:22:00+09:00,A1B1C1D1E1,,,,,,
SRC-PDF-108-ACTU-2,하남 교산,official_pdf,"하남시, 2021년 ‘빛나는 하남’ 10대 뉴스 선정",국토교통부,2021-12-29,2026-09-02T18:18:06+09:00,,"data/raw/evidence/하남시, 2021년 ‘빛나는 하남’ 10대 뉴스 선정.pdf",ec903ff08af3f81b601966e19ded4bbc7ec874605458f51aa9d213ffc322d3aa,하남시 2021 10대 뉴스 보도자료 PDF p.1 (하남교산 관점),"하남시 2021년 빛나는 하남 10대 뉴스 선정. 지하철 5호선 전 구간 개통, 지하철 3·9호선 연장 확정.",basic_service,2021,year,rail,district,low,verified,"83개 PDF 전수 추출에서 생성된 AI 초안; 사람 확인 전 지표 확정 금지; 하남시 10대뉴스 회고 자료 (2021 종합) - canon actual과 별도, basic_service",PDF-108-actual_operation,PDF-108-actual_operation,3G_forward,,pdf,2021-12-31,,,하남선(5호선 연장);강동하남남양주선;송파하남선,추진;확정,LOCAL_FILE,404094,data/staged/pdf_text/ec903ff08af3f81b601966e19ded4bbc7ec874605458f51aa9d213ffc322d3aa.txt,Y_NORMALIZED,0.98,,,False,1,,,,,,,,,,,,,PDF p.1,gap_end,agent_draft,local_pdf_sha256_text_extract,2026-09-02T18:18:06+09:00,PDF-108,"data/raw/evidence/하남시, 2021년 ‘빛나는 하남’ 10대 뉴스 선정.pdf",ec903ff08af3f81b601966e19ded4bbc7ec874605458f51aa9d213ffc322d3aa,,0.0,new_or_weak_match,success,5,4840,,,,,,,TRUE,parkd,2026-09-02T20:22:00+09:00,A1B1C1D1E1,,,,,,
SRC-PDF-108-ACTU-3,남양주 왕숙,official_pdf,"하남시, 2021년 ‘빛나는 하남’ 10대 뉴스 선정",국토교통부,2021-12-29,2026-09-02T18:18:06+09:00,,"data/raw/evidence/하남시, 2021년 ‘빛나는 하남’ 10대 뉴스 선정.pdf",ec903ff08af3f81b601966e19ded4bbc7ec874605458f51aa9d213ffc322d3aa,하남시 2021 10대 뉴스 보도자료 PDF p.1 (남양주왕숙 관점 - 3·9호선 연장 확정),하남시 2021년 빛나는 하남 10대 뉴스 선정. 지하철 3·9호선 연장 확정 관련 부수 내용.,basic_service,2021,year,rail,district,low,verified,"83개 PDF 전수 추출에서 생성된 AI 초안; 사람 확인 전 지표 확정 금지; PDF-108-ACTU-1과 소스 동일, 관점만 차이; 하남시 10대뉴스 회고 자료 (2021 종합) - canon actual과 별도, basic_service",PDF-108-actual_operation,PDF-108-actual_operation,3G_forward,,pdf,2021-12-31,,,하남선(5호선 연장);강동하남남양주선;송파하남선,추진;확정,LOCAL_FILE,404094,data/staged/pdf_text/ec903ff08af3f81b601966e19ded4bbc7ec874605458f51aa9d213ffc322d3aa.txt,Y_NORMALIZED,0.98,,,False,1,,,,,,,,,,,,,PDF p.1,gap_end,agent_draft,local_pdf_sha256_text_extract,2026-09-02T18:18:06+09:00,PDF-108,"data/raw/evidence/하남시, 2021년 ‘빛나는 하남’ 10대 뉴스 선정.pdf",ec903ff08af3f81b601966e19ded4bbc7ec874605458f51aa9d213ffc322d3aa,,0.0,new_or_weak_match,success,5,4840,,,,,,,TRUE,parkd,2026-09-02T20:22:00+09:00,A1B1C1D1E1,,,,,,
SRC-PDF-108-PROM-1,하남 미사,official_pdf,"하남시, 2021년 ‘빛나는 하남’ 10대 뉴스 선정",국토교통부,2021-12-29,2026-09-02T18:18:06+09:00,,"data/raw/evidence/하남시, 2021년 ‘빛나는 하남’ 10대 뉴스 선정.pdf",ec903ff08af3f81b601966e19ded4bbc7ec874605458f51aa9d213ffc322d3aa,PDF p.3,"남시에 개 공공도서관이 새로 . 2 생기 고최장수 도서관 곳이 리모델링 공사를 시작했다 , 1 . 아이키우기 좋은 도시국공립어린이집 개소로 크게 늘어 ‘ ’ 54 ⑥ 아이키우기 좋은 도시로 하남시가 급부상하고 있다 ‘ ’ . 시는 공보육 강화를 위해 신규 국공립어린이집 확충에 집중한 결과 당초 목표보다 배 2 이상 초 과 달성했다고 밝혔다 년 월 현재 하남시 소재 국공립어린이집 수 . 2021 12 는 개소다시는 공보육 강화와 보육서비스 품질개선을 위해 54 . 년부터 2018 년까지 국공립어린이집 추가 설립에 집중해 왔다그 결과 2021 . 하남시 국공 립어린이집 수가 년 개소에서 년 월 현재 개소로 2018 9 2021 12 54 크게 늘었 다 이에 따라 하남시 국공립어린이집 설치비율은 경기도 전체 평균인 . 보다 포인트 높은 에 달한다 12% 9.5% 21.5% . 아시아태평양학습도시연맹 명예의 전당 헌정도시선정 ‘ ’ ⑦ 아시아태평양학습도시연맹이하 으로부터",promise_date,2018,year,rail,district,medium,verified,83개 PDF 전수 추출에서 생성된 AI 초안; 사람 확인 전 지표 확정 금지,PDF-108-promise_date,PDF-108-promise_date,2G_historical,,pdf,2018-12-31,2018-01-01,2018-12-31,하남선(5호선 연장);강동하남남양주선;송파하남선,목표,LOCAL_FILE,404094,data/staged/pdf_text/ec903ff08af3f81b601966e19ded4bbc7ec874605458f51aa9d213ffc322d3aa.txt,Y,1.000,,,False,1,,,,,,,,,,,,,PDF p.3,promise,agent_draft,local_pdf_sha256_text_extract,2026-09-02T18:18:06+09:00,PDF-108,"data/raw/evidence/하남시, 2021년 ‘빛나는 하남’ 10대 뉴스 선정.pdf",ec903ff08af3f81b601966e19ded4bbc7ec874605458f51aa9d213ffc322d3aa,title_development_event,0.727,new_or_weak_match,success,5,4840,,,,,,,TRUE,parkd,2026-09-02T19:38:00+09:00,A1B1C1D1E1,,,,,,
SRC-PDF-108-PROM-2,하남 교산,official_pdf,"하남시, 2021년 ‘빛나는 하남’ 10대 뉴스 선정",국토교통부,2021-12-29,2026-09-02T18:18:06+09:00,,"data/raw/evidence/하남시, 2021년 ‘빛나는 하남’ 10대 뉴스 선정.pdf",ec903ff08af3f81b601966e19ded4bbc7ec874605458f51aa9d213ffc322d3aa,PDF p.3,"남시에 개 공공도서관이 새로 . 2 생기 고최장수 도서관 곳이 리모델링 공사를 시작했다 , 1 . 아이키우기 좋은 도시국공립어린이집 개소로 크게 늘어 ‘ ’ 54 ⑥ 아이키우기 좋은 도시로 하남시가 급부상하고 있다 ‘ ’ . 시는 공보육 강화를 위해 신규 국공립어린이집 확충에 집중한 결과 당초 목표보다 배 2 이상 초 과 달성했다고 밝혔다 년 월 현재 하남시 소재 국공립어린이집 수 . 2021 12 는 개소다시는 공보육 강화와 보육서비스 품질개선을 위해 54 . 년부터 2018 년까지 국공립어린이집 추가 설립에 집중해 왔다그 결과 2021 . 하남시 국공 립어린이집 수가 년 개소에서 년 월 현재 개소로 2018 9 2021 12 54 크게 늘었 다 이에 따라 하남시 국공립어린이집 설치비율은 경기도 전체 평균인 . 보다 포인트 높은 에 달한다 12% 9.5% 21.5% . 아시아태평양학습도시연맹 명예의 전당 헌정도시선정 ‘ ’ ⑦ 아시아태평양학습도시연맹이하 으로부터",promise_date,2018,year,rail,district,medium,verified,83개 PDF 전수 추출에서 생성된 AI 초안; 사람 확인 전 지표 확정 금지,PDF-108-promise_date,PDF-108-promise_date,3G_forward,,pdf,2018-12-31,2018-01-01,2018-12-31,하남선(5호선 연장);강동하남남양주선;송파하남선,목표,LOCAL_FILE,404094,data/staged/pdf_text/ec903ff08af3f81b601966e19ded4bbc7ec874605458f51aa9d213ffc322d3aa.txt,Y,1.000,,,False,1,,,,,,,,,,,,,PDF p.3,promise,agent_draft,local_pdf_sha256_text_extract,2026-09-02T18:18:06+09:00,PDF-108,"data/raw/evidence/하남시, 2021년 ‘빛나는 하남’ 10대 뉴스 선정.pdf",ec903ff08af3f81b601966e19ded4bbc7ec874605458f51aa9d213ffc322d3aa,title_development_event,0.727,new_or_weak_match,success,5,4840,,,,,,,TRUE,parkd,2026-09-02T19:38:00+09:00,A1B1C1D1E1,,,,,,
SRC-PDF-108-PROM-3,남양주 왕숙,official_pdf,"하남시, 2021년 ‘빛나는 하남’ 10대 뉴스 선정",국토교통부,2021-12-29,2026-09-02T18:18:06+09:00,,"data/raw/evidence/하남시, 2021년 ‘빛나는 하남’ 10대 뉴스 선정.pdf",ec903ff08af3f81b601966e19ded4bbc7ec874605458f51aa9d213ffc322d3aa,PDF p.3,"남시에 개 공공도서관이 새로 . 2 생기 고최장수 도서관 곳이 리모델링 공사를 시작했다 , 1 . 아이키우기 좋은 도시국공립어린이집 개소로 크게 늘어 ‘ ’ 54 ⑥ 아이키우기 좋은 도시로 하남시가 급부상하고 있다 ‘ ’ . 시는 공보육 강화를 위해 신규 국공립어린이집 확충에 집중한 결과 당초 목표보다 배 2 이상 초 과 달성했다고 밝혔다 년 월 현재 하남시 소재 국공립어린이집 수 . 2021 12 는 개소다시는 공보육 강화와 보육서비스 품질개선을 위해 54 . 년부터 2018 년까지 국공립어린이집 추가 설립에 집중해 왔다그 결과 2021 . 하남시 국공 립어린이집 수가 년 개소에서 년 월 현재 개소로 2018 9 2021 12 54 크게 늘었 다 이에 따라 하남시 국공립어린이집 설치비율은 경기도 전체 평균인 . 보다 포인트 높은 에 달한다 12% 9.5% 21.5% . 아시아태평양학습도시연맹 명예의 전당 헌정도시선정 ‘ ’ ⑦ 아시아태평양학습도시연맹이하 으로부터",promise_date,2018,year,rail,district,medium,verified,83개 PDF 전수 추출에서 생성된 AI 초안; 사람 확인 전 지표 확정 금지,PDF-108-promise_date,PDF-108-promise_date,3G_forward,,pdf,2018-12-31,2018-01-01,2018-12-31,하남선(5호선 연장);강동하남남양주선;송파하남선,목표,LOCAL_FILE,404094,data/staged/pdf_text/ec903ff08af3f81b601966e19ded4bbc7ec874605458f51aa9d213ffc322d3aa.txt,Y,1.000,,,False,1,,,,,,,,,,,,,PDF p.3,promise,agent_draft,local_pdf_sha256_text_extract,2026-09-02T18:18:06+09:00,PDF-108,"data/raw/evidence/하남시, 2021년 ‘빛나는 하남’ 10대 뉴스 선정.pdf",ec903ff08af3f81b601966e19ded4bbc7ec874605458f51aa9d213ffc322d3aa,title_development_event,0.727,new_or_weak_match,success,5,4840,,,,,,,TRUE,parkd,2026-09-02T19:38:00+09:00,A1B1C1D1E1,,,,,,
SRC-PDF-109-ACTU-1,위례,official_pdf,"하남시, 미사순환 마을버스 노선 개통",하남시,2023-08-25,2026-09-02T18:18:06+09:00,,"data/raw/evidence/하남시, 미사순환 마을버스 노선 개통.pdf",35c0ffd16b7581c3888e2559c2e9d9d71dc598c9243d1ff23162619533ae7729,PDF p.1,"작성자 총괄관리자 작성일 2023-08-25 조회수 1,312 첨부파일 경기도교통정보센터 교통소식 [하남시청] 하남시, 위례복정역·미사순환 마을버스 신규 개통… 마을버스 준공영제 노선 첫 시동 하남시, 위례복정역·미사순환 마을버스 신규 개통… 마을버스 준공영제 노선 첫 시동 ○ 위례-01번, 위례신도시와 8호선·수인분당선 환승역인 복정역을 연계 하는 노선 ○ 미사-01번, 미사강변도시 공동주택과 미사역·황산사거리 등 거점 연계 순환노선 등록일 : 2023-08-15 하남시(시장 이현재)가 위례복정역 마을버스와 미사순환 마을버스 개 통식을 차례로 열며 대중교통 편의성을 한층 더 강화했다. 24일 하남시에 따르면 시는 지난 22일과 23일, 지역주민들이 참석한 가운데 마을버스 준공영제 노선인 위례복정역(위례-01번) 마을버스와 미사순환(미사-01번) 마을버스 개통식을 진행했다. 먼저 22일 진행된 위례복정역 마을버스 개통식에는 하남시의회 의원 홈  참여마당  교통소식 교통정보 버스정보 교통DB 참여마당 센터소",basic_service,2023-08-15,day,,district,medium,verified,"83개 PDF 전수 추출에서 생성된 AI 초안; 사람 확인 전 지표 확정 금지; 마을버스 신규 개통 - 위례선 트램 canon과 다른 축, basic_service로 재분류",PDF-109-actual_operation,PDF-109-actual_operation,2G_historical,,pdf,2023-08-15,2023-08-15,2023-08-15,,,LOCAL_FILE,1600582,data/staged/pdf_text/35c0ffd16b7581c3888e2559c2e9d9d71dc598c9243d1ff23162619533ae7729.txt,Y,1.000,,,False,1,,,,,,,,,,,,,PDF p.1,gap_end,agent_draft,local_pdf_sha256_text_extract,2026-09-02T18:18:06+09:00,PDF-109,"data/raw/evidence/하남시, 미사순환 마을버스 노선 개통.pdf",35c0ffd16b7581c3888e2559c2e9d9d71dc598c9243d1ff23162619533ae7729,title_development_event,1.0,new_or_weak_match,success,4,2507,,,,,,,TRUE,parkd,2026-09-02T19:38:00+09:00,A1B1C1D1E1,,,,,,
SRC-PDF-109-ACTU-2,하남 미사,official_pdf,"하남시, 미사순환 마을버스 노선 개통",하남시,2023-08-25,2026-09-02T18:18:06+09:00,,"data/raw/evidence/하남시, 미사순환 마을버스 노선 개통.pdf",35c0ffd16b7581c3888e2559c2e9d9d71dc598c9243d1ff23162619533ae7729,PDF p.1,"작성자 총괄관리자 작성일 2023-08-25 조회수 1,312 첨부파일 경기도교통정보센터 교통소식 [하남시청] 하남시, 위례복정역·미사순환 마을버스 신규 개통… 마을버스 준공영제 노선 첫 시동 하남시, 위례복정역·미사순환 마을버스 신규 개통… 마을버스 준공영제 노선 첫 시동 ○ 위례-01번, 위례신도시와 8호선·수인분당선 환승역인 복정역을 연계 하는 노선 ○ 미사-01번, 미사강변도시 공동주택과 미사역·황산사거리 등 거점 연계 순환노선 등록일 : 2023-08-15 하남시(시장 이현재)가 위례복정역 마을버스와 미사순환 마을버스 개 통식을 차례로 열며 대중교통 편의성을 한층 더 강화했다. 24일 하남시에 따르면 시는 지난 22일과 23일, 지역주민들이 참석한 가운데 마을버스 준공영제 노선인 위례복정역(위례-01번) 마을버스와 미사순환(미사-01번) 마을버스 개통식을 진행했다. 먼저 22일 진행된 위례복정역 마을버스 개통식에는 하남시의회 의원 홈  참여마당  교통소식 교통정보 버스정보 교통DB 참여마당 센터소",actual_operation,2023-08-15,day,,district,medium,verified,83개 PDF 전수 추출에서 생성된 AI 초안; 사람 확인 전 지표 확정 금지,PDF-109-actual_operation,PDF-109-actual_operation,2G_historical,,pdf,2023-08-15,2023-08-15,2023-08-15,,,LOCAL_FILE,1600582,data/staged/pdf_text/35c0ffd16b7581c3888e2559c2e9d9d71dc598c9243d1ff23162619533ae7729.txt,Y,1.000,,,False,1,,,,,,,,,,,,,PDF p.1,gap_end,agent_draft,local_pdf_sha256_text_extract,2026-09-02T18:18:06+09:00,PDF-109,"data/raw/evidence/하남시, 미사순환 마을버스 노선 개통.pdf",35c0ffd16b7581c3888e2559c2e9d9d71dc598c9243d1ff23162619533ae7729,title_development_event,1.0,new_or_weak_match,success,4,2507,,,,,,,TRUE,parkd,2026-09-02T19:38:00+09:00,A1B1C1D1E1,,,,,,
SRC-PDF-011-DOC,인천 계양,context_pdf,(정정공고)인천계양A3블록단지내상가분양공고문(게시용),한국토지주택공사,,2026-09-02T18:18:06+09:00,https://apply.lh.or.kr/lhapply/lhFile.do?fileid=67654114,data/raw/evidence/(정정공고)인천계양A3블록단지내상가분양공고문(게시용).pdf,5f2a920d6c4eef88fda95d7fd9fb6692d4f8aed29368d2e5a968886069317666,,,,,,,,,rejected,83개 PDF 전수 인벤토리에는 포함하되 7개 목표 이벤트 직접 증거에서는 제외,,,,,pdf,,,,,,,,,,,,commercial_notice_out_of_scope,,,,,,,,,,,,,,,,context_only,agent_draft,local_pdf_sha256_text_extract,2026-09-02T18:18:06+09:00,PDF-011,data/raw/evidence/(정정공고)인천계양A3블록단지내상가분양공고문(게시용).pdf,5f2a920d6c4eef88fda95d7fd9fb6692d4f8aed29368d2e5a968886069317666,,,context_or_out_of_scope,success,15,21469,,,,,,,,,,,,,,,,
SRC-PDF-046-DOC,김포 한강;하남 미사;하남 교산,context_pdf,2025-12_2035년_김포도시기본계획_변경_주요내용,김포시,,2026-09-02T18:18:06+09:00,https://www.gimpo.go.kr/site/portal/images/contents/cts7619_file01_202512.pdf,data/raw/evidence/documents/김포 한강/2025-12_2035년_김포도시기본계획_변경_주요내용.pdf,0fe071799169540ddae02383e3dcd67457b752ddf6d52e1f0881c4811e3aa8c1,,,,,,,,,rejected,83개 PDF 전수 인벤토리에는 포함하되 7개 목표 이벤트 직접 증거에서는 제외,,,,,pdf,,,,,,,,,,,,no_target_event_detected,,,,,,,,,,,,,,,,context_only,agent_draft,local_pdf_sha256_text_extract,2026-09-02T18:18:06+09:00,PDF-046,data/raw/evidence/documents/김포 한강/2025-12_2035년_김포도시기본계획_변경_주요내용.pdf,0fe071799169540ddae02383e3dcd67457b752ddf6d52e1f0881c4811e3aa8c1,,,context_or_out_of_scope,success,349,278573,,,,,,,,,,,,,,,,
SRC-PDF-053-DOC,화성 동탄2,context_pdf,E1-B01,국토교통부,2022-10-02,2026-09-02T18:18:06+09:00,https://www.molit.go.kr/portal/common/download/DownloadMltm2.jsp?FilePath=/upload/portal/DextUpload/202210/20221026_094014_110.hwpx&FileName=221026(%EC%84%9D%EA%B0%84)_%EC%88%98%EC%9B%90_%ED%98%B8%EB%A7%A4%EC%8B%A4_%ED%99%94%EC%84%B1_%EB%8F%99%ED%83%842_%EA%B4%91%EC%97%AD%EA%B5%90%ED%86%B5%ED%8A%B9%EB%B3%84%EB%8C%80%EC%B1%85_%EB%B0%9C%ED%91%9C(%EA%B4%91%EC%97%AD%EA%B5%90%ED%86%B5%EC%A0%95%EC%B1%85%EA%B3%BC).hwpx,data/raw/evidence/refetched/E1-B01.pdf,ee97d54c55cef1585e0d54df1a891d04e68b3dbdc1c8fcde9b4cbc7ef7087556,,,,,,,,,rejected,83개 PDF 전수 인벤토리에는 포함하되 7개 목표 이벤트 직접 증거에서는 제외,,,,,pdf,,,,,,,,,,,,no_target_event_detected,,,,,,,,,,,,,,,,context_only,agent_draft,local_pdf_sha256_text_extract,2026-09-02T18:18:06+09:00,PDF-053,data/raw/evidence/refetched/E1-B01.pdf,ee97d54c55cef1585e0d54df1a891d04e68b3dbdc1c8fcde9b4cbc7ef7087556,,,context_or_out_of_scope,success,9,8770,,,,,,,,,,,,,,,,
SRC-PDF-058-DOC,위례;남양주 왕숙;하남 교산;고양 창릉,context_pdf,E1-B09,국토교통부,2020-05-02,2026-09-02T18:18:06+09:00,https://www.molit.go.kr/mta/USR/N0201/m_36770/dtl.jsp?id=95083918&lcmspage=88,data/raw/evidence/refetched/E1-B09.pdf,bc80d2e3ee3dadbec345a636c7840673b07f8bc9da12f3a14d21a33c94ed5d33,,,,,,,,,rejected,83개 PDF 전수 인벤토리에는 포함하되 7개 목표 이벤트 직접 증거에서는 제외,,,,,pdf,,,,,,,,,,,,no_target_event_detected,,,,,,,,,,,,,,,,context_only,agent_draft,local_pdf_sha256_text_extract,2026-09-02T18:18:06+09:00,PDF-058,data/raw/evidence/refetched/E1-B09.pdf,bc80d2e3ee3dadbec345a636c7840673b07f8bc9da12f3a14d21a33c94ed5d33,,,context_or_out_of_scope,success,6,3444,,,,,,,,,,,,,,,,
SRC-PDF-081-DOC,남양주 다산,context_pdf,다산신도시 상업ㆍ주유소용지 공급공고,경기주택도시공사,2018-03-01,2026-09-02T18:18:06+09:00,https://buy.gh.or.kr/land/svc/announce/land_announce_html.jsp?strFile=00586_201802271541281.jsp,data/raw/evidence/다산신도시 상업ㆍ주유소용지 공급공고.pdf,21afbf75fd6243f1e1b87d13d67fdab22fb686efa11024477c8f375e79286055,,,,,,,,,rejected,83개 PDF 전수 인벤토리에는 포함하되 7개 목표 이벤트 직접 증거에서는 제외,,,,,pdf,,,,,,,,,,,,no_target_event_detected,,,,,,,,,,,,,,,,context_only,agent_draft,local_pdf_sha256_text_extract,2026-09-02T18:18:06+09:00,PDF-081,data/raw/evidence/다산신도시 상업ㆍ주유소용지 공급공고.pdf,21afbf75fd6243f1e1b87d13d67fdab22fb686efa11024477c8f375e79286055,,,context_or_out_of_scope,success,11,20965,,,,,,,,,,,,,,,,
SRC-PDF-083-DOC,위례,context_pdf,"달려간다,미사위례신도시 대중교통",하남시,2015-07-02,2026-09-02T18:18:06+09:00,https://www.hanam.go.kr/common/print.jsp?siteId=sosik&title=%EB%B3%B4%EB%8F%84%EC%9E%90%EB%A3%8C,"data/raw/evidence/달려간다,미사위례신도시 대중교통.pdf",083f8f6b7c56a257a98f0d1266285c1d0f002be24c227c16f382d5bcdd3f1386,,,,,,,,,rejected,83개 PDF 전수 인벤토리에는 포함하되 7개 목표 이벤트 직접 증거에서는 제외,,,,,pdf,,,,,,,,,,,,no_target_event_detected,,,,,,,,,,,,,,,,context_only,agent_draft,local_pdf_sha256_text_extract,2026-09-02T18:18:06+09:00,PDF-083,"data/raw/evidence/달려간다,미사위례신도시 대중교통.pdf",083f8f6b7c56a257a98f0d1266285c1d0f002be24c227c16f382d5bcdd3f1386,,,context_or_out_of_scope,success,1,546,,,,,,,,,,,,,,,,
SRC-PDF-100-DOC,김포 한강,context_pdf,제259회 제1차 본회의(2011.05.03. 화요일) _ 경기도의회 회의록 _ 경기도의회,경기도,2011-05-03,2026-09-02T18:18:06+09:00,https://kms.ggc.go.kr/html/mntsPrint.html,data/raw/evidence/제259회 제1차 본회의(2011.05.03. 화요일) _ 경기도의회 회의록 _ 경기도의회.pdf,a7dd2379b5b5c8ef62f841f11759dc858b2f3a120b4f0f27f9ff50b737a17289,,,,,,,,,rejected,83개 PDF 전수 인벤토리에는 포함하되 7개 목표 이벤트 직접 증거에서는 제외,,,,,pdf,,,,,,,,,,,,context_only_requires_manual_scope_review,,,,,,,,,,,,,,,,context_only,agent_draft,local_pdf_sha256_text_extract,2026-09-02T18:18:06+09:00,PDF-100,data/raw/evidence/제259회 제1차 본회의(2011.05.03. 화요일) _ 경기도의회 회의록 _ 경기도의회.pdf,a7dd2379b5b5c8ef62f841f11759dc858b2f3a120b4f0f27f9ff50b737a17289,,,context_or_out_of_scope,success,11,15525,,,,,,,,,,,,,,,,
SRC-PDF-101-DOC,,context_pdf,제312회 제2차 기획재정위원회(2016.07.18. 월요일) _ 경기도의회 회의록 _ 경기도의회,경기도,2016-07-01,2026-09-02T18:18:06+09:00,https://kms.ggc.go.kr/html/mntsPrint.html,data/raw/evidence/제312회 제2차 기획재정위원회(2016.07.18. 월요일) _ 경기도의회 회의록 _ 경기도의회.pdf,662cae34a3c8e14374c392303378b0ba439c99f3c2adc01123332b85f12a931f,,,,,,,,,rejected,83개 PDF 전수 인벤토리에는 포함하되 7개 목표 이벤트 직접 증거에서는 제외,,,,,pdf,,,,,,,,,,,,context_only_requires_manual_scope_review,,,,,,,,,,,,,,,,context_only,agent_draft,local_pdf_sha256_text_extract,2026-09-02T18:18:06+09:00,PDF-101,data/raw/evidence/제312회 제2차 기획재정위원회(2016.07.18. 월요일) _ 경기도의회 회의록 _ 경기도의회.pdf,662cae34a3c8e14374c392303378b0ba439c99f3c2adc01123332b85f12a931f,,,context_or_out_of_scope,success,91,149128,,,,,,,,,,,,,,,,
SRC-PDF-104-DOC,하남 미사;하남 교산,context_pdf,청정하남-10월호-최종 단면-저해상,하남시,2023-10-01,2026-09-02T18:18:06+09:00,https://www.hanam.go.kr/DATA/newsletter/3223/20230920035612209_qnT7.pdf,data/raw/evidence/청정하남-10월호-최종 단면-저해상.pdf,f7d1029283830f3ac7dfd255ec4b2f248fd38cb22aa444baaff4f759b04d80d0,,,,,,,,,rejected,83개 PDF 전수 인벤토리에는 포함하되 7개 목표 이벤트 직접 증거에서는 제외,,,,,pdf,,,,,,,,,,,,newsletter_context_only,,,,,,,,,,,,,,,,context_only,agent_draft,local_pdf_sha256_text_extract,2026-09-02T18:18:06+09:00,PDF-104,data/raw/evidence/청정하남-10월호-최종 단면-저해상.pdf,f7d1029283830f3ac7dfd255ec4b2f248fd38cb22aa444baaff4f759b04d80d0,,,context_or_out_of_scope,success,52,37943,,,,,,,,,,,,,,,,
SRC-PDF-110-DOC,김포 한강;인천 계양;부천 대장,context_pdf,홈_열린시장실_의견공감 _ 인천은 소통이 가득,국토교통부,2026-06-09,2026-09-02T18:18:06+09:00,https://www.incheon.go.kr/cool/COOL010501/view?petitSn=2048913,data/raw/evidence/홈_열린시장실_의견공감 _ 인천은 소통이 가득.pdf,2a3f750b161fd40b3fe721027885cc698b4e8456e20cc2ded266c64a03eb85ca,,,,,,,,,rejected,83개 PDF 전수 인벤토리에는 포함하되 7개 목표 이벤트 직접 증거에서는 제외,,,,,pdf,,,,,,,,,,,,context_only_requires_manual_scope_review,,,,,,,,,,,,,,,,context_only,agent_draft,local_pdf_sha256_text_extract,2026-09-02T18:18:06+09:00,PDF-110,data/raw/evidence/홈_열린시장실_의견공감 _ 인천은 소통이 가득.pdf,2a3f750b161fd40b3fe721027885cc698b4e8456e20cc2ded266c64a03eb85ca,,,context_or_out_of_scope,success,6,4897,,,,,,,,,,,,,,,,
SRC-E1-A10-A25,하남 미사,공공기관 공고,미사강변도시 A25블록 10년 공공임대주택리츠 입주자 모집,NHF제6호및제7호공공임대위탁관리부동산투자회사,2016-07-01,2026-09-02T18:00:00+09:00,https://www.myhome.go.kr/hws/portal/sch/selectRsdtRcritNtcDetailView.do?pblancId=920,data/raw/evidence/미사강변도시 A25블록 10년 공공임대주택리츠 입주자 모집.pdf,90fcc484062c53afba4d33beaa9b5e0e5027ca7eea745254829727621b4dea52,LH myhome A25블록 공고 PDF p.1 > 최초 입주 시기 항목,최초 입주 시기 2018년 10월 (하남미사 A25블록),occupancy_planned_block,2018-10,month,,block,high,verified,A24와 A25의 최초 입주시기가 달라 블록별 레코드로 분리,A10,E1-A10-A25,2G_historical,,pdf,2018-10-31,2018-10-01,2018-10-31,,이 주택의 입주자모집공고일은 2016.7.1(금),200,164613,data/staged/pdf_text/90fcc484062c53afba4d33beaa9b5e0e5027ca7eea745254829727621b4dea52.txt,Y_NORMALIZED,0.98,,,FALSE,1,,A25,v1,superseded,,,,,,,,,입주자모집공고/공급정보의 입주예정일,planned_block,unverified,ai_extraction_pending_human_page_check,,,data/raw/evidence/미사강변도시 A25블록 10년 공공임대주택리츠 입주자 모집.pdf,90fcc484062c53afba4d33beaa9b5e0e5027ca7eea745254829727621b4dea52,,,,,,,myhome A25블록 PDF 추출 txt,,,,,,TRUE,parkd,2026-09-02T20:22:00+09:00,A1B1C1D1E1,,,,https://m.cafe.daum.net/apt3456/QdJA/3363,,
SRC-E2-C09-S3,고양 창릉,공공기관 공고,고양창릉 S-3블록 공공분양주택 입주자모집공고,LH,2026-06-30,2026-09-02T18:00:00+09:00,https://apply.lh.or.kr/lhapply/lhFile.do?fileid=67677223,data/raw/evidence/(정정)(정정)고양창릉S-3블록입주자모집공고문.pdf,35fef79a31d18fdeecb52bc6a15e08811e6857245dbd14d220753f3597a10981,LH 고양창릉 S-3블록 공고 PDF p.5 > 입주예정 시기 항목,입주예정 시기는 '30년 2월입니다.,occupancy_planned_block,2030-02,month,,block,high,verified,S-3와 S-4의 입주예정월이 달라 블록별 레코드로 분리,C09,E2-C09-S3,3G_forward,LH 공고 URL 필요,pdf,2030-02-28,2030-02-01,2030-02-28,,입주는 2029년 하반기 예정이다,200,1619270,data/staged/pdf_text/35fef79a31d18fdeecb52bc6a15e08811e6857245dbd14d220753f3597a10981.txt,Y_NORMALIZED,0.98,,,FALSE,1,,S-3,v1,superseded,,https://apply.lh.or.kr/lhapply/lhFile.do?fileid=67715855,,,,,,,입주자모집공고/공급정보의 입주예정일,planned_block,unverified,ai_extraction_pending_human_page_check,,,data/raw/evidence/(정정)(정정)고양창릉S-3블록입주자모집공고문.pdf,35fef79a31d18fdeecb52bc6a15e08811e6857245dbd14d220753f3597a10981,,,,,,,LH 고양창릉 S-3 PDF 추출 txt,,,,,,TRUE,parkd,2026-09-02T20:22:00+09:00,A1B1C1D1E1,,,,,,
