evidence_id,source_id,pdf_id,development,claim_type,event_type,event_date,date_precision,event_date_lower,event_date_upper,mode,line_name,scope,block_name,promise_verb_원문표기,source_url,local_path,sha256,attachment_local_path,attachment_sha256,page_or_section,exact_excerpt,confidence,review_status,day1_qa_pass
EV-E1-A01,SRC-E1-A01,,화성 동탄2,occupancy,occupancy_planned_block,2029년 06월,month,2029-06-01,2029-06-30,,,block,C-27,입주예정일 : 2029년 06월,https://apply.lh.or.kr/lhapply/apply/wt/wrtanc/selectWrtancInfo.do?panId=0000061101&ccrCnntSysDsCd=02&uppAisTpCd=05&aisTpCd=05&mi=1027,data/raw/evidence/documents/화성 동탄2/2026-05-29_화성동탄2_C-27블록_공공분양주택_입주자모집공고.html,8c425455ac503ddd63d6d6a57eab177703472928873e315bffedf97995c2872e,,,공고문 본문; 저장 원문 문맥,"문서뷰어다운로드 한컴오피스 뷰어 __Acrobat Reader __ DWG 뷰어 __ 공고내용 ■ 이 주택의 입주자모집공고일은 2026.05.29.(금)이며, 이는 청약자격(청약신청, 자격조건의 기간, 나이, 세대구성원, 지역우선, 주택소유 등)의 판단기준일이 됩니다. 이 주택의 주택관리번호는 2026000230이며, 공고문은 LH 청약플러스(apply.lh.or.kr) 및 모바일앱에서도 확인하실 수 있습니다. ■ 공급위치 : 경기도 화성시 동탄구 일원 화성동탄2 택지개발사업지구 내 C-27블록 ■ 공급대상 : 공공분양주택 473세대 (전용면적 84㎡ 473세대) - 오피스텔 90호는 향후 별도 공급 예정",high,ai_draft,True
EV-E1-A02,SRC-E1-A02,,화성 동탄2,occupancy,occupancy_planned_block,2029년 06월,month,2029-06-01,2029-06-30,,,block,,입주 예정 시기는 2029년,https://apply.lh.or.kr/lhapply/apply/wt/wrtanc/selectWrtancInfo.do?panId=0000061101&ccrCnntSysDsCd=02&uppAisTpCd=05&aisTpCd=05&mi=1027,data/raw/evidence/refetched/E1-A02.html,483a159ffdcd7600d071b1685f6411f9cbfc6159229dc73d2c118476b8c21b7d,,,LH 청약플러스 모집공고 본문; 입주예정일 항목; 저장 원문 문맥,전용면적(㎡) : 59.63 ~ 84.99 총 세대수 : 473 난방방식 : 지역난방 입주예정일 : 2029년 06월 단지 관련 이미지 정보 다운로드 버튼을 클릭하여 이미지 파일 다운로드가 가능합니다. 상기 이미지는 소비자의 이해를 돕기 위해 제작된 것으로 실제와 다를 수 있습니다.,low,ai_draft,False
EV-E1-A03,SRC-E1-A03,,김포 한강,occupancy,occupancy_planned_block,2020년 06월,month,2020-06-01,2020-06-30,,,block,,입주예정월 : 2020년 06월,https://apply.lh.or.kr/lhapply/apply/wt/wrtanc/selectWrtancInfo.do?panId=0000061106&ccrCnntSysDsCd=02&uppAisTpCd=06&aisTpCd=08&mi=1026,data/raw/evidence/documents/김포 한강/2026-06-19_김포한강_Ac-01a블록_10년_공공임대주택리츠_입주자_모집공고.html,1b2ff982d5fe4cfb4d4ee83f764c717069b1e2c97fd538e2a99a78d88520c0fa,,,공고문 본문; 저장 원문 문맥,* 계약체결기간 : 9999.12.31 ~ 9999.12.31 안내사항 ### 접수처정보 * 소재지 : 경기도 김포시 김포한강4로 129 (장기동) * 전화번호 : 03180485320 * 운영기간 : #### 접수처 관련 위치 정보,high,ai_draft,False
EV-E1-A04,SRC-E1-A04,PDF-076,김포 한강,occupancy,occupancy_planned_block,2017-08,month,2017-08-01,2017-08-31,,,block,Ac-05,입주예정월 : 2020년 06월,https://apply.lh.or.kr/lhapply/apply/wt/wrtanc/selectWrtancInfo.do?panId=0000061160&ccrCnntSysDsCd=02&uppAisTpCd=06&aisTpCd=08&mi=1026,data/raw/evidence/documents/target_refresh_20260902/SRC-E1-A04_2026-09-02.html,dd1eea25a083869bc0080717335818364f5c6e839c8171398874506adedc1b68,data/raw/evidence/김포한강Ac-05블록(센트럴블루힐)10년공공임대주택리츠예비입주자모집공고문(26.08.25).pdf,bff83f4d343364fcf84955d49a59748b9f82b4116f02cfbfb70ca9e5c3ba6b9d,공급정보 > 김포한강Ac-05,입주예정월 : 2017년 08월,high,ai_draft,False
EV-E1-A05,SRC-E1-A05,,위례,occupancy,occupancy_first_planned,2013년말,unknown,,,,,district,,주민입주는 2013년말 경 이루어질 예정이다,https://www.korea.kr/news/policyNewsView.do?newsId=148723111,data/raw/evidence/documents/위례/2011-11-29_위례신도시_보금자리_2949가구_내달_5일부터_본청약.html,0d97e44a94f96b7a2b340bfcb7c3a8364acd7bed754b4c12ace566c1aa71f6c2,,,보도자료 본문; 저장 원문 문맥,__공유 닫기 * __ 공감수 * 댓글수(클릭시 댓글로 이동) # 위례신도시 보금자리 2949가구 내달 5일부터 본청약 ## 분양가 3.3㎡당 1083만원~1280만원…사전예약 추정분양가 수준 유지 2011.11.29 국토해양부 _부처별 뉴스 이동_ _본문듣기_ 시작,high,ai_draft,True
EV-E1-A06,SRC-E1-A06,,위례,occupancy,occupancy_planned_block,2021.8.,month,2021-08-01,2021-08-31,,,block,A1,입주는 2021년 8월 예정이다,https://mediahub.seoul.go.kr/archives/1302679,data/raw/evidence/documents/위례/2020-11-19_위례지구_A1-5BL__A1-12BL_분양주택_입주자_모집.html,9bfb5fd75d138d350deeff3a082f5c7910d568cbe9f2b4d933ea1bab35950a26,,,공고문 본문; 저장 원문 문맥,"* 글자 크기 크게 변경하기 * 글자 크기 작게 변경하기 위례지구 A1-5BL(1,282세대) 조감도 이르면 내년 8월 입주할 수 있는 위례신도시 공공분양 2개 블록의 입주자 모집공고가 나왔습니다. 이번 공급물량은 가격 경쟁력, 풍부한 녹지 공간, 편리한 주거 인프라를 모두 갖춘 단지로 전용면적 60㎡~85㎡ 1,676세대가 대상입니다. 특별분양은 11월 30일~12월 1일, 일반분양은 12월 10일~11일 청약을 접수하며, 코로나19 확산 방지를 위해 인터넷으로만 진행됩니다. ---",high,ai_draft,True
EV-E1-A07,SRC-E1-A07,,남양주 다산,occupancy,occupancy_planned_block,2016년,year,2016-01-01,2016-12-31,,,block,A1,입주예정연도: 2016년,https://www.myhome.go.kr/hws/portal/sch/selectRsdtRcritNtcDetailView.do?pblancId=7766,data/raw/evidence/documents/남양주 다산/2015-08-11_다산신도시_지금지구_A1블록_국민임대주택_입주자모집공고.html,2514f69cab8c2f81040add73d02a37db5347508a5714c2acfa347bfffe0258d4,,,공고문 본문; 저장 원문 문맥,"* 용어사전 * * * 모집완료 다산신도시 지금지구 A1블록 국민임대주택 입주자모집공고 정정사유 * 입주대상 신혼부부, 주거취약계층, 저소득층, 무주택자 * 주택유형 아파트",high,ai_draft,True
EV-E1-A08,SRC-E1-A08,PDF-052,남양주 다산,occupancy,occupancy_planned_block,,unknown,,,,,block,A2,입주예정연도: 2019년,https://www.myhome.go.kr/hws/portal/sch/selectRsdtRcritNtcDetailView.do?pblancId=6410,data/raw/evidence/＇25년 상반기 경기행복주택 예비입주자 추가모집 공고.pdf,17e730dc3c2b81cfa2c2e820f79ca45e50b657236b8cb5870235dfbf463083b2,data/raw/evidence/＇25년 상반기 경기행복주택 예비입주자 추가모집 공고.pdf,17e730dc3c2b81cfa2c2e820f79ca45e50b657236b8cb5870235dfbf463083b2,PDF p.35,입주예정 시기는 입주자격심사 종료 후 개별적으로 알려드립니다.,high,ai_draft,False
EV-E1-A09,SRC-E1-A09,,하남 미사,occupancy,occupancy_planned_block,2016.07,month,2016-07-01,2016-07-31,,,block,,입주예정월 : 2016.07,https://apply.lh.or.kr/lhapply/apply/wt/wrtanc/selectWrtancInfo.do?panId=2015122300017628&ccrCnntSysDsCd=03&uppAisTpCd=06&aisTpCd=07&mi=1026,data/raw/evidence/documents/하남 미사/2025-03-14_하남미사17단지_임대주택_입주자모집공고.html,ed89eaafefe6bedf10fbdd14d6ffd26f6db3ea172a6961e787b0659cb092edf4,,,공고문 본문; 저장 원문 문맥,"* 하남미사 A14블록 * 하남미사 13단지 #### 하남미사 17단지 * 소재지 : 경기도 하남시 미사강변서로 167(망월동) 하남미사17단지 * 전용면적(㎡) : 33.81~46.82 * 총 세대수 : 2,180 * 난방방식 : 지역난방",high,ai_draft,False
EV-E1-A10,SRC-E1-A10,,하남 미사,occupancy,occupancy_planned_block,2018-11,month,2018-11-01,2018-11-30,,,block,A24,이 주택의 입주자모집공고일은 2016.7.1(금),https://www.myhome.go.kr/hws/portal/sch/selectRsdtRcritNtcDetailView.do?pblancId=920,data/raw/evidence/미사강변도시 A24블록 10년 공공임대주택리츠 입주자 모집.pdf,fe6a75eea6be0515dd7aae147197495ec4ecbc0e96e953f867d6a3d269c7dcbd,,,PDF p.1,"최초 입주 시기
2018년 11월",high,ai_draft,False
EV-E1-B01,SRC-E1-B01,,화성 동탄2,promise,promise_date,2023년 상반기,half_year,2023-01-01,2023-06-30,express_bus,동탄 서울방면 광역버스,district,,2023년 상반기까지 서울 방면 광역버스 4개 노선 9대를 증차,https://www.molit.go.kr/LCMS/DWN.jsp?fold=koreaNews/mobile/file&fileName=221026%28%EC%84%9D%EA%B0%84%29_%EC%88%98%EC%9B%90_%ED%98%B8%EB%A7%A4%EC%8B%A4_%ED%99%94%EC%84%B1_%EB%8F%99%ED%83%842_%EA%B4%91%EC%97%AD%EA%B5%90%ED%86%B5%ED%8A%B9%EB%B3%84%EB%8C%80%EC%B1%85_%EB%B0%9C%ED%91%9C%28%EA%B4%91%EC%97%AD%EA%B5%90%ED%86%B5%EC%A0%95%EC%B1%85%EA%B3%BC%29.pdf,data/raw/evidence/refetched/E1-B01.pdf,ee97d54c55cef1585e0d54df1a891d04e68b3dbdc1c8fcde9b4cbc7ef7087556,data/raw/evidence/imported/SRC-H003/221026(석간)_수원_호매실_화성_동탄2_광역교통특별대책_발표(광역교통정책과).hwpx,74559c5998f914659f03ac463e5d3dcc84711904e8cf927c4592cff20c181fcb,"첨부 1번, p.1",「수원호매실·화성동탄2 광역교통 특별대책」 발표 2023년 상반기 2023년 상반기까지 서울 방면 광역버스 4개 노선 9대를 증차 동탄 서울방면 광역버스,high,ai_draft,False
EV-E1-B02,SRC-E1-B02,PDF-024,화성 동탄2,promise,promise_date,,unknown,,,multimodal,GTX-A 삼성~동탄; 서울방면 광역버스 특별대책,district,,주민간담회를 개최할 계획이다; 특별 대책을 마련하고 있다,https://www.molit.go.kr/USR/NEWS/m_71/dtl.jsp?id=95086846,data/raw/evidence/220617(조간)_호매실_동탄2_광역교통_개선을_위해_주민의견_듣는다(광역교통정책과).pdf,ea078d9bb489eb228f003f5675c7825a8b6223f409e3dad8375bcf6a9e780378,data/raw/evidence/220617(조간)_호매실_동탄2_광역교통_개선을_위해_주민의견_듣는다(광역교통정책과).pdf,ea078d9bb489eb228f003f5675c7825a8b6223f409e3dad8375bcf6a9e780378,PDF p.1,서울 방면 등에 대한 광역버스 증차,high,rejected,False
EV-E1-B03,SRC-E1-B03,PDF-022,김포 한강,promise,promise_date,2021년 6월,month,2021-06-01,2021-06-30,express_bus,김포한강 광역교통 개선대책,district,,광역교통개선대책 확정,https://www.molit.go.kr/LCMS/DWN.jsp?fold=koreaNews/mobile/file&fileName=210629%2815%EC%8B%9C%EC%9D%B4%ED%9B%84%29%EC%84%9C%EB%B6%80%EA%B6%8C+2%EA%B8%B0+%EC%8B%A0%EB%8F%84%EC%8B%9C+%28%EA%B9%80%ED%8F%AC%ED%95%9C%EA%B0%95_%EC%9D%B8%EC%B2%9C%EA%B2%80%EB%8B%A8%29+%EA%B5%90%ED%86%B5%EA%B0%9C%EC%84%A0+%EB%8C%80%EC%B1%85%28%EA%B4%91%EC%97%AD%EC%8B%9C%EC%84%A4%EC%9A%B4%EC%98%81%EA%B3%BC%29.pdf,data/raw/evidence/210629(15시이후)서부권 2기 신도시 (김포한강_인천검단) 교통개선 대책(광역시설운영과).pdf,f54821ed2da56cc09c6281ab080ed96a84252a1fad9af1fff9c07bb78913eb1f,data/raw/evidence/210629(15시이후)서부권 2기 신도시 (김포한강_인천검단) 교통개선 대책(광역시설운영과).pdf,f54821ed2da56cc09c6281ab080ed96a84252a1fad9af1fff9c07bb78913eb1f,"첨부 1번, p.1","보 도 참 고 자 료 배포일시2021.6.29.(화)/총8매(본문5,참고3)담당부서광역시설운영과담당자∙과장박병석,사무관정재웅∙☎(044)201-5100,5102광역교통정책과담당자∙과장손덕환,서기관양찬윤∙☎(044)201-5045,5046철도정책과담당자∙과장이우제,서기관백승록∙☎(044)201-3938,3940보 도 일 시2021년 6월 29일(화) 15:00 이후부터 보도 가능합니다. 서부권 2기 신도시(김포한강, 인천검단) 교통개선 대책<교통수단연계성고려한종합대책마련,철도망계획등반영>-서부권광역급행장기역∼부천운동장역신설,여의도․용산등직결운행추진-인천2호선통해GTX-A환승연계,강남권까지약30∼40분으로단축-서울5호선연장추가검토,광역버스․BTX․광역도로등확충추진 □국토교통부(장관노형욱)는김포골드라인의높은혼잡도및검단신도시입주(’21.6월~)등으로교통여건개선에대한요구가높았던서부권2기신도시(김포한강신도시,검단신도시)에대해,ㅇ철도․버스․도로등종합적인교통개선대책을마련하고제4차국가철도망구축계획및제4차광역교통시행계획등에반영하기위한관련위원회심의*를추진중이라고밝혔다.*「제4차국가철도망구축계획」은금일‘철도산업위원회’심의완료「제4차광역교통시행계획」은‘대도시권광역교통위원회’심의진행중□서부권2기신도시의교통개선대책은➊철도의접근성향상을우선으로하되,신속하게도입할수있는➋버스의편의성제고와➌도로․환승센터등인프라확대방안을종합하여마련하였다. ➊ 철도 접근성 향상 ◈서부권광",high,ai_draft,True
EV-E1-B04,SRC-E1-B04,PDF-026,김포 한강,promise,promise_date,2022년 11월,month,2022-11-01,2022-11-30,rail,김포한강2 철도 연계대책,district,,김포한강2 콤팩트시티 조성,https://www.molit.go.kr/LCMS/DWN.jsp?fold=koreaNews/mobile/file&fileName=221111%28%EC%84%9D%EA%B0%84%29_%EC%88%98%EB%8F%84%EA%B6%8C_%EC%84%9C%EB%B6%80%EC%A7%80%EC%97%AD%EC%9D%98_%EA%B4%91%EC%97%AD%EA%B5%90%ED%86%B5_%ED%99%95%EC%B6%A9_%EB%93%B1_%EC%A7%80%EC%97%AD%ED%98%84%EC%95%88_%ED%95%B4%EA%B2%B0_%EC%B6%94%EC%A7%84%28%EA%B3%B5%EA%B3%B5%ED%83%9D%EC%A7%80%EC%A1%B0%EC%82%AC%EA%B3%BC%29.pdf,data/raw/evidence/221111(석간)_수도권_서부지역의_광역교통_확충_등_지역현안_해결_추진(공공택지조사과).pdf,d7e578abba3c7c6fe3592dbebdaef288ee0ace8aeb5d4a35909946668e2838f1,data/raw/evidence/221111(석간)_수도권_서부지역의_광역교통_확충_등_지역현안_해결_추진(공공택지조사과).pdf,d7e578abba3c7c6fe3592dbebdaef288ee0ace8aeb5d4a35909946668e2838f1,"첨부 1번, p.1","배포 일시2022. 11.(금)담당 부서공공주택추진단공공택지조사과책임자과 장 박정혁 (044-201-4442)사무관권인혁(044-201-4443)담당자사무관김호숙(044-201-4548)<총괄>대도시권광역교통위원회광역교통정책과책임자과 장 이주열(044-201-5045)담당자서기관정경인(044-201-5046)보도일시2022년 11월 11일(금) 석간부터 보도하여 주시기 바랍니다.※ 통신‧방송‧인터넷은 11. 11.(금) 11:00 이후 보도 가능수도권 서부지역의 광역교통 확충 등 지역현안 해결 추진- 서울5호선ᆞGTX 등과 연계한 김포한강2 콤팩트시티 조성 -□국토교통부(장관 원희룡)는 수도권 서부지역의 대표적인 지역현안 사업으로 꼽혔던 서울5호선 연장 등 광역교통 확충을 본격적으로 추진하여 지역의 심각한 교통난을 근본적으로 해결해나갈 계획이라고 밝혔다.□김포시 등 수도권 서부지역은 그간 서울과 연접한 지리적 이점에도 불구하고 광역교통대책이 부족하여 도시철도 등 대중교통을 활용하여 서울 도심으로 접근하기가 어려운 측면이 있었다. ㅇ김포한강신도시 조성에 따른 광역교통개선대책으로 김포골드라인(양촌 ↔ 김포공항)이 `19년 개통되어 서울로의 접근성이 다소 용이해졌으나, 경전철(2량) 수송력의 한계로 인해 여전히 출근시간대 극심한 혼잡이 발생하고 있다.< ’21년 도시철도 최대혼잡도 상위 5개 노선 및 구간 >노선김포골드라인9호선4호선2호선",high,ai_draft,True
EV-E1-B05,SRC-E1-B05,,위례,promise,promise_date,2025-09,month,2025-09-01,2025-09-30,tram,위례선 트램,corridor,,’25년 9월 개통할 예정이다,https://www.molit.go.kr/mta/USR/N0201/m_36770/dtl.jsp?lcmspage=1&id=95087500,data/raw/evidence/documents/target_refresh_20260902/SRC-E1-B05_2026-09-02.html,e32fe204aa721434cbce9866f87f1abebdb0b8a4b6f6ed5981c0e92cdd3244e6,,,보도자료 본문,’22년 11월 사업을 본격 착공하여 ’25년 9월 개통할 예정이다.,high,rejected,False
EV-E1-B06,SRC-E1-B06,PDF-093,위례,promise,promise_date,2014.5.12,day,2014-05-12,2014-05-12,rail,위례 광역교통개선대책(복수 노선),district,,2014.5.12 광역교통개선대책 변경 확정,https://www.songpa.go.kr/www/contents.do?key=3343&,data/raw/evidence/documents/위례/2022-10-11_위례신도시_광역교통_개선대책.html,d525efe8604cad985bae0ae4894829116ca3a99fb4e9b575ad4734fcf05434eb,data/raw/evidence/송파구청 - 분야별정보 - 주택_도시 - 교통대책 - 위례신도시 광역교통 개선대책.pdf,7e77caac8ab8aadaad63f26fe2d9c7bb2754b437be598bcb82795b95a75c5d21,페이지 본문; 저장 원문 문맥,"* 향후 송파지역은 위례신도시 건설로 인한 발생교통량 12만대와 주변 개발로 인한 22만대를 포함해 총34만대가 순증가되어 전체교통량의 약24%가 늘어나는 등 심각한 교통난을 예고하고 있다. * 특히 송파대로의 경우 외곽순환고속도로와 동부간선도로, 성남대로 등에서 유입되는 수도권동남부의 남북축 교통량이 이미 포화상태다. * 더구나 위례신도시 등 대규모 교통유발사업들이 완료되는 2020년경에는 송파대로와 올림픽로의 교통체증이 더욱 심화될 것이다. * 이에 따라 구는 국토교통부, LH(토지주택공사), 서울시 등 관계기관의 밀도 있는 협의를 통해 위례신도시 개발에 따른 교통혼잡을 완화시키기 위해 동남권유통단지, 문정도시개발지구, 거여마천뉴타운 등 주변 개발여건 등을 종합적으로 반영한 광역 교통개선대책을 2014.5월 최종 확정하였다. * 광역교통개선대책은 도로시설확충 10개 사업, 접속시설개선 4개 사업, 철도시설 3개 사업, 대중교통시설 사업으로 총 21개 사업에 사업비 3조7,648억원이 투입되며 이들 사업들이 정상적으로 완료될 경우 송파지역의 교통 정체는 크게 완화될 것으로 전망된다. #### 교통량 분산을 위한 도로신설 및 확장 * 남북축 간선도로인 송파대로로 유입되는 교통량을 최대한 분산시키기 위해 총10개 노선의 도로를 신설 또는 확장한다.",high,ai_draft,True
EV-E1-B07,SRC-E1-B07,,남양주 다산,promise,promise_date,2020-12-29,day,2020-12-29,2020-12-29,rail,강동하남남양주선,adjacent_corridor,,남양주왕숙 광역교통개선대책 확정,https://www.molit.go.kr/mta/USR/N0201/m_36770/dtl.jsp?lcmspage=2&id=95084988,data/raw/evidence/documents/남양주 다산/2020-12-29_남양주왕숙_고양창릉_신도시_교통대책_확정_.html,773ef92a950674c20a9fb0ee461fea3e5344baeb0c2fb6d8346a5011f0d3c107,,,보도자료 본문; 저장 원문 문맥,"남양주왕숙·고양창릉 신도시 교통대책 확정! 도시철도, GTX 등으로 서울도심 30분대 접근 가능 3기 신도시 등 수도권 주택공급계획 차질 없이 추진 중 공공주택총괄과,공공택지기획과,광역교통정책과 게시일: 2020-12-29 09:24 조회수: 47596 국토교통부는 대도시권광역교통위원회 심의('20.12.4)를 거쳐 남양주왕숙(6만 6천호)과 고양창릉(3만 8천호)의 광역교통개선대책을 확정하였다. 광역교통개선대책은 신도시 조성 및 신규 교통대책 추진에 따른 교통량 변화 등에 대한 교통전문기관 용역, 한국교통연구원(KOTI) 검증, 지방자치단체 협의, 대광위 심의 등을 거쳐 확정되었다.",high,ai_draft,True
EV-E1-B08,SRC-E1-B08,,남양주 다산,promise,promise_date,2024-08-10,day,2024-08-10,2024-08-10,multimodal,별내선; 다산역 연계버스 9개 노선,district,,개통에 맞춰; 9개 노선 변경 및 16대를 증차한다,https://www.korea.kr/news/policyNewsView.do?newsId=148931611,data/raw/evidence/240719(조간)_수도권_동부지역__출퇴근_30분_시대_실현_4.4조원_규모의_철도·도로_사업_본격_추진(광역교통정책과) (1).pdf,c9e00558131c031e6df06cef301f3d81f8c0f0fe4f6eab31b670b0512414feab,data/raw/evidence/documents/target_refresh_20260902/SRC-E1-B08_2026-09-02.html,1d72cd00dd83924f534a60db0f3228ed118a03cc18de266843584d3cef9dda90,PDF p.1,"별내선 개통(8.10)에 맞춰 버스 18개 노선, 34대 증차 등 촘촘한 연계환승체계 구축",high,ai_draft,True
EV-E1-B09,SRC-E1-B09,PDF-017,하남 미사,promise,promise_date,2020-05-21,day,2020-05-21,2020-05-21,rail,송파하남선,adjacent_corridor,,하남교산 신도시 광역교통개선대책 확정,https://www.molit.go.kr/LCMS/DWN.jsp?fold=koreaNews/mobile/file&fileName=200521%2814%EC%8B%9C%EC%9D%B4%ED%9B%84%29+%ED%95%98%EB%82%A8%EA%B5%90%EC%82%B0+%EC%8B%A0%EB%8F%84%EC%8B%9C_%EA%B3%BC%EC%B2%9C%EC%A7%80%EA%B5%AC+%EA%B4%91%EC%97%AD%EA%B5%90%ED%86%B5%EA%B0%9C%EC%84%A0%EB%8C%80%EC%B1%85+%ED%99%95%EC%A0%95%28%EA%B3%B5%EA%B3%B5%ED%83%9D%EC%A7%80%EA%B8%B0%ED%9A%8D%EA%B3%BC%29.pdf,data/raw/evidence/refetched/E1-B09.pdf,bc80d2e3ee3dadbec345a636c7840673b07f8bc9da12f3a14d21a33c94ed5d33,data/raw/evidence/200521(14시이후) 하남교산 신도시_과천지구 광역교통개선대책 확정(공공택지기획과).pdf,fb08785a7962ad8088d930c4598ac1d095187eb34f7a52ea2b675bb0f5fc72cc,"첨부 1번, p.1","배포일시2020.5.21(목)/총6매(본문6)담당부서공공택지기획과담당자∙과장 김승범,사무관 하태아,주무관 유경석∙☎ (044)201-4505,4526,3356광역교통정책과∙과장 손덕환,사무관 김인규,주무관 양은혜∙☎ (044)201-5045,5056,5057보 도 일 시2020년 05월 22일(금) 조간부터 보도하여 주시기 바랍니다.※ 통신‧방송‧인터넷은 5월 21일(목) 14:00 이후 보도 가능하남교산 신도시, 과천지구 광역교통개선대책 확정- 지하철, 환승센터 등을 통해 서울 도심 30분대 접근 가능한 교통대책 완비 -□국토교통부(장관 김현미)는 대도시권광역교통위원회(위원장 최기주)심의(‘20.5.8)를 거쳐 하남교산 3기 신도시(3만 2천호)와 과천지구(7천호)광역교통개선대책을 확정하였다.ㅇ광역교통개선대책은 신도시 조성 및 신규 교통대책 추진에 따른 교통량변화 등에 대한 교통전문기관 용역,한국교통연구원(KOTI)검증,지방자치단체 협의,위원회 심의등을 거쳐 확정되었다.□3기 신도시 광역교통개선대책은잠실․강남 등 서울 도심까지 30분내 출퇴근이 가능하도록지하철 등 대중교통 투자를 확대하고,지구지정부터 대책확정까지 15개월 이상 소요되던 기간을대폭 단축하였다.사업추진 과정에서 시행착오를 최소화하기 위해 지방자치단체와 사업계획을 함께 수립하여 광역교통시설의 적기 준공을 도모하였다.ㅇ또한,지하철 개통 전 입주 초기에 입주민들의 교통 불편",high,ai_draft,True
EV-E1-B10,SRC-E1-B10,PDF-106,하남 미사,promise,promise_date,,unknown,,,road,천호대로 지하차도 변경 검토,corridor,,결정할 계획,https://www.korea.kr/briefing/policyBriefingView.do?newsId=148775695,data/raw/evidence/documents/target_refresh_20260902/SRC-E1-B10_2026-09-02.html,1929aa409048a60bb18bcd573aa1d833e8f5288a2dc71c67de384878e9c0e983,"data/raw/evidence/하남미사지구 광역교통개선대책 변경, 확정된 바 없어.pdf",8c8756bf0041e944a8ce2c1e3d1d8e3aa16e34722cd7c5643a68f09fb3e5a5d9,보도자료 본문; 저장 원문 문맥,하남미사지구 광역교통개선대책 변경은 현재까지 방침이 확정된 바 없으며 전문가의 충분한 검토를 거쳐 결정할 계획이라고 밝혔다.,high,rejected,False
EV-E1-C01,SRC-E1-C01,PDF-111,화성 동탄2,operation,actual_operation,2023-02-01,day,2023-02-01,2023-02-01,express_bus,8840번 동탄~김포공항 공항버스,corridor,,2월 1일 운행을 시작,,data/raw/evidence/화성 동탄신도시∼김포공항 버스 노선 내달 1일부터 운행 _ 연합뉴스.pdf,e8f57f80285b5bdd4a7c065b26e86816a49adf47b0621eb892b91b0ed574c58a,data/raw/evidence/화성 동탄신도시∼김포공항 버스 노선 내달 1일부터 운행 _ 연합뉴스.pdf,e8f57f80285b5bdd4a7c065b26e86816a49adf47b0621eb892b91b0ed574c58a,PDF p.1,경기 화성 동탄신도시에서 김포공항을 연결하는 8840번 공항버스가 내달 1일 운행을 시작한다.,medium,rejected,False
EV-E1-C02,SRC-E1-C02,,화성 동탄2,operation,actual_operation,2023-02-01,day,2023-02-01,2023-02-01,express_bus,8840번 동탄~김포공항 공항버스,corridor,,2월 1일부터 운행,,data/raw/evidence/화성 동탄신도시∼김포공항 버스 노선 내달 1일부터 운행 _ 연합뉴스.pdf,e8f57f80285b5bdd4a7c065b26e86816a49adf47b0621eb892b91b0ed574c58a,,,PDF p.1,경기 화성 동탄신도시에서 김포공항을 연결하는 8840번 공항버스가 내달 1일 운행을 시작한다.,medium,rejected,False
EV-E1-C03,SRC-E1-C03,PDF-035,김포 한강,operation,actual_operation,2024-01-02,day,2024-01-02,2024-01-02,express_bus,,corridor,,2024년 1월 2일부터 일부 노선 통합 및 폐지,https://www.hanam.go.kr/www/contents.do?key=3262,data/raw/evidence/documents/김포 한강/2024-01-02_8849번_하남-미사-김포_인천공항__운행시간_정보.html,08bd470d778e7846c46e553e410cfe82112162b8754acb030315bc5e98978d3c,"data/raw/evidence/8849번(하남-미사-김포,인천공항) - 하남시청.pdf",7ffd1f81084ea1df1f970a4b81c950d8c381769be3c0f1ef2ab578354b184249,공지 본문; 저장 원문 문맥,"* 6200번(황산사거리-인천공항) * 5500번(감일문화공원- 인천공항) ### 공항버스 8849번 운행시간 안내 BRT환승센터에서 출발하여 김포공항, 인천공항(T1, T2)으로 운행되고 있는 8849번 운행시간 정보합니다. 강조 문 의 처 : BRT환승센터 031-8027-3911 [시행일자 : 2026년 4월 11일 (토)] 공항버스(8849번) 운행시간표 - 순,하남BRT,하남시청,하남시청역·덕풍시장,풍경채1단지·덕풍중학교,미사역,미사강변2차푸르지오·센트리버,김포공항,인천공항(T1),인천공항(T2), 비고순으로 정보 제공 **순번** | **하남BRT",high,ai_draft,False
EV-E1-C04,SRC-E1-C04,,김포 한강,operation,actual_operation,2023-02-01,day,2023-02-01,2023-02-01,express_bus,8840번 동탄~김포공항 공항버스,corridor,,2월 1일 운행을 시작,,data/raw/evidence/화성 동탄신도시∼김포공항 버스 노선 내달 1일부터 운행 _ 연합뉴스.pdf,e8f57f80285b5bdd4a7c065b26e86816a49adf47b0621eb892b91b0ed574c58a,,,PDF p.1,경기 화성 동탄신도시에서 김포공항을 연결하는 8840번 공항버스가 내달 1일 운행을 시작한다.,medium,rejected,False
EV-E1-C05,SRC-E1-C05,,위례,promise,promise_date,2025년 9월,month,2025-09-01,2025-09-30,tram,위례선 트램,district,,’25년 9월 개통할 예정,https://www.molit.go.kr/mta/USR/N0201/m_36770/dtl.jsp?lcmspage=1&id=95087500,data/raw/evidence/documents/위례/2022-11-28_대광위__28일_위례선_도시철도사업_사업계획_승인_착공__25년_개통.html,22dc29dedf04c77cb34775024aa5ad13c497e6c8416d7583bf027987b632af64,data/raw/evidence/imported/SRC-E1-C05/221128(석간)_위례신도시_노면전차_사업으로_교통이_편리해진다(광역시설정책과).hwpx,19d89d604a33493888484f1c76c7edb44f94aa15df511e02e3395ba6666ee11e,HWPX section0 본문,사업시행자인 서울특별시에서 ’22년 11월 사업을 본격 착공하여 ’25년 9월 개통할 예정이다.,high,ai_draft,True
EV-E1-C06,SRC-E1-C06,PDF-034,위례,promise,promise_date,2026년 말,month,2026-12-01,2026-12-31,tram,위례선 트램,district,,올해 말 개통을 목표,https://www.molit.go.kr/USR/NEWS/dtl.jsp?lcmspage=15&id=95091747,data/raw/evidence/documents/위례/2026-02-26_김용석_대광위원장__위례신도시_광역교통개선대책_점검.html,9d33b78322fa981272be62037cfae20837fac617fddb71188aaa84ba0a2b9959,data/raw/evidence/imported/SRC-E1-C06/260226(동정) 김용석 대광위원장 위례신도시 광역교통개선대책 점검(광역교통정책과).hwpx;data/raw/evidence/260226(동정) 김용석 대광위원장 위례신도시 광역교통개선대책 점검(광역교통정책과).pdf,6245af210bae8bf40c565532b0aaf7459419510e135d4f5bae17076657055179;dbf2922f167bc6ed4a6e634ca45cd33925611b91d3696fffa35e4263bd88d3ad,HWPX section0 본문,"본선 시운전을 통해 안전성, 주행 성능 등을 종합 검증 중이며, 이를 토대로 올해 말 개통을 목표로 하고 있다.",low,ai_draft,False
EV-E1-C07,SRC-E1-C07,,남양주 다산,operation,actual_operation,2024.07.13.,day,2024-07-13,2024-07-13,bus,다산역 연계버스 5개 노선,corridor,,노선변경예정일: 2024.07.13.(토) 첫차부터,https://www.nyj.go.kr/www/selectBbsNttView.do?key=2481&bbsNo=62&nttNo=482937,data/raw/evidence/documents/남양주 다산/2024-07-03_다산역_개통에_따른_버스노선_변경_알림.html,a6d4837d85331f74a95b9c531d00a4408cda460dd10a7dbd2df4eed29ca65a66,,,공지 본문; 저장 원문 문맥,"_담당부서_ 버스노선팀 _작성일_ 2024-07-03 14:01:08 _조회수_ 8,658 다산역 개통대비 다산역 인근 버스노선을 붙임과 같이 원복 및 변경하고자 하니 버스이용에 참고하시기 바랍니다. ○ 5개노선（34번, 땡큐10번, 땡큐11번, 땡큐12번, 170번） ○ 노선변경예정일: 2024.07.13.（토） 첫차부터 변경 노선도（다산역）-홈페이지 게시용.pdf (pdf, 477.0KB) __다운로드 __미리보기",high,ai_draft,True
EV-E1-C08,SRC-E1-C08,,남양주 다산,operation,actual_operation,2023-03-01,day,2023-03-01,2023-03-01,bus,땡큐11·12·50·60·90번,corridor,,내년 1월 1일부터 땡큐버스 4개 노선 경로 변경,https://www.nyj.go.kr/www/selectBbsNttView.do?key=2498&bbsNo=68&pageIndex=405&pageUnit=8&searchCnd=all&nttNo=432164,data/raw/evidence/documents/target_refresh_20260902/SRC-E1-C08_2026-09-02.html,c521312de632ca3c23f97f9c9d70fbf59a7154947a6b3f863e4d08b250f5cf71,,,기사 본문,오는 3 월 1 일부터 시행한다고 28 일 밝혔다.,high,ai_draft,False
EV-E1-C09,SRC-E1-C09,PDF-107,하남 미사,operation,actual_operation,2023-09-18,day,2023-09-18,2023-09-18,bus,미사순환 마을버스,corridor,,2023년 9월 18일에 반시계방향순환 노선이 개통,https://www.hanam.go.kr/www/contents.do?key=5540,data/raw/evidence/documents/하남 미사/2023-09-18_하남시__미사순환_마을버스_노선_개통.html,a78261741b0877bb01912251029dd366f3a12629616cc0a470b9063b4f950f75,data/raw/evidence/하남시 시내버스 - 하남시청.pdf,8ac431b91d3d060832a9e275cef5f02f8f259cf1b8a41b8716d2cd3bc3ab32d2,공지 본문; 저장 원문 문맥,"하남시, 미사순환 마을버스 노선 개통 2023-09-18 2023년 9월 18일에 반시계방향순환 노선이 개통 미사순환 마을버스",high,ai_draft,False
EV-E1-C10,SRC-E1-C10,,하남 미사,operation,actual_operation,2024-01-02,day,2024-01-02,2024-01-02,express_bus,8849번 공항버스,corridor,,2024년 1월 2일(화)부터 일부 노선이 통합 및 폐지,https://www.hanam.go.kr/www/contents.do?key=3262,data/raw/evidence/documents/김포 한강/2024-01-02_8849번_하남-미사-김포_인천공항__운행시간_정보.html,08bd470d778e7846c46e553e410cfe82112162b8754acb030315bc5e98978d3c,,,공지 본문; 저장 원문 문맥,"* 6200번(황산사거리-인천공항) * 5500번(감일문화공원- 인천공항) ### 공항버스 8849번 운행시간 안내 BRT환승센터에서 출발하여 김포공항, 인천공항(T1, T2)으로 운행되고 있는 8849번 운행시간 정보합니다. 강조 문 의 처 : BRT환승센터 031-8027-3911 [시행일자 : 2026년 4월 11일 (토)] 공항버스(8849번) 운행시간표 - 순,하남BRT,하남시청,하남시청역·덕풍시장,풍경채1단지·덕풍중학교,미사역,미사강변2차푸르지오·센트리버,김포공항,인천공항(T1),인천공항(T2), 비고순으로 정보 제공 **순번** | **하남BRT",high,ai_draft,True
EV-E2-A06,SRC-E2-A06,PDF-010,인천 계양,occupancy,occupancy_planned_block,2026년 12월,month,2026-12-01,2026-12-31,,,block,A2,입주 예정 시기는 3기 신도시 중 가장 빠른 2026년 12월,https://apply.lh.or.kr/lhapply/lhFile.do?fileid=58985631,data/raw/evidence/(정정공고)인천계양A-2블록공공분양입주자모집공고문.pdf,f7202e924988f383730f245784e37a1ec66f0f54d655fb3b8171c45314389195,data/raw/evidence/(정정공고)인천계양A-2블록공공분양입주자모집공고문.pdf,f7202e924988f383730f245784e37a1ec66f0f54d655fb3b8171c45314389195,p.4 공급대상 표(입주예정시기 ’26.12) 및 표 하단 유의사항,"※ 입주예정 시기는 공정에 따라 변동될 수 있으며, 정확한 입주 시기는 추후 개별 안내할 예정입니다.",high,ai_draft,True
EV-E2-A07,SRC-E2-A07,,남양주 왕숙,occupancy,occupancy_planned_block,2028년 08월,month,2028-08-01,2028-08-31,,,block,A-1,입주예정일 : 2028년 08월,https://apply.lh.or.kr/lhapply/apply/wt/wrtanc/selectWrtancInfo.do?panId=0000060920&ccrCnntSysDsCd=02&uppAisTpCd=05&aisTpCd=05&mi=1027,data/raw/evidence/refetched/E2-A07.html,dfe4326c581605d3dfd0a6807e14c2aa9eb1f2fd5234018da250e1ba2741ed62,,,공고문 본문; 저장 원문 문맥,"고객님의 안전한 개인정보를 위해 자동로그아웃을 합니다. 로그인 시간을 연장하시겠습니까? 연장하기 로그아웃 당첨자조회 예비자조회 공고이력조회 정정공고 바로가기 취소공고 바로가기 목록 남양주왕숙 A-1블록 공공분양주택 입주자모집공고 유의사항본 공고문에 대한 정정 공고문이 있습니다. 정정공고바로가기 버튼을 눌러 확인하여 주시기 바랍니다. 공고상태접수마감 공고일2025.07.24 마감일2025.08.08 유형분양주택 담당부서경기북부지역본부 문의처1600-1004 공고문 남양주왕숙A-1BL공공분양입주자모집공고문(250724).hwp바로보기 남양주왕숙A-1BL공공분양입주자모집공고문(250724).pdf바로보기 다운로드 남양주왕숙A-1BL공공분양팸플릿(250724).pdf바로보기 1.위임장.hwp바로보기 2-1.개인정보수집이용및제3자제공동의서(사전청약당첨자용).hwp바로보기 2-2.개인정보수집이용및제3자제공동의서(본청약자용).hwp바로보기 문서뷰어다운로드 한컴오피스 뷰어 Acrobat Reader DWG 뷰어 공고내용 ■ 이 주택의 입주자모집공고일은 2025.07.24.(목)이며, 이는 청약자격(청약신청, 자격조건의 기간, 나이, 세대구성원, 지역우선, 주택소유 등)의 판단기준일이 됩니다. ■ 공급위치 : 경기도 남양주시 진접읍, 진건읍, 퇴계원읍 일원 남양주왕숙 공공주택지구 내 A-1블록 ■ 공급대상 : 공공분양주택 629세대 (전용 59㎡ 6",high,ai_draft,True
EV-E2-A08,SRC-E2-A08,,하남 교산,occupancy,occupancy_planned_block,2029년 06월,month,2029-06-01,2029-06-30,,,block,A2,입주예정일 : 2029년 06월,https://apply.lh.or.kr/lhapply/apply/wt/wrtanc/selectWrtancInfo.do?aisTpCd=05&ccrCnntSysDsCd=02&mi=1027&panId=0000060855&uppAisTpCd=05,data/raw/evidence/refetched/E2-A08.html,08dd45cadec7c5190d70c69f04a8723764a45beba7ab2fc216d67517dae884f2,,,공고문 본문; 저장 원문 문맥,"2-1.개인정보수집이용및제3자제공동의서(사전청약당첨자용).hwp바로보기 2-2.개인정보수집이용및제3자제공동의서(본청약자용).hwp바로보기 한컴오피스 뷰어 Acrobat Reader DWG 뷰어 공급정보 하남교산 A2 소재지 : 경기도 하남시 천현동 130 전용면적(㎡) : 51.87 ~ 59.99 총 세대수 : 1,115 난방방식 : 지역난방 입주예정일 : 2029년 06월 단지 관련 이미지 정보 다운로드 버튼을 클릭하여 이미지 파일 다운로드가 가능합니다. 다운로드 상기 이미지는 소비자의 이해를 돕기 위해 제작된 것으로 실제와 다를 수 있습니다. 단지 관련 위치 정보 단지 특장점 단지 특장점 : 교통여건, 교육환경, 편의시설, 부대시설에 대한 정보를 제공합니다 교통여건 입주자모집 공고문 참고 교육환경 입주자모집 공고문 참고 편의시설 입주자모집 공고문 참고 부대시설 입주자모집 공고문 참고 주택형 안내(공공분양) 청약자격 사전확인 바로가기 정정공고 바로가기 취소공고 바로가기 주택형 안내 : 주택형, 전용면적(㎡), 세대수, 금회공급 세대수, 평균분양가격(원), 인터넷청약, 주택형안내에 대한 정보를 제공합니다 주택형 전용면적(㎡) 세대수 금회공급 세대수 평균분양가격(원) 인터넷청약 주택형안내 51.0000O 51.87 343 343 494,468,000 정정 상세보기 55.0000O 55.99 26 26 531,702,000 정정 상세보기",high,ai_draft,True
EV-E2-A09,SRC-E2-A09,,고양 창릉,occupancy,occupancy_planned_block,2030년 03월,month,2030-03-01,2030-03-31,,,block,S-4,입주예정일 : 2030년 03월,https://apply.lh.or.kr/lhapply/apply/wt/wrtanc/selectWrtancInfo.do?panId=0000061121&ccrCnntSysDsCd=02&uppAisTpCd=05&aisTpCd=05&mi=1027,data/raw/evidence/refetched/E2-A09.html,889eb0c955d3b04442e9440d46fabb3c71e119b73a65e85394374d9dae759cf7,,,공고문 본문; 저장 원문 문맥,"고객님의 안전한 개인정보를 위해 자동로그아웃을 합니다. 로그인 시간을 연장하시겠습니까? 연장하기 로그아웃 당첨자조회 예비자조회 공고이력조회 정정공고 바로가기 취소공고 바로가기 목록 고양창릉 S-4블록 공공분양주택 입주자모집공고 유의사항본 공고문에 대한 정정 공고문이 있습니다. 정정공고바로가기 버튼을 눌러 확인하여 주시기 바랍니다. 공고상태접수마감 공고일2026.06.30 마감일2026.07.29 유형분양주택 담당부서경기북부지역본부 문의처1600-1004 공고문 고양창릉S-4블록공공분양입주자모집공고문(안).hwp바로보기 고양창릉S-4블록공공분양입주자모집공고문(안).pdf바로보기 다운로드 고양창릉S-4블록공공분양주택팸플릿_공고.pdf바로보기 1.위임장.hwp바로보기 2-1.개인정보수집이용및제3자제공동의서(사전청약당첨자용).hwp바로보기 2-2.개인정보수집이용및제3자제공동의서(본청약자용).hwp바로보기 3.주택취득자금조달및입주계획서.hwp바로보기 문서뷰어다운로드 한컴오피스 뷰어 Acrobat Reader DWG 뷰어 공고내용 ■ 이 주택의 입주자모집공고일은 2026.06.30.(화)이며, 이는 청약자격(청약신청, 자격조건의 기간, 나이, 세대구성원, 지역우선, 주택소유 등)의 판단기준일이 됩니다. ■ 공급위치 :경기도 고양시 덕양구 도내동 외 8개 동 일원 고양창릉 공공주택지구 내 S-4블록 ■ 공급대상 : 공공분양주택 1,024세대 (전",high,ai_draft,True
EV-E2-A10,SRC-E2-A10,,부천 대장,occupancy,occupancy_planned_block,2028년 01월,month,2028-01-01,2028-01-31,,,block,A7,입주예정일 : 2028년 01월,https://apply.lh.or.kr/lhapply/apply/wt/wrtanc/selectWrtancInfo.do?panId=0000060863&ccrCnntSysDsCd=02&uppAisTpCd=05&aisTpCd=05&mi=1027,data/raw/evidence/refetched/E2-A10.html,a058acb1e85fad8cf75c7c6feeeb60d395ea4f064fb66f6d7aa5b1ed5b967025,,,공고문 본문; 저장 원문 문맥,"고객님의 안전한 개인정보를 위해 자동로그아웃을 합니다. 로그인 시간을 연장하시겠습니까? 연장하기 로그아웃 당첨자조회 예비자조회 공고이력조회 정정공고 바로가기 취소공고 바로가기 목록 부천대장 A7블록 공공분양주택 입주자모집공고 유의사항본 공고문에 대한 정정 공고문이 있습니다. 정정공고바로가기 버튼을 눌러 확인하여 주시기 바랍니다. 공고상태접수마감 공고일2025.04.30 마감일2025.05.23 유형분양주택 담당부서인천지역본부 문의처1600-1004 공고문 부천대장A7블록공공분양주택입주자모집공고문_최종.hwp바로보기 부천대장A7블록공공분양주택입주자모집공고문_최종.pdf바로보기 다운로드 부천대장A7블록공공분양주택분양팸플릿(업로드용).pdf바로보기 1.위임장.hwp바로보기 2-1.개인정보수집이용및제3자제공동의서(사전청약당첨자용).hwp바로보기 2-2.개인정보수집이용및제3자제공동의서(본청약자용).hwp바로보기 문서뷰어다운로드 한컴오피스 뷰어 Acrobat Reader DWG 뷰어 공고내용 ■ 공급위치 : 경기도 부천시 오정구 대장동, 오정동, 원종동, 삼정동, 인천광역시 계양구 동양동, 박촌동, 병방동 일원 부천대장 공공주택지구 내 A7블록 ■ 공급대상 : 공공분양주택 473세대 (전용 59㎡ 473세대) ■ 이 주택의 입주자모집공고일은 2025.04.30.(수)이며, 이는 청약자격(청약신청, 자격조건의 기간, 나이, 세대구성원, 지역우선,",high,ai_draft,True
EV-E2-B06,SRC-E2-B06,,인천 계양,promise,promise_date,2020.12.30,day,2020-12-30,2020-12-30,sbrt,계양~대장 S-BRT,district,,인천계양(1만 7천호)과 부천대장(2만호)의 교통대책이 확정됨,http://www.molit.go.kr/mta/USR/N0201/m_36770/dtl.jsp?lcmspage=1&id=95085094,data/raw/evidence/documents/인천 계양/2021-01-24_3기_신도시__패스트트랙_교통대책_조기_확정_등으로_신속_공급.html,0553e1245c054ee29e36c23d0263cc561e243ece1b77a9e987de1d594e4cd66b,,,보도자료 본문; 저장 원문 문맥,"7월 인천계양을 시작으로 사전청약이 시행되며, 9~10월에는 남양주왕숙2 등, 11~12월에는 남양주왕숙, 하남교산, 고양창릉, 부천대장 등 수도권 공공택지에서 연말까지 3만호를 조기공급하고, 나머지 3.2만호는 '22년에 입주자를 모집할 계획이다. [ 2. 3기 신도시 광역교통개선대책 ] 대도시권광역교통위원회 심의('20.12.30)를 거쳐 인천계양(1만 7천호)과 부천대장(2만호)의 교통대책이 확정됨에 따라 3기 신도시 교통대책이 모두 확정되었다. 3기 신도시는 입주 시 교통불편을 최소화하기 위해 입지 발표부터 교통대책(안)을 마련했으며, 사업별 검증, 관계기관 협의 등을 신속히 추진해 기존 대비 평균 16개월* 이상 빨리 교통대책을 확정했다.",high,ai_draft,True
EV-E2-B07,SRC-E2-B07,,남양주 왕숙,promise,promise_date,2020-12-29,day,2020-12-29,2020-12-29,rail,강동하남남양주선,district,,남양주왕숙 광역교통개선대책 확정,https://www.molit.go.kr/mta/USR/N0201/m_36770/dtl.jsp?lcmspage=2&id=95084988,data/raw/evidence/documents/남양주 왕숙/2020-12-29_남양주왕숙_고양창릉_신도시_교통대책_확정_.html,ef0529cf32bdcf2a2be5535bb4201829631146b7f6b6a2e3c2dd5e074c870a6d,data/raw/evidence/imported/SRC-F009/201230(조간)남양주왕숙_고양창릉 신도시 교통대책 확정(공공택지기획과 광역교통정책과).hwp,28b1bacbe0ea7e9ad4dd42c5659f47b22ef4a07e27221f47169c6838b10f657e,보도자료 본문; 저장 원문 문맥,"도시철도, GTX 등으로 서울도심 30분대 접근 가능 3기 신도시 등 수도권 주택공급계획 차질 없이 추진 중 공공주택총괄과,공공택지기획과,광역교통정책과 게시일: 2020-12-29 09:24 조회수: 47596 국토교통부는 대도시권광역교통위원회 심의('20.12.4)를 거쳐 남양주왕숙(6만 6천호)과 고양창릉(3만 8천호)의 광역교통개선대책을 확정하였다. 광역교통개선대책은 신도시 조성 및 신규 교통대책 추진에 따른 교통량 변화 등에 대한 교통전문기관 용역, 한국교통연구원(KOTI) 검증, 지방자치단체 협의, 대광위 심의 등을 거쳐 확정되었다.",high,ai_draft,True
EV-E2-B08,SRC-E2-B08,,하남 교산,promise,promise_date,2020-05-21,day,2020-05-21,2020-05-21,rail,송파하남선,district,,하남교산 3기 신도시(3만 2천호) 광역교통개선대책 확정,https://www.xn--3-3u6ey6lv7rsa.kr/kor/CMS/Board/Board.do?mCode=MN024&page=3&mode=view&mgr_seq=12&board_seq=135,data/raw/evidence/documents/하남 교산/2020-05-21_하남교산__과천지구_광역교통개선대책_확정.html,0adfc0053fb55223522d96d48316b3437838b03fa268aa79333c47e8d5ffbfac,data/raw/evidence/200521(14시이후) 하남교산 신도시_과천지구 광역교통개선대책 확정(공공택지기획과).pdf,fb08785a7962ad8088d930c4598ac1d095187eb34f7a52ea2b675bb0f5fc72cc,보도자료 본문; 저장 원문 문맥,"조회수 : 9061 하남교산, 과천지구 광역교통개선대책 확정 □국토교통부(장관 김현미)는 대도시권광역교통위원회(위원장 최기주) 심의('20.5.8)를 거쳐 하남교산 3기 신도시(3만 2천호)와 과천지구(7천호) 광역교통개선대책을 확정하였다. ㅇ 광역교통개선대책은 신도시 조성 및 신규 교통대책 추진에 따른 교통량 변화 등에 대한 교통전문기관 용역, 한국교통연구원(KOTI) 검증, 지방자치단체 협의, 위원회 심의 등을 거쳐 확정되었다. □ 3기 신도시 광역교통개선대책은 잠실*강남 등 서울 도심까지 30분내 출퇴근이 가능하도록",high,ai_draft,True
EV-E2-B09,SRC-E2-B09,,고양 창릉,promise,promise_date,2020.12.30,day,2020-12-30,2020-12-30,rail,고양은평선,district,,고양창릉 광역교통개선대책 확정,http://www.molit.go.kr/mta/USR/N0201/m_36770/dtl.jsp?lcmspage=1&id=95085094,data/raw/evidence/documents/고양 창릉/2021-01-24_3기_신도시__패스트트랙_교통대책_조기_확정_등으로_신속_공급.html,cf4ccec819b0d8c7d075b4764b8601176da04a11518277e0e2d2558c4ff86233,,,보도자료 본문; 저장 원문 문맥,"3기 신도시는 지구계획 수립*토지보상 병행 등 패스트 트랙(Fast-Track)을 적용하여 보상 착수기간을 기존 대비 평균 10개월 이상 단축*하는 등 신속하게 사업을 추진하고 있다. * 지구지정∼보상착수 : (2기 신도시) 성남판교 24개월, 위례 30개월 등 평균 27개월 소요, (3기 신도시) 하남교산 14개월, 인천계양 14개월 등 평균 17개월 소요 남양주왕숙*하남교산*인천계양은 보상공고('20.8)를 거쳐 보상절차가 진행 중이며, 고양창릉*부천대장은 상반기에 보상공고 할 계획이다. 남양주왕숙*하남교산*인천계양은 지구계획(안)을 마련('20.10)하여 관계기관 협의 중이며 올해 상반기에 순차 확정할 계획이다. 고양창릉*부천대장은 도시*건축*교통 등 분야별 전문가들이 참여하여 지구계획(안)을 마련 중이며, '21년 말까지 확정할 예정이다. 3기 신도시는 본 청약보다 1~2년 먼저 공급하는 사전청약제를 시행하여 주택공급시기를 기존 신도시 대비 평균 57개월(4년9개월) 단축*하여",high,ai_draft,True
EV-E2-B10,SRC-E2-B10,,부천 대장,promise,promise_date,2020.12.30,day,2020-12-30,2020-12-30,sbrt,계양~대장 S-BRT,district,,부천대장(2만호)의 교통대책이 확정됨,http://www.molit.go.kr/mta/USR/N0201/m_36770/dtl.jsp?lcmspage=1&id=95085094,data/raw/evidence/documents/부천 대장/2021-01-24_3기_신도시__패스트트랙_교통대책_조기_확정_등으로_신속_공급.html,31f5ea11323f9ed9188ac1643293212a8479e34bb69bae7ac0a70da00be3c351,,,보도자료 본문; 저장 원문 문맥,"7월 인천계양을 시작으로 사전청약이 시행되며, 9~10월에는 남양주왕숙2 등, 11~12월에는 남양주왕숙, 하남교산, 고양창릉, 부천대장 등 수도권 공공택지에서 연말까지 3만호를 조기공급하고, 나머지 3.2만호는 '22년에 입주자를 모집할 계획이다. [ 2. 3기 신도시 광역교통개선대책 ] 대도시권광역교통위원회 심의('20.12.30)를 거쳐 인천계양(1만 7천호)과 부천대장(2만호)의 교통대책이 확정됨에 따라 3기 신도시 교통대책이 모두 확정되었다. 3기 신도시는 입주 시 교통불편을 최소화하기 위해 입지 발표부터 교통대책(안)을 마련했으며, 사업별 검증, 관계기관 협의 등을 신속히 추진해 기존 대비 평균 16개월* 이상 빨리 교통대책을 확정했다.",high,ai_draft,True
EV-E2-C06,SRC-E2-C06,,인천 계양,operation,actual_operation,2026년 12월,month,2026-12-01,2026-12-31,express_bus,,district,,2026년 12월 입주 시점에 맞춰 계양신도시 ↔ 김포공항·부천 대장·계양역 3개 직행 노선 동시 개통 이행,https://www.incheon.go.kr/cool/COOL010501/view?petitSn=2048913,data/raw/evidence/documents/인천 계양/2026-05-01_계양신도시_광역버스_신설과_관련하여.html,120b9f301e1b07a0695be78eac9daf0e54ef75452ed07a6f0f838cc005603fe8,,,의견공감 본문; 저장 원문 문맥,"가. 안녕하십니까? 귀하께서 「온라인 열린 시장실」을 통해 신청하신 의견(청원번호2048913)에 대하여 관련 부서 검토 결과를 다음과 같이 알려드립니다. 나. 귀하의 의견 내용 중‘계양신도시(계양테크노밸리) 광역버스 노선 신설’요청에 관하여 관련부서(버스정책과) 검토 의견은 다음과 같습니다. 1) 귀하께서 말씀하신 계양신도시 광역버스 신설과 관련하여, 인천시는 계양신도시의 입주와 광역교통 수요 증가를 고려하여 2026.5월 대도시권광역교통위원회에 강남권을 연결하는 광역급행(M)버스 신규 노선을 신청하였습니다. 2) 현재 신청 노선은 한국교통연구원에서 노선 수요 및 타당성 등을 검토하고 있으며, 검토결과를 바탕으로 대도시권광역교통위원회 광역버스 노선위원회 심의를 거쳐 신규 노선 신설 여부가 결정될 예정입니다.",high,ai_draft,False
EV-E2-C07,SRC-E2-C07,,남양주 왕숙,occupancy,occupancy_planned_block,2028-08,month,2028-08-01,2028-08-31,,,block,A-1;A-2,입주는 2028년 8월로 예정되어 있다,https://www.molit.go.kr/LCMS/DWN.jsp?fold=koreaNews/mobile/file&fileName=250724%28%EC%84%9D%EA%B0%84%29+3%EA%B8%B0+%EC%8B%A0%EB%8F%84%EC%8B%9C+%EB%82%A8%EC%96%91%EC%A3%BC%EC%99%95%EC%88%99+%EC%B2%AB+%EA%B3%B5%EA%B8%89+%EA%B0%9C%EC%8B%9C%28%EA%B3%B5%EA%B3%B5%ED%83%9D%EC%A7%80%EA%B4%80%EB%A6%AC%EA%B3%BC%29.pdf,data/raw/evidence/250724(석간) 3기 신도시 남양주왕숙 첫 공급 개시(공공택지관리과).pdf,75b73130d02612d7c1c05f64b5a800a662554d854abc4445e565e0caf2439cb6,,,PDF p.2,입주는 ’28년 8월 예정이다.,high,ai_draft,False
EV-E2-C08,SRC-E2-C08,PDF-014,하남 교산,occupancy,occupancy_planned_block,2029-06,month,2029-06-01,2029-06-30,,,block,A-2,입주는 2029년 6월 예정이다,https://www.myhome.go.kr/hws/portal/bbs/selectBoardHappyNewsDetailView.do?nttId=797,data/raw/evidence/documents/target_refresh_20260902/SRC-E2-C08_2026-09-02.html,1453c59d79bae2b543831e37cb145e8c1bebfe7c99937945ca331b2e3f50ce85,data/raw/evidence/(최종)250331_교산푸르지오더퍼스트_입주자모집공고.pdf,b247b3e65cb7029821c352a345952c0fb73323ae3462b90b52f5b653dca1a2f5,기사 본문,"준공은 2028년 12월, 입주는 2029년 6월 예정",high,ai_draft,True
EV-E2-C09,SRC-E2-C09,,고양 창릉,occupancy,occupancy_planned_block,2030-03,month,2030-03-01,2030-03-31,,,block,S-4,입주는 2029년 하반기 예정이다,https://apply.lh.or.kr/lhapply/apply/wt/wrtanc/selectWrtancInfo.do?panId=0000061134&ccrCnntSysDsCd=02&uppAisTpCd=05&aisTpCd=05&mi=1027,data/raw/evidence/(정정)(정정)고양창릉S-4블록공공분양입주자모집공고문.pdf,25311d447e7f43c48655b96613b1ff2bc56371612a268932071bfb8429e5107d,,,PDF p.4,입주예정 시기는 ‘30년 3월입니다.,high,ai_draft,False
EV-E2-C10,SRC-E2-C10,PDF-010,부천 대장,occupancy,occupancy_planned_block,,unknown,,,,,block,A2,입주 예정 시기는 3기 신도시 중 가장 빠른 2026년 12월,https://apply.lh.or.kr/lhapply/apply/wt/wrtanc/selectWrtancInfo.do?panId=0000060706&ccrCnntSysDsCd=02&uppAisTpCd=05&aisTpCd=05&mi=1027,data/raw/evidence/documents/target_refresh_20260902/SRC-E2-C10_2026-09-02.html,74cef30b17bd093346b8467ab7653e9d4bf48c1c71e30d2e0463b87a751f2a7e,data/raw/evidence/(정정공고)인천계양A-2블록공공분양입주자모집공고문.pdf,f7202e924988f383730f245784e37a1ec66f0f54d655fb3b8171c45314389195,기사 본문,"공급위치 : 인천광역시 계양구 귤현동, 동양동, 박촌동, 병방동, 상야동 일원 공공주택지구 내 A-2블록",high,rejected,False
EV-F001,SRC-F001,,인천 계양,occupancy,occupancy_planned_block,Dec-26,month,2026-12-01,2026-12-31,,,block,A2,입주예정일,https://apply.lh.or.kr/lhapply/apply/wt/wrtanc/selectWrtancInfo.do?aisTpCd=05&ccrCnntSysDsCd=02&mi=1027&panId=0000060752&uppAisTpCd=05,data/raw/evidence/documents/인천 계양/2024-09-20_인천계양_A2_공공분양주택_입주자모집공고.html,01bc504183290e9396f18bb39c2584d4b17399188a016a4cba5351052a00c011,,,공급정보 A2; 저장 원문 문맥,* 전용면적(㎡) : 59.84 ~ 84.89 * 총 세대수 : 747 * 난방방식 : * 입주예정일 : 2026년 12월 #### 단지 관련 이미지 정보 다운로드 버튼을 클릭하여 이미지 파일 다운로드가 가능합니다. 다운로드 __,high,ai_draft,True
EV-F002,SRC-F002,,인천 계양,occupancy,occupancy_planned_block,Dec-26,month,2026-12-01,2026-12-31,,,block,A3,입주예정월,https://apply.lh.or.kr/lhapply/apply/wt/wrtanc/selectWrtancInfo.do?aisTpCd=23&ccrCnntSysDsCd=04&panId=BN-0001331&uppAisTpCd=22,data/raw/evidence/documents/인천 계양/2026-07-10_인천계양_A3블록_단지내상가_재분양공고.html,0d9239bb1c0b7c81b51ba1a7bde70f065d119672d3b0d3f67655838c0ec98dfd,,,단지내 주택 정보; 저장 원문 문맥,"* 공급면적(㎡) : 78.5541m² ~ 79.5072m² * 총 세대수 : 538 * 난방방식 : 지역난방 * 입주예정월 : 2026. 12 #### 상가동 목록 상가동 목록 : 상가명, 상가전체호수, 상가면적(제곱미터), 상가입점시기에 대한 정보를 제공합니다 상가명 | 상가전체호수 | 상가면적(㎡) | 상가입점시기 ---|---|---|---",high,ai_draft,True
EV-F003,SRC-F003,,인천 계양,promise,promise_date,미정,unknown,,,sbrt,계양~대장 S-BRT,district,,설치·구축한다,https://www.molit.go.kr/mta/USR/N0201/m_36770/dtl.jsp?id=95085094&lcmspage=2,data/raw/evidence/documents/인천 계양/2021-01-24_인천계양_부천대장_광역교통개선대책_확정.html,9eaae5277162495e97ddf189edad305711b636676a8daa566b7f3466375b35c5,,,인천계양·부천대장 대중교통 대책; 저장 원문 문맥,"추진할 계획이다. 금번 교통대책이 확정된 인천계양, 부천대장은 서로 인접한 지구임을 감안하여 신도시 간 연계성을 강화하기 위해 두 지구를 통합하여 광역교통개선대책을 수립하였다. 대중교통 부분은 김포공항역~계양지구~대장지구~부천종합운동장을 잇는 S-BRT* 등 신교통수단을 설치하여 주변 철도노선(5*7*9호선, 공항철도, GTX-B 등)으로의 원활한 연계가 가능한 교통망을 구축한다. * Super BRT : BRT(간선급행버스체계) 일종으로 지하철 수준의 속도ㆍ정시성을 갖춘 최고급형 BRT 도로교통 부분은 국도39호선(벌말로) 확장, 경명대로 신설, 오정로 확장 등을 통해 도로용량을 확보하고 도로 간 연계성을 개선하여 광역교통",high,ai_draft,True
EV-F004,SRC-F004,PDF-039,인천 계양,promise,promise_date,2026,unknown,,,sbrt,계양~대장 S-BRT,district,,차질 없이 추진,https://www.molit.go.kr/mta/USR/WPGE0201/m_36794/DTL.jsp,data/raw/evidence/documents/부천 대장/확인불가_BRT_고급화_S-BRT__추진.html,ea7e2a95951f422d9bc6adee96f50dae36ad3fbc19b3e1d59600f6fbb5e48c15,data/raw/evidence/BRT _ 대도시권광역교통위원회.pdf,7714332a5b225299facb069431a9cd3ca9d7535e10986b2ec3dc5b3a7fc359a5,S-BRT 시범사업 목록; 저장 원문 문맥,"(모란사거리-단대 오거리-남한산성) | L=9.3km (도계광장-가음정사거리) | L=22.9km (세종BRT 고급화) 사업기간 | ’19～’26 | ’21～’26 | ’21～’24 | ’19～’24 | ’17～’22 시행주체 | LH | 인천광역시 | 성남시 | 창원시 | LH ##### 기존 BRT와 S-BRT 사진대지 기존 BRT와 S-BRT의 사진대지 목록으로 구분, 기존 BRT(교차로처리, 정류장, 차량, 수평승하차), S-BRT(교차로처리, 정류장, 차량, 수평승하차)정보가 확인됩니다. 구분 | 기존 BRT | S-BRT",high,ai_draft,True
EV-F005,SRC-F005,,인천 계양,service,basic_service,2025-06-28,day,2025-06-28,2025-06-28,rail,인천도시철도 1호선 검단연장선,adjacent_corridor,,첫 운행,https://www.incheon.go.kr/mayor_8/MA040101/view?curPage=195&repSeq=DOM_0000000012620245,data/raw/evidence/documents/인천 계양/2025-06-28_인천도시철도_1호선_검단연장선_개통.html,8a7dd42c598c7b53ed0b4bc831d8e4a139b16bd22b43069a47ab9bc174eabcc9,,,본문; 저장 원문 문맥,"긍정적 변화를 공유하기 위해 마련됐다. 행사에는 유정복 인천광역시장을 비롯해 강희업 국토부 대광위원장, 모경종 국회의원, 인천시의원, 관련기관 관계자, 지역 시민대표 등 300여 명이 참석했으며, 식전공연, 유공자 표창, 기념사, 세레머니, 첫 운행 시승 등 다양한 프로그램이 진행됐다. 이번에 개통되는 구간은 인천도시철도1호선의 기존 종점인 계양역에서 아라역(101역), 신검단중앙역(102역), 검단호수공원역(103역)까지 총 6.825㎞로, 3개 정거장이 신설됐다. 2019년 12월 착공 이후 약 5년 만에 완공됐으며, 정식 운행은 6월 28일 첫차부터 시작된다. 유정복 시장은 기념사를 통해 “검단은 인천의 미래를 이끌 주요 성장거점으로, 이제 시민들은 더 빠르고 편리하게 도심과 연결되고, 아이들은 더 안전하게 통학할 수 있게 됐다”며, “이 모든 변화는 단순한 기반시설의 완성이 아니라, 시민의 일상을 연결하며 도시 전체의 균형 있는 성장을",high,ai_draft,True
EV-F006,SRC-F006,PDF-098,인천 계양,service,basic_service,2025-06-28,day,2025-06-28,2025-06-28,rail,인천도시철도 1호선 검단연장선,adjacent_corridor,,첫 운행,https://www.incheon.go.kr/IC010205/view?curPage=276&repSeq=DOM_0000000012563847,data/raw/evidence/documents/인천 계양/2025-06-16_검단연장선_6월_28일_첫_운행.html,ddfb5baf54349d7451558757ccc81658e2ff79b80a37285c9bb5ddd49dd36359,"data/raw/evidence/인천시, 6월 27일 검단연장선 개통 기념행사 개최 … 28일 첫 운행.pdf",dfdccd29d1cffe983af2ea5d909ff6fc9c5ea5aabe1a4167e04d8ce4029f36c4,제목 및 본문; 저장 원문 문맥,"* 주소복사 공유레이어닫기 인쇄 #### 인천시, 6월 27일 검단연장선 개통 기념행사 개최 … 28일 첫 운행 #### -신검단중앙역에서 시민과 함께하는 행사로 열려 개통 의미를 더할 계획- 담당부서 총무부 / 박근수 (032-451-2741)",high,ai_draft,True
EV-F007,SRC-F007,,남양주 왕숙,occupancy,occupancy_planned_block,Aug-28,month,2028-08-01,2028-08-31,,,block,A-1,입주예정일,https://apply.lh.or.kr/lhapply/apply/wt/wrtanc/selectWrtancInfo.do?aisTpCd=05&ccrCnntSysDsCd=02&mi=1027&panId=0000060926&uppAisTpCd=05,data/raw/evidence/documents/남양주 왕숙/2025_남양주왕숙_A-1블록_공공분양주택_입주자모집공고.html,3d2fbd3e41f74d681d9633ab3443d963b9e101185935e096e1b754b22d05ec88,,,공급정보 A-01; 저장 원문 문맥,* 전용면적(㎡) : 59.89 ~ 59.92 * 총 세대수 : 629 * 난방방식 : 지역난방 * 입주예정일 : 2028년 08월 #### 단지 관련 이미지 정보 다운로드 버튼을 클릭하여 이미지 파일 다운로드가 가능합니다. 다운로드 __,high,ai_draft,True
EV-F008,SRC-F008,,남양주 왕숙,occupancy,occupancy_planned_block,Aug-28,month,2028-08-01,2028-08-31,,,block,A-2,입주예정월,https://apply.lh.or.kr/lhapply/apply/wt/wrtanc/selectWrtancInfo.do?aisTpCd=39&ccrCnntSysDsCd=02&mi=1027&panId=0000060921&uppAisTpCd=39,data/raw/evidence/documents/남양주 왕숙/2025-07-24_남양주왕숙_A-2블록_신혼희망타운_입주자모집공고.html,722d39198a5909bee3459cfb78f636dc4d2f072bab7405d14fa04d358d0840d7,,,공급정보 A-02; 저장 원문 문맥,* 전용면적(㎡) : 46.68 ~ 55.86 * 총 세대수 : 608 * 난방방식 : 지역난방 * 입주예정월 : 2028년 08월 #### 단지 관련 이미지 정보 다운로드 버튼을 클릭하여 이미지 파일 다운로드가 가능합니다. 다운로드 __,high,ai_draft,True
EV-F009,SRC-F009,,남양주 왕숙,promise,promise_date,2028,year,2028-01-01,2028-12-31,rail,강동하남남양주선,district,,개통을 목표로 추진,https://www.molit.go.kr/mta/USR/N0201/m_36770/dtl.jsp?id=95084988&lcmspage=1,data/raw/evidence/documents/남양주 왕숙/2020-12-29_남양주왕숙_고양창릉_신도시_교통대책_확정.html,6dae1eeca5a29545344277026e601cfbe8230b042347f95b2aa9f4cf88b17409,data/raw/evidence/imported/SRC-F009/201230(조간)남양주왕숙_고양창릉 신도시 교통대책 확정(공공택지기획과 광역교통정책과).hwp,28b1bacbe0ea7e9ad4dd42c5659f47b22ef4a07e27221f47169c6838b10f657e,남양주왕숙 대책; 저장 원문 문맥,"5월에 광역교통개선대책을 확정한 하남교산*과천은 도로사업 실시설계 착수 등 후속절차를 정상 진행 중으로 `21년부터 사업별 인허가 절차를 추진할 계획이며, 인천계양*부천대장 광역교통개선대책은 통합대책을 수립하여 대도시권광역교통위원회 심의(12.30)를 완료할 계획이다. [ 1. 남양주왕숙 광역교통개선대책 ] ◈ 서울 강동~하남~남양주 도시철도 등 18개 사업에 총 2조 3천억원 투입 남양주왕숙지구 광역교통개선대책의 대중교통 핵심사업은 남양주에서 서울 등 주요 도시권을 연결하는 서울 강동~하남~남양주 간 도시철도로 2028년까지 개통을 목표로 사업을 추진한다. 사업지구 내부로는 입주민의 철도이용 편의를 위해 경춘선 역사(GTX-B 정차) 및 경의중앙선 역사를 신설하며, 지역 전체로는, 별내선과",high,ai_draft,True
EV-F010,SRC-F010,PDF-038,남양주 왕숙,promise,promise_date,미정,unknown,,,rail,강동하남남양주선,district,,집중 투자,https://www.molit.go.kr/2024plan_traffic/news/bodo_2.pdf,data/raw/evidence/bodo_2.pdf,90f107e315964eadde4d306bc9bd50f6b4883562335c9cbb3a6a6c4b486b8c77,data/raw/evidence/bodo_2.pdf,90f107e315964eadde4d306bc9bd50f6b4883562335c9cbb3a6a6c4b486b8c77,11쪽 동부권; 저장 원문 문맥,"<남양주 왕숙‧양정역세권> ➊송파하남선 ➋동남로 연결도로 신설 ➌동남로 확장·개선 ➊강동하남남양주선 ➋경의중앙선 역사 신설 ➌국도 6호선 확장 ❹시도13호선 확장 ㅇ (북부권) 고양창릉, 양주신도시등에약1.8조원(11개사업) 투자 ⇨사업별6개월~3년단축 * 2기 신도시 대비 2～8년(평균 4.8년) 단축",high,ai_draft,True
EV-F011,SRC-F011,,남양주 왕숙,service,basic_service,2022-03-19,day,2022-03-19,2022-03-19,rail,진접선(4호선 연장),adjacent_corridor,,개통,https://www.molit.go.kr/USR/NEWS/m_71/dtl.jsp?id=95086587&lcmspage=60,data/raw/evidence/documents/남양주 왕숙/2022-03-18_진접선_개통__남양주의_새로운_길이_열립니다.html,ad7806c3360f86c8f5018922d0dd6b57fff128514c7e81757630cbccc5cc5e8e,,,제목 및 본문; 저장 원문 문맥,"* 보도자료 ### _보도자료_ _프린트_ #### 진접선 개통, 남양주의 새로운 길이 열립니다. * 서울도시철도 4호선 진접선(당고개~진접) 14.9km 연장…3개역 신설 * 일 출퇴근 시간대 10~12분간격 운행·진접∼서울역 52분 소요 * **담당부서** 철도투자개발과",high,ai_draft,True
EV-F012,SRC-F012,PDF-072,남양주 왕숙,service,basic_service,2024-08-10,day,2024-08-10,2024-08-10,rail,별내선(8호선 연장),adjacent_corridor,,첫 열차,https://gnews.gg.go.kr/briefing/brief_gongbo_view.do?BS_CODE=s017&number=62697&subject_Code=BO01,data/raw/evidence/documents/남양주 왕숙/2024-08-10_별내선_개통__첫_열차_운행.html,7426809fef38ea73371315bb6b00306b5876f9570b98d55705d620541531d6a2,"data/raw/evidence/imported/SRC-F012/경기도， 별내선 개통. 남양주 별내에서 잠실까지 27분이면 간다. 김동연， “구리， 남양주. 경기동북부 주민들 교통 숨통 확 트일 것”.hwpx;data/raw/evidence/경기도, 별내선 개통. 남양주 별내에서 잠실까지 27분이면 간다. 김동연, “구리, 남양주. 경기동북부 주민들 교통 숨통 확 트일 것”.pdf",9cff104b4f41afbe4669f7a111d11ca3712b641fe4d2a7d52e5ec8fa9b6b8b2d;6725ccec06129673dcd030a56859bb9c08dc0d33fa297914ba75e9197c95f38b,본문; 저장 원문 문맥,"공유 URL URL복사 * 프린트 남양주시 별내역과 서울 암사역을 잇는 지하철 8호선 연장 별내선(암사~별내)이 공식 운행을 앞두고 9일 개통식과 시승식을 가졌다. 별내선은 별내역에서 10일 오전 5시 32분 첫차부터 운행을 시작한다. 남양주 별내에서 잠실까지 이동 시간을 기존 45분에서 27분으로 줄여 경기 동북부 주민들의 교통 여건이 대폭 개선될 전망이다. 9일 오후 2시 별내역에서 열린 개통식에는 김동연 경기도지사, 박상우 국토교통부장관, 오세훈 서울시장, 지역 국회의원, 주민 등이 참석했다. 김동연 경기도지사는 ""별내선은 경기도가 직접 건설하고 시행한 경기북부 최초의 지하철 사업이라는 점에서 아주 남다른 의미를 가지고 있다""면서",high,ai_draft,True
EV-F013,SRC-F013,,하남 교산,occupancy,occupancy_planned_block,Jun-29,month,2029-06-01,2029-06-30,,,block,A2,입주예정일,https://apply.lh.or.kr/lhapply/apply/wt/wrtanc/selectWrtancInfo.do?aisTpCd=05&ccrCnntSysDsCd=02&mi=1027&panId=0000060838&uppAisTpCd=05,data/raw/evidence/documents/하남 교산/2025-03-31_교산_푸르지오_더_퍼스트_입주자모집공고.html,6148722fa9e6fb4ef4ecf538e89bd1564b5e371ee3578caa4e6d9048936852be,,,공급정보 A2; 저장 원문 문맥,"* 전용면적(㎡) : 51.87 ~ 59.99 * 총 세대수 : 1,115 * 난방방식 : 지역난방 * 입주예정일 : 2029년 06월 #### 단지 관련 이미지 정보 다운로드 버튼을 클릭하여 이미지 파일 다운로드가 가능합니다. 다운로드 __",high,ai_draft,True
EV-F014,SRC-F014,,하남 교산,occupancy,occupancy_planned_block,Jun-29,month,2029-06-01,2029-06-30,,,block,A2,입주예정일,https://apply.lh.or.kr/lhapply/apply/wt/wrtanc/selectWrtancInfo.do?aisTpCd=05&ccrCnntSysDsCd=02&mi=1027&panId=0000060855&uppAisTpCd=05,data/raw/evidence/documents/하남 교산/2025-03-31_교산_푸르지오_더_퍼스트_정정공고.html,d32f5a13e0313fd406b65a4345ecd2b2ed97a521b75c7b75333a26ae6128c997,,,공급정보 A2; 저장 원문 문맥,"* 전용면적(㎡) : 51.87 ~ 59.99 * 총 세대수 : 1,115 * 난방방식 : 지역난방 * 입주예정일 : 2029년 06월 #### 단지 관련 이미지 정보 다운로드 버튼을 클릭하여 이미지 파일 다운로드가 가능합니다. 다운로드 __",high,ai_draft,True
EV-F015,SRC-F015,,하남 교산,promise,promise_date,2028,year,2028-01-01,2028-12-31,rail,송파하남선,district,,준공을 목표로 추진,https://www.molit.go.kr/mta/USR/N0201/m_36770/dtl.jsp?id=95083918&lcmspage=88,data/raw/evidence/documents/하남 교산/2020-05-21_하남교산_과천_광역교통개선대책_확정.html,4817a8af4673acbc0d43eece66ca74d2e9537fb6dec0abc36be2a178e75230b6,data/raw/evidence/200521(14시이후) 하남교산 신도시_과천지구 광역교통개선대책 확정(공공택지기획과).pdf,fb08785a7962ad8088d930c4598ac1d095187eb34f7a52ea2b675bb0f5fc72cc,하남교산 대책; 저장 원문 문맥,"구간의 교통혼잡이 개선될 것이다. 광역교통개선대책 확정 이후, 사업시행에 장기간 소요되는 도시철도는 5월 중 국토교통부, 서울시,경기도, 하남시, LH 등이 참여하는 관계기관 협의체를 구성하여 사업시행 및 운영 방식 등 세부사항을 조속히 논의하고, `21년 도시철도망 구축계획 승인, 실시계획착수 등을 거쳐 `23년 착공, `28년 준공을 목표로 사업을 추진할 계획이다. 현재 先 발주하여 진행 중인 동남로 연결도로 설계용역 이외 나머지 도로분야 개선대책도 '20년 상반기 중 관련용역을 발주하여 조속히 착수할 계획이다. 국토교통부 김승범 공공택지기획과장은 ""하남교산*과천과천 지구의 광역교통개선대책 확정을 시작으로, 나머지 4개 신도시(왕숙*계양*창릉*대장)도",high,ai_draft,True
EV-F016,SRC-F016,PDF-086,하남 교산,promise,promise_date,미정,unknown,,,road,동남로 연결도로,district,,집중 투자·단축,https://www.molit.go.kr/2024plan_traffic/main.jsp,data/raw/evidence/documents/하남 교산/2024-01-25_2024년_교통_분야_민생토론회.html,cf44511a66ef2ff733c9e6ee1c60fcd1eae70390a999d827e1b10f15519321d9,data/raw/evidence/민생토론회(교통) _ 국토교통부.pdf,8f0fe3faf922f11b696f2037df4e39f81f0469ee14c22ff396095a3bede4965c,동부권 광역교통 투자; 저장 원문 문맥,"추진), 3)예비타당성조사 절차 단축 등 (동부권) 남양주 왕숙, 하남 교산 등에 약 4조원(8개 사업) 투자 ⇨ 사업별 6개월～2년 단축 * 2기 신도시 대비 1～8년(평균 5년) 단축 * (하남 교산 : 동남로 연결도로 신설) 개선대책 절차 간소화 등으로 약 2년 단축 (북부권) 고양 창릉, 양주 신도시 등에 약 1.8조원(11개 사업) 투자 ⇨ 사업별 6개월~3년 단축 * 2기 신도시 대비 2～8년(평균 4.8년) 단축 * (양주신도시 : 국도 3호선 확장) 국토부가 사업 규모 조정‧중재 등으로 약 3년 단축",high,ai_draft,True
EV-F017,SRC-F017,,하남 교산,service,basic_service,2020-08-08,day,2020-08-08,2020-08-08,rail,하남선(5호선 연장),adjacent_corridor,,운행 시작,https://www.hanam.go.kr/sosik/selectBbsNttView.do?bbsNo=1164&integrDeptCode=&key=10048&nttNo=210883&pageIndex=426&searchCnd=all&searchCtgry=&searchKrwd=&selectPageUnit=,data/raw/evidence/documents/하남 교산/2020-08-07_하남선_1단계_개통.html,268065f4354f3297624b33b5c737b4af1b40ad90f5bff6b53ce3936878e72500,,,본문; 저장 원문 문맥,"○ 7일 미사역 대합실에서 이재명 도지사, 김상호 시장, 시민 등 120여명 참석한 가운데 ‘하남시 지하철 시대 개막’ 축하 개통식 열어 김상호 하남시장은 “하남 5호선 개통은 서울과 경기, 원도심과 신도시, 사람과 일자리를 잇는 하남시의 꿈에 한걸음 다가서는 계기가 될 것”이라며 지하철 개통이 갖는 의미를 강조했다. 하남시는 개통을 하루 앞둔 7일, 경기도와 시 주관으로 지하철 시대의 개막을 축하하는 ‘하남선 1단계(미사역~하남풍산역) 개통식’을 미사역 대합실에서 개최했다고 밝혔다. 이날 행사는 코로나19로 인한 사회적 거리두기를 적용, 이재명 경기도지사, 김상호 시장, 주요인사 및 시민 등 120여명만 참석해 진행됐다. 행사는 동영상으로 사업경과 보고를 받은 후, 이 도지사의 기념사와 김 시장 등 주요인사의 축사, 홀로그램을 활용한 세리머니 순으로 진행됐다.",high,ai_draft,True
EV-F018,SRC-F018,,하남 교산,service,basic_service,2021-03-27,day,2021-03-27,2021-03-27,rail,하남선(5호선 연장),adjacent_corridor,,첫 열차 출발,https://www.hanam.go.kr/sosik/selectBbsNttView.do?bbsNo=1164&integrDeptCode=&key=10048&nttNo=321801&pageIndex=258&searchCnd=all&searchCtgry=&searchKrwd=&selectPageUnit=,data/raw/evidence/documents/하남 교산/2021-03-26_지하철_5호선_하남선_전_구간_개통.html,8075b0e7df9f7dbaf71bc879d8388fe5e3e8db8f74e6e4b74926612667684f1a,,,본문; 저장 원문 문맥,"종합적으로 감안해 10대 뉴스로 최종 결정했다. 올 한 해 하남을 빛나게 한 주요 뉴스를 살펴본다. ① 지하철 5호선 전 구간 개통…‘지하철 시대’ 활짝 지하철 5호선 ‘하남선’ 2단계 구간인 ‘하남시청(덕풍·신장)역-하남검단산역’이 지난 3월 27일 오전 5시 30분 첫 운행을 시작했다. 이에 따라 2020년 8월 운영을 시작한 1단계 구간인 미사역-하남풍산역에 이어 지하철 5호선 ‘하남선’ 전 구간이 개통하게 됐다. ‘하남선’은 기존 5호선 종착역인 서울시 강동구 상일동역에서부터 강일역, 미사역, 하남풍산역, 하남시청(덕풍·신장)역, 하남검단산역까지 총 7.7㎞를 연결하는 노선이다. 지난 2015년 착공했으며, 총 사업비는 9,810억 원으로 이 가운데 시비는 833억이 투입됐다.",high,ai_draft,True
EV-F019,SRC-F019,,고양 창릉,occupancy,occupancy_planned_block,Jan-28,month,2028-01-01,2028-01-31,,,block,A-4,입주예정월,https://apply.lh.or.kr/lhapply/apply/wt/wrtanc/selectWrtancInfo.do?aisTpCd=39&ccrCnntSysDsCd=02&mi=1027&panId=0000060802&uppAisTpCd=39,data/raw/evidence/documents/고양 창릉/2025-01-31_고양창릉_A-4블록_신혼희망타운_입주자모집공고.html,e4a387df85f8daae54bf9abeeb928f870bf686f83a27d2b04baa393e1403fadd,,,공급정보 A-04; 저장 원문 문맥,* 전용면적(㎡) : 55.78 ~ 55.98 * 총 세대수 : 900 * 난방방식 : 지역난방 * 입주예정월 : 2028년 01월 #### 단지 관련 이미지 정보 다운로드 버튼을 클릭하여 이미지 파일 다운로드가 가능합니다. 다운로드 __,high,ai_draft,True
EV-F020,SRC-F020,,고양 창릉,occupancy,occupancy_planned_block,Jan-28,month,2028-01-01,2028-01-31,,,block,S-5,입주예정일,https://apply.lh.or.kr/lhapply/apply/wt/wrtanc/selectWrtancInfo.do?aisTpCd=05&ccrCnntSysDsCd=02&mi=1027&panId=0000060807&uppAisTpCd=05,data/raw/evidence/documents/고양 창릉/2025-01-31_고양창릉_S-5블록_공공분양주택_입주자모집공고.html,19b4c82a88778520cbffc6fc57418825966d34b995b62ff6965cd59d3083eb81,,,공급정보 S-05; 저장 원문 문맥,* 전용면적(㎡) : 51.91 ~ 84.96 * 총 세대수 : 759 * 난방방식 : 지역난방 * 입주예정일 : 2028년 01월 #### 단지 관련 이미지 정보 다운로드 버튼을 클릭하여 이미지 파일 다운로드가 가능합니다. 다운로드 __,high,ai_draft,True
EV-F021,SRC-F021,,고양 창릉,promise,promise_date,미정,unknown,,,rail,고양은평선,district,,신설을 추진,https://www.molit.go.kr/mta/USR/N0201/m_36770/dtl.jsp?id=95084988&lcmspage=1,data/raw/evidence/documents/고양 창릉/2020-12-29_남양주왕숙_고양창릉_신도시_교통대책_확정.html,8ee7a86658599816f214698b17e6e112177ba0732f00d6aeccf725dfc5e59a66,data/raw/evidence/imported/SRC-F009/201230(조간)남양주왕숙_고양창릉 신도시 교통대책 확정(공공택지기획과 광역교통정책과).hwp,28b1bacbe0ea7e9ad4dd42c5659f47b22ef4a07e27221f47169c6838b10f657e,고양창릉 대책; 저장 원문 문맥,"등 기존 도로의 교통여건도 개선될 것으로 기대된다. [ 2. 고양창릉 광역교통개선대책 ] ◈ 고양~서울 은평간 도시철도 등 16개 사업에 총 2조 2천억원 투입 고양창릉지구는 대중교통 확충 부분 중 핵심사업으로 고양~서울 은평 간 도시철도 건설와 GTX-A 창릉역 신설을 추진한다. 또한, 고양시 지역 내 철도 소외지역 간 연계를 위해 대곡~고양시청, 식사~고양시청 신교통수단 사업을 계획하였다. * 대곡∼고양시청 신교통수단사업은 기존 교외선 활용 예정 버스 대중교통을 이용해 고양시 인근 도심지를 쉽고 빠르게 접근할 수 있도록 사업지 남북에 위치한 중앙로 및 통일로 BRT 연계를 위한",high,ai_draft,True
EV-F022,SRC-F022,,고양 창릉,promise,promise_date,미정,unknown,,,rail,고양은평선,district,,집중 투자,https://www.molit.go.kr/2024plan_traffic/news/bodo_2.pdf,data/raw/evidence/bodo_2.pdf,90f107e315964eadde4d306bc9bd50f6b4883562335c9cbb3a6a6c4b486b8c77,,,11쪽 북부권; 저장 원문 문맥,"* (양주신도시 : 국도 3호선 확장) 국토부가 사업 규모 조정‧중재 등으로 약 3년 단축 <고양 창릉> <양주 신도시> ➊고양은평선 ➋화전역 환승시설 ➊,➋국도3호선 확장 - 12 - ㅇ (서부권) 인천계양, 부천대장등에약1조원(5개사업) 투자",high,ai_draft,True
EV-F023,SRC-F023,,고양 창릉,operation,actual_operation,2024-12-28,day,2024-12-28,2024-12-28,rail,GTX-A 운정중앙~서울역,adjacent_corridor,,개통,https://www.molit.go.kr/USR/NEWS/dtl.jsp?id=95090469&lcmspage=47,data/raw/evidence/documents/고양 창릉/2024-12-11_GTX-A_운정중앙_서울역_구간_12월_28일_개통.html,7a6ec410b2924164a236a0822a7dc0c53f48a479da8f2a672f6dae714cf189e1,,,제목; 저장 원문 문맥,"* 보도자료 ### _보도자료_ _프린트_ #### GTX-A ‘운정중앙~서울역’구간, 12월 28일 개통 * 27일, 개통기념식 및 사전시승식 행사 등 개최 * **담당부서** 광역급행철도건설과 * **등록일** 2024-12-11 11:00",high,ai_draft,True
EV-F024,SRC-F024,,고양 창릉,operation,actual_operation,2023-07-01,day,2023-07-01,2023-07-01,rail,서해선 대곡~소사,adjacent_corridor,,개통,https://www.molit.go.kr/USR/NEWS/m_72/dtl.jsp?id=95088517&lcmspage=5,data/raw/evidence/documents/고양 창릉/2023-06-30_대곡_소사_복선전철_7월_1일_개통.html,805805051e9bff565c9ea87ca545c58172d6fb52684c432d4476e5a0522eaf17,,,제목; 저장 원문 문맥,"* 참고 · 설명자료 ### _참고 · 설명자료_ _프린트_ #### [참고] 대곡～소사 복선전철 7월 1일 개통 * 경기 서북부지역 종단 전철 연결로 교통 소외 해소 * 고양에서 부천간 이동시간이 67분에서 19분으로 48분 단축, 수도권 30분대 출？퇴근 교통망 조성 * **담당부서** 철도투자개발과",high,ai_draft,True
EV-F025,SRC-F025,,부천 대장,occupancy,occupancy_planned_block,Nov-27,month,2027-11-01,2027-11-30,,,block,A5,입주예정월,https://apply.lh.or.kr/lhapply/apply/wt/wrtanc/selectWrtancInfo.do?aisTpCd=42&ccrCnntSysDsCd=03&panId=2015122300020448&uppAisTpCd=39,data/raw/evidence/documents/부천 대장/2026-07-23_부천대장_A5_A6블록_행복주택_입주자_최초모집.html,a2c5229416956e228a75c90d8b04952434069c504ad625280c6dea584731fd86,,,공급정보 A5·A6; 저장 원문 문맥,* 전용면적(㎡) : 46.89~55.93 * 총 세대수 : 314 * 난방방식 : 지역난방 * 입주예정월 : 2027.11 #### 단지 관련 이미지 정보 다운로드 버튼을 클릭하여 이미지 파일 다운로드가 가능합니다. 다운로드 __,high,ai_draft,True
EV-F026,SRC-F026,,부천 대장,occupancy,occupancy_planned_block,Jan-28,month,2028-01-01,2028-01-31,,,block,A8,입주예정일,https://apply.lh.or.kr/lhapply/apply/wt/wrtanc/selectWrtancInfo.do?aisTpCd=05&ccrCnntSysDsCd=02&mi=1027&panId=0000060865&uppAisTpCd=05,data/raw/evidence/documents/부천 대장/2025-04-30_부천대장_A8블록_공공분양주택_입주자모집공고.html,a3f97246c7b08c98b53bbd90c7304fa0c90093ff5dce1ea14ba53279df9073d0,,,공급정보 A8; 저장 원문 문맥,* 전용면적(㎡) : 59.42 ~ 59.69 * 총 세대수 : 392 * 난방방식 : * 입주예정일 : 2028년 01월 #### 단지 관련 이미지 정보 다운로드 버튼을 클릭하여 이미지 파일 다운로드가 가능합니다. 다운로드 __,high,ai_draft,True
EV-F027,SRC-F027,,부천 대장,promise,promise_date,미정,unknown,,,sbrt,계양~대장 S-BRT,district,,설치·구축한다,https://www.molit.go.kr/mta/USR/N0201/m_36770/dtl.jsp?id=95085094&lcmspage=2,data/raw/evidence/documents/부천 대장/2021-01-24_인천계양_부천대장_광역교통개선대책_확정.html,154c414897c7d63020ea7b9608ecd089af1a1ed7f4185e759a77ac2f09fef7b1,,,인천계양·부천대장 대중교통 대책; 저장 원문 문맥,"추진할 계획이다. 금번 교통대책이 확정된 인천계양, 부천대장은 서로 인접한 지구임을 감안하여 신도시 간 연계성을 강화하기 위해 두 지구를 통합하여 광역교통개선대책을 수립하였다. 대중교통 부분은 김포공항역~계양지구~대장지구~부천종합운동장을 잇는 S-BRT* 등 신교통수단을 설치하여 주변 철도노선(5*7*9호선, 공항철도, GTX-B 등)으로의 원활한 연계가 가능한 교통망을 구축한다. * Super BRT : BRT(간선급행버스체계) 일종으로 지하철 수준의 속도ㆍ정시성을 갖춘 최고급형 BRT 도로교통 부분은 국도39호선(벌말로) 확장, 경명대로 신설, 오정로 확장 등을 통해 도로용량을 확보하고 도로 간 연계성을 개선하여 광역교통",high,ai_draft,True
EV-F028,SRC-F028,,부천 대장,promise,promise_date,2026,unknown,,,sbrt,계양~대장 S-BRT,district,,차질 없이 추진,https://www.molit.go.kr/mta/USR/WPGE0201/m_36794/DTL.jsp,data/raw/evidence/documents/부천 대장/확인불가_BRT_고급화_S-BRT__추진.html,ea7e2a95951f422d9bc6adee96f50dae36ad3fbc19b3e1d59600f6fbb5e48c15,,,S-BRT 시범사업 목록; 저장 원문 문맥,"(모란사거리-단대 오거리-남한산성) | L=9.3km (도계광장-가음정사거리) | L=22.9km (세종BRT 고급화) 사업기간 | ’19～’26 | ’21～’26 | ’21～’24 | ’19～’24 | ’17～’22 시행주체 | LH | 인천광역시 | 성남시 | 창원시 | LH ##### 기존 BRT와 S-BRT 사진대지 기존 BRT와 S-BRT의 사진대지 목록으로 구분, 기존 BRT(교차로처리, 정류장, 차량, 수평승하차), S-BRT(교차로처리, 정류장, 차량, 수평승하차)정보가 확인됩니다. 구분 | 기존 BRT | S-BRT",high,ai_draft,True
EV-F029,SRC-F029,,부천 대장,operation,actual_operation,2023-07-01,day,2023-07-01,2023-07-01,rail,서해선 대곡~소사,adjacent_corridor,,개통,https://www.molit.go.kr/USR/NEWS/m_72/dtl.jsp?id=95088517&lcmspage=5,data/raw/evidence/documents/부천 대장/2023-06-30_대곡_소사_복선전철_7월_1일_개통.html,3a440438e7ec34858de3d17f59dba5933f55f9ce9ba439a881006c9271a68f11,,,제목; 저장 원문 문맥,"* 참고 · 설명자료 ### _참고 · 설명자료_ _프린트_ #### [참고] 대곡～소사 복선전철 7월 1일 개통 * 경기 서북부지역 종단 전철 연결로 교통 소외 해소 * 고양에서 부천간 이동시간이 67분에서 19분으로 48분 단축, 수도권 30분대 출？퇴근 교통망 조성 * **담당부서** 철도투자개발과",high,ai_draft,True
EV-F030,SRC-F030,,부천 대장,operation,actual_operation,2023-07-01,day,2023-07-01,2023-07-01,rail,서해선 대곡~소사,adjacent_corridor,,전 구간 개통,https://bucheon.go.kr/site/homepage/menu/viewMenu?menuid=148006006003003002,data/raw/evidence/documents/부천 대장/2025-11-03_소사-대곡선_사업현황.html,f66b4990197018219272aa85631fc7d627478966c4bb87d39cfeebd96de64df8,,,추진현황; 저장 원문 문맥,* **2021\. 6.** : 실시계획변경(7차) 고시(사업기간 ~2023.1.31.) * **2021\. 4분기** : 부천구간(소사~원종) 공정률 100% * **2023\. 1.** : 실시계획변경(9차) 고시(사업기간 ~2023.6.30.) * **2023\. 7. 1** : 전 구간 개통 **최종수정일 :** 2025-11-03 * **정보제공부서 :** 교통정책과 철도정책팀 * **전화번호 :** 032-625-3854,high,ai_draft,True
EV-H001,SRC-H001,,화성 동탄2,occupancy,occupancy_first_actual,Jan-15,month,2015-01-01,2015-01-31,,,district,,첫 입주 시작,https://www.lh.or.kr/gallery.es?act=view&b_list=8&bid=0003&keyField=&list_no=7977&mid=a10502000000&nPage=342&orderby=&vlist_no_npage=547,data/raw/evidence/documents/화성 동탄2/2015-01-23_LH_수도권_최대_신도시_동탄_2_지구__첫_입주_시작.html,186fbbd4158f0d99383f971b740a45594b0d65ff222357ec2be35ed32576ecdc,data/raw/evidence/imported/SRC-H001/20150123_ 동탄2신도시 첫 입주.hwp,27b6ad3d1a72070c73aaf3ae06cfcea168bc56e728a1e093ebc847b56e66ae08,제목; 저장 원문 문맥,"* 링크 공유하기 공유하기 닫기 페이지 인쇄 ## LH 수도권 최대 신도시 동탄(2)지구, 첫 입주 시작 * **등록일** 2015-01-23 .. **첨부파일**",high,ai_draft,True
EV-H002,SRC-H002,,화성 동탄2,occupancy,occupancy_first_planned,Sep-12,month,2012-09-01,2012-09-30,,,district,,이루어지도록 할 계획,https://www.molit.go.kr/USR/NEWS/m_18578/dtl.jsp?id=155208949&lcmspage=157,data/raw/evidence/documents/화성 동탄2/2007-05-11_동탄_2_신도시_개발계획_확정.html,192e29362a4c1c7ffd0383a68178cc767e91130b425d82bd9667b9cfc87350aa,,,본문 입주계획; 저장 원문 문맥,"또한, 광역 녹지축을 보전하면서 풍부한 수변공간을 최대한 활용하고 전원형 주거단지와 교육과 커뮤니티 공간이 통합된 주거단지를 함께 개발하여 기존의 택지지구와는 차별화된 품격 높은 주거단지의 새로운 모델을 제시하게 될 것입니다. ******▶**** 동탄2 신도시 추진일정****-2010년 분양, 2012년 입주** 앞으로의 동탄 2지구 신도시 추진일정을 말씀 드리면, 내년 2월까지 구체적인 유형별·규모별 주택공급계획과 광역교통대책의 내용을 담는 개발계획을 수립하고, 이후 토지보상·실시계획 수립 등의 절차를 거쳐 첫 주택분양은 오는 2010년 2월에, 최초 입주는 2012년 9월 이전에 이루어지도록 할 계획입니다. 특히 '先 교통대책 - 後 입주'의 원칙하에 분당 등 기존 신도시 이상의 수준으로 직통고속도로·전철 등 광역교통망을 입주 이전에 완벽하게 갖추도록 하여 경부축의 혼잡을 예방하고 수도권내 주요 거점과의 상호 접근성이 뛰어난 중핵도시로서의 기능이 확보되도록 할 계획입니다.",medium,ai_draft,True
EV-H003,SRC-H003,,화성 동탄2,promise,promise_date,2024-H1,half_year,2024-01-01,2024-06-30,rail,GTX-A 수서~동탄,district,,'24.上 수서~동탄 구간 부분 개통 예정,https://www.molit.go.kr/mta/USR/N0201/m_36770/dtl.jsp?id=95087345&lcmspage=5,data/raw/evidence/documents/화성 동탄2/2022-10-26_수원호매실_화성동탄2_광역교통_특별대책.html,13a063885f63b7ed81d889fc19b67294ea7b718629b3e158a3c951490f286f1a,data/raw/evidence/imported/SRC-H003/221026(석간)_수원_호매실_화성_동탄2_광역교통특별대책_발표(광역교통정책과).hwpx,74559c5998f914659f03ac463e5d3dcc84711904e8cf927c4592cff20c181fcb,화성동탄2 대책; 저장 원문 문맥,"2\. 화성동탄2 광역교통 특별대책 GTX-A(삼성~동탄2), 동탄도시철도(트램) 등 주요 교통시설이 제공*되기까지 서울 및 인근 철도역 등으로의 편리한 이동을 위하여 대중교통 수단을 중점적으로 투입할 계획이다. * (GTX-A) '24.上 수서~동탄 구간 부분 개통 예정, (동탄트램) '27.12월 개통 예정 우선, 강남*서울*잠실 등 서울 방면 광역버스 확대를 통해 안정적인 운행(출*퇴근시간, 낮*주말)을 지원하고 이용 편의를 개선한다. 전일 운행하는 정규버스 9대 추가 투입, 출퇴근 전세버스 19회 증회 운행, 2층 전기버스 12대 도입 등 공급물량을 대폭 확대하고, 준공영제 노선으로 단계적 전환을 통해 안정적인 서비스 제공을 지원한다.",high,ai_draft,True
EV-H004,SRC-H004,,화성 동탄2,promise,promise_date,미정,unknown,,,express_bus,동탄 광역버스,district,,신설·증차,https://www.molit.go.kr/mta/USR/N0201/m_36770/dtl.jsp?id=95086846&lcmspage=1,data/raw/evidence/documents/화성 동탄2/2022-06-16_수원호매실_화성동탄2_광역교통_특별대책_주민간담회.html,8373e47f77ceeaf11f8f57611ad1bf042889d32f5045388bfcab532e3114134e,,,화성동탄2 개선안; 저장 원문 문맥,"* (광역교통개선대책) 신도시 등 대규모 개발사업(면적 50만m2 또는 인구 1만명 이상)에 따른 교통문제 완화와 선교통-후개발 추진을 위하여 도입 대광위는 호매실과 동탄2 지구에서 추진 중인 광역철도(신분당선 호매실 연장, GTX-A 삼성~동탄 구간) 등 주요 광역교통시설이 확충되는 동안 두 지구에서의 광역교통 불편 완화를 위하여, 지자체(수원*화성시), LH(개발사업시행자), 한국교통연구원 등과 함께 서울 방면 등에 대한 광역버스 증차, 출*퇴근 전세버스 도입 등의 특별대책을 마련하고 있다. 대광위는 두 지구의 광역교통특별대책을 마련하는 과정에서 이번 주민간담회를 통해 제기되는 입주민들의 다양한 의견을 검토하여 입주민들에게 체감도가 높은 교통대책들을 특별대책에 반영하고, 향후 광역교통 불편해소에 도움이 되는 의견들의 경우에는 제도개선 등을 적극 검토할 계획이다. 호매실, 동탄2 지구에 대한 특별대책을 마무리한 이후에는 현재 사업시행자(LH)가 광역교통특별대책(안)을 마련 중인 평택 고덕지구에 대해서도",medium,ai_draft,True
EV-H005,SRC-H005,,화성 동탄2,operation,actual_operation,2024-03-30,day,2024-03-30,2024-03-30,rail,GTX-A 수서~동탄,corridor,,개통·첫 열차 출발,https://www.molit.go.kr/USR/NEWS/m_72/dtl.jsp?id=95089607&lcmspage=2,data/raw/evidence/documents/화성 동탄2/2024-03-29_GTX-A_수서_동탄_구간_3월_30일_개통.html,8d574faa72a6fcb866671e00af961c8a3435f8db51695c18c372357547b79bc7,,,제목 및 운행개시 안내; 저장 원문 문맥,"* **담당부서** 수도권광역급행철도과 * **등록일** 2024-03-29 13:06 * **조회수** 5285 * **첨부파일** 240329(참고)_GTX-A_수서~동탄_3월_30일_개통(수도권광역급행철도과).hwpx (20210Kbyte) 바로보기 __ 240329(참고)_GTX-A_수서~동탄_3월_30일_개통(수도권광역급행철도과).pdf (3762Kbyte) 바로보기 _목록_ * 국토교통부와 관련된 각종 언론에 대한 반박자료입니다. * 국토교통부 참고 · 해명자료 저작물은 ""공공누리""의 공공저작물 자유이용허락 표시제도에 따라 누구나 이용할 수 있습니다.",high,ai_draft,True
EV-H006,SRC-H006,,화성 동탄2,operation,actual_operation,2016-12-09,day,2016-12-09,2016-12-09,rail,SRT 수서~부산·목포,corridor,,본격적인 운행에 들어갔다,https://www.srail.or.kr/cms/article/view.do?pageId=KR0502000000&postNo=56,data/raw/evidence/documents/화성 동탄2/2016-12-09__Start_SRT__기대_속_첫_출발.html,afe281f924c5c9a6d36b273d524df37506d339837651f6160fe0b006d24eab68,,,본문; 저장 원문 문맥,"SR 소식 게시글 - “Start SRT” 기대 속 첫 출발의 배포일자, 내용 제공표 “Start SRT” 기대 속 첫 출발 --- 배포일자 | 2016-12-09 **오전 9일 5시10분 수서역 첫 열차 출발 … 첫 고객은 19세 예비 대학생** 고속열차 SRT가 9일(금) 오전 5시10분 목포행 651열차를 시작으로 본격적인 운행에 들어갔다. 수서역을 출발한 SRT 651열차는 오송, 익산을 거쳐 2시간 14분만인 7시24분 목포역에 정시 도착했다. 이날 첫 고객인 정해찬씨(19세, 학생)는 ""SRT 첫 열차의 첫 번째 고객이 되고 싶어 밤잠을 설치며 예매했다""며, ""새로운 고속철도의 첫 고객이 되기 위해 노력한 만큼 SR도 고객이 원하는 서비스를 제공하기 위해 최선을 다해달라""며 여행길에 올랐다. 첫",high,ai_draft,True
EV-H007,SRC-H007,,김포 한강,occupancy,occupancy_first_actual,Jun-11,month,2011-06-01,2011-06-30,,,district,,첫 입주,https://www.molit.go.kr/USR/NEWS/m_71/dtl.jsp?id=95068404&lcmspage=346,data/raw/evidence/documents/김포 한강/2011-06-30_김포한강신도시_아파트_첫_입주_등_입주물량_증가세.html,9ad6d54a2e031812263f4e52c1c1a6da2f6a69c9ef0c2c261dfc10f1c386d0ce,,,제목 및 본문; 저장 원문 문맥,"* 보도자료 ### _보도자료_ _프린트_ #### 김포한강신도시 아파트 첫 입주 등 입주물량 증가세 * **담당부서** 주택정책과,공공주택개발과 * **등록일** 2011-06-23 11:00 * **조회수** 3390",high,ai_draft,True
EV-H008,SRC-H008,,김포 한강,occupancy,occupancy_first_actual,Jun-11,month,2011-06-01,2011-06-30,,,district,,첫 입주에 맞춰,https://kms.ggc.go.kr/cms/mntsViewer.do?mntsId=718,data/raw/evidence/documents/김포 한강/2011-05-03_경기도의회_제258회_임시회_회의록.html,4383ab01a57617fd5f9f980139afe773bf414b256f1f7dba188b4509bc0153e9,,,교통건설국 업무보고; 저장 원문 문맥,"첫 번째, 김포한강신도시 입주에 따른 신속한 교통대책 수립에 대해 말씀드리겠습니다. 현재 김포시는 김포한강신도시를 비롯한 각종 대단위 택지개발사업 등이 진행되고 있고 올해 6월부터 신도시 첫 입주가 시작됩니다. 당연히 교통수요가 급증할 수밖에 없는 상황입니다. 그러나 신도시 개발 등에 따른 교통수요를 감당할 도로교통망 확충이나 대중교통시설인 광역노선 신설 등의 대책이 부진해 국도48호선을 비롯한 관내 도로의 심각한 교통체증으로 인한 교통난을 우려하지 않을 수 없는 상황입니다. 6월 한강신도시 첫 입주에 맞춰 김포한강로가 개통된다고 하지만 서울외곽순환고속도로 김포IC에서 이를 이용할 수 있는 방법이 없어 김포지역의 최대 교통정체구간인 신곡사거리는 출퇴근 시간대만 되면 그야말로 아수라장이 될 게 불 보듯 뻔한 일입니다. 이에 본 의원은 김포한강신도시 입주에 따른 적절한 교통대책 마련이 시급한 시점에 이르렀다는 것을 말씀드리며 몇 가지 제안과 함께 적극적인",medium,ai_draft,True
EV-H009,SRC-H009,PDF-012,김포 한강,promise,promise_date,2018,year,2018-01-01,2018-12-31,rail,김포도시철도(김포골드라인),adjacent_corridor,,개통 예정,https://lh.or.kr/boardDownload.es?bid=0034&list_no=646642&seq=3,data/raw/evidence/(참고자료)김포양곡_행복주택_사회적기업공간_위치_및_공간현황.pdf,a3c74951c8e5c04931fc3d631c069bf6b22718e2978eb0d577e1941c58393e7f,data/raw/evidence/(참고자료)김포양곡_행복주택_사회적기업공간_위치_및_공간현황.pdf,a3c74951c8e5c04931fc3d631c069bf6b22718e2978eb0d577e1941c58393e7f,6~7쪽 교통망도; 저장 원문 문맥,"●김포한강로 올림픽대로까지 연결(고촌~운양, 11㎞) 등 10개 구간이 신설·확장 ●김포한강신도시 인근 연계도로 8개 노선(15.5㎞)의 신설·확장으로 지역간 교통 원활 ●김포지역과 일산신도시를 연결하는 8차선 일산대교가 개통되어 일산신도시와 동시생활권 ●김포도시철도 2018년 개통 예정 ●제2외곽순환도로(김포 양촌 - 인천 중구) 2017년 3월 개통 자연과 아울러 서울에 더 가깝게 - 수도권전역을 생활권으로 하는 미래형 친환경 도시",high,ai_draft,True
EV-H010,SRC-H010,PDF-013,김포 한강,promise,promise_date,2018,year,2018-01-01,2018-12-31,rail,김포도시철도(김포골드라인),district,,개통 예정,https://lh.or.kr/boardDownload.es?bid=0034&list_no=646666&seq=3,data/raw/evidence/(참고자료)김포한강_행복주택_사회적기업공간_위치_및_공간_현황.pdf,e1ebc0fea640403e26a71cfea8ebace74b5da734ea1371ad0713ba9974d0da49,data/raw/evidence/(참고자료)김포한강_행복주택_사회적기업공간_위치_및_공간_현황.pdf,e1ebc0fea640403e26a71cfea8ebace74b5da734ea1371ad0713ba9974d0da49,6~7쪽; 저장 원문 문맥,"※ 김포도시철도 노선 및 역사 등은 김포도시철도 건설 사업계획 승인(국토교통부고시제2014-149호)에 의한 사업계획이며, 향후 실시설계 결과 등에 따라 변경될 수 있습니다. 김포한강 행복주택 쾌속교통환경으로 더 빠르고 더 편리하게! ▶ 지하철 5, 9호선과 연결되는 김포도시철도 구래역 2018년 개통 예정 ▶ 올림픽대로와 연결된 김포고속화도로와 48번 국도로 여의도까지 약 30분 ▶ 약 10분 거리에 제2외곽순환도로 연결로 일산,청라,송도까지 접근성 우수 ▶ 김포한강신도시 인근 연계도로 8개 노선(15.5㎞)의 신설·확장으로 지역간 교통 원활",high,ai_draft,True
EV-H011,SRC-H011,PDF-088,김포 한강,operation,actual_operation,2019-09-28,day,2019-09-28,2019-09-28,rail,김포도시철도(김포골드라인),district,,첫 출발,https://gimpo.go.kr/news/selectBbsNttView.do?bbsNo=466&key=9377&nttNo=94282&pageIndex=124&pageUnit=10&searchCnd=all&searchKrwd=%EC%96%B4%EB%A6%B0%EC%9D%B4,data/raw/evidence/documents/김포 한강/2019-09-27__김포_지하철시대_열렸다__28일_첫_열차_출발.html,a265b079ba28e19d5d576585c0af3b05651915e777695e20644851113feb8e10,data/raw/evidence/보도자료 - 김포시뉴스포털.pdf,dbf7426f5af96c441bb07cbbd80a31ca690cde79a1dc426fac9700ba227bf998,본문 첫 문단; 저장 원문 문맥,"열차 출발 일일 8만9천명 이용…통행수요 10% 담당 전망 국내 최초 기초정부가 건설한 도시철도로 기록빚 내지 않고 완공…서울 5‧9호선 등 환승 편리김포공항 32분, 서울 중심까지 1시간 이내 도달 기본요금 1,250원, 청소년 720원, 어린이 450원수도권환승할인제 적용…어르신, 장애인 등 무료2024년 9월까지 김포골드라인운영㈜에서 운영개통식 없이 안전기원하고 첫 탑승객 맞을 예정정하영 김포시장 “개통 초기 운행안정화에 최선” 김포시(시장 정하영)는 김포도시철도 골드라인이 28일 토요일 새벽 5시 30분 구래역과 김포공항역에서 첫 출발하며 역사적인 개통을 알린다고 밝혔다. 김포도시철도 건설 사업은 2009년 7월 국토교통부의 도시철도건설 기본계획 승인 뒤 2012년 3월 현재의 사업으로 변경 확정됐다. 2014년 3월 착공에 들어가 2018년 11월 공사를 마치고 시설물검증, 영업시운전 등 종합시험운행 절차와 시설물보완 등 개통 준비를 마쳤다. 변경계획으로 사업을 추진한지 7년 6개월, 착공부터 개통까지는 5년 6개월이 걸렸다. 당초",high,ai_draft,True
EV-H012,SRC-H012,,김포 한강,operation,actual_operation,2019-09-28,day,2019-09-28,2019-09-28,rail,김포도시철도(김포골드라인),district,,개통한,https://www.gimpo.go.kr/site/portal/images/contents/cts7619_file01_202512.pdf,data/raw/evidence/documents/김포 한강/2025-12_2035년_김포도시기본계획_변경_주요내용.pdf,0fe071799169540ddae02383e3dcd67457b752ddf6d52e1f0881c4811e3aa8c1,,,철도망 체계 현황; 저장 원문 문맥,"[김포시 가로망 현황도] 99 5) 철도망 체계 현황 ❍ 2019년 9월 28일 개통한 김포골드라인은 김포국제공항에서 김포한강신도시의 구래 역까지 운행하며, 출․퇴근시간대 3분간격, 그 이외시간대 6~12분 간격으로 운행하고 정차역은 10개소, 운행거리는 23.6km, 1일 평일기준 운행횟수는 440번임 ❍ 김포 골드라인 개통에 따라 수송분담율이 점차 증가할 것으로 예상됨",high,ai_draft,True
EV-H013,SRC-H013,,위례,occupancy,occupancy_first_actual,Dec-13,month,2013-12-01,2013-12-31,,,district,,첫 입주를 시작,https://mediahub.seoul.go.kr/archives/2015024,data/raw/evidence/documents/위례/2022_위례신도시_교통_현황과_개선_계획.html,5ad0c40f29df2cbebab51894f18a7aafeffd02c37107512bb52bc8de2ab0e702,,,본문 배경; 저장 원문 문맥,"알아두면 도움되는 교통상식 (296) 내년 개통 위례신도시 노면전차, 실차 모습 공개 위례신도시 건설 당시 모습 (C)송파구청 **위례신도시** 는 서울시 남동쪽에 지어진 대규모 주거단지다. 인접한 성남 분당이 90년대 지어진 1기 신도시였는데, 위례는 판교 등과 함께 21세기 들어 지어진 2기 신도시다. 첫 입주는 2013년 12월에 시작되었다. 위례신도시는 총 면적이 6.8km2이며(여의도 면적의 2.3배), 4.3만 세대에 10.7만 명 수용을 목표로 추진되었다. 목표 인구밀도는 158인/ha이다. 이는 작년 말 기준, 마포구나 은평구와 비슷한 수준이다. 위례신도시는 대규모 단지임에도 불구하고 도시 내부를 관통하는 철도가 없는 게 문제로 지적되어 왔다. 8호선이 있긴 한데 외곽 가장자리로",high,ai_draft,True
EV-H014,SRC-H014,,위례,occupancy,occupancy_planned_block,Nov-15,month,2015-11-01,2015-11-30,,,district_sector,,오는 11월 첫 입주,https://www.hanam.go.kr/sosik/selectBbsNttView.do?bbsNo=1164&integrDeptCode=&key=10048&nttNo=153910&pageIndex=901&searchCnd=all&searchCtgry=&searchKrwd=&selectPageUnit=,data/raw/evidence/documents/위례/2015-07-27_위례신도시_하남권역_입주대비_교통대책.html,7797c1100afd0c85cb91eaf6235494beb7c4a8d7136ebbd4cf8e2c35bb9a9aec,,,본문; 저장 원문 문맥,"“KD운송그룹이 대중교통 개선에 적극적으로 협조해 달라”고 당부했다. 이에 KD운송그룹 허상준 사장은 “하남시가 요청한 잠실행 9302번 노선 증차(6대→10대)를 즉시 시행하고 하반기 미사강변도시 광역노선(강변역 등)의 추가 신설을 추진하겠다”며 “경기순환버스(수원~의정부)의 황산사거리 정류장 경유도 전향적으로 검토하겠다”고 밝혔다. 또, “하남시가 요청한 오는 11월 위례신도시 첫 입주(A3-7BL)를 대비한 시내버스 노선을 개설해 신도시 개발에 따른 민원을 해소 하겠다”며 “휴가시즌을 고려 이달 중순부터 동해, 삼척행 시외버스 노선을 일일 5회 운행함은 물론 이달 말부터는 인천공항버스를 미사강변도시 경유 운행(일9회)해 하남시민들의 편리한 광역 대중교통 이용할 수 있도록 일조하겠다”고 밝혔다. * 개인정보처리방침",high,ai_draft,False
EV-H015,SRC-H015,,위례,promise,promise_date,2026-H2,half_year,2026-07-01,2026-12-31,tram,위례선 트램,district,,개통 목표,https://mediahub.seoul.go.kr/archives/2015526,data/raw/evidence/documents/위례/2025-09-05_위례선_트램__2026년_하반기_개통_목표.html,40bdcb00aff724a8a641044b5ef748ae63fa0f34704ea84ee5b0a51927aa9425,,,제목 및 사업일정; 저장 원문 문맥,"* 인쇄하기 새창열림 * 글자 크기 크게 변경하기 * 글자 크기 작게 변경하기 9월부터 약 한 달간 차량 성능, 안전성 검증…2026년 하반기 정식 개통 목표 트램 위례선 차량 모습 58년 만에 트램(노면전차)이 서울을 다시 달리게 된다. 서울시가 내년 하반기 개통을 목표로 9월 초부터 약 한 달간 한국철도기술연구원 오송시험선 구간에서 위례선(트램)에 대한 '예비주행시험'에 들어간다.",high,ai_draft,True
EV-H016,SRC-H016,PDF-095,위례,promise,promise_date,Dec-26,month,2026-12-01,2026-12-31,tram,위례선 트램,district,,개통 목표,https://mayor.seoul.go.kr/oh/seoul/newsView.do?curPage=4&photoGallerySn=4287,data/raw/evidence/documents/위례/2026_위례선_트램_시운전_현장_점검.html,eb0691b05a0db8fea8ee8ff4fb1496334134756ecf2f8371760df812447e0679,"data/raw/evidence/오 시장, 12월 개통 '위례선 트램' 현장점검… _교통체계 혁신, 지역상권 활성화_ _ 시정뉴스 _ 소통공간 _ 서울특별시장.pdf",91764a04183cf52a403ab40f3f4eb7de4a23120b84df4d271aa7ae5fcc0d0b83,본문; 저장 원문 문맥,"* **카카오톡** * **블로그** 오세훈 서울시장이 58년 만에 다시 도입되는 전국 최초 무가선 노면전차 '위례선 트램' 건설 현장을 찾아 안전성과 연계성 등을 점검하고 12월 정상개통을 위해 서울시의 모든 행정력을 총동원하겠다고 밝혔다. 아울러 위례선트램 개통을 통해 '교통섬'으로 불리던 위례 지역 교통체계 업그레이드하고 지역 상권도 활성화하겠다고 강조했다. 오 시장은 27일(금) 오후 2시 반, 위례선 트램 공사 현장인 위례호수공원역과 장지천교 구간 주요 시설물과 차량 내부를 점검하고, 시민 안전 확보와 완벽한 개통을 위해 만전을 기해달라고 관계자들에게 주문했다.",high,ai_draft,True
EV-H017,SRC-H017,,위례,operation,actual_operation,2021-12-18,day,2021-12-18,2021-12-18,rail,수도권 전철 8호선 남위례역,district,,개통,https://mediahub.seoul.go.kr/archives/2003528,data/raw/evidence/documents/위례/2021-12-16_지하철_8호선_남위례역_18일_개통.html,8bd8f0178588d76612028c4594297b046ddda3b45289e9092fb76e0a5eb7d489,,,본문; 저장 원문 문맥,* 인쇄하기 새창열림 * 글자 크기 크게 변경하기 * 글자 크기 작게 변경하기 8호선 남위례역이 18일 문 연다. 8호선 남위례역이 18일부터 새롭게 문을 연다. 남위례역 개통으로 위례신도시를 포함해 송파구*성남시 및 하남시 거주민들의 교통 편의가 크게 향상될 것으로 보인다. 남위례역은 4만 가구 이상의 대규모 인원이 밀집한 위례신도시의 광역교통개선대책 중 하나로 지어진 역이다. 위례신도시 택지개발사업자인,high,ai_draft,True
EV-H018,SRC-H018,,위례,operation,actual_operation,2023-08-30,day,2023-08-30,2023-08-30,drt,위례 똑버스,district_sector,,개통·운행,https://www.hanam.go.kr/cleanh/cleanhBbsNttWebView.do?key=4348&nttNo=2245,data/raw/evidence/documents/위례/2023-09_하남시_똑버스_운행.html,349f134b0941de89423042e3637348154dc8ca95e3a9b3da0f39f52cfce5ae27,,,교통 안내; 저장 원문 문맥,"• 맨발 걷기 시설 확충해 달라는 시민 요구 반영해 야자매트 둘레길 600m, 건식 황토산책길 200m 조성 • 단조롭던 산책로를 개선해, 야자매트 둘레길로 숲을 산책하고 건식 황토산책길 맨발 걷기로 건강 관리 가능 **똑똑하게 이용하는 하남시 똑버스 운행** • 시민이 원하는 시간과 장소에 찾아오는 수요응답형 버스 8월 30일 개통 • 감일동 3대, 위례동 3대 총 6대 매일 오전 6시 30분 부터 24시 30분까지 운행 • 감일 지역: 감일동 전역+서울시 올림픽공원역, 거여역, 마천역, 마천시장 승하차 위례 지역: 위례동 전역+서울시 장지역, 복정역, 거여역, 마천역 승하차",high,ai_draft,True
EV-H019,SRC-H019,,남양주 다산,occupancy,occupancy_first_planned,Jan-18,month,2018-01-01,2018-01-31,,,district,,최초 주민입주 시기,https://kms.ggc.go.kr/cms/mntsViewer.do?mntsId=9247,data/raw/evidence/documents/남양주 다산/2016-07-18_경기도의회_제312회_임시회_회의록.html,3fc514500716ecb7f54fb787de4ed6ff89e09d04cc941be9deea346ab544af72,,,다산신도시 현안보고; 저장 원문 문맥,"4,400여 세대와 5개 민간업체 4,100여 세대가 100% 분양 완료한 사업지구로 올 상반기에 광역도로 4개 노선과 조경공사를 착공하는 등 부지조성공사 공정률이 60% 수준으로 순조롭게 진행되고 있습니다. 특히 지난해부터 민간 건설업체의 성공적 분양을 지원하기 위하여 고객지원협의체를 구성ㆍ운영 중에 있습니다. 다음 8페이지입니다. 최초 주민입주 시기가 진건지구가 2018년 1월, 지금지구는 2018년 12월에 되어 있기 때문에 여기에 맞춰서 입주에 차질이 없도록 준비에 만전을 기하겠습니다. 다음은 동탄2신도시입니다. 동탄2신도시는 우리 공사와 LH가 20 대 80 지분으로 공동 추진하는 사업으로 우리 공사 구역은 3개 공구 중 2-2공구는 금년 말, 3-2공구는 내년 말에 사업 준공 예정입니다. 또한 5-2공구는 지난해 8월부터 대행개발을 시행 중에 있으며 공정률은 42%가 되겠습니다. 동탄2신도시 랜드마크로 건설 중인 호수공원 조성공사는 내년 6월 준공",high,ai_draft,True
EV-H020,SRC-H020,,남양주 다산,occupancy,occupancy_first_actual,2018,year,2018-01-01,2018-12-31,,,district,,본격적인 입주가 시작,https://gnews.gg.go.kr/briefing/brief_gongbo_view.do?BS_CODE=S017&number=36361,data/raw/evidence/documents/남양주 다산/2018-02-12_다산신도시_입주지원_특별대책반_본격_가동.html,cbfe676c61ddc941745739b811bc43bbb3f5a7a112c0298b4dc0bb62014a2085,,,본문 첫 문장; 저장 원문 문맥,"* 카카오톡 공유 URL URL복사 * 프린트 올해부터 본격적인 입주가 시작되는 ‘남양주 다산신도시’의 조기 정착과 입주 초기 입주민의 불편사항 해소를 위해 경기도가 나섰다. 경기도는 올해 2월부터 유관기관들이 대거 참여할 입주지원 협력 거버넌스 ‘다산신도시 입주지원 특별대책반’을 구성, 본격 운영에 들어간다고 12일 밝혔다. 이번 ‘특별대책반’은 남양주시, 교육청, 경찰서, 소방서 등 공공행정기관과 사업시행자인 경기도시공사, 전기·가스·전력 통신 유관기관 등이",high,ai_draft,True
EV-H021,SRC-H021,PDF-009,남양주 다산,promise,promise_date,미정,unknown,,,rail,별내선(8호선 연장),district,,예정,https://www.gh.or.kr/gh/announcement-of-salerental001.do?articleNo=52607&attachNo=57912&mode=download,data/raw/evidence/(정정공고) 다산신도시 자연앤푸르지오 입주자모집 정정공고(A3).pdf,78e1f182e7fd0b7a08ca5d3c27ae6e6d7fda39a6479c6788bce1f18d7d80e999,data/raw/evidence/(정정공고) 다산신도시 자연앤푸르지오 입주자모집 정정공고(A3).pdf,78e1f182e7fd0b7a08ca5d3c27ae6e6d7fda39a6479c6788bce1f18d7d80e999,교통환경 안내; 저장 원문 문맥,"- 광역도로 등 광역교통망은 국가기관, 지방자치단체에서 계획하여 진행하는 사항으로 일부 변경 및 취소, 개통지연 등이 발생할 수 있으며, 이 경우 사업주체 및 시공 사는 귀책사유가 없습니다. - 주변 공원‧녹지 등은 미확정 상태이며, 다산지금지구 공공주택지구 사업시행자(경기도시공사)의 실시계획에 의해 향후 변경될 수 있습니다. - 사업부지 서측 서울외곽순환도로 남양주IC, 북서측 지하철 8호선 연장선(예정)이 위치하고 있습니다. - 경기도가 주관하여 추진 중인 서울지하철 8호선 연장선(별내선, 암사~별내지구)의 경우는 2014년 12월 기본계획 고시 되었으며, 노선, 개통시기 및 위치 등 사업내용 은 변경될 수 있고, 해당 사업에 의한 공사 및 운행으로 소음, 진동 등의 영향이 있을 수 있습니다. - 사업지구 경계 밖 지장전주는 지중화 대상이 아닙니다.(사업지구 외 구간임)",medium,ai_draft,True
EV-H022,SRC-H022,PDF-040,남양주 다산,promise,promise_date,2022,year,2022-01-01,2022-12-31,rail,별내선(8호선 연장),district,,2022년 준공 예정,https://buy.gh.or.kr/land/svc/announce/land_announce_html.jsp?strFile=00586_201802271541281.jsp,data/raw/evidence/documents/남양주 다산/2018-02-27_다산신도시_상업_주유소용지_공급공고.html,947d3813b20833a7f52050eb889950247ca7f92e84e71745f4a9652b4ddcf3a2,data/raw/evidence/buy.gh.or.kr_land_svc_announce_land_announce_html.jsp_strFile=00586_201802271541281.jsp.pdf,7139dab4d1a5071c526396881c1e3160f3ab1957c9f42437a0cf9a3c533885ab,공급공고 유의사항; 저장 원문 문맥,"○ 사업지구 내 집단에너지공급시설, 전기공급설비, 상수가압장, 가스정압시설, 배수지, 저류지 등이 위치하고 있습니다. ○ 남서측에 남양주시에서 운영하고 있는 도농 제2빗물펌프장이 위치하고 있으며 운영 중 소음, 진동 등의 영향이 있을 수 있습니다. ○ 지구 내 가스공급설비가 위치하고 있으며 운영 중 소음, 진동 등의 영향이 있을 수 있습니다. ○ 사업지구 내 지하철 8호선 연장(별내선) 노선이 예정되어 있으며, 2022년 준공 예정으로 공사 진행에 따른 소음ㆍ진동 등 영향이 있을 수 있습니다. ○ 조경계획 관련 : 공급대상 토지 주변으로 어린이공원, 체육공원, 근린공원, 경관녹지, 보행자전용도로 등이 조성 중이오니 위치를 확인하여 주시고, 공사별 간섭 사항 등을 확인하시기 바랍니다. ○ 남양주 다산지금지구 지구계획 승인 내용에 따라 지구계획 승인내용 및 관계기관 협의내용, 각종 제영향평가1) 협의내용을 준수 바랍니다. ○ 공사 착공 전 다산지금지구의 공사계획평면도 등 최종 승인내용(승인도서 등) 및 지하매설물(한전, 가스, 통신 등) 간섭사항을 확인하여 설계에 반영하여야 합니다.",medium,ai_draft,False
EV-H023,SRC-H023,,남양주 다산,operation,actual_operation,2024-08-10,day,2024-08-10,2024-08-10,rail,별내선(8호선 연장),district,,첫 열차,https://gnews.gg.go.kr/briefing/brief_gongbo_view.do?BS_CODE=s017&number=62697&subject_Code=BO01,data/raw/evidence/documents/남양주 다산/2024-08-10_별내선_개통__첫_열차_운행.html,46c878afe7723b77f7ddfac3796a15c955700305935340ff93d2e072ddba5766,data/raw/evidence/imported/SRC-F012/경기도， 별내선 개통. 남양주 별내에서 잠실까지 27분이면 간다. 김동연， “구리， 남양주. 경기동북부 주민들 교통 숨통 확 트일 것”.hwpx,9cff104b4f41afbe4669f7a111d11ca3712b641fe4d2a7d52e5ec8fa9b6b8b2d,본문; 저장 원문 문맥,"공유 URL URL복사 * 프린트 남양주시 별내역과 서울 암사역을 잇는 지하철 8호선 연장 별내선(암사~별내)이 공식 운행을 앞두고 9일 개통식과 시승식을 가졌다. 별내선은 별내역에서 10일 오전 5시 32분 첫차부터 운행을 시작한다. 남양주 별내에서 잠실까지 이동 시간을 기존 45분에서 27분으로 줄여 경기 동북부 주민들의 교통 여건이 대폭 개선될 전망이다. 9일 오후 2시 별내역에서 열린 개통식에는 김동연 경기도지사, 박상우 국토교통부장관, 오세훈 서울시장, 지역 국회의원, 주민 등이 참석했다. 김동연 경기도지사는 ""별내선은 경기도가 직접 건설하고 시행한 경기북부 최초의 지하철 사업이라는 점에서 아주 남다른 의미를 가지고 있다""면서",high,ai_draft,True
EV-H024,SRC-H024,,남양주 다산,operation,actual_operation,2024-08-10,day,2024-08-10,2024-08-10,rail,별내선(8호선 연장),district,,개통,https://molit.go.kr/atmo/USR/N0201/m_36515/dtl.jsp?id=95090058&lcmspage=77,data/raw/evidence/documents/남양주 다산/2024-08-09__남양주_잠실_27분___8월_10일_별내선_개통.html,2e12c3efeb1f158b5dc6284cf6da6e12bb0d3c00d335d323d50eb16842724139,data/raw/evidence/imported/SRC-H024/240809(조간)_남양주~잠실_27분__8월_10일_별내선_개통(광역시설정책과).hwpx,f4e6597f2b41e5740e7424835f8f210d91934f9b91c4b068d749f613e8817840,제목; 저장 원문 문맥,"공지사항 사업-입찰안내 \- 사업현황 \- 입찰안내 \- 사전규격공고 홍보자료실 보도자료 인사-채용 \- 인사발령 \- 직원채용정보 법령자료 \- 법률 \- 대통령령 \- 부령 \- 훈령/지침/고시 \- 입법예고 항공교통본부 동정 ### _보도자료_ '남양주~잠실 27분', 8월 10일 별내선 개통 혼잡관리 위해 예비열차 투입, 시내·마을버스 신설 등 연계교통체계 정비 천호·잠실·석촌·가락시장·별내역 등에 안전관리 인력 배치 국토부·경기도·서울시, 개통 하루 앞둔 9일 별내선 개통 기념식",high,ai_draft,True
EV-H025,SRC-H025,,하남 미사,occupancy,occupancy_first_actual,Jun-14,month,2014-06-01,2014-06-30,,,district,,첫 입주 시작,https://www.lh.or.kr/gallery.es?act=view&b_list=8&bid=0003&keyField=&list_no=7400&mid=a10502000000&nPage=420&orderby=&vlist_no_npage=672,data/raw/evidence/documents/하남 미사/2014-06-30_LH_미사강변도시_첫_입주_시작.html,8aabe1b7f7511cce6a13994ef8a2bac916de0089e07419d7f0c2c80534a24999,data/raw/evidence/imported/SRC-H025/140630_LH_미사강변도시_첫_입주_시작.hwp,9deb6701eac845967d257f313f011c97ed6ec7eb1114ca44f3e0a42072099b06,제목; 저장 원문 문맥,* 링크 공유하기 공유하기 닫기 페이지 인쇄 ## LH 미사강변도시 첫 입주 시작 * **등록일** 2014-06-30 ... **첨부파일**,high,ai_draft,True
EV-H026,SRC-H026,,하남 미사,occupancy,occupancy_planned_block,Jul-15,month,2015-07-01,2015-07-31,,,block,A12,입주예정월,https://apply.lh.or.kr/lhapply/apply/wt/wrtanc/selectWrtancInfo.do?aisTpCd=08&ccrCnntSysDsCd=02&mi=1026&panId=0000060513&uppAisTpCd=06,data/raw/evidence/documents/하남 미사/2015_하남미사_A12_A16블록_임대주택_공고.html,b80ebe4971273ae1477ba64d399b7b698cb1bd64c64ae016640ad4876422572c,,,공급정보 A12; 저장 원문 문맥,* 전용면적(㎡) : 74.96 ~ 84.92 * 총 세대수 : 664 * 난방방식 : 지역가스난방 * 입주예정월 : 2015년 07월 #### 단지 관련 이미지 정보 다운로드 버튼을 클릭하여 이미지 파일 다운로드가 가능합니다. 다운로드 __,high,ai_draft,True
EV-H027,SRC-H027,,하남 미사,promise,promise_date,2009,unknown,,,rail,하남선(5호선 연장),district,,반영되어 추진됐다,https://www.hanam.go.kr/sosik/selectBbsNttView.do?bbsNo=1164&integrDeptCode=&key=10048&nttNo=221988&pageIndex=392&searchCnd=all&searchCtgry=&searchKrwd=&selectPageUnit=,data/raw/evidence/documents/하남 미사/2020-12-31_하남시_2020년_10대_뉴스.html,5f677f3d1200fa35363643aaef52eebb157d84d90539ee15a04868e77fe3495d,,,하남선 성과 회고; 저장 원문 문맥,"▲여성친화도시 지정 ▲미사도서관 개관 ▲하남교육재단 출범 하남시는 올 한 해 추진한 주요시책 및 성과 10대 뉴스를 선정, 31일 발표했다. 올해 이슈가 된 주요뉴스를 살펴보자. ① 하남시 최대 숙원 ‘지하철 5호선 하남선 1단계 구간 개통’ ‘지하철 5호선 하남선 1단계(미사역~하남풍산역)’가 지난 8월 개통, 운행을 시작했다. 하남선 지하철은 서울 지하철 5호선 강동구 상일동역에서 미사지구, 덕풍동을 거쳐 창우동까지 7.7㎞를 연장하는 사업으로 지난 2009년 하남 미사지구 광역교통개선대책으로 반영되어 추진됐다. 현재 하남선 1단계 구간은 지하철 8량이 평일 출퇴근 시간(첨두 시) 10분, 그 외 시간(비첨두 시)은 12~24분 간격, 공휴일은 12~24분 간격으로 운행 중이다. 현재 일일 미사역 21000여명, 하남풍산역 8000여명의 이용하고 있다. ② 하남방역 대표 모델, 전국 최초‘호흡기감염클리닉’운영",high,ai_draft,True
EV-H028,SRC-H028,PDF-103,하남 미사,promise,promise_date,2020-08-08,day,2020-08-08,2020-08-08,rail,하남선(5호선 연장),district,,개통예정일 지정,https://www.hanam.go.kr/www/selectBbsNttView.do?bbsNo=944&key=3760&nttNo=115091,data/raw/evidence/documents/하남 미사/2020-06_하남선_1단계_개통일_관련_안내.html,d9976457dfd0c4b6efd024d40290267bba47a9f56c14fe6ab74f2f95e5062a25,data/raw/evidence/지하철 하남선 개통에 대하여.pdf,64d6f55fad58be64ef283ac365cab3c13752d7b05688569522b570c1f4438157,현재 진행사항; 저장 원문 문맥,* ○ 2020.04.21. 국토부 대광위 주관 하남선 1단계 개통 관련 관계기관 공정회의 ※ 하남선 1단계 영업시운전 및 개통일 관련 논의 * ○ 2020.05.04. 하남선 복선전철(5호선 연장) 1단계 구간 개통예정일 지정 알림(하남시→국토부 등 관계기관) ※ 개통 예정일 : 2020.08.08.(토) **자세히보기 닫기◀◀** **[종합시험운행일정 ▶▶자세히보기]** **종합시험운행일정(예정)**,high,ai_draft,True
EV-H029,SRC-H029,,하남 미사,operation,actual_operation,2020-08-08,day,2020-08-08,2020-08-08,rail,하남선(5호선 연장),district,,개통·운행,https://www.hanam.go.kr/sosik/selectBbsNttView.do?bbsNo=1164&integrDeptCode=&key=10048&nttNo=210883&pageIndex=426&searchCnd=all&searchCtgry=&searchKrwd=&selectPageUnit=,data/raw/evidence/documents/하남 교산/2020-08-07_하남선_1단계_개통.html,268065f4354f3297624b33b5c737b4af1b40ad90f5bff6b53ce3936878e72500,,,본문; 저장 원문 문맥,"구간을 시승해 보는 시간을 가졌다. 하남선 1단계 구간은 5호선 종착역인 상일동역에서 미사역을 거쳐 하남풍산역까지 총 3개 정거장 4.7km를 오가는 전철노선으로, 지난 2015년 착공 후 5년 5개월 만에 개통을 맞게 됐다. 하남풍산역에서 8일 오전 5시 38분에 출발하는 첫 지하철을 시작으로 운영을 시작하며, 지하철 8량이 평일 출퇴근 시간은 10분, 그 외 시간과 주말 및 공휴일은 12~24분 간격으로 운행될 예정이다. 한편 하남선 2단계구간인 하남시청(덕풍ㆍ신장)역~하남검단산역은 올해 12월 개통을 목표로 마무리 공사가 진행 중이다. 본 저작물은 **""공공누리 제4유형 : 출처표시 + 상업적 이용금지 + 변경금지""** 조건에 따라 이용할 수 있습니다.",high,ai_draft,True
EV-H030,SRC-H030,,하남 미사,operation,actual_operation,2021-03-27,day,2021-03-27,2021-03-27,rail,하남선(5호선 연장),district,,첫 열차 출발,https://www.hanam.go.kr/sosik/selectBbsNttView.do?bbsNo=1164&integrDeptCode=&key=10048&nttNo=321801&pageIndex=258&searchCnd=all&searchCtgry=&searchKrwd=&selectPageUnit=,data/raw/evidence/documents/하남 교산/2021-03-26_지하철_5호선_하남선_전_구간_개통.html,8075b0e7df9f7dbaf71bc879d8388fe5e3e8db8f74e6e4b74926612667684f1a,,,본문; 저장 원문 문맥,"종합적으로 감안해 10대 뉴스로 최종 결정했다. 올 한 해 하남을 빛나게 한 주요 뉴스를 살펴본다. ① 지하철 5호선 전 구간 개통…‘지하철 시대’ 활짝 지하철 5호선 ‘하남선’ 2단계 구간인 ‘하남시청(덕풍·신장)역-하남검단산역’이 지난 3월 27일 오전 5시 30분 첫 운행을 시작했다. 이에 따라 2020년 8월 운영을 시작한 1단계 구간인 미사역-하남풍산역에 이어 지하철 5호선 ‘하남선’ 전 구간이 개통하게 됐다. ‘하남선’은 기존 5호선 종착역인 서울시 강동구 상일동역에서부터 강일역, 미사역, 하남풍산역, 하남시청(덕풍·신장)역, 하남검단산역까지 총 7.7㎞를 연결하는 노선이다. 지난 2015년 착공했으며, 총 사업비는 9,810억 원으로 이 가운데 시비는 833억이 투입됐다.",high,ai_draft,True
EV-U001,SRC-U001,PDF-003,남양주 왕숙,occupancy,occupancy_planned_block,2028년 12월,month,2028-12-01,2028-12-31,,,block,B-17,입주 예정 시기는 2028년 12월입니다,https://apply.lh.or.kr/lhapply/lhFile.do?fileid=64513024,data/raw/evidence/(251127)남양주왕숙_B-17BL_공공분양_입주자모집공고문.pdf,0f2f8e767b8aaf98df7013e0bdfb1f133a23c7e784c22ac5ab774d071ffa4e37,data/raw/evidence/(251127)남양주왕숙_B-17BL_공공분양_입주자모집공고문.pdf,0f2f8e767b8aaf98df7013e0bdfb1f133a23c7e784c22ac5ab774d071ffa4e37,p.4 공급대상 표; p.5 유의사항,"※ 입주 예정 시기는 ‘2028년 12월입니다. 건축공정 등 현장 여건에 따라 변동될 수 있으며, 정확한 입주 시기는 추후 개별 안내할 예정입니다.",high,ai_draft,True
EV-U002,SRC-U002,PDF-006,하남 교산,occupancy,occupancy_planned_block,2029년 06월,month,2029-06-01,2029-06-30,,,block,A2,입주예정 시기는 2029년 6월로 예정,https://apply.lh.or.kr/lhapply/lhFile.do?fileid=61520164,data/raw/evidence/(정정)250424_교산푸르지오더퍼스트_입주자모집공고.pdf,08438e6ac19967e88de5ae5dfe94e8f5bd891efefd0eb07195d96045b0707fa6,data/raw/evidence/(정정)250424_교산푸르지오더퍼스트_입주자모집공고.pdf,08438e6ac19967e88de5ae5dfe94e8f5bd891efefd0eb07195d96045b0707fa6,p.5 공급대상 표,"입주예정 시기는 2029년 6월로 예정되어 있으나, 공정에 따라 변동될 수 있으며, 정확한 입주 시기는 추후 개별 안내할 예정입니다.",high,ai_draft,True
EV-PDF-001-OCCU-1,SRC-PDF-001-OCCU-1,PDF-001,고양 창릉,occupancy,occupancy_planned_block,2029,year,2029-01-01,2029-12-31,,,block,A-4,예정;계획,https://apply.lh.or.kr/lhapply/lhFile.do?fileid=60487776,data/raw/evidence/(250131)고양창릉A-4블록신혼희망타운(공공분양)입주자모집공고문.pdf,e9ecf26d9d265a70fb06ab20847c338f10a9bf24ef3dbf6ed58c57c6a251b931,,,PDF p.27,"유소 등이 위치하고 있음 - 지구 북측과 남측에 유보지가 위치하며, 유보지의 용도는 추후 결정 예정임 - 지구 내 학교 등 각종 교육시설은 개발(실시)계획의 변경, 해당 관청의 학교설립시기 조정 및 설립계획 보류(소)요청 등에 의하여 추후 변경될 수 있으며, 설립계획 및 학생 수용계획 은 향후 공동주택 입주시기 및 학생수 등을 감안하여 해당 관청에서 결정하는 사항이므로 변경될 수 있음 - 교육청의 학교설립계획의 변경으로 인하여 당해지구 내 학교부지가 취소 및 위치나 면적이 변경될 수 있으며, 당해 지구 내 계획 중인 신설학교는 교육여건 변화에 따라 변경 될 수 있음 - 당해 지구 내 신설학교 배정 및 인근 학교 배치 등 각종 교육시설은 해당관청(고양교육지원청)에 문의하시기 바람 - 지구 내 학교, 공공시설 등의 용지는 해당 기관의 수요가 없을 경우 타 용도로 변경될 수 있음 - 고양창릉 공공주택지구는 사업기간이 2029년 12월로 계획되어 있으나, 관계기관 협의 등 부득이한 사유에 의하여 연기될 수 있으며",medium,ai_draft,True
EV-PDF-002-OCCU-1,SRC-PDF-002-OCCU-1,PDF-002,남양주 왕숙,occupancy,occupancy_planned_block,2028-08,month,2028-08-01,2028-08-31,,,block,A-2,예정,https://apply.lh.or.kr/lhapply/lhFile.do?fileid=62796612,data/raw/evidence/(250724)남양주왕숙A-2블록신혼희망타운(공공분양)입주자모집공고문.pdf,70517aa73243cce5a00fb02792ec0a84e4aad3c728a1a5c48546bfa0f8409442,,,PDF p.5,"니다. 지적공부정리는 입주지정기간 종료일 이후 장기간 소요될 수 있으며, 향후 지적정리 후 면적은 일부 증감될 수 있습니다. ※ 최고층수는 해당주택형의 최상층 층수이며, 최상층세대는 다락방이 설치되지 않습니다. ※ 난방방식은 지역난방, 구조는 철근콘크리트 벽식, 지붕은 평지붕으로 시공됩니다. ※ 입주예정 시기는 ‘28.8월입니다. 건축 공정 등 현장여건에 따라 변동될 수 있으며, 정확한 입주 시기는 추후 개별 안내할 예정입니다. ※ 1층 세대수는 주거약자용주택(행복주택) 및 가정어린이집으로 배정될 예정인 1층 세대수를 제외한 공공분양 최대 배정 가능수입니다. 3. 공공분양주택의 분양가격, 발코니 확장비용, 추가선택품목 공급가격 ■ 사전청약당첨자 분양가격 납부조건 등 안내(발코니 확장비, 추가선택품목 비용은 별도) [단위 : 천원] 주택형 타입 층별 타입별 주택가격 계약금 5% 중도금 20% 잔금 융자금 (주택도시기금) 계약시 (’27.08.31) 입주시 046.00000 46A1 3층 기본형 342,1",medium,ai_draft,True
EV-PDF-004-OCCU-1,SRC-PDF-004-OCCU-1,PDF-004,고양 창릉,occupancy,occupancy_planned_block,2029,year,2029-01-01,2029-12-31,,,block,S-3,예정;계획,https://apply.lh.or.kr/lhapply/lhFile.do?fileid=67677223,data/raw/evidence/(정정)(정정)고양창릉S-3블록입주자모집공고문.pdf,35fef79a31d18fdeecb52bc6a15e08811e6857245dbd14d220753f3597a10981,,,PDF p.41,"유소 등이 위치하고 있음 - 지구 북측과 남측에 유보지가 위치하며, 유보지의 용도는 추후 결정 예정임 - 지구 내 학교 등 각종 교육시설은 개발(실시)계획의 변경, 해당 관청의 학교설립시기 조정 및 설립계획 보류(소)요청 등에 의하여 추후 변경될 수 있으며, 설립계획 및 학생 수용계획은 향후 공동주택 입주시기 및 학생수 등을 감안하여 해당 관청에서 결정하는 사항이므로 변경될 수 있음 - 교육청의 학교설립계획의 변경으로 인하여 당해지구 내 학교부지가 취소 및 위치나 면적이 변경될 수 있으며, 당해 지구 내 계획 중인 신설학교는 교육여건 변화에 따라 변경될 수 있음 - 당해 지구 내 신설학교 배정 및 인근 학교 배치 등 각종 교육시설은 해당 관청(고양교육지원청)에 문의하시기 바람 - 지구 내 학교 등의 용지는 해당 기관의 수요가 없을 경우 타 용도로 변경될 수 있음 - 고양창릉 공공주택지구는 사업기간이 2029년 12월로 계획되어 있으나, 관계기관 협의 등 부득이한 사유에 의하여 연기될 수 있으며, 그에",medium,ai_draft,True
EV-PDF-005-OCCU-1,SRC-PDF-005-OCCU-1,PDF-005,고양 창릉,occupancy,occupancy_planned_block,2029,year,2029-01-01,2029-12-31,,,block,S-4,예정;계획,https://apply.lh.or.kr/lhapply/lhFile.do?fileid=67715855,data/raw/evidence/(정정)(정정)고양창릉S-4블록공공분양입주자모집공고문.pdf,25311d447e7f43c48655b96613b1ff2bc56371612a268932071bfb8429e5107d,,,PDF p.44,"유소 등이 위치하고 있음 - 지구 북측과 남측에 유보지가 위치하며, 유보지의 용도는 추후 결정 예정임 - 지구 내 학교 등 각종 교육시설은 개발(실시)계획의 변경, 해당 관청의 학교설립시기 조정 및 설립계획 보류(소)요청 등에 의하여 추후 변경될 수 있으며, 설립계획 및 학생 수용계획 은 향후 공동주택 입주시기 및 학생수 등을 감안하여 해당 관청에서 결정하는 사항이므로 변경될 수 있음 - 교육청의 학교설립계획의 변경으로 인하여 당해지구 내 학교부지가 취소 및 위치나 면적이 변경될 수 있으며, 당해 지구 내 계획 중인 신설학교는 교육여건 변화에 따라 변경될 수 있 음 - 당해 지구 내 신설학교 배정 및 인근 학교 배치 등 각종 교육시설은 해당관청(고양교육지원청)에 문의하시기 바람 - 지구 내 학교 등의 용지는 해당 기관의 수요가 없을 경우 타 용도로 변경될 수 있음 - 고양창릉 공공주택지구는 사업기간이 2029년 12월로 계획되어 있으나, 관계기관 협의 등 부득이한 사유에 의하여 연기될 수 있으며, 그에 따",medium,ai_draft,True
EV-PDF-007-OCCU-1,SRC-PDF-007-OCCU-1,PDF-007,고양 창릉,occupancy,occupancy_planned_block,2029,year,2029-01-01,2029-12-31,,,block,S-6,예정;계획,https://apply.lh.or.kr/lhapply/lhFile.do?fileid=60606564,"data/raw/evidence/(정정)고양창릉S-5,S-6블록공공분양주택입주자모집공고문.pdf",a65a5c4807f9e93fe2cd6c465ccaaccae2657d5b48db24ded879e80b26468319,,,PDF p.38,"유소 등이 위치하고 있음 - 지구 북측과 남측에 유보지가 위치하며, 유보지의 용도는 추후 결정 예정임 - 지구 내 학교 등 각종 교육시설은 개발(실시)계획의 변경, 해당 관청의 학교설립시기 조정 및 설립계획 보류(소)요청 등에 의하여 추후 변경될 수 있으며, 설립계획 및 학생 수용계획 은 향후 공동주택 입주시기 및 학생수 등을 감안하여 해당 관청에서 결정하는 사항이므로 변경될 수 있음 - 교육청의 학교설립계획의 변경으로 인하여 당해지구 내 학교부지가 취소 및 위치나 면적이 변경될 수 있으며, 당해 지구 내 계획 중인 신설학교는 교육여건 변화에 따라 변경 될 수 있음 - 당해 지구 내 신설학교 배정 및 인근 학교 배치 등 각종 교육시설은 해당관청(고양교육지원청)에 문의하시기 바람 - 지구 내 학교 등의 용지는 해당 기관의 수요가 없을 경우 타 용도로 변경될 수 있음 - 고양창릉 공공주택지구는 사업기간이 2029년 12월로 계획되어 있으나, 관계기관 협의 등 부득이한 사유에 의하여 연기될 수 있으며, 그에 따",medium,ai_draft,True
EV-PDF-008-OCCU-1,SRC-PDF-008-OCCU-1,PDF-008,하남 교산,occupancy,occupancy_planned_block,2029,year,2029-01-01,2029-12-31,,,block,A-2,예정,https://apply.lh.or.kr/lhapply/lhFile.do?fileid=61479595,data/raw/evidence/(정정)교산푸르지오더퍼스트_입주자모집공고.pdf,17f890d3468fb4f720c33fa6aefb56dd0eb6cfae7df0b4bd9996a5b6f554de4d,,,PDF p.5,"기 면적이 상이할 수 있습니다. ※ 공급면적 및 대지지분은 공부정리절차 등의 부득이한 경우에 한해 법령이 허용하는 오차 범위 내에서 증감이 있을 수 있습니다. ※ 최고층수는 해당 주택형(타입)의 최상층입니다. ※ 난방방식은 지역난방, 구조는 철근콘크리트 벽식, 지붕은 평지붕으로 시공됩니다. ※ 입주예정 시기는 2029년 6월로 예정되어 있으나, 공정에 따라 변동될 수 있으며, 정확한 입주 시기는 추후 개별 안내할 예정입니다. ※ 본 사업은 「공공주택 특별법」 제4조 제2항 및 ‘민간참여 공공주택사업 시행지침’에 따라 민간참여 공공주택을 시행하는 사업 [사업주체 : 한국토지주택공사[민간참여 공공주택건설사업 민간사업자 ㈜대우건설, 계룡건설산업㈜, 동부건설㈜, 흥한주택종합건설㈜, ㈜파레나] / 시공업체 : ㈜대우건설, 계룡건설산업㈜, 동부건설㈜, 흥한주택종합건설㈜, ㈜파레나]입니다. 금융인증서, 토스인증서, KB국민인증서 중 1개)를 미리 발급 받으시기 바라며, 공급구분별 신청접수일이 다르므로 반드시 해당",medium,ai_draft,True
EV-PDF-014-OCCU-1,SRC-PDF-014-OCCU-1,PDF-014,하남 교산,occupancy,occupancy_planned_block,2029,year,2029-01-01,2029-12-31,,,block,A-2,예정,https://apply.lh.or.kr/lhapply/lhFile.do?fileid=61210841,data/raw/evidence/(최종)250331_교산푸르지오더퍼스트_입주자모집공고.pdf,b247b3e65cb7029821c352a345952c0fb73323ae3462b90b52f5b653dca1a2f5,,,PDF p.5,"기 면적이 상이할 수 있습니다. ※ 공급면적 및 대지지분은 공부정리절차 등의 부득이한 경우에 한해 법령이 허용하는 오차 범위 내에서 증감이 있을 수 있습니다. ※ 최고층수는 해당 주택형(타입)의 최상층입니다. ※ 난방방식은 지역난방, 구조는 철근콘크리트 벽식, 지붕은 평지붕으로 시공됩니다. ※ 입주예정 시기는 2029년 6월로 예정되어 있으나, 공정에 따라 변동될 수 있으며, 정확한 입주 시기는 추후 개별 안내할 예정입니다. ※ 본 사업은 「공공주택 특별법」 제4조 제2항 및 ‘민간참여 공공주택사업 시행지침’에 따라 민간참여 공공주택을 시행하는 사업 [사업주체 : 한국토지주택공사[민간참여 공공주택건설사업 민간사업자 ㈜대우건설, 계룡건설산업㈜, 동부건설㈜, 흥한주택종합건설㈜, ㈜파레나] / 시공업체 : ㈜대우건설, 계룡건설산업㈜, 동부건설㈜, 흥한주택종합건설㈜, ㈜파레나]입니다. ※ 단, 부부(예비신혼부부 제외)는 당첨자발표일이 동일한 주택에 대해 각각 청약할 수 있으나, 중복당첨된 경우 「주택공",medium,ai_draft,True
EV-PDF-015-OCCU-1,SRC-PDF-015-OCCU-1,PDF-015,김포 한강,occupancy,occupancy_first_actual,,unknown,,,,,district,,예정,,data/raw/evidence/110624(조간)__11년_6~8월_입주예정_아파트_공개(주택정책과).pdf,dc233154be5b674cb88e215791cc0f37d90bdbe94d06dff17e6fed269a0f7d9f,,,PDF p.1,"부서 주택정책과 공공주택개발과담 당 자 ∙과장 진현환팀장 최제호사무관 정재원 , , (02)2110-8264, 8265 ☎ ∙과장 이안호사무관 권영원 , (02)2110-6055 ☎ 보 도 일 시 년 월 일금 조간부터 보도하여 주시기 바랍니다 2011 6 24 ( ) . 김포한강신도시 아파트 첫 입주 등 입주물량 증가세 - ’ 년 월 입주예정 아파트 공개 11 6~8 - □국토해양부장관 권도엽 ( : )는 금 6.24( ) 금년 월 입주예정 6 8 ～ 아파트에 대한 세부정보*를 공개하였다. 입주월 지역 단지명 규모별 이하초과 세대수 등 * , , , (85 / ) ㎡ □지역별로는 전국 호 44,903 , 수도권 호 21,003 , 지방 호 23,900 로 나타났으며, ㅇ 월별로는 월 호 6 19,264 , 월 호 7 16,206 , 월 호 8 9,433 가 입주예정인 것으로 집계되었다. 단위 호 ( : ) 구 분 월 3 월 4 월 5 소계",low,ai_draft,False
EV-PDF-016-OCCU-1,SRC-PDF-016-OCCU-1,PDF-016,하남 미사,occupancy,occupancy_first_actual,2014-06-30,day,2014-06-30,2014-06-30,,,district,,추진,,data/raw/evidence/140630_LH_미사강변도시_첫_입주_시작.pdf,6a368721bcef1b229bfe5bd3bb2d40b5ddf61811dd86483a53841c6ecdfc15a4,,,PDF p.1,"보 도 자 료 한국토지주택공사 배포일시 월 2014. 6. 30 ( ) 보도일시 즉시 보도 가능합니다. 담당부서 하남사업본부 사업관리부 담 당 자 김동진 부장 (031-790-7806) 백형주 부장대우(031-790-7860) 미사강변도시 첫 입주 시작 , 월 일 블록 세대를 시작으로 로 월 블록 - 6 30 A15 976 8 A9 세대 월 블록 세대 등 연내 세대 입주 712 , 12 A28 1,541 3.229 수용인구 만천명의 수도권 동남부 핵심 주거 주거벨트 - 9 6 무주택서민의 내집 마련을 위해 추진된 하남미사 공공주택사업옛 보금자 ( 리주택사업이 그 첫 결실을 맺는다 ) . 한국토지주택공사 사장 이재영 ( , ((http://www.lh.or.kr)는 지난 년 시범지구로 지정된 미사강변도시의 입주가 오는 일 블록을 2009 30 A15 시작으로 본격화된다고 밝혔다. 미사강변도시는 위례신도시와 더불어 수도권 동남부 핵심 주거벨트 중 하 나로 손꼽힌다한강변",medium,ai_draft,False
EV-PDF-018-PROM-1,SRC-PDF-018-PROM-1,PDF-018,하남 교산,promise,promise_date,,unknown,,,,,district,,추진;확정;계획,,data/raw/evidence/200521(14시이후)+하남교산+신도시_과천지구+광역교통개선대책+확정(공공택지기획과).pdf,fbe43488370ed17260f5eb6525fcfb25d0453d9a5c2222cb252bf9de41dd62d1,,,PDF p.1,"가능한 교통대책 완비 - , 30 - □국토교통부장관 김현미 ( )는 대도시권광역교통위원회위원장 최기주 ( ) 심의(‘20.5.8)를 거쳐 하남교산 기 신도시 3 만 천호 (3 2 )와 과천지구 천호 (7 ) 광역교통개선대책을 확정하였다. ㅇ 광역교통개선대책은 신도시 조성 및 신규 교통대책 추진에 따른 교통량 변화 등에 대한 교통전문기관 용역, 한국교통연구원(KOTI) 검증, 지방자치단체 협의, 위원회 심의등을 거쳐 확정되었다 . □ 기 신도시 3 광역교통개선대책은잠실강남 등 ․ 서울 도심까지 분내 출퇴 30 근이 가능하도록 지하철 등 대중교통 투자를 확대하고 지구지정 , 부터 대책확정까지 개월 이상 소요되던 기간을 15 대폭 단축 하였다. 사업 추진 과정에서 시행착오를 최소화하기 위해 지방자치단체와 사업 계획을 함께 수립하여 광역교통시설의 적기 준공을 도모하였다. ㅇ 또한지하철 개통 전 , 입주 초기에 입주민들의 교통 불편을 최소화 할 수 있도록 사업시행자가 광역",low,ai_draft,False
EV-PDF-019-PROM-1,SRC-PDF-019-PROM-1,PDF-019,남양주 왕숙,promise,promise_date,2020,year,2020-01-01,2020-12-31,rail,GTX-A 수서~동탄;별내선(8호선 연장);진접선(4호선 연장),district,,추진;확정;계획,https://allinpdf.com/Transmit/File_Download?DownloadPath=2026%2f08%2f31%2fbb0746e8-a368-447f-8345-252b4e8a7dd3.hwp-0001.pdf&FileName=201230(%ec%a1%b0%ea%b0%84)%eb%82%a8%ec%96%91%ec%a3%bc%ec%99%95%ec%88%99_%ea%b3%a0%ec%96%91%ec%b0%bd%eb%a6%89+%ec%8b%a0%eb%8f%84%ec%8b%9c+%ea%b5%90%ed%86%b5%eb%8c%80%ec%b1%85+%ed%99%95%ec%a0%95(%ea%b3%b5%ea%b3%b5%ed%83%9d%ec%a7%80%ea%b8%b0%ed%9a%8d%ea%b3%bc+%ea%b4%91%ec%97%ad%ea%b5%90%ed%86%b5%ec%a0%95%ec%b1%85%ea%b3%bc).hwp.pdf,data/raw/evidence/201230(조간)남양주왕숙_고양창릉 신도시 교통대책 확정(공공택지기획과 광역교통정책과).pdf,ecc470f4fb71a5b29f7499ce815fe4f6605f9de139444664a3134be6e5dcd577,,,PDF p.1,"57 보 도 일 시 2020년 12월 30일(수) 조간부터 보도하여 주시기 바랍니다. ※ 통신‧방송‧인터넷은 12. 29.(화) 11:00 이후 보도 가능 남양주왕숙·고양창릉 신도시 교통대책 확정! - 도시철도, GTX 등으로 서울도심 30분대 접근 가능 - - 3기 신도시 등 수도권 주택공급계획 차질 없이 추진 중 - □국토교통부는대도시권광역교통위원회심의(’20.12.4)를거쳐남양주왕숙 (6만6천호)과고양창릉(3만8천호)의광역교통개선대책을확정하였다. ㅇ광역교통개선대책은신도시조성및신규교통대책추진에따른교통량 변화등에대한교통전문기관용역, 한국교통연구원(KOTI) 검증, 지방자치단체협의, 대광위심의등을거쳐확정되었다. □3기신도시광역교통개선대책은서울도심까지30분대출퇴근이가능 하도록지하철등대중교통투자를확대하고, 사업추진과정에서시행 착오를최소화하기위해지방자치단체와사업계획을함께수립하여 광역교통시설의적기준공을도모하였다. ㅇ5월에광역교통개선대책을확정한하남교산·과천은도로사업실시 설계착수등후속절차를정상진행중으로`21년부터사업별인허가 절차",medium,ai_draft,True
EV-PDF-019-PROM-2,SRC-PDF-019-PROM-2,PDF-019,고양 창릉,promise,promise_date,2020,year,2020-01-01,2020-12-31,rail,GTX-A 수서~동탄;별내선(8호선 연장);진접선(4호선 연장),district,,추진;확정;계획,https://allinpdf.com/Transmit/File_Download?DownloadPath=2026%2f08%2f31%2fbb0746e8-a368-447f-8345-252b4e8a7dd3.hwp-0001.pdf&FileName=201230(%ec%a1%b0%ea%b0%84)%eb%82%a8%ec%96%91%ec%a3%bc%ec%99%95%ec%88%99_%ea%b3%a0%ec%96%91%ec%b0%bd%eb%a6%89+%ec%8b%a0%eb%8f%84%ec%8b%9c+%ea%b5%90%ed%86%b5%eb%8c%80%ec%b1%85+%ed%99%95%ec%a0%95(%ea%b3%b5%ea%b3%b5%ed%83%9d%ec%a7%80%ea%b8%b0%ed%9a%8d%ea%b3%bc+%ea%b4%91%ec%97%ad%ea%b5%90%ed%86%b5%ec%a0%95%ec%b1%85%ea%b3%bc).hwp.pdf,data/raw/evidence/201230(조간)남양주왕숙_고양창릉 신도시 교통대책 확정(공공택지기획과 광역교통정책과).pdf,ecc470f4fb71a5b29f7499ce815fe4f6605f9de139444664a3134be6e5dcd577,,,PDF p.1,"57 보 도 일 시 2020년 12월 30일(수) 조간부터 보도하여 주시기 바랍니다. ※ 통신‧방송‧인터넷은 12. 29.(화) 11:00 이후 보도 가능 남양주왕숙·고양창릉 신도시 교통대책 확정! - 도시철도, GTX 등으로 서울도심 30분대 접근 가능 - - 3기 신도시 등 수도권 주택공급계획 차질 없이 추진 중 - □국토교통부는대도시권광역교통위원회심의(’20.12.4)를거쳐남양주왕숙 (6만6천호)과고양창릉(3만8천호)의광역교통개선대책을확정하였다. ㅇ광역교통개선대책은신도시조성및신규교통대책추진에따른교통량 변화등에대한교통전문기관용역, 한국교통연구원(KOTI) 검증, 지방자치단체협의, 대광위심의등을거쳐확정되었다. □3기신도시광역교통개선대책은서울도심까지30분대출퇴근이가능 하도록지하철등대중교통투자를확대하고, 사업추진과정에서시행 착오를최소화하기위해지방자치단체와사업계획을함께수립하여 광역교통시설의적기준공을도모하였다. ㅇ5월에광역교통개선대책을확정한하남교산·과천은도로사업실시 설계착수등후속절차를정상진행중으로`21년부터사업별인허가 절차",medium,ai_draft,True
EV-PDF-020-OCCU-1,SRC-PDF-020-OCCU-1,PDF-020,화성 동탄2,occupancy,occupancy_first_actual,2015-01-23,day,2015-01-23,2015-01-23,,,district,,예정;추진,,data/raw/evidence/20150123_ 동탄2신도시 첫 입주.pdf,5ec7ad2f8fde7650b4723adcec0d6931c2ecdb8af0bd0ccaab60f6db6b6c63e6,,,PDF p.1,"보 도 자 료 한국토지주택공사 배포일시 2015. 01. 23 금 ( ) 보도일시 인터넷은 일 부터 지면은 월부터 보도하여 주시기 바랍니다 1.25( ) 11:00 1.26( ) . 담당부서 경기지역본부 동탄사업본부 담 당 자 김현석 부장대우(031-379-6812) 수도권 최대 신도시 동탄 지구첫 입주 시작 (2) , 상반기 천백여 세대하반기까지 총 세대 입주 - 7 7 , 16,535 - 수도권남부지역 전월세난 해소에 크게 기여할 것으로 기대 년 월 주택시장 안정에 기여하고 수도권 남부에 자족적 거점 2007 12 , 도시 조성을 목적으로 택지개발예정지구로 지정되어 추진중인 화성동 탄 신도시가 년여의 사업 끝에 (2) 7 이달 일부터 입주가 시작된다 30 . 동탄 신도시 전체 아파트 세대수는 세대로금번 (2) 95,645 , EG 호 (642 ), GS 호 (559 ), KR 호 (656 ) 금성백조 , 호 (485 ) 모아 , 호 (460 ) 등 개 블록 총 5 2",medium,ai_draft,False
EV-PDF-021-PROM-1,SRC-PDF-021-PROM-1,PDF-021,화성 동탄2,promise,promise_date,2021,year,2021-01-01,2021-12-31,sbrt,GTX-A 수서~동탄;계양~대장 S-BRT,district,,추진;확정;계획,https://allinpdf.com/Transmit/File_Download?DownloadPath=2026%2f08%2f31%2f0b34fc1d-dd59-4fee-b1b6-4dec3f09c3d4.hwp-0001.pdf&FileName=210125+(%ec%a1%b0%ea%b0%84)3%ea%b8%b0+%ec%8b%a0%eb%8f%84%ec%8b%9c_%ed%8c%a8%ec%8a%a4%ed%8a%b8%ed%8a%b8%eb%9e%99_%ea%b5%90%ed%86%b5%eb%8c%80%ec%b1%85+%ec%a1%b0%ea%b8%b0+%ed%99%95%ec%a0%95+%eb%93%b1%ec%9c%bc%eb%a1%9c+%ec%8b%a0%ec%86%8d+%ea%b3%b5%ea%b8%89(%ea%b3%b5%ea%b3%b5%ed%83%9d%ec%a7%80%ea%b8%b0%ed%9a%8d%ea%b3%bc).hwp.pdf,data/raw/evidence/210125 (조간)3기 신도시_패스트트랙_교통대책 조기 확정 등으로 신속 공급(공공택지기획과).pdf,894b933a4fc5a46612a01bb5806599544d52a78c702fdf34203d30d7240bac5b,,,PDF p.1,"057 보 도 일 시 2021년 1월 25일(월) 조간부터 보도하여 주시기 바랍니다. ※ 통신‧방송‧인터넷은 1. 24.(일) 11:00 이후 보도 가능 3기 신도시, 패스트트랙·교통대책 조기 확정 등으로 신속 공급 - 보상 평균 10개월 조기 착수, 교통대책 평균 16개월 조기 확정 - 1. 3기 신도시 추진현황 □3기신도시는지구계획 수립·토지보상 병행 등패스트 트랙 (Fast-Track)을적용하여보상착수기간을기존대비평균10개월 이상단축*하는등신속하게사업을추진하고있다. * 지구지정∼보상착수: (2기신도시) 성남판교24개월, 위례30개월등평균27개월소요, (3기신도시) 하남교산14개월, 인천계양14개월등평균17개월소요 ㅇ남양주왕숙·하남교산·인천계양은보상공고(’20.8)를거쳐보상절차가 진행중이며, 고양창릉·부천대장은상반기에보상공고할계획이다. ㅇ남양주왕숙·하남교산·인천계양은지구계획(안)을마련(’20.10)하여 관계기관협의중이며올해상반기에순차확정할계획이다. ㅇ고양창릉·부천대장은도시·건축·교통등분야별전문가들이참여 하여지구계",medium,ai_draft,True
EV-PDF-021-PROM-2,SRC-PDF-021-PROM-2,PDF-021,인천 계양,promise,promise_date,2021,year,2021-01-01,2021-12-31,sbrt,GTX-A 수서~동탄;계양~대장 S-BRT,district,,추진;확정;계획,https://allinpdf.com/Transmit/File_Download?DownloadPath=2026%2f08%2f31%2f0b34fc1d-dd59-4fee-b1b6-4dec3f09c3d4.hwp-0001.pdf&FileName=210125+(%ec%a1%b0%ea%b0%84)3%ea%b8%b0+%ec%8b%a0%eb%8f%84%ec%8b%9c_%ed%8c%a8%ec%8a%a4%ed%8a%b8%ed%8a%b8%eb%9e%99_%ea%b5%90%ed%86%b5%eb%8c%80%ec%b1%85+%ec%a1%b0%ea%b8%b0+%ed%99%95%ec%a0%95+%eb%93%b1%ec%9c%bc%eb%a1%9c+%ec%8b%a0%ec%86%8d+%ea%b3%b5%ea%b8%89(%ea%b3%b5%ea%b3%b5%ed%83%9d%ec%a7%80%ea%b8%b0%ed%9a%8d%ea%b3%bc).hwp.pdf,data/raw/evidence/210125 (조간)3기 신도시_패스트트랙_교통대책 조기 확정 등으로 신속 공급(공공택지기획과).pdf,894b933a4fc5a46612a01bb5806599544d52a78c702fdf34203d30d7240bac5b,,,PDF p.1,"057 보 도 일 시 2021년 1월 25일(월) 조간부터 보도하여 주시기 바랍니다. ※ 통신‧방송‧인터넷은 1. 24.(일) 11:00 이후 보도 가능 3기 신도시, 패스트트랙·교통대책 조기 확정 등으로 신속 공급 - 보상 평균 10개월 조기 착수, 교통대책 평균 16개월 조기 확정 - 1. 3기 신도시 추진현황 □3기신도시는지구계획 수립·토지보상 병행 등패스트 트랙 (Fast-Track)을적용하여보상착수기간을기존대비평균10개월 이상단축*하는등신속하게사업을추진하고있다. * 지구지정∼보상착수: (2기신도시) 성남판교24개월, 위례30개월등평균27개월소요, (3기신도시) 하남교산14개월, 인천계양14개월등평균17개월소요 ㅇ남양주왕숙·하남교산·인천계양은보상공고(’20.8)를거쳐보상절차가 진행중이며, 고양창릉·부천대장은상반기에보상공고할계획이다. ㅇ남양주왕숙·하남교산·인천계양은지구계획(안)을마련(’20.10)하여 관계기관협의중이며올해상반기에순차확정할계획이다. ㅇ고양창릉·부천대장은도시·건축·교통등분야별전문가들이참여 하여지구계",medium,ai_draft,True
EV-PDF-021-PROM-3,SRC-PDF-021-PROM-3,PDF-021,부천 대장,promise,promise_date,2021,year,2021-01-01,2021-12-31,sbrt,GTX-A 수서~동탄;계양~대장 S-BRT,district,,추진;확정;계획,https://allinpdf.com/Transmit/File_Download?DownloadPath=2026%2f08%2f31%2f0b34fc1d-dd59-4fee-b1b6-4dec3f09c3d4.hwp-0001.pdf&FileName=210125+(%ec%a1%b0%ea%b0%84)3%ea%b8%b0+%ec%8b%a0%eb%8f%84%ec%8b%9c_%ed%8c%a8%ec%8a%a4%ed%8a%b8%ed%8a%b8%eb%9e%99_%ea%b5%90%ed%86%b5%eb%8c%80%ec%b1%85+%ec%a1%b0%ea%b8%b0+%ed%99%95%ec%a0%95+%eb%93%b1%ec%9c%bc%eb%a1%9c+%ec%8b%a0%ec%86%8d+%ea%b3%b5%ea%b8%89(%ea%b3%b5%ea%b3%b5%ed%83%9d%ec%a7%80%ea%b8%b0%ed%9a%8d%ea%b3%bc).hwp.pdf,data/raw/evidence/210125 (조간)3기 신도시_패스트트랙_교통대책 조기 확정 등으로 신속 공급(공공택지기획과).pdf,894b933a4fc5a46612a01bb5806599544d52a78c702fdf34203d30d7240bac5b,,,PDF p.1,"057 보 도 일 시 2021년 1월 25일(월) 조간부터 보도하여 주시기 바랍니다. ※ 통신‧방송‧인터넷은 1. 24.(일) 11:00 이후 보도 가능 3기 신도시, 패스트트랙·교통대책 조기 확정 등으로 신속 공급 - 보상 평균 10개월 조기 착수, 교통대책 평균 16개월 조기 확정 - 1. 3기 신도시 추진현황 □3기신도시는지구계획 수립·토지보상 병행 등패스트 트랙 (Fast-Track)을적용하여보상착수기간을기존대비평균10개월 이상단축*하는등신속하게사업을추진하고있다. * 지구지정∼보상착수: (2기신도시) 성남판교24개월, 위례30개월등평균27개월소요, (3기신도시) 하남교산14개월, 인천계양14개월등평균17개월소요 ㅇ남양주왕숙·하남교산·인천계양은보상공고(’20.8)를거쳐보상절차가 진행중이며, 고양창릉·부천대장은상반기에보상공고할계획이다. ㅇ남양주왕숙·하남교산·인천계양은지구계획(안)을마련(’20.10)하여 관계기관협의중이며올해상반기에순차확정할계획이다. ㅇ고양창릉·부천대장은도시·건축·교통등분야별전문가들이참여 하여지구계",medium,ai_draft,True
EV-PDF-023-ACTU-1,SRC-PDF-023-ACTU-1,PDF-023,남양주 왕숙,operation,actual_operation,,unknown,,,rail,진접선(4호선 연장),district,,,https://www.molit.go.kr/LCMS/DWN.jsp?fold=koreaNews/mobile/file&fileName=220318%28%EC%84%9D%EA%B0%84%29_%EC%A7%84%EC%A0%91%EC%84%A0_%EA%B0%9C%ED%86%B5_%EB%82%A8%EC%96%91%EC%A3%BC%EC%9D%98_%EC%83%88%EB%A1%9C%EC%9A%B4_%EA%B8%B8%28%EC%B2%A0%EB%8F%84%ED%88%AC%EC%9E%90%EA%B0%9C%EB%B0%9C%EA%B3%BC%29.pdf,data/raw/evidence/220318(석간)_진접선_개통_남양주의_새로운_길(철도투자개발과).pdf,5ca5a14c242fdc43aba2946d19a90fd682ecf38054edf2acaaa843cc89f8112b,,,PDF p.1,"보 도 자 료 ∙ ∙☎ ∙ ∙☎ ∙ ∙☎ 보 도 일 시 년 월 일금 석간부터 보도하여 주시기 바랍니다 2022 3 18 ( ) . 통신방송인터넷은 금 이후 보도 가능 3. 18.( ) 10:00 ※ ‧ ‧ 진접선 개통남양주의 새로운 길이 열립니다 , . - 서울도시철도 호선 진접선 4 당고개진접 ( ~ ) 연장 개역 신설 14.9km 3 … 평일 출퇴근 시간대 분간격 운행 - 10~12 ·진접 서울역 ∼ 분 소요 52",low,ai_draft,False
EV-PDF-025-PROM-1,SRC-PDF-025-PROM-1,PDF-025,화성 동탄2,promise,promise_date,2022-10-26,day,2022-10-26,2022-10-26,rail,GTX-A 수서~동탄,district,,추진,,data/raw/evidence/221026(석간)_수원_호매실_화성_동탄2_광역교통특별대책_발표(광역교통정책과).pdf,b289b7a3fb07c631744d95e58f66b47e45e0a4347c138c16684c58554010050c,,,PDF p.5,"도입광역버스정류장 개선 등을 적극 추진한다 2 , . 2-2. 화성 동탄지구 광역교통특별대책에 따라 광역버스 증차출퇴근 2 , 전세버스 추가 투입준공영제 전환시내마을버스 증차신설 , , , ‧ ‧ 수요응답형 교통수단(DRT) 도입 층 전기버스 도입광역버스정류장 , 2 , 개선 등을 적극 추진한다. - 10 - 3. 지자체등은 사업별 세부 추진방안 비용정산 등 광역교통특별대책 , 이행과 관련된 세부사항에 대해 별도 협의하여 추진한다. 4. 지자체등은 특별대책 이행과 관련하여 이견이 발생하는 경우 대광위에 중재를 요청할 수 있으며 이 경우 지자체등은 대광위의 , 이견조정 과정에 적극 협조한다. 5. 대광위 지자체등은 광역교통특별대책 추진현황을 주기적으로 점검 , 하는 등 광역교통 개선을 위해 공동으로 노력한다. 2022. 10. 26. 대도시권광역교통위원회 위원장 수원특례시 시장 화성시 시장 한국토지주택공사 국토도시개발본부장",medium,ai_draft,False
EV-PDF-027-PROM-1,SRC-PDF-027-PROM-1,PDF-027,위례,promise,promise_date,2022-11-25,day,2022-11-25,2022-11-25,tram,위례선 트램,district,,예정;계획,,data/raw/evidence/221128(석간)_위례신도시_노면전차_사업으로_교통이_편리해진다(광역시설정책과).pdf,da11fbf0ece767ab2872f6f40311e00bf7df9bceafc4f9ce045d9c29bb28ed92,,,PDF p.1,"「 」 ㅇ ’ 년 월 도시철도 기본계획 승인 이후 실시설계 등 절차 20 10 *를 거쳐 이번에 사업계획이 승인됨에 따라 사업시행자인 서울특별시에서 ’ 년 22 월 사업 11 을 본격 착공하여 ’25년 월 개통할 예정 9 이다. * 도시철도 건설 절차도시철도망 ( ) 구축계획 승인 기본계획 → 승인 기 → 본 및 실시설 계 → 사업계획 승인 공사 준공개통 ( ) → → □ 위례선트램 ( ) 사업의 열차는 대당 객차가 칸 1 5 모듈 ( )으로 구성되어 있으며, 총 대의 열차가 출 퇴근 시간대에는 분 10 · 5 , 평시간대에는 분 간격 10 지선은 출퇴근시 분 평시 분 ( 10 , 15 )으로 운행될 계획이며, ㅇ 호선 마천역 5 과 호선 복정역 남위례역 8 , 에서 노면전차를 이용하여 위례 신도시로 이동이 가능해져 지역 주민들의 교통불편을 해소하고지역경제 활성화에크게 기여 할 것으로기대 된다. 보 도 자 료 배포 일시 금 2022. 11. 25.",medium,ai_draft,False
EV-PDF-027-BASI-1,SRC-PDF-027-BASI-1,PDF-027,위례,service,basic_service,,,,,tram,위례선 트램,district,,,,data/raw/evidence/221128(석간)_위례신도시_노면전차_사업으로_교통이_편리해진다(광역시설정책과).pdf,da11fbf0ece767ab2872f6f40311e00bf7df9bceafc4f9ce045d9c29bb28ed92,,,,,low,ai_draft,False
EV-PDF-028-ACTU-1,SRC-PDF-028-ACTU-1,PDF-028,고양 창릉,operation,actual_operation,2023-07-01,day,2023-07-01,2023-07-01,rail,대곡~소사선;GTX-A 수서~동탄,district,,예정,https://www.molit.go.kr/LCMS/DWN.jsp?fold=koreaNews/mobile/file&fileName=230630%28%EC%B0%B8%EA%B3%A0%29_%EB%8C%80%EA%B3%A1-%EC%86%8C%EC%82%AC_%EB%B3%B5%EC%84%A0%EC%A0%84%EC%B2%A0_7%EC%9B%94_1%EC%9D%BC_%EA%B0%9C%ED%86%B5%28%EC%B2%A0%EB%8F%84%ED%88%AC%EC%9E%90%EA%B0%9C%EB%B0%9C%EA%B3%BC%29.pdf,data/raw/evidence/230630(참고)_대곡-소사_복선전철_7월_1일_개통(철도투자개발과).pdf,808adcd9cfba65450c62f6187416790bf6dcca2d2c50af97e8ecee5c8f9a84fc,,,PDF p.1,"- 1 - 보도시점 : 배포 즉시 보도 가능 / 배포 : 2023. 6. 30.(금) 대곡～소사 복선전철 7월 1일 개통 - 경기 서북부지역 종단 전철 연결로 교통 소외 해소 - 고양에서 부천간 이동시간이 67분에서 19분으로 48분 단축, 수도권 30분대 출‧퇴근 교통망 조성 □국토교통부(장관 원희룡)는 6월 30일 고양 어울림누리 별무리경기장에서 대곡~소사 복선전철 개통식을 개최하였다. * 정부, 지자체, 건설공사 관계자 및 지역 주민 약 700여명 참석 ㅇ 대곡~소사 복선전철 사업은 고양시 대곡역을 출발하여 김포공항역을 지나 경기도 부천시 소사역을 잇는 사업으로, 7년간 약 1조 6천억원을 투입 하여 '23년 7월 1일 개통할 예정이다. □ 대곡~소사 복선전철 개통으로 그간 단절되었던 부천시와 고양시가 연결되며, 수도권 서부지역 주민은 김포공항역, 부천종합운동장역 등에서 환승하여 여의도‧서울역 등 서울 도심까지 30분대에 통학‧출퇴근이 가능해진다. ㅇ 향후, ’24년 개통하는 GTX-A 대곡역과",medium,ai_draft,True
EV-PDF-028-ACTU-2,SRC-PDF-028-ACTU-2,PDF-028,화성 동탄2,operation,actual_operation,2023-07-01,day,2023-07-01,2023-07-01,rail,대곡~소사선;GTX-A 수서~동탄,district,,예정,https://www.molit.go.kr/LCMS/DWN.jsp?fold=koreaNews/mobile/file&fileName=230630%28%EC%B0%B8%EA%B3%A0%29_%EB%8C%80%EA%B3%A1-%EC%86%8C%EC%82%AC_%EB%B3%B5%EC%84%A0%EC%A0%84%EC%B2%A0_7%EC%9B%94_1%EC%9D%BC_%EA%B0%9C%ED%86%B5%28%EC%B2%A0%EB%8F%84%ED%88%AC%EC%9E%90%EA%B0%9C%EB%B0%9C%EA%B3%BC%29.pdf,data/raw/evidence/230630(참고)_대곡-소사_복선전철_7월_1일_개통(철도투자개발과).pdf,808adcd9cfba65450c62f6187416790bf6dcca2d2c50af97e8ecee5c8f9a84fc,,,PDF p.1,"- 1 - 보도시점 : 배포 즉시 보도 가능 / 배포 : 2023. 6. 30.(금) 대곡～소사 복선전철 7월 1일 개통 - 경기 서북부지역 종단 전철 연결로 교통 소외 해소 - 고양에서 부천간 이동시간이 67분에서 19분으로 48분 단축, 수도권 30분대 출‧퇴근 교통망 조성 □국토교통부(장관 원희룡)는 6월 30일 고양 어울림누리 별무리경기장에서 대곡~소사 복선전철 개통식을 개최하였다. * 정부, 지자체, 건설공사 관계자 및 지역 주민 약 700여명 참석 ㅇ 대곡~소사 복선전철 사업은 고양시 대곡역을 출발하여 김포공항역을 지나 경기도 부천시 소사역을 잇는 사업으로, 7년간 약 1조 6천억원을 투입 하여 '23년 7월 1일 개통할 예정이다. □ 대곡~소사 복선전철 개통으로 그간 단절되었던 부천시와 고양시가 연결되며, 수도권 서부지역 주민은 김포공항역, 부천종합운동장역 등에서 환승하여 여의도‧서울역 등 서울 도심까지 30분대에 통학‧출퇴근이 가능해진다. ㅇ 향후, ’24년 개통하는 GTX-A 대곡역과",medium,ai_draft,True
EV-PDF-029-ACTU-1,SRC-PDF-029-ACTU-1,PDF-029,화성 동탄2,operation,actual_operation,2024-03-29,day,2024-03-29,2024-03-29,rail,GTX-A 수서~동탄,district,,,https://www.molit.go.kr/LCMS/DWN.jsp?fold=koreaNews/mobile/file&fileName=240329%28%EC%B0%B8%EA%B3%A0%29_GTX-A_%EC%88%98%EC%84%9C%7E%EB%8F%99%ED%83%84_3%EC%9B%94_30%EC%9D%BC_%EA%B0%9C%ED%86%B5%28%EC%88%98%EB%8F%84%EA%B6%8C%EA%B4%91%EC%97%AD%EA%B8%89%ED%96%89%EC%B2%A0%EB%8F%84%EA%B3%BC%29.pdf,data/raw/evidence/240329(참고)_GTX-A_수서~동탄_3월_30일_개통(수도권광역급행철도과).pdf,83da19e7f5e189f542899a4ff549fbf2cd6caff6dab96ef41ff11835f4e66734,,,PDF p.1,"- 1 - 보도참고자료 보도시점 배포 즉시 보도 가능 : 배포 금 / : 2024. 3. 29.( ) 수서동탄 월 일 개통 GTX-A ~ 3 30 수도권 출퇴근 분 시대 개막 30 ! 일 수서역에서 개통기념식 일 시 분부터 첫 열차 운행 - 29 30 05 30 … 이동시간 획기적 - 단축 주거공간 인식을 바꾸는 교통 혁명 시작 , ·   수도권광역급행철도(GTX) 노선 A 수서동탄 ~ 구간이 월 일 개통 3 30 한다. ㅇ 국토교통부 장관 박상우 ( )는 월 일 3 29 수서역에서 수서동탄 GTX-A ~ 구간개통기념식 을 개최하고, 월 일 시 분 첫 열차 운행 3 30 05 30 동탄 ( 수서행수서 동탄행은 분 , 05:45 ) → → 을 시작으로 영업 운행을 개시한다. ㅇ 개통기념식에는 정부 지자체공사 관계자 , , 와 함께 수서동탄 GTX-A ~ 노선이 지나가는 서울시경기도 주민 · 들이 참석해 개통을 축하했다. 기념식 직후 참석",medium,ai_draft,True
EV-PDF-030-PROM-1,SRC-PDF-030-PROM-1,PDF-030,남양주 다산,promise,promise_date,2024-07-18,day,2024-07-18,2024-07-18,rail,별내선(8호선 연장);하남선(5호선 연장);강동하남남양주선;송파하남선,district,,예정;추진,https://download.blog.naver.com/open/76e36ad9c291924e638cedd6ee0b7d0da9fd00e18b/EFsQabdNxbfO_to2E-QRigSVEg-Y6ehyel8RHzlnkwMqH4-2UXok7f3Qa-Ia2WlzxQumVzfBoIEPS0y029wXfoF_BOE/240719%28%EC%A1%B0%EA%B0%84%29_%EC%88%98%EB%8F%84%EA%B6%8C_%EB%8F%99%EB%B6%80%EC%A7%80%EC%97%AD__%EC%B6%9C%ED%87%B4%EA%B7%BC_30%EB%B6%84_%EC%8B%9C%EB%8C%80_%EC%8B%A4%ED%98%84_4.4%EC%A1%B0%EC%9B%90_%EA%B7%9C%EB%AA%A8%EC%9D%98_%EC%B2%A0%EB%8F%84%C2%B7%EB%8F%84%EB%A1%9C_%EC%82%AC%EC%97%85_%EB%B3%B8%EA%B2%A9_%EC%B6%94%EC%A7%84%28%EA%B4%91%EC%97%AD%EA%B5%90%ED%86%B5%EC%A0%95%EC%B1%85%EA%B3%BC%29%20%281%29.pdf,data/raw/evidence/240719(조간)_수도권_동부지역__출퇴근_30분_시대_실현_4.4조원_규모의_철도·도로_사업_본격_추진(광역교통정책과) (1).pdf,c9e00558131c031e6df06cef301f3d81f8c0f0fe4f6eab31b670b0512414feab,,,PDF p.1,"- 1 - 보도자료 보도시점 : 2024. 7. 18.(목) 12:00 이후(7. 19.(금) 조간) / 배포 : 2024. 7. 18.(목) 수도권 동부지역, 출퇴근 30분 시대 실현 4.4조원 규모의 철도‧도로 사업 본격 추진 - 별내선 개통(8.10)에 맞춰 버스 18개 노선, 34대 증차 등 촘촘한 연계환승체계 구축 - 수석대교, 송파하남선, 강동하남남양주선, 역사신설 등 갈등 중재, 신속 준공 □국토교통부(장관 박상우) 대도시권광역교통위원회(위원장 강희업, 이하 “대광위”)는 “출퇴근 30분 시대” 실현을 위한 수도권 동부지역 교통편의 제고 방안을 발표했다. ㅇ 이번 방안은 대통령 주재로 열린 「출퇴근 30분 시대, 교통격차 해소를 위한 민생토론회」(1.25)의 후속조치로서 수도권 권역별 맞춤형 교통대책 일환으로 마련했다. * 수도권 교통대책 : 남부지역(5.2), 북부지역(6.4), 동부지역(7.18), 서부지역(8월중 예정) ㅇ수도권 동부지역*은 '10년부터 신도시‧택지 개발사업이 본격",medium,ai_draft,True
EV-PDF-030-PROM-2,SRC-PDF-030-PROM-2,PDF-030,하남 미사,promise,promise_date,2024-07-18,day,2024-07-18,2024-07-18,rail,별내선(8호선 연장);하남선(5호선 연장);강동하남남양주선;송파하남선,district,,예정;추진,https://download.blog.naver.com/open/76e36ad9c291924e638cedd6ee0b7d0da9fd00e18b/EFsQabdNxbfO_to2E-QRigSVEg-Y6ehyel8RHzlnkwMqH4-2UXok7f3Qa-Ia2WlzxQumVzfBoIEPS0y029wXfoF_BOE/240719%28%EC%A1%B0%EA%B0%84%29_%EC%88%98%EB%8F%84%EA%B6%8C_%EB%8F%99%EB%B6%80%EC%A7%80%EC%97%AD__%EC%B6%9C%ED%87%B4%EA%B7%BC_30%EB%B6%84_%EC%8B%9C%EB%8C%80_%EC%8B%A4%ED%98%84_4.4%EC%A1%B0%EC%9B%90_%EA%B7%9C%EB%AA%A8%EC%9D%98_%EC%B2%A0%EB%8F%84%C2%B7%EB%8F%84%EB%A1%9C_%EC%82%AC%EC%97%85_%EB%B3%B8%EA%B2%A9_%EC%B6%94%EC%A7%84%28%EA%B4%91%EC%97%AD%EA%B5%90%ED%86%B5%EC%A0%95%EC%B1%85%EA%B3%BC%29%20%281%29.pdf,data/raw/evidence/240719(조간)_수도권_동부지역__출퇴근_30분_시대_실현_4.4조원_규모의_철도·도로_사업_본격_추진(광역교통정책과) (1).pdf,c9e00558131c031e6df06cef301f3d81f8c0f0fe4f6eab31b670b0512414feab,,,PDF p.1,"- 1 - 보도자료 보도시점 : 2024. 7. 18.(목) 12:00 이후(7. 19.(금) 조간) / 배포 : 2024. 7. 18.(목) 수도권 동부지역, 출퇴근 30분 시대 실현 4.4조원 규모의 철도‧도로 사업 본격 추진 - 별내선 개통(8.10)에 맞춰 버스 18개 노선, 34대 증차 등 촘촘한 연계환승체계 구축 - 수석대교, 송파하남선, 강동하남남양주선, 역사신설 등 갈등 중재, 신속 준공 □국토교통부(장관 박상우) 대도시권광역교통위원회(위원장 강희업, 이하 “대광위”)는 “출퇴근 30분 시대” 실현을 위한 수도권 동부지역 교통편의 제고 방안을 발표했다. ㅇ 이번 방안은 대통령 주재로 열린 「출퇴근 30분 시대, 교통격차 해소를 위한 민생토론회」(1.25)의 후속조치로서 수도권 권역별 맞춤형 교통대책 일환으로 마련했다. * 수도권 교통대책 : 남부지역(5.2), 북부지역(6.4), 동부지역(7.18), 서부지역(8월중 예정) ㅇ수도권 동부지역*은 '10년부터 신도시‧택지 개발사업이 본격",medium,ai_draft,True
EV-PDF-030-PROM-3,SRC-PDF-030-PROM-3,PDF-030,하남 교산,promise,promise_date,2024-07-18,day,2024-07-18,2024-07-18,rail,별내선(8호선 연장);하남선(5호선 연장);강동하남남양주선;송파하남선,district,,예정;추진,https://download.blog.naver.com/open/76e36ad9c291924e638cedd6ee0b7d0da9fd00e18b/EFsQabdNxbfO_to2E-QRigSVEg-Y6ehyel8RHzlnkwMqH4-2UXok7f3Qa-Ia2WlzxQumVzfBoIEPS0y029wXfoF_BOE/240719%28%EC%A1%B0%EA%B0%84%29_%EC%88%98%EB%8F%84%EA%B6%8C_%EB%8F%99%EB%B6%80%EC%A7%80%EC%97%AD__%EC%B6%9C%ED%87%B4%EA%B7%BC_30%EB%B6%84_%EC%8B%9C%EB%8C%80_%EC%8B%A4%ED%98%84_4.4%EC%A1%B0%EC%9B%90_%EA%B7%9C%EB%AA%A8%EC%9D%98_%EC%B2%A0%EB%8F%84%C2%B7%EB%8F%84%EB%A1%9C_%EC%82%AC%EC%97%85_%EB%B3%B8%EA%B2%A9_%EC%B6%94%EC%A7%84%28%EA%B4%91%EC%97%AD%EA%B5%90%ED%86%B5%EC%A0%95%EC%B1%85%EA%B3%BC%29%20%281%29.pdf,data/raw/evidence/240719(조간)_수도권_동부지역__출퇴근_30분_시대_실현_4.4조원_규모의_철도·도로_사업_본격_추진(광역교통정책과) (1).pdf,c9e00558131c031e6df06cef301f3d81f8c0f0fe4f6eab31b670b0512414feab,,,PDF p.1,"- 1 - 보도자료 보도시점 : 2024. 7. 18.(목) 12:00 이후(7. 19.(금) 조간) / 배포 : 2024. 7. 18.(목) 수도권 동부지역, 출퇴근 30분 시대 실현 4.4조원 규모의 철도‧도로 사업 본격 추진 - 별내선 개통(8.10)에 맞춰 버스 18개 노선, 34대 증차 등 촘촘한 연계환승체계 구축 - 수석대교, 송파하남선, 강동하남남양주선, 역사신설 등 갈등 중재, 신속 준공 □국토교통부(장관 박상우) 대도시권광역교통위원회(위원장 강희업, 이하 “대광위”)는 “출퇴근 30분 시대” 실현을 위한 수도권 동부지역 교통편의 제고 방안을 발표했다. ㅇ 이번 방안은 대통령 주재로 열린 「출퇴근 30분 시대, 교통격차 해소를 위한 민생토론회」(1.25)의 후속조치로서 수도권 권역별 맞춤형 교통대책 일환으로 마련했다. * 수도권 교통대책 : 남부지역(5.2), 북부지역(6.4), 동부지역(7.18), 서부지역(8월중 예정) ㅇ수도권 동부지역*은 '10년부터 신도시‧택지 개발사업이 본격",medium,ai_draft,True
EV-PDF-030-PROM-4,SRC-PDF-030-PROM-4,PDF-030,남양주 왕숙,promise,promise_date,2024-07-18,day,2024-07-18,2024-07-18,rail,별내선(8호선 연장);하남선(5호선 연장);강동하남남양주선;송파하남선,district,,예정;추진,https://download.blog.naver.com/open/76e36ad9c291924e638cedd6ee0b7d0da9fd00e18b/EFsQabdNxbfO_to2E-QRigSVEg-Y6ehyel8RHzlnkwMqH4-2UXok7f3Qa-Ia2WlzxQumVzfBoIEPS0y029wXfoF_BOE/240719%28%EC%A1%B0%EA%B0%84%29_%EC%88%98%EB%8F%84%EA%B6%8C_%EB%8F%99%EB%B6%80%EC%A7%80%EC%97%AD__%EC%B6%9C%ED%87%B4%EA%B7%BC_30%EB%B6%84_%EC%8B%9C%EB%8C%80_%EC%8B%A4%ED%98%84_4.4%EC%A1%B0%EC%9B%90_%EA%B7%9C%EB%AA%A8%EC%9D%98_%EC%B2%A0%EB%8F%84%C2%B7%EB%8F%84%EB%A1%9C_%EC%82%AC%EC%97%85_%EB%B3%B8%EA%B2%A9_%EC%B6%94%EC%A7%84%28%EA%B4%91%EC%97%AD%EA%B5%90%ED%86%B5%EC%A0%95%EC%B1%85%EA%B3%BC%29%20%281%29.pdf,data/raw/evidence/240719(조간)_수도권_동부지역__출퇴근_30분_시대_실현_4.4조원_규모의_철도·도로_사업_본격_추진(광역교통정책과) (1).pdf,c9e00558131c031e6df06cef301f3d81f8c0f0fe4f6eab31b670b0512414feab,,,PDF p.1,"- 1 - 보도자료 보도시점 : 2024. 7. 18.(목) 12:00 이후(7. 19.(금) 조간) / 배포 : 2024. 7. 18.(목) 수도권 동부지역, 출퇴근 30분 시대 실현 4.4조원 규모의 철도‧도로 사업 본격 추진 - 별내선 개통(8.10)에 맞춰 버스 18개 노선, 34대 증차 등 촘촘한 연계환승체계 구축 - 수석대교, 송파하남선, 강동하남남양주선, 역사신설 등 갈등 중재, 신속 준공 □국토교통부(장관 박상우) 대도시권광역교통위원회(위원장 강희업, 이하 “대광위”)는 “출퇴근 30분 시대” 실현을 위한 수도권 동부지역 교통편의 제고 방안을 발표했다. ㅇ 이번 방안은 대통령 주재로 열린 「출퇴근 30분 시대, 교통격차 해소를 위한 민생토론회」(1.25)의 후속조치로서 수도권 권역별 맞춤형 교통대책 일환으로 마련했다. * 수도권 교통대책 : 남부지역(5.2), 북부지역(6.4), 동부지역(7.18), 서부지역(8월중 예정) ㅇ수도권 동부지역*은 '10년부터 신도시‧택지 개발사업이 본격",medium,ai_draft,True
EV-PDF-031-ACTU-1,SRC-PDF-031-ACTU-1,PDF-031,남양주 다산,operation,actual_operation,2024-08-08,day,2024-08-08,2024-08-08,rail,별내선(8호선 연장),district,,예정;계획,,data/raw/evidence/240809(조간)_남양주~잠실_27분__8월_10일_별내선_개통(광역시설정책과).pdf,e5df2c787de7dcb0a2e0db08463e2f03569396fed88580c86947a2197a284875,,,PDF p.1,"- 1 - 보도자료 보도시점 목 이후 금 조간 : 2024. 8. 8.( ) 11:00 (8. 9.( ) ) 배포 목 / : 2024. 8. 8.( ) 남양주잠실 분 월 일 별내선 개통 ' ~ 27 ', 8 10 혼잡관리 위해 예비열차 투입시내마을버스 신설 등 연계교통체계 정비 - , · 천호잠실석촌가락시장별내역 등에 안전관리 인력 배치 - · · · · 국토부경기도서울시개통 하루 앞둔 일 별내선 개통 기념식 - · · , 9 □서울 도시철도 호선 연장선인 별내선 8 이 월 일토 8 10 ( ) 새벽 첫 차 별내 ( → 모란 방향 분암사 별내 방향 분 05:32 , 05:28 ) → 를 시작으로 운행을 개시한다. ㅇ 박상우 국토교통부 장관은 오세훈 서울특별시장 김동연 경기도지사와 , 함께 개통 전일 일 (9 ) 별내역에 방문하여 그간의 사업경과 및 계획을 보고받고, 현장을 점검 하는 등 개통 기념행사를 개최할 예정이다. 별내선 개요 1. 별내선은 □",medium,ai_draft,False
EV-PDF-031-BASI-1,SRC-PDF-031-BASI-1,PDF-031,남양주 다산,service,basic_service,,unknown,,,rail,별내선(8호선 연장),district,,계획,,data/raw/evidence/240809(조간)_남양주~잠실_27분__8월_10일_별내선_개통(광역시설정책과).pdf,e5df2c787de7dcb0a2e0db08463e2f03569396fed88580c86947a2197a284875,,,PDF p.5,"호역잠실역석촌역 구간의 ~ ~ 혼잡도상승에 대비하고 안전관리를 강화하기 위해 , 암사에서 출발하는 열차예비 편성 ( ) 2 을 투입할 계획이다. ㅇ 또한출퇴근 시간에 열차시격을 조정하는 등 출퇴근시간대 , 각 회 5 증회 운행을 통해 열차 수송력을 제고하여 혼잡상황을 방지한다 전체 운행 횟수도 회에서 회로 회 증회 * 292 324 32 아울러별내선 개통 전 , □ 월 (7 ) 서울구간 주요 환승역사*에 교육을 마친 전문인력을 명을 배치 93 하여 안전활동동선분리승하차 통제 등 ( , ) 중이며 , 천호역 잠실역 석촌역 가락시장역 등 개 환승역 * , , , 4 ⑤⑧ ②⑧ ⑧⑨ ③⑧ 천호역 인력배치 < > 案 잠실역 인력배치 < > 案 ㅇ 경기도 에서도 관내 주요 환승역사구리역별내역다산역 ( , , )에 안전관리 인력 명 29 *을 배치하여 승하차 계도 등 · 사고예방에 힘쓴다 . 구리역 명 동구릉역 명 다산역 명 별내역 명",low,ai_draft,False
EV-PDF-032-ACTU-1,SRC-PDF-032-ACTU-1,PDF-032,화성 동탄2,operation,actual_operation,2024-12-11,day,2024-12-11,2024-12-11,rail,GTX-A 수서~동탄,district,,예정,https://www.molit.go.kr/LCMS/DWN.jsp?fold=koreaNews/mobile/file&fileName=241212%28%EC%A1%B0%EA%B0%84%29_GTX-A_%EC%9A%B4%EC%A0%95%EC%A4%91%EC%95%99%7E%EC%84%9C%EC%9A%B8%EC%97%AD%EA%B5%AC%EA%B0%84__12%EC%9B%94_28%EC%9D%BC_%EA%B0%9C%ED%86%B5%28%EA%B4%91%EC%97%AD%EA%B8%89%ED%96%89%EC%B2%A0%EB%8F%84%EA%B1%B4%EC%84%A4%EA%B3%BC%29.pdf,data/raw/evidence/241212(조간)_GTX-A_운정중앙~서울역구간__12월_28일_개통(광역급행철도건설과).pdf,d3bdc37aa3e72dd26cd4065e2019ef0154a1f93b16d3f0202d05f03b5fe8c968,,,PDF p.1,"- 1 - 보도시점 수 이후 목 조간 : 2024. 12. 11.( ) 11:00 (12.12.( ) ) 배포 수 / : 2024.12.11.( ) 운정중앙서울역 구간 월 일 개통 GTX-A‘ ~ ’ , 12 28 - 일 개통기념식 및 사전시승식 행사 등 개최 27 , □국토교통부장관 박상우 ( )는 지난 월 노선 수서동탄구간에 이어 3 GTX-A ‘ ~ ‘ 월 일 운정중앙서울역구간 12 28 ’ ~ ‘ 도 개통할 예정이라고 밝혔다. ※ 수서동탄구간 최초개통 구성역 추가 개통 GTX-A ‘ ~ ’ (3.30), (6.29) ㅇ 운정중앙서울역 구간이 개통하면 버스지하철 등 대중 GTX-A ‘ ~ ’ · 교통 환승을 통해 최대 분 가량이 소요되는 이동시간이 분으로 대폭 90 22 단축되어 수도권 서북부 지역의 교통편의가 획기적으로 개선될 전망이다. ㅇ 또한금번 개통하는 운정중앙서울역구간은 , ‘ ~ ’ 이용자의 편의성 제고를 위해 출퇴근 시간 때 열차",medium,ai_draft,True
EV-PDF-032-BASI-1,SRC-PDF-032-BASI-1,PDF-032,화성 동탄2,service,basic_service,,unknown,,,rail,GTX-A 수서~동탄,district,,예정;계획,https://www.molit.go.kr/LCMS/DWN.jsp?fold=koreaNews/mobile/file&fileName=241212%28%EC%A1%B0%EA%B0%84%29_GTX-A_%EC%9A%B4%EC%A0%95%EC%A4%91%EC%95%99%7E%EC%84%9C%EC%9A%B8%EC%97%AD%EA%B5%AC%EA%B0%84__12%EC%9B%94_28%EC%9D%BC_%EA%B0%9C%ED%86%B5%28%EA%B4%91%EC%97%AD%EA%B8%89%ED%96%89%EC%B2%A0%EB%8F%84%EA%B1%B4%EC%84%A4%EA%B3%BC%29.pdf,data/raw/evidence/241212(조간)_GTX-A_운정중앙~서울역구간__12월_28일_개통(광역급행철도건설과).pdf,d3bdc37aa3e72dd26cd4065e2019ef0154a1f93b16d3f0202d05f03b5fe8c968,,,PDF p.1,"~ ’ · 교통 환승을 통해 최대 분 가량이 소요되는 이동시간이 분으로 대폭 90 22 단축되어 수도권 서북부 지역의 교통편의가 획기적으로 개선될 전망이다. ㅇ 또한금번 개통하는 운정중앙서울역구간은 , ‘ ~ ’ 이용자의 편의성 제고를 위해 출퇴근 시간 때 열차를 집중 투입 · 짧은 배차간격 , 분 초 (6 15 )으로 열차를 운행할 예정이다. * 수서동탄구간도 월 일부터 열차운행횟수 확대예정 회일 회일 ‘ ~ ’ 12 28 (52 / 60 / ) → □ 운정중앙서울역 구간 개통 GTX-A ‘ ~ ’ (12.28)을 기념하여 지역주민 등과 개통성과를 공유소통 · 하는 행사와 이벤트도 실시한다. ㅇ 월 일에는 노선의 출발역과 종착역인 운정중앙역 12 27 GTX-A 파주시 ( 동패동 일원)에서 개통기념식행사를 개최하고행사 직후에는 운정중앙역 , 에서 서울역 구간까지 사전 시승식 GTX-A 행사를 실시할 계획이다. ㅇ 개통식 GTX-A 및사전",low,ai_draft,False
EV-PDF-033-OCCU-1,SRC-PDF-033-OCCU-1,PDF-033,남양주 왕숙,occupancy,occupancy_planned_block,2028-08,month,2028-08-01,2028-08-31,,강동하남남양주선,block,A-2,예정;확정,https://www.molit.go.kr/LCMS/DWN.jsp?fold=koreaNews/mobile/file&fileName=250724%28%EC%84%9D%EA%B0%84%29+3%EA%B8%B0+%EC%8B%A0%EB%8F%84%EC%8B%9C+%EB%82%A8%EC%96%91%EC%A3%BC%EC%99%95%EC%88%99+%EC%B2%AB+%EA%B3%B5%EA%B8%89+%EA%B0%9C%EC%8B%9C%28%EA%B3%B5%EA%B3%B5%ED%83%9D%EC%A7%80%EA%B4%80%EB%A6%AC%EA%B3%BC%29.pdf,data/raw/evidence/250724(석간) 3기 신도시 남양주왕숙 첫 공급 개시(공공택지관리과).pdf,75b73130d02612d7c1c05f64b5a800a662554d854abc4445e565e0caf2439cb6,,,PDF p.1,", A-2블록 공급 물량은 총 1,030호이며, 전용면적 46㎡, 55㎡, 59㎡의 실수요자 선호도가 높은 소형 평형 위주로 구성되어 실질적인 주거 안정을 도모할 수 있을 것으로 기대된다. < 남양주왕숙 A-1, A-2 블록 주택형별 공급대상 > 구분 주택형별 세대수 구분 주택형별 세대수 입주예정시기 계 1,030 A-2 46㎡ 57 ’28.8월 (예정) A-1 59㎡ 629 55㎡ 344 * 위 공급호수는 입주자 모집 시 최종 확정됨 ㅇ 해당 블록은 왕숙천 수변공원과 선형공원 등과 인접해 쾌적한 환경을 갖추고 있으며, 다함께 돌봄센터 등 다양한 아이돌봄시설이 배치돼 ‘아이 키우기 좋은 단지’로 주목받고 있다. ㅇ 블록 인근에 있는 풍양역(진접2지구내)으로 4호선‧9호선 연장선이 개통될 예정으로, 교통여건도 뛰어난 편이다. □ 남양주왕숙 지구는 GTX-B노선, 강동하남남양주선(지하철 9호선 연장선), 경춘선의 3개 철도노선이 연결되는 ‘트리플 역세권(왕숙역, 가칭)’이 형성",medium,ai_draft,True
EV-PDF-036-OCCU-1,SRC-PDF-036-OCCU-1,PDF-036,부천 대장,occupancy,occupancy_planned_block,2027,year,2027-01-01,2027-12-31,,,block,A-5,예정,https://apply.lh.or.kr/lhapply/lhFile.do?fileid=67822421,data/raw/evidence/[공고문]부천대장_A5블록_신혼희망타운_행복주택_입주자모집(`26.07.23.).pdf,6cdd357410777803b9423465738698e06c86d90f2770b19fe8e598acca238bb1,,,PDF p.2,"결과 최종 적격자는 전부 당첨자 및 예비입주자로 선정할 예정입니다. 예비입주자는 당첨자의 계약포기 또는 해약 등으로 잔여세대 발생 시 예비순번에 따라 차례대로 계약체결을 진행하며, 순번 도래시 별도로 안내드릴 예정입니다. (예비입주자의 계약체결까지는 상당한 기간이 소요될 수 있습니다.) • 이 주택의 입주예정일은 2027년 11월이나 사정에 따라 변경될 수 있으며 정확한 입주시기는 추후 개별 통보합니다. • 동호 배정은 동별·층별·향별·타입별 구분 없이 우리 공사의 전산 프로그램을 통한 추첨에 의해 결정됩니다. • 우선공급이 미달된 경우 남은 우선공급물량은 해당 공급대상자의 일반 공급물량으로 전환하여 공급합니다. • 55형 중 일부 세대는 가정어린이집 설치·운영을 위한 공간으로 임시 배정되었습니다. 관계기관과의 협의 결과 및 현장여건 등에 따라 가정어린이집 설치·운영 여부 및 수량은 변경될 수 있으며, 이에 따라 금회 공급호수 또한 다소 변경될 수 있습니다. • 주거약자용 주택(55AS타입)은 안전하고 편리",medium,ai_draft,True
EV-PDF-037-OCCU-1,SRC-PDF-037-OCCU-1,PDF-037,부천 대장,occupancy,occupancy_planned_block,2027,year,2027-01-01,2027-12-31,,,block,A-6,예정,https://apply.lh.or.kr/lhapply/lhFile.do?fileid=67822428,data/raw/evidence/[공고문]부천대장_A6블록_신혼희망타운_행복주택_입주자모집(`26.07.23.).pdf,4c96f574d6f235f71d79e3e067d5d2f666e5895a0c0db9ae0b862e31aa96c14d,,,PDF p.2,"결과 최종 적격자는 전부 당첨자 및 예비입주자로 선정할 예정입니다. 예비입주자는 당첨자의 계약포기 또는 해약 등으로 잔여세대 발생 시 예비순번에 따라 차례대로 계약체결을 진행하며, 순번 도래시 별도로 안내드릴 예정입니다. (예비입주자의 계약체결까지는 상당한 기간이 소요될 수 있습니다.) • 이 주택의 입주예정일은 2027년 11월이나 사정에 따라 변경될 수 있으며 정확한 입주시기는 추후 개별 통보합니다. • 동호 배정은 동별·층별·향별·타입별 구분 없이 우리 공사의 전산 프로그램을 통한 추첨에 의해 결정됩니다. • 우선공급이 미달된 경우 남은 우선공급물량은 해당 공급대상자의 일반 공급물량으로 전환하여 공급합니다. • 55형 중 일부 세대는 가정어린이집 설치·운영을 위한 공간으로 임시 배정되었습니다. 관계기관과의 협의 결과 및 현장여건 등에 따라 가정어린이집 설치·운영 여부 및 수량은 변경될 수 있으며, 이에 따라 금회 공급호수 또한 다소 변경될 수 있습니다. • 주거약자용 주택(55AS타입)은 안전하고 편리",medium,ai_draft,True
EV-PDF-044-PROM-1,SRC-PDF-044-PROM-1,PDF-044,김포 한강,promise,promise_date,2021-06-29,day,2021-06-29,2021-06-29,sbrt,GTX-A 수서~동탄;김포도시철도(김포골드라인);하남선(5호선 연장);계양~대장 S-BRT,district,,추진,,data/raw/evidence/documents/김포 한강/2021-06-29__참고__서부권_2기_신도시_김포한강__인천검단__교통개선_대책.pdf,f73aeb4a71997f5df77ed1b4d5cd616609805096dc5b3333ed61b3dba5b62051,,,PDF p.3,"번, 3번 환승한다면 이동시 간이 단축될까요? 한번환승시 최소 10분은 걸립니다. 그리고 김포시민전부가 장기역에 거주하나요? 장기역까지 가서 환승 하고 부천가서 또환승하고 여의도가서 또환승하고 강남가면 시간이 얼마 걸릴까요? 저도 이런생각을 하는데 보도자료의 개 선대책은 사업비 낭비로 밖에 안보입니다. 그냥 추진하지마시 고 교통분담금 1200만원 환급해주세요. 댓글삭제 • 장* 진 2021-06-29 김포검단 위한답시고 말은 번지르르하게 했는데 핵심만 요약 하면 김부선에서 바뀐건 GTX-B 사업자와 *협의*해서 용산 직 결) -> GTX-B 사업자와 협의 안되면 나가리 5호선 연장 추가* 검토* -> 검토를 한다는거지 한다는 말은 아님 ""생각은 해볼 께. 근데 상황이 여의치않으면 불가능해"" 이거랑 다른게 뭐야? 국토부가 나서서 이 안건에 대해선 국토부가 총대를 메고 진행 한다고 하던가 결국엔 그냥 말장난인거잖아? 댓글삭제 • 오* 연 2021-06-29 노형욱 국토부장관은 김포골드라인 체험 약속도 안지키고 탁 상행",medium,ai_draft,False
EV-PDF-045-PROM-1,SRC-PDF-045-PROM-1,PDF-045,김포 한강,promise,promise_date,2022-11-11,day,2022-11-11,2022-11-11,rail,김포도시철도(김포골드라인);하남선(5호선 연장),district,,추진,,data/raw/evidence/documents/김포 한강/2022-11-11_수도권_서부지역의_광역교통_확충_등_지역현안_해결_추진.pdf,1bb829548e89c9bc87d68f9d08d8950cbcd1c4a2598056dd77d8bd5a723bab5e,,,PDF p.2,"항공 ○ 모빌리티자동차 ○ 도로철도 ○ 일반 • 참고 · 설명자료 • 디지털자료 • 공지사항 • 인사발령 • 일자리정보 • 자격시험안내 • 입찰안내 • 사전규격공고 • 정부포상 • Home • 뉴스·소식 • 보도자료 보도자료 프린트 수도권 서부지역의 광역교통 확충 등 지역현안 해결 추진 • 서울5호선ㆍGTX 등과 연계한 김포한강2 콤팩트시티 조성 • 담당부서공공택지조사과,광역교통정책과,부동산거래분석기획 단 • 등록일2022-11-11 11:00 • 조회수37802 • 첨부파일 [image]221111(석간)_수도권_서부지역의_광역교통_ 확충_등_지역현안_해결_추진(공공택지조사과).hwpx (10030Kbyte) 바로보기 [image] 221111(석간)_수도권_서부지 역의_광역교통_확충_등_지역현안_해결_추진(공공택지조사 과).pdf (1125Kbyte) 바로보기 목록 • 국토교통부의 최신 보도자료를 제공해드립니다.",medium,ai_draft,False
EV-PDF-045-PROM-2,SRC-PDF-045-PROM-2,PDF-045,하남 미사,promise,promise_date,2022-11-11,day,2022-11-11,2022-11-11,rail,김포도시철도(김포골드라인);하남선(5호선 연장),district,,추진,,data/raw/evidence/documents/김포 한강/2022-11-11_수도권_서부지역의_광역교통_확충_등_지역현안_해결_추진.pdf,1bb829548e89c9bc87d68f9d08d8950cbcd1c4a2598056dd77d8bd5a723bab5e,,,PDF p.2,"항공 ○ 모빌리티자동차 ○ 도로철도 ○ 일반 • 참고 · 설명자료 • 디지털자료 • 공지사항 • 인사발령 • 일자리정보 • 자격시험안내 • 입찰안내 • 사전규격공고 • 정부포상 • Home • 뉴스·소식 • 보도자료 보도자료 프린트 수도권 서부지역의 광역교통 확충 등 지역현안 해결 추진 • 서울5호선ㆍGTX 등과 연계한 김포한강2 콤팩트시티 조성 • 담당부서공공택지조사과,광역교통정책과,부동산거래분석기획 단 • 등록일2022-11-11 11:00 • 조회수37802 • 첨부파일 [image]221111(석간)_수도권_서부지역의_광역교통_ 확충_등_지역현안_해결_추진(공공택지조사과).hwpx (10030Kbyte) 바로보기 [image] 221111(석간)_수도권_서부지 역의_광역교통_확충_등_지역현안_해결_추진(공공택지조사 과).pdf (1125Kbyte) 바로보기 목록 • 국토교통부의 최신 보도자료를 제공해드립니다.",medium,ai_draft,False
EV-PDF-045-PROM-3,SRC-PDF-045-PROM-3,PDF-045,하남 교산,promise,promise_date,2022-11-11,day,2022-11-11,2022-11-11,rail,김포도시철도(김포골드라인);하남선(5호선 연장),district,,추진,,data/raw/evidence/documents/김포 한강/2022-11-11_수도권_서부지역의_광역교통_확충_등_지역현안_해결_추진.pdf,1bb829548e89c9bc87d68f9d08d8950cbcd1c4a2598056dd77d8bd5a723bab5e,,,PDF p.2,"항공 ○ 모빌리티자동차 ○ 도로철도 ○ 일반 • 참고 · 설명자료 • 디지털자료 • 공지사항 • 인사발령 • 일자리정보 • 자격시험안내 • 입찰안내 • 사전규격공고 • 정부포상 • Home • 뉴스·소식 • 보도자료 보도자료 프린트 수도권 서부지역의 광역교통 확충 등 지역현안 해결 추진 • 서울5호선ㆍGTX 등과 연계한 김포한강2 콤팩트시티 조성 • 담당부서공공택지조사과,광역교통정책과,부동산거래분석기획 단 • 등록일2022-11-11 11:00 • 조회수37802 • 첨부파일 [image]221111(석간)_수도권_서부지역의_광역교통_ 확충_등_지역현안_해결_추진(공공택지조사과).hwpx (10030Kbyte) 바로보기 [image] 221111(석간)_수도권_서부지 역의_광역교통_확충_등_지역현안_해결_추진(공공택지조사 과).pdf (1125Kbyte) 바로보기 목록 • 국토교통부의 최신 보도자료를 제공해드립니다.",medium,ai_draft,False
EV-PDF-049-PROM-1,SRC-PDF-049-PROM-1,PDF-049,하남 교산,promise,promise_date,2020-05-21,day,2020-05-21,2020-05-21,,,district,,확정,,data/raw/evidence/documents/하남 미사/2020-05-21_하남교산_신도시__과천지구_광역교통개선대책_확정.pdf,5c8bd8f5fb2ae4023300d399bf8deb93f05dd5dff08af27165cd6c6a2201d89c,,,PDF p.2,"○ 항공 ○ 모빌리티자동차 ○ 도로철도 ○ 일반 • 참고 · 설명자료 • 디지털자료 • 공지사항 • 인사발령 • 일자리정보 • 자격시험안내 • 입찰안내 • 사전규격공고 • 정부포상 • Home • 뉴스·소식 • 보도자료 보도자료 프린트 하남교산 신도시, 과천지구 광역교통개선대책 확정 • 지하철, 환승센터 등을 통해 서울 도심 30분대 접근 가능한 교 통대책 완비 • 담당부서공공택지기획과,광역교통정책과 • 등록일2020-05-21 14:00 • 조회수32577 • 첨부파일 [image]200521(14시이후) 하남교산 신도시_과천지 구 광역교통개선대책 확정(공공택지기획과).hwp (1072Kbyte) 바로보기 [image] 200521(14시이후) 하남교산 신도시_과천지 구 광역교통개선대책 확정(공공택지기획과).pdf (387Kbyte) 바로보기 목록 • 국토교통부의 최신 보도자료를 제공해드립니다.",medium,ai_draft,False
EV-PDF-050-PROM-1,SRC-PDF-050-PROM-1,PDF-050,화성 동탄2,promise,promise_date,,,,,,,district,,,,data/raw/evidence/documents/화성 동탄2/2022-06-16_수원_호매실_17일__화성_동탄2지구_21일__광역교통_주민간담회_개최.pdf,a27d8c520db11a7da4c8dc60168a373f40ed7f87cbee81d6da883b550f43e871,,,,,low,ai_draft,False
EV-PDF-051-PROM-1,SRC-PDF-051-PROM-1,PDF-051,화성 동탄2,promise,promise_date,,,,,,,district,,,,data/raw/evidence/documents/화성 동탄2/2022-10-26__수원호매실_화성동탄2_광역교통_특별대책__발표.pdf,0a6095cb415fbeedd0727303ba11c005733bf4f2d7721122b6d577220077c258,,,,,low,ai_draft,False
EV-PDF-069-OCCU-1,SRC-PDF-069-OCCU-1,PDF-069,남양주 왕숙,occupancy,occupancy_planned_block,2028,year,2028-01-01,2028-12-31,,,block,A-1,예정;추진;계획,https://apply.lh.or.kr/lhapply/lhFile.do?fileid=62861708,data/raw/evidence/★(정정)남양주왕숙A-1BL공공분양입주자모집공고문.pdf,9f8e43212a22fdd573254ea59bd1cd1ba3f8d1ac7a1494b97682b50c65adc95b,,,PDF p.40,"지구계획 상 부지 명칭) 학교명(가칭) 개교시기(예정) 비고 관할 교육지원청 유치원 유1 왕숙1유 2028년 3월 - 경기도구리남양주교육지원청 초등학교 초1 왕숙1초 - 중학교 중2 왕숙2중 기존 중학구(진건중학구)에서 왕숙2중 설립 시 배정 중학군 조정예정 - 학교 개교 시기 및 학생 배치계획은 공동주택 입주시기 및 학생 수 등을 감안하여 관할 교육지원청에서 결정하는 사항이며, 본 지구의 초등학교 등 교육시설 신설사업 추진 과정에서 지구계획(개발 및 실시계획)의 인·허가 변경, 학교설립관련 법령·지침 변경, 블록별 입주시기, 공동주택 세대수, 학생 수용여건, 학생수용계획 등에 따라 학교 설립(개교) 시기는 조정될 수 있음 - 학교설립계획의 변경으로 인하여 지구 내 학교부지가 취소 및 위치나 면적이 변경될 수 있으며 신설학교 배정 및 인근 학교 배치 등 각종 교육시설 관련사항은 관할 교육지원청 에 문의하시기 바람 - 남양주시는 고등학교 비평준화 지역으로 지역 내 모든 고등학교(일반계)에 진학 가능함 ■ 일반 사",medium,ai_draft,True
EV-PDF-070-OCCU-1,SRC-PDF-070-OCCU-1,PDF-070,하남 미사,occupancy,occupancy_planned_block,,,,,,,block,,,https://apply.lh.or.kr/lhapply/lhFile.do?fileid=61085498,data/raw/evidence/★하남시지역국민임대주택예비입주자모집공고(20250314)_최종.pdf,2759529f5e28ddedc459b8499ccd88c52df2a3be5388dd8afaab954540cad938,,,,,low,ai_draft,False
EV-PDF-071-OCCU-1,SRC-PDF-071-OCCU-1,PDF-071,화성 동탄2,occupancy,occupancy_planned_block,,unknown,,,,,block,C-27,예정,https://apply.lh.or.kr/lhapply/lhFile.do?fileid=67060609,data/raw/evidence/★화성동탄2C-27블록공공분양주택입주자모집공고문.pdf,7566afe81be70a79ee692a52f0438da0bfc935eb971e853654613533d09d55c7,,,PDF p.4,"증감될 수 있습니다. ※ 최고층수는 해당 주택형의 최상층 층수이며, 최상층세대는 다락방이 설치되지 않습니다. ※ 84T 주택타입의 경우, 전세대 5층 미만으로 최하층 우선 배정 대상에 해당되지 않습니다. ※ 난방방식은 지역난방, 구조는 철근콘크리트 벽식구조, 지붕은 평지붕으로 시공됩니다. ※ 입주예정 시기는 ‘29년 6월입니다. 건축공정 등 현장여건에 따라 변동될 수 있으며, 정확한 입주 시기는 추후 개별 안내할 예정입니다. 블록 주택형 주택 타입 세대당 주택면적(㎡) 공유 대지 면적 (㎡) 공급세대수 최고 층수 1층 세대수 입주 예정 시기 공급면적 그 밖의 공용면적 계약 면적 (계) 계 특별공급 일반 공급 주거 전용 주거 공용 기타 공용 지 하 주차장 다자녀 가구 신혼 부부 생애 최초 노부모 부양 신생아 기관추천 등 국가 유공자 기타 특별 C-27 합 계 473 47 47 71 24 95 23 47 119 - - ’29.06. (예정) 084.9700A 84A 84.97 27.2332 7.9007",low,ai_draft,False
EV-PDF-073-OCCU-1,SRC-PDF-073-OCCU-1,PDF-073,고양 창릉,occupancy,occupancy_planned_block,2029,year,2029-01-01,2029-12-31,,,block,S-4,예정;계획,https://apply.lh.or.kr/lhapply/lhFile.do?fileid=67498801,data/raw/evidence/고양창릉S-4블록공공분양입주자모집공고문(안).pdf,565721aa8e656d20e2b2edb9c8db64b0ffdab8bfd02ea4e2ad8119bc9b76e5d9,,,PDF p.44,"유소 등이 위치하고 있음 - 지구 북측과 남측에 유보지가 위치하며, 유보지의 용도는 추후 결정 예정임 - 지구 내 학교 등 각종 교육시설은 개발(실시)계획의 변경, 해당 관청의 학교설립시기 조정 및 설립계획 보류(소)요청 등에 의하여 추후 변경될 수 있으며, 설립계획 및 학생 수용계획 은 향후 공동주택 입주시기 및 학생수 등을 감안하여 해당 관청에서 결정하는 사항이므로 변경될 수 있음 - 교육청의 학교설립계획의 변경으로 인하여 당해지구 내 학교부지가 취소 및 위치나 면적이 변경될 수 있으며, 당해 지구 내 계획 중인 신설학교는 교육여건 변화에 따라 변경될 수 있 음 - 당해 지구 내 신설학교 배정 및 인근 학교 배치 등 각종 교육시설은 해당관청(고양교육지원청)에 문의하시기 바람 - 지구 내 학교 등의 용지는 해당 기관의 수요가 없을 경우 타 용도로 변경될 수 있음 - 고양창릉 공공주택지구는 사업기간이 2029년 12월로 계획되어 있으나, 관계기관 협의 등 부득이한 사유에 의하여 연기될 수 있으며, 그에 따",medium,ai_draft,True
EV-PDF-074-ACTU-1,SRC-PDF-074-ACTU-1,PDF-074,하남 미사,operation,actual_operation,2020-08-07,day,2020-08-07,2020-08-07,rail,하남선(5호선 연장),district,,,,"data/raw/evidence/김상호 하남시장, “5호선 개통은 마을, 도시, 일자리 잇는 촉진제”.pdf",a462e80e674ef097b025a5d6a1fd147bba70fc5ecd04a37c12c03435d394b18d,,,PDF p.1,"보도일시 금 2020. 8. 7.( ) 매 수 매 2 담당부서 도시개발과 참고자료 없음 배포일시 금 2020. 8. 7.( ) 사 진 매 10 담당자 도시개발과장 오세인 ( 031-790-6090) ☎ 지하철팀장 지종운 ( 031-790-5061) ☎ 김상호 하남시장 호선 개통은 마을도시일자리 잇는 촉진제 , “5 , , ” 김상호 시장 하남 호선 개통은 서울과 경기 원도심과 신도시 사람과 “ 5 , , ○ 일자리를 잇는 발판 될 것” ○ 일 미사역 대합실에서 이재명 도지사김상호 시장시민 등 여명 참석한 7 , , 120 가운데 하남시 지하철 시대 개막 축하 개통식 열어 ‘ ’ 김상호 하남시장은 하남 호선 개통은 서울과 경기 원도심과 신도시 “ 5 , , 사람과 일자리를 잇는 하남시의 꿈에 한걸음 다가서는 계기가 될 것” 이라며 지하철개통이 갖는 의미를 강조했다 . 하남시는 개통을 하루 앞둔 일 경기도와 시 주관으로 지하철 시대의 7 , 개막을 축하",medium,ai_draft,False
EV-PDF-074-ACTU-2,SRC-PDF-074-ACTU-2,PDF-074,하남 교산,operation,actual_operation,2020-08-07,day,2020-08-07,2020-08-07,rail,하남선(5호선 연장),district,,,,"data/raw/evidence/김상호 하남시장, “5호선 개통은 마을, 도시, 일자리 잇는 촉진제”.pdf",a462e80e674ef097b025a5d6a1fd147bba70fc5ecd04a37c12c03435d394b18d,,,PDF p.1,"보도일시 금 2020. 8. 7.( ) 매 수 매 2 담당부서 도시개발과 참고자료 없음 배포일시 금 2020. 8. 7.( ) 사 진 매 10 담당자 도시개발과장 오세인 ( 031-790-6090) ☎ 지하철팀장 지종운 ( 031-790-5061) ☎ 김상호 하남시장 호선 개통은 마을도시일자리 잇는 촉진제 , “5 , , ” 김상호 시장 하남 호선 개통은 서울과 경기 원도심과 신도시 사람과 “ 5 , , ○ 일자리를 잇는 발판 될 것” ○ 일 미사역 대합실에서 이재명 도지사김상호 시장시민 등 여명 참석한 7 , , 120 가운데 하남시 지하철 시대 개막 축하 개통식 열어 ‘ ’ 김상호 하남시장은 하남 호선 개통은 서울과 경기 원도심과 신도시 “ 5 , , 사람과 일자리를 잇는 하남시의 꿈에 한걸음 다가서는 계기가 될 것” 이라며 지하철개통이 갖는 의미를 강조했다 . 하남시는 개통을 하루 앞둔 일 경기도와 시 주관으로 지하철 시대의 7 , 개막을 축하",medium,ai_draft,False
EV-PDF-075-OCCU-1,SRC-PDF-075-OCCU-1,PDF-075,김포 한강,occupancy,occupancy_planned_block,2030,year,2030-01-01,2030-12-31,,,block,AC-01a,예정,https://apply.lh.or.kr/lhapply/lhFile.do?fileid=67332353,data/raw/evidence/김포한강Ac-01a블록(데세리브)10년공공임대주택리츠예비입주자모집공고문(26.06.19).pdf,5fae342e3aebe93b2118cd32e37d603c71670b7b78aad88b4b859e882a73ee3c,,,PDF p.4,"있을 수 있습니다. ※ 최고층수는 해당주택형의 최상층 층수이며, 최상층 세대는 다락방이 설치되지 않습니다. ※ 난방방식은 지역난방, 구조는 철근콘크리트 벽식, 지붕은 평지붕입니다. ※ 청약신청은 주택 타입별로 공급물량이 있는 유형에 한하여 신청가능하며 추후 다른 주택타입으로 변경 불가함 ※ 공가발생에 따라 입주시기가 다르며 정확한 입주 시기는 추후 계약체결시 안내할 예정입니다. 임대기간 및 임대조건 ■ 임대기간 • 이 주택의 임대기간은 최초 입주지정기간 종료일(2020.8.28)로부터 10년이며, 임대기간 종료 후 분양 전환되는 주택입니다. (만기분양전환 개시 예정월 : 2030년9월) • 이 주택의 임대차계약기간은 2년이며, 계속 거주를 희망하는 경우에는「공공주택 특별법」등 관계법령에서 정한 입주자요건을 충족하는 분에 한하여 2년 단위로 임대차계약을 갱신할 수 있으며, 만기분양전환 시까지 잔여기간이 2년 미만인 경우 그 잔여기간을 임대차계약기간으로 합니다. ■ 임대조건(임대보증금 및 월 임대료)",medium,ai_draft,True
EV-PDF-076-OCCU-1,SRC-PDF-076-OCCU-1,PDF-076,김포 한강,occupancy,occupancy_planned_block,2027,year,2027-01-01,2027-12-31,,,block,AC-05,예정,https://apply.lh.or.kr/lhapply/lhFile.do?fileid=68207078,data/raw/evidence/김포한강Ac-05블록(센트럴블루힐)10년공공임대주택리츠예비입주자모집공고문(26.08.25).pdf,bff83f4d343364fcf84955d49a59748b9f82b4116f02cfbfb70ca9e5c3ba6b9d,,,PDF p.4,"이 설치되지 않습니다. ※ 난방방식은 지역난방, 구조는 철근콘크리트 벽식, 지붕은 평지붕입니다. ※ 공가세대수에는 하자보수 진행 등으로 즉시 공급이 어려운 세대가 포함되어 있습니다. ※ 청약신청은 주택 타입별로 공급물량이 있는 유형에 한하여 신청가능하며 추후 다른 주택타입으로 변경 불가함 ※ 공가발생에 따라 입주시기가 다르며 정확한 입주 시기는 추후 계약체결시 안내할 예정입니다. 임대기간 및 임대조건 ■ 임대기간 • 이 주택의 임대기간은 최초 입주지정기간 종료일(2017.10.31)로부터 10년이며, 임대기간 종료 후 분양 전환되는 주택입니다. (만기분양전환 개시 예정월 : 2027년11월) • 이 주택의 임대차계약기간은 2년이며, 계속 거주를 희망하는 경우에는「공공주택 특별법」등 관계법령에서 정한 입주자요건을 충족하는 분에 한하여 2년 단위로 임대차계약을 갱신할 수 있으며, 만기분양전환 시까지 잔여기간이 2년 미만인 경우 그 잔여기간을 임대차계약기간으로 합니다.",medium,ai_draft,True
EV-PDF-077-OCCU-1,SRC-PDF-077-OCCU-1,PDF-077,김포 한강,occupancy,occupancy_planned_block,2017-10-31,day,2017-10-31,2017-10-31,,,block,AC-05,예정,https://apply.lh.or.kr/lhapply/lhFile.do?fileid=64029507,data/raw/evidence/김포한강센트럴블루힐10년공공임대주택리츠예비입주자모집공고(25.10.28).pdf,b0c5c614416bcefdea6f27d7eb88f9a6be6c9a728f9a8bc0380f9356db04e18d,,,PDF p.4,"동의 공용부분 실제 면적과 일치하는 것은 아니며 동일한 주택형의 경우라도 해당 세대 주거공용부분은 동·호별로 형태 및 면적 등이 다소 차이가 있을 수 있습니다. ※ 최상층세대에 다락방이 설치되지 않습니다. ※ 난방방식은 지역난방, 구조는 철근콘크리트 벽식, 지붕은 평지붕으로 시공됩니다. ※ 공가발생에 따라 입주시기가 다르며 정확한 입주 시기는 추후 계약체결시 안내할 예정입니다. 임대기간 및 임대조건 ■ 임대기간 • 이 주택의 임대기간은 최초 입주지정기간 종료일(2017.10.31.)로부터 10년이며, 임대기간 종료 후 분양 전환되는 주택입니다. • 이 주택의 임대차계약기간은 2년이며, 계속 거주를 희망하는 경우에는「공공주택 특별법」등 관계법령에서 정한 입주자 요건을 충족하는 분에 한하여 2년 단위로 임대차계약을 갱신할 수 있습니다. (단, 분양전환 시까지 잔여기간이 2년 미만인 경우 그 잔여기간을 임대차계약기간으로 함) ■ 임대조건(임대보증금 및 월 임대료) (",medium,ai_draft,True
EV-PDF-078-BASI-1,SRC-PDF-078-BASI-1,PDF-078,,service,basic_service,,,,,,,district,,,,"data/raw/evidence/남양주시, 땡큐버스 등 6개 노선 개편으로 시민 불편 해소.pdf",70e61cf108214fb5b0a5bb9c687aa196fbffbb203a42f2b527b9f9a14f88e4a7,,,,,low,ai_draft,False
EV-PDF-079-OCCU-1,SRC-PDF-079-OCCU-1,PDF-079,남양주 왕숙,occupancy,occupancy_planned_block,2028,year,2028-01-01,2028-12-31,,,block,A-1,예정;추진;계획,https://apply.lh.or.kr/lhapply/lhFile.do?fileid=62796608,data/raw/evidence/남양주왕숙A-1BL공공분양입주자모집공고문(250724).pdf,1dac689d7133335f0bd75cc2a88000f862410209efa5bcfc9ea429ca4dc19515,,,PDF p.40,"지구계획 상 부지 명칭) 학교명(가칭) 개교시기(예정) 비고 관할 교육지원청 유치원 유1 왕숙1유 2028년 3월 - 경기도구리남양주교육지원청 초등학교 초1 왕숙1초 - 중학교 중2 왕숙2중 기존 중학구(진건중학구)에서 왕숙2중 설립 시 배정 중학군 조정예정 - 학교 개교 시기 및 학생 배치계획은 공동주택 입주시기 및 학생 수 등을 감안하여 관할 교육지원청에서 결정하는 사항이며, 본 지구의 초등학교 등 교육시설 신설사업 추진 과정에서 지구계획(개발 및 실시계획)의 인·허가 변경, 학교설립관련 법령·지침 변경, 블록별 입주시기, 공동주택 세대수, 학생 수용여건, 학생수용계획 등에 따라 학교 설립(개교) 시기는 조정될 수 있음 - 학교설립계획의 변경으로 인하여 지구 내 학교부지가 취소 및 위치나 면적이 변경될 수 있으며 신설학교 배정 및 인근 학교 배치 등 각종 교육시설 관련사항은 관할 교육지원청 에 문의하시기 바람 - 남양주시는 고등학교 비평준화 지역으로 지역 내 모든 고등학교(일반계)에 진학 가능함 ■ 일반 사",medium,ai_draft,True
EV-PDF-080-PROM-1,SRC-PDF-080-PROM-1,PDF-080,위례,promise,promise_date,2013,year,2013-01-01,2013-12-31,tram,위례선 트램,district,,목표;추진;계획,https://mediahub.seoul.go.kr/news/article/newsArticlePrintPopup.do?articleNo=2015024,"data/raw/evidence/내년 개통 앞둔 위례선 트램, 실제 차량 대공개! 승하차 태그는 어떻게_ _ 서울시 - 내 손안에 서울.pdf",720b75ef0bff8893c739dde9a900298f9a9b9f95ec74db696ec8841b828d5850,,,PDF p.1,"서울시 남동쪽에 지어진 대규모 주거단지다. 인접한 성남 분당이 90년대 지어진 1기 신도시였는 데, 위례는 판교 등과 함께 21세기 들어 지어진 2기 신도시다. 첫 입주는 2013년 12월에 시작되었다. 위례신도시는 총 면적이 6.8km2이며(여의도 면적의 2.3배), 4.3만 세대에 10.7만 명 수용을 목표로 추진되었다. 목표 인구밀도는 158인/ha이다. 이는 작년 말 기준, 마포구나 은평구와 비슷한 수준이다. 위례신도시는 대규모 단지임에도 불구하고 도시 내부를 관통하는 철도가 없는 게 문제로 지적되어 왔다. 8호선 이 있긴 한데 외곽 가장자리로 지나가는 게 아쉽다. 원래 위례신도시에는 위례선과 위례신사선 2개의 철도 계획 이 있었으나, 여러 사정으로 첫 입주 10년이 넘은 지금까지도 개통되지 못하고 있다. ☞ [관련 기사] 지지부진했던 위례신사선, 이번엔 속도 낸다! 도시철도망 계획에 긴급 포함",medium,ai_draft,True
EV-PDF-082-OCCU-1,SRC-PDF-082-OCCU-1,PDF-082,남양주 다산,occupancy,occupancy_planned_block,,unknown,,,,,block,A-1,예정,https://www.myhome.go.kr/hws/com/fms/cvplFileDownload.do,data/raw/evidence/다산지금A1블록 국민임대주택 입주자모집공고문(200827).pdf,b742188f7e7a4d25e76a9e308fece038462ad1460e35f54b631a7ac587408d8d,,,PDF p.3,"임대료 전환은 임차인의 선택사항으로서 100만원 단위로 전환가능합니다. • 위 최대전환시 임대조건은 월임대료의 임대보증금으로 전환시 이율 6%, 임대보증금의 월임대료로 전환시 이율 3%를 적용하여 산정한 것으로서, 향후 전환이율이 변경되는 때에는 변경된 이율을 적용하여 다시 산정하게 됩니다. • 이 주택의 입주예정월은 사정에 따라 변경될 수 있으며 정확한 입주 시기는 추후 개별 통보합니다.",low,ai_draft,False
EV-PDF-084-OCCU-1,SRC-PDF-084-OCCU-1,PDF-084,하남 미사,occupancy,occupancy_planned_block,,,,,,,block,A-24,,,data/raw/evidence/미사강변도시 A24블록 10년 공공임대주택리츠 입주자 모집.pdf,fe6a75eea6be0515dd7aae147197495ec4ecbc0e96e953f867d6a3d269c7dcbd,,,,,low,ai_draft,False
EV-PDF-085-OCCU-1,SRC-PDF-085-OCCU-1,PDF-085,하남 미사,occupancy,occupancy_planned_block,,,,,,,block,A-25,,,data/raw/evidence/미사강변도시 A25블록 10년 공공임대주택리츠 입주자 모집.pdf,90fcc484062c53afba4d33beaa9b5e0e5027ca7eea745254829727621b4dea52,,,,,low,ai_draft,False
EV-PDF-087-BASI-1,SRC-PDF-087-BASI-1,PDF-087,남양주 다산,service,basic_service,,,,,,,district,,,https://www.nyj.go.kr/www/downloadBbsFile.do?bbsNo=62&nttNo=482937&atchmnflNo=1493102,data/raw/evidence/변경 노선도（다산역）-홈페이지 게시용.pdf,672466fe557eca52389b61cf8eb9697e0f4110033cbb0418bbe8d3193d9dc68c,,,,,low,ai_draft,False
EV-PDF-089-OCCU-1,SRC-PDF-089-OCCU-1,PDF-089,남양주 다산,occupancy,occupancy_first_actual,2018-02-12,day,2018-02-12,2018-02-12,,별내선(8호선 연장),district,,,https://allinpdf.com/Transmit/File_Download?DownloadPath=2026%2f08%2f31%2f639e0bfd-8a7c-45ac-a6ee-cad773e402ab.hwp-0001.pdf&FileName=%eb%b3%b4%eb%8f%84%ec%9e%90%eb%a3%8c+%eb%8b%a4%ec%82%b0%ec%8b%a0%eb%8f%84%ec%8b%9c+%ec%9e%85%ec%a3%bc%ec%a7%80%ec%9b%90+%ed%8a%b9%eb%b3%84%eb%8c%80%ec%b1%85%eb%b0%98+%ea%b0%80%eb%8f%99.hwp.pdf,data/raw/evidence/보도자료 다산신도시 입주지원 특별대책반 가동.pdf,548a8ff7ef6d0fd6ce3db6989f1392e926873d063fe4344760061cb9d3637fea,,,PDF p.1,"○ - 과장 : 김남근 (031-8030-4140) 팀장 : 고강수 (031-8030-4161) 담당 : 홍재석 (031-8030-4162) 보도일시 : 2018. 2. 12.(월) 배포즉시 경기도, 다산신도시 성공 입주 도울 ‘특별대책반’ 본격 가동 <주요 내용> ○ 경기도, 남양주 다산신도시 입주지원 특별대책반 구성 - 사업시행자(경기도시공사), 유관기관 등 대거 참여해 협력체계 구축 ○ 남양주 다산신도시 조기 정착 및 입주 초기 입주민 불편사항 점검 - 교통, 공사, 기반·공공시설분야 등 불편사항 점검 및 지원 올해부터 본격적인 입주가 시작되는 ‘남양주 다산신도시’의 조기 정착과 입 주 초기 입주민의 불편사항 해소를 위해 경기도가 나섰다. 경기도는 올해 2월부터 유관기관들이 대거 참여할 입주지원 협력 거버넌스 ‘다산신도시 입주지원 특별대책반’을 구성, 본격 운영에 들어간다고 12일 밝 혔다. 이번 ‘특별대책반’은 남양주시, 교육청, 경찰서, 소방서 등 공공행정기관과 사업시행자인 경기",medium,ai_draft,True
EV-PDF-090-OCCU-1,SRC-PDF-090-OCCU-1,PDF-090,화성 동탄2,occupancy,occupancy_first_planned,2010-02,month,2010-02-01,2010-02-28,,,district,,예정;추진;계획,,data/raw/evidence/보도자료_final_동탄2신도시_070601.pdf,14d43f72c1bb4607b6cff9727d014a71548ad15d99861b90d0da6b55c76c35d8,,,PDF p.22,"09.5) 등의 절차를 거쳐 ‘ 년 월경 10 2 , 첫 입주는 년 월이전 ‘12 9 으로 예상 동탄 지구 신도시 추진절차 < 2 > 예정지구 지정 개발계획 포함 ( ) ⇒ 보상 착수 ⇒ 실시계획 승인 택지공급 포함 ( ) ⇒ 월 2008. 2 월 2008. 5 월 2009. 5 최초 분양 ⇒ 최초 입주 월 2010. 2 월 이전 2012. 9",medium,ai_draft,False
EV-PDF-091-OCCU-1,SRC-PDF-091-OCCU-1,PDF-091,부천 대장,occupancy,occupancy_planned_block,,unknown,,,,,block,A-7,예정,https://apply.lh.or.kr/lhapply/lhFile.do?fileid=61605284,data/raw/evidence/부천대장A7블록공공분양주택입주자모집공고문_최종.pdf,1fb52b9e26ce23b6131d05e4dcf6b2e8c294a5b4aafe585c9b8b4313d706d3f6,,,PDF p.4,"장기간 소요될 수 있으며, 향후 지적정리 후 면적은 일부 증감될 수 있습니다. ※ 최고층수는 해당주택형의 최상층 층수이며, 최상층세대는 다락방이 설치되지 않습니다. ※ 난방방식은 지역난방, 구조는 철근콘크리트 벽식, 지붕은 평지붕으로 시공되며, 지하주차장 슬래브는 무량판 구조로 시공됩니다. ※ 입주예정 시기는 ‘28년 01월입니다. 건축공정 등 현장여건에 따라 변동될 수 있으며, 정확한 입주 시기는 추후 개별 안내할 예정입니다. 블록 주택형 주택 타입 세대당 주택면적(㎡) 발코니 공유 대지 면적 (㎡) 공급세대수 최고 층수 1층 세대수 입주 예정 시기 공급면적 그 밖의 공용면적 계약 면적 (계) 확장 여부 면적 (㎡) 계 사전 청약 당첨자 특별공급 일반 공급 주거 전용 주거 공용 기타 공용 지 하 주차장 다자녀 가구 신혼 부부 생애 최초 노부모 부양 신생아 국가 유공자 기타 특별 A7 합 계 473 369 10 10 16 5 21 5 10 27 ’28.01 (예정) 59.0000O 59A 59.89 2",low,ai_draft,False
EV-PDF-092-OCCU-1,SRC-PDF-092-OCCU-1,PDF-092,부천 대장,occupancy,occupancy_planned_block,,unknown,,,,,block,A-8,예정,https://apply.lh.or.kr/lhapply/lhFile.do?fileid=61606103,data/raw/evidence/부천대장A8블록공공분양주택입주자모집공고문.pdf,d225b71e078de3e7903d26ef108379f624797a80735d28f23efba6334c373912,,,PDF p.4,"장기간 소요될 수 있으며, 향후 지적정리 후 면적은 일부 증감될 수 있습니다. ※ 최고층수는 해당주택형의 최상층 층수이며, 최상층세대는 다락방이 설치되지 않습니다. ※ 난방방식은 지역난방, 구조는 철근콘크리트 벽식, 지붕은 평지붕으로 시공되며, 지하주차장 슬래브는 무량판 구조로 시공됩니다. ※ 입주예정 시기는 ‘28년 01월입니다. 건축공정 등 현장여건에 따라 변동될 수 있으며, 정확한 입주 시기는 추후 개별 안내할 예정입니다. 블록 주택형 주택 타입 세대당 주택면적(㎡) 발코니 공유 대지 면적 (㎡) 공급세대수 최고 층수 1층 세대수 입주 예정 시기 공급면적 그 밖의 공용면적 계약 면적 (계) 확장 여부 면적 (㎡) 계 사전 청약 당첨자 특별공급 일반 공급 주거 전용 주거 공용 기타 공용 지 하 주차장 다자녀 가구 신혼 부부 생애 최초 노부모 부양 신생아 국가 유공자 기타 특별 A8 합 계 392 304 9 9 13 4 18 4 9 22 ’28.01 (예정) 59.0000O 59A 59.53 22.5",low,ai_draft,False
EV-PDF-094-OCCU-1,SRC-PDF-094-OCCU-1,PDF-094,하남 미사,occupancy,occupancy_planned_block,,,,,,,block,,,https://apply.lh.or.kr/lhapply/lhFile.do?fileid=54496971,"data/raw/evidence/예비입주자모집공고문(미사12,16)(2).pdf",5f78b95ae640847279af2e71ce967b3b8f2160776ac08cf24f46e5d731c0aca5,,,,,low,ai_draft,False
EV-PDF-096-OCCU-1,SRC-PDF-096-OCCU-1,PDF-096,위례,occupancy,occupancy_planned_block,,,,,tram,위례선 트램,block,,,https://mediahub.seoul.go.kr/news/article/newsArticlePrintPopup.do?articleNo=1302679,"data/raw/evidence/위례신도시 1,676세대 공공분양…분양가·청약조건은_ _ 서울시 - 내 손안에 서울.pdf",1c78338e3624cbdc6b2e58a875448c9fb1f5e6cecb6fba1b8bb7317940bd0094,,,,,low,ai_draft,False
EV-PDF-097-BASI-1,SRC-PDF-097-BASI-1,PDF-097,위례,service,basic_service,,,,,,,district,,,https://www.hanam.go.kr/common/print.jsp?siteId=sosik&title=%EB%B3%B4%EB%8F%84%EC%9E%90%EB%A3%8C,data/raw/evidence/인쇄하기 - 하남시청.pdf,ade438681fd2b080ed26cbafd823416f4d95a0df7fed95a67f508db4ccb0ac7c,,,,,low,ai_draft,False
EV-PDF-097-BASI-2,SRC-PDF-097-BASI-2,PDF-097,하남 미사,service,basic_service,,,,,,,district,,,https://www.hanam.go.kr/common/print.jsp?siteId=sosik&title=%EB%B3%B4%EB%8F%84%EC%9E%90%EB%A3%8C,data/raw/evidence/인쇄하기 - 하남시청.pdf,ade438681fd2b080ed26cbafd823416f4d95a0df7fed95a67f508db4ccb0ac7c,,,,,low,ai_draft,False
EV-PDF-099-OCCU-1,SRC-PDF-099-OCCU-1,PDF-099,위례,occupancy,occupancy_first_planned,,,,,,,district,,,https://www.korea.kr/common/searchPrint.do,data/raw/evidence/정책브리핑 _ 기사인쇄하기.pdf,543077ecbacfb56aba75f592cde54280c508f1c5653cf9a25b3196a9c060df3d,,,,,low,ai_draft,False
EV-PDF-102-ACTU-1,SRC-PDF-102-ACTU-1,PDF-102,위례,operation,actual_operation,2020-초,year,2020-01-01,2020-12-31,tram,위례선 트램,district,,,https://mediahub.seoul.go.kr/news/article/newsArticlePrintPopup.do?articleNo=2003528,data/raw/evidence/지하철 8호선 남위례역 18일 개통…잠실까지 15분 _ 서울시 - 내 손안에 서울.pdf,c527d0ab39cb4e427fa62ce8c97d7f7b5074d06dcf2ac3af96ae616ddf7fdcc9,,,PDF p.1,"지하철 8호선 남위례역 18일 개통…잠실까지 15분 8호선 남위례역이 18일 문 연다. 8호선 남위례역이 18일부터 새롭게 문을 연다. 남위례역 개통으로 위례신도시를 포함해 송파구·성남시 및 하남 시 거주민들의 교통 편의가 크게 향상될 것으로 보인다. 남위례역은 4만 가구 이상의 대규모 인원이 밀집한 위례신도시의 광역교통개선대책 중 하나로 지어진 역이 다. 위례신도시 택지개발사업자인 한국주택토지공사(LH)가 비용을 부담하고, 운영사인 공사가 건설 사업을 시 행해 2020년 초 착공한 후 올해 말 준공했다. 서울교통공사는 오는 18일 첫차부터 서울 지하철 8호선 남위례역 운영을 개시한다. 남위례역은 기존 복정역 과 산성역 사이에 위치하였으며, 지상 3층 규모로 지어진 8호선의 유일한 지상역이다. 복선이자 상대식 승강 장 구조다.",medium,ai_draft,True
EV-PDF-102-BASI-1,SRC-PDF-102-BASI-1,PDF-102,위례,service,basic_service,2020-초,year,2020-01-01,2020-12-31,tram,위례선 트램,district,,,https://mediahub.seoul.go.kr/news/article/newsArticlePrintPopup.do?articleNo=2003528,data/raw/evidence/지하철 8호선 남위례역 18일 개통…잠실까지 15분 _ 서울시 - 내 손안에 서울.pdf,c527d0ab39cb4e427fa62ce8c97d7f7b5074d06dcf2ac3af96ae616ddf7fdcc9,,,PDF p.1,"것으로 보인다. 남위례역은 4만 가구 이상의 대규모 인원이 밀집한 위례신도시의 광역교통개선대책 중 하나로 지어진 역이 다. 위례신도시 택지개발사업자인 한국주택토지공사(LH)가 비용을 부담하고, 운영사인 공사가 건설 사업을 시 행해 2020년 초 착공한 후 올해 말 준공했다. 서울교통공사는 오는 18일 첫차부터 서울 지하철 8호선 남위례역 운영을 개시한다. 남위례역은 기존 복정역 과 산성역 사이에 위치하였으며, 지상 3층 규모로 지어진 8호선의 유일한 지상역이다. 복선이자 상대식 승강 장 구조다.",medium,ai_draft,False
EV-PDF-105-PROM-1,SRC-PDF-105-PROM-1,PDF-105,위례,promise,promise_date,2026,year,2026-01-01,2026-12-31,tram,위례선 트램,district,,목표,https://mediahub.seoul.go.kr/news/article/newsArticlePrintPopup.do?articleNo=2015526,data/raw/evidence/친환경 트램 '위례선' 시범운행 시작…내년 하반기 개통 _ 서울시 - 내 손안에 서울.pdf,a9beb607d64a9ebdabe680bf68c20f0f2cfd347c8d24d9a0a3d82b30fa1094bc,,,PDF p.1,"친환경 트램 '위례선' 시범운행 시작…내년 하반기 개통 9월부터 약 한 달간 차량 성능, 안전성 검증…2026년 하반기 정식 개통 목표 트램 위례선 차량 모습 58년 만에 트램(노면전차)이 서울을 다시 달리게 된다. 서울시가 내년 하반기 개통을 목표로 9월 초부터 약 한 달 간 한국철도기술연구원 오송시험선 구간에서 위례선(트램)에 대한 ‘예비주행시험’에 들어간다. 트램은 서울에 1899년 최초로 도입돼 1968년까지 약 70년간 운행됐다. 2026년 위례선이 개통하면 58년 만에 서 울에서 트램이 부활하는 셈이다. 위례선 트램은 전국 최초 ‘무가선 노면전차’로, 마천역(5호선)에서 출발해 복정역(8호선·수인분당선)과 남위례 역(8호선)을 연결한다. 총 연장 5.4㎞로 정거장 12개소, 차량기지 1개를 만들고 전동차 10편성을 투입한다. 무가선 노면전차란, 전기를 공급하는 전차선이 없는 노면전차를 말한다. 도시 미관을 저해하지 않고 건설비용을",medium,ai_draft,True
EV-PDF-106-PROM-1,SRC-PDF-106-PROM-1,PDF-106,하남 미사,promise,promise_date,2014-03-19,day,2014-03-19,2014-03-19,,,district,,확정;계획,https://www.korea.kr/common/searchPrint.do,"data/raw/evidence/하남미사지구 광역교통개선대책 변경, 확정된 바 없어.pdf",8c8756bf0041e944a8ce2c1e3d1d8e3aa16e34722cd7c5643a68f09fb3e5a5d9,,,PDF p.1,"기사인쇄하기 하남미사지구 광역교통개선대책 변경, 확정된 바 없어 콘텐츠 내용 국토교통부는 하남미사지구 광역교통개선대책 변경은 현재까지 방침이 확정된 바 없으며 전문가의 충분한 검토를 거쳐 결정할 계획이라고 밝혔다. 국토부는 18일 연합뉴스가 보도한 “국토부, 천호대로 지하차도 취소 방침…경기도 반발” 제하 기사 에 대해 이 같이 해명했다. 기사는 서울시 요구대로 계획이 변경되면 하남미사지구 주민의 심각한 교통불편이 우려된다고 보도 했다. 문의: 국토교통부 공공주택개발과 044-201-4540 인쇄하기 닫기 2014.03.19",medium,ai_draft,False
EV-PDF-108-ACTU-1,SRC-PDF-108-ACTU-1,PDF-108,하남 미사,operation,actual_operation,,unknown,,,rail,하남선(5호선 연장);강동하남남양주선;송파하남선,district,,추진;확정,,"data/raw/evidence/하남시, 2021년 ‘빛나는 하남’ 10대 뉴스 선정.pdf",ec903ff08af3f81b601966e19ded4bbc7ec874605458f51aa9d213ffc322d3aa,,,PDF p.1,"진 매 11 담당자 도시브랜드담당관 정지은 ( 031-790-6940) ☎ 공보팀장 김지훈 ( 031-790-5117) ☎ 주무관 박창희 ( 031-790-5415) ☎ 하남시 년 빛나는 하남 대 뉴스 선정 , 2021 ‘ ’ 10 지하철 호선 전 구간 개통 지하철 호선 연장 확정 하남시 인구 5 3·9 ▲ ▲ ▲ 만 돌파 새로운 경기 정책공모 최우수 년 연속수상 일가도서관기념관 30 ‘3 ’ ( ) ▲ ▲ · 위례도서관 개관 신장도서관 리모델링 착공 국공립어린이집 개소로 늘어 , 54 ▲ 아시아태평양학습도시연맹 명예의 전당 헌정도시 선정 도시재생 산업 ‘ ’ ▲ ▲ 박람회 대상 탄소중립 실천 환경교육도시 선포 가칭하남감일 ‘2050 , ’ ( ) ▲ ▲ 백제박물관 설립타당성 평가 최종 통과 년 한 해 시민들의 이목을 끌고 하남시를 2021 , 핫하게빛낸 대 뉴스는 10 무엇일까? 하남시시장 김상호는 올해 추진한 주요",low,ai_draft,False
EV-PDF-108-ACTU-2,SRC-PDF-108-ACTU-2,PDF-108,하남 교산,operation,actual_operation,,unknown,,,rail,하남선(5호선 연장);강동하남남양주선;송파하남선,district,,추진;확정,,"data/raw/evidence/하남시, 2021년 ‘빛나는 하남’ 10대 뉴스 선정.pdf",ec903ff08af3f81b601966e19ded4bbc7ec874605458f51aa9d213ffc322d3aa,,,PDF p.1,"진 매 11 담당자 도시브랜드담당관 정지은 ( 031-790-6940) ☎ 공보팀장 김지훈 ( 031-790-5117) ☎ 주무관 박창희 ( 031-790-5415) ☎ 하남시 년 빛나는 하남 대 뉴스 선정 , 2021 ‘ ’ 10 지하철 호선 전 구간 개통 지하철 호선 연장 확정 하남시 인구 5 3·9 ▲ ▲ ▲ 만 돌파 새로운 경기 정책공모 최우수 년 연속수상 일가도서관기념관 30 ‘3 ’ ( ) ▲ ▲ · 위례도서관 개관 신장도서관 리모델링 착공 국공립어린이집 개소로 늘어 , 54 ▲ 아시아태평양학습도시연맹 명예의 전당 헌정도시 선정 도시재생 산업 ‘ ’ ▲ ▲ 박람회 대상 탄소중립 실천 환경교육도시 선포 가칭하남감일 ‘2050 , ’ ( ) ▲ ▲ 백제박물관 설립타당성 평가 최종 통과 년 한 해 시민들의 이목을 끌고 하남시를 2021 , 핫하게빛낸 대 뉴스는 10 무엇일까? 하남시시장 김상호는 올해 추진한 주요",low,ai_draft,False
EV-PDF-108-ACTU-3,SRC-PDF-108-ACTU-3,PDF-108,남양주 왕숙,operation,actual_operation,,unknown,,,rail,하남선(5호선 연장);강동하남남양주선;송파하남선,district,,추진;확정,,"data/raw/evidence/하남시, 2021년 ‘빛나는 하남’ 10대 뉴스 선정.pdf",ec903ff08af3f81b601966e19ded4bbc7ec874605458f51aa9d213ffc322d3aa,,,PDF p.1,"진 매 11 담당자 도시브랜드담당관 정지은 ( 031-790-6940) ☎ 공보팀장 김지훈 ( 031-790-5117) ☎ 주무관 박창희 ( 031-790-5415) ☎ 하남시 년 빛나는 하남 대 뉴스 선정 , 2021 ‘ ’ 10 지하철 호선 전 구간 개통 지하철 호선 연장 확정 하남시 인구 5 3·9 ▲ ▲ ▲ 만 돌파 새로운 경기 정책공모 최우수 년 연속수상 일가도서관기념관 30 ‘3 ’ ( ) ▲ ▲ · 위례도서관 개관 신장도서관 리모델링 착공 국공립어린이집 개소로 늘어 , 54 ▲ 아시아태평양학습도시연맹 명예의 전당 헌정도시 선정 도시재생 산업 ‘ ’ ▲ ▲ 박람회 대상 탄소중립 실천 환경교육도시 선포 가칭하남감일 ‘2050 , ’ ( ) ▲ ▲ 백제박물관 설립타당성 평가 최종 통과 년 한 해 시민들의 이목을 끌고 하남시를 2021 , 핫하게빛낸 대 뉴스는 10 무엇일까? 하남시시장 김상호는 올해 추진한 주요",low,ai_draft,False
EV-PDF-108-PROM-1,SRC-PDF-108-PROM-1,PDF-108,하남 미사,promise,promise_date,2018,year,2018-01-01,2018-12-31,rail,하남선(5호선 연장);강동하남남양주선;송파하남선,district,,목표,,"data/raw/evidence/하남시, 2021년 ‘빛나는 하남’ 10대 뉴스 선정.pdf",ec903ff08af3f81b601966e19ded4bbc7ec874605458f51aa9d213ffc322d3aa,,,PDF p.3,"남시에 개 공공도서관이 새로 . 2 생기 고최장수 도서관 곳이 리모델링 공사를 시작했다 , 1 . 아이키우기 좋은 도시국공립어린이집 개소로 크게 늘어 ‘ ’ 54 ⑥ 아이키우기 좋은 도시로 하남시가 급부상하고 있다 ‘ ’ . 시는 공보육 강화를 위해 신규 국공립어린이집 확충에 집중한 결과 당초 목표보다 배 2 이상 초 과 달성했다고 밝혔다 년 월 현재 하남시 소재 국공립어린이집 수 . 2021 12 는 개소다시는 공보육 강화와 보육서비스 품질개선을 위해 54 . 년부터 2018 년까지 국공립어린이집 추가 설립에 집중해 왔다그 결과 2021 . 하남시 국공 립어린이집 수가 년 개소에서 년 월 현재 개소로 2018 9 2021 12 54 크게 늘었 다 이에 따라 하남시 국공립어린이집 설치비율은 경기도 전체 평균인 . 보다 포인트 높은 에 달한다 12% 9.5% 21.5% . 아시아태평양학습도시연맹 명예의 전당 헌정도시선정 ‘ ’ ⑦ 아시아태평양학습도시연맹이하 으로부터",medium,ai_draft,False
EV-PDF-108-PROM-2,SRC-PDF-108-PROM-2,PDF-108,하남 교산,promise,promise_date,2018,year,2018-01-01,2018-12-31,rail,하남선(5호선 연장);강동하남남양주선;송파하남선,district,,목표,,"data/raw/evidence/하남시, 2021년 ‘빛나는 하남’ 10대 뉴스 선정.pdf",ec903ff08af3f81b601966e19ded4bbc7ec874605458f51aa9d213ffc322d3aa,,,PDF p.3,"남시에 개 공공도서관이 새로 . 2 생기 고최장수 도서관 곳이 리모델링 공사를 시작했다 , 1 . 아이키우기 좋은 도시국공립어린이집 개소로 크게 늘어 ‘ ’ 54 ⑥ 아이키우기 좋은 도시로 하남시가 급부상하고 있다 ‘ ’ . 시는 공보육 강화를 위해 신규 국공립어린이집 확충에 집중한 결과 당초 목표보다 배 2 이상 초 과 달성했다고 밝혔다 년 월 현재 하남시 소재 국공립어린이집 수 . 2021 12 는 개소다시는 공보육 강화와 보육서비스 품질개선을 위해 54 . 년부터 2018 년까지 국공립어린이집 추가 설립에 집중해 왔다그 결과 2021 . 하남시 국공 립어린이집 수가 년 개소에서 년 월 현재 개소로 2018 9 2021 12 54 크게 늘었 다 이에 따라 하남시 국공립어린이집 설치비율은 경기도 전체 평균인 . 보다 포인트 높은 에 달한다 12% 9.5% 21.5% . 아시아태평양학습도시연맹 명예의 전당 헌정도시선정 ‘ ’ ⑦ 아시아태평양학습도시연맹이하 으로부터",medium,ai_draft,False
EV-PDF-108-PROM-3,SRC-PDF-108-PROM-3,PDF-108,남양주 왕숙,promise,promise_date,2018,year,2018-01-01,2018-12-31,rail,하남선(5호선 연장);강동하남남양주선;송파하남선,district,,목표,,"data/raw/evidence/하남시, 2021년 ‘빛나는 하남’ 10대 뉴스 선정.pdf",ec903ff08af3f81b601966e19ded4bbc7ec874605458f51aa9d213ffc322d3aa,,,PDF p.3,"남시에 개 공공도서관이 새로 . 2 생기 고최장수 도서관 곳이 리모델링 공사를 시작했다 , 1 . 아이키우기 좋은 도시국공립어린이집 개소로 크게 늘어 ‘ ’ 54 ⑥ 아이키우기 좋은 도시로 하남시가 급부상하고 있다 ‘ ’ . 시는 공보육 강화를 위해 신규 국공립어린이집 확충에 집중한 결과 당초 목표보다 배 2 이상 초 과 달성했다고 밝혔다 년 월 현재 하남시 소재 국공립어린이집 수 . 2021 12 는 개소다시는 공보육 강화와 보육서비스 품질개선을 위해 54 . 년부터 2018 년까지 국공립어린이집 추가 설립에 집중해 왔다그 결과 2021 . 하남시 국공 립어린이집 수가 년 개소에서 년 월 현재 개소로 2018 9 2021 12 54 크게 늘었 다 이에 따라 하남시 국공립어린이집 설치비율은 경기도 전체 평균인 . 보다 포인트 높은 에 달한다 12% 9.5% 21.5% . 아시아태평양학습도시연맹 명예의 전당 헌정도시선정 ‘ ’ ⑦ 아시아태평양학습도시연맹이하 으로부터",medium,ai_draft,False
EV-PDF-109-ACTU-1,SRC-PDF-109-ACTU-1,PDF-109,위례,operation,actual_operation,2023-08-15,day,2023-08-15,2023-08-15,,,district,,,,"data/raw/evidence/하남시, 미사순환 마을버스 노선 개통.pdf",35c0ffd16b7581c3888e2559c2e9d9d71dc598c9243d1ff23162619533ae7729,,,PDF p.1,"작성자 총괄관리자 작성일 2023-08-25 조회수 1,312 첨부파일 경기도교통정보센터 교통소식 [하남시청] 하남시, 위례복정역·미사순환 마을버스 신규 개통… 마을버스 준공영제 노선 첫 시동 하남시, 위례복정역·미사순환 마을버스 신규 개통… 마을버스 준공영제 노선 첫 시동 ○ 위례-01번, 위례신도시와 8호선·수인분당선 환승역인 복정역을 연계 하는 노선 ○ 미사-01번, 미사강변도시 공동주택과 미사역·황산사거리 등 거점 연계 순환노선 등록일 : 2023-08-15 하남시(시장 이현재)가 위례복정역 마을버스와 미사순환 마을버스 개 통식을 차례로 열며 대중교통 편의성을 한층 더 강화했다. 24일 하남시에 따르면 시는 지난 22일과 23일, 지역주민들이 참석한 가운데 마을버스 준공영제 노선인 위례복정역(위례-01번) 마을버스와 미사순환(미사-01번) 마을버스 개통식을 진행했다. 먼저 22일 진행된 위례복정역 마을버스 개통식에는 하남시의회 의원 홈  참여마당  교통소식 교통정보 버스정보 교통DB 참여마당 센터소",medium,ai_draft,False
EV-PDF-109-ACTU-2,SRC-PDF-109-ACTU-2,PDF-109,하남 미사,operation,actual_operation,2023-08-15,day,2023-08-15,2023-08-15,,,district,,,,"data/raw/evidence/하남시, 미사순환 마을버스 노선 개통.pdf",35c0ffd16b7581c3888e2559c2e9d9d71dc598c9243d1ff23162619533ae7729,,,PDF p.1,"작성자 총괄관리자 작성일 2023-08-25 조회수 1,312 첨부파일 경기도교통정보센터 교통소식 [하남시청] 하남시, 위례복정역·미사순환 마을버스 신규 개통… 마을버스 준공영제 노선 첫 시동 하남시, 위례복정역·미사순환 마을버스 신규 개통… 마을버스 준공영제 노선 첫 시동 ○ 위례-01번, 위례신도시와 8호선·수인분당선 환승역인 복정역을 연계 하는 노선 ○ 미사-01번, 미사강변도시 공동주택과 미사역·황산사거리 등 거점 연계 순환노선 등록일 : 2023-08-15 하남시(시장 이현재)가 위례복정역 마을버스와 미사순환 마을버스 개 통식을 차례로 열며 대중교통 편의성을 한층 더 강화했다. 24일 하남시에 따르면 시는 지난 22일과 23일, 지역주민들이 참석한 가운데 마을버스 준공영제 노선인 위례복정역(위례-01번) 마을버스와 미사순환(미사-01번) 마을버스 개통식을 진행했다. 먼저 22일 진행된 위례복정역 마을버스 개통식에는 하남시의회 의원 홈  참여마당  교통소식 교통정보 버스정보 교통DB 참여마당 센터소",medium,ai_draft,False
EV-PDF-011-DOC,SRC-PDF-011-DOC,PDF-011,인천 계양,,,,,,,,,,,,https://apply.lh.or.kr/lhapply/lhFile.do?fileid=67654114,data/raw/evidence/(정정공고)인천계양A3블록단지내상가분양공고문(게시용).pdf,5f2a920d6c4eef88fda95d7fd9fb6692d4f8aed29368d2e5a968886069317666,,,,,,rejected,False
EV-PDF-046-DOC,SRC-PDF-046-DOC,PDF-046,김포 한강;하남 미사;하남 교산,,,,,,,,,,,,https://www.gimpo.go.kr/site/portal/images/contents/cts7619_file01_202512.pdf,data/raw/evidence/documents/김포 한강/2025-12_2035년_김포도시기본계획_변경_주요내용.pdf,0fe071799169540ddae02383e3dcd67457b752ddf6d52e1f0881c4811e3aa8c1,,,,,,rejected,False
EV-PDF-053-DOC,SRC-PDF-053-DOC,PDF-053,화성 동탄2,,,,,,,,,,,,https://www.molit.go.kr/portal/common/download/DownloadMltm2.jsp?FilePath=/upload/portal/DextUpload/202210/20221026_094014_110.hwpx&FileName=221026(%EC%84%9D%EA%B0%84)_%EC%88%98%EC%9B%90_%ED%98%B8%EB%A7%A4%EC%8B%A4_%ED%99%94%EC%84%B1_%EB%8F%99%ED%83%842_%EA%B4%91%EC%97%AD%EA%B5%90%ED%86%B5%ED%8A%B9%EB%B3%84%EB%8C%80%EC%B1%85_%EB%B0%9C%ED%91%9C(%EA%B4%91%EC%97%AD%EA%B5%90%ED%86%B5%EC%A0%95%EC%B1%85%EA%B3%BC).hwpx,data/raw/evidence/refetched/E1-B01.pdf,ee97d54c55cef1585e0d54df1a891d04e68b3dbdc1c8fcde9b4cbc7ef7087556,,,,,,rejected,False
EV-PDF-058-DOC,SRC-PDF-058-DOC,PDF-058,위례;남양주 왕숙;하남 교산;고양 창릉,,,,,,,,,,,,https://www.molit.go.kr/mta/USR/N0201/m_36770/dtl.jsp?id=95083918&lcmspage=88,data/raw/evidence/refetched/E1-B09.pdf,bc80d2e3ee3dadbec345a636c7840673b07f8bc9da12f3a14d21a33c94ed5d33,,,,,,rejected,False
EV-PDF-081-DOC,SRC-PDF-081-DOC,PDF-081,남양주 다산,,,,,,,,,,,,https://buy.gh.or.kr/land/svc/announce/land_announce_html.jsp?strFile=00586_201802271541281.jsp,data/raw/evidence/다산신도시 상업ㆍ주유소용지 공급공고.pdf,21afbf75fd6243f1e1b87d13d67fdab22fb686efa11024477c8f375e79286055,,,,,,rejected,False
EV-PDF-083-DOC,SRC-PDF-083-DOC,PDF-083,위례,,,,,,,,,,,,https://www.hanam.go.kr/common/print.jsp?siteId=sosik&title=%EB%B3%B4%EB%8F%84%EC%9E%90%EB%A3%8C,"data/raw/evidence/달려간다,미사위례신도시 대중교통.pdf",083f8f6b7c56a257a98f0d1266285c1d0f002be24c227c16f382d5bcdd3f1386,,,,,,rejected,False
EV-PDF-100-DOC,SRC-PDF-100-DOC,PDF-100,김포 한강,,,,,,,,,,,,https://kms.ggc.go.kr/html/mntsPrint.html,data/raw/evidence/제259회 제1차 본회의(2011.05.03. 화요일) _ 경기도의회 회의록 _ 경기도의회.pdf,a7dd2379b5b5c8ef62f841f11759dc858b2f3a120b4f0f27f9ff50b737a17289,,,,,,rejected,False
EV-PDF-101-DOC,SRC-PDF-101-DOC,PDF-101,,,,,,,,,,,,,https://kms.ggc.go.kr/html/mntsPrint.html,data/raw/evidence/제312회 제2차 기획재정위원회(2016.07.18. 월요일) _ 경기도의회 회의록 _ 경기도의회.pdf,662cae34a3c8e14374c392303378b0ba439c99f3c2adc01123332b85f12a931f,,,,,,rejected,False
EV-PDF-104-DOC,SRC-PDF-104-DOC,PDF-104,하남 미사;하남 교산,,,,,,,,,,,,https://www.hanam.go.kr/DATA/newsletter/3223/20230920035612209_qnT7.pdf,data/raw/evidence/청정하남-10월호-최종 단면-저해상.pdf,f7d1029283830f3ac7dfd255ec4b2f248fd38cb22aa444baaff4f759b04d80d0,,,,,,rejected,False
EV-PDF-110-DOC,SRC-PDF-110-DOC,PDF-110,김포 한강;인천 계양;부천 대장,,,,,,,,,,,,https://www.incheon.go.kr/cool/COOL010501/view?petitSn=2048913,data/raw/evidence/홈_열린시장실_의견공감 _ 인천은 소통이 가득.pdf,2a3f750b161fd40b3fe721027885cc698b4e8456e20cc2ded266c64a03eb85ca,,,,,,rejected,False
EV-E1-A10-A25,SRC-E1-A10-A25,,하남 미사,occupancy,occupancy_planned_block,2018-10,month,2018-10-01,2018-10-31,,,block,A25,이 주택의 입주자모집공고일은 2016.7.1(금),https://www.myhome.go.kr/hws/portal/sch/selectRsdtRcritNtcDetailView.do?pblancId=920,data/raw/evidence/미사강변도시 A25블록 10년 공공임대주택리츠 입주자 모집.pdf,90fcc484062c53afba4d33beaa9b5e0e5027ca7eea745254829727621b4dea52,,,PDF p.1,"최초 입주 시기
2018년 10월",high,ai_draft,False
EV-E2-C09-S3,SRC-E2-C09-S3,,고양 창릉,occupancy,occupancy_planned_block,2030-02,month,2030-02-01,2030-02-28,,,block,S-3,입주는 2029년 하반기 예정이다,https://apply.lh.or.kr/lhapply/lhFile.do?fileid=67677223,data/raw/evidence/(정정)(정정)고양창릉S-3블록입주자모집공고문.pdf,35fef79a31d18fdeecb52bc6a15e08811e6857245dbd14d220753f3597a10981,,,PDF p.5,입주예정 시기는 ‘30년 2월입니다.,high,ai_draft,False
