cluster_id,complex_name,addr_legal_raw,addr_query,addr_variant_used,type,status,lat,lon,crs,refined_text,dong_final,vw_level1_raw,vw_level2_raw,vw_level3_raw,vw_level4L_raw,vw_level4A_raw,vw_level4AC_raw,vw_level5_raw,vw_detail_raw,representative_method,parcel_count,parcel_success_count,parcel_excluded,centroid_spread_m,distance_from_anchor_km,coord_source,coord_fetched_at,coord_license_note,coord_geom_basis,coord_resolution,coord_uncertainty_m,qa_flag,error_code,needs_review,override_decision
A10022364,다산유보라마크뷰,경기도 남양주시 다산동 4438,경기도 남양주시 다산동 4438,full_parcel,PARCEL,OK,37.6054452938772,127.15415038050315,EPSG:4326,경기도 남양주시 다산동 4438,다산동,경기도,남양주시,,다산동,다산1동,4136054500,4438,101동,single_parcel,1,1,,0.0,1.51,vworld_geocoder_2.0,2026-09-03T02:10:18.360134+00:00,Realtime query. Not stored per VWorld TOS.,parcel_centroid,,0.0,,,False,
A10022611,제일풍경채 퍼스티어,경기도 화성동탄구 신동 157,경기도 화성시 동탄신리천로 618,fallback_road,ROAD,OK,37.17560061769558,127.13965851982192,EPSG:4326,"경기도 화성시 동탄구 동탄신리천로 618 (신동,제일풍경채퍼스티어)",신동,경기도,화성시 동탄구,신동,동탄신리천로,동탄9동,4159759000,618,제일풍경채퍼스티어 4111동,single_parcel,1,1,,0.0,2.65,vworld_geocoder_2.0,2026-09-03T02:10:19.519080+00:00,Realtime query. Not stored per VWorld TOS.,building_entrance,,0.0,,,False,
A10022615,다산역자연앤푸르지오,경기도 남양주시 다산동 6084,경기도 남양주시 다산동 6084,full_parcel,PARCEL,OK,37.62200950358852,127.15062717835592,EPSG:4326,경기도 남양주시 다산동 6084,다산동,경기도,남양주시,,다산동,다산1동,4136054500,6084,3401동,single_parcel,1,1,,0.0,0.18,vworld_geocoder_2.0,2026-09-03T02:10:20.032934+00:00,Realtime query. Not stored per VWorld TOS.,parcel_centroid,,0.0,,,False,
A10022628,화성동탄로렌하우스,경기도 화성동탄구 신동 358-3,경기도 화성시 동탄신리천로6길 23,fallback_road,ROAD,OK,37.18049959684208,127.14223755330192,EPSG:4326,경기도 화성시 동탄구 동탄신리천로6길 23 (신동),신동,경기도,화성시 동탄구,신동,동탄신리천로6길,동탄9동,4159759000,23,101동,single_parcel,1,1,,0.0,3.03,vworld_geocoder_2.0,2026-09-03T02:10:21.184443+00:00,Realtime query. Not stored per VWorld TOS.,building_entrance,,0.0,,,False,
A10022646,e편한세상 동탄호수,경기도 화성동탄구 장지동 970,경기도 화성시 동탄구 장지동 970,full_parcel,PARCEL,OK,37.16271891708641,127.11263655507378,EPSG:4326,경기도 화성시 동탄구 장지동 970,장지동,경기도,화성시 동탄구,,장지동,동탄8동,4159758000,970,e편한세상 동탄호수 3131동,single_parcel,1,1,,0.0,0.89,vworld_geocoder_2.0,2026-09-03T02:10:21.883049+00:00,Realtime query. Not stored per VWorld TOS.,parcel_centroid,,0.0,,,False,
A10022765,해링턴플레이스 다산파크,경기도 남양주시 다산동 3473,경기도 남양주시 미금로 98,fallback_road,ROAD,OK,37.61231214504033,127.15450194050248,EPSG:4326,경기도 남양주시 미금로 98 (다산동),다산동,경기도,남양주시,다산동,미금로,다산1동,4136054500,98,,single_parcel,1,1,,0.0,1.23,vworld_geocoder_2.0,2026-09-03T02:10:22.955851+00:00,Realtime query. Not stored per VWorld TOS.,building_entrance,,0.0,,,False,
A10022882,동탄(2) 38단지 행복주택,경기도 화성동탄구 신동 111-1,경기도 화성시 동탄신리천로5가길 35,fallback_road,ROAD,OK,37.184869871694,127.1432748226632,EPSG:4326,"경기도 화성시 동탄구 동탄신리천로5가길 35 (신동,동탄(2) 38단지 행복주택)",신동,경기도,화성시 동탄구,신동,동탄신리천로5가길,동탄9동,4159759000,35,동탄(2) 38단지 행복주택 3871동,single_parcel,1,1,,0.0,3.32,vworld_geocoder_2.0,2026-09-03T02:10:24.083839+00:00,Realtime query. Not stored per VWorld TOS.,building_entrance,,0.0,,,False,
A10022971,다산 포레스트 2단지,경기도 남양주시 다산동 6013,경기도 남양주시 다산동 6013,full_parcel,PARCEL,OK,37.62918762603383,127.15704868892028,EPSG:4326,경기도 남양주시 다산동 6013,다산동,경기도,남양주시,,다산동,다산1동,4136054500,6013,근린생활시설,single_parcel,1,1,,0.0,0.8,vworld_geocoder_2.0,2026-09-03T02:10:24.753611+00:00,Realtime query. Not stored per VWorld TOS.,parcel_centroid,,0.0,,,False,
A10023273,화성동탄2LH행복주택38단지,경기도 화성동탄구 신동 747,경기도 화성시 동탄구 신동 747,full_parcel,PARCEL,OK,37.18769339760436,127.14258835272328,EPSG:4326,경기도 화성시 동탄구 신동 747,신동,경기도,화성시 동탄구,,신동,동탄9동,4159759000,747,동탄2 LH 38단지 3801동,single_parcel,1,1,,0.0,3.43,vworld_geocoder_2.0,2026-09-03T02:10:25.325423+00:00,Realtime query. Not stored per VWorld TOS.,parcel_centroid,,0.0,,,False,
A10023345,동탄역헤리엇아파트,경기도 화성동탄구 여울동 1023,경기도 화성시 동탄구 여울동 1023,full_parcel,PARCEL,OK,37.19178020868985,127.09775247643674,EPSG:4326,경기도 화성시 동탄구 여울동 1023,여울동,경기도,화성시 동탄구,,여울동,동탄6동,4159756000,1023,동탄역 헤리엇 101동,single_parcel,1,1,,0.0,2.62,vworld_geocoder_2.0,2026-09-03T02:10:25.988357+00:00,Realtime query. Not stored per VWorld TOS.,parcel_centroid,,0.0,,,False,
A10023370,중흥s클래스 더테라스 리버파크3차(7블럭),경기도 화성동탄구 여울동 1012,경기도 화성시 동탄구 여울동 1012,full_parcel,PARCEL,OK,37.18462352083779,127.08535578866795,EPSG:4326,경기도 화성시 동탄구 여울동 1012,여울동,경기도,화성시 동탄구,,여울동,동탄6동,4159756000,1012,중흥에스클래스더테라스리버파크3차 1731동,single_parcel,1,1,,0.0,2.72,vworld_geocoder_2.0,2026-09-03T02:10:26.600370+00:00,Realtime query. Not stored per VWorld TOS.,parcel_centroid,,0.0,,,False,
A10023573,동탄역삼정그린코아더베스트,경기도 화성동탄구 여울동 975,경기도 화성시 동탄구 여울동 975,full_parcel,PARCEL,OK,37.20101462105416,127.0889388253045,EPSG:4326,경기도 화성시 동탄구 여울동 975,여울동,경기도,화성시 동탄구,,여울동,동탄6동,4159756000,975,동탄역 삼정그린코아 더베스트 101동,single_parcel,1,1,,0.0,3.89,vworld_geocoder_2.0,2026-09-03T02:10:27.246803+00:00,Realtime query. Not stored per VWorld TOS.,parcel_centroid,,0.0,,,False,
A10023642,다산지금데시앙,경기도 남양주시 다산동 6109,경기도 남양주시 다산동 6109,full_parcel,PARCEL,OK,37.62079103016306,127.1662819032249,EPSG:4326,경기도 남양주시 다산동 6109,다산동,경기도,남양주시,,다산동,다산1동,4136054500,6109,다산지금데시앙 6201동,single_parcel,1,1,,0.0,1.28,vworld_geocoder_2.0,2026-09-03T02:10:27.860296+00:00,Realtime query. Not stored per VWorld TOS.,parcel_centroid,,0.0,,,False,
A10023643,다산진건데시앙,경기도 남양주시 다산동 6026,경기도 남양주시 다산동 6026,full_parcel,PARCEL,OK,37.62738162364956,127.1486895321033,EPSG:4326,경기도 남양주시 다산동 6026,다산동,경기도,남양주시,,다산동,다산1동,4136054500,6026,다산진건데시앙 1201동,single_parcel,1,1,,0.0,0.56,vworld_geocoder_2.0,2026-09-03T02:10:28.522113+00:00,Realtime query. Not stored per VWorld TOS.,parcel_centroid,,0.0,,,False,
A10023650,동탄2 디에트르 포레,경기도 화성동탄구 신동 185-1,경기도 화성시 동탄신리천로2길 65,fallback_road,ROAD,OK,37.1757016287352,127.12797553414224,EPSG:4326,"경기도 화성시 동탄구 동탄신리천로2길 65 (신동,동탄2 디에트르 포레)",신동,경기도,화성시 동탄구,신동,동탄신리천로2길,동탄9동,4159759000,65,동탄2 디에트르 포레 2311동,single_parcel,1,1,,0.0,1.65,vworld_geocoder_2.0,2026-09-03T02:10:29.665376+00:00,Realtime query. Not stored per VWorld TOS.,building_entrance,,0.0,,,False,
A10023757,동탄2 LH40단지,경기도 화성동탄구 신동 818,경기도 화성시 동탄구 신동 818,full_parcel,PARCEL,OK,37.17575386161132,127.1422132791599,EPSG:4326,경기도 화성시 동탄구 신동 818,신동,경기도,화성시 동탄구,,신동,동탄9동,4159759000,818,동탄2엘에이치40단지 4001동,single_parcel,1,1,,0.0,2.87,vworld_geocoder_2.0,2026-09-03T02:10:30.338606+00:00,Realtime query. Not stored per VWorld TOS.,parcel_centroid,,0.0,,,False,
A10023863,다산지금 경기행복주택,경기도 남양주시 다산동 6110,경기도 남양주시 다산동 6110,full_parcel,PARCEL,OK,37.61834311280528,127.16606816378376,EPSG:4326,경기도 남양주시 다산동 6110,다산동,경기도,남양주시,,다산동,다산1동,4136054500,6110,다산지금A5 경기행복주택 6401동,single_parcel,1,1,,0.0,1.17,vworld_geocoder_2.0,2026-09-03T02:10:30.864082+00:00,Realtime query. Not stored per VWorld TOS.,parcel_centroid,,0.0,,,False,
A10023897,위례중앙푸르지오아파트,서울특별시 송파구 장지동 897,서울특별시 송파구 장지동 897,full_parcel,PARCEL,OK,37.47466808786695,127.14217951131197,EPSG:4326,,장지동,서울특별시,송파구,,장지동,위례동,1171064700,897,위례중앙푸르지오1단지 102동,centroid,2,2,,112.9,0.33,vworld_geocoder_2.0,2026-09-03T02:10:32.113720+00:00,Realtime query. Not stored per VWorld TOS.,centroid_of_2,,0.0,,,False,
A10024060,다산 메트로 3단지,경기도 남양주시 다산동 6076,경기도 남양주시 다산동 6076,full_parcel,PARCEL,OK,37.62245457894289,127.14817934172284,EPSG:4326,경기도 남양주시 다산동 6076,다산동,경기도,남양주시,,다산동,다산1동,4136054500,6076,다산 메트로3단지,single_parcel,1,1,,0.0,0.36,vworld_geocoder_2.0,2026-09-03T02:10:32.643197+00:00,Realtime query. Not stored per VWorld TOS.,parcel_centroid,,0.0,,,False,
A10024076,동탄역유림노르웨이숲아파트,경기도 화성동탄구 여울동 978,경기도 화성시 동탄구 여울동 978,full_parcel,PARCEL,OK,37.1989861462607,127.08893645154912,EPSG:4326,경기도 화성시 동탄구 여울동 978,여울동,경기도,화성시 동탄구,,여울동,동탄6동,4159756000,978,동탄역 유림노르웨이숲 101동,single_parcel,1,1,,0.0,3.69,vworld_geocoder_2.0,2026-09-03T02:10:33.488633+00:00,Realtime query. Not stored per VWorld TOS.,parcel_centroid,,0.0,,,False,
A10024091,동탄호수하우스디아파트,경기도 화성동탄구 장지동 917,경기도 화성시 동탄구 장지동 917,full_parcel,PARCEL,OK,37.16205766234876,127.09725560953822,EPSG:4326,경기도 화성시 동탄구 장지동 917,장지동,경기도,화성시 동탄구,,장지동,동탄8동,4159758000,917,동탄호수 하우스디 2841동,single_parcel,1,1,,0.0,1.5,vworld_geocoder_2.0,2026-09-03T02:10:34.092739+00:00,Realtime query. Not stored per VWorld TOS.,parcel_centroid,,0.0,,,False,
A10024093,다산 푸르지오,경기도 남양주시 다산동 6163,경기도 남양주시 다산동 6163,full_parcel,PARCEL,OK,37.614929704074896,127.1644220947527,EPSG:4326,경기도 남양주시 다산동 6163,다산동,경기도,남양주시,,다산동,다산1동,4136054500,6163,6501동,single_parcel,1,1,,0.0,0.91,vworld_geocoder_2.0,2026-09-03T02:10:34.885795+00:00,Realtime query. Not stored per VWorld TOS.,parcel_centroid,,0.0,,,False,
A10024111,동탄호수공원리슈빌아파트,경기도 화성동탄구 장지동 924,경기도 화성시 동탄구 장지동 924,full_parcel,PARCEL,OK,37.164294179589206,127.10502190385458,EPSG:4326,경기도 화성시 동탄구 장지동 924,장지동,경기도,화성시 동탄구,,장지동,동탄8동,4159758000,924,동탄 호수공원 리슈빌 2931동,single_parcel,1,1,,0.0,0.85,vworld_geocoder_2.0,2026-09-03T02:10:35.487647+00:00,Realtime query. Not stored per VWorld TOS.,parcel_centroid,,0.0,,,False,
A10024153,다산자이 폴라리스,경기도 남양주시 다산동 6015,경기도 남양주시 다산동 6015,full_parcel,PARCEL,OK,37.62952751895392,127.15076474098127,EPSG:4326,경기도 남양주시 다산동 6015,다산동,경기도,남양주시,,다산동,다산1동,4136054500,6015,다산자연앤자이 1407동,single_parcel,1,1,,0.0,0.72,vworld_geocoder_2.0,2026-09-03T02:10:36.276816+00:00,Realtime query. Not stored per VWorld TOS.,parcel_centroid,,0.0,,,False,
A10024177,동탄호수우남더테라스,경기도 화성동탄구 장지동 964,경기도 화성시 동탄구 장지동 964,full_parcel,PARCEL,OK,37.16164570044217,127.10765143582776,EPSG:4326,경기도 화성시 동탄구 장지동 964,장지동,경기도,화성시 동탄구,,장지동,동탄8동,4159758000,964,동탄호수 우남 더 테라스 3231동,single_parcel,1,1,,0.0,1.02,vworld_geocoder_2.0,2026-09-03T02:10:37.002973+00:00,Realtime query. Not stored per VWorld TOS.,parcel_centroid,,0.0,,,False,
A10024195,다산센트럴파크,경기도 남양주시 다산동 6107,경기도 남양주시 다산동 6107,full_parcel,PARCEL,OK,37.62205674592245,127.16359750349856,EPSG:4326,경기도 남양주시 다산동 6107,다산동,경기도,남양주시,,다산동,다산1동,4136054500,6107,다산 센트럴파크 6101동,single_parcel,1,1,,0.0,1.02,vworld_geocoder_2.0,2026-09-03T02:10:37.866446+00:00,Realtime query. Not stored per VWorld TOS.,parcel_centroid,,0.0,,,False,
A10024211,미사역파라곤아파트,경기도 하남시 망월동 1125,경기도 하남시 망월동 1125,full_parcel,PARCEL,OK,37.56435243417841,127.19381596021486,EPSG:4326,경기도 하남시 망월동 1125,망월동,경기도,하남시,,망월동,미사1동,4145061000,1125,미사역 파라곤 101동,single_parcel,1,1,,0.0,0.63,vworld_geocoder_2.0,2026-09-03T02:10:38.542029+00:00,Realtime query. Not stored per VWorld TOS.,parcel_centroid,,0.0,,,False,
A10024290,동탄역파라곤 아파트,경기도 화성동탄구 여울동 985,경기도 화성시 동탄구 여울동 985,full_parcel,PARCEL,OK,37.19637712295767,127.09074878293066,EPSG:4326,경기도 화성시 동탄구 여울동 985,여울동,경기도,화성시 동탄구,,여울동,동탄6동,4159756000,985,동탄역 파라곤 901동,single_parcel,1,1,,0.0,3.36,vworld_geocoder_2.0,2026-09-03T02:10:39.432541+00:00,Realtime query. Not stored per VWorld TOS.,parcel_centroid,,0.0,,,False,
A10024368,동탄역 대방디엠시티 더 센텀 아파트,경기도 화성동탄구 영천동 3-3,경기도 화성시 동탄대로 636-14,fallback_road,ROAD,OK,37.20987117285016,127.09962923658506,EPSG:4326,"경기도 화성시 동탄구 동탄대로 636-14 (영천동,동탄역 대방디엠시티 더 센텀)",영천동,경기도,화성시 동탄구,영천동,동탄대로,동탄5동,4159755000,636-14,동탄역 대방디엠시티 더 센텀 공동주택(주민공동시설),single_parcel,1,1,,0.0,4.48,vworld_geocoder_2.0,2026-09-03T02:10:40.907753+00:00,Realtime query. Not stored per VWorld TOS.,building_entrance,,0.0,,,False,
A10024415,다산해모로아파트,경기도 남양주시 다산동 6297,경기도 남양주시 다산동 6297,full_parcel,PARCEL,OK,37.60571068410859,127.15197664069214,EPSG:4326,경기도 남양주시 다산동 6297,다산동,경기도,남양주시,,다산동,다산1동,4136054500,6297,다산 해모로 101동,single_parcel,1,1,,0.0,1.69,vworld_geocoder_2.0,2026-09-03T02:10:41.619419+00:00,Realtime query. Not stored per VWorld TOS.,parcel_centroid,,0.0,,,False,
A10024467,힐스테이트동탄역,경기도 화성동탄구 영천동 833,경기도 화성시 동탄구 영천동 833,full_parcel,PARCEL,OK,37.21292377235398,127.09268814158123,EPSG:4326,경기도 화성시 동탄구 영천동 833,영천동,경기도,화성시 동탄구,,영천동,동탄5동,4159755000,833,힐스테이트 동탄역 101동,single_parcel,1,1,,0.0,4.97,vworld_geocoder_2.0,2026-09-03T02:10:42.500599+00:00,Realtime query. Not stored per VWorld TOS.,parcel_centroid,,0.0,,,False,
A10024478,한강동일스위트더파크뷰2단지,경기도 김포시 마산동 672-1,경기도 김포시 마산동 672-1,full_parcel,PARCEL,OK,37.63494186028438,126.64089555926329,EPSG:4326,경기도 김포시 마산동 672-1,마산동,경기도,김포시,,마산동,마산동,4157057500,672-1,707동,single_parcel,1,1,,0.0,3.06,vworld_geocoder_2.0,2026-09-03T02:10:43.301959+00:00,Realtime query. Not stored per VWorld TOS.,parcel_centroid,,0.0,,,False,
A10024480,다산자이아이비플레이스 아파트,경기도 남양주시 다산동 6028,경기도 남양주시 다산동 6028,full_parcel,PARCEL,OK,37.62698993414397,127.15110858396568,EPSG:4326,경기도 남양주시 다산동 6028,다산동,경기도,남양주시,,다산동,다산1동,4136054500,6028,다산자이 아이비플레이스 1501동,single_parcel,1,1,,0.0,0.43,vworld_geocoder_2.0,2026-09-03T02:10:43.999463+00:00,Realtime query. Not stored per VWorld TOS.,parcel_centroid,,0.0,,,False,
A10024486,한강동일스위트더파크뷰1단지아파트,경기도 김포시 마산동 638-4,경기도 김포시 마산동 638-4,full_parcel,PARCEL,OK,37.63732224487683,126.63391877473958,EPSG:4326,경기도 김포시 마산동 638-4,마산동,경기도,김포시,,마산동,마산동,4157057500,638-4,601동,single_parcel,1,1,,0.0,3.67,vworld_geocoder_2.0,2026-09-03T02:10:44.724096+00:00,Realtime query. Not stored per VWorld TOS.,parcel_centroid,,0.0,,,False,
A10024492,위례포레샤인13단지아파트,서울특별시 송파구 거여동 599,서울특별시 송파구 거여동 599,full_parcel,PARCEL,OK,37.48237579250612,127.13807879555196,EPSG:4326,서울특별시 송파구 거여동 599,거여동,서울특별시,송파구,,거여동,위례동,1171064700,599,위례 포레샤인 13단지 1301동,single_parcel,1,1,,0.0,1.21,vworld_geocoder_2.0,2026-09-03T02:10:45.365666+00:00,Realtime query. Not stored per VWorld TOS.,parcel_centroid,,0.0,,,False,
A10024496,동탄호수공원 경기행복주택,경기도 화성동탄구 산척동 750,경기도 화성시 동탄구 산척동 750,full_parcel,PARCEL,OK,37.1667613947564,127.11913346676944,EPSG:4326,경기도 화성시 동탄구 산척동 750,산척동,경기도,화성시 동탄구,,산척동,동탄7동,4159757000,750,동탄호수공원 경기행복주택 3521동,single_parcel,1,1,,0.0,0.88,vworld_geocoder_2.0,2026-09-03T02:10:46.066290+00:00,Realtime query. Not stored per VWorld TOS.,parcel_centroid,,0.0,,,False,
A10024525,한화포레나동탄호수,경기도 화성동탄구 장지동 921,경기도 화성시 동탄구 장지동 921,full_parcel,PARCEL,OK,37.16375962277561,127.09851546220162,EPSG:4326,경기도 화성시 동탄구 장지동 921,장지동,경기도,화성시 동탄구,,장지동,동탄8동,4159758000,921,한화 포레나 동탄호수 상가동,single_parcel,1,1,,0.0,1.3,vworld_geocoder_2.0,2026-09-03T02:10:46.737223+00:00,Realtime query. Not stored per VWorld TOS.,parcel_centroid,,0.0,,,False,
A10024530,동원로얄듀크포레4차,경기도 화성동탄구 영천동 79-5,경기도 화성시 동탄첨단산업2로 88,fallback_road,ROAD,OK,37.21593914850163,127.10539618407508,EPSG:4326,"경기도 화성시 동탄구 동탄첨단산업2로 88 (영천동,동탄2신도시 4차 동원로얄듀크포레)",영천동,경기도,화성시 동탄구,영천동,동탄첨단산업2로,동탄5동,4159755000,88,동탄2신도시 4차 동원로얄듀크포레 101동,single_parcel,1,1,,0.0,5.07,vworld_geocoder_2.0,2026-09-03T02:10:47.873769+00:00,Realtime query. Not stored per VWorld TOS.,building_entrance,,0.0,,,False,
A10024577,위례포레샤인18단지,서울특별시 송파구 거여동 648,서울특별시 송파구 거여동 648,full_parcel,PARCEL,OK,37.48767809637313,127.15217823829012,EPSG:4326,서울특별시 송파구 거여동 648,거여동,서울특별시,송파구,,거여동,위례동,1171064700,648,위례 포레샤인 18단지 1805동,single_parcel,1,1,,0.0,2.01,vworld_geocoder_2.0,2026-09-03T02:10:48.469777+00:00,Realtime query. Not stored per VWorld TOS.,parcel_centroid,,0.0,,,False,
A10024592,동탄2LH35단지,경기도 화성동탄구 산척동 748,경기도 화성시 동탄구 산척동 748,full_parcel,PARCEL,OK,37.16425270808909,127.1212554438696,EPSG:4326,경기도 화성시 동탄구 산척동 748,산척동,경기도,화성시 동탄구,,산척동,동탄7동,4159757000,748,화성동탄2엘에이치35단지(3501-7) 3501동,single_parcel,1,1,,0.0,1.19,vworld_geocoder_2.0,2026-09-03T02:10:49.157931+00:00,Realtime query. Not stored per VWorld TOS.,parcel_centroid,,0.0,,,False,
A10024637,김포장기 LH11단지,경기도 김포시 장기동 1696,경기도 김포시 장기동 1696,full_parcel,PARCEL,OK,37.63687805678984,126.66421064607692,EPSG:4326,경기도 김포시 장기동 1696,장기동,경기도,김포시,,장기동,장기동,4157056000,1696,1101동,single_parcel,1,1,,0.0,1.0,vworld_geocoder_2.0,2026-09-03T02:10:49.801430+00:00,Realtime query. Not stored per VWorld TOS.,parcel_centroid,,0.0,,,False,
A10024706,동탄2 LH2단지 A4-1블럭 행복주택,경기도 화성동탄구 영천동 17-78,경기도 화성시 동탄영천로 108-21,fallback_road,ROAD,OK,37.21262947272631,127.104432992445,EPSG:4326,"경기도 화성시 동탄구 동탄영천로 108-21 (영천동,화성동탄2 LH 2단지)",영천동,경기도,화성시 동탄구,영천동,동탄영천로,동탄5동,4159755000,108-21,화성동탄2 LH 2단지 211동,single_parcel,1,1,,0.0,4.71,vworld_geocoder_2.0,2026-09-03T02:10:50.983357+00:00,Realtime query. Not stored per VWorld TOS.,building_entrance,,0.0,,,False,
A10024732,동탄2 하우스디 NHF아파트,경기도 화성동탄구 산척동 743,경기도 화성시 동탄구 산척동 743,full_parcel,PARCEL,OK,37.16885710805286,127.12647916822915,EPSG:4326,경기도 화성시 동탄구 산척동 743,산척동,경기도,화성시 동탄구,,산척동,동탄7동,4159757000,743,화성동탄2하우스디엔에이치에프 3651동,single_parcel,1,1,,0.0,1.43,vworld_geocoder_2.0,2026-09-03T02:10:51.626509+00:00,Realtime query. Not stored per VWorld TOS.,parcel_centroid,,0.0,,,False,
A10024759,동탄2A63블럭 센트럴써밋,경기도 화성동탄구 산척동 155-13,경기도 화성시 동탄신리천로 786,fallback_road,ROAD,OK,37.17457954362006,127.12243046374746,EPSG:4326,"경기도 화성시 동탄구 동탄신리천로 786 (산척동,센트럴써밋)",산척동,경기도,화성시 동탄구,산척동,동탄신리천로,동탄7동,4159757000,786,센트럴써밋 2301동,single_parcel,1,1,,0.0,1.15,vworld_geocoder_2.0,2026-09-03T02:10:52.784256+00:00,Realtime query. Not stored per VWorld TOS.,building_entrance,,0.0,,,False,
A10024790,김포한강 데세리브아파트,경기도 김포시 구래동 6872-8,경기도 김포시 구래동 6872-8,full_parcel,PARCEL,OK,37.646468273171166,126.62279420987818,EPSG:4326,경기도 김포시 구래동 6872-8,구래동,경기도,김포시,,구래동,구래동,4157057000,6872-8,김포한강 데세리브 102동,single_parcel,1,1,,0.0,4.76,vworld_geocoder_2.0,2026-09-03T02:10:53.334134+00:00,Realtime query. Not stored per VWorld TOS.,parcel_centroid,,0.0,,,False,
A10024817,"위례역푸르지오4,5,6단지",경기도 성남수정구 창곡동 565,경기도 성남시 수정구 창곡동 565,full_parcel,PARCEL,OK,37.46685601402336,127.1414579337146,EPSG:4326,,창곡동,경기도,성남시 수정구,,창곡동,위례동,4113162500,565,위례역 푸르지오 4단지 403동,centroid,3,3,,215.9,0.55,vworld_geocoder_2.0,2026-09-03T02:10:54.931577+00:00,Realtime query. Not stored per VWorld TOS.,centroid_of_3,,0.0,,,False,
A10024841,동탄2LH행복주택35단지,경기도 화성동탄구 산척동 747,경기도 화성시 동탄구 산척동 747,full_parcel,PARCEL,OK,37.16633576560656,127.12176333733292,EPSG:4326,경기도 화성시 동탄구 산척동 747,산척동,경기도,화성시 동탄구,,산척동,동탄7동,4159757000,747,화성동탄2엘에이치35단지(3511-15) 3511동,single_parcel,1,1,,0.0,1.11,vworld_geocoder_2.0,2026-09-03T02:10:55.621557+00:00,Realtime query. Not stored per VWorld TOS.,parcel_centroid,,0.0,,,False,
A10024843,중흥S-클래스 더 테라스 리버파크 2차,경기도 화성동탄구 여울동 993,경기도 화성시 동탄구 여울동 993,full_parcel,PARCEL,OK,37.18892665935972,127.08546277118656,EPSG:4326,경기도 화성시 동탄구 여울동 993,여울동,경기도,화성시 동탄구,,여울동,동탄6동,4159756000,993,중흥에스클래스더테라스리버파크2차 1651동,single_parcel,1,1,,0.0,3.01,vworld_geocoder_2.0,2026-09-03T02:10:56.236918+00:00,Realtime query. Not stored per VWorld TOS.,parcel_centroid,,0.0,,,False,
A10024890,미사힐즈파크푸르지오,경기도 하남시 풍산동 630,경기도 하남시 풍산동 630,full_parcel,PARCEL,OK,37.54381801338101,127.1932511869667,EPSG:4326,경기도 하남시 풍산동 630,풍산동,경기도,하남시,,풍산동,미사3동,4145063000,630,미사 힐즈파크 푸르지오 101동,single_parcel,1,1,,0.0,1.88,vworld_geocoder_2.0,2026-09-03T02:10:56.844893+00:00,Realtime query. Not stored per VWorld TOS.,parcel_centroid,,0.0,,,False,
A10025005,동탄역 동원로얄듀크비스타3차,경기도 화성동탄구 여울동 984,경기도 화성시 동탄구 여울동 984,full_parcel,PARCEL,OK,37.19640594051853,127.0889598797079,EPSG:4326,경기도 화성시 동탄구 여울동 984,여울동,경기도,화성시 동탄구,,여울동,동탄6동,4159756000,984,동탄역동원로얄듀크비스타3차 601동,single_parcel,1,1,,0.0,3.45,vworld_geocoder_2.0,2026-09-03T02:10:57.400643+00:00,Realtime query. Not stored per VWorld TOS.,parcel_centroid,,0.0,,,False,
A10025020,동탄레이크자연앤푸르지오아파트,경기도 화성동탄구 장지동 922,경기도 화성시 동탄구 장지동 922,full_parcel,PARCEL,OK,37.16406446842065,127.10251833775692,EPSG:4326,경기도 화성시 동탄구 장지동 922,장지동,경기도,화성시 동탄구,,장지동,동탄8동,4159758000,922,동탄레이크자연앤푸르지오 2921동,single_parcel,1,1,,0.0,1.01,vworld_geocoder_2.0,2026-09-03T02:10:57.950451+00:00,Realtime query. Not stored per VWorld TOS.,parcel_centroid,,0.0,,,False,
A10025059,김포한강 호반베르디움 더 퍼스트,경기도 김포시 장기동 1865-4,경기도 김포시 장기동 1865-4,full_parcel,PARCEL,OK,37.65251094768848,126.67026921430816,EPSG:4326,경기도 김포시 장기동 1865-4,장기동,경기도,김포시,,장기동,장기본동,4157052500,1865-4,호반베르디움 더퍼스트 701동,single_parcel,1,1,,0.0,1.78,vworld_geocoder_2.0,2026-09-03T02:10:58.518038+00:00,Realtime query. Not stored per VWorld TOS.,parcel_centroid,,0.0,,,False,
A10025066,다산 신안인스빌퍼스트포레,경기도 남양주시 다산동 6213,경기도 남양주시 다산동 6213,full_parcel,PARCEL,OK,37.60288751833256,127.17632756712734,EPSG:4326,경기도 남양주시 다산동 6213,다산동,경기도,남양주시,,다산동,다산2동,4136056500,6213,다산신안인스빌퍼스트포레 7201동,single_parcel,1,1,,0.0,0.79,vworld_geocoder_2.0,2026-09-03T02:10:59.148262+00:00,Realtime query. Not stored per VWorld TOS.,parcel_centroid,,0.0,,,False,
A10025093,동탄린스트라우스더레이크,경기도 화성동탄구 송동 694,경기도 화성시 동탄구 송동 694,full_parcel,PARCEL,OK,37.17142053338455,127.10482395084055,EPSG:4326,경기도 화성시 동탄구 송동 694,송동,경기도,화성시 동탄구,,송동,동탄7동,4159757000,694,동탄린스트라우스더레이크 101동,single_parcel,1,1,,0.0,0.51,vworld_geocoder_2.0,2026-09-03T02:10:59.769631+00:00,Realtime query. Not stored per VWorld TOS.,parcel_centroid,,0.0,,,False,
A10025183,동탄2 풍림아이원아파트,경기도 화성동탄구 장지동 120-19,경기도 화성시 동탄대로1길 20,fallback_road,ROAD,OK,37.1610504875576,127.10365484583576,EPSG:4326,,장지동,경기도,화성시 동탄구,장지동,동탄대로1길,동탄8동,4159758000,20,화성동탄2엔에이치에프아이원 2911동,centroid,2,2,,50.2,1.22,vworld_geocoder_2.0,2026-09-03T02:11:01.258751+00:00,Realtime query. Not stored per VWorld TOS.,centroid_of_2,,0.0,,,False,
A10025276,동탄중흥에스클래스파크더테라스,경기도 화성동탄구 영천동 6-2,경기도 화성시 동탄대로24길 74,fallback_road,ROAD,OK,37.21593147478293,127.11161254219674,EPSG:4326,경기도 화성시 동탄구 동탄대로24길 74 (영천동),영천동,경기도,화성시 동탄구,영천동,동탄대로24길,동탄5동,4159755000,74,경비실,single_parcel,1,1,,0.0,5.05,vworld_geocoder_2.0,2026-09-03T02:11:02.402315+00:00,Realtime query. Not stored per VWorld TOS.,building_entrance,,0.0,,,False,
A10025306,다산역 경기행복주택아파트,경기도 남양주시 다산동 6027,경기도 남양주시 다산동 6027,full_parcel,PARCEL,OK,37.6259054355593,127.14851828281238,EPSG:4326,경기도 남양주시 다산동 6027,다산동,경기도,남양주시,,다산동,다산1동,4136054500,6027,다산역 경기행복주택 근린생활시설,single_parcel,1,1,,0.0,0.44,vworld_geocoder_2.0,2026-09-03T02:11:03.074434+00:00,Realtime query. Not stored per VWorld TOS.,parcel_centroid,,0.0,,,False,
A10025312,동탄호수공원아이파크 아파트,경기도 화성동탄구 장지동 968,경기도 화성시 동탄구 장지동 968,full_parcel,PARCEL,OK,37.164613548217545,127.10871218576348,EPSG:4326,경기도 화성시 동탄구 장지동 968,장지동,경기도,화성시 동탄구,,장지동,동탄8동,4159758000,968,동탄호수공원아이파크 상가동,single_parcel,1,1,,0.0,0.68,vworld_geocoder_2.0,2026-09-03T02:11:03.591768+00:00,Realtime query. Not stored per VWorld TOS.,parcel_centroid,,0.0,,,False,
A10025316,운양역 라피아노,경기도 김포시 운양동 1341-45,경기도 김포시 운양동 1341-45,full_parcel,PARCEL,OK,37.65008277751773,126.68627102083704,EPSG:4326,,운양동,경기도,김포시,,운양동,운양동,4157058000,1341-45,라피아노 301동,centroid,5,5,,161.9,1.73,vworld_geocoder_2.0,2026-09-03T02:11:06.638958+00:00,Realtime query. Not stored per VWorld TOS.,centroid_of_5,,0.0,,,False,
A10025331,다산자연&e편한세상 3차아파트,경기도 남양주시 다산동 6132,경기도 남양주시 다산동 6132,full_parcel,PARCEL,OK,37.61955051547,127.15620342490752,EPSG:4326,경기도 남양주시 다산동 6132,다산동,경기도,남양주시,,다산동,다산1동,4136054500,6132,,single_parcel,1,1,,0.0,0.54,vworld_geocoder_2.0,2026-09-03T02:11:07.158621+00:00,Realtime query. Not stored per VWorld TOS.,parcel_centroid,,0.0,,,False,
A10025360,동탄파크한양수자인,경기도 화성동탄구 영천동 651-554,경기도 화성시 동탄대로24가길 30,fallback_road,ROAD,OK,37.21640989315384,127.1140698312987,EPSG:4326,"경기도 화성시 동탄구 동탄대로24가길 30 (영천동,동탄 파크 한양수자인)",영천동,경기도,화성시 동탄구,영천동,동탄대로24가길,동탄5동,4159755000,30,동탄 파크 한양수자인 131동,single_parcel,1,1,,0.0,5.11,vworld_geocoder_2.0,2026-09-03T02:11:08.277568+00:00,Realtime query. Not stored per VWorld TOS.,building_entrance,,0.0,,,False,
A10025361,중흥S-클래스 더 테라스 리버파크1,경기도 화성동탄구 여울동 849-5,경기도 화성시 동탄기흥로353번길 76,fallback_road,ROAD,OK,37.191354471973455,127.08506947524194,EPSG:4326,"경기도 화성시 동탄구 동탄기흥로353번길 76 (여울동,중흥에스클래스더테라스리버파크1차)",여울동,경기도,화성시 동탄구,여울동,동탄기흥로353번길,동탄6동,4159756000,76,중흥에스클래스더테라스리버파크1차 1631동,single_parcel,1,1,,0.0,3.23,vworld_geocoder_2.0,2026-09-03T02:11:09.517999+00:00,Realtime query. Not stored per VWorld TOS.,building_entrance,,0.0,,,False,
A10025393,다산e편한세상더퍼스트,경기도 남양주시 다산동 6151,경기도 남양주시 다산동 6151,full_parcel,PARCEL,OK,37.61618655978718,127.1559961152712,EPSG:4326,경기도 남양주시 다산동 6151,다산동,경기도,남양주시,,다산동,다산1동,4136054500,6151,다산자연앤e편한세상2차 5401동,single_parcel,1,1,,0.0,0.85,vworld_geocoder_2.0,2026-09-03T02:11:10.172137+00:00,Realtime query. Not stored per VWorld TOS.,parcel_centroid,,0.0,,,False,
A10025435,다산신안인스빌퍼스트리버,경기도 남양주시 다산동 540,경기도 남양주시 다산지금로146번길 100,fallback_road,ROAD,OK,37.59547789693133,127.17071516959464,EPSG:4326,"경기도 남양주시 다산지금로146번길 100 (다산동,다산신안인스빌 퍼스트리버)",다산동,경기도,남양주시,다산동,다산지금로146번길,다산2동,4136056500,100,다산신안인스빌 퍼스트리버 7601동,single_parcel,1,1,,0.0,1.46,vworld_geocoder_2.0,2026-09-03T02:11:11.300382+00:00,Realtime query. Not stored per VWorld TOS.,building_entrance,,0.0,,,False,
A10025469,미사역 호반 써밋 아파트,경기도 하남시 망월동 1127,경기도 하남시 망월동 1127,full_parcel,PARCEL,OK,37.56490465028831,127.1961794253583,EPSG:4326,경기도 하남시 망월동 1127,망월동,경기도,하남시,,망월동,미사1동,4145061000,1127,미사역 호반 써밋 101동,single_parcel,1,1,,0.0,0.83,vworld_geocoder_2.0,2026-09-03T02:11:11.888637+00:00,Realtime query. Not stored per VWorld TOS.,parcel_centroid,,0.0,,,False,
A10025473,화성동탄2 NHF 엘크루 아파트,경기도 화성동탄구 장지동 910-311,경기도 화성시 동탄대로1길 96,fallback_road,ROAD,OK,37.16147823469791,127.09450004684572,EPSG:4326,"경기도 화성시 동탄구 동탄대로1길 96 (장지동,엔에이치에프엘크루)",장지동,경기도,화성시 동탄구,장지동,동탄대로1길,동탄8동,4159758000,96,엔에이치에프엘크루 2811동,single_parcel,1,1,,0.0,1.74,vworld_geocoder_2.0,2026-09-03T02:11:12.918679+00:00,Realtime query. Not stored per VWorld TOS.,building_entrance,,0.0,,,False,
A10025474,다산 금강펜테리움 리버테라스2차아파트,경기도 남양주시 다산동 6235,경기도 남양주시 다산동 6235,full_parcel,PARCEL,OK,37.59777318704116,127.17173415921047,EPSG:4326,경기도 남양주시 다산동 6235,다산동,경기도,남양주시,,다산동,다산2동,4136056500,6235,다산 펜테리움 리버테라스Ⅱ 7502,single_parcel,1,1,,0.0,1.2,vworld_geocoder_2.0,2026-09-03T02:11:13.497245+00:00,Realtime query. Not stored per VWorld TOS.,parcel_centroid,,0.0,,,False,
A10025510,호수공원역 센트럴시티,경기도 화성동탄구 산척동 593,경기도 화성시 동탄대로6길 20,fallback_road,ROAD,OK,37.168195351966816,127.10811243041591,EPSG:4326,"경기도 화성시 동탄구 동탄대로6길 20 (산척동,호수공원역 센트럴시티)",산척동,경기도,화성시 동탄구,산척동,동탄대로6길,동탄7동,4159757000,20,호수공원역 센트럴시티 3001동,single_parcel,1,1,,0.0,0.33,vworld_geocoder_2.0,2026-09-03T02:11:14.627018+00:00,Realtime query. Not stored per VWorld TOS.,building_entrance,,0.0,,,False,
A10025520,행복주택28단지,경기도 화성동탄구 장지동 910-345,경기도 화성시 동탄순환대로2길 13,fallback_road,ROAD,OK,37.16391219574656,127.0941649592278,EPSG:4326,"경기도 화성시 동탄구 동탄순환대로2길 13 (장지동,동탄2엘에이치행복주택28단지)",장지동,경기도,화성시 동탄구,장지동,동탄순환대로2길,동탄8동,4159758000,13,동탄2엘에이치행복주택28단지 2801동,single_parcel,1,1,,0.0,1.62,vworld_geocoder_2.0,2026-09-03T02:11:15.713199+00:00,Realtime query. Not stored per VWorld TOS.,building_entrance,,0.0,,,False,
A10025529,동탄 중흥S클래스 에듀하이 아파트,경기도 화성동탄구 산척동 1-68,경기도 화성시 동탄순환대로17길 31,fallback_road,ROAD,OK,37.17435422507421,127.11481468801594,EPSG:4326,"경기도 화성시 동탄구 동탄순환대로17길 31 (산척동,중흥에스클래스에듀하이)",산척동,경기도,화성시 동탄구,산척동,동탄순환대로17길,동탄7동,4159757000,31,중흥에스클래스에듀하이 2401동,single_parcel,1,1,,0.0,0.57,vworld_geocoder_2.0,2026-09-03T02:11:16.786538+00:00,Realtime query. Not stored per VWorld TOS.,building_entrance,,0.0,,,False,
A10025534,덕풍역파크어울림아파트,경기도 하남시 덕풍동 947,경기도 하남시 덕풍동 947,full_parcel,PARCEL,OK,37.53877261570802,127.19714428341226,EPSG:4326,경기도 하남시 덕풍동 947,덕풍동,경기도,하남시,,덕풍동,덕풍2동,4145055000,947,하남 덕풍역 파크 어울림 101동,single_parcel,1,1,,0.0,2.51,vworld_geocoder_2.0,2026-09-03T02:11:17.433039+00:00,Realtime query. Not stored per VWorld TOS.,parcel_centroid,,0.0,,,False,
A10025552,동탄금호어울림레이크2차,경기도 화성동탄구 장지동 923,경기도 화성시 동탄구 장지동 923,full_parcel,PARCEL,OK,37.1617449591229,127.10172651481848,EPSG:4326,경기도 화성시 동탄구 장지동 923,장지동,경기도,화성시 동탄구,,장지동,동탄8동,4159758000,923,금호어울림레이크2차 2901동,single_parcel,1,1,,0.0,1.25,vworld_geocoder_2.0,2026-09-03T02:11:18.000645+00:00,Realtime query. Not stored per VWorld TOS.,parcel_centroid,,0.0,,,False,
A10025561,다산센트럴에일린의뜰아파트,경기도 남양주시 다산동 6208,경기도 남양주시 다산동 6208,full_parcel,PARCEL,OK,37.60703952090712,127.17153503963311,EPSG:4326,경기도 남양주시 다산동 6208,다산동,경기도,남양주시,,다산동,다산2동,4136056500,6208,다산지금센트럴에일린의뜰 7105동,single_parcel,1,1,,0.0,0.18,vworld_geocoder_2.0,2026-09-03T02:11:18.591449+00:00,Realtime query. Not stored per VWorld TOS.,parcel_centroid,,0.0,,,False,
A10025589,위례포레스트사랑으로부영,경기도 성남수정구 창곡동 597,경기도 성남시 수정구 창곡동 597,full_parcel,PARCEL,OK,37.46173368551034,127.14551108641882,EPSG:4326,경기도 성남시 수정구 창곡동 597,창곡동,경기도,성남시 수정구,,창곡동,위례동,4113162500,597,위례포레스트부영 5806동,single_parcel,1,1,,0.0,1.18,vworld_geocoder_2.0,2026-09-03T02:11:19.648743+00:00,Realtime query. Not stored per VWorld TOS.,parcel_centroid,,0.0,,,False,
A10025590,동탄2 IPARK 1단지 아파트,경기도 화성동탄구 장지동 24,경기도 화성시 동탄대로4길 123,fallback_road,ROAD,OK,37.161982719376425,127.11968354514984,EPSG:4326,"경기도 화성시 동탄구 동탄대로4길 123 (장지동,동탄2아이파크)",장지동,경기도,화성시 동탄구,장지동,동탄대로4길,동탄8동,4159758000,123,동탄2아이파크 3421동,single_parcel,1,1,,0.0,1.26,vworld_geocoder_2.0,2026-09-03T02:11:20.586363+00:00,Realtime query. Not stored per VWorld TOS.,building_entrance,,0.0,,,False,
A10025596,다산한강 반도유보라아파트 입주자대표회의,경기도 남양주시 다산동 6234,경기도 남양주시 다산동 6234,full_parcel,PARCEL,OK,37.59845879248668,127.16906185088584,EPSG:4326,경기도 남양주시 다산동 6234,다산동,경기도,남양주시,,다산동,다산2동,4136056500,6234,근린생활시설1,single_parcel,1,1,,0.0,1.14,vworld_geocoder_2.0,2026-09-03T02:11:21.109000+00:00,Realtime query. Not stored per VWorld TOS.,parcel_centroid,,0.0,,,False,
A10025667,미사강변센트럴풍경채아파트,경기도 하남시 풍산동 471,경기도 하남시 풍산동 471,full_parcel,PARCEL,OK,37.55660265550903,127.1831583098215,EPSG:4326,경기도 하남시 풍산동 471,풍산동,경기도,하남시,,풍산동,미사3동,4145063000,471,미사강변센트럴풍경채 3301동,single_parcel,1,1,,0.0,0.65,vworld_geocoder_2.0,2026-09-03T02:11:21.666941+00:00,Realtime query. Not stored per VWorld TOS.,parcel_centroid,,0.0,,,False,
A10025680,동탄 더샵 레이크에듀타운아파트,경기도 화성동탄구 산척동 699,경기도 화성시 동탄구 산척동 699,full_parcel,PARCEL,OK,37.17411667390134,127.1086434668034,EPSG:4326,경기도 화성시 동탄구 산척동 699,산척동,경기도,화성시 동탄구,,산척동,동탄7동,4159757000,699,동탄 더샵 레이크에듀타운 2501동,single_parcel,1,1,,0.0,0.43,vworld_geocoder_2.0,2026-09-03T02:11:22.187916+00:00,Realtime query. Not stored per VWorld TOS.,parcel_centroid,,0.0,,,False,
A10025739,미사강변신안인스빌아파트,경기도 하남시 풍산동 573,경기도 하남시 풍산동 573,full_parcel,PARCEL,OK,37.55666618251439,127.19549131699554,EPSG:4326,경기도 하남시 풍산동 573,풍산동,경기도,하남시,,풍산동,미사3동,4145063000,573,신안인스빌 3201동,single_parcel,1,1,,0.0,0.72,vworld_geocoder_2.0,2026-09-03T02:11:22.707923+00:00,Realtime query. Not stored per VWorld TOS.,parcel_centroid,,0.0,,,False,
A10025771,동탄역 반도유보라 아이비파크7.0 아파트,경기도 화성동탄구 여울동 971,경기도 화성시 동탄구 여울동 971,full_parcel,PARCEL,OK,37.2027643087964,127.0890671421408,EPSG:4326,경기도 화성시 동탄구 여울동 971,여울동,경기도,화성시 동탄구,,여울동,동탄6동,4159756000,971,동탄역 반도유보라 아이비파크 7.0 101동,single_parcel,1,1,,0.0,4.05,vworld_geocoder_2.0,2026-09-03T02:11:23.501357+00:00,Realtime query. Not stored per VWorld TOS.,parcel_centroid,,0.0,,,False,
A10025790,동탄역 중흥S-클래스아파트,경기도 화성동탄구 여울동 873-3,경기도 화성시 동부대로 951,fallback_road,ROAD,OK,37.18586387852319,127.08773666055802,EPSG:4326,"경기도 화성시 동탄구 동부대로 951 (여울동,동탄역 중흥S-클래스)",여울동,경기도,화성시 동탄구,여울동,동부대로,동탄6동,4159756000,951,동탄역 중흥S-클래스 1701동,single_parcel,1,1,,0.0,2.64,vworld_geocoder_2.0,2026-09-03T02:11:24.521824+00:00,Realtime query. Not stored per VWorld TOS.,building_entrance,,0.0,,,False,
A10025798,호수공원역 센트리체,경기도 화성동탄구 산척동 730,경기도 화성시 동탄구 산척동 730,full_parcel,PARCEL,OK,37.16719068350236,127.1121082623564,EPSG:4326,경기도 화성시 동탄구 산척동 730,산척동,경기도,화성시 동탄구,,산척동,동탄7동,4159757000,730,호수공원역 센트리체 3031동,single_parcel,1,1,,0.0,0.4,vworld_geocoder_2.0,2026-09-03T02:11:25.138018+00:00,Realtime query. Not stored per VWorld TOS.,parcel_centroid,,0.0,,,False,
A10025814,자이더빌리지 포레스트,경기도 김포시 마산동 670-7,경기도 김포시 마산동 670-7,full_parcel,PARCEL,OK,37.63331786303042,126.64225585812972,EPSG:4326,경기도 김포시 마산동 670-7,마산동,경기도,김포시,,마산동,마산동,4157057500,670-7,자이더빌리지 포레스트 4단지 413동,single_parcel,1,1,,0.0,2.96,vworld_geocoder_2.0,2026-09-03T02:11:25.776495+00:00,Realtime query. Not stored per VWorld TOS.,parcel_centroid,,0.0,,,False,
A10025824,유보라아이비파크 10.0 2단지,경기도 화성동탄구 산척동 1-79,경기도 화성시 동탄순환대로10길 88,fallback_road,ROAD,OK,37.16624850302861,127.12817869261949,EPSG:4326,"경기도 화성시 동탄구 동탄순환대로10길 88 (산척동,레이크힐 반도유보라 아이비파크 10.2)",산척동,경기도,화성시 동탄구,산척동,동탄순환대로10길,동탄7동,4159757000,88,레이크힐 반도유보라 아이비파크 10.2 3601동,single_parcel,1,1,,0.0,1.64,vworld_geocoder_2.0,2026-09-03T02:11:26.811977+00:00,Realtime query. Not stored per VWorld TOS.,building_entrance,,0.0,,,False,
A10025828,다산펜테리움 리버테라스1차,경기도 남양주시 다산동 6215,경기도 남양주시 다산동 6215,full_parcel,PARCEL,OK,37.60080864619337,127.17630385173452,EPSG:4326,경기도 남양주시 다산동 6215,다산동,경기도,남양주시,,다산동,다산2동,4136056500,6215,다산 펜테리움 리버테라스 Ⅰ 근린생활시설1,single_parcel,1,1,,0.0,0.99,vworld_geocoder_2.0,2026-09-03T02:11:27.415417+00:00,Realtime query. Not stored per VWorld TOS.,parcel_centroid,,0.0,,,False,
A10025830,힐스테이트 다산,경기도 남양주시 다산동 3639-2,경기도 남양주시 다산순환로 365,fallback_road,ROAD,OK,37.62273983304494,127.15943529977352,EPSG:4326,"경기도 남양주시 다산순환로 365 (다산동,힐스테이트 다산)",다산동,경기도,남양주시,다산동,다산순환로,다산1동,4136054500,365,힐스테이트 다산 5201동,single_parcel,1,1,,0.0,0.65,vworld_geocoder_2.0,2026-09-03T02:11:28.404053+00:00,Realtime query. Not stored per VWorld TOS.,building_entrance,,0.0,,,False,
A10025865,한강롯데캐슬22단지,경기도 김포시 운양동 1441,경기도 김포시 운양동 1441,full_parcel,PARCEL,OK,37.64425072952105,126.68416731410866,EPSG:4326,경기도 김포시 운양동 1441,운양동,경기도,김포시,,운양동,운양동,4157058000,1441,한강 롯데캐슬 22단지 2230동,single_parcel,1,1,,0.0,1.1,vworld_geocoder_2.0,2026-09-03T02:11:28.982595+00:00,Realtime query. Not stored per VWorld TOS.,parcel_centroid,,0.0,,,False,
A10025866,호반베르디움 더 레이크 3차 아파트,경기도 김포시 구래동 6887-3,경기도 김포시 구래동 6887-3,full_parcel,PARCEL,OK,37.64555211899961,126.63256283775456,EPSG:4326,경기도 김포시 구래동 6887-3,구래동,경기도,김포시,,구래동,구래동,4157057000,6887-3,호반베르디움 더 레이크 3차 301동,single_parcel,1,1,,0.0,3.9,vworld_geocoder_2.0,2026-09-03T02:11:29.563543+00:00,Realtime query. Not stored per VWorld TOS.,parcel_centroid,,0.0,,,False,
A10025868,더레이크 에듀파크 아파트 입주자대표회의,경기도 화성동탄구 산척동 721,경기도 화성시 동탄구 산척동 721,full_parcel,PARCEL,OK,37.171099440874585,127.11524990225686,EPSG:4326,경기도 화성시 동탄구 산척동 721,산척동,경기도,화성시 동탄구,,산척동,동탄7동,4159757000,721,더레이크시티부영2단지 2481동,single_parcel,1,1,,0.0,0.43,vworld_geocoder_2.0,2026-09-03T02:11:30.144031+00:00,Realtime query. Not stored per VWorld TOS.,parcel_centroid,,0.0,,,False,
A10025880,동탄 2 NHF 경남 아너스빌 아파트,경기도 화성동탄구 목동 25-1,경기도 화성시 동탄순환대로20길 69,fallback_road,ROAD,OK,37.1859755898932,127.12661305188524,EPSG:4326,"경기도 화성시 동탄구 동탄순환대로20길 69 (목동,엔에이치에프경남아너스빌)",목동,경기도,화성시 동탄구,목동,동탄순환대로20길,동탄9동,4159759000,69,엔에이치에프경남아너스빌 2251동,single_parcel,1,1,,0.0,2.23,vworld_geocoder_2.0,2026-09-03T02:11:31.230741+00:00,Realtime query. Not stored per VWorld TOS.,building_entrance,,0.0,,,False,
A10025885,더레이크파크뷰아파트,경기도 화성동탄구 산척동 722,경기도 화성시 동탄구 산척동 722,full_parcel,PARCEL,OK,37.17040223697896,127.11716514768575,EPSG:4326,경기도 화성시 동탄구 산척동 722,산척동,경기도,화성시 동탄구,,산척동,동탄7동,4159757000,722,더레이크파크뷰 2451동,single_parcel,1,1,,0.0,0.59,vworld_geocoder_2.0,2026-09-03T02:11:31.749712+00:00,Realtime query. Not stored per VWorld TOS.,parcel_centroid,,0.0,,,False,
A10025900,동탄호수공원역 레이크시티 아파트,경기도 화성동탄구 산척동 733,경기도 화성시 동탄구 산척동 733,full_parcel,PARCEL,OK,37.16766501083276,127.11568899989022,EPSG:4326,경기도 화성시 동탄구 산척동 733,산척동,경기도,화성시 동탄구,,산척동,동탄7동,4159757000,733,동탄호수공원역 레이크시티 3061동,single_parcel,1,1,,0.0,0.56,vworld_geocoder_2.0,2026-09-03T02:11:32.324226+00:00,Realtime query. Not stored per VWorld TOS.,parcel_centroid,,0.0,,,False,
A10025909,동탄  더  레이크 팰리스,경기도 화성동탄구 산척동 129,경기도 화성시 동탄대로8길 35,fallback_road,ROAD,OK,37.17198320902604,127.10795936833124,EPSG:4326,"경기도 화성시 동탄구 동탄대로8길 35 (산척동,동탄 더 레이크 팰리스)",산척동,경기도,화성시 동탄구,산척동,동탄대로8길,동탄7동,4159757000,35,동탄 더 레이크 팰리스 2561동,single_parcel,1,1,,0.0,0.27,vworld_geocoder_2.0,2026-09-03T02:11:33.334738+00:00,Realtime query. Not stored per VWorld TOS.,building_entrance,,0.0,,,False,
A10025919,김포한강예미지 아파트,경기도 김포시 구래동 6893-2,경기도 김포시 구래동 6893-2,full_parcel,PARCEL,OK,37.6383581672961,126.62394354105524,EPSG:4326,경기도 김포시 구래동 6893-2,구래동,경기도,김포시,,구래동,구래동,4157057000,6893-2,김포한강 예미지 401동,single_parcel,1,1,,0.0,4.55,vworld_geocoder_2.0,2026-09-03T02:11:33.880266+00:00,Realtime query. Not stored per VWorld TOS.,parcel_centroid,,0.0,,,False,
A10025936,호반베르디움 더 레이크 2차,경기도 김포시 구래동 6887-1,경기도 김포시 구래동 6887-1,full_parcel,PARCEL,OK,37.6468814062107,126.632533432906,EPSG:4326,경기도 김포시 구래동 6887-1,구래동,경기도,김포시,,구래동,구래동,4157057000,6887-1,호반베르디움 더 레이크 2차 201동,single_parcel,1,1,,0.0,3.94,vworld_geocoder_2.0,2026-09-03T02:11:34.413736+00:00,Realtime query. Not stored per VWorld TOS.,parcel_centroid,,0.0,,,False,
A10025941,미사강변도시 C3단지,경기도 하남시 망월동 1140,경기도 하남시 망월동 1140,full_parcel,PARCEL,OK,37.56338157428624,127.19679657014272,EPSG:4326,경기도 하남시 망월동 1140,망월동,경기도,하남시,,망월동,미사1동,4145061000,1140,미사강변도시씨3단지,single_parcel,1,1,,0.0,0.78,vworld_geocoder_2.0,2026-09-03T02:11:34.919513+00:00,Realtime query. Not stored per VWorld TOS.,parcel_centroid,,0.0,,,False,
A10025947,미사강변 브라운스톤,경기도 하남시 풍산동 559,경기도 하남시 풍산동 559,full_parcel,PARCEL,OK,37.55954650564109,127.19277716304616,EPSG:4326,경기도 하남시 풍산동 559,풍산동,경기도,하남시,,풍산동,미사3동,4145063000,559,미사강변브라운스톤엔에이치에프 2401동,single_parcel,1,1,,0.0,0.36,vworld_geocoder_2.0,2026-09-03T02:11:35.533126+00:00,Realtime query. Not stored per VWorld TOS.,parcel_centroid,,0.0,,,False,
A10025953,미사 힐즈파크 푸르지오3단지,경기도 하남시 풍산동 627,경기도 하남시 풍산동 627,full_parcel,PARCEL,OK,37.5421336862706,127.19519779278131,EPSG:4326,경기도 하남시 풍산동 627,풍산동,경기도,하남시,,풍산동,미사3동,4145063000,627,미사 힐즈파크푸르지오3단지 301동,single_parcel,1,1,,0.0,2.1,vworld_geocoder_2.0,2026-09-03T02:11:36.040068+00:00,Realtime query. Not stored per VWorld TOS.,parcel_centroid,,0.0,,,False,
A10025962,동탄역 반도유보라 아이비파크 8차아파트,경기도 화성동탄구 여울동 973,경기도 화성시 동탄구 여울동 973,full_parcel,PARCEL,OK,37.20234812467123,127.0907556428344,EPSG:4326,경기도 화성시 동탄구 여울동 973,여울동,경기도,화성시 동탄구,,여울동,동탄6동,4159756000,973,동탄역 반도유보라 아이비파크 8.0 201동,single_parcel,1,1,,0.0,3.94,vworld_geocoder_2.0,2026-09-03T02:11:36.545324+00:00,Realtime query. Not stored per VWorld TOS.,parcel_centroid,,0.0,,,False,
A10025966,미사강변아란티움(25단지)아파트,경기도 하남시 풍산동 565,경기도 하남시 풍산동 565,full_parcel,PARCEL,OK,37.55769254305103,127.1925932213028,EPSG:4326,경기도 하남시 풍산동 565,풍산동,경기도,하남시,,풍산동,미사3동,4145063000,565,미사강변아란티움 2501동,single_parcel,1,1,,0.0,0.44,vworld_geocoder_2.0,2026-09-03T02:11:37.039998+00:00,Realtime query. Not stored per VWorld TOS.,parcel_centroid,,0.0,,,False,
A10025968,동탄2신도시 베라체아파트,경기도 화성동탄구 목동 119,경기도 화성시 동탄순환대로20길 13,fallback_road,ROAD,OK,37.19021131755709,127.12373888091832,EPSG:4326,"경기도 화성시 동탄구 동탄순환대로20길 13 (목동,동탄2신도시 베라체)",목동,경기도,화성시 동탄구,목동,동탄순환대로20길,동탄9동,4159759000,13,동탄2신도시 베라체 2141동,single_parcel,1,1,,0.0,2.48,vworld_geocoder_2.0,2026-09-03T02:11:38.006988+00:00,Realtime query. Not stored per VWorld TOS.,building_entrance,,0.0,,,False,
A10025991,하남 힐즈파크 푸르지오 2단지,경기도 하남시 풍산동 626,경기도 하남시 풍산동 626,full_parcel,PARCEL,OK,37.543659600965945,127.19503015720947,EPSG:4326,경기도 하남시 풍산동 626,풍산동,경기도,하남시,,풍산동,미사3동,4145063000,626,미사 힐즈파크푸르지오2단지 201동,single_parcel,1,1,,0.0,1.93,vworld_geocoder_2.0,2026-09-03T02:11:38.509026+00:00,Realtime query. Not stored per VWorld TOS.,parcel_centroid,,0.0,,,False,
A10026008,동탄역 린스트라우스,경기도 화성동탄구 여울동 1020,경기도 화성시 동탄구 여울동 1020,full_parcel,PARCEL,OK,37.19624736898522,127.0973834767101,EPSG:4326,경기도 화성시 동탄구 여울동 1020,여울동,경기도,화성시 동탄구,,여울동,동탄6동,4159756000,1020,동탄역린스트라우스 101동,single_parcel,1,1,,0.0,3.08,vworld_geocoder_2.0,2026-09-03T02:11:39.029899+00:00,Realtime query. Not stored per VWorld TOS.,parcel_centroid,,0.0,,,False,
A10026040,리버스위트칸타빌아파트,경기도 하남시 선동 441,경기도 하남시 선동 441,full_parcel,PARCEL,OK,37.574648873437134,127.17973718278472,EPSG:4326,경기도 하남시 선동 441,선동,경기도,하남시,,선동,미사2동,4145062000,441,리버스위트칸타빌 101동,single_parcel,1,1,,0.0,1.78,vworld_geocoder_2.0,2026-09-03T02:11:39.552885+00:00,Realtime query. Not stored per VWorld TOS.,parcel_centroid,,0.0,,,False,
A10026066,호반베르디움 더 레이크5차,경기도 김포시 구래동 6877-2,경기도 김포시 구래동 6877-2,full_parcel,PARCEL,OK,37.64942057634129,126.63571984911314,EPSG:4326,경기도 김포시 구래동 6877-2,구래동,경기도,김포시,,구래동,구래동,4157057000,6877-2,호반베르디움 더 레이크 5차 501동,single_parcel,1,1,,0.0,3.77,vworld_geocoder_2.0,2026-09-03T02:11:40.065696+00:00,Realtime query. Not stored per VWorld TOS.,parcel_centroid,,0.0,,,False,
A10026067,동탄2제일풍경채아파트,경기도 화성동탄구 장지동 19-3,경기도 화성시 동탄대로4가길 26,fallback_road,ROAD,OK,37.15895054069456,127.11276103179968,EPSG:4326,"경기도 화성시 동탄구 동탄대로4가길 26 (장지동,제일풍경채에듀앤파크)",장지동,경기도,화성시 동탄구,장지동,동탄대로4가길,동탄8동,4159758000,26,제일풍경채에듀앤파크 3331동,single_parcel,1,1,,0.0,1.31,vworld_geocoder_2.0,2026-09-03T02:11:41.223367+00:00,Realtime query. Not stored per VWorld TOS.,building_entrance,,0.0,,,False,
A10026074,동탄파크자이아파트,경기도 화성동탄구 영천동 651-1372,경기도 화성시 동탄대로24길 117,fallback_road,ROAD,OK,37.2102286373675,127.112261654102,EPSG:4326,"경기도 화성시 동탄구 동탄대로24길 117 (영천동,동탄파크자이)",영천동,경기도,화성시 동탄구,영천동,동탄대로24길,동탄5동,4159755000,117,동탄파크자이 321동,single_parcel,1,1,,0.0,4.42,vworld_geocoder_2.0,2026-09-03T02:11:42.251151+00:00,Realtime query. Not stored per VWorld TOS.,building_entrance,,0.0,,,False,
A10026087,한신더휴아파트,경기도 화성동탄구 목동 188-1,경기도 화성시 동탄순환대로20길 70,fallback_road,ROAD,OK,37.18657457596467,127.12565065968612,EPSG:4326,"경기도 화성시 동탄구 동탄순환대로20길 70 (목동,한신더휴)",목동,경기도,화성시 동탄구,목동,동탄순환대로20길,동탄9동,4159759000,70,한신더휴 2211동,single_parcel,1,1,,0.0,2.23,vworld_geocoder_2.0,2026-09-03T02:11:43.313552+00:00,Realtime query. Not stored per VWorld TOS.,building_entrance,,0.0,,,False,
A10026098,e편한세상한강신도시2차,경기도 김포시 마산동 672-3,경기도 김포시 마산동 672-3,full_parcel,PARCEL,OK,37.63634870660054,126.63905618971016,EPSG:4326,경기도 김포시 마산동 672-3,마산동,경기도,김포시,,마산동,마산동,4157057500,672-3,e편한세상 한강신도시2차 101동,single_parcel,1,1,,0.0,3.22,vworld_geocoder_2.0,2026-09-03T02:11:43.884376+00:00,Realtime query. Not stored per VWorld TOS.,parcel_centroid,,0.0,,,False,
A10026103,금호어울림레이크아파트,경기도 화성동탄구 장지동 966,경기도 화성시 동탄구 장지동 966,full_parcel,PARCEL,OK,37.16275615752339,127.10856557640436,EPSG:4326,경기도 화성시 동탄구 장지동 966,장지동,경기도,화성시 동탄구,,장지동,동탄8동,4159758000,966,금호어울림레이크 3101동,single_parcel,1,1,,0.0,0.88,vworld_geocoder_2.0,2026-09-03T02:11:44.418443+00:00,Realtime query. Not stored per VWorld TOS.,parcel_centroid,,0.0,,,False,
A10026105,미사강변14단지,경기도 하남시 망월동 907,경기도 하남시 망월동 907,full_parcel,PARCEL,OK,37.57137483222178,127.19067534684888,EPSG:4326,경기도 하남시 망월동 907,망월동,경기도,하남시,,망월동,미사2동,4145062000,907,미사강변도시14단지 1401동,single_parcel,1,1,,0.0,1.24,vworld_geocoder_2.0,2026-09-03T02:11:45.058645+00:00,Realtime query. Not stored per VWorld TOS.,parcel_centroid,,0.0,,,False,
A10026126,동탄호반베르디움6차아파트,경기도 화성동탄구 장지동 98,경기도 화성시 동탄대로4다길 78,override_road,ROAD,OK,37.15673095110809,127.11132195547933,EPSG:4326,"경기도 화성시 동탄구 동탄대로4다길 78 (장지동,동탄2신도시 호반베르디움 33단지)",장지동,경기도,화성시 동탄구,장지동,동탄대로4다길,동탄8동,4159758000,78,동탄2신도시 호반베르디움 33단지 3311동,override_requery,1,1,,0.0,1.54,vworld_geocoder_2.0,2026-09-03T02:11:45.504003+00:00,Realtime query. Not stored per VWorld TOS.,building_entrance,building,10.0,,,False,REQUERY
A10026127,반도유보라아이비파크 10.0 1단지,경기도 화성동탄구 산척동 744,경기도 화성시 동탄구 산척동 744,full_parcel,PARCEL,OK,37.16694443371655,127.12958312206788,EPSG:4326,경기도 화성시 동탄구 산척동 744,산척동,경기도,화성시 동탄구,,산척동,동탄7동,4159757000,744,그린힐 반도유보라 아이비파크 10 3631동,single_parcel,1,1,,0.0,1.74,vworld_geocoder_2.0,2026-09-03T02:11:46.407794+00:00,Realtime query. Not stored per VWorld TOS.,parcel_centroid,,0.0,,,False,
A10026131,e-편한세상 미사 아파트,경기도 하남시 풍산동 568,경기도 하남시 풍산동 568,full_parcel,PARCEL,OK,37.55491209982345,127.1939030231072,EPSG:4326,경기도 하남시 풍산동 568,풍산동,경기도,하남시,,풍산동,미사3동,4145063000,568,이편한세상미사 101동,single_parcel,1,1,,0.0,0.75,vworld_geocoder_2.0,2026-09-03T02:11:46.921585+00:00,Realtime query. Not stored per VWorld TOS.,parcel_centroid,,0.0,,,False,
A10026132,동탄역 더샵센트럴시티2차아파트,경기도 화성동탄구 여울동 675,경기도 화성시 동탄감배산로 19,fallback_road,ROAD,OK,37.1888053641583,127.0900013126874,EPSG:4326,"경기도 화성시 동탄구 동탄감배산로 19 (여울동,동탄역 더샵 센트럴시티 2차)",여울동,경기도,화성시 동탄구,여울동,동탄감배산로,동탄6동,4159756000,19,동탄역 더샵 센트럴시티 2차 1611동,single_parcel,1,1,,0.0,2.72,vworld_geocoder_2.0,2026-09-03T02:11:47.891304+00:00,Realtime query. Not stored per VWorld TOS.,building_entrance,,0.0,,,False,
A10026145,다산한양수자인리버파크,경기도 남양주시 다산동 4409-3,경기도 남양주시 다산순환로 111,fallback_road,ROAD,OK,37.61965991066748,127.1475568546121,EPSG:4326,"경기도 남양주시 다산순환로 111 (다산동,다산 한양수자인 리버파크)",다산동,경기도,남양주시,다산동,다산순환로,다산1동,4136054500,111,다산 한양수자인 리버파크 3201동,single_parcel,1,1,,0.0,0.56,vworld_geocoder_2.0,2026-09-03T02:11:48.957229+00:00,Realtime query. Not stored per VWorld TOS.,building_entrance,,0.0,,,False,
A10026155,김포한강한가람LH2단지,경기도 김포시 구래동 6872-2,경기도 김포시 구래동 6872-2,full_parcel,PARCEL,OK,37.64656743073042,126.6209921906938,EPSG:4326,경기도 김포시 구래동 6872-2,구래동,경기도,김포시,,구래동,구래동,4157057000,6872-2,엘에이치한가람마을2단지 205동,single_parcel,1,1,,0.0,4.92,vworld_geocoder_2.0,2026-09-03T02:11:49.509406+00:00,Realtime query. Not stored per VWorld TOS.,parcel_centroid,,0.0,,,False,
A10026156,다산유승한내들골든뷰,경기도 남양주시 다산동 4399-3,경기도 남양주시 다산순환로 135,fallback_road,ROAD,OK,37.62281998598644,127.14618629289744,EPSG:4326,"경기도 남양주시 다산순환로 135 (다산동,다산 유승한내들 골든뷰)",다산동,경기도,남양주시,다산동,다산순환로,다산1동,4136054500,135,다산 유승한내들 골든뷰 3101동,single_parcel,1,1,,0.0,0.52,vworld_geocoder_2.0,2026-09-03T02:11:50.706693+00:00,Realtime query. Not stored per VWorld TOS.,building_entrance,,0.0,,,False,
A10026164,다산 e편한세상자이아파트,경기도 남양주시 다산동 3679-3,경기도 남양주시 다산중앙로81번길 25,fallback_road,ROAD,OK,37.62014068670663,127.15226436456352,EPSG:4326,"경기도 남양주시 다산중앙로81번길 25 (다산동,다산 이편한세상자이)",다산동,경기도,남양주시,다산동,다산중앙로81번길,다산1동,4136054500,25,다산 이편한세상자이 3501동,single_parcel,1,1,,0.0,0.34,vworld_geocoder_2.0,2026-09-03T02:11:51.950693+00:00,Realtime query. Not stored per VWorld TOS.,building_entrance,,0.0,,,False,
A10026206,동탄2 롯데캐슬,경기도 화성동탄구 장지동 95,경기도 화성시 동탄대로2길 49,override_road,ROAD,OK,37.158268336387735,127.10885517646147,EPSG:4326,"경기도 화성시 동탄구 동탄대로2길 49 (장지동,동탄2 롯데캐슬)",장지동,경기도,화성시 동탄구,장지동,동탄대로2길,동탄8동,4159758000,49,동탄2 롯데캐슬 3221동,override_requery,1,1,,0.0,1.37,vworld_geocoder_2.0,2026-09-03T02:11:52.730206+00:00,Realtime query. Not stored per VWorld TOS.,building_entrance,building,10.0,,,False,REQUERY
A10026216,한강신도시2차 KCC 스위첸 아파트,경기도 김포시 운양동 1331-1,경기도 김포시 운양동 1331-1,full_parcel,PARCEL,OK,37.64386311251096,126.69086362745864,EPSG:4326,경기도 김포시 운양동 1331-1,운양동,경기도,김포시,,운양동,운양동,4157058000,1331-1,한강신도시 2차 KCC 스위첸 101동,single_parcel,1,1,,0.0,1.54,vworld_geocoder_2.0,2026-09-03T02:11:53.912951+00:00,Realtime query. Not stored per VWorld TOS.,parcel_centroid,,0.0,,,False,
A10026292,다산유승한내들센트럴아파트,경기도 남양주시 다산동 6090,경기도 남양주시 다산동 6090,full_parcel,PARCEL,OK,37.62162983109714,127.153020117114,EPSG:4326,경기도 남양주시 다산동 6090,다산동,경기도,남양주시,,다산동,다산1동,4136054500,6090,상가동,single_parcel,1,1,,0.0,0.19,vworld_geocoder_2.0,2026-09-03T02:11:54.607360+00:00,Realtime query. Not stored per VWorld TOS.,parcel_centroid,,0.0,,,False,
A10026319,동탄레이크자이더테라스,경기도 화성동탄구 송동 696,경기도 화성시 동탄구 송동 696,full_parcel,PARCEL,OK,37.16983472696582,127.09635323016148,EPSG:4326,경기도 화성시 동탄구 송동 696,송동,경기도,화성시 동탄구,,송동,동탄7동,4159757000,696,동탄레이크자이더테라스 2711동,single_parcel,1,1,,0.0,1.25,vworld_geocoder_2.0,2026-09-03T02:11:55.265571+00:00,Realtime query. Not stored per VWorld TOS.,parcel_centroid,,0.0,,,False,
A10026355,동탄2 반도유보라아이비파크4차아파트,경기도 화성동탄구 청계동 536,경기도 화성시 동탄구 청계동 536,full_parcel,PARCEL,OK,37.199167921944536,127.11435239070238,EPSG:4326,경기도 화성시 동탄구 청계동 536,청계동,경기도,화성시 동탄구,,청계동,동탄4동,4159754000,536,동탄역시범반도유보라아이비파크4.0 1501동,single_parcel,1,1,,0.0,3.2,vworld_geocoder_2.0,2026-09-03T02:11:55.820185+00:00,Realtime query. Not stored per VWorld TOS.,parcel_centroid,,0.0,,,False,
A10026380,동탄호수자이파밀리에,경기도 화성동탄구 장지동 4-1,경기도 화성시 동탄대로2길 19,fallback_road,ROAD,OK,37.16025887843652,127.1054027250036,EPSG:4326,경기도 화성시 동탄구 동탄대로2길 19 (장지동),장지동,경기도,화성시 동탄구,장지동,동탄대로2길,동탄8동,4159758000,19,"골프연습실,휘트니스센터,주민카페,커뮤니티키친",single_parcel,1,1,,0.0,1.23,vworld_geocoder_2.0,2026-09-03T02:11:56.859055+00:00,Realtime query. Not stored per VWorld TOS.,building_entrance,,0.0,,,False,
A10026388,다산반도유보라메이플타운,경기도 남양주시 다산동 6014,경기도 남양주시 다산동 6014,full_parcel,PARCEL,OK,37.62975462562625,127.15407030777342,EPSG:4326,경기도 남양주시 다산동 6014,다산동,경기도,남양주시,,다산동,다산1동,4136054500,6014,다산 반도유보라 메이플타운 2101동,single_parcel,1,1,,0.0,0.75,vworld_geocoder_2.0,2026-09-03T02:11:57.457764+00:00,Realtime query. Not stored per VWorld TOS.,parcel_centroid,,0.0,,,False,
A10026422,e편한세상동탄아파트,경기도 화성동탄구 목동 118-17,경기도 화성시 동탄순환대로20길 31,fallback_road,ROAD,OK,37.190123263717865,127.12704746828688,EPSG:4326,"경기도 화성시 동탄구 동탄순환대로20길 31 (목동,이편한세상동탄)",목동,경기도,화성시 동탄구,목동,동탄순환대로20길,동탄9동,4159759000,31,이편한세상동탄 2101동,single_parcel,1,1,,0.0,2.63,vworld_geocoder_2.0,2026-09-03T02:11:58.644525+00:00,Realtime query. Not stored per VWorld TOS.,building_entrance,,0.0,,,False,
A10026448,김포한강아이파크,경기도 김포시 구래동 6874-20,경기도 김포시 구래동 6874-20,full_parcel,PARCEL,OK,37.65124682839675,126.63263477896938,EPSG:4326,경기도 김포시 구래동 6874-20,구래동,경기도,김포시,,구래동,구래동,4157057000,6874-20,김포한강아이파크 301동,single_parcel,1,1,,0.0,4.1,vworld_geocoder_2.0,2026-09-03T02:11:59.211359+00:00,Realtime query. Not stored per VWorld TOS.,parcel_centroid,,0.0,,,False,
A10026458,한강신도시 반도유보라5차아파트,경기도 김포시 구래동 6873-19,경기도 김포시 구래동 6873-19,full_parcel,PARCEL,OK,37.64725142364848,126.62668315557188,EPSG:4326,경기도 김포시 구래동 6873-19,구래동,경기도,김포시,,구래동,구래동,4157057000,6873-19,한강신도시 반도유보라5차 101동,single_parcel,1,1,,0.0,4.45,vworld_geocoder_2.0,2026-09-03T02:11:59.858211+00:00,Realtime query. Not stored per VWorld TOS.,parcel_centroid,,0.0,,,False,
A10026464,동탄행복마을푸르지오,경기도 화성동탄구 영천동 718,경기도 화성시 동탄구 영천동 718,full_parcel,PARCEL,OK,37.21143249309297,127.12038499660332,EPSG:4326,경기도 화성시 동탄구 영천동 718,영천동,경기도,화성시 동탄구,,영천동,동탄5동,4159755000,718,동탄 행복마을 푸르지오 451동,single_parcel,1,1,,0.0,4.63,vworld_geocoder_2.0,2026-09-03T02:12:00.607170+00:00,Realtime query. Not stored per VWorld TOS.,parcel_centroid,,0.0,,,False,
A10026501,미사강변 동일하이빌,경기도 하남시 풍산동 470,경기도 하남시 풍산동 470,full_parcel,PARCEL,OK,37.55828955835355,127.1839628500262,EPSG:4326,경기도 하남시 풍산동 470,풍산동,경기도,하남시,,풍산동,미사3동,4145063000,470,미사강변 동일하이빌 2001동,single_parcel,1,1,,0.0,0.48,vworld_geocoder_2.0,2026-09-03T02:12:01.258591+00:00,Realtime query. Not stored per VWorld TOS.,parcel_centroid,,0.0,,,False,
A10026503,김포 반도유보라6차 아파트,경기도 김포시 운양동 1340-7,경기도 김포시 운양동 1340-7,full_parcel,PARCEL,OK,37.65214055630348,126.68398758612916,EPSG:4326,경기도 김포시 운양동 1340-7,운양동,경기도,김포시,,운양동,운양동,4157058000,1340-7,한강신도시 반도유보라 6차 901동,single_parcel,1,1,,0.0,1.83,vworld_geocoder_2.0,2026-09-03T02:12:01.868065+00:00,Realtime query. Not stored per VWorld TOS.,parcel_centroid,,0.0,,,False,
A10026523,미사강변리슈빌NHF,경기도 하남시 선동 445,경기도 하남시 선동 445,full_parcel,PARCEL,OK,37.57277587369848,127.1806150761287,EPSG:4326,경기도 하남시 선동 445,선동,경기도,하남시,,선동,미사2동,4145062000,445,미사강변리슈빌엔에이치에프 주민복지관1,single_parcel,1,1,,0.0,1.56,vworld_geocoder_2.0,2026-09-03T02:12:02.503128+00:00,Realtime query. Not stored per VWorld TOS.,parcel_centroid,,0.0,,,False,
A10026529,한강신도시 반도유보라4차아파트,경기도 김포시 구래동 6886-6,경기도 김포시 구래동 6886-6,full_parcel,PARCEL,OK,37.646285651035086,126.63011553415583,EPSG:4326,경기도 김포시 구래동 6886-6,구래동,경기도,김포시,,구래동,구래동,4157057000,6886-6,한강신도시 반도유보라 4차 101동,single_parcel,1,1,,0.0,4.13,vworld_geocoder_2.0,2026-09-03T02:12:03.112342+00:00,Realtime query. Not stored per VWorld TOS.,parcel_centroid,,0.0,,,False,
A10026555,이랜드타운힐스아파트,경기도 김포시 운양동 1304-1,경기도 김포시 운양동 1304-1,full_parcel,PARCEL,OK,37.65452245449799,126.67671377522352,EPSG:4326,경기도 김포시 운양동 1304-1,운양동,경기도,김포시,,운양동,운양동,4157058000,1304-1,김포한강 이랜드 타운힐스 101동,single_parcel,1,1,,0.0,1.94,vworld_geocoder_2.0,2026-09-03T02:12:03.757368+00:00,Realtime query. Not stored per VWorld TOS.,parcel_centroid,,0.0,,,False,
A10026562,다산한양수자인리버팰리스,경기도 남양주시 다산동 6024,경기도 남양주시 다산동 6024,full_parcel,PARCEL,OK,37.62541411166309,127.14600238584116,EPSG:4326,경기도 남양주시 다산동 6024,다산동,경기도,남양주시,,다산동,다산1동,4136054500,6024,다산 한양수자인 리버팰리스 상가2,single_parcel,1,1,,0.0,0.59,vworld_geocoder_2.0,2026-09-03T02:12:04.431702+00:00,Realtime query. Not stored per VWorld TOS.,parcel_centroid,,0.0,,,False,
A10026580,다산아이파크,경기도 남양주시 다산동 5808-1,경기도 남양주시 다산순환로 333,fallback_road,ROAD,OK,37.626972963319,127.15637733803234,EPSG:4326,"경기도 남양주시 다산순환로 333 (다산동,다산아이파크)",다산동,경기도,남양주시,다산동,다산순환로,다산1동,4136054500,333,다산아이파크 2401동,single_parcel,1,1,,0.0,0.56,vworld_geocoder_2.0,2026-09-03T02:12:05.763245+00:00,Realtime query. Not stored per VWorld TOS.,building_entrance,,0.0,,,False,
A10026587,레이크반도유보라아이비파크9.0,경기도 화성동탄구 장지동 1009,경기도 화성시 동탄구 장지동 1009,full_parcel,PARCEL,OK,37.16243701111719,127.11725225063822,EPSG:4326,경기도 화성시 동탄구 장지동 1009,장지동,경기도,화성시 동탄구,,장지동,동탄8동,4159758000,1009,레이크 반도유보라 아이비파크 9.0 3401동,single_parcel,1,1,,0.0,1.08,vworld_geocoder_2.0,2026-09-03T02:12:06.446579+00:00,Realtime query. Not stored per VWorld TOS.,parcel_centroid,,0.0,,,False,
A10026598,이편한세상 다산,경기도 남양주시 다산동 3646-1,경기도 남양주시 다산중앙로82번길 15,fallback_road,ROAD,OK,37.62177513609919,127.1555747771396,EPSG:4326,,다산동,경기도,남양주시,다산동,다산중앙로82번길,다산1동,4136054500,15,다산 자연& e편한세상 5101동,centroid,2,2,,161.0,0.34,vworld_geocoder_2.0,2026-09-03T02:12:08.742381+00:00,Realtime query. Not stored per VWorld TOS.,centroid_of_2,,0.0,,,False,
A10026600,다산 롯데캐슬아파트,경기도 남양주시 다산동 5869-2,경기도 남양주시 다산중앙로146번길 7,fallback_road,ROAD,OK,37.62652616421879,127.15438631427682,EPSG:4326,"경기도 남양주시 다산중앙로146번길 7 (다산동,다산 자연앤롯데캐슬)",다산동,경기도,남양주시,다산동,다산중앙로146번길,다산1동,4136054500,7,다산 자연앤롯데캐슬 2201동,single_parcel,1,1,,0.0,0.42,vworld_geocoder_2.0,2026-09-03T02:12:09.782841+00:00,Realtime query. Not stored per VWorld TOS.,building_entrance,,0.0,,,False,
A10026608,한강신도시리버에일린의 뜰,경기도 김포시 운양동 1305-1,경기도 김포시 운양동 1305-1,full_parcel,PARCEL,OK,37.65368205206354,126.67268552414316,EPSG:4326,경기도 김포시 운양동 1305-1,운양동,경기도,김포시,,운양동,운양동,4157058000,1305-1,한강신도시리버에일린의뜰 601동,single_parcel,1,1,,0.0,1.87,vworld_geocoder_2.0,2026-09-03T02:12:10.349172+00:00,Realtime query. Not stored per VWorld TOS.,parcel_centroid,,0.0,,,False,
A10026619,미사 레스티아 아파트,경기도 하남시 망월동 1177,경기도 하남시 망월동 1177,full_parcel,PARCEL,OK,37.557735448569744,127.19795831793206,EPSG:4326,경기도 하남시 망월동 1177,망월동,경기도,하남시,,망월동,미사1동,4145061000,1177,미사 레스티아 아파트 3101동,single_parcel,1,1,,0.0,0.86,vworld_geocoder_2.0,2026-09-03T02:12:10.885555+00:00,Realtime query. Not stored per VWorld TOS.,parcel_centroid,,0.0,,,False,
A10026623,e편한세상 테라스위례,경기도 성남수정구 창곡동 283-1,경기도 성남시 수정구 위례동이로 24,fallback_road,ROAD,OK,37.466829066577766,127.15249893147086,EPSG:4326,"경기도 성남시 수정구 위례동이로 24 (창곡동,이편한세상테라스위례)",창곡동,경기도,성남시 수정구,창곡동,위례동이로,위례동,4113162500,24,이편한세상테라스위례 5901동,single_parcel,1,1,,0.0,1.14,vworld_geocoder_2.0,2026-09-03T02:12:11.926593+00:00,Realtime query. Not stored per VWorld TOS.,building_entrance,,0.0,,,False,
A10026654,김포한강신도시 모아엘가 2차아파트,경기도 김포시 구래동 6888-6,경기도 김포시 구래동 6888-6,full_parcel,PARCEL,OK,37.63860187609394,126.62984872417888,EPSG:4326,경기도 김포시 구래동 6888-6,구래동,경기도,김포시,,구래동,구래동,4157057000,6888-6,김포한강신도시 모아엘가2차 아파트 401,single_parcel,1,1,,0.0,4.03,vworld_geocoder_2.0,2026-09-03T02:12:12.754319+00:00,Realtime query. Not stored per VWorld TOS.,parcel_centroid,,0.0,,,False,
A10026682,위례포레샤인아파트,서울특별시 송파구 장지동 905,서울특별시 송파구 장지동 905,full_parcel,PARCEL,OK,37.47651631318344,127.13528189064864,EPSG:4326,서울특별시 송파구 장지동 905,장지동,서울특별시,송파구,,장지동,위례동,1171064700,905,위례포레샤인23단지 2310동,single_parcel,1,1,,0.0,0.74,vworld_geocoder_2.0,2026-09-03T02:12:13.574356+00:00,Realtime query. Not stored per VWorld TOS.,parcel_centroid,,0.0,,,False,
A10026707,미사강변더샵센트럴포레아파트,경기도 하남시 풍산동 486,경기도 하남시 풍산동 486,full_parcel,PARCEL,OK,37.55470548140808,127.18483596174342,EPSG:4326,경기도 하남시 풍산동 486,풍산동,경기도,하남시,,풍산동,미사3동,4145063000,486,미사강변 더샵 센트럴포레 2301동,single_parcel,1,1,,0.0,0.72,vworld_geocoder_2.0,2026-09-03T02:12:14.219455+00:00,Realtime query. Not stored per VWorld TOS.,parcel_centroid,,0.0,,,False,
A10026740,동탄역 센트럴예미지 아파트,경기도 화성동탄구 영천동 670,경기도 화성시 동탄구 영천동 670,full_parcel,PARCEL,OK,37.20666492743895,127.10510194235036,EPSG:4326,경기도 화성시 동탄구 영천동 670,영천동,경기도,화성시 동탄구,,영천동,동탄5동,4159755000,670,동탄역 센트럴 예미지 621동,single_parcel,1,1,,0.0,4.04,vworld_geocoder_2.0,2026-09-03T02:12:14.845523+00:00,Realtime query. Not stored per VWorld TOS.,parcel_centroid,,0.0,,,False,
A10026763,김포한강신도시 레이크에일린의 뜰,경기도 김포시 마산동 616-3,경기도 김포시 마산동 616-3,full_parcel,PARCEL,OK,37.6434921126659,126.6383940549568,EPSG:4326,경기도 김포시 마산동 616-3,마산동,경기도,김포시,,마산동,마산동,4157057500,616-3,한강신도시레이크에일린의뜰 101동,single_parcel,1,1,,0.0,3.35,vworld_geocoder_2.0,2026-09-03T02:12:15.407124+00:00,Realtime query. Not stored per VWorld TOS.,parcel_centroid,,0.0,,,False,
A10026773,한강센트럴블루힐,경기도 김포시 마산동 637-3,경기도 김포시 마산동 637-3,full_parcel,PARCEL,OK,37.63592722545143,126.630666828795,EPSG:4326,경기도 김포시 마산동 637-3,마산동,경기도,김포시,,마산동,마산동,4157057500,637-3,한강센트럴블루힐 501동,single_parcel,1,1,,0.0,3.96,vworld_geocoder_2.0,2026-09-03T02:12:16.047720+00:00,Realtime query. Not stored per VWorld TOS.,parcel_centroid,,0.0,,,False,
A10026774,동탄역 반도유보라아이비파크6차,경기도 화성동탄구 여울동 972,경기도 화성시 동탄구 여울동 972,full_parcel,PARCEL,OK,37.20408159009904,127.09110807160468,EPSG:4326,경기도 화성시 동탄구 여울동 972,여울동,경기도,화성시 동탄구,,여울동,동탄6동,4159756000,972,동탄역 반도유보라 아이비파크6.0 801동,single_parcel,1,1,,0.0,4.1,vworld_geocoder_2.0,2026-09-03T02:12:16.630210+00:00,Realtime query. Not stored per VWorld TOS.,parcel_centroid,,0.0,,,False,
A10026777,LH위례31단지,경기도 성남수정구 창곡동 500,경기도 성남시 수정구 창곡동 500,full_parcel,PARCEL,OK,37.47288933968176,127.13474782846384,EPSG:4326,경기도 성남시 수정구 창곡동 500,창곡동,경기도,성남시 수정구,,창곡동,위례동,4113162500,500,위례31단지 3112동,single_parcel,1,1,,0.0,0.58,vworld_geocoder_2.0,2026-09-03T02:12:17.208489+00:00,Realtime query. Not stored per VWorld TOS.,parcel_centroid,,0.0,,,False,
A10026784,미사강변해링턴플레이스아파트,경기도 하남시 망월동 1170,경기도 하남시 망월동 1170,full_parcel,PARCEL,OK,37.561466734544645,127.19854384867452,EPSG:4326,경기도 하남시 망월동 1170,망월동,경기도,하남시,,망월동,미사1동,4145061000,1170,미사강변효성해링턴플레이스엔에이치에프 상가1동,single_parcel,1,1,,0.0,0.87,vworld_geocoder_2.0,2026-09-03T02:12:17.765116+00:00,Realtime query. Not stored per VWorld TOS.,parcel_centroid,,0.0,,,False,
A10026805,동탄역 반도유보라아이비파크5차,경기도 화성동탄구 여울동 988,경기도 화성시 동탄구 여울동 988,full_parcel,PARCEL,OK,37.19516233179718,127.09109186880958,EPSG:4326,경기도 화성시 동탄구 여울동 988,여울동,경기도,화성시 동탄구,,여울동,동탄6동,4159756000,988,동탄역 반도유보라 아이비파크5.0 1501동,single_parcel,1,1,,0.0,3.23,vworld_geocoder_2.0,2026-09-03T02:12:18.320169+00:00,Realtime query. Not stored per VWorld TOS.,parcel_centroid,,0.0,,,False,
A10026806,미사강변리버뷰자이,경기도 하남시 선동 455,경기도 하남시 선동 455,full_parcel,PARCEL,OK,37.574265471293806,127.17754127008844,EPSG:4326,경기도 하남시 선동 455,선동,경기도,하남시,,선동,미사2동,4145062000,455,미사강변리버뷰자이 101동,single_parcel,1,1,,0.0,1.84,vworld_geocoder_2.0,2026-09-03T02:12:18.914155+00:00,Realtime query. Not stored per VWorld TOS.,parcel_centroid,,0.0,,,False,
A10026825,김포e편한세상캐널시티주상복합,경기도 김포시 장기동 2031,경기도 김포시 장기동 2031,full_parcel,PARCEL,OK,37.64059358035448,126.67746352611024,EPSG:4326,경기도 김포시 장기동 2031,장기동,경기도,김포시,,장기동,장기동,4157056000,2031,e편한세상 캐널시티 501동,single_parcel,1,1,,0.0,0.43,vworld_geocoder_2.0,2026-09-03T02:12:19.510627+00:00,Realtime query. Not stored per VWorld TOS.,parcel_centroid,,0.0,,,False,
A10026888,동탄역센트럴상록아파트,경기도 화성동탄구 영천동 662,경기도 화성시 동탄구 영천동 662,full_parcel,PARCEL,OK,37.20824441660175,127.10105736361524,EPSG:4326,경기도 화성시 동탄구 영천동 662,영천동,경기도,화성시 동탄구,,영천동,동탄5동,4159755000,662,동탄역 센트럴상록 아파트 631동,single_parcel,1,1,,0.0,4.27,vworld_geocoder_2.0,2026-09-03T02:12:20.065866+00:00,Realtime query. Not stored per VWorld TOS.,parcel_centroid,,0.0,,,False,
A10026909,동탄역시범 금강펜테리움 센트럴파크3,경기도 화성동탄구 청계동 514,경기도 화성시 동탄구 청계동 514,full_parcel,PARCEL,OK,37.20141782360401,127.10344920929045,EPSG:4326,경기도 화성시 동탄구 청계동 514,청계동,경기도,화성시 동탄구,,청계동,동탄4동,4159754000,514,동탄역 시범 금강펜테리움 센트럴파크 3 941동,single_parcel,1,1,,0.0,3.49,vworld_geocoder_2.0,2026-09-03T02:12:20.658136+00:00,Realtime query. Not stored per VWorld TOS.,parcel_centroid,,0.0,,,False,
A10026944,위례센트럴자이,경기도 성남수정구 창곡동 504,경기도 성남시 수정구 창곡동 504,full_parcel,PARCEL,OK,37.47324537809553,127.13909007428974,EPSG:4326,경기도 성남시 수정구 창곡동 504,창곡동,경기도,성남시 수정구,,창곡동,위례동,4113162500,504,위례센트럴자이 3205동,single_parcel,1,1,,0.0,0.24,vworld_geocoder_2.0,2026-09-03T02:12:21.158452+00:00,Realtime query. Not stored per VWorld TOS.,parcel_centroid,,0.0,,,False,
A10026957,동탄역푸르지오,경기도 화성동탄구 영천동 321-1,경기도 화성시 동탄순환대로 881-10,fallback_road,ROAD,OK,37.20875742277264,127.0890507736576,EPSG:4326,"경기도 화성시 동탄구 동탄순환대로 881-10 (영천동,동탄역 푸르지오)",영천동,경기도,화성시 동탄구,영천동,동탄순환대로,동탄5동,4159755000,881-10,동탄역 푸르지오 701동,single_parcel,1,1,,0.0,4.65,vworld_geocoder_2.0,2026-09-03T02:12:22.129042+00:00,Realtime query. Not stored per VWorld TOS.,building_entrance,,0.0,,,False,
A10026985,동탄 호반써밋포레,경기도 화성동탄구 목동 494,경기도 화성시 동탄구 목동 494,full_parcel,PARCEL,OK,37.18078599237128,127.11738658548104,EPSG:4326,경기도 화성시 동탄구 목동 494,목동,경기도,화성시 동탄구,,목동,동탄9동,4159759000,494,호반베르디움 센트럴포레 1901동,single_parcel,1,1,,0.0,1.29,vworld_geocoder_2.0,2026-09-03T02:12:22.725478+00:00,Realtime query. Not stored per VWorld TOS.,parcel_centroid,,0.0,,,False,
A10027014,한강신도시3차푸르지오,경기도 김포시 구래동 6895-2,경기도 김포시 구래동 6895-2,full_parcel,PARCEL,OK,37.64119180527699,126.62298249705884,EPSG:4326,경기도 김포시 구래동 6895-2,구래동,경기도,김포시,,구래동,구래동,4157057000,6895-2,한강신도시 3차 푸르지오 501동,single_parcel,1,1,,0.0,4.65,vworld_geocoder_2.0,2026-09-03T02:12:23.825579+00:00,Realtime query. Not stored per VWorld TOS.,parcel_centroid,,0.0,,,False,
A10027017,하늘빛마을 한신더휴테라스 8블럭,경기도 김포시 운양동 1339-1,경기도 김포시 운양동 1339-1,full_parcel,PARCEL,OK,37.65410067571857,126.6868867448482,EPSG:4326,경기도 김포시 운양동 1339-1,운양동,경기도,김포시,,운양동,운양동,4157058000,1339-1,한신더휴 테라스 8 801동,single_parcel,1,1,,0.0,2.14,vworld_geocoder_2.0,2026-09-03T02:12:24.371521+00:00,Realtime query. Not stored per VWorld TOS.,parcel_centroid,,0.0,,,False,
A10027030,한신더휴테라스12BL아파트,경기도 김포시 운양동 1288-1,경기도 김포시 운양동 1288-1,full_parcel,PARCEL,OK,37.65068856328031,126.69516858785462,EPSG:4326,경기도 김포시 운양동 1288-1,운양동,경기도,김포시,,운양동,운양동,4157058000,1288-1,1201동,single_parcel,1,1,,0.0,2.3,vworld_geocoder_2.0,2026-09-03T02:12:24.890657+00:00,Realtime query. Not stored per VWorld TOS.,parcel_centroid,,0.0,,,False,
A10027062,한강신도시 반도유보라3차,경기도 김포시 마산동 640-5,경기도 김포시 마산동 640-5,full_parcel,PARCEL,OK,37.638481338220416,126.64264653082182,EPSG:4326,경기도 김포시 마산동 640-5,마산동,경기도,김포시,,마산동,마산동,4157057500,640-5,한강신도시 반도유보라3차 101동,single_parcel,1,1,,0.0,2.9,vworld_geocoder_2.0,2026-09-03T02:12:25.539824+00:00,Realtime query. Not stored per VWorld TOS.,parcel_centroid,,0.0,,,False,
A10027070,신안인스빌아스트로,경기도 하남시 학암동 663,경기도 하남시 학암동 663,full_parcel,PARCEL,OK,37.47501577289077,127.14520910156996,EPSG:4326,경기도 하남시 학암동 663,학암동,경기도,하남시,,학암동,위례동,4145058500,663,위례신도시신안인스빌아스트로 6201동,single_parcel,1,1,,0.0,0.5,vworld_geocoder_2.0,2026-09-03T02:12:26.079951+00:00,Realtime query. Not stored per VWorld TOS.,parcel_centroid,,0.0,,,False,
A10027079,하늘빛마을 한신더휴테라스 11블럭,경기도 김포시 운양동 1337-1,경기도 김포시 운양동 1337-1,full_parcel,PARCEL,OK,37.65138503184512,126.69295763515235,EPSG:4326,경기도 김포시 운양동 1337-1,운양동,경기도,김포시,,운양동,운양동,4157058000,1337-1,한신더휴 테라스 11 1101동,single_parcel,1,1,,0.0,2.21,vworld_geocoder_2.0,2026-09-03T02:12:26.584752+00:00,Realtime query. Not stored per VWorld TOS.,parcel_centroid,,0.0,,,False,
A10027093,한신더휴테라스 9블럭,경기도 김포시 운양동 1293-4,경기도 김포시 운양동 1293-4,full_parcel,PARCEL,OK,37.65292444522258,126.69148107101064,EPSG:4326,경기도 김포시 운양동 1293-4,운양동,경기도,김포시,,운양동,운양동,4157058000,1293-4,901동,single_parcel,1,1,,0.0,2.25,vworld_geocoder_2.0,2026-09-03T02:12:27.122454+00:00,Realtime query. Not stored per VWorld TOS.,parcel_centroid,,0.0,,,False,
A10027095,센트럴힐즈 동탄아파트,경기도 화성동탄구 여울동 40,경기도 화성시 동탄대로12길 71,fallback_road,ROAD,OK,37.18142203493532,127.11043913931364,EPSG:4326,"경기도 화성시 동탄구 동탄대로12길 71 (여울동,화성동탄2센트럴힐즈동탄아파트)",여울동,경기도,화성시 동탄구,여울동,동탄대로12길,동탄6동,4159756000,71,화성동탄2센트럴힐즈동탄아파트 1841동,single_parcel,1,1,,0.0,1.21,vworld_geocoder_2.0,2026-09-03T02:12:28.112471+00:00,Realtime query. Not stored per VWorld TOS.,building_entrance,,0.0,,,False,
A10027116,미사강변센트럴자이,경기도 하남시 풍산동 480,경기도 하남시 풍산동 480,full_parcel,PARCEL,OK,37.55779900381539,127.1860762149859,EPSG:4326,경기도 하남시 풍산동 480,풍산동,경기도,하남시,,풍산동,미사3동,4145063000,480,미사강변센트럴자이 101동,single_parcel,1,1,,0.0,0.37,vworld_geocoder_2.0,2026-09-03T02:12:28.680140+00:00,Realtime query. Not stored per VWorld TOS.,parcel_centroid,,0.0,,,False,
A10027117,동탄역더힐아파트,경기도 화성동탄구 청계동 556,경기도 화성시 동탄구 청계동 556,full_parcel,PARCEL,OK,37.19840520632029,127.120159063524,EPSG:4326,경기도 화성시 동탄구 청계동 556,청계동,경기도,화성시 동탄구,,청계동,동탄4동,4159754000,556,동탄역 더 힐 1251동,single_parcel,1,1,,0.0,3.21,vworld_geocoder_2.0,2026-09-03T02:12:29.283771+00:00,Realtime query. Not stored per VWorld TOS.,parcel_centroid,,0.0,,,False,
A10027122,동탄역 포레너스 입주자대표회의,경기도 화성동탄구 영천동 720,경기도 화성시 동탄구 영천동 720,full_parcel,PARCEL,OK,37.206426535668825,127.11628673681072,EPSG:4326,경기도 화성시 동탄구 영천동 720,영천동,경기도,화성시 동탄구,,영천동,동탄5동,4159755000,720,동탄역 포레너스 471동,single_parcel,1,1,,0.0,4.02,vworld_geocoder_2.0,2026-09-03T02:12:29.802111+00:00,Realtime query. Not stored per VWorld TOS.,parcel_centroid,,0.0,,,False,
A10027133,동탄2 LH C26단지 행복주택,경기도 화성동탄구 여울동 1017,경기도 화성시 동탄구 여울동 1017,full_parcel,PARCEL,OK,37.18610197651383,127.09147330698292,EPSG:4326,경기도 화성시 동탄구 여울동 1017,여울동,경기도,화성시 동탄구,,여울동,동탄6동,4159756000,1017,동탄2엘에이치씨26단지 씨2601동,single_parcel,1,1,,0.0,2.41,vworld_geocoder_2.0,2026-09-03T02:12:30.349562+00:00,Realtime query. Not stored per VWorld TOS.,parcel_centroid,,0.0,,,False,
A10027180,미사강변스타힐스,경기도 하남시 망월동 956,경기도 하남시 망월동 956,full_parcel,PARCEL,OK,37.57116533230729,127.18486804813926,EPSG:4326,경기도 하남시 망월동 956,망월동,경기도,하남시,,망월동,미사2동,4145062000,956,미사강변도시8단지 801동,single_parcel,1,1,,0.0,1.25,vworld_geocoder_2.0,2026-09-03T02:12:30.869728+00:00,Realtime query. Not stored per VWorld TOS.,parcel_centroid,,0.0,,,False,
A10027199,한강센트럴자이1단지,경기도 김포시 장기동 2128-1,경기도 김포시 태장로 845,fallback_road,ROAD,OK,37.63579746635371,126.6771421912751,EPSG:4326,"경기도 김포시 태장로 845 (장기동,한강센트럴자이1단지)",장기동,경기도,김포시,장기동,태장로,장기동,4157056000,845,한강센트럴자이1단지 101동,single_parcel,1,1,,0.0,0.2,vworld_geocoder_2.0,2026-09-03T02:12:31.799334+00:00,Realtime query. Not stored per VWorld TOS.,building_entrance,,0.0,,,False,
A10027257,동탄역에일린의 뜰,경기도 화성동탄구 여울동 998,경기도 화성시 동탄구 여울동 998,full_parcel,PARCEL,OK,37.18923512249713,127.08701969604373,EPSG:4326,경기도 화성시 동탄구 여울동 998,여울동,경기도,화성시 동탄구,,여울동,동탄6동,4159756000,998,동탄역 에일린의 뜰 1608동,single_parcel,1,1,,0.0,2.94,vworld_geocoder_2.0,2026-09-03T02:12:32.374898+00:00,Realtime query. Not stored per VWorld TOS.,parcel_centroid,,0.0,,,False,
A10027277,위례호반써밋에비뉴,경기도 성남수정구 창곡동 515,경기도 성남시 수정구 창곡동 515,full_parcel,PARCEL,OK,37.47267618111388,127.15238745722948,EPSG:4326,경기도 성남시 수정구 창곡동 515,창곡동,경기도,성남시 수정구,,창곡동,위례동,4113162500,515,위례 호반써밋 에비뉴 5301,single_parcel,1,1,,0.0,0.99,vworld_geocoder_2.0,2026-09-03T02:12:32.902413+00:00,Realtime query. Not stored per VWorld TOS.,parcel_centroid,,0.0,,,False,
A10027281,동탄2신도시 하우스디 더 레이크,경기도 화성동탄구 송동 693,경기도 화성시 동탄구 송동 693,full_parcel,PARCEL,OK,37.17441164317374,127.10403721344336,EPSG:4326,경기도 화성시 동탄구 송동 693,송동,경기도,화성시 동탄구,,송동,동탄7동,4159757000,693,동탄2신도시 하우스디 더 레이크 2624동,single_parcel,1,1,,0.0,0.71,vworld_geocoder_2.0,2026-09-03T02:12:33.429504+00:00,Realtime query. Not stored per VWorld TOS.,parcel_centroid,,0.0,,,False,
A10027291,동탄2 LH26단지(65BL)아파트,경기도 화성동탄구 송동 692,경기도 화성시 동탄구 송동 692,full_parcel,PARCEL,OK,37.17646046936808,127.10347703814244,EPSG:4326,경기도 화성시 동탄구 송동 692,송동,경기도,화성시 동탄구,,송동,동탄7동,4159757000,692,동탄2엘에이치26단지아파트(에이65블록) 2603동,single_parcel,1,1,,0.0,0.9,vworld_geocoder_2.0,2026-09-03T02:12:33.991207+00:00,Realtime query. Not stored per VWorld TOS.,parcel_centroid,,0.0,,,False,
A10027308,미사강변도시26단지아파트,경기도 하남시 풍산동 567,경기도 하남시 풍산동 567,full_parcel,PARCEL,OK,37.55626056626198,127.19342151108422,EPSG:4326,경기도 하남시 풍산동 567,풍산동,경기도,하남시,,풍산동,미사3동,4145063000,567,미사강변도시26단지 2601동,single_parcel,1,1,,0.0,0.61,vworld_geocoder_2.0,2026-09-03T02:12:34.526700+00:00,Realtime query. Not stored per VWorld TOS.,parcel_centroid,,0.0,,,False,
A10027334,신안인스빌리베라2차아파트,경기도 화성동탄구 청계동 547,경기도 화성시 동탄구 청계동 547,full_parcel,PARCEL,OK,37.20084061733635,127.11658085484012,EPSG:4326,경기도 화성시 동탄구 청계동 547,청계동,경기도,화성시 동탄구,,청계동,동탄4동,4159754000,547,동탄역신안인스빌리베라2차 1116동,single_parcel,1,1,,0.0,3.41,vworld_geocoder_2.0,2026-09-03T02:12:35.066630+00:00,Realtime query. Not stored per VWorld TOS.,parcel_centroid,,0.0,,,False,
A10027335,위례자이아파트,경기도 성남수정구 창곡동 531,경기도 성남시 수정구 창곡동 531,full_parcel,PARCEL,OK,37.47031132854037,127.13890748938503,EPSG:4326,경기도 성남시 수정구 창곡동 531,창곡동,경기도,성남시 수정구,,창곡동,위례동,4113162500,531,위례자이 3301동,single_parcel,1,1,,0.0,0.26,vworld_geocoder_2.0,2026-09-03T02:12:35.583889+00:00,Realtime query. Not stored per VWorld TOS.,parcel_centroid,,0.0,,,False,
A10027344,미사강변센트리버,경기도 하남시 선동 436,경기도 하남시 선동 436,full_parcel,PARCEL,OK,37.5738035228086,127.18325510254638,EPSG:4326,경기도 하남시 선동 436,선동,경기도,하남시,,선동,미사2동,4145062000,436,미사강변 센트리버 702동,single_parcel,1,1,,0.0,1.58,vworld_geocoder_2.0,2026-09-03T02:12:36.124818+00:00,Realtime query. Not stored per VWorld TOS.,parcel_centroid,,0.0,,,False,
A10027359,미사강변2차푸르지오,경기도 하남시 선동 433,경기도 하남시 선동 433,full_parcel,PARCEL,OK,37.57563768308795,127.18305778585064,EPSG:4326,경기도 하남시 선동 433,선동,경기도,하남시,,선동,미사2동,4145062000,433,미사강변 2차 푸르지오 101동,single_parcel,1,1,,0.0,1.78,vworld_geocoder_2.0,2026-09-03T02:12:36.636254+00:00,Realtime query. Not stored per VWorld TOS.,parcel_centroid,,0.0,,,False,
A10027368,하남 더샵 센트럴뷰,경기도 하남시 덕풍동 946,경기도 하남시 덕풍동 946,full_parcel,PARCEL,OK,37.54443567983016,127.20369220462008,EPSG:4326,경기도 하남시 덕풍동 946,덕풍동,경기도,하남시,,덕풍동,덕풍3동,4145056000,946,하남더샵센트럴뷰 101동,single_parcel,1,1,,0.0,2.2,vworld_geocoder_2.0,2026-09-03T02:12:37.149184+00:00,Realtime query. Not stored per VWorld TOS.,parcel_centroid,,0.0,,,False,
A10027369,위례 래미안이편한세상,경기도 성남수정구 창곡동 567,경기도 성남시 수정구 창곡동 567,full_parcel,PARCEL,OK,37.4669480531235,127.14656983605371,EPSG:4326,경기도 성남시 수정구 창곡동 567,창곡동,경기도,성남시 수정구,,창곡동,위례동,4113162500,567,위례 래미안이편한세상 5601동,single_parcel,1,1,,0.0,0.72,vworld_geocoder_2.0,2026-09-03T02:12:37.686796+00:00,Realtime query. Not stored per VWorld TOS.,parcel_centroid,,0.0,,,False,
A10027379,미사강변 센텀팰리스,경기도 하남시 망월동 1050,경기도 하남시 망월동 1050,full_parcel,PARCEL,OK,37.56101900093024,127.18317436812686,EPSG:4326,경기도 하남시 망월동 1050,망월동,경기도,하남시,,망월동,미사1동,4145061000,1050,미사강변 센텀팰리스(Centum palace) 상가1동,single_parcel,1,1,,0.0,0.5,vworld_geocoder_2.0,2026-09-03T02:12:38.201074+00:00,Realtime query. Not stored per VWorld TOS.,parcel_centroid,,0.0,,,False,
A10027385,미사강변 더샵리버포레 아파트,경기도 하남시 선동 427,경기도 하남시 선동 427,full_parcel,PARCEL,OK,37.573859105577526,127.18590873847262,EPSG:4326,경기도 하남시 선동 427,선동,경기도,하남시,,선동,미사2동,4145062000,427,미사강변 더샵 리버포레 1001동,single_parcel,1,1,,0.0,1.53,vworld_geocoder_2.0,2026-09-03T02:12:38.740516+00:00,Realtime query. Not stored per VWorld TOS.,parcel_centroid,,0.0,,,False,
A10027386,동탄2 경남아너스빌아파트,경기도 화성동탄구 영천동 677,경기도 화성시 동탄구 영천동 677,full_parcel,PARCEL,OK,37.20500631524028,127.11089009166676,EPSG:4326,경기도 화성시 동탄구 영천동 677,영천동,경기도,화성시 동탄구,,영천동,동탄5동,4159755000,677,동탄역 경남아너스빌 상가동,single_parcel,1,1,,0.0,3.83,vworld_geocoder_2.0,2026-09-03T02:12:39.276310+00:00,Realtime query. Not stored per VWorld TOS.,parcel_centroid,,0.0,,,False,
A10027436,동탄2 금강펜테리움 1차아파트,경기도 화성동탄구 여울동 967-2269,경기도 화성시 동탄대로12길 64,fallback_road,ROAD,OK,37.18102296858813,127.10968951440468,EPSG:4326,"경기도 화성시 동탄구 동탄대로12길 64 (여울동,동탄2신도시 금강펜테리움 센트럴파크Ⅰ)",여울동,경기도,화성시 동탄구,여울동,동탄대로12길,동탄6동,4159756000,64,동탄2신도시 금강펜테리움 센트럴파크Ⅰ 1821동,single_parcel,1,1,,0.0,1.17,vworld_geocoder_2.0,2026-09-03T02:12:40.206293+00:00,Realtime query. Not stored per VWorld TOS.,building_entrance,,0.0,,,False,
A10027461,힐스테이트 송파위례아파트,서울특별시 송파구 장지동 170,서울특별시 송파구 위례광장로 170,fallback_road,ROAD,OK,37.47863765649623,127.14216169284909,EPSG:4326,"서울특별시 송파구 위례광장로 170 (장지동,힐스테이트송파위례)",장지동,서울특별시,송파구,장지동,위례광장로,위례동,1171064700,170,힐스테이트송파위례 101동,single_parcel,1,1,,0.0,0.76,vworld_geocoder_2.0,2026-09-03T02:12:41.184915+00:00,Realtime query. Not stored per VWorld TOS.,building_entrance,,0.0,,,False,
A10027465,동탄2 반도유보라아이비파크3차아파트,경기도 화성동탄구 여울동 474-9,경기도 화성시 동탄대로12길 17,fallback_road,ROAD,OK,37.18190953592563,127.10334734189098,EPSG:4326,"경기도 화성시 동탄구 동탄대로12길 17 (여울동,반도유보라아이비파크3)",여울동,경기도,화성시 동탄구,여울동,동탄대로12길,동탄6동,4159756000,17,반도유보라아이비파크3 1801동,single_parcel,1,1,,0.0,1.41,vworld_geocoder_2.0,2026-09-03T02:12:42.385104+00:00,Realtime query. Not stored per VWorld TOS.,building_entrance,,0.0,,,False,
A10027476,하남미사강변도시17단지,경기도 하남시 망월동 1044,경기도 하남시 망월동 1044,full_parcel,PARCEL,OK,37.56499350626359,127.18127872996064,EPSG:4326,경기도 하남시 망월동 1044,망월동,경기도,하남시,,망월동,미사1동,4145061000,1044,미사강변도시17단지 1701동,single_parcel,1,1,,0.0,0.84,vworld_geocoder_2.0,2026-09-03T02:12:42.880655+00:00,Realtime query. Not stored per VWorld TOS.,parcel_centroid,,0.0,,,False,
A10027505,LH호수마을 5단지아파트,경기도 김포시 구래동 6875-9,경기도 김포시 구래동 6875-9,full_parcel,PARCEL,OK,37.64829454774845,126.63263556572402,EPSG:4326,경기도 김포시 구래동 6875-9,구래동,경기도,김포시,,구래동,구래동,4157057000,6875-9,김포한강엘에이치호수마을5단지 501동,single_parcel,1,1,,0.0,3.98,vworld_geocoder_2.0,2026-09-03T02:12:43.372296+00:00,Realtime query. Not stored per VWorld TOS.,parcel_centroid,,0.0,,,False,
A10027509,위례 LH 35단지,경기도 성남수정구 창곡동 510,경기도 성남시 수정구 창곡동 510,full_parcel,PARCEL,OK,37.47288068941016,127.14507915300553,EPSG:4326,경기도 성남시 수정구 창곡동 510,창곡동,경기도,성남시 수정구,,창곡동,위례동,4113162500,510,위례35단지 3503동,single_parcel,1,1,,0.0,0.36,vworld_geocoder_2.0,2026-09-03T02:12:43.885899+00:00,Realtime query. Not stored per VWorld TOS.,parcel_centroid,,0.0,,,False,
A10027514,미사강변푸르지오,경기도 하남시 망월동 1060,경기도 하남시 망월동 1060,full_parcel,PARCEL,OK,37.56466765695855,127.1841570553683,EPSG:4326,경기도 하남시 망월동 1060,망월동,경기도,하남시,,망월동,미사1동,4145061000,1060,미사강변 푸르지오 101동,single_parcel,1,1,,0.0,0.63,vworld_geocoder_2.0,2026-09-03T02:12:44.395892+00:00,Realtime query. Not stored per VWorld TOS.,parcel_centroid,,0.0,,,False,
A10027537,미사강변 하우스디 더레이크,경기도 하남시 망월동 1062,경기도 하남시 망월동 1062,full_parcel,PARCEL,OK,37.56208121729164,127.18526598068428,EPSG:4326,경기도 하남시 망월동 1062,망월동,경기도,하남시,,망월동,미사1동,4145061000,1062,미사강변 하우스디 더 레이크 1901동,single_parcel,1,1,,0.0,0.37,vworld_geocoder_2.0,2026-09-03T02:12:44.933683+00:00,Realtime query. Not stored per VWorld TOS.,parcel_centroid,,0.0,,,False,
A10027546,위례 센트로엘 아파트,경기도 하남시 학암동 662,경기도 하남시 학암동 662,full_parcel,PARCEL,OK,37.476488647996,127.14555030610596,EPSG:4326,경기도 하남시 학암동 662,학암동,경기도,하남시,,학암동,위례동,4145058500,662,위례 센트로엘 6101동,single_parcel,1,1,,0.0,0.65,vworld_geocoder_2.0,2026-09-03T02:12:45.458537+00:00,Realtime query. Not stored per VWorld TOS.,parcel_centroid,,0.0,,,False,
A10027552,미사강변 동원로얄듀크아파트,경기도 하남시 풍산동 477,경기도 하남시 풍산동 477,full_parcel,PARCEL,OK,37.55449712130013,127.18277156890868,EPSG:4326,경기도 하남시 풍산동 477,풍산동,경기도,하남시,,풍산동,미사3동,4145063000,477,미사강변동원로얄듀크 2201동,single_parcel,1,1,,0.0,0.84,vworld_geocoder_2.0,2026-09-03T02:12:45.965957+00:00,Realtime query. Not stored per VWorld TOS.,parcel_centroid,,0.0,,,False,
A10027553,위례2차아이파크아파트,서울특별시 송파구 장지동 884,서울특별시 송파구 장지동 884,full_parcel,PARCEL,OK,37.47956647712746,127.14371452755849,EPSG:4326,서울특별시 송파구 장지동 884,장지동,서울특별시,송파구,,장지동,위례동,1171064700,884,위례2차아이파크 201동,single_parcel,1,1,,0.0,0.89,vworld_geocoder_2.0,2026-09-03T02:12:46.534805+00:00,Realtime query. Not stored per VWorld TOS.,parcel_centroid,,0.0,,,False,
A10027595,위례센트럴푸르지오,경기도 성남수정구 창곡동 519,경기도 성남시 수정구 창곡동 519,full_parcel,PARCEL,OK,37.47086951507727,127.1527047169939,EPSG:4326,경기도 성남시 수정구 창곡동 519,창곡동,경기도,성남시 수정구,,창곡동,위례동,4113162500,519,위례 센트럴 푸르지오 5401동,single_parcel,1,1,,0.0,1.02,vworld_geocoder_2.0,2026-09-03T02:12:47.058810+00:00,Realtime query. Not stored per VWorld TOS.,parcel_centroid,,0.0,,,False,
A10027606,동탄역반도유보라아이비파크2.0 아파트,경기도 화성동탄구 영천동 716,경기도 화성시 동탄구 영천동 716,full_parcel,PARCEL,OK,37.20935611097153,127.11710623523211,EPSG:4326,경기도 화성시 동탄구 영천동 716,영천동,경기도,화성시 동탄구,,영천동,동탄5동,4159755000,716,동탄역반도유보라아이비파크2.0 402동,single_parcel,1,1,,0.0,4.36,vworld_geocoder_2.0,2026-09-03T02:12:47.648179+00:00,Realtime query. Not stored per VWorld TOS.,parcel_centroid,,0.0,,,False,
A10027631,한강신도시 운양역 푸르지오,경기도 김포시 운양동 1306-2,경기도 김포시 운양동 1306-2,full_parcel,PARCEL,OK,37.65238583852942,126.68130134391468,EPSG:4326,경기도 김포시 운양동 1306-2,운양동,경기도,김포시,,운양동,운양동,4157058000,1306-2,한강신도시 운양 푸르지오 801동,single_parcel,1,1,,0.0,1.78,vworld_geocoder_2.0,2026-09-03T02:12:48.227638+00:00,Realtime query. Not stored per VWorld TOS.,parcel_centroid,,0.0,,,False,
A10027632,송파 와이즈더샵,서울특별시 송파구 장지동 895,서울특별시 송파구 장지동 895,full_parcel,PARCEL,OK,37.47638909310709,127.14345176792108,EPSG:4326,서울특별시 송파구 장지동 895,장지동,서울특별시,송파구,,장지동,위례동,1171064700,895,송파와이즈더샵 101동,single_parcel,1,1,,0.0,0.55,vworld_geocoder_2.0,2026-09-03T02:12:48.829159+00:00,Realtime query. Not stored per VWorld TOS.,parcel_centroid,,0.0,,,False,
A10027646,동탄역 신안인스빌리베라,경기도 화성동탄구 청계동 545,경기도 화성시 동탄구 청계동 545,full_parcel,PARCEL,OK,37.19392318393105,127.11791732220036,EPSG:4326,경기도 화성시 동탄구 청계동 545,청계동,경기도,화성시 동탄구,,청계동,동탄4동,4159754000,545,동탄역 신안인스빌리베라 1341동,single_parcel,1,1,,0.0,2.68,vworld_geocoder_2.0,2026-09-03T02:12:49.395125+00:00,Realtime query. Not stored per VWorld TOS.,parcel_centroid,,0.0,,,False,
A10027686,위례롯데캐슬아파트,경기도 하남시 학암동 672,경기도 하남시 학암동 672,full_parcel,PARCEL,OK,37.47532702141247,127.15238506912712,EPSG:4326,경기도 하남시 학암동 672,학암동,경기도,하남시,,학암동,위례동,4145058500,672,위례롯데캐슬 6401동,single_parcel,1,1,,0.0,1.06,vworld_geocoder_2.0,2026-09-03T02:12:49.903138+00:00,Realtime query. Not stored per VWorld TOS.,parcel_centroid,,0.0,,,False,
A10027691,미사강변13단지,경기도 하남시 망월동 949,경기도 하남시 망월동 949,full_parcel,PARCEL,OK,37.56871027685512,127.18867593032994,EPSG:4326,경기도 하남시 망월동 949,망월동,경기도,하남시,,망월동,미사2동,4145062000,949,미사강변도시13단지 1301동,single_parcel,1,1,,0.0,0.93,vworld_geocoder_2.0,2026-09-03T02:12:50.721596+00:00,Realtime query. Not stored per VWorld TOS.,parcel_centroid,,0.0,,,False,
A10027692,위례더힐55,경기도 성남수정구 창곡동 521,경기도 성남시 수정구 창곡동 521,override_pick_parcel,PARCEL,OK,37.47002528856963,127.1549600876763,EPSG:4326,경기도 성남시 수정구 창곡동 521,창곡동,경기도,성남시 수정구,,창곡동,위례동,4113162500,521,위례더힐55 5501동,selected_parcel,2,1,창곡동 2-10,0.0,1.23,vworld_geocoder_2.0,2026-09-03T02:12:51.156636+00:00,Realtime query. Not stored per VWorld TOS.,parcel_centroid,parcel,50.0,,,False,PICK_PARCEL
A10027709,래미안위례아파트,경기도 성남수정구 창곡동 528,경기도 성남시 수정구 창곡동 528,full_parcel,PARCEL,OK,37.470075880405936,127.14447349952609,EPSG:4326,경기도 성남시 수정구 창곡동 528,창곡동,경기도,성남시 수정구,,창곡동,위례동,4113162500,528,래미안 위례 3401동,single_parcel,1,1,,0.0,0.35,vworld_geocoder_2.0,2026-09-03T02:12:51.864634+00:00,Realtime query. Not stored per VWorld TOS.,parcel_centroid,,0.0,,,False,
A10027715,위례 그린파크푸르지오,경기도 하남시 학암동 673,경기도 하남시 학암동 673,full_parcel,PARCEL,OK,37.47364195071687,127.1554991357538,EPSG:4326,경기도 하남시 학암동 673,학암동,경기도,하남시,,학암동,위례동,4145058500,673,위례그린파크 푸르지오 6501동,single_parcel,1,1,,0.0,1.28,vworld_geocoder_2.0,2026-09-03T02:12:52.389204+00:00,Realtime query. Not stored per VWorld TOS.,parcel_centroid,,0.0,,,False,
A10027720,힐스테이트위례,경기도 성남수정구 창곡동 572,경기도 성남시 수정구 창곡동 572,full_parcel,PARCEL,OK,37.46541021937532,127.14452459958156,EPSG:4326,경기도 성남시 수정구 창곡동 572,창곡동,경기도,성남시 수정구,,창곡동,위례동,4113162500,572,힐스테이트 위례 5701동,single_parcel,1,1,,0.0,0.77,vworld_geocoder_2.0,2026-09-03T02:12:52.925292+00:00,Realtime query. Not stored per VWorld TOS.,parcel_centroid,,0.0,,,False,
A10027729,동탄역시범더샵센트럴시티아파트,경기도 화성동탄구 청계동 519,경기도 화성시 동탄구 청계동 519,full_parcel,PARCEL,OK,37.19902771925314,127.10032754709496,EPSG:4326,경기도 화성시 동탄구 청계동 519,청계동,경기도,화성시 동탄구,,청계동,동탄4동,4159754000,519,동탄역 시범 더샵 센트럴시티 1404동,single_parcel,1,1,,0.0,3.29,vworld_geocoder_2.0,2026-09-03T02:12:53.462472+00:00,Realtime query. Not stored per VWorld TOS.,parcel_centroid,,0.0,,,False,
A10027732,동탄역대원칸타빌 포레지움,경기도 화성동탄구 청계동 558,경기도 화성시 동탄구 청계동 558,full_parcel,PARCEL,OK,37.195634187865885,127.12091521097292,EPSG:4326,경기도 화성시 동탄구 청계동 558,청계동,경기도,화성시 동탄구,,청계동,동탄4동,4159754000,558,동탄역 대원칸타빌 포레지움 1221동,single_parcel,1,1,,0.0,2.94,vworld_geocoder_2.0,2026-09-03T02:12:54.058767+00:00,Realtime query. Not stored per VWorld TOS.,parcel_centroid,,0.0,,,False,
A10027741,플로리체 위례 아파트,경기도 하남시 학암동 671,경기도 하남시 학암동 671,full_parcel,PARCEL,OK,37.474778946636086,127.14903214148688,EPSG:4326,경기도 하남시 학암동 671,학암동,경기도,하남시,,학암동,위례동,4145058500,671,플로리체 위례 6301동,single_parcel,1,1,,0.0,0.77,vworld_geocoder_2.0,2026-09-03T02:12:54.866081+00:00,Realtime query. Not stored per VWorld TOS.,parcel_centroid,,0.0,,,False,
A10027744,위례아이파크아파트,서울특별시 송파구 장지동 894,서울특별시 송파구 장지동 894,full_parcel,PARCEL,OK,37.47617773529619,127.1419667454789,EPSG:4326,서울특별시 송파구 장지동 894,장지동,서울특별시,송파구,,장지동,위례동,1171064700,894,위례아이파크 101동,single_parcel,1,1,,0.0,0.49,vworld_geocoder_2.0,2026-09-03T02:12:55.380941+00:00,Realtime query. Not stored per VWorld TOS.,parcel_centroid,,0.0,,,False,
A10027754,힐스테이트황금산아파트,경기도 남양주시 다산동 3129-65,경기도 남양주시 경춘로 468-40,fallback_road,ROAD,OK,37.60672394707785,127.16518946068308,EPSG:4326,"경기도 남양주시 경춘로 468-40 (다산동,힐스테이트 황금산)",다산동,경기도,남양주시,다산동,경춘로,다산2동,4136056500,468-40,힐스테이트 황금산 101동,single_parcel,1,1,,0.0,0.54,vworld_geocoder_2.0,2026-09-03T02:12:56.373628+00:00,Realtime query. Not stored per VWorld TOS.,building_entrance,,0.0,,,False,
A10027768,동탄역 시범반도유보라아이비파크1.0,경기도 화성동탄구 청계동 510-838,경기도 화성시 동탄대로시범길 168,fallback_road,ROAD,OK,37.20213763118425,127.1100215859222,EPSG:4326,"경기도 화성시 동탄구 동탄대로시범길 168 (청계동,동탄역 시범반도유보라아이비파크 1.0)",청계동,경기도,화성시 동탄구,청계동,동탄대로시범길,동탄4동,4159754000,168,동탄역 시범반도유보라아이비파크 1.0 1021동,single_parcel,1,1,,0.0,3.51,vworld_geocoder_2.0,2026-09-03T02:12:57.305542+00:00,Realtime query. Not stored per VWorld TOS.,building_entrance,,0.0,,,False,
A10027782,미사강변 루나리움,경기도 하남시 망월동 1034,경기도 하남시 망월동 1034,full_parcel,PARCEL,OK,37.56793848970428,127.18091214700092,EPSG:4326,경기도 하남시 망월동 1034,망월동,경기도,하남시,,망월동,미사2동,4145062000,1034,미사강변 루나리움 501동,single_parcel,1,1,,0.0,1.1,vworld_geocoder_2.0,2026-09-03T02:12:57.834258+00:00,Realtime query. Not stored per VWorld TOS.,parcel_centroid,,0.0,,,False,
A10027798,화성동탄상록리슈빌아파트,경기도 화성동탄구 영천동 651-1488,경기도 화성시 동탄순환대로 706,fallback_road,ROAD,OK,37.20780953603938,127.11059276599964,EPSG:4326,경기도 화성시 동탄구 동탄순환대로 706 (영천동),영천동,경기도,화성시 동탄구,영천동,동탄순환대로,동탄5동,4159755000,706,,single_parcel,1,1,,0.0,4.14,vworld_geocoder_2.0,2026-09-03T02:12:59.105263+00:00,Realtime query. Not stored per VWorld TOS.,building_entrance,,0.0,,,False,
A10027806,동탄2 LH 4단지,경기도 화성동탄구 영천동 722,경기도 화성시 동탄구 영천동 722,full_parcel,PARCEL,OK,37.20613378014012,127.12204154687004,EPSG:4326,경기도 화성시 동탄구 영천동 722,영천동,경기도,화성시 동탄구,,영천동,동탄5동,4159755000,722,동탄2엘에이치4단지 431동,single_parcel,1,1,,0.0,4.09,vworld_geocoder_2.0,2026-09-03T02:12:59.771461+00:00,Realtime query. Not stored per VWorld TOS.,parcel_centroid,,0.0,,,False,
A10027830,동탄역시범한화꿈에그린프레스티지아파트,경기도 화성동탄구 청계동 510-88,경기도 화성시 동탄대로시범길 20,fallback_road,ROAD,OK,37.19662992445971,127.10063553668718,EPSG:4326,"경기도 화성시 동탄구 동탄대로시범길 20 (청계동,동탄역 시범한화 꿈에그린 프레스티지)",청계동,경기도,화성시 동탄구,청계동,동탄대로시범길,동탄4동,4159754000,20,동탄역 시범한화 꿈에그린 프레스티지 1411동,single_parcel,1,1,,0.0,3.03,vworld_geocoder_2.0,2026-09-03T02:13:00.873665+00:00,Realtime query. Not stored per VWorld TOS.,building_entrance,,0.0,,,False,
A10027846,미사강변 트래지안,경기도 하남시 망월동 938,경기도 하남시 망월동 938,full_parcel,PARCEL,OK,37.57245258770071,127.1925921544119,EPSG:4326,경기도 하남시 망월동 938,망월동,경기도,하남시,,망월동,미사2동,4145062000,938,미사강변 트래지안 1601동,single_parcel,1,1,,0.0,1.39,vworld_geocoder_2.0,2026-09-03T02:13:01.402529+00:00,Realtime query. Not stored per VWorld TOS.,parcel_centroid,,0.0,,,False,
A10027890,동탄역롯데캐슬알바트로스아파트,경기도 화성동탄구 청계동 510-582,경기도 화성시 동탄순환대로21길 53,fallback_road,ROAD,OK,37.19679804332914,127.11303788729992,EPSG:4326,"경기도 화성시 동탄구 동탄순환대로21길 53 (청계동,동탄역 롯데캐슬알바트로스)",청계동,경기도,화성시 동탄구,청계동,동탄순환대로21길,동탄4동,4159754000,53,동탄역 롯데캐슬알바트로스 1301동,single_parcel,1,1,,0.0,2.93,vworld_geocoder_2.0,2026-09-03T02:13:02.824775+00:00,Realtime query. Not stored per VWorld TOS.,building_entrance,,0.0,,,False,
A10027928,동탄역센트럴푸르지오,경기도 화성동탄구 청계동 510-889,경기도 화성시 동탄순환대로21길 54,fallback_road,ROAD,OK,37.19672324905213,127.1150213613906,EPSG:4326,"경기도 화성시 동탄구 동탄순환대로21길 54 (청계동,동탄역 센트럴 푸르지오)",청계동,경기도,화성시 동탄구,청계동,동탄순환대로21길,동탄4동,4159754000,54,동탄역 센트럴 푸르지오 1321동,single_parcel,1,1,,0.0,2.94,vworld_geocoder_2.0,2026-09-03T02:13:04.260115+00:00,Realtime query. Not stored per VWorld TOS.,building_entrance,,0.0,,,False,
A10027957,구래역화성파크드림아파트,경기도 김포시 구래동 6888,경기도 김포시 한강8로 365,override_road,ROAD,OK,37.63996158837204,126.62983237121853,EPSG:4326,"경기도 김포시 김포한강8로 365 (구래동,구래역화성파크드림)",구래동,경기도,김포시,구래동,김포한강8로,구래동,4157057000,365,구래역화성파크드림 101동,override_requery,1,1,,0.0,4.04,vworld_geocoder_2.0,2026-09-03T02:13:04.913901+00:00,Realtime query. Not stored per VWorld TOS.,building_entrance,building,10.0,,,False,REQUERY
A10027966,동탄역호반써밋,경기도 화성동탄구 청계동 49-102,경기도 화성시 동탄순환대로22길 45,fallback_road,ROAD,OK,37.19743663206787,127.11948196265853,EPSG:4326,"경기도 화성시 동탄구 동탄순환대로22길 45 (청계동,동탄역 호반 써밋)",청계동,경기도,화성시 동탄구,청계동,동탄순환대로22길,동탄4동,4159754000,45,동탄역 호반 써밋 1201동,single_parcel,1,1,,0.0,3.1,vworld_geocoder_2.0,2026-09-03T02:13:06.292185+00:00,Realtime query. Not stored per VWorld TOS.,building_entrance,,0.0,,,False,
A10027978,미사강변파크뷰,경기도 하남시 망월동 533-1,경기도 하남시 미사강변동로 177,fallback_road,ROAD,OK,37.57111908057334,127.1886606853856,EPSG:4326,"경기도 하남시 미사강변동로 177 (망월동,미사강변 파크뷰)",망월동,경기도,하남시,망월동,미사강변동로,미사2동,4145062000,177,미사강변 파크뷰 1201동,single_parcel,1,1,,0.0,1.2,vworld_geocoder_2.0,2026-09-03T02:13:07.462029+00:00,Realtime query. Not stored per VWorld TOS.,building_entrance,,0.0,,,False,
A10028002,동탄역KCC스위첸아파트,경기도 화성동탄구 청계동 303-14,경기도 화성시 동탄청계로 303-14,fallback_road,ROAD,OK,37.200993080253326,127.11839035916648,EPSG:4326,"경기도 화성시 동탄구 동탄청계로 303-14 (청계동,동탄역KCC스위첸아파트)",청계동,경기도,화성시 동탄구,청계동,동탄청계로,동탄4동,4159754000,303-14,동탄역KCC스위첸아파트 1121동,single_parcel,1,1,,0.0,3.46,vworld_geocoder_2.0,2026-09-03T02:13:08.800058+00:00,Realtime query. Not stored per VWorld TOS.,building_entrance,,0.0,,,False,
A10028048,동탄역시범호반써밋,경기도 화성동탄구 청계동 525,경기도 화성시 동탄구 청계동 525,full_parcel,PARCEL,OK,37.198016466039306,127.10963735325048,EPSG:4326,경기도 화성시 동탄구 청계동 525,청계동,경기도,화성시 동탄구,,청계동,동탄4동,4159754000,525,동탄역시범호반써밋 1465동,single_parcel,1,1,,0.0,3.06,vworld_geocoder_2.0,2026-09-03T02:13:09.395575+00:00,Realtime query. Not stored per VWorld TOS.,parcel_centroid,,0.0,,,False,
A10028055,동탄역 시범우남퍼스트빌,경기도 화성동탄구 청계동 35,경기도 화성시 동탄대로시범길 276,fallback_road,ROAD,OK,37.20174610215868,127.09975615643243,EPSG:4326,"경기도 화성시 동탄구 동탄대로시범길 276 (청계동,동탄역 시범우남퍼스트빌아파트)",청계동,경기도,화성시 동탄구,청계동,동탄대로시범길,동탄4동,4159754000,276,동탄역 시범우남퍼스트빌아파트 901동,single_parcel,1,1,,0.0,3.6,vworld_geocoder_2.0,2026-09-03T02:13:10.511112+00:00,Realtime query. Not stored per VWorld TOS.,building_entrance,,0.0,,,False,
A10028065,미사강변도시 베라체 아파트,경기도 하남시 선동 453,경기도 하남시 선동 453,full_parcel,PARCEL,OK,37.572280404865054,127.17866662165112,EPSG:4326,경기도 하남시 선동 453,선동,경기도,하남시,,선동,미사2동,4145062000,453,미사강변도시 베라체 201동,single_parcel,1,1,,0.0,1.6,vworld_geocoder_2.0,2026-09-03T02:13:11.128928+00:00,Realtime query. Not stored per VWorld TOS.,parcel_centroid,,0.0,,,False,
A10028071,동탄역센트럴자이아파트,경기도 화성동탄구 영천동 665,경기도 화성시 동탄구 영천동 665,full_parcel,PARCEL,OK,37.20632450753337,127.10193425055851,EPSG:4326,경기도 화성시 동탄구 영천동 665,영천동,경기도,화성시 동탄구,,영천동,동탄5동,4159755000,665,동탄역센트럴자이 602동,single_parcel,1,1,,0.0,4.05,vworld_geocoder_2.0,2026-09-03T02:13:11.721431+00:00,Realtime query. Not stored per VWorld TOS.,parcel_centroid,,0.0,,,False,
A10028086,위례 송파푸르지오,서울특별시 송파구 장지동 878,서울특별시 송파구 장지동 878,full_parcel,PARCEL,OK,37.480931598709255,127.14076454384546,EPSG:4326,서울특별시 송파구 장지동 878,장지동,서울특별시,송파구,,장지동,위례동,1171064700,878,위례신도시 송파푸르지오 104동,single_parcel,1,1,,0.0,1.02,vworld_geocoder_2.0,2026-09-03T02:13:12.366514+00:00,Realtime query. Not stored per VWorld TOS.,parcel_centroid,,0.0,,,False,
A10028120,동탄역시범대원칸타빌,경기도 화성동탄구 청계동 516,경기도 화성시 동탄구 청계동 516,full_parcel,PARCEL,OK,37.19909355492644,127.10483971670834,EPSG:4326,경기도 화성시 동탄구 청계동 516,청계동,경기도,화성시 동탄구,,청계동,동탄4동,4159754000,516,동탄역시범대원칸타빌아파트 1451동,single_parcel,1,1,,0.0,3.21,vworld_geocoder_2.0,2026-09-03T02:13:12.997799+00:00,Realtime query. Not stored per VWorld TOS.,parcel_centroid,,0.0,,,False,
A10028132,동탄역이지더원아파트,경기도 화성동탄구 영천동 672,경기도 화성시 동탄구 영천동 672,full_parcel,PARCEL,OK,37.20928699070501,127.11088465341606,EPSG:4326,경기도 화성시 동탄구 영천동 672,영천동,경기도,화성시 동탄구,,영천동,동탄5동,4159755000,672,동탄역이지더원 301동,single_parcel,1,1,,0.0,4.31,vworld_geocoder_2.0,2026-09-03T02:13:13.819162+00:00,Realtime query. Not stored per VWorld TOS.,parcel_centroid,,0.0,,,False,
A10028139,미사강변골든센트로,경기도 하남시 망월동 1162,경기도 하남시 망월동 1162,full_parcel,PARCEL,OK,37.56012561208748,127.19625965338663,EPSG:4326,경기도 하남시 망월동 1162,망월동,경기도,하남시,,망월동,미사1동,4145061000,1162,미사강변 골든 센트로(GOLDEN CENTRO) 2801동,single_parcel,1,1,,0.0,0.66,vworld_geocoder_2.0,2026-09-03T02:13:14.431908+00:00,Realtime query. Not stored per VWorld TOS.,parcel_centroid,,0.0,,,False,
A10028143,리버나인 RIVERNINE,경기도 하남시 선동 423,경기도 하남시 선동 423,full_parcel,PARCEL,OK,37.57609481859096,127.18751238113823,EPSG:4326,,선동,경기도,하남시,,선동,미사2동,4145062000,423,리버나인 RIVERNINE 901동,centroid,2,2,,73.7,1.76,vworld_geocoder_2.0,2026-09-03T02:13:16.195742+00:00,Realtime query. Not stored per VWorld TOS.,centroid_of_2,,0.0,,,False,
A10028157,미사강변 한신휴플러스,경기도 하남시 망월동 904,경기도 하남시 망월동 904,full_parcel,PARCEL,OK,37.57393994491399,127.19202353483396,EPSG:4326,경기도 하남시 망월동 904,망월동,경기도,하남시,,망월동,미사2동,4145062000,904,미사강변 한신휴플러스 1101동,single_parcel,1,1,,0.0,1.54,vworld_geocoder_2.0,2026-09-03T02:13:16.940361+00:00,Realtime query. Not stored per VWorld TOS.,parcel_centroid,,0.0,,,False,
A10028158,동탄역모아미래도아파트,경기도 화성동탄구 청계동 49-89,경기도 화성시 동탄청계로 303-33,fallback_road,ROAD,OK,37.20318137412896,127.1155971734216,EPSG:4326,"경기도 화성시 동탄구 동탄청계로 303-33 (청계동,동탄역 모아미래도아파트)",청계동,경기도,화성시 동탄구,청계동,동탄청계로,동탄4동,4159754000,303-33,동탄역 모아미래도아파트 1101동,single_parcel,1,1,,0.0,3.66,vworld_geocoder_2.0,2026-09-03T02:13:17.949737+00:00,Realtime query. Not stored per VWorld TOS.,building_entrance,,0.0,,,False,
A10028167,동탄역 시범 예미지 아파트,경기도 화성동탄구 청계동 510-30,경기도 화성시 동탄대로시범길 192,fallback_road,ROAD,OK,37.20217819416284,127.1090535061293,EPSG:4326,"경기도 화성시 동탄구 동탄대로시범길 192 (청계동,동탄역 시범예미지아파트)",청계동,경기도,화성시 동탄구,청계동,동탄대로시범길,동탄4동,4159754000,192,동탄역 시범예미지아파트 1001동,single_parcel,1,1,,0.0,3.52,vworld_geocoder_2.0,2026-09-03T02:13:18.961640+00:00,Realtime query. Not stored per VWorld TOS.,building_entrance,,0.0,,,False,
A10028171,동탄역 시범 리슈빌아파트,경기도 화성동탄구 청계동 513,경기도 화성시 동탄구 청계동 513,full_parcel,PARCEL,OK,37.20247460114631,127.10480124125527,EPSG:4326,경기도 화성시 동탄구 청계동 513,청계동,경기도,화성시 동탄구,,청계동,동탄4동,4159754000,513,동탄역 시범 리슈빌 아파트 921동,single_parcel,1,1,,0.0,3.59,vworld_geocoder_2.0,2026-09-03T02:13:19.449041+00:00,Realtime query. Not stored per VWorld TOS.,parcel_centroid,,0.0,,,False,
A10028200,미사강변 파밀리에,경기도 하남시 망월동 910,경기도 하남시 망월동 910,full_parcel,PARCEL,OK,37.56923590734535,127.19153736706326,EPSG:4326,경기도 하남시 망월동 910,망월동,경기도,하남시,,망월동,미사2동,4145062000,910,미사강변파밀리에 1501동,single_parcel,1,1,,0.0,1.02,vworld_geocoder_2.0,2026-09-03T02:13:20.003079+00:00,Realtime query. Not stored per VWorld TOS.,parcel_centroid,,0.0,,,False,
A13876113,송파더센트레아파트,서울특별시 송파구 장지동 879,서울특별시 송파구 장지동 879,full_parcel,PARCEL,OK,37.47935726792059,127.14018417746368,EPSG:4326,서울특별시 송파구 장지동 879,장지동,서울특별시,송파구,,장지동,위례동,1171064700,879,송파더센트레 2206동,single_parcel,1,1,,0.0,0.84,vworld_geocoder_2.0,2026-09-03T02:13:20.646860+00:00,Realtime query. Not stored per VWorld TOS.,parcel_centroid,,0.0,,,False,
A13876114,송파꿈에그린아파트,서울특별시 송파구 장지동 901,서울특별시 송파구 장지동 901,full_parcel,PARCEL,OK,37.47588615282388,127.13930659361444,EPSG:4326,서울특별시 송파구 장지동 901,장지동,서울특별시,송파구,,장지동,위례동,1171064700,901,위례24단지 2409동,single_parcel,1,1,,0.0,0.48,vworld_geocoder_2.0,2026-09-03T02:13:21.201484+00:00,Realtime query. Not stored per VWorld TOS.,parcel_centroid,,0.0,,,False,
A41574201,풍경마을한강신도시e편한세상,경기도 김포시 운양동 1250-3,경기도 김포시 운양동 1250-3,full_parcel,PARCEL,OK,37.65734025019274,126.6815622528318,EPSG:4326,경기도 김포시 운양동 1250-3,운양동,경기도,김포시,,운양동,운양동,4157058000,1250-3,한강신도시 e편한세상 201동,single_parcel,1,1,,0.0,2.32,vworld_geocoder_2.0,2026-09-03T02:13:21.768324+00:00,Realtime query. Not stored per VWorld TOS.,parcel_centroid,,0.0,,,False,
A41574202,일성트루엘타운하우스,경기도 김포시 운양동 1294-2,경기도 김포시 운양동 1294-2,full_parcel,PARCEL,OK,37.65277155466491,126.69002594246253,EPSG:4326,경기도 김포시 운양동 1294-2,운양동,경기도,김포시,,운양동,운양동,4157058000,1294-2,하늘빛마을 일성트루엘 타운하우스 107동,single_parcel,1,1,,0.0,2.16,vworld_geocoder_2.0,2026-09-03T02:13:22.335122+00:00,Realtime query. Not stored per VWorld TOS.,parcel_centroid,,0.0,,,False,
A41574203,화성파크드림,경기도 김포시 운양동 1325-7,경기도 김포시 운양동 1325-7,full_parcel,PARCEL,OK,37.64506822391096,126.692469508967,EPSG:4326,경기도 김포시 운양동 1325-7,운양동,경기도,김포시,,운양동,운양동,4157058000,1325-7,모담마을 한강 화성파크드림 101동,single_parcel,1,1,,0.0,1.73,vworld_geocoder_2.0,2026-09-03T02:13:22.847531+00:00,Realtime query. Not stored per VWorld TOS.,parcel_centroid,,0.0,,,False,
A41574204,한강한라비발디,경기도 김포시 운양동 1249-1,경기도 김포시 운양동 1249-1,full_parcel,PARCEL,OK,37.659324640892365,126.68168794447584,EPSG:4326,경기도 김포시 운양동 1249-1,운양동,경기도,김포시,,운양동,운양동,4157058000,1249-1,풍경마을 한강 한라비발디 101동,single_parcel,1,1,,0.0,2.53,vworld_geocoder_2.0,2026-09-03T02:13:23.431918+00:00,Realtime query. Not stored per VWorld TOS.,parcel_centroid,,0.0,,,False,
A41574205,김포한강신도시반도유보라2차,경기도 김포시 운양동 1300-3,경기도 김포시 운양동 1300-3,full_parcel,PARCEL,OK,37.65338635161328,126.67993699723452,EPSG:4326,경기도 김포시 운양동 1300-3,운양동,경기도,김포시,,운양동,운양동,4157058000,1300-3,김포 한강신도시 반도유보라 2차 712동,single_parcel,1,1,,0.0,1.86,vworld_geocoder_2.0,2026-09-03T02:13:24.017351+00:00,Realtime query. Not stored per VWorld TOS.,parcel_centroid,,0.0,,,False,
A41574206,풍경마을 래미안 한강2차,경기도 김포시 운양동 1304-5,경기도 김포시 운양동 1304-5,full_parcel,PARCEL,OK,37.652598098030985,126.67440594600588,EPSG:4326,경기도 김포시 운양동 1304-5,운양동,경기도,김포시,,운양동,운양동,4157058000,1304-5,풍경마을 래미안 한강2차 515동,single_parcel,1,1,,0.0,1.73,vworld_geocoder_2.0,2026-09-03T02:13:24.678716+00:00,Realtime query. Not stored per VWorld TOS.,parcel_centroid,,0.0,,,False,
A41574207,한강신도시롯데캐슬,경기도 김포시 운양동 1301-1,경기도 김포시 운양동 1301-1,full_parcel,PARCEL,OK,37.65591303225415,126.67918360838954,EPSG:4326,경기도 김포시 운양동 1301-1,운양동,경기도,김포시,,운양동,운양동,4157058000,1301-1,한강신도시 롯데캐슬 301동,single_parcel,1,1,,0.0,2.12,vworld_geocoder_2.0,2026-09-03T02:13:25.270619+00:00,Realtime query. Not stored per VWorld TOS.,parcel_centroid,,0.0,,,False,
A41574404,우남퍼스트빌,경기도 김포시 장기동 2065-1,경기도 김포시 장기동 2065-1,full_parcel,PARCEL,OK,37.63735461324272,126.67240392869384,EPSG:4326,경기도 김포시 장기동 2065-1,장기동,경기도,김포시,,장기동,장기동,4157056000,2065-1,초당마을 우남 퍼스트빌 508동,single_parcel,1,1,,0.0,0.28,vworld_geocoder_2.0,2026-09-03T02:13:25.872011+00:00,Realtime query. Not stored per VWorld TOS.,parcel_centroid,,0.0,,,False,
A41574405,쌍용예가,경기도 김포시 장기동 2004-4,경기도 김포시 장기동 2004-4,full_parcel,PARCEL,OK,37.64218541557271,126.68128994855118,EPSG:4326,경기도 김포시 장기동 2004-4,장기동,경기도,김포시,,장기동,장기동,4157056000,2004-4,수정마을 쌍용예가아파트 115,single_parcel,1,1,,0.0,0.76,vworld_geocoder_2.0,2026-09-03T02:13:26.421410+00:00,Realtime query. Not stored per VWorld TOS.,parcel_centroid,,0.0,,,False,
A41574406,김포한강 수정마을2단지,경기도 김포시 장기동 2000-3,경기도 김포시 장기동 2000-3,full_parcel,PARCEL,OK,37.64472495555002,126.67844610527531,EPSG:4326,경기도 김포시 장기동 2000-3,장기동,경기도,김포시,,장기동,장기동,4157056000,2000-3,김포한강 수정마을2단지 201동,single_parcel,1,1,,0.0,0.89,vworld_geocoder_2.0,2026-09-03T02:13:27.019994+00:00,Realtime query. Not stored per VWorld TOS.,parcel_centroid,,0.0,,,False,
A41574407,초당마을래미안한강,경기도 김포시 장기동 2071-2,경기도 김포시 장기동 2071-2,full_parcel,PARCEL,OK,37.63883018630793,126.67602214412958,EPSG:4326,경기도 김포시 장기동 2071-2,장기동,경기도,김포시,,장기동,장기동,4157056000,2071-2,초당마을 래미안 한강 경비실,single_parcel,1,1,,0.0,0.2,vworld_geocoder_2.0,2026-09-03T02:13:27.584490+00:00,Realtime query. Not stored per VWorld TOS.,parcel_centroid,,0.0,,,False,
A41574408,김포한양수자인리버팰리스,경기도 김포시 장기동 1885-10,경기도 김포시 장기동 1885-10,full_parcel,PARCEL,OK,37.64348342371004,126.65985158682652,EPSG:4326,경기도 김포시 장기동 1885-10,장기동,경기도,김포시,,장기동,장기본동,4157052500,1885-10,고창마을 한양수자인 리버팰리스 613동,single_parcel,1,1,,0.0,1.56,vworld_geocoder_2.0,2026-09-03T02:13:28.168275+00:00,Realtime query. Not stored per VWorld TOS.,parcel_centroid,,0.0,,,False,
A41574409,한강신도시중흥S-클래스파크애비뉴,경기도 김포시 장기동 1866-1,경기도 김포시 장기동 1866-1,full_parcel,PARCEL,OK,37.65136732916706,126.66857539230328,EPSG:4326,경기도 김포시 장기동 1866-1,장기동,경기도,김포시,,장기동,장기본동,4157052500,1866-1,청송마을중흥에스-클래스 613동,single_parcel,1,1,,0.0,1.71,vworld_geocoder_2.0,2026-09-03T02:13:28.747813+00:00,Realtime query. Not stored per VWorld TOS.,parcel_centroid,,0.0,,,False,
A41574410,고창마을KCC스위첸,경기도 김포시 장기동 1886-2,경기도 김포시 장기동 1886-2,full_parcel,PARCEL,OK,37.645839603162905,126.66350480844476,EPSG:4326,경기도 김포시 장기동 1886-2,장기동,경기도,김포시,,장기동,장기본동,4157052500,1886-2,고창마을 케이씨씨스위첸 근린생활시설2,single_parcel,1,1,,0.0,1.44,vworld_geocoder_2.0,2026-09-03T02:13:29.320299+00:00,Realtime query. Not stored per VWorld TOS.,parcel_centroid,,0.0,,,False,
A41574411,한강현대성우오스타,경기도 김포시 장기동 1868-2,경기도 김포시 장기동 1868-2,full_parcel,PARCEL,OK,37.64959210104864,126.66365104640272,EPSG:4326,경기도 김포시 장기동 1868-2,장기동,경기도,김포시,,장기동,장기본동,4157052500,1868-2,한강 현대성우오스타 401동,single_parcel,1,1,,0.0,1.75,vworld_geocoder_2.0,2026-09-03T02:13:29.877582+00:00,Realtime query. Not stored per VWorld TOS.,parcel_centroid,,0.0,,,False,
A41574412,초당마을중흥S클래스리버티,경기도 김포시 장기동 2058-1,경기도 김포시 장기동 2058-1,full_parcel,PARCEL,OK,37.63824869958488,126.66912623984724,EPSG:4326,경기도 김포시 장기동 2058-1,장기동,경기도,김포시,,장기동,장기동,4157056000,2058-1,한강신도시 초당마을중흥에스-클래스리버티 301동,single_parcel,1,1,,0.0,0.58,vworld_geocoder_2.0,2026-09-03T02:13:30.400770+00:00,Realtime query. Not stored per VWorld TOS.,parcel_centroid,,0.0,,,False,
A41574413,한강호반베르디움,경기도 김포시 장기동 1885-6,경기도 김포시 장기동 1885-6,full_parcel,PARCEL,OK,37.64647522317287,126.65914195942042,EPSG:4326,경기도 김포시 장기동 1885-6,장기동,경기도,김포시,,장기동,장기본동,4157052500,1885-6,한강호반베르디움 513동,single_parcel,1,1,,0.0,1.79,vworld_geocoder_2.0,2026-09-03T02:13:31.004975+00:00,Realtime query. Not stored per VWorld TOS.,parcel_centroid,,0.0,,,False,
A41574414,한강신도시푸르지오,경기도 김포시 운양동 1407-5,경기도 김포시 운양동 1407-5,full_parcel,PARCEL,OK,37.648644112110034,126.67732232522346,EPSG:4326,경기도 김포시 운양동 1407-5,운양동,경기도,김포시,,운양동,운양동,4157058000,1407-5,한강신도시푸르지오 501동,single_parcel,1,1,,0.0,1.3,vworld_geocoder_2.0,2026-09-03T02:13:31.583062+00:00,Realtime query. Not stored per VWorld TOS.,parcel_centroid,,0.0,,,False,
A41574416,청송마을모아미래도엘가,경기도 김포시 장기동 1869-5,경기도 김포시 장기동 1869-5,full_parcel,PARCEL,OK,37.64985875533724,126.66226166856312,EPSG:4326,경기도 김포시 장기동 1869-5,장기동,경기도,김포시,,장기동,장기본동,4157052500,1869-5,청송마을 모아미래도엘가 501동,single_parcel,1,1,,0.0,1.84,vworld_geocoder_2.0,2026-09-03T02:13:32.160223+00:00,Realtime query. Not stored per VWorld TOS.,parcel_centroid,,0.0,,,False,
A41576911,김포한가람우미린,경기도 김포시 구래동 6873-8,경기도 김포시 구래동 6873-8,full_parcel,PARCEL,OK,37.649063876081215,126.62578178473788,EPSG:4326,경기도 김포시 구래동 6873-8,구래동,경기도,김포시,,구래동,구래동,4157057000,6873-8,한가람마을 우미린 101동,single_parcel,1,1,,0.0,4.58,vworld_geocoder_2.0,2026-09-03T02:13:32.745612+00:00,Realtime query. Not stored per VWorld TOS.,parcel_centroid,,0.0,,,False,
A41576912,김포한강LH솔터마을2단지,경기도 김포시 마산동 615-1,경기도 김포시 마산동 615-1,full_parcel,PARCEL,OK,37.64318906012016,126.63465339909122,EPSG:4326,경기도 김포시 마산동 615-1,마산동,경기도,김포시,,마산동,마산동,4157057500,615-1,김포한강엘에이치솔터마을2단지 204동,single_parcel,1,1,,0.0,3.67,vworld_geocoder_2.0,2026-09-03T02:13:33.307587+00:00,Realtime query. Not stored per VWorld TOS.,parcel_centroid,,0.0,,,False,
A41576913,구래역 한강리슈빌아파트 입주자대표회의,경기도 김포시 구래동 6888-2,경기도 김포시 구래동 6888-2,full_parcel,PARCEL,OK,37.64245668529152,126.627138110847,EPSG:4326,경기도 김포시 구래동 6888-2,구래동,경기도,김포시,,구래동,구래동,4157057000,6888-2,나비마을리슈빌 201동,single_parcel,1,1,,0.0,4.31,vworld_geocoder_2.0,2026-09-03T02:13:33.872153+00:00,Realtime query. Not stored per VWorld TOS.,parcel_centroid,,0.0,,,False,
A41576914,김포한강 경남아너스빌,경기도 김포시 마산동 639-8,경기도 김포시 마산동 639-8,full_parcel,PARCEL,OK,37.63775647074502,126.63751419273449,EPSG:4326,경기도 김포시 마산동 639-8,마산동,경기도,김포시,,마산동,마산동,4157057500,639-8,은여울마을 경남아너스빌 201동,single_parcel,1,1,,0.0,3.35,vworld_geocoder_2.0,2026-09-03T02:13:34.471071+00:00,Realtime query. Not stored per VWorld TOS.,parcel_centroid,,0.0,,,False,
A41576915,호수마을e편한세상,경기도 김포시 구래동 6874-17,경기도 김포시 구래동 6874-17,full_parcel,PARCEL,OK,37.64993023145723,126.6291791648456,EPSG:4326,경기도 김포시 구래동 6874-17,구래동,경기도,김포시,,구래동,구래동,4157057000,6874-17,호수마을 e편한세상아파트 201동,single_parcel,1,1,,0.0,4.33,vworld_geocoder_2.0,2026-09-03T02:13:35.053722+00:00,Realtime query. Not stored per VWorld TOS.,parcel_centroid,,0.0,,,False,
A41576916,한강힐스테이트아파트,경기도 김포시 마산동 636-1,경기도 김포시 마산동 636-1,full_parcel,PARCEL,OK,37.63926582471095,126.63346589990276,EPSG:4326,경기도 김포시 마산동 636-1,마산동,경기도,김포시,,마산동,마산동,4157057500,636-1,한강 힐스테이트 510동,single_parcel,1,1,,0.0,3.72,vworld_geocoder_2.0,2026-09-03T02:13:35.666080+00:00,Realtime query. Not stored per VWorld TOS.,parcel_centroid,,0.0,,,False,
A41576917,호수마을이편한세상3단지,경기도 김포시 구래동 6874-6,경기도 김포시 구래동 6874-6,full_parcel,PARCEL,OK,37.647896968119085,126.6296012641422,EPSG:4326,경기도 김포시 구래동 6874-6,구래동,경기도,김포시,,구래동,구래동,4157057000,6874-6,호수마을자연앤이편한세상 302동,single_parcel,1,1,,0.0,4.22,vworld_geocoder_2.0,2026-09-03T02:13:36.313904+00:00,Realtime query. Not stored per VWorld TOS.,parcel_centroid,,0.0,,,False,
A41576918,김포한강나비마을3단지,경기도 김포시 구래동 6895-4,경기도 김포시 구래동 6895-4,full_parcel,PARCEL,OK,37.64190958508287,126.6253473179553,EPSG:4326,경기도 김포시 구래동 6895-4,구래동,경기도,김포시,,구래동,구래동,4157057000,6895-4,김포한강나비마을엘에이치3단지 301동,single_parcel,1,1,,0.0,4.46,vworld_geocoder_2.0,2026-09-03T02:13:36.888763+00:00,Realtime query. Not stored per VWorld TOS.,parcel_centroid,,0.0,,,False,
A41590101,김포한강상록데시앙,경기도 김포시 마산동 672-6,경기도 김포시 마산동 672-6,full_parcel,PARCEL,OK,37.636693123104976,126.64158339878496,EPSG:4326,경기도 김포시 마산동 672-6,마산동,경기도,김포시,,마산동,마산동,4157057500,672-6,은여울마을 상록데시앙 801동,single_parcel,1,1,,0.0,2.99,vworld_geocoder_2.0,2026-09-03T02:13:37.439154+00:00,Realtime query. Not stored per VWorld TOS.,parcel_centroid,,0.0,,,False,
A47172601,김포한강LH솔터마을3단지,경기도 김포시 마산동 614-10,경기도 김포시 마산동 614-10,full_parcel,PARCEL,OK,37.64202991443467,126.63181226268192,EPSG:4326,경기도 김포시 마산동 614-10,마산동,경기도,김포시,,마산동,마산동,4157057500,614-10,김포한강엘에이치솔터마을3단지 301동,single_parcel,1,1,,0.0,3.89,vworld_geocoder_2.0,2026-09-03T02:13:38.026080+00:00,Realtime query. Not stored per VWorld TOS.,parcel_centroid,,0.0,,,False,
A10025583,동탄2 아이파크A100BL,경기도 화성동탄구 장지동 623,경기도 화성시 동탄대로4길 143,override_road,ROAD,OK,37.160286878440274,127.12069646710627,EPSG:4326,"경기도 화성시 동탄구 동탄대로4길 143 (장지동,동탄2아이파크)",장지동,경기도,화성시 동탄구,장지동,동탄대로4길,동탄8동,4159758000,143,동탄2아이파크 3431동,override_requery,1,1,nan,0.0,1.46,vworld_geocoder_2.0,2026-09-03T02:16:10.457770+00:00,Realtime query. Not stored per VWorld TOS.,building_entrance,building,10.0,,,False,REQUERY
A10026990,한강센트럴자이2차,경기도 김포시 장기동 867,경기도 김포시 태장로 846,override_road,ROAD,OK,37.63524588896172,126.67488234836676,EPSG:4326,"경기도 김포시 태장로 846 (장기동,한강센트럴자이2단지)",장기동,경기도,김포시,장기동,태장로,장기동,4157056000,846,한강센트럴자이2단지 201동,override_requery,1,1,nan,0.0,0.21,vworld_geocoder_2.0,2026-09-03T02:16:10.997183+00:00,Realtime query. Not stored per VWorld TOS.,building_entrance,building,10.0,,,False,REQUERY
