kapt_code,kapt_name,addr_legal,addr_road,approval_date,approval_date_raw,household_count,bldg_count,pilot_guess,signal_name,signal_addr,signal_period,signal_score,human_match_status,human_reviewer,human_reviewed_at,reject_reason
A44581301,동탄퍼스트파크,경기도 화성동탄구 영천동 651-1397 동탄퍼스트파크,경기도 화성시 동탄순환대로30길 8,2003-10-20,20031020,470,6,DEV-DONGTAN2,False,True,False,1,rejected,parkd,2026-09-02,승인일 2003-10-20 < window 2014-01-01
A44571002,신동탄푸르지오,경기도 화성병점구 기산동 466 신동탄푸르지오,경기도 화성시 동탄지성로 405,2005-04-28,20050428,993,16,DEV-DONGTAN2,False,True,False,1,rejected,parkd,2026-09-02,"법정동 ""기산동""은 화성 동탄2 지구 밖 (원도심/타지구)"
A44571702,동탄역신미주,경기도 화성동탄구 여울동 964 동탄역신미주,경기도 화성시 동탄감배산로 30,2005-10-31,20051031,538,8,DEV-DONGTAN2,False,True,False,1,rejected,parkd,2026-09-02,승인일 2005-10-31 < window 2014-01-01
A44516002,시범다은 메타역 롯데캐슬아파트,경기도 화성동탄구 반송동 101 시범다은 메타역 롯데캐슬아파트,경기도 화성시 메타폴리스로 22,2007-01-25,20070125,429,6,DEV-DONGTAN2,False,True,False,1,rejected,parkd,2026-09-02,승인일 2007-01-25 < window 2014-01-01
A44516006,시범다은마을포스코더샵,경기도 화성동탄구 반송동 102 시범다은마을포스코더샵,경기도 화성시 동탄문화센터로 39,2007-01-26,20070126,514,8,DEV-DONGTAN2,False,True,False,1,rejected,parkd,2026-09-02,승인일 2007-01-26 < window 2014-01-01
A44572804,동탄시범한빛마을KCC스위첸,경기도 화성동탄구 반송동 19 동탄시범한빛마을KCC스위첸,경기도 화성시 동탄시범한빛길 38,2007-01-29,20070129,484,6,DEV-DONGTAN2,False,True,False,1,rejected,parkd,2026-09-02,승인일 2007-01-29 < window 2014-01-01
A44572517,동탄시범한빛마을아이파크,경기도 화성동탄구 반송동 85 동탄시범한빛마을아이파크,경기도 화성시 동탄지성로 42,2007-01-29,20070129,748,8,DEV-DONGTAN2,False,True,False,1,rejected,parkd,2026-09-02,승인일 2007-01-29 < window 2014-01-01
A44516005,시범다은마을삼성래미안,경기도 화성동탄구 반송동 100 시범다은마을삼성래미안,경기도 화성시 메타폴리스로 6,2007-02-05,20070205,514,7,DEV-DONGTAN2,False,True,False,1,rejected,parkd,2026-09-02,승인일 2007-02-05 < window 2014-01-01
A44579008,동탄금호어울림,경기도 화성동탄구 반송동 82 동탄금호어울림,경기도 화성시 동탄중앙로 213,2007-02-23,20070223,548,5,DEV-DONGTAN2,False,True,False,1,rejected,parkd,2026-09-02,승인일 2007-02-23 < window 2014-01-01
A44516016,삼부르네상스,경기도 화성동탄구 반송동 83 삼부르네상스,경기도 화성시 동탄반석로 207,2007-02-23,20070223,732,10,DEV-DONGTAN2,False,True,False,1,rejected,parkd,2026-09-02,승인일 2007-02-23 < window 2014-01-01
A44516011,시범다은마을우남퍼스트빌,경기도 화성동탄구 반송동 79 시범다은마을우남퍼스트빌,경기도 화성시 동탄중앙로 171,2007-03-07,20070307,610,8,DEV-DONGTAN2,False,True,False,1,rejected,parkd,2026-09-02,승인일 2007-03-07 < window 2014-01-01
A44516007,시범한빛마을한화꿈에그린,경기도 화성동탄구 반송동 21 시범한빛마을한화꿈에그린,경기도 화성시 동탄시범한빛길 10,2007-03-27,20070327,534,6,DEV-DONGTAN2,False,True,False,1,rejected,parkd,2026-09-02,승인일 2007-03-27 < window 2014-01-01
A44573621,시범다은마을월드반도,경기도 화성동탄구 반송동 80 시범다은마을월드반도,경기도 화성시 동탄중앙로 189,2007-05-22,20070522,1473,18,DEV-DONGTAN2,False,True,False,1,rejected,parkd,2026-09-02,승인일 2007-05-22 < window 2014-01-01
A44573609,동탄나루마을 동탄역 U.BORA 여울숲1.0,경기도 화성동탄구 반송동 224 동탄나루마을 동탄역 U.BORA 여울숲1.0,경기도 화성시 동탄반석로 16,2007-09-14,20070914,568,8,DEV-DONGTAN2,False,True,False,1,rejected,parkd,2026-09-02,승인일 2007-09-14 < window 2014-01-01
A44516020,솔빛마을쌍용예가,경기도 화성동탄구 반송동 135 솔빛마을쌍용예가,경기도 화성시 동탄반석로 71,2007-09-14,20070914,938,14,DEV-DONGTAN2,False,True,False,1,rejected,parkd,2026-09-02,승인일 2007-09-14 < window 2014-01-01
A44516013,동탄역 U.BORA 여울숲 2.0,"경기도 화성동탄구 반송동 212,경기도 화성동탄구 반송동 212 동탄역 U.BORA 여울숲 2.0",경기도 화성시 동탄나루로 55,2007-09-21,20070921,700,12,DEV-DONGTAN2,False,True,False,1,rejected,parkd,2026-09-02,승인일 2007-09-21 < window 2014-01-01
A44516012,솔빛마을경남아너스빌,경기도 화성동탄구 반송동 132 솔빛마을경남아너스빌,경기도 화성시 동탄반석로 96,2007-09-21,20070921,622,7,DEV-DONGTAN2,False,True,False,1,rejected,parkd,2026-09-02,승인일 2007-09-21 < window 2014-01-01
A44572910,솔빛마을신도브래뉴,경기도 화성동탄구 반송동 134 솔빛마을신도브래뉴,경기도 화성시 동탄반석로 70,2007-09-21,20070921,584,8,DEV-DONGTAN2,False,True,False,1,rejected,parkd,2026-09-02,승인일 2007-09-21 < window 2014-01-01
A44516014,한화우림,경기도 화성동탄구 반송동 222 한화우림,경기도 화성시 동탄반석로 42,2007-09-21,20070921,724,8,DEV-DONGTAN2,False,True,False,1,rejected,parkd,2026-09-02,승인일 2007-09-21 < window 2014-01-01
A44573518,동탄2차한화꿈에그린,경기도 화성동탄구 반송동 200 동탄2차한화꿈에그린,경기도 화성시 동탄중앙로 51,2007-09-28,20070928,784,10,DEV-DONGTAN2,False,True,False,1,rejected,parkd,2026-09-02,승인일 2007-09-28 < window 2014-01-01
A44573019,동탄나루마을신도브래뉴,경기도 화성동탄구 반송동 215 동탄나루마을신도브래뉴,경기도 화성시 동탄반석로 41,2007-09-28,20070928,809,10,DEV-DONGTAN2,False,True,False,1,rejected,parkd,2026-09-02,승인일 2007-09-28 < window 2014-01-01
A44575815,솔빛마을서해그랑블,경기도 화성동탄구 반송동 140 솔빛마을서해그랑블,경기도 화성시 동탄문화센터로 38,2007-12-28,20071228,727,11,DEV-DONGTAN2,False,True,False,1,rejected,parkd,2026-09-02,승인일 2007-12-28 < window 2014-01-01
A44516003,동탄시범다은마을센트럴파크뷰,경기도 화성동탄구 반송동 75 동탄시범다은마을센트럴파크뷰,경기도 화성시 동탄공원로1길 6-59,2008-02-29,20080229,438,6,DEV-DONGTAN2,False,True,False,1,rejected,parkd,2026-09-02,승인일 2008-02-29 < window 2014-01-01
A44516001,동탄우림필유타운하우스,경기도 화성동탄구 반송동 74 동탄우림필유타운하우스,경기도 화성시 동탄공원로1길 6-60,2008-03-28,20080328,286,18,DEV-DONGTAN2,False,True,False,1,rejected,parkd,2026-09-02,승인일 2008-03-28 < window 2014-01-01
A44517003,동탄예당마을롯데캐슬,경기도 화성동탄구 석우동 55 동탄예당마을롯데캐슬,경기도 화성시 동탄반석로 231,2008-08-28,20080828,1222,16,DEV-DONGTAN2,False,True,False,1,rejected,parkd,2026-09-02,승인일 2008-08-28 < window 2014-01-01
A44517004,예당마을우미린제일풍경채,경기도 화성동탄구 석우동 53 예당마을우미린제일풍경채,경기도 화성시 동탄반석로 277,2008-09-26,20080926,1316,15,DEV-DONGTAN2,False,True,False,1,rejected,parkd,2026-09-02,승인일 2008-09-26 < window 2014-01-01
A44517002,동탄예당마을푸르지오아파트,경기도 화성동탄구 석우동 49 동탄예당마을푸르지오아파트,경기도 화성시 동탄반석로 264,2008-10-08,20081008,978,9,DEV-DONGTAN2,False,True,False,1,rejected,parkd,2026-09-02,승인일 2008-10-08 < window 2014-01-01
A44517001,예당마을신일유토빌,경기도 화성동탄구 석우동 56 예당마을신일유토빌,경기도 화성시 동탄반석로 232,2008-10-28,20081028,626,6,DEV-DONGTAN2,False,True,False,1,rejected,parkd,2026-09-02,승인일 2008-10-28 < window 2014-01-01
A44516022,새강마을휴먼시아5단지2아파트,경기도 화성동탄구 반송동 159 새강마을휴먼시아5단지2아파트,경기도 화성시 동탄중앙로 99,2009-02-02,20090202,2342,19,DEV-DONGTAN2,False,True,False,1,rejected,parkd,2026-09-02,승인일 2009-02-02 < window 2014-01-01
A44575301,동탄 센트럴포레스트,경기도 화성동탄구 반송동 141 동탄 센트럴포레스트,경기도 화성시 동탄중앙로 119-14,2009-08-20,20090820,503,8,DEV-DONGTAN2,False,True,False,1,rejected,parkd,2026-09-02,승인일 2009-08-20 < window 2014-01-01
A44575302,동탄위버폴리스,경기도 화성동탄구 반송동 93-1 동탄위버폴리스,경기도 화성시 동탄지성로 17,2009-12-04,20091204,198,2,DEV-DONGTAN2,False,True,False,1,rejected,parkd,2026-09-02,승인일 2009-12-04 < window 2014-01-01
A44575307,동탄메타폴리스아파트,"경기도 화성동탄구 반송동 98,경기도 화성동탄구 반송동 96 동탄메타폴리스아파트","경기도 화성시 동탄중앙로 220,경기도 화성시 동탄중앙로 200",2010-09-03,20100903,1266,4,DEV-DONGTAN2,False,True,False,1,rejected,parkd,2026-09-02,승인일 2010-09-03 < window 2014-01-01
A44575306,동탄파라곤주상복합아파트,경기도 화성동탄구 반송동 93-3 동탄파라곤주상복합아파트,경기도 화성시 동탄반석로 172,2010-11-12,20101112,278,3,DEV-DONGTAN2,False,True,False,1,rejected,parkd,2026-09-02,승인일 2010-11-12 < window 2014-01-01
A44575305,동탄현대하이페리온,경기도 화성동탄구 반송동 93-9 동탄현대하이페리온,경기도 화성시 동탄반석로 156,2010-11-30,20101130,180,2,DEV-DONGTAN2,False,True,False,1,rejected,parkd,2026-09-02,승인일 2010-11-30 < window 2014-01-01
A44592111,화성 향남2지구 서봉마을1단지,경기도 화성만세구 향남읍 하길리 1444 화성 향남2지구 서봉마을1단지,경기도 화성시 상신하길로356번길 15,2014-11-27,20141127,544,4,DEV-DONGTAN2,False,False,True,1,rejected,parkd,2026-09-02,"법정동 ""향남읍""은 화성 동탄2 지구 밖 (원도심/타지구)"
A44592107,화성향남서봉마을2단지,경기도 화성만세구 향남읍 하길리 1447 화성향남서봉마을2단지,경기도 화성시 상신하길로356번길 29-16,2014-11-27,20141127,702,5,DEV-DONGTAN2,False,False,True,1,rejected,parkd,2026-09-02,"법정동 ""향남읍""은 화성 동탄2 지구 밖 (원도심/타지구)"
A44592108,화성향남오색마을사랑으로부영10단지,경기도 화성만세구 향남읍 하길리 443-2 화성향남오색마을사랑으로부영10단지,경기도 화성시 하길로 70,2014-11-28,20141128,980,11,DEV-DONGTAN2,False,False,True,1,rejected,parkd,2026-09-02,"법정동 ""향남읍""은 화성 동탄2 지구 밖 (원도심/타지구)"
A44592109,화성향남오색마을사랑으로부영11단지,경기도 화성만세구 향남읍 하길리 1505 화성향남오색마을사랑으로부영11단지,경기도 화성시 하길로 9,2014-11-28,20141128,1124,13,DEV-DONGTAN2,False,False,True,1,rejected,parkd,2026-09-02,"법정동 ""향남읍""은 화성 동탄2 지구 밖 (원도심/타지구)"
A44592110,화성향남오색마을사랑으로부영9단지,경기도 화성만세구 향남읍 하길리 432-2 화성향남오색마을사랑으로부영9단지,경기도 화성시 하길로 69,2014-11-28,20141128,684,7,DEV-DONGTAN2,False,False,True,1,rejected,parkd,2026-09-02,"법정동 ""향남읍""은 화성 동탄2 지구 밖 (원도심/타지구)"
A10028158,동탄역모아미래도아파트,경기도 화성동탄구 청계동 49-89 동탄역모아미래도아파트,경기도 화성시 동탄청계로 303-33,2015-01-23,20150123,460,5,DEV-DONGTAN2,False,True,True,2,confirmed,parkd,2026-09-02,
A10028167,동탄역 시범 예미지 아파트,"경기도 화성동탄구 청계동 510-30,경기도 화성동탄구 청계동 510-30 동탄역 시범 예미지 아파트",경기도 화성시 동탄대로시범길 192,2015-01-28,20150128,485,12,DEV-DONGTAN2,False,True,True,2,confirmed,parkd,2026-09-02,
A10028171,동탄역 시범 리슈빌아파트,경기도 화성동탄구 청계동 513 동탄역 시범 리슈빌아파트,경기도 화성시 동탄대로시범길 236,2015-01-29,20150129,656,15,DEV-DONGTAN2,False,True,True,2,confirmed,parkd,2026-09-02,
A10028071,동탄역센트럴자이아파트,경기도 화성동탄구 영천동 665 동탄역센트럴자이아파트,경기도 화성시 동탄대로22길 30,2015-01-29,20150129,559,10,DEV-DONGTAN2,False,True,True,2,confirmed,parkd,2026-09-02,
A10028132,동탄역이지더원아파트,경기도 화성동탄구 영천동 672 동탄역이지더원아파트,경기도 화성시 동탄순환대로28길 17,2015-02-05,20150205,642,12,DEV-DONGTAN2,False,True,True,2,confirmed,parkd,2026-09-02,
A10028002,동탄역KCC스위첸아파트,경기도 화성동탄구 청계동 303-14 동탄역KCC스위첸아파트,경기도 화성시 동탄청계로 303-14,2015-02-11,20150211,640,7,DEV-DONGTAN2,False,True,True,2,confirmed,parkd,2026-09-02,
A10028055,동탄역 시범우남퍼스트빌,경기도 화성동탄구 청계동 35 동탄역 시범우남퍼스트빌,경기도 화성시 동탄대로시범길 276,2015-02-12,20150212,1442,16,DEV-DONGTAN2,False,True,True,2,confirmed,parkd,2026-09-02,
A10028048,동탄역시범호반써밋,경기도 화성동탄구 청계동 525 동탄역시범호반써밋,경기도 화성시 동탄대로시범길 122,2015-02-12,20150212,1002,13,DEV-DONGTAN2,False,True,True,2,confirmed,parkd,2026-09-02,
A10028164,SK뷰파크 아파트,"경기도 화성병점구 반월동 777,경기도 화성병점구 반월동 944 SK뷰파크 아파트",경기도 화성시 동탄원천로 382-37,2015-02-17,20150217,1967,25,DEV-DONGTAN2,False,False,True,1,rejected,parkd,2026-09-02,"법정동 ""반월동""은 화성 동탄2 지구 밖 (원도심/타지구)"
A10028120,동탄역시범대원칸타빌,경기도 화성동탄구 청계동 516 동탄역시범대원칸타빌,경기도 화성시 동탄대로시범길 53,2015-03-30,20150330,498,9,DEV-DONGTAN2,False,True,True,2,confirmed,parkd,2026-09-02,
A10027928,동탄역센트럴푸르지오,경기도 화성동탄구 청계동 510-889 동탄역센트럴푸르지오,경기도 화성시 동탄순환대로21길 54,2015-06-12,20150612,1348,11,DEV-DONGTAN2,False,True,True,2,confirmed,parkd,2026-09-02,
A10027988,화성향남서봉마을 사랑으로 부영3단지,경기도 화성만세구 향남읍 상신리 328-21 화성향남서봉마을 사랑으로 부영3단지,경기도 화성시 상신하길로328번길 21,2015-06-23,20150623,1122,12,DEV-DONGTAN2,False,False,True,1,rejected,parkd,2026-09-02,"법정동 ""향남읍""은 화성 동탄2 지구 밖 (원도심/타지구)"
A10027964,서봉마을 모아엘가아파트,경기도 화성만세구 향남읍 하길리 1473 서봉마을 모아엘가아파트,경기도 화성시 상신하길로274번길 61,2015-06-24,20150624,496,6,DEV-DONGTAN2,False,False,True,1,rejected,parkd,2026-09-02,"법정동 ""향남읍""은 화성 동탄2 지구 밖 (원도심/타지구)"
A10027890,동탄역롯데캐슬알바트로스아파트,경기도 화성동탄구 청계동 510-582 동탄역롯데캐슬알바트로스아파트,경기도 화성시 동탄순환대로21길 53,2015-07-03,20150703,1416,16,DEV-DONGTAN2,False,True,True,2,confirmed,parkd,2026-09-02,
A10027966,동탄역호반써밋,경기도 화성동탄구 청계동 49-102 동탄역호반써밋,경기도 화성시 동탄순환대로22길 45,2015-07-10,20150710,922,9,DEV-DONGTAN2,False,True,True,2,confirmed,parkd,2026-09-02,
A10027952,동화마을 신동아 파밀리에 아파트,경기도 화성효행구 봉담읍 동화리 647 동화마을 신동아 파밀리에 아파트,경기도 화성시 동화새터길 55-39,2015-07-31,20150731,699,9,DEV-DONGTAN2,False,True,True,2,rejected,parkd,2026-09-02,"법정동 ""봉담읍""은 화성 동탄2 지구 밖 (원도심/타지구)"
A10027729,동탄역시범더샵센트럴시티아파트,경기도 화성동탄구 청계동 519 동탄역시범더샵센트럴시티아파트,경기도 화성시 동탄대로시범길 19,2015-08-21,20150821,874,8,DEV-DONGTAN2,False,True,True,2,confirmed,parkd,2026-09-02,
A10027732,동탄역대원칸타빌 포레지움,경기도 화성동탄구 청계동 558 동탄역대원칸타빌 포레지움,경기도 화성시 동탄순환대로21길 54,2015-08-30,20150830,714,8,DEV-DONGTAN2,False,True,True,2,confirmed,parkd,2026-09-02,
A10027830,동탄역시범한화꿈에그린프레스티지아파트,경기도 화성동탄구 청계동 510-88 동탄역시범한화꿈에그린프레스티지아파트,경기도 화성시 동탄대로시범길 20,2015-09-25,20150925,1817,25,DEV-DONGTAN2,False,True,True,2,confirmed,parkd,2026-09-02,
A10027646,동탄역 신안인스빌리베라,경기도 화성동탄구 청계동 545 동탄역 신안인스빌리베라,경기도 화성시 동탄순환대로21길 15,2015-10-19,20151019,913,13,DEV-DONGTAN2,False,True,True,2,confirmed,parkd,2026-09-02,
A10027798,화성동탄상록리슈빌아파트,경기도 화성동탄구 영천동 651-1488 화성동탄상록리슈빌아파트,경기도 화성시 동탄순환대로 706,2015-11-11,20151111,672,8,DEV-DONGTAN2,False,True,True,2,confirmed,parkd,2026-09-02,
A10027806,동탄2 LH 4단지,경기도 화성동탄구 영천동 722 동탄2 LH 4단지,경기도 화성시 동탄순환대로24길 11,2015-12-02,20151202,2147,16,DEV-DONGTAN2,False,True,True,2,confirmed,parkd,2026-09-02,
A10027768,동탄역 시범반도유보라아이비파크1.0,경기도 화성동탄구 청계동 510-838 동탄역 시범반도유보라아이비파크1.0,경기도 화성시 동탄대로시범길 168,2015-12-22,20151222,904,12,DEV-DONGTAN2,False,True,True,2,confirmed,parkd,2026-09-02,
A10027694,남양뉴타운 양우내안애아파트,경기도 화성만세구 남양읍 남양리 1800 남양뉴타운 양우내안애아파트,경기도 화성시 시청로32번길 59,2016-01-20,20160120,398,5,DEV-DONGTAN2,False,False,True,1,rejected,parkd,2026-09-02,"법정동 ""남양읍""은 화성 동탄2 지구 밖 (원도심/타지구)"
A10027606,동탄역반도유보라아이비파크2.0 아파트,경기도 화성동탄구 영천동 716 동탄역반도유보라아이비파크2.0 아파트,경기도 화성시 동탄순환대로26길 55,2016-02-05,20160205,999,11,DEV-DONGTAN2,False,True,True,2,confirmed,parkd,2026-09-02,
A10027565,우방아이유쉘1단지아파트,"경기도 화성효행구 봉담읍 수영리 674,경기도 화성효행구 봉담읍 수영리 674 우방아이유쉘1단지아파트",경기도 화성시 수영로 60-10,2016-04-29,20160429,488,6,DEV-DONGTAN2,False,False,True,1,rejected,parkd,2026-09-02,"법정동 ""봉담읍""은 화성 동탄2 지구 밖 (원도심/타지구)"
A10027529,(주)이오티앤디 반월자이더 파크아파트,경기도 화성병점구 반월동 959 (주)이오티앤디 반월자이더 파크아파트,경기도 화성시 동탄지성로 395-6,2016-04-29,20160429,468,8,DEV-DONGTAN2,False,False,True,1,rejected,parkd,2026-09-02,"법정동 ""반월동""은 화성 동탄2 지구 밖 (원도심/타지구)"
A10027469,화성남양뉴타운lh4단지,경기도 화성만세구 남양읍 남양리 2233 화성남양뉴타운lh4단지,경기도 화성시 시청로45번길 96,2016-05-27,20160527,876,6,DEV-DONGTAN2,False,False,True,1,rejected,parkd,2026-09-02,"법정동 ""남양읍""은 화성 동탄2 지구 밖 (원도심/타지구)"
A10027427,서봉마을 5단지,경기도 화성만세구 향남읍 하길리 1477 서봉마을 5단지,경기도 화성시 상신하길로273번길 60,2016-06-17,20160617,1242,9,DEV-DONGTAN2,False,False,True,1,rejected,parkd,2026-09-02,"법정동 ""향남읍""은 화성 동탄2 지구 밖 (원도심/타지구)"
A10027386,동탄2 경남아너스빌아파트,경기도 화성동탄구 영천동 677 동탄2 경남아너스빌아파트,경기도 화성시 동탄순환대로25길 21,2016-07-20,20160720,344,4,DEV-DONGTAN2,False,True,True,2,confirmed,parkd,2026-09-02,
A10027465,동탄2 반도유보라아이비파크3차아파트,"경기도 화성동탄구 여울동 474-9,경기도 화성동탄구 여울동 474-9 동탄2 반도유보라아이비파크3차아파트",경기도 화성시 동탄대로12길 17,2016-07-20,20160720,1135,17,DEV-DONGTAN2,False,True,True,2,confirmed,parkd,2026-09-02,
A10027436,동탄2 금강펜테리움 1차아파트,경기도 화성동탄구 여울동 967-2269 동탄2 금강펜테리움 1차아파트,경기도 화성시 동탄대로12길 64,2016-07-25,20160725,827,13,DEV-DONGTAN2,False,True,True,2,confirmed,parkd,2026-09-02,
A10027423,향남7단지 부영아파트,경기도 화성만세구 향남읍 하길리 1474 향남7단지 부영아파트,경기도 화성시 상신하길로274번길 21,2016-08-03,20160803,948,11,DEV-DONGTAN2,False,False,True,1,rejected,parkd,2026-09-02,"법정동 ""향남읍""은 화성 동탄2 지구 밖 (원도심/타지구)"
A10027334,신안인스빌리베라2차아파트,경기도 화성동탄구 청계동 547 신안인스빌리베라2차아파트,경기도 화성시 동탄청계로 303-13,2016-10-18,20161018,644,8,DEV-DONGTAN2,False,True,True,2,confirmed,parkd,2026-09-02,
A10027187,화성남양LH9단지,경기도 화성만세구 남양읍 남양리  화성남양LH9단지,경기도 화성시 남양중앙로 316,2016-10-28,20161028,782,5,DEV-DONGTAN2,False,False,True,1,rejected,parkd,2026-09-02,"법정동 ""남양읍""은 화성 동탄2 지구 밖 (원도심/타지구)"
A10027291,동탄2 LH26단지(65BL)아파트,경기도 화성동탄구 송동 692 동탄2 LH26단지(65BL)아파트,경기도 화성시 동탄대로9길 20,2016-11-03,20161103,917,15,DEV-DONGTAN2,False,True,True,2,confirmed,parkd,2026-09-02,
A10027281,동탄2신도시 하우스디 더 레이크,경기도 화성동탄구 송동 693 동탄2신도시 하우스디 더 레이크,경기도 화성시 동탄대로9길 19,2016-11-03,20161103,1552,14,DEV-DONGTAN2,False,True,True,2,confirmed,parkd,2026-09-02,
A10027196,병점역양우내안애아파트,경기도 화성병점구 병점동 872 병점역양우내안애아파트,경기도 화성시 병점중앙로21번길 32,2016-11-30,20161130,268,4,DEV-DONGTAN2,False,False,True,1,rejected,parkd,2026-09-02,"법정동 ""병점동""은 화성 동탄2 지구 밖 (원도심/타지구)"
A10027257,동탄역에일린의 뜰,경기도 화성동탄구 여울동 998 동탄역에일린의 뜰,경기도 화성시 동탄기흥로353번길 77,2016-12-09,20161209,489,9,DEV-DONGTAN2,False,True,True,2,confirmed,parkd,2026-09-02,
A10027095,센트럴힐즈 동탄아파트,경기도 화성동탄구 여울동 40 센트럴힐즈 동탄아파트,경기도 화성시 동탄대로12길 71,2017-01-20,20170120,652,8,DEV-DONGTAN2,False,True,True,2,confirmed,parkd,2026-09-02,
A10027133,동탄2 LH C26단지 행복주택,경기도 화성동탄구 여울동 1017 동탄2 LH C26단지 행복주택,경기도 화성시 동탄기흥로 11,2017-02-13,20170213,608,6,DEV-DONGTAN2,False,True,True,2,confirmed,parkd,2026-09-02,
A10027161,봉담센트럴푸르지오,경기도 화성효행구 봉담읍 와우리 597 봉담센트럴푸르지오,경기도 화성시 와우로34번길 12,2017-02-15,20170215,1265,12,DEV-DONGTAN2,False,False,True,1,rejected,parkd,2026-09-02,"법정동 ""봉담읍""은 화성 동탄2 지구 밖 (원도심/타지구)"
A10027114,이편한세상 반월나노시티역,경기도 화성병점구 반월동 960 이편한세상 반월나노시티역,경기도 화성시 효행로 1337-23,2017-02-23,20170223,1387,12,DEV-DONGTAN2,False,False,True,1,rejected,parkd,2026-09-02,"법정동 ""반월동""은 화성 동탄2 지구 밖 (원도심/타지구)"
A10027117,동탄역더힐아파트,경기도 화성동탄구 청계동 556 동탄역더힐아파트,경기도 화성시 동탄순환대로22길 46,2017-02-28,20170228,718,13,DEV-DONGTAN2,False,True,True,2,confirmed,parkd,2026-09-02,
A10027122,동탄역 포레너스 입주자대표회의,경기도 화성동탄구 영천동 720 동탄역 포레너스 입주자대표회의,경기도 화성시 동탄대로24길 199,2017-03-06,20170306,1316,18,DEV-DONGTAN2,False,True,True,2,confirmed,parkd,2026-09-02,
A10026952,봉담우방아이유쉘2차아파트,경기도 화성효행구 봉담읍 수영리 679 봉담우방아이유쉘2차아파트,경기도 화성시 수영로 61-7,2017-04-26,20170426,351,6,DEV-DONGTAN2,False,False,True,1,rejected,parkd,2026-09-02,"법정동 ""봉담읍""은 화성 동탄2 지구 밖 (원도심/타지구)"
A10026985,동탄 호반써밋포레,경기도 화성동탄구 목동 494 동탄 호반써밋포레,경기도 화성시 동탄신리천로1길 74,2017-06-02,20170602,1695,22,DEV-DONGTAN2,False,True,True,2,confirmed,parkd,2026-09-02,
A10026957,동탄역푸르지오,경기도 화성동탄구 영천동 321-1 동탄역푸르지오,경기도 화성시 동탄순환대로 881-10,2017-06-23,20170623,832,10,DEV-DONGTAN2,False,True,True,2,confirmed,parkd,2026-09-02,
A10026909,동탄역시범 금강펜테리움 센트럴파크3,경기도 화성동탄구 청계동 514 동탄역시범 금강펜테리움 센트럴파크3,경기도 화성시 동탄대로시범길 235,2017-06-29,20170629,252,5,DEV-DONGTAN2,False,True,True,2,confirmed,parkd,2026-09-02,
A10026888,동탄역센트럴상록아파트,경기도 화성동탄구 영천동 662 동탄역센트럴상록아파트,경기도 화성시 동탄대로22길 9,2017-06-30,20170630,1005,9,DEV-DONGTAN2,False,True,True,2,confirmed,parkd,2026-09-02,
A10026793,화성향남2 언덕마을18단지,경기도 화성만세구 향남읍 상신리 1331 화성향남2 언덕마을18단지,경기도 화성시 상신하길로 35,2017-07-07,20170707,1742,10,DEV-DONGTAN2,False,False,True,1,rejected,parkd,2026-09-02,"법정동 ""향남읍""은 화성 동탄2 지구 밖 (원도심/타지구)"
A10026788,동탄호수공원금강펜테리움센트럴파크2차,경기도 화성동탄구 산척동  동탄호수공원금강펜테리움센트럴파크2차,경기도 화성시 동탄산척로2길 56,2017-07-28,20170728,908,10,DEV-DONGTAN2,False,True,True,2,confirmed,parkd,2026-09-02,
A10026893,SK VIEW Park 2차 아파트,경기도 화성병점구 기산동 476 SK VIEW Park 2차 아파트,경기도 화성시 동탄지성로 256,2017-07-31,20170731,1196,14,DEV-DONGTAN2,False,False,True,1,rejected,parkd,2026-09-02,"법정동 ""기산동""은 화성 동탄2 지구 밖 (원도심/타지구)"
A10026807,양우내안애2차에듀타운아파트,경기도 화성만세구 남양읍 남양리 2300 양우내안애2차에듀타운아파트,경기도 화성시 시청로102번길 12,2017-08-21,20170821,460,9,DEV-DONGTAN2,False,False,True,1,rejected,parkd,2026-09-02,"법정동 ""남양읍""은 화성 동탄2 지구 밖 (원도심/타지구)"
A10026751,화성향남언덕마을사랑으로부영17단지,경기도 화성만세구 향남읍 상신리 1330 화성향남언덕마을사랑으로부영17단지,경기도 화성시 상신하길로 65,2017-09-14,20170914,942,11,DEV-DONGTAN2,False,False,True,1,rejected,parkd,2026-09-02,"법정동 ""향남읍""은 화성 동탄2 지구 밖 (원도심/타지구)"
A10026805,동탄역 반도유보라아이비파크5차,경기도 화성동탄구 여울동 988 동탄역 반도유보라아이비파크5차,경기도 화성시 동탄기흥로 393-15,2017-09-14,20170914,545,5,DEV-DONGTAN2,False,True,True,2,confirmed,parkd,2026-09-02,
A10026774,동탄역 반도유보라아이비파크6차,경기도 화성동탄구 여울동 972 동탄역 반도유보라아이비파크6차,경기도 화성시 동탄기흥로 479-12,2017-09-14,20170914,532,6,DEV-DONGTAN2,False,True,True,2,confirmed,parkd,2026-09-02,
A10026740,동탄역 센트럴예미지 아파트,경기도 화성동탄구 영천동 670 동탄역 센트럴예미지 아파트,경기도 화성시 동탄순환대로27길 45,2017-09-27,20170927,451,5,DEV-DONGTAN2,False,True,True,2,confirmed,parkd,2026-09-02,
A10026696,화성안녕우방아이유쉘아파트,경기도 화성병점구 안녕동 223 화성안녕우방아이유쉘아파트,경기도 화성시 안녕남로 246-21,2017-10-13,20171013,796,8,DEV-DONGTAN2,False,False,True,1,rejected,parkd,2026-09-02,"법정동 ""안녕동""은 화성 동탄2 지구 밖 (원도심/타지구)"
A10026689,동탄2 르파비스,경기도 화성동탄구 목동  동탄2 르파비스,경기도 화성시 동탄순환대로20길 115,2017-11-07,20171107,876,10,DEV-DONGTAN2,False,True,True,2,confirmed,parkd,2026-09-02,
A10026496,동탄2 서희스타힐스24단지,경기도 화성동탄구 산척동  동탄2 서희스타힐스24단지,경기도 화성시 동탄순환대로17길 15,2017-11-22,20171122,882,8,DEV-DONGTAN2,False,True,True,2,confirmed,parkd,2026-09-02,
A10026641,화성봉담2LH3단지,"경기도 화성효행구 봉담읍 상리 627-3,경기도 화성효행구 봉담읍 수영리  화성봉담2LH3단지",경기도 화성시 상리3길 135,2017-11-28,20171128,1388,8,DEV-DONGTAN2,False,False,True,1,rejected,parkd,2026-09-02,"법정동 ""봉담읍""은 화성 동탄2 지구 밖 (원도심/타지구)"
A10026506,화성 봉담2 LH2단지 아파트,경기도 화성효행구 봉담읍 상리 695 화성 봉담2 LH2단지 아파트,경기도 화성시 상리1길 37,2017-11-29,20171129,1028,6,DEV-DONGTAN2,False,False,True,1,rejected,parkd,2026-09-02,"법정동 ""봉담읍""은 화성 동탄2 지구 밖 (원도심/타지구)"
A10026584,호반베르디움22단지,경기도 화성동탄구 목동  호반베르디움22단지,경기도 화성시 동탄순환대로20길 104,2017-12-11,20171211,746,10,DEV-DONGTAN2,False,True,True,2,confirmed,parkd,2026-09-02,
A10026587,레이크반도유보라아이비파크9.0,경기도 화성동탄구 장지동 1009 레이크반도유보라아이비파크9.0,경기도 화성시 동탄대로4길 95,2017-12-28,20171228,689,13,DEV-DONGTAN2,False,True,True,2,confirmed,parkd,2026-09-02,
A10026549,남양1차 시티프라디움,경기도 화성만세구 남양읍 남양리 2312 남양1차 시티프라디움,경기도 화성시 시청로102번길 51,2018-01-12,20180112,813,12,DEV-DONGTAN2,False,False,True,1,rejected,parkd,2026-09-02,"법정동 ""남양읍""은 화성 동탄2 지구 밖 (원도심/타지구)"
A10026473,동탄2 LH1단지 A6블록아파트,경기도 화성동탄구 영천동  동탄2 LH1단지 A6블록아파트,경기도 화성시 동탄대로24가길 27,2018-01-15,20180115,946,4,DEV-DONGTAN2,False,True,True,2,confirmed,parkd,2026-09-02,
A10026518,동탄파크푸르지오아파트,경기도 화성동탄구 영천동  동탄파크푸르지오아파트,경기도 화성시 동탄대로24가길 7,2018-01-15,20180115,913,10,DEV-DONGTAN2,False,True,True,2,confirmed,parkd,2026-09-02,
A10026527,더 펠리체 휴먼빌아파트,경기도 화성만세구 새솔동 23 더 펠리체 휴먼빌아파트,경기도 화성시 수노을1로 235,2018-01-18,20180118,750,12,DEV-DONGTAN2,False,False,True,1,rejected,parkd,2026-09-02,"법정동 ""새솔동""은 화성 동탄2 지구 밖 (원도심/타지구)"
A10026352,송산그린시티반도유보라아이비파크,경기도 화성만세구 새솔동 22 송산그린시티반도유보라아이비파크,경기도 화성시 수노을1로 236,2018-01-25,20180125,980,12,DEV-DONGTAN2,False,False,True,1,rejected,parkd,2026-09-02,"법정동 ""새솔동""은 화성 동탄2 지구 밖 (원도심/타지구)"
A10026260,송산이지더원레이크뷰아파트,경기도 화성만세구 새솔동  송산이지더원레이크뷰아파트,경기도 화성시 수노을1로 191,2018-01-26,20180126,782,11,DEV-DONGTAN2,False,False,True,1,rejected,parkd,2026-09-02,"법정동 ""새솔동""은 화성 동탄2 지구 밖 (원도심/타지구)"
A10026355,동탄2 반도유보라아이비파크4차아파트,경기도 화성동탄구 청계동 536 동탄2 반도유보라아이비파크4차아파트,경기도 화성시 동탄대로시범길 134,2018-01-29,20180129,740,6,DEV-DONGTAN2,False,True,True,2,confirmed,parkd,2026-09-02,
A10026519,서동탄역파크자이아파트,경기도 화성병점구 능동 1282-0000 서동탄역파크자이아파트,경기도 화성시 서동탄로 53,2018-01-30,20180130,982,11,DEV-DONGTAN2,False,False,True,1,rejected,parkd,2026-09-02,"법정동 ""능동""은 화성 동탄2 지구 밖 (원도심/타지구)"
A10026535,동탄금강펜테리움센트럴파크4,경기도 화성동탄구 목동  동탄금강펜테리움센트럴파크4,경기도 화성시 동탄순환대로20길 45,2018-01-30,20180130,1195,18,DEV-DONGTAN2,False,True,True,2,confirmed,parkd,2026-09-02,
A10026422,e편한세상동탄아파트,경기도 화성동탄구 목동 118-17 e편한세상동탄아파트,경기도 화성시 동탄순환대로20길 31,2018-01-31,20180131,1526,19,DEV-DONGTAN2,False,True,True,2,confirmed,parkd,2026-09-02,
A10026485,남양시티프라디움2차,"경기도 화성만세구 남양읍 남양리 1309-2,경기도 화성만세구 남양읍 남양리  남양시티프라디움2차",경기도 화성시 남양천로 45,2018-02-01,20180201,499,9,DEV-DONGTAN2,False,False,True,1,rejected,parkd,2026-09-02,"법정동 ""남양읍""은 화성 동탄2 지구 밖 (원도심/타지구)"
A10026464,동탄행복마을푸르지오,경기도 화성동탄구 영천동 718 동탄행복마을푸르지오,경기도 화성시 동탄순환대로26길 81,2018-02-12,20180212,1135,11,DEV-DONGTAN2,False,True,True,2,confirmed,parkd,2026-09-02,
A10026380,동탄호수자이파밀리에,"경기도 화성동탄구 장지동 ,경기도 화성동탄구 장지동 4-1 동탄호수자이파밀리에",경기도 화성시 동탄대로2길 19,2018-03-12,20180312,1067,11,DEV-DONGTAN2,False,True,True,2,confirmed,parkd,2026-09-02,
A10026319,동탄레이크자이더테라스,경기도 화성동탄구 송동 696 동탄레이크자이더테라스,"경기도 화성시 동탄순환대로1길 64,경기도 화성시 동탄순환대로1길 99",2018-04-11,20180411,483,27,DEV-DONGTAN2,False,True,True,2,confirmed,parkd,2026-09-02,
A10026265,동광뷰엘아파트,경기도 화성만세구 남양읍 남양리 1569 동광뷰엘아파트,경기도 화성시 역골중앙로 118,2018-05-31,20180531,673,8,DEV-DONGTAN2,False,False,True,1,rejected,parkd,2026-09-02,"법정동 ""남양읍""은 화성 동탄2 지구 밖 (원도심/타지구)"
A10026176,신동탄 롯데캐슬아파트,경기도 화성병점구 반월동 962 신동탄 롯데캐슬아파트,경기도 화성시 효행로 1338-44,2018-05-31,20180531,1185,13,DEV-DONGTAN2,False,True,True,2,rejected,parkd,2026-09-02,"법정동 ""반월동""은 화성 동탄2 지구 밖 (원도심/타지구)"
A10026206,동탄2 롯데캐슬,경기도 화성동탄구 장지동 95 동탄2 롯데캐슬,경기도 화성시 동탄대로2길 49,2018-06-01,20180601,612,9,DEV-DONGTAN2,False,True,True,2,confirmed,parkd,2026-09-02,
A10026203,송산대방1차,경기도 화성만세구 새솔동 14 송산대방1차,경기도 화성시 수노을1로 148,2018-06-21,20180621,731,8,DEV-DONGTAN2,False,False,True,1,rejected,parkd,2026-09-02,"법정동 ""새솔동""은 화성 동탄2 지구 밖 (원도심/타지구)"
A10026103,금호어울림레이크아파트,경기도 화성동탄구 장지동 966 금호어울림레이크아파트,경기도 화성시 동탄대로4길 17,2018-06-21,20180621,812,10,DEV-DONGTAN2,False,True,True,2,confirmed,parkd,2026-09-02,
A10026126,동탄호반베르디움6차아파트,"경기도 화성동탄구 장지동 ,경기도 화성동탄구 장지동 98 동탄호반베르디움6차아파트",경기도 화성시 동탄대로4다길 78,2018-07-05,20180705,14,7,DEV-DONGTAN2,False,True,True,2,confirmed,parkd,2026-09-02,
A10026029,동원로얄듀크1차아파트,경기도 화성동탄구 영천동  동원로얄듀크1차아파트,경기도 화성시 동탄첨단산업2로 14,2018-07-16,20180716,434,6,DEV-DONGTAN2,False,True,True,2,confirmed,parkd,2026-09-02,
A10025975,서봉마을 사랑으로 부영6단지 아파트,경기도 화성만세구 향남읍 하길리 1475 서봉마을 사랑으로 부영6단지 아파트,경기도 화성시 상신하길로 295,2018-07-19,20180719,1005,12,DEV-DONGTAN2,False,False,True,1,rejected,parkd,2026-09-02,"법정동 ""향남읍""은 화성 동탄2 지구 밖 (원도심/타지구)"
A10026127,반도유보라아이비파크 10.0 1단지,경기도 화성동탄구 산척동 744 반도유보라아이비파크 10.0 1단지,경기도 화성시 동탄순환대로12길 85,2018-07-19,20180719,1241,15,DEV-DONGTAN2,False,True,True,2,confirmed,parkd,2026-09-02,
A10026132,동탄역 더샵센트럴시티2차아파트,경기도 화성동탄구 여울동 675 동탄역 더샵센트럴시티2차아파트,경기도 화성시 동탄감배산로 19,2018-07-25,20180725,745,10,DEV-DONGTAN2,False,True,True,2,confirmed,parkd,2026-09-02,
A10026074,동탄파크자이아파트,"경기도 화성동탄구 영천동 651-1372,경기도 화성동탄구 중동  동탄파크자이아파트",경기도 화성시 동탄대로24길 117,2018-07-30,20180730,979,19,DEV-DONGTAN2,False,True,True,2,confirmed,parkd,2026-09-02,
A10026087,한신더휴아파트,"경기도 화성동탄구 목동 188-1,경기도 화성동탄구 목동  한신더휴아파트",경기도 화성시 동탄순환대로20길 70,2018-08-14,20180814,930,11,DEV-DONGTAN2,False,True,True,2,confirmed,parkd,2026-09-02,
A10026067,동탄2제일풍경채아파트,"경기도 화성동탄구 장지동 ,경기도 화성동탄구 장지동 19-3 동탄2제일풍경채아파트",경기도 화성시 동탄대로4가길 26,2018-08-27,20180827,624,9,DEV-DONGTAN2,False,True,True,2,confirmed,parkd,2026-09-02,
A10026055,향남 서봉마을4단지 모아미래도,경기도 화성만세구 향남읍 하길리 1515 향남 서봉마을4단지 모아미래도,경기도 화성시 상신하길로273번길 57,2018-08-29,20180829,894,13,DEV-DONGTAN2,False,False,True,1,rejected,parkd,2026-09-02,"법정동 ""향남읍""은 화성 동탄2 지구 밖 (원도심/타지구)"
A10026008,동탄역 린스트라우스,경기도 화성동탄구 여울동 1020 동탄역 린스트라우스,경기도 화성시 동탄역로 102,2018-09-06,20180906,617,3,DEV-DONGTAN2,False,True,True,2,confirmed,parkd,2026-09-02,
A10026035,서동탄역파크자이2차 아파트,"경기도 화성병점구 능동 0687-0007,경기도 화성병점구 능동 1283-0000 서동탄역파크자이2차 아파트",경기도 화성시 서동탄로 11,2018-09-27,20180927,376,5,DEV-DONGTAN2,False,False,True,1,rejected,parkd,2026-09-02,"법정동 ""능동""은 화성 동탄2 지구 밖 (원도심/타지구)"
A10025968,동탄2신도시 베라체아파트,"경기도 화성동탄구 목동 119,경기도 화성동탄구 목동  동탄2신도시 베라체아파트",경기도 화성시 동탄순환대로20길 13,2018-10-04,20181004,859,10,DEV-DONGTAN2,False,True,True,2,confirmed,parkd,2026-09-02,
A10025988,송산요진와이시티,경기도 화성만세구 새솔동  송산요진와이시티,경기도 화성시 수노을1로 147,2018-10-11,20181011,680,9,DEV-DONGTAN2,False,False,True,1,rejected,parkd,2026-09-02,"법정동 ""새솔동""은 화성 동탄2 지구 밖 (원도심/타지구)"
A10025962,동탄역 반도유보라 아이비파크 8차아파트,경기도 화성동탄구 여울동 973 동탄역 반도유보라 아이비파크 8차아파트,경기도 화성시 동탄광역환승로 73,2018-10-19,20181019,671,5,DEV-DONGTAN2,False,True,True,2,confirmed,parkd,2026-09-02,
A10025885,더레이크파크뷰아파트,경기도 화성동탄구 산척동 722 더레이크파크뷰아파트,경기도 화성시 동탄대로8길 91,2018-11-28,20181128,641,7,DEV-DONGTAN2,False,True,True,2,confirmed,parkd,2026-09-02,
A10025900,동탄호수공원역 레이크시티 아파트,경기도 화성동탄구 산척동 733 동탄호수공원역 레이크시티 아파트,경기도 화성시 동탄대로6길 84,2018-11-28,20181128,818,10,DEV-DONGTAN2,False,True,True,2,confirmed,parkd,2026-09-02,
A10025868,더레이크 에듀파크 아파트 입주자대표회의,경기도 화성동탄구 산척동 721 더레이크 에듀파크 아파트 입주자대표회의,경기도 화성시 동탄대로8길 65,2018-11-29,20181129,520,6,DEV-DONGTAN2,False,True,True,2,confirmed,parkd,2026-09-02,
A10025909,동탄  더  레이크 팰리스,"경기도 화성동탄구 산척동 129,경기도 화성동탄구 산척동  동탄  더  레이크 팰리스",경기도 화성시 동탄대로8길 35,2018-11-29,20181129,706,8,DEV-DONGTAN2,False,True,True,2,confirmed,parkd,2026-09-02,
A10025880,동탄 2 NHF 경남 아너스빌 아파트,"경기도 화성동탄구 목동 25-1,경기도 화성동탄구 목동  동탄 2 NHF 경남 아너스빌 아파트",경기도 화성시 동탄순환대로20길 69,2018-12-06,20181206,924,12,DEV-DONGTAN2,False,True,True,2,confirmed,parkd,2026-09-02,
A10025798,호수공원역 센트리체,경기도 화성동탄구 산척동 730 호수공원역 센트리체,경기도 화성시 동탄대로6길 50,2018-12-12,20181212,868,11,DEV-DONGTAN2,False,True,True,2,confirmed,parkd,2026-09-02,
A10025824,유보라아이비파크 10.0 2단지,경기도 화성동탄구 산척동 1-79 유보라아이비파크 10.0 2단지,경기도 화성시 동탄순환대로10길 88,2018-12-14,20181214,1515,21,DEV-DONGTAN2,False,True,True,2,confirmed,parkd,2026-09-02,
A10025790,동탄역 중흥S-클래스아파트,"경기도 화성동탄구 여울동 873-3,경기도 화성동탄구 여울동  동탄역 중흥S-클래스아파트",경기도 화성시 동부대로 951,2019-01-09,20190109,436,10,DEV-DONGTAN2,False,True,True,2,confirmed,parkd,2026-09-02,
A10025771,동탄역 반도유보라 아이비파크7.0 아파트,경기도 화성동탄구 여울동 971 동탄역 반도유보라 아이비파크7.0 아파트,경기도 화성시 동탄광역환승로 63,2019-01-16,20190116,710,4,DEV-DONGTAN2,False,True,True,2,confirmed,parkd,2026-09-02,
A10025712,SK뷰파크3차,경기도 화성병점구 기산동 478 SK뷰파크3차,경기도 화성시 동탄지성로 319-19,2019-01-22,20190122,1086,13,DEV-DONGTAN2,False,False,True,1,rejected,parkd,2026-09-02,"법정동 ""기산동""은 화성 동탄2 지구 밖 (원도심/타지구)"
A10025603,힐스테이트동탄,경기도 화성동탄구 목동  힐스테이트동탄,경기도 화성시 동탄순환대로19길 59,2019-02-22,20190222,1479,16,DEV-DONGTAN2,False,True,True,2,confirmed,parkd,2026-09-02,
A10025680,동탄 더샵 레이크에듀타운아파트,경기도 화성동탄구 산척동 699 동탄 더샵 레이크에듀타운아파트,경기도 화성시 동탄대로10길 20,2019-03-01,20190301,1538,16,DEV-DONGTAN2,False,True,True,2,confirmed,parkd,2026-09-02,
A10025622,동탄 동원로얄듀크2차,경기도 화성동탄구 목동  동탄 동원로얄듀크2차,경기도 화성시 동탄순환대로19길 21,2019-03-07,20190307,761,8,DEV-DONGTAN2,False,True,True,2,confirmed,parkd,2026-09-02,
A10025552,동탄금호어울림레이크2차,경기도 화성동탄구 장지동 923 동탄금호어울림레이크2차,경기도 화성시 동탄대로1길 32,2019-03-15,20190315,681,9,DEV-DONGTAN2,False,True,True,2,confirmed,parkd,2026-09-02,
A10025590,동탄2 IPARK 1단지 아파트,경기도 화성동탄구 장지동 24 동탄2 IPARK 1단지 아파트,경기도 화성시 동탄대로4길 123,2019-03-20,20190320,470,6,DEV-DONGTAN2,False,True,True,2,confirmed,parkd,2026-09-02,
A10025583,동탄2 아이파크A100BL,경기도 화성동탄구 장지동 623 동탄2 아이파크A100BL,경기도 화성시 동탄대로4길 143,2019-03-20,20190320,510,9,DEV-DONGTAN2,False,True,True,2,confirmed,parkd,2026-09-02,
A10025529,동탄 중흥S클래스 에듀하이 아파트,경기도 화성동탄구 산척동 1-68 동탄 중흥S클래스 에듀하이 아파트,경기도 화성시 동탄순환대로17길 31,2019-04-05,20190405,1194,16,DEV-DONGTAN2,False,True,True,2,confirmed,parkd,2026-09-02,
A10025520,행복주택28단지,경기도 화성동탄구 장지동 910-345 행복주택28단지,경기도 화성시 동탄순환대로2길 13,2019-05-13,20190513,816,3,DEV-DONGTAN2,False,True,True,2,confirmed,parkd,2026-09-02,
A10025510,호수공원역 센트럴시티,경기도 화성동탄구 산척동 593 호수공원역 센트럴시티,경기도 화성시 동탄대로6길 20,2019-05-17,20190517,1080,12,DEV-DONGTAN2,False,True,True,2,confirmed,parkd,2026-09-02,
A10025432,봉담한신더휴에듀파크아파트,경기도 화성효행구 봉담읍 와우리 602 봉담한신더휴에듀파크아파트,경기도 화성시 와우로 18,2019-05-31,20190531,1140,11,DEV-DONGTAN2,False,False,True,1,rejected,parkd,2026-09-02,"법정동 ""봉담읍""은 화성 동탄2 지구 밖 (원도심/타지구)"
A10025476,남양시티프라디움3차,경기도 화성만세구 남양읍 남양리 2251 남양시티프라디움3차,경기도 화성시 남양천로 17,2019-06-04,20190604,438,7,DEV-DONGTAN2,False,False,True,1,rejected,parkd,2026-09-02,"법정동 ""남양읍""은 화성 동탄2 지구 밖 (원도심/타지구)"
A10025473,화성동탄2 NHF 엘크루 아파트,경기도 화성동탄구 장지동 910-311 화성동탄2 NHF 엘크루 아파트,경기도 화성시 동탄대로1길 96,2019-06-07,20190607,856,10,DEV-DONGTAN2,False,True,True,2,confirmed,parkd,2026-09-02,
A10025437,화성봉담2 LH4단지(행복주택),경기도 화성효행구 봉담읍 수영리 614-4 화성봉담2 LH4단지(행복주택),경기도 화성시 상리3길 111,2019-06-17,20190617,602,3,DEV-DONGTAN2,False,False,True,1,rejected,parkd,2026-09-02,"법정동 ""봉담읍""은 화성 동탄2 지구 밖 (원도심/타지구)"
A10025360,동탄파크한양수자인,경기도 화성동탄구 영천동 651-554 동탄파크한양수자인,경기도 화성시 동탄대로24가길 30,2019-07-26,20190726,806,10,DEV-DONGTAN2,False,True,True,2,confirmed,parkd,2026-09-02,
A10024843,중흥S-클래스 더 테라스 리버파크 2차,경기도 화성동탄구 여울동 993 중흥S-클래스 더 테라스 리버파크 2차,경기도 화성시 동탄기흥로353번길 96,2019-07-29,20190729,104,10,DEV-DONGTAN2,False,True,True,2,confirmed,parkd,2026-09-02,
A10025361,중흥S-클래스 더 테라스 리버파크1,경기도 화성동탄구 여울동 849-5 중흥S-클래스 더 테라스 리버파크1,경기도 화성시 동탄기흥로353번길 76,2019-07-29,20190729,158,11,DEV-DONGTAN2,False,True,True,2,confirmed,parkd,2026-09-02,
A10023370,중흥s클래스 더테라스 리버파크3차(7블럭),경기도 화성동탄구 여울동 1012 중흥s클래스 더테라스 리버파크3차(7블럭),경기도 화성시 동탄기흥로277번길 59,2019-07-29,20190729,104,10,DEV-DONGTAN2,False,True,True,2,confirmed,parkd,2026-09-02,
A10025384,송산 세영리첼 에듀파크아파트,경기도 화성만세구 새솔동 26 송산 세영리첼 에듀파크아파트,경기도 화성시 수노을중앙로 257,2019-07-30,20190730,533,9,DEV-DONGTAN2,False,False,True,1,rejected,parkd,2026-09-02,"법정동 ""새솔동""은 화성 동탄2 지구 밖 (원도심/타지구)"
A10025312,동탄호수공원아이파크 아파트,경기도 화성동탄구 장지동 968 동탄호수공원아이파크 아파트,경기도 화성시 동탄순환대로8길 14,2019-07-30,20190730,774,6,DEV-DONGTAN2,False,True,True,2,confirmed,parkd,2026-09-02,
A10025272,송산화성대방노블랜드리버스위트아파트,경기도 화성만세구 새솔동 11 송산화성대방노블랜드리버스위트아파트,경기도 화성시 수노을1로 107,2019-08-12,20190812,426,6,DEV-DONGTAN2,False,False,True,1,rejected,parkd,2026-09-02,"법정동 ""새솔동""은 화성 동탄2 지구 밖 (원도심/타지구)"
A10025305,송산대방노블랜드더센트럴,경기도 화성만세구 새솔동 13 송산대방노블랜드더센트럴,경기도 화성시 수노을1로 108,2019-08-16,20190816,872,9,DEV-DONGTAN2,False,False,True,1,rejected,parkd,2026-09-02,"법정동 ""새솔동""은 화성 동탄2 지구 밖 (원도심/타지구)"
A10025324,화성발안 LH1단지,경기도 화성만세구 향남읍 구문천리 925-2 화성발안 LH1단지,경기도 화성시 발안공단로 92-12,2019-08-28,20190828,608,2,DEV-DONGTAN2,False,False,True,1,rejected,parkd,2026-09-02,"법정동 ""향남읍""은 화성 동탄2 지구 밖 (원도심/타지구)"
A10025217,남양뉴타운 LH10단지,경기도 화성만세구 남양읍 남양리 2218 남양뉴타운 LH10단지,경기도 화성시 남양로786번길 15,2019-09-06,20190906,1022,6,DEV-DONGTAN2,False,False,True,1,rejected,parkd,2026-09-02,"법정동 ""남양읍""은 화성 동탄2 지구 밖 (원도심/타지구)"
A10025270,e편한세상 신봉담,경기도 화성효행구 봉담읍 상리 668 e편한세상 신봉담,경기도 화성시 상리1길 127,2019-09-09,20190909,898,7,DEV-DONGTAN2,False,False,True,1,rejected,parkd,2026-09-02,"법정동 ""봉담읍""은 화성 동탄2 지구 밖 (원도심/타지구)"
A10025264,송산그린시티 금강펜테리움센트럴파크,"경기도 화성만세구 새솔동 19,경기도 화성만세구 새솔동  송산그린시티 금강펜테리움센트럴파크",경기도 화성시 수노을1로 192,2019-09-30,20190930,692,9,DEV-DONGTAN2,False,False,True,1,rejected,parkd,2026-09-02,"법정동 ""새솔동""은 화성 동탄2 지구 밖 (원도심/타지구)"
A10025276,동탄중흥에스클래스파크더테라스,경기도 화성동탄구 영천동 6-2 동탄중흥에스클래스파크더테라스,경기도 화성시 동탄대로24길 74,2019-09-30,20190930,162,10,DEV-DONGTAN2,False,True,True,2,confirmed,parkd,2026-09-02,
A10025183,동탄2 풍림아이원아파트,"경기도 화성동탄구 장지동 120-19,경기도 화성동탄구 장지동 928 동탄2 풍림아이원아파트",경기도 화성시 동탄대로1길 20,2019-11-14,20191114,448,5,DEV-DONGTAN2,False,True,True,2,confirmed,parkd,2026-09-02,
A10025093,동탄린스트라우스더레이크,경기도 화성동탄구 송동 694 동탄린스트라우스더레이크,경기도 화성시 동탄대로 181,2019-12-19,20191219,956,6,DEV-DONGTAN2,False,True,True,2,confirmed,parkd,2026-09-02,
A10025020,동탄레이크자연앤푸르지오아파트,경기도 화성동탄구 장지동 922 동탄레이크자연앤푸르지오아파트,경기도 화성시 동탄대로3길 33,2020-02-21,20200221,704,8,DEV-DONGTAN2,False,True,True,2,confirmed,parkd,2026-09-02,
A10025005,동탄역 동원로얄듀크비스타3차,경기도 화성동탄구 여울동 984 동탄역 동원로얄듀크비스타3차,경기도 화성시 동부대로 1062,2020-02-26,20200226,278,3,DEV-DONGTAN2,False,True,True,2,confirmed,parkd,2026-09-02,
A10024899,서봉마을 센텀벨라 19단지,경기도 화성만세구 향남읍 하길리 1523 서봉마을 센텀벨라 19단지,경기도 화성시 벌말길 16,2020-04-13,20200413,357,5,DEV-DONGTAN2,False,False,True,1,rejected,parkd,2026-09-02,"법정동 ""향남읍""은 화성 동탄2 지구 밖 (원도심/타지구)"
A10024856,남양뉴타운 LH6단지 행복주택,경기도 화성만세구 남양읍 남양리 2192 남양뉴타운 LH6단지 행복주택,경기도 화성시 남양로862번길 16,2020-05-06,20200506,410,2,DEV-DONGTAN2,False,False,True,1,rejected,parkd,2026-09-02,"법정동 ""남양읍""은 화성 동탄2 지구 밖 (원도심/타지구)"
A10024841,동탄2LH행복주택35단지,경기도 화성동탄구 산척동 747 동탄2LH행복주택35단지,경기도 화성시 동탄순환대로10길 42,2020-06-19,20200619,900,5,DEV-DONGTAN2,False,True,True,2,confirmed,parkd,2026-09-02,
A10024717,송산모아미래도,경기도 화성만세구 새솔동  송산모아미래도,경기도 화성시 수노을중앙로 293,2020-06-30,20200630,585,8,DEV-DONGTAN2,False,False,True,1,rejected,parkd,2026-09-02,"법정동 ""새솔동""은 화성 동탄2 지구 밖 (원도심/타지구)"
A10024759,동탄2A63블럭 센트럴써밋,경기도 화성동탄구 산척동 155-13 동탄2A63블럭 센트럴써밋,경기도 화성시 동탄신리천로 786,2020-07-08,20200708,740,7,DEV-DONGTAN2,False,True,True,2,confirmed,parkd,2026-09-02,
A10024732,동탄2 하우스디 NHF아파트,경기도 화성동탄구 산척동 743 동탄2 하우스디 NHF아파트,경기도 화성시 동탄순환대로12길 67,2020-08-06,20200806,872,13,DEV-DONGTAN2,False,True,True,2,confirmed,parkd,2026-09-02,
A10024706,동탄2 LH2단지 A4-1블럭 행복주택,경기도 화성동탄구 영천동 17-78 동탄2 LH2단지 A4-1블럭 행복주택,경기도 화성시 동탄영천로 108-21,2020-08-13,20200813,1640,14,DEV-DONGTAN2,False,True,True,2,confirmed,parkd,2026-09-02,
A10024674,화성남양뉴타운루나포레아파트,경기도 화성만세구 남양읍 남양리 2221 화성남양뉴타운루나포레아파트,경기도 화성시 역골동로 152,2020-08-31,20200831,486,9,DEV-DONGTAN2,False,False,True,1,rejected,parkd,2026-09-02,"법정동 ""남양읍""은 화성 동탄2 지구 밖 (원도심/타지구)"
A10024663,화성봉담2그랑드비체,경기도 화성효행구 봉담읍 수영리 685 화성봉담2그랑드비체,경기도 화성시 상리3길 87,2020-09-04,20200904,1456,11,DEV-DONGTAN2,False,False,True,1,rejected,parkd,2026-09-02,"법정동 ""봉담읍""은 화성 동탄2 지구 밖 (원도심/타지구)"
A10024525,한화포레나동탄호수,경기도 화성동탄구 장지동 921 한화포레나동탄호수,경기도 화성시 동탄순환대로4길 11,2020-09-28,20200928,800,8,DEV-DONGTAN2,False,True,True,2,confirmed,parkd,2026-09-02,
A10024592,동탄2LH35단지,경기도 화성동탄구 산척동 748 동탄2LH35단지,경기도 화성시 동탄순환대로10길 30-23,2020-10-16,20201016,1768,7,DEV-DONGTAN2,False,True,True,2,confirmed,parkd,2026-09-02,
A10024496,동탄호수공원 경기행복주택,경기도 화성동탄구 산척동 750 동탄호수공원 경기행복주택,경기도 화성시 동탄순환대로10길 20,2020-10-16,20201016,995,6,DEV-DONGTAN2,False,True,True,2,confirmed,parkd,2026-09-02,
A10024530,동원로얄듀크포레4차,경기도 화성동탄구 영천동 79-5 동원로얄듀크포레4차,경기도 화성시 동탄첨단산업2로 88,2020-10-21,20201021,196,2,DEV-DONGTAN2,False,True,True,2,confirmed,parkd,2026-09-02,
A10024467,힐스테이트동탄역,경기도 화성동탄구 영천동 833 힐스테이트동탄역,경기도 화성시 동탄기흥로 585,2020-12-23,20201223,443,3,DEV-DONGTAN2,False,True,True,2,confirmed,parkd,2026-09-02,
A10024368,동탄역 대방디엠시티 더 센텀 아파트,경기도 화성동탄구 영천동 3-3 동탄역 대방디엠시티 더 센텀 아파트,경기도 화성시 동탄대로 636-14,2021-01-28,20210128,463,3,DEV-DONGTAN2,False,True,True,2,confirmed,parkd,2026-09-02,
A10024348,봉담코아루카보드줌시티,경기도 화성효행구 봉담읍 상리 25-52 봉담코아루카보드줌시티,경기도 화성시 샘마을길 4-16,2021-02-19,20210219,288,1,DEV-DONGTAN2,False,False,True,1,rejected,parkd,2026-09-02,"법정동 ""봉담읍""은 화성 동탄2 지구 밖 (원도심/타지구)"
A10024290,동탄역파라곤 아파트,경기도 화성동탄구 여울동 985 동탄역파라곤 아파트,경기도 화성시 동탄기흥로 393-20,2021-02-25,20210225,424,3,DEV-DONGTAN2,False,True,True,2,confirmed,parkd,2026-09-02,
A10024349,병점역아이파크캐슬,경기도 화성병점구 병점동 881 병점역아이파크캐슬,경기도 화성시 병점노을로 31,2021-03-30,20210330,2666,27,DEV-DONGTAN2,False,False,True,1,rejected,parkd,2026-09-02,"법정동 ""병점동""은 화성 동탄2 지구 밖 (원도심/타지구)"
A10024281,힐스테이트봉담,경기도 화성효행구 봉담읍 수영리 689 힐스테이트봉담,경기도 화성시 상리3길 90,2021-05-28,20210528,1004,11,DEV-DONGTAN2,False,False,True,1,rejected,parkd,2026-09-02,"법정동 ""봉담읍""은 화성 동탄2 지구 밖 (원도심/타지구)"
A10024218,동탄역 롯데캐슬 아파트,경기도 화성동탄구 여울동  동탄역 롯데캐슬 아파트,경기도 화성시 동탄역로 150,2021-06-29,20210629,940,4,DEV-DONGTAN2,False,True,True,2,confirmed,parkd,2026-09-02,
A10024147,송산그린시티 대방노블랜드5차 리버파크,경기도 화성만세구 새솔동 6 송산그린시티 대방노블랜드5차 리버파크,경기도 화성시 수노을1로 81,2021-07-26,20210726,608,8,DEV-DONGTAN2,False,False,True,1,rejected,parkd,2026-09-02,"법정동 ""새솔동""은 화성 동탄2 지구 밖 (원도심/타지구)"
A10024167,송산그린시티대방노블랜드6차,경기도 화성만세구 새솔동 5 송산그린시티대방노블랜드6차,경기도 화성시 수노을1로 82,2021-07-26,20210726,390,5,DEV-DONGTAN2,False,False,True,1,rejected,parkd,2026-09-02,"법정동 ""새솔동""은 화성 동탄2 지구 밖 (원도심/타지구)"
A10024177,동탄호수우남더테라스,경기도 화성동탄구 장지동 964 동탄호수우남더테라스,경기도 화성시 동탄대로4길 18,2021-07-29,20210729,238,9,DEV-DONGTAN2,False,True,True,2,confirmed,parkd,2026-09-02,
A10024111,동탄호수공원리슈빌아파트,경기도 화성동탄구 장지동 924 동탄호수공원리슈빌아파트,경기도 화성시 동탄대로3길 34,2021-09-29,20210929,762,10,DEV-DONGTAN2,False,True,True,2,confirmed,parkd,2026-09-02,
A10024021,화성비봉 LH1단지,경기도 화성효행구 비봉면 구포리 867-2 화성비봉 LH1단지,경기도 화성시 새비봉동로 37,2021-10-15,20211015,652,3,DEV-DONGTAN2,False,False,True,1,rejected,parkd,2026-09-02,"법정동 ""비봉면, 구포리"" 미매칭 - 원도심/타지구"
A10024069,화성비봉LH2단지,경기도 화성효행구 비봉면 구포리 874-2 화성비봉LH2단지,경기도 화성시 새비봉동로 17,2021-10-15,20211015,440,3,DEV-DONGTAN2,False,False,True,1,rejected,parkd,2026-09-02,"법정동 ""비봉면, 구포리"" 미매칭 - 원도심/타지구"
A10024091,동탄호수하우스디아파트,경기도 화성동탄구 장지동 917 동탄호수하우스디아파트,경기도 화성시 동탄대로1길 66,2021-10-21,20211021,516,7,DEV-DONGTAN2,False,True,True,2,confirmed,parkd,2026-09-02,
A10024106,동탄역 예미지 시그너스 아파트,경기도 화성동탄구 여울동  동탄역 예미지 시그너스 아파트,경기도 화성시 동탄역로 196,2021-10-21,20211021,498,3,DEV-DONGTAN2,False,True,True,2,confirmed,parkd,2026-09-02,
A10024076,동탄역유림노르웨이숲아파트,경기도 화성동탄구 여울동 978 동탄역유림노르웨이숲아파트,경기도 화성시 동탄감배산로 143,2021-10-26,20211026,312,2,DEV-DONGTAN2,False,True,True,2,confirmed,parkd,2026-09-02,
A10024039,동탄2 LH2단지 A4-2BL,경기도 화성동탄구 영천동  동탄2 LH2단지 A4-2BL,경기도 화성시 동탄영천로 108-10,2021-11-18,20211118,1390,13,DEV-DONGTAN2,False,True,True,2,confirmed,parkd,2026-09-02,
A10023915,화성상리 LH1단지,경기도 화성효행구 봉담읍 상리 616 화성상리 LH1단지,경기도 화성시 삼천병마로 1256-13,2022-02-14,20220214,450,3,DEV-DONGTAN2,False,False,True,1,rejected,parkd,2026-09-02,"법정동 ""봉담읍""은 화성 동탄2 지구 밖 (원도심/타지구)"
A10023853,화성병점행복주택,경기도 화성병점구 병점동 901 화성병점행복주택,경기도 화성시 병점노을1로 14,2022-04-08,20220408,862,4,DEV-DONGTAN2,False,False,True,1,rejected,parkd,2026-09-02,"법정동 ""병점동""은 화성 동탄2 지구 밖 (원도심/타지구)"
A10023767,화성태안LH1단지 주거행복지원센터,경기도 화성병점구 안녕동 248 화성태안LH1단지 주거행복지원센터,경기도 화성시 장조4로 14,2022-04-08,20220408,790,13,DEV-DONGTAN2,False,False,True,1,rejected,parkd,2026-09-02,"법정동 ""안녕동""은 화성 동탄2 지구 밖 (원도심/타지구)"
A10023793,화성태안LH2단지아파트,경기도 화성병점구 안녕동 247 화성태안LH2단지아파트,경기도 화성시 장조4로 34,2022-04-08,20220408,640,7,DEV-DONGTAN2,False,False,True,1,rejected,parkd,2026-09-02,"법정동 ""안녕동""은 화성 동탄2 지구 밖 (원도심/타지구)"
A10023831,화성우방아이유쉘메가시티1단지,경기도 화성효행구 기안동 935 화성우방아이유쉘메가시티1단지,경기도 화성시 기배로30번길 7-30,2022-05-02,20220502,420,5,DEV-DONGTAN2,False,False,True,1,rejected,parkd,2026-09-02,"법정동 ""기안동""은 화성 동탄2 지구 밖 (원도심/타지구)"
A10023807,화성우방아이유쉘메가시티2단지,경기도 화성효행구 기안동 373-4 화성우방아이유쉘메가시티2단지,경기도 화성시 기배로 29,2022-05-02,20220502,737,9,DEV-DONGTAN2,False,False,True,1,rejected,parkd,2026-09-02,"법정동 ""기안동""은 화성 동탄2 지구 밖 (원도심/타지구)"
A10023747,화성봉담 중흥 S-클래스 더퍼스트 아파트,경기도 화성효행구 봉담읍 상리 696 화성봉담 중흥 S-클래스 더퍼스트 아파트,경기도 화성시 상리1길 21,2022-05-24,20220524,784,10,DEV-DONGTAN2,False,False,True,1,rejected,parkd,2026-09-02,"법정동 ""봉담읍""은 화성 동탄2 지구 밖 (원도심/타지구)"
A10023712,남양뉴타운 LH19단지 행복주택,경기도 화성만세구 남양읍 남양리 2207 남양뉴타운 LH19단지 행복주택,경기도 화성시 남양중앙로 420,2022-06-07,20220607,892,5,DEV-DONGTAN2,False,False,True,1,rejected,parkd,2026-09-02,"법정동 ""남양읍""은 화성 동탄2 지구 밖 (원도심/타지구)"
A10023757,동탄2 LH40단지,경기도 화성동탄구 신동 818 동탄2 LH40단지,경기도 화성시 동탄신리천로8길 15,2022-06-15,20220615,850,6,DEV-DONGTAN2,False,True,True,2,confirmed,parkd,2026-09-02,
A10023650,동탄2 디에트르 포레,경기도 화성동탄구 신동 185-1 동탄2 디에트르 포레,경기도 화성시 동탄신리천로2길 65,2022-09-01,20220901,1171,13,DEV-DONGTAN2,False,True,True,2,confirmed,parkd,2026-09-02,
A10023577,남양뉴타운lh20단지,경기도 화성만세구 남양읍 남양리 2201 남양뉴타운lh20단지,경기도 화성시 남양중앙로 419,2022-10-12,20221012,1778,10,DEV-DONGTAN2,False,False,True,1,rejected,parkd,2026-09-02,"법정동 ""남양읍""은 화성 동탄2 지구 밖 (원도심/타지구)"
A10023589,엘크루루엘리안아파트,경기도 화성효행구 봉담읍 상리 679 엘크루루엘리안아파트,경기도 화성시 상리2길 121,2022-10-12,20221012,456,5,DEV-DONGTAN2,False,False,True,1,rejected,parkd,2026-09-02,"법정동 ""봉담읍""은 화성 동탄2 지구 밖 (원도심/타지구)"
A10023573,동탄역삼정그린코아더베스트,경기도 화성동탄구 여울동 975 동탄역삼정그린코아더베스트,경기도 화성시 동탄광역환승로 62,2022-10-14,20221014,183,1,DEV-DONGTAN2,False,True,True,2,confirmed,parkd,2026-09-02,
A10023540,e편한세상남양뉴타운,경기도 화성만세구 남양읍 남양리 2195 e편한세상남양뉴타운,경기도 화성시 남양로862번길 42,2022-11-10,20221110,606,8,DEV-DONGTAN2,False,False,True,1,rejected,parkd,2026-09-02,"법정동 ""남양읍""은 화성 동탄2 지구 밖 (원도심/타지구)"
A10023506,나노시티역롯데캐슬아파트,경기도 화성병점구 반월동 973 나노시티역롯데캐슬아파트,경기도 화성시 효행로 1337-26,2022-11-29,20221129,999,12,DEV-DONGTAN2,False,False,True,1,rejected,parkd,2026-09-02,"법정동 ""반월동""은 화성 동탄2 지구 밖 (원도심/타지구)"
A10023459,호반써밋 동탄 아파트,경기도 화성동탄구 신동  호반써밋 동탄 아파트,경기도 화성시 동탄신리천로4길 48,2022-12-27,20221227,744,9,DEV-DONGTAN2,False,True,True,2,confirmed,parkd,2026-09-02,
A10023435,반정아이파크캐슬4단지,경기도 화성병점구 반정동 623 반정아이파크캐슬4단지,경기도 화성시 동탄지성로469번길 59,2022-12-29,20221229,986,14,DEV-DONGTAN2,False,False,True,1,rejected,parkd,2026-09-02,"법정동 ""반정동""은 화성 동탄2 지구 밖 (원도심/타지구)"
A10023451,반정아이파크캐슬5단지,경기도 화성병점구 반정동 637 반정아이파크캐슬5단지,경기도 화성시 동탄지성로469번길 60,2022-12-29,20221229,1378,20,DEV-DONGTAN2,False,False,True,1,rejected,parkd,2026-09-02,"법정동 ""반정동""은 화성 동탄2 지구 밖 (원도심/타지구)"
A10023331,화성남양시티프라디움4차,경기도 화성만세구 남양읍 남양리 2191 화성남양시티프라디움4차,경기도 화성시 남양로862번길 13,2023-02-10,20230210,556,7,DEV-DONGTAN2,False,False,True,1,rejected,parkd,2026-09-02,"법정동 ""남양읍""은 화성 동탄2 지구 밖 (원도심/타지구)"
A10023345,동탄역헤리엇아파트,경기도 화성동탄구 여울동 1023 동탄역헤리엇아파트,경기도 화성시 동탄역로 54,2023-02-14,20230214,428,9,DEV-DONGTAN2,False,True,True,2,confirmed,parkd,2026-09-02,
A10023329,신동탄포레자이아파트,경기도 화성병점구 반월동 974 신동탄포레자이아파트,경기도 화성시 영통로60번길 31,2023-02-23,20230223,1297,12,DEV-DONGTAN2,False,True,True,2,rejected,parkd,2026-09-02,"법정동 ""반월동""은 화성 동탄2 지구 밖 (원도심/타지구)"
A10023311,화성우미린센트포레1단지,경기도 화성병점구 안녕동  화성우미린센트포레1단지,경기도 화성시 장조4로 13,2023-03-03,20230303,650,12,DEV-DONGTAN2,False,False,True,1,rejected,parkd,2026-09-02,"법정동 ""안녕동""은 화성 동탄2 지구 밖 (원도심/타지구)"
A10023273,화성동탄2LH행복주택38단지,"경기도 화성동탄구 신동 747,경기도 화성동탄구 신동  화성동탄2LH행복주택38단지",경기도 화성시 동탄신리천로5길 90,2023-04-10,20230410,700,6,DEV-DONGTAN2,False,True,True,2,confirmed,parkd,2026-09-02,
A10023250,화성우미린센트포레2단지,경기도 화성병점구 안녕동 164-133 화성우미린센트포레2단지,경기도 화성시 장조4로 33,2023-04-20,20230420,650,11,DEV-DONGTAN2,False,False,True,1,rejected,parkd,2026-09-02,"법정동 ""안녕동""은 화성 동탄2 지구 밖 (원도심/타지구)"
A10023261,화성남양뉴타운 리젠시빌란트,경기도 화성만세구 남양읍 남양리 2310 화성남양뉴타운 리젠시빌란트,경기도 화성시 시청로102번길 52,2023-04-26,20230426,380,7,DEV-DONGTAN2,False,False,True,1,rejected,parkd,2026-09-02,"법정동 ""남양읍""은 화성 동탄2 지구 밖 (원도심/타지구)"
A10023110,화성향남언덕마을LH15단지,경기도 화성만세구 향남읍 상신리 1258 화성향남언덕마을LH15단지,경기도 화성시 향남로39번길 22,2023-05-26,20230526,922,8,DEV-DONGTAN2,False,False,True,1,rejected,parkd,2026-09-02,"법정동 ""향남읍""은 화성 동탄2 지구 밖 (원도심/타지구)"
A10023203,에듀시티파라곤,경기도 화성효행구 봉담읍 동화리 227 에듀시티파라곤,경기도 화성시 동화서북안길 10,2023-05-30,20230530,600,8,DEV-DONGTAN2,False,False,True,1,rejected,parkd,2026-09-02,"법정동 ""봉담읍""은 화성 동탄2 지구 밖 (원도심/타지구)"
A10023029,서동탄역양우내안애,경기도 화성병점구 능동 1287 서동탄역양우내안애,경기도 화성시 서동탄로 71,2023-06-16,20230616,447,6,DEV-DONGTAN2,False,False,True,1,rejected,parkd,2026-09-02,"법정동 ""능동""은 화성 동탄2 지구 밖 (원도심/타지구)"
A10023061,봉담 중흥S-클래스 에듀파크,경기도 화성효행구 봉담읍 상리 678 봉담 중흥S-클래스 에듀파크,경기도 화성시 수영로 161,2023-07-28,20230728,1050,13,DEV-DONGTAN2,False,False,True,1,rejected,parkd,2026-09-02,"법정동 ""봉담읍""은 화성 동탄2 지구 밖 (원도심/타지구)"
A10023053,봉담중흥S클래스더센트럴,경기도 화성효행구 봉담읍 수영리 690 봉담중흥S클래스더센트럴,경기도 화성시 상리3길 160,2023-07-28,20230728,824,10,DEV-DONGTAN2,False,False,True,1,rejected,parkd,2026-09-02,"법정동 ""봉담읍""은 화성 동탄2 지구 밖 (원도심/타지구)"
A10022628,화성동탄로렌하우스,경기도 화성동탄구 신동 358-3 화성동탄로렌하우스,경기도 화성시 동탄신리천로6길 23,2023-07-28,20230728,332,34,DEV-DONGTAN2,False,True,True,2,confirmed,parkd,2026-09-02,
A10022969,화성비봉 A-4BL,경기도 화성효행구 비봉면 삼화리  화성비봉 A-4BL,경기도 화성시 새비봉남로 40,2023-10-20,20231020,727,10,DEV-DONGTAN2,False,False,True,1,rejected,parkd,2026-09-02,"법정동 ""비봉면, 삼화리"" 미매칭 - 원도심/타지구"
A10022944,화성비봉LH5단지아파트,경기도 화성효행구 비봉면 삼화리  화성비봉LH5단지아파트,경기도 화성시 새비봉서로 96,2023-10-20,20231020,894,6,DEV-DONGTAN2,False,False,True,1,rejected,parkd,2026-09-02,"법정동 ""비봉면, 삼화리"" 미매칭 - 원도심/타지구"
A10022951,봉담자이 라피네,경기도 화성효행구 봉담읍 동화리  봉담자이 라피네,경기도 화성시 동화서북안길 50,2023-10-24,20231024,750,8,DEV-DONGTAN2,False,False,True,1,rejected,parkd,2026-09-02,"법정동 ""봉담읍""은 화성 동탄2 지구 밖 (원도심/타지구)"
A10022871,화성시청역서희스타힐스4차 숲속마을,경기도 화성만세구 남양읍 신남리 96-8 화성시청역서희스타힐스4차 숲속마을,경기도 화성시 고향의봄길 36,2023-11-03,20231103,1846,20,DEV-DONGTAN2,False,False,True,1,rejected,parkd,2026-09-02,"법정동 ""남양읍""은 화성 동탄2 지구 밖 (원도심/타지구)"
A10022882,동탄(2) 38단지 행복주택,경기도 화성동탄구 신동 111-1 동탄(2) 38단지 행복주택,경기도 화성시 동탄신리천로5가길 35,2023-11-20,20231120,1350,13,DEV-DONGTAN2,False,True,True,2,confirmed,parkd,2026-09-02,
A10022810,중흥S클래스에듀포레,경기도 화성효행구 봉담읍 상리 666 중흥S클래스에듀포레,경기도 화성시 상리1길 167,2023-12-08,20231208,707,9,DEV-DONGTAN2,False,False,True,1,rejected,parkd,2026-09-02,"법정동 ""봉담읍""은 화성 동탄2 지구 밖 (원도심/타지구)"
A10022799,중흥에스클래스에듀시티,경기도 화성효행구 봉담읍 상리 667 중흥에스클래스에듀시티,경기도 화성시 상리1길 143,2023-12-08,20231208,808,8,DEV-DONGTAN2,False,False,True,1,rejected,parkd,2026-09-02,"법정동 ""봉담읍""은 화성 동탄2 지구 밖 (원도심/타지구)"
A10023609,화성시청역 센트럴파크 스타힐스2단지,경기도 화성만세구 남양읍 신남리 67-15 화성시청역 센트럴파크 스타힐스2단지,경기도 화성시 화성시청역로 7,2023-12-29,20231229,1005,11,DEV-DONGTAN2,False,False,True,1,rejected,parkd,2026-09-02,"법정동 ""남양읍""은 화성 동탄2 지구 밖 (원도심/타지구)"
A10023615,화성시청역 센트럴파크 스타힐스3단지,경기도 화성만세구 남양읍 신남리 1560-3 화성시청역 센트럴파크 스타힐스3단지,경기도 화성시 화성시청역로 14,2023-12-29,20231229,847,8,DEV-DONGTAN2,False,False,True,1,rejected,parkd,2026-09-02,"법정동 ""남양읍""은 화성 동탄2 지구 밖 (원도심/타지구)"
A10023614,화성시청역센트럴파크스타힐스1단지,경기도 화성만세구 남양읍 신남리 40-8 화성시청역센트럴파크스타힐스1단지,경기도 화성시 화성시청역로 1,2023-12-29,20231229,1131,10,DEV-DONGTAN2,False,False,True,1,rejected,parkd,2026-09-02,"법정동 ""남양읍""은 화성 동탄2 지구 밖 (원도심/타지구)"
A10022689,향남역한양수자인디에스티지,경기도 화성만세구 향남읍 상신리 619-57 향남역한양수자인디에스티지,경기도 화성시 향남로39번길 19,2024-01-31,20240131,945,11,DEV-DONGTAN2,False,False,True,1,rejected,parkd,2026-09-02,"법정동 ""향남읍""은 화성 동탄2 지구 밖 (원도심/타지구)"
A10022748,화성송산동원로얄듀크포레,경기도 화성병점구 송산동 261 화성송산동원로얄듀크포레,경기도 화성시 화산로 9,2024-02-28,20240228,233,6,DEV-DONGTAN2,False,False,True,1,rejected,parkd,2026-09-02,"법정동 ""송산동""은 화성 동탄2 지구 밖 (원도심/타지구)"
A10022646,e편한세상 동탄호수,경기도 화성동탄구 장지동 970 e편한세상 동탄호수,경기도 화성시 동탄순환대로8길 27,2024-04-12,20240412,1227,18,DEV-DONGTAN2,False,True,True,2,confirmed,parkd,2026-09-02,
A10022595,힐스테이트동탄포레아파트,경기도 화성동탄구 신동  힐스테이트동탄포레아파트,경기도 화성시 동탄신리천로4길 47,2024-04-29,20240429,585,8,DEV-DONGTAN2,False,True,True,2,confirmed,parkd,2026-09-02,
A10022611,제일풍경채 퍼스티어,경기도 화성동탄구 신동 157 제일풍경채 퍼스티어,경기도 화성시 동탄신리천로 618,2024-04-30,20240430,308,4,DEV-DONGTAN2,False,True,True,2,confirmed,parkd,2026-09-02,
A41506012,김포전원마을월드1단지,경기도 김포시 운양동 1436 김포전원마을월드1단지,경기도 김포시 전원로 24,1999-04-27,19990427,1206,17,DEV-GIMPO-HANGANG,False,True,False,1,rejected,parkd,2026-09-02,승인일 1999-04-27 < window 2010-06-01
A41506009,김포전원마을월드2단지,경기도 김포시 운양동 1435 김포전원마을월드2단지,경기도 김포시 전원로 44,2000-04-07,20000407,442,6,DEV-GIMPO-HANGANG,False,True,False,1,rejected,parkd,2026-09-02,승인일 2000-04-07 < window 2010-06-01
A41506005,김포전원마을월드3단지,경기도 김포시 운양동 1439 김포전원마을월드3단지,경기도 김포시 전원로38번길 86,2000-04-07,20000407,324,4,DEV-GIMPO-HANGANG,False,True,False,1,rejected,parkd,2026-09-02,승인일 2000-04-07 < window 2010-06-01
A41506002,김포전원마을월드4단지,경기도 김포시 운양동 1434 김포전원마을월드4단지,경기도 김포시 김포한강11로 158,2000-10-18,20001018,282,5,DEV-GIMPO-HANGANG,False,True,False,1,rejected,parkd,2026-09-02,승인일 2000-10-18 < window 2010-06-01
A41574403,청송 현대홈타운3단지,경기도 김포시 장기동 1312 청송 현대홈타운3단지,경기도 김포시 청송로 19,2001-03-08,20010308,767,12,DEV-GIMPO-HANGANG,False,True,False,1,rejected,parkd,2026-09-02,승인일 2001-03-08 < window 2010-06-01
A41506008,김포청송마을현대1차,경기도 김포시 장기동 1339 김포청송마을현대1차,경기도 김포시 청송로 70,2001-12-08,20011208,418,5,DEV-GIMPO-HANGANG,False,True,False,1,rejected,parkd,2026-09-02,승인일 2001-12-08 < window 2010-06-01
A41506013,청송현대홈타운2단지,경기도 김포시 장기동 1342 청송현대홈타운2단지,경기도 김포시 청송로 20,2001-12-08,20011208,1326,15,DEV-GIMPO-HANGANG,False,True,False,1,rejected,parkd,2026-09-02,승인일 2001-12-08 < window 2010-06-01
A41506006,김포한강신도시제일풍경채,경기도 김포시 장기동 1636 김포한강신도시제일풍경채,경기도 김포시 김포한강2로 189,2008-03-28,20080328,360,6,DEV-GIMPO-HANGANG,False,True,False,1,rejected,parkd,2026-09-02,승인일 2008-03-28 < window 2010-06-01
A41506003,장기이지더원,경기도 김포시 장기동 1626 장기이지더원,경기도 김포시 김포한강2로 178,2008-04-25,20080425,290,5,DEV-GIMPO-HANGANG,False,True,False,1,rejected,parkd,2026-09-02,승인일 2008-04-25 < window 2010-06-01
A41506004,이니스더원,경기도 김포시 장기동 1635 이니스더원,경기도 김포시 김포한강3로 290-16,2008-05-01,20080501,315,6,DEV-GIMPO-HANGANG,False,True,False,1,rejected,parkd,2026-09-02,승인일 2008-05-01 < window 2010-06-01
A41506017,김포장기1(초당마을),경기도 김포시 장기동 1598 김포장기1(초당마을),경기도 김포시 김포한강2로 144,2008-05-26,20080526,1114,15,DEV-GIMPO-HANGANG,False,True,False,1,rejected,parkd,2026-09-02,승인일 2008-05-26 < window 2010-06-01
A41506001,김포고창마을신영지웰,경기도 김포시 장기동 1624 김포고창마을신영지웰,경기도 김포시 김포한강2로 168,2008-05-30,20080530,267,5,DEV-GIMPO-HANGANG,False,True,False,1,rejected,parkd,2026-09-02,승인일 2008-05-30 < window 2010-06-01
A41506007,김포한강우미린,경기도 김포시 장기동 1655 김포한강우미린,경기도 김포시 김포한강1로 10,2008-06-12,20080612,402,7,DEV-GIMPO-HANGANG,False,True,False,1,rejected,parkd,2026-09-02,승인일 2008-06-12 < window 2010-06-01
A41574401,김포한강신도시반도유보라,경기도 김포시 장기동 1642 김포한강신도시반도유보라,경기도 김포시 김포한강1로 9,2008-06-27,20080627,447,8,DEV-GIMPO-HANGANG,False,True,False,1,rejected,parkd,2026-09-02,승인일 2008-06-27 < window 2010-06-01
A41574402,한강신도시어울림(고창마을),경기도 김포시 장기동 1629 한강신도시어울림(고창마을),"경기도 김포시 김포한강2로 194,경기도 김포시 김포한강2로 192",2009-05-15,20090515,574,9,DEV-GIMPO-HANGANG,False,True,False,1,rejected,parkd,2026-09-02,승인일 2009-05-15 < window 2010-06-01
A41580802,풍무자이1단지,경기도 김포시 풍무동 764 풍무자이1단지,경기도 김포시 풍무로96번길 42,2010-06-17,20100617,445,8,DEV-GIMPO-HANGANG,False,False,True,1,rejected,parkd,2026-09-02,"법정동 ""풍무동""은 김포 한강 지구 밖 (원도심/타지구)"
A41580803,풍무자이2단지,경기도 김포시 풍무동 766 풍무자이2단지,경기도 김포시 풍무로96번길 100,2010-06-17,20100617,373,8,DEV-GIMPO-HANGANG,False,False,True,1,rejected,parkd,2026-09-02,"법정동 ""풍무동""은 김포 한강 지구 밖 (원도심/타지구)"
A41576906,김포한강 신원 아침도시고다니마을,경기도 김포시 양촌읍 양곡리 1316 김포한강 신원 아침도시고다니마을,경기도 김포시 양곡2로30번길 77,2010-07-09,20100709,380,6,DEV-GIMPO-HANGANG,False,False,True,1,rejected,parkd,2026-09-02,"법정동 ""양촌읍""은 김포 한강 지구 밖 (원도심/타지구)"
A41576907,양곡더숲아파트,경기도 김포시 양촌읍 양곡리 1238 양곡더숲아파트,경기도 김포시 양곡3로 155,2010-07-22,20100722,345,8,DEV-GIMPO-HANGANG,False,False,True,1,rejected,parkd,2026-09-02,"법정동 ""양촌읍""은 김포 한강 지구 밖 (원도심/타지구)"
A41576908,양곡고다니마을9단지,경기도 김포시 양촌읍 양곡리 1332 양곡고다니마을9단지,경기도 김포시 김포한강5로 386,2010-11-22,20101122,384,5,DEV-GIMPO-HANGANG,False,False,True,1,rejected,parkd,2026-09-02,"법정동 ""양촌읍""은 김포 한강 지구 밖 (원도심/타지구)"
A41576308,마송휴먼시아매수리마을10단지,경기도 김포시 통진읍 마송리 498 마송휴먼시아매수리마을10단지,경기도 김포시 마송1로 134-25,2010-11-26,20101126,699,8,DEV-GIMPO-HANGANG,False,False,True,1,rejected,parkd,2026-09-02,"법정동 ""통진읍""은 김포 한강 지구 밖 (원도심/타지구)"
A41576909,김포양촌자연앤데시앙,경기도 김포시 양촌읍 학운리 3019 김포양촌자연앤데시앙,경기도 김포시 황금로89번길 25,2010-12-02,20101202,743,13,DEV-GIMPO-HANGANG,False,False,True,1,rejected,parkd,2026-09-02,"법정동 ""양촌읍""은 김포 한강 지구 밖 (원도심/타지구)"
A41576910,양곡휴먼시아2-1,경기도 김포시 양촌읍 양곡리 1547 양곡휴먼시아2-1,경기도 김포시 양곡1로 80,2010-12-20,20101220,818,10,DEV-GIMPO-HANGANG,False,False,True,1,rejected,parkd,2026-09-02,"법정동 ""양촌읍""은 김포 한강 지구 밖 (원도심/타지구)"
A41502003,오스타파라곤1단지,경기도 김포시 걸포동 1558 오스타파라곤1단지,경기도 김포시 걸포1로 11,2010-12-30,20101230,606,10,DEV-GIMPO-HANGANG,False,False,True,1,rejected,parkd,2026-09-02,"법정동 ""걸포동""은 김포 한강 지구 밖 (원도심/타지구)"
A41502001,오스타파라곤2단지,경기도 김포시 걸포동 1561 오스타파라곤2단지,경기도 김포시 걸포1로 10,2010-12-30,20101230,590,10,DEV-GIMPO-HANGANG,False,False,True,1,rejected,parkd,2026-09-02,"법정동 ""걸포동""은 김포 한강 지구 밖 (원도심/타지구)"
A41502002,오스타파라곤3단지,경기도 김포시 걸포동 1555 오스타파라곤3단지,경기도 김포시 걸포1로 39,2010-12-30,20101230,440,9,DEV-GIMPO-HANGANG,False,False,True,1,rejected,parkd,2026-09-02,"법정동 ""걸포동""은 김포 한강 지구 밖 (원도심/타지구)"
A41574404,우남퍼스트빌,경기도 김포시 장기동 2065-1 우남퍼스트빌,경기도 김포시 김포한강2로 103,2011-06-15,20110615,1202,15,DEV-GIMPO-HANGANG,False,True,True,2,confirmed,parkd,2026-09-02,
A41574405,쌍용예가,경기도 김포시 장기동 2004-4 쌍용예가,경기도 김포시 김포한강2로 11,2011-06-29,20110629,1474,19,DEV-GIMPO-HANGANG,False,True,True,2,confirmed,parkd,2026-09-02,
A41574406,김포한강 수정마을2단지,경기도 김포시 장기동 2000-3 김포한강 수정마을2단지,경기도 김포시 김포한강2로 12,2011-07-12,20110712,1250,10,DEV-GIMPO-HANGANG,False,True,True,2,confirmed,parkd,2026-09-02,
A41576911,김포한가람우미린,경기도 김포시 구래동 6873-8 김포한가람우미린,경기도 김포시 김포한강5로 417,2011-10-28,20111028,1058,14,DEV-GIMPO-HANGANG,False,True,True,2,confirmed,parkd,2026-09-02,
A41574410,고창마을KCC스위첸,경기도 김포시 장기동 1886-2 고창마을KCC스위첸,경기도 김포시 김포한강2로 208,2011-10-31,20111031,1090,13,DEV-GIMPO-HANGANG,False,True,True,2,confirmed,parkd,2026-09-02,
A41576912,김포한강LH솔터마을2단지,경기도 김포시 마산동 615-1 김포한강LH솔터마을2단지,경기도 김포시 김포한강8로 331,2011-11-18,20111118,1860,14,DEV-GIMPO-HANGANG,False,True,True,2,confirmed,parkd,2026-09-02,
A41574409,한강신도시중흥S-클래스파크애비뉴,경기도 김포시 장기동 1866-1 한강신도시중흥S-클래스파크애비뉴,경기도 김포시 김포한강2로 362,2012-02-08,20120208,1007,15,DEV-GIMPO-HANGANG,False,True,True,2,confirmed,parkd,2026-09-02,
A41574407,초당마을래미안한강,경기도 김포시 장기동 2071-2 초당마을래미안한강,경기도 김포시 김포한강2로 69,2012-02-21,20120221,579,7,DEV-GIMPO-HANGANG,False,True,True,2,confirmed,parkd,2026-09-02,
A41574408,김포한양수자인리버팰리스,경기도 김포시 장기동 1885-10 김포한양수자인리버팰리스,경기도 김포시 김포한강3로 290-13,2012-02-28,20120228,1473,17,DEV-GIMPO-HANGANG,False,True,True,2,confirmed,parkd,2026-09-02,
A41574202,일성트루엘타운하우스,경기도 김포시 운양동 1294-2 일성트루엘타운하우스,경기도 김포시 김포한강1로 307,2012-04-12,20120412,168,8,DEV-GIMPO-HANGANG,False,True,True,2,confirmed,parkd,2026-09-02,
A41574411,한강현대성우오스타,경기도 김포시 장기동 1868-2 한강현대성우오스타,경기도 김포시 김포한강2로 292,2012-05-30,20120530,465,7,DEV-GIMPO-HANGANG,False,True,True,2,confirmed,parkd,2026-09-02,
A41574413,한강호반베르디움,경기도 김포시 장기동 1885-6 한강호반베르디움,경기도 김포시 김포한강2로 229,2012-06-15,20120615,1584,15,DEV-GIMPO-HANGANG,False,True,True,2,confirmed,parkd,2026-09-02,
A41574203,화성파크드림,경기도 김포시 운양동 1325-7 화성파크드림,경기도 김포시 김포한강11로 38,2012-06-25,20120625,648,8,DEV-GIMPO-HANGANG,False,True,True,2,confirmed,parkd,2026-09-02,
A41574412,초당마을중흥S클래스리버티,경기도 김포시 장기동 2058-1 초당마을중흥S클래스리버티,경기도 김포시 김포한강2로 113,2012-06-28,20120628,1470,20,DEV-GIMPO-HANGANG,False,True,True,2,confirmed,parkd,2026-09-02,
A41574201,풍경마을한강신도시e편한세상,경기도 김포시 운양동 1250-3 풍경마을한강신도시e편한세상,경기도 김포시 김포한강11로 287,2012-07-13,20120713,955,14,DEV-GIMPO-HANGANG,False,True,True,2,confirmed,parkd,2026-09-02,
A47172601,김포한강LH솔터마을3단지,경기도 김포시 마산동 614-10 김포한강LH솔터마을3단지,경기도 김포시 김포한강8로 333,2012-11-23,20121123,2230,15,DEV-GIMPO-HANGANG,False,True,True,2,confirmed,parkd,2026-09-02,
A41570101,신안실크밸리3차,경기도 김포시 감정동 696 신안실크밸리3차,경기도 김포시 중봉로 1-1,2012-12-27,20121227,1074,15,DEV-GIMPO-HANGANG,False,False,True,1,rejected,parkd,2026-09-02,"법정동 ""감정동""은 김포 한강 지구 밖 (원도심/타지구)"
A41576913,구래역 한강리슈빌아파트 입주자대표회의,경기도 김포시 구래동 6888-2 구래역 한강리슈빌아파트 입주자대표회의,경기도 김포시 김포한강8로 377,2012-12-27,20121227,572,6,DEV-GIMPO-HANGANG,False,True,True,2,confirmed,parkd,2026-09-02,
A41576914,김포한강 경남아너스빌,경기도 김포시 마산동 639-8 김포한강 경남아너스빌,경기도 김포시 김포한강8로 173-58,2013-01-10,20130110,976,12,DEV-GIMPO-HANGANG,False,True,True,2,confirmed,parkd,2026-09-02,
A41576915,호수마을e편한세상,경기도 김포시 구래동 6874-17 호수마을e편한세상,경기도 김포시 김포한강5로 385,2013-02-26,20130226,1167,12,DEV-GIMPO-HANGANG,False,True,True,2,confirmed,parkd,2026-09-02,
A41576916,한강힐스테이트아파트,경기도 김포시 마산동 636-1 한강힐스테이트아파트,경기도 김포시 김포한강7로22번길 22,2013-02-28,20130228,1382,14,DEV-GIMPO-HANGANG,False,True,True,2,confirmed,parkd,2026-09-02,
A41574414,한강신도시푸르지오,경기도 김포시 운양동 1407-5 한강신도시푸르지오,경기도 김포시 김포한강11로 179,2013-06-14,20130614,812,11,DEV-GIMPO-HANGANG,False,True,True,2,confirmed,parkd,2026-09-02,
A41574204,한강한라비발디,경기도 김포시 운양동 1249-1 한강한라비발디,경기도 김포시 김포한강11로255번길 149,2013-06-26,20130626,857,12,DEV-GIMPO-HANGANG,False,True,True,2,confirmed,parkd,2026-09-02,
A41590101,김포한강상록데시앙,경기도 김포시 마산동 672-6 김포한강상록데시앙,경기도 김포시 김포한강8로 173-27,2013-11-01,20131101,490,5,DEV-GIMPO-HANGANG,False,True,True,2,confirmed,parkd,2026-09-02,
A41574205,김포한강신도시반도유보라2차,경기도 김포시 운양동 1300-3 김포한강신도시반도유보라2차,경기도 김포시 김포한강11로 276,2013-11-14,20131114,1498,13,DEV-GIMPO-HANGANG,False,True,True,2,confirmed,parkd,2026-09-02,
A41576917,호수마을이편한세상3단지,경기도 김포시 구래동 6874-6 호수마을이편한세상3단지,경기도 김포시 김포한강4로420번길 164,2014-02-25,20140225,551,5,DEV-GIMPO-HANGANG,False,True,True,2,confirmed,parkd,2026-09-02,
A41574207,한강신도시롯데캐슬,경기도 김포시 운양동 1301-1 한강신도시롯데캐슬,경기도 김포시 김포한강11로 275,2014-04-09,20140409,1136,14,DEV-GIMPO-HANGANG,False,True,True,2,confirmed,parkd,2026-09-02,
A41580804,김포한화유로메트로1단지,경기도 김포시 풍무동 770 김포한화유로메트로1단지,경기도 김포시 풍무로68번길 39,2014-05-23,20140523,965,14,DEV-GIMPO-HANGANG,False,False,True,1,rejected,parkd,2026-09-02,"법정동 ""풍무동""은 김포 한강 지구 밖 (원도심/타지구)"
A41580805,김포한화유로메트로2단지,경기도 김포시 풍무동 775 김포한화유로메트로2단지,경기도 김포시 풍무로68번길 41,2014-05-23,20140523,845,12,DEV-GIMPO-HANGANG,False,False,True,1,rejected,parkd,2026-09-02,"법정동 ""풍무동""은 김포 한강 지구 밖 (원도심/타지구)"
A41574206,풍경마을 래미안 한강2차,경기도 김포시 운양동 1304-5 풍경마을 래미안 한강2차,경기도 김포시 김포한강11로 227,2014-06-03,20140603,1711,22,DEV-GIMPO-HANGANG,False,True,True,2,confirmed,parkd,2026-09-02,
A41574416,청송마을모아미래도엘가,경기도 김포시 장기동 1869-5 청송마을모아미래도엘가,경기도 김포시 김포한강2로 273,2014-06-16,20140616,1060,10,DEV-GIMPO-HANGANG,False,True,True,2,confirmed,parkd,2026-09-02,
A41576918,김포한강나비마을3단지,경기도 김포시 구래동 6895-4 김포한강나비마을3단지,경기도 김포시 김포한강10로134번길 77,2014-09-29,20140929,690,8,DEV-GIMPO-HANGANG,False,True,True,2,confirmed,parkd,2026-09-02,
A41577602,김포고촌우방아이유쉘,경기도 김포시 고촌읍 신곡리 1284 김포고촌우방아이유쉘,경기도 김포시 고송로 7,2014-11-26,20141126,347,8,DEV-GIMPO-HANGANG,False,False,True,1,rejected,parkd,2026-09-02,"법정동 ""고촌읍""은 김포 한강 지구 밖 (원도심/타지구)"
A10027957,구래역화성파크드림아파트,경기도 김포시 구래동 6888 구래역화성파크드림아파트,경기도 김포시 김포한강8로 365,2015-06-29,20150629,820,7,DEV-GIMPO-HANGANG,False,True,True,2,confirmed,parkd,2026-09-02,
A10027631,한강신도시 운양역 푸르지오,경기도 김포시 운양동 1306-2 한강신도시 운양역 푸르지오,경기도 김포시 모담공원로 17,2016-02-05,20160205,242,5,DEV-GIMPO-HANGANG,False,True,True,2,confirmed,parkd,2026-09-02,
A10027505,LH호수마을 5단지아파트,경기도 김포시 구래동 6875-9 LH호수마을 5단지아파트,경기도 김포시 김포한강4로420번길 87,2016-04-21,20160421,890,7,DEV-GIMPO-HANGANG,False,True,True,2,confirmed,parkd,2026-09-02,
A10027488,김포풍무푸르지오,경기도 김포시 풍무동 1060 김포풍무푸르지오,경기도 김포시 유현로 2,2016-06-24,20160624,2712,23,DEV-GIMPO-HANGANG,False,False,True,1,rejected,parkd,2026-09-02,"법정동 ""풍무동""은 김포 한강 지구 밖 (원도심/타지구)"
A10027199,한강센트럴자이1단지,경기도 김포시 장기동 2128-1 한강센트럴자이1단지,경기도 김포시 태장로 845,2017-01-20,20170120,3481,35,DEV-GIMPO-HANGANG,False,True,True,2,confirmed,parkd,2026-09-02,
A10027062,한강신도시 반도유보라3차,경기도 김포시 마산동 640-5 한강신도시 반도유보라3차,경기도 김포시 김포한강8로 173-28,2017-02-13,20170213,662,14,DEV-GIMPO-HANGANG,False,True,True,2,confirmed,parkd,2026-09-02,
A10027079,하늘빛마을 한신더휴테라스 11블럭,경기도 김포시 운양동 1337-1 하늘빛마을 한신더휴테라스 11블럭,경기도 김포시 김포한강1로 309,2017-02-27,20170227,157,7,DEV-GIMPO-HANGANG,False,True,True,2,confirmed,parkd,2026-09-02,
A10027017,하늘빛마을 한신더휴테라스 8블럭,경기도 김포시 운양동 1339-1 하늘빛마을 한신더휴테라스 8블럭,경기도 김포시 김포한강11로 288-48,2017-02-27,20170227,232,13,DEV-GIMPO-HANGANG,False,True,True,2,confirmed,parkd,2026-09-02,
A10027093,한신더휴테라스 9블럭,경기도 김포시 운양동 1293-4 한신더휴테라스 9블럭,경기도 김포시 김포한강11로 388,2017-02-27,20170227,184,10,DEV-GIMPO-HANGANG,False,True,True,2,confirmed,parkd,2026-09-02,
A10027030,한신더휴테라스12BL아파트,경기도 김포시 운양동 1288-1 한신더휴테라스12BL아파트,경기도 김포시 김포한강11로438번길 123,2017-04-28,20170428,351,19,DEV-GIMPO-HANGANG,False,True,True,2,confirmed,parkd,2026-09-02,
A10027014,한강신도시3차푸르지오,경기도 김포시 구래동 6895-2 한강신도시3차푸르지오,경기도 김포시 김포한강8로 409,2017-05-23,20170523,1510,15,DEV-GIMPO-HANGANG,False,True,True,2,confirmed,parkd,2026-09-02,
A10026990,한강센트럴자이2차,경기도 김포시 장기동 867 한강센트럴자이2차,경기도 김포시 태장로 846,2017-05-29,20170529,598,8,DEV-GIMPO-HANGANG,False,True,True,2,confirmed,parkd,2026-09-02,
A10026871,고촌행정타운 한양수자인 아파트,경기도 김포시 고촌읍 신곡리 1079 고촌행정타운 한양수자인 아파트,경기도 김포시 은행영사정로23번길 23,2017-08-10,20170810,420,6,DEV-GIMPO-HANGANG,False,False,True,1,rejected,parkd,2026-09-02,"법정동 ""고촌읍""은 김포 한강 지구 밖 (원도심/타지구)"
A10026773,한강센트럴블루힐,경기도 김포시 마산동 637-3 한강센트럴블루힐,경기도 김포시 김포한강8로 15,2017-08-14,20170814,1763,15,DEV-GIMPO-HANGANG,False,True,True,2,confirmed,parkd,2026-09-02,
A10026825,김포e편한세상캐널시티주상복합,경기도 김포시 장기동 2031 김포e편한세상캐널시티주상복합,경기도 김포시 김포한강2로 41,2017-08-30,20170830,639,11,DEV-GIMPO-HANGANG,False,True,True,2,confirmed,parkd,2026-09-02,
A10026763,김포한강신도시 레이크에일린의 뜰,경기도 김포시 마산동 616-3 김포한강신도시 레이크에일린의 뜰,경기도 김포시 김포한강8로 281,2017-09-15,20170915,578,10,DEV-GIMPO-HANGANG,False,True,True,2,confirmed,parkd,2026-09-02,
A10026503,김포 반도유보라6차 아파트,경기도 김포시 운양동 1340-7 김포 반도유보라6차 아파트,경기도 김포시 모담공원로 53,2017-10-25,20171025,199,4,DEV-GIMPO-HANGANG,False,True,True,2,confirmed,parkd,2026-09-02,
A10026563,김포양곡 곡촌마을 LH5단지,경기도 김포시 양촌읍 양곡리 1235 김포양곡 곡촌마을 LH5단지,경기도 김포시 양곡4로197번길 11,2017-11-08,20171108,362,2,DEV-GIMPO-HANGANG,False,False,True,1,rejected,parkd,2026-09-02,"법정동 ""양촌읍""은 김포 한강 지구 밖 (원도심/타지구)"
A10026608,한강신도시리버에일린의 뜰,경기도 김포시 운양동 1305-1 한강신도시리버에일린의 뜰,경기도 김포시 김포대로 1430,2017-11-21,20171121,439,7,DEV-GIMPO-HANGANG,False,True,True,2,confirmed,parkd,2026-09-02,
A10026654,김포한강신도시 모아엘가 2차아파트,경기도 김포시 구래동 6888-6 김포한강신도시 모아엘가 2차아파트,경기도 김포시 김포한강9로12번길 50,2017-11-23,20171123,493,5,DEV-GIMPO-HANGANG,False,True,True,2,confirmed,parkd,2026-09-02,
A10026555,이랜드타운힐스아파트,경기도 김포시 운양동 1304-1 이랜드타운힐스아파트,경기도 김포시 김포한강11로255번길 15,2018-01-11,20180111,550,8,DEV-GIMPO-HANGANG,False,True,True,2,confirmed,parkd,2026-09-02,
A10026458,한강신도시 반도유보라5차아파트,경기도 김포시 구래동 6873-19 한강신도시 반도유보라5차아파트,경기도 김포시 김포한강9로 116,2018-01-23,20180123,480,6,DEV-GIMPO-HANGANG,False,True,True,2,confirmed,parkd,2026-09-02,
A10026529,한강신도시 반도유보라4차아파트,경기도 김포시 구래동 6886-6 한강신도시 반도유보라4차아파트,경기도 김포시 김포한강4로 487,2018-01-24,20180124,461,4,DEV-GIMPO-HANGANG,False,True,True,2,confirmed,parkd,2026-09-02,
A10026216,한강신도시2차 KCC 스위첸 아파트,경기도 김포시 운양동 1331-1 한강신도시2차 KCC 스위첸 아파트,경기도 김포시 김포한강11로 37,2018-02-14,20180214,1296,13,DEV-GIMPO-HANGANG,False,True,True,2,confirmed,parkd,2026-09-02,
A10026448,김포한강아이파크,경기도 김포시 구래동 6874-20 김포한강아이파크,경기도 김포시 김포한강4로420번길 100,2018-02-19,20180219,1230,14,DEV-GIMPO-HANGANG,False,True,True,2,confirmed,parkd,2026-09-02,
A10026155,김포한강한가람LH2단지,경기도 김포시 구래동 6872-2 김포한강한가람LH2단지,경기도 김포시 김포한강4로 564,2018-03-09,20180309,1500,7,DEV-GIMPO-HANGANG,False,True,True,2,confirmed,parkd,2026-09-02,
A10026284,김포 사우 아이파크,경기도 김포시 사우동 1481 김포 사우 아이파크,경기도 김포시 사우로 51,2018-04-25,20180425,1300,14,DEV-GIMPO-HANGANG,False,False,True,1,rejected,parkd,2026-09-02,"법정동 ""사우동""은 김포 한강 지구 밖 (원도심/타지구)"
A10026098,e편한세상한강신도시2차,경기도 김포시 마산동 672-3 e편한세상한강신도시2차,경기도 김포시 김포한강8로 173-59,2018-05-03,20180503,807,8,DEV-GIMPO-HANGANG,False,True,True,2,confirmed,parkd,2026-09-02,
A10025814,자이더빌리지 포레스트,경기도 김포시 마산동 670-7 자이더빌리지 포레스트,경기도 김포시 김포한강8로 118,2018-06-19,20180619,184,15,DEV-GIMPO-HANGANG,False,True,True,2,confirmed,parkd,2026-09-02,
A10026165,풍무센트럴푸르지오,경기도 김포시 풍무동 289 풍무센트럴푸르지오,경기도 김포시 유현로 215,2018-06-22,20180622,2467,22,DEV-GIMPO-HANGANG,False,False,True,1,rejected,parkd,2026-09-02,"법정동 ""풍무동""은 김포 한강 지구 밖 (원도심/타지구)"
A10026066,호반베르디움 더 레이크5차,경기도 김포시 구래동 6877-2 호반베르디움 더 레이크5차,경기도 김포시 김포한강4로420번길 19,2018-08-31,20180831,266,4,DEV-GIMPO-HANGANG,False,True,True,2,confirmed,parkd,2026-09-02,
A10024911,솔리힐더테라스,경기도 김포시 고촌읍 신곡리 1202 솔리힐더테라스,경기도 김포시 수기로 78,2018-08-31,20180831,140,6,DEV-GIMPO-HANGANG,False,False,True,1,rejected,parkd,2026-09-02,"법정동 ""고촌읍""은 김포 한강 지구 밖 (원도심/타지구)"
A10025919,김포한강예미지 아파트,경기도 김포시 구래동 6893-2 김포한강예미지 아파트,경기도 김포시 김포한강9로 11,2018-09-28,20180928,1770,17,DEV-GIMPO-HANGANG,False,True,True,2,confirmed,parkd,2026-09-02,
A10025936,호반베르디움 더 레이크 2차,경기도 김포시 구래동 6887-1 호반베르디움 더 레이크 2차,경기도 김포시 김포한강4로 471,2018-11-02,20181102,344,5,DEV-GIMPO-HANGANG,False,True,True,2,confirmed,parkd,2026-09-02,
A10025865,한강롯데캐슬22단지,경기도 김포시 운양동 1441 한강롯데캐슬22단지,경기도 김포시 김포한강11로 107,2018-11-07,20181107,912,32,DEV-GIMPO-HANGANG,False,True,True,2,confirmed,parkd,2026-09-02,
A10025866,호반베르디움 더 레이크 3차 아파트,경기도 김포시 구래동 6887-3 호반베르디움 더 레이크 3차 아파트,경기도 김포시 김포한강8로 332,2018-12-04,20181204,336,5,DEV-GIMPO-HANGANG,False,True,True,2,confirmed,parkd,2026-09-02,
A10025733,한화포레나 김포풍무 3단지아파트,경기도 김포시 풍무동 795 한화포레나 김포풍무 3단지아파트,경기도 김포시 풍무로68번길 10,2018-12-27,20181227,179,3,DEV-GIMPO-HANGANG,False,False,True,1,rejected,parkd,2026-09-02,"법정동 ""풍무동""은 김포 한강 지구 밖 (원도심/타지구)"
A10025734,한화포레나 김포풍무5단지,경기도 김포시 풍무동 784 한화포레나 김포풍무5단지,경기도 김포시 풍무로68번길 78,2018-12-27,20181227,231,4,DEV-GIMPO-HANGANG,False,False,True,1,rejected,parkd,2026-09-02,"법정동 ""풍무동""은 김포 한강 지구 밖 (원도심/타지구)"
A10025738,한화포레나김포풍무4단지,경기도 김포시 풍무동 797 한화포레나김포풍무4단지,경기도 김포시 유현로33번길 73,2018-12-27,20181227,660,9,DEV-GIMPO-HANGANG,False,False,True,1,rejected,parkd,2026-09-02,"법정동 ""풍무동""은 김포 한강 지구 밖 (원도심/타지구)"
A10025316,운양역 라피아노,"경기도 김포시 운양동 1341-45,경기도 김포시 운양동 1341-43,경기도 김포시 운양동 1341-44,경기도 김포시 운양동 1341-41,경기도 김포시 운양동 1341-42 운양역 라피아노",경기도 김포시 모담공원로28번길 46-34,2019-02-26,20190226,174,14,DEV-GIMPO-HANGANG,False,True,True,2,confirmed,parkd,2026-09-02,
A10025549,한강파크뷰 우방아이유쉘아파트,경기도 김포시 걸포동 298-38 한강파크뷰 우방아이유쉘아파트,경기도 김포시 걸포1로 40,2019-04-29,20190429,540,9,DEV-GIMPO-HANGANG,False,False,True,1,rejected,parkd,2026-09-02,"법정동 ""걸포동""은 김포 한강 지구 밖 (원도심/타지구)"
A10025059,김포한강 호반베르디움 더 퍼스트,경기도 김포시 장기동 1865-4 김포한강 호반베르디움 더 퍼스트,경기도 김포시 김포한강2로 361,2020-02-03,20200203,696,11,DEV-GIMPO-HANGANG,False,True,True,2,confirmed,parkd,2026-09-02,
A10025008,김포한강삼정그린코아더베스트,경기도 김포시 양촌읍 양곡리 1551 김포한강삼정그린코아더베스트,경기도 김포시 양곡1로68번길 59,2020-02-20,20200220,446,8,DEV-GIMPO-HANGANG,False,False,True,1,rejected,parkd,2026-09-02,"법정동 ""양촌읍""은 김포 한강 지구 밖 (원도심/타지구)"
A10025007,캐슬&파밀리에시티 2단지,경기도 김포시 고촌읍 신곡리 944-4 캐슬&파밀리에시티 2단지,경기도 김포시 수기로 136,2020-02-24,20200224,1872,26,DEV-GIMPO-HANGANG,False,False,True,1,rejected,parkd,2026-09-02,"법정동 ""고촌읍""은 김포 한강 지구 밖 (원도심/타지구)"
A10024922,김포센트럴헤센아파트,경기도 김포시 감정동 631 김포센트럴헤센아파트,경기도 김포시 감정로 87,2020-03-01,20200301,700,12,DEV-GIMPO-HANGANG,False,False,True,1,rejected,parkd,2026-09-02,"법정동 ""감정동""은 김포 한강 지구 밖 (원도심/타지구)"
A10024971,한강금호어울림1단지,경기도 김포시 양촌읍 양곡리 1268 한강금호어울림1단지,경기도 김포시 양곡로449번길 15,2020-03-16,20200316,406,5,DEV-GIMPO-HANGANG,False,False,True,1,rejected,parkd,2026-09-02,"법정동 ""양촌읍""은 김포 한강 지구 밖 (원도심/타지구)"
A10024969,한강금호어울림2단지,경기도 김포시 양촌읍 양곡리 1241 한강금호어울림2단지,경기도 김포시 양곡4로197번길 12,2020-03-16,20200316,467,6,DEV-GIMPO-HANGANG,False,False,True,1,rejected,parkd,2026-09-02,"법정동 ""양촌읍""은 김포 한강 지구 밖 (원도심/타지구)"
A10024790,김포한강 데세리브아파트,경기도 김포시 구래동 6872-8 김포한강 데세리브아파트,경기도 김포시 김포한강9로115번길 37,2020-06-15,20200615,434,4,DEV-GIMPO-HANGANG,False,True,True,2,confirmed,parkd,2026-09-02,
A10024763,한강메트로자이2단지 아파트,경기도 김포시 걸포동 180 한강메트로자이2단지 아파트,경기도 김포시 걸포2로 74,2020-07-14,20200714,2456,22,DEV-GIMPO-HANGANG,False,False,True,1,rejected,parkd,2026-09-02,"법정동 ""걸포동""은 김포 한강 지구 밖 (원도심/타지구)"
A10024755,한강메트로자이3단지,경기도 김포시 걸포동 191 한강메트로자이3단지,경기도 김포시 걸포2로 60,2020-07-14,20200714,431,4,DEV-GIMPO-HANGANG,False,False,True,1,rejected,parkd,2026-09-02,"법정동 ""걸포동""은 김포 한강 지구 밖 (원도심/타지구)"
A10024684,힐스테이트 리버시티1단지,경기도 김포시 고촌읍 향산리 83-1 힐스테이트 리버시티1단지,경기도 김포시 상미로 38,2020-07-30,20200730,1568,24,DEV-GIMPO-HANGANG,False,False,True,1,rejected,parkd,2026-09-02,"법정동 ""고촌읍""은 김포 한강 지구 밖 (원도심/타지구)"
A10024723,힐스테이트리버시티2단지,경기도 김포시 고촌읍 향산리 83-1 힐스테이트리버시티2단지,경기도 김포시 상미1로 7,2020-07-30,20200730,1942,28,DEV-GIMPO-HANGANG,False,False,True,1,rejected,parkd,2026-09-02,"법정동 ""고촌읍""은 김포 한강 지구 밖 (원도심/타지구)"
A10024689,한강메트로자이 1단지,경기도 김포시 걸포동 1595 한강메트로자이 1단지,경기도 김포시 걸포2로 83,2020-08-11,20200811,1142,6,DEV-GIMPO-HANGANG,False,False,True,1,rejected,parkd,2026-09-02,"법정동 ""걸포동""은 김포 한강 지구 밖 (원도심/타지구)"
A10024637,김포장기 LH11단지,경기도 김포시 장기동 1696 김포장기 LH11단지,경기도 김포시 김포한강3로237번길 33,2020-09-21,20200921,196,5,DEV-GIMPO-HANGANG,False,True,True,2,confirmed,parkd,2026-09-02,
A10024510,캐슬앤파밀리에시티1단지,경기도 김포시 고촌읍 신곡리 923-2 캐슬앤파밀리에시티1단지,경기도 김포시 태리로 236,2020-11-23,20201123,2255,36,DEV-GIMPO-HANGANG,False,False,True,1,rejected,parkd,2026-09-02,"법정동 ""고촌읍""은 김포 한강 지구 밖 (원도심/타지구)"
A10024486,한강동일스위트더파크뷰1단지아파트,경기도 김포시 마산동 638-4 한강동일스위트더파크뷰1단지아파트,경기도 김포시 김포한강8로 173-88,2020-12-17,20201217,1021,12,DEV-GIMPO-HANGANG,False,True,True,2,confirmed,parkd,2026-09-02,
A10024478,한강동일스위트더파크뷰2단지,경기도 김포시 마산동 672-1 한강동일스위트더파크뷰2단지,경기도 김포시 김포한강8로 127,2020-12-17,20201217,711,8,DEV-GIMPO-HANGANG,False,True,True,2,confirmed,parkd,2026-09-02,
A10024387,김포한강 LH1단지,경기도 김포시 장기동 2060-2 김포한강 LH1단지,경기도 김포시 허산길 50,2021-02-09,20210209,443,9,DEV-GIMPO-HANGANG,False,True,False,1,rejected,parkd,2026-09-02,승인일 2021-02-09 > window 2020-12-31
A10024419,메트로타워예미지아파트,경기도 김포시 구래동 6886-4 메트로타워예미지아파트,경기도 김포시 솔터로 22,2021-02-17,20210217,701,4,DEV-GIMPO-HANGANG,False,True,False,1,rejected,parkd,2026-09-02,승인일 2021-02-17 > window 2020-12-31
A10023652,김포한강신도시 범양레우스라세느,경기도 김포시 장기동 1894-9 김포한강신도시 범양레우스라세느,경기도 김포시 김포한강1로 129,2022-09-01,20220901,286,28,DEV-GIMPO-HANGANG,False,True,False,1,rejected,parkd,2026-09-02,승인일 2022-09-01 > window 2020-12-31
A46570304,덕풍현대아파트,경기도 하남시 덕풍동 524 덕풍현대아파트,경기도 하남시 대성로 259,1995-11-07,19951107,555,3,DEV-HANAM-MISA,False,True,False,1,rejected,parkd,2026-09-02,승인일 1995-11-07 < window 2014-01-01
A46570503,하남 서해아파트,경기도 하남시 덕풍동 346 하남 서해아파트,경기도 하남시 신장로205번길 16,1996-04-13,19960413,423,2,DEV-HANAM-MISA,False,True,False,1,rejected,parkd,2026-09-02,승인일 1996-04-13 < window 2014-01-01
A46580302,라인,경기도 하남시 덕풍동 336-40 라인,경기도 하남시 하남대로 895,1997-04-16,19970416,352,3,DEV-HANAM-MISA,False,True,False,1,rejected,parkd,2026-09-02,승인일 1997-04-16 < window 2014-01-01
A46570205,덕풍쌍용아파트,경기도 하남시 덕풍동 537-1 덕풍쌍용아파트,경기도 하남시 역말로15번길 35,1998-01-23,19980123,585,8,DEV-HANAM-MISA,False,True,False,1,rejected,parkd,2026-09-02,승인일 1998-01-23 < window 2014-01-01
A46571403,진모루현대,경기도 하남시 덕풍동 404-1 진모루현대,경기도 하남시 신평로 81,2000-12-22,20001222,387,4,DEV-HANAM-MISA,False,True,False,1,rejected,parkd,2026-09-02,승인일 2000-12-22 < window 2014-01-01
A46571303,한솔리치빌아파트2단지,경기도 하남시 덕풍동 684 한솔리치빌아파트2단지,경기도 하남시 덕산로 60,2002-12-02,20021202,347,5,DEV-HANAM-MISA,False,True,False,1,rejected,parkd,2026-09-02,승인일 2002-12-02 < window 2014-01-01
A46571307,한솔리치빌1단지아파트,경기도 하남시 덕풍동 681 한솔리치빌1단지아파트,경기도 하남시 덕산로 39,2002-12-23,20021223,747,10,DEV-HANAM-MISA,False,True,False,1,rejected,parkd,2026-09-02,승인일 2002-12-23 < window 2014-01-01
A46570401,하남대동피렌체,경기도 하남시 덕풍동 372-2 하남대동피렌체,경기도 하남시 신장로 151,2005-01-12,20050112,232,1,DEV-HANAM-MISA,False,True,False,1,rejected,parkd,2026-09-02,승인일 2005-01-12 < window 2014-01-01
A46571302,한솔리치빌(3단지),경기도 하남시 덕풍동 688 한솔리치빌(3단지),경기도 하남시 덕산로 80,2006-01-20,20060120,283,3,DEV-HANAM-MISA,False,True,False,1,rejected,parkd,2026-09-02,승인일 2006-01-20 < window 2014-01-01
A46571301,한솔리치빌5단지,경기도 하남시 덕풍동 689 한솔리치빌5단지,경기도 하남시 덕산로 50,2006-02-09,20060209,268,4,DEV-HANAM-MISA,False,True,False,1,rejected,parkd,2026-09-02,승인일 2006-02-09 < window 2014-01-01
A46501201,케이씨씨스위첸,경기도 하남시 덕풍동 690 케이씨씨스위첸,경기도 하남시 신장로205번길 30,2006-02-21,20060221,244,4,DEV-HANAM-MISA,False,True,False,1,rejected,parkd,2026-09-02,승인일 2006-02-21 < window 2014-01-01
A46571605,하남자이,경기도 하남시 덕풍동 691 하남자이,경기도 하남시 덕풍공원로 38,2006-04-14,20060414,875,10,DEV-HANAM-MISA,False,True,False,1,rejected,parkd,2026-09-02,승인일 2006-04-14 < window 2014-01-01
A46571704,한솔솔파크,경기도 하남시 덕풍동 692 한솔솔파크,경기도 하남시 하남대로887번길 25,2006-06-15,20060615,616,11,DEV-HANAM-MISA,False,True,False,1,rejected,parkd,2026-09-02,승인일 2006-06-15 < window 2014-01-01
A46572006,덕풍벽산블루밍,경기도 하남시 덕풍동 695 덕풍벽산블루밍,경기도 하남시 신평로 36,2007-04-30,20070430,696,9,DEV-HANAM-MISA,False,True,False,1,rejected,parkd,2026-09-02,승인일 2007-04-30 < window 2014-01-01
A46501301,풍산센트레빌,경기도 하남시 덕풍동 747 풍산센트레빌,경기도 하남시 덕풍동로 110,2008-03-03,20080303,168,5,DEV-HANAM-MISA,False,True,False,1,rejected,parkd,2026-09-02,승인일 2008-03-03 < window 2014-01-01
A46501003,하남제일풍경채,"경기도 하남시 덕풍동 759,경기도 하남시 덕풍동 765 하남제일풍경채","경기도 하남시 덕풍북로71번길 30,경기도 하남시 덕풍북로71번길 29",2008-04-11,20080411,260,14,DEV-HANAM-MISA,False,True,False,1,rejected,parkd,2026-09-02,승인일 2008-04-11 < window 2014-01-01
A46501001,덕풍동원베네스트,경기도 하남시 덕풍동 748 덕풍동원베네스트,경기도 하남시 덕풍북로 236,2008-05-01,20080501,217,7,DEV-HANAM-MISA,False,True,False,1,rejected,parkd,2026-09-02,승인일 2008-05-01 < window 2014-01-01
A10022208,효천수리골,경기도 하남시 덕풍동 352-1 효천수리골,,2008-06-24,20080624,103,3,DEV-HANAM-MISA,False,True,False,1,rejected,parkd,2026-09-02,승인일 2008-06-24 < window 2014-01-01
A46501007,하남풍산아이파크1단지,경기도 하남시 덕풍동 823 하남풍산아이파크1단지,경기도 하남시 덕풍남로 11,2008-07-18,20080718,686,14,DEV-HANAM-MISA,False,True,False,1,rejected,parkd,2026-09-02,승인일 2008-07-18 < window 2014-01-01
A46501004,하남풍산아이파크5단지,경기도 하남시 덕풍동 731 하남풍산아이파크5단지,경기도 하남시 덕풍서로 65,2008-07-18,20080718,365,8,DEV-HANAM-MISA,False,True,False,1,rejected,parkd,2026-09-02,승인일 2008-07-18 < window 2014-01-01
A46501005,덕풍삼부르네상스,경기도 하남시 덕풍동 729 덕풍삼부르네상스,경기도 하남시 덕풍북로 140,2008-08-22,20080822,471,14,DEV-HANAM-MISA,False,True,False,1,rejected,parkd,2026-09-02,승인일 2008-08-22 < window 2014-01-01
A46501304,휴먼시아새뜰마을3단지,경기도 하남시 덕풍동 794 휴먼시아새뜰마을3단지,경기도 하남시 덕풍동로 90,2008-09-22,20080922,401,7,DEV-HANAM-MISA,False,True,False,1,rejected,parkd,2026-09-02,승인일 2008-09-22 < window 2014-01-01
A46501308,휴먼시아새뜰마을4단지,경기도 하남시 덕풍동 822 휴먼시아새뜰마을4단지,경기도 하남시 덕풍남로 17,2008-09-22,20080922,330,6,DEV-HANAM-MISA,False,True,False,1,rejected,parkd,2026-09-02,승인일 2008-09-22 < window 2014-01-01
A46501306,휴먼시아꽃뫼마을1단지,경기도 하남시 덕풍동 775 휴먼시아꽃뫼마을1단지,경기도 하남시 덕풍북로 70,2008-12-01,20081201,638,11,DEV-HANAM-MISA,False,True,False,1,rejected,parkd,2026-09-02,승인일 2008-12-01 < window 2014-01-01
A46501305,휴먼시아꽃뫼마을2단지,경기도 하남시 덕풍동 777 휴먼시아꽃뫼마을2단지,경기도 하남시 덕풍서로 45,2008-12-05,20081205,638,9,DEV-HANAM-MISA,False,True,False,1,rejected,parkd,2026-09-02,승인일 2008-12-05 < window 2014-01-01
A46580001,하남풍산참아름,경기도 하남시 덕풍동 821 하남풍산참아름,경기도 하남시 덕풍동로 60,2009-05-06,20090506,777,14,DEV-HANAM-MISA,False,True,False,1,rejected,parkd,2026-09-02,승인일 2009-05-06 < window 2014-01-01
A10028200,미사강변 파밀리에,경기도 하남시 망월동 910 미사강변 파밀리에,경기도 하남시 아리수로 589,2014-06-12,20140612,976,9,DEV-HANAM-MISA,False,True,True,2,confirmed,parkd,2026-09-02,
A10028143,리버나인 RIVERNINE,"경기도 하남시 선동 423,경기도 하남시 선동 159 리버나인 RIVERNINE",경기도 하남시 미사강변한강로 110,2014-07-25,20140725,712,9,DEV-HANAM-MISA,False,True,True,2,confirmed,parkd,2026-09-02,
A10028139,미사강변골든센트로,경기도 하남시 망월동 1162 미사강변골든센트로,경기도 하남시 미사강변동로 50-1,2014-12-05,20141205,1541,14,DEV-HANAM-MISA,False,True,True,2,confirmed,parkd,2026-09-02,
A10028157,미사강변 한신휴플러스,경기도 하남시 망월동 904 미사강변 한신휴플러스,경기도 하남시 미사강변한강로 170,2015-01-16,20150116,763,10,DEV-HANAM-MISA,False,True,True,2,confirmed,parkd,2026-09-02,
A10028065,미사강변도시 베라체 아파트,경기도 하남시 선동 453 미사강변도시 베라체 아파트,경기도 하남시 풍산로 270-1,2015-05-12,20150512,615,8,DEV-HANAM-MISA,False,True,True,2,confirmed,parkd,2026-09-02,
A10027978,미사강변파크뷰,경기도 하남시 망월동 533-1 미사강변파크뷰,경기도 하남시 미사강변동로 177,2015-07-14,20150714,664,7,DEV-HANAM-MISA,False,True,True,2,confirmed,parkd,2026-09-02,
A10027782,미사강변 루나리움,경기도 하남시 망월동 1034 미사강변 루나리움,경기도 하남시 아리수로 499-3,2015-09-30,20150930,1164,11,DEV-HANAM-MISA,False,True,True,2,confirmed,parkd,2026-09-02,
A10027846,미사강변 트래지안,경기도 하남시 망월동 938 미사강변 트래지안,경기도 하남시 미사강변북로 99,2015-10-16,20151016,620,6,DEV-HANAM-MISA,False,True,True,2,confirmed,parkd,2026-09-02,
A10027741,플로리체 위례 아파트,경기도 하남시 학암동 671 플로리체 위례 아파트,경기도 하남시 위례중앙로 185,2015-10-30,20151030,970,13,DEV-HANAM-MISA,False,False,True,1,rejected,parkd,2026-09-02,"법정동 ""학암동, 플로리"" 미매칭 - 원도심/타지구"
A10027691,미사강변13단지,경기도 하남시 망월동 949 미사강변13단지,경기도 하남시 아리수로 530,2015-11-25,20151125,2742,11,DEV-HANAM-MISA,False,True,True,2,confirmed,parkd,2026-09-02,
A10027686,위례롯데캐슬아파트,경기도 하남시 학암동 672 위례롯데캐슬아파트,경기도 하남시 위례중앙로 215,2016-01-15,20160115,1673,14,DEV-HANAM-MISA,False,False,True,1,rejected,parkd,2026-09-02,"법정동 ""학암동"" 미매칭 - 원도심/타지구"
A10027715,위례 그린파크푸르지오,경기도 하남시 학암동 673 위례 그린파크푸르지오,경기도 하남시 위례순환로 270,2016-01-28,20160128,972,16,DEV-HANAM-MISA,False,False,True,1,rejected,parkd,2026-09-02,"법정동 ""학암동"" 미매칭 - 원도심/타지구"
A10027552,미사강변 동원로얄듀크아파트,경기도 하남시 풍산동 477 미사강변 동원로얄듀크아파트,경기도 하남시 미사강변서로 45,2016-04-14,20160414,808,8,DEV-HANAM-MISA,False,True,True,2,confirmed,parkd,2026-09-02,
A10027514,미사강변푸르지오,경기도 하남시 망월동 1060 미사강변푸르지오,경기도 하남시 미사강변대로 165,2016-04-22,20160422,1188,15,DEV-HANAM-MISA,False,True,True,2,confirmed,parkd,2026-09-02,
A10027537,미사강변 하우스디 더레이크,경기도 하남시 망월동 1062 미사강변 하우스디 더레이크,경기도 하남시 미사강변대로 135,2016-05-25,20160525,821,10,DEV-HANAM-MISA,False,True,True,2,confirmed,parkd,2026-09-02,
A10027546,위례 센트로엘 아파트,경기도 하남시 학암동 662 위례 센트로엘 아파트,경기도 하남시 위례광장로 265,2016-06-03,20160603,673,11,DEV-HANAM-MISA,False,False,True,1,rejected,parkd,2026-09-02,"법정동 ""학암동"" 미매칭 - 원도심/타지구"
A10027476,하남미사강변도시17단지,경기도 하남시 망월동 1044 하남미사강변도시17단지,경기도 하남시 미사강변서로 167-4,2016-07-04,20160704,2180,10,DEV-HANAM-MISA,False,True,True,2,confirmed,parkd,2026-09-02,
A10027385,미사강변 더샵리버포레 아파트,경기도 하남시 선동 427 미사강변 더샵리버포레 아파트,경기도 하남시 미사강변북로 65,2016-07-27,20160727,875,8,DEV-HANAM-MISA,False,True,True,2,confirmed,parkd,2026-09-02,
A10027379,미사강변 센텀팰리스,경기도 하남시 망월동 1050 미사강변 센텀팰리스,경기도 하남시 미사강변서로 127,2016-07-29,20160729,1455,17,DEV-HANAM-MISA,False,True,True,2,confirmed,parkd,2026-09-02,
A10027368,하남 더샵 센트럴뷰,경기도 하남시 덕풍동 946 하남 더샵 센트럴뷰,경기도 하남시 하남대로 856,2016-08-19,20160819,672,11,DEV-HANAM-MISA,False,True,True,2,confirmed,parkd,2026-09-02,
A10027308,미사강변도시26단지아파트,경기도 하남시 풍산동 567 미사강변도시26단지아파트,경기도 하남시 미사강변중앙로 100,2016-09-08,20160908,588,5,DEV-HANAM-MISA,False,True,True,2,confirmed,parkd,2026-09-02,
A10027344,미사강변센트리버,경기도 하남시 선동 436 미사강변센트리버,경기도 하남시 미사강변대로 270,2016-09-09,20160909,1145,13,DEV-HANAM-MISA,False,True,True,2,confirmed,parkd,2026-09-02,
A10027359,미사강변2차푸르지오,경기도 하남시 선동 433 미사강변2차푸르지오,경기도 하남시 미사강변한강로 60,2016-09-28,20160928,1066,11,DEV-HANAM-MISA,False,True,True,2,confirmed,parkd,2026-09-02,
A10027180,미사강변스타힐스,경기도 하남시 망월동 956 미사강변스타힐스,경기도 하남시 미사강변대로 240,2016-11-24,20161124,1389,16,DEV-HANAM-MISA,False,True,True,2,confirmed,parkd,2026-09-02,
A10027070,신안인스빌아스트로,경기도 하남시 학암동 663 신안인스빌아스트로,경기도 하남시 위례광장로 285-1,2017-02-22,20170222,694,9,DEV-HANAM-MISA,False,False,True,1,rejected,parkd,2026-09-02,"법정동 ""학암동"" 미매칭 - 원도심/타지구"
A10027116,미사강변센트럴자이,경기도 하남시 풍산동 480 미사강변센트럴자이,경기도 하남시 미사강변대로 95,2017-02-27,20170227,1222,12,DEV-HANAM-MISA,False,True,True,2,confirmed,parkd,2026-09-02,
A10026837,하남유니온시티에일린의뜰아파트,경기도 하남시 신장동 602 하남유니온시티에일린의뜰아파트,경기도 하남시 하남유니온로 70,2017-08-18,20170818,754,8,DEV-HANAM-MISA,False,False,True,1,rejected,parkd,2026-09-02,"법정동 ""신장동""은 하남 미사 지구 밖 (원도심/타지구)"
A10026806,미사강변리버뷰자이,경기도 하남시 선동 455 미사강변리버뷰자이,경기도 하남시 미사강변한강로 10,2017-08-24,20170824,555,5,DEV-HANAM-MISA,False,True,True,2,confirmed,parkd,2026-09-02,
A10026784,미사강변해링턴플레이스아파트,경기도 하남시 망월동 1170 미사강변해링턴플레이스아파트,경기도 하남시 미사강변한강로 326,2017-09-05,20170905,1401,12,DEV-HANAM-MISA,False,True,True,2,confirmed,parkd,2026-09-02,
A10026707,미사강변더샵센트럴포레아파트,경기도 하남시 풍산동 486 미사강변더샵센트럴포레아파트,경기도 하남시 미사강변대로 55,2017-10-25,20171025,487,5,DEV-HANAM-MISA,False,True,True,2,confirmed,parkd,2026-09-02,
A10026619,미사 레스티아 아파트,경기도 하남시 망월동 1177 미사 레스티아 아파트,경기도 하남시 미사강변동로 20,2017-10-31,20171031,1104,10,DEV-HANAM-MISA,False,True,True,2,confirmed,parkd,2026-09-02,
A10026523,미사강변리슈빌NHF,경기도 하남시 선동 445 미사강변리슈빌NHF,경기도 하남시 미사강변북로 25,2018-01-05,20180105,996,10,DEV-HANAM-MISA,False,True,True,2,confirmed,parkd,2026-09-02,
A10026501,미사강변 동일하이빌,경기도 하남시 풍산동 470 미사강변 동일하이빌,경기도 하남시 미사강변서로 85,2018-02-06,20180206,655,6,DEV-HANAM-MISA,False,True,True,2,confirmed,parkd,2026-09-02,
A10026040,리버스위트칸타빌아파트,경기도 하남시 선동 441 리버스위트칸타빌아파트,경기도 하남시 미사강변한강로 30,2018-05-29,20180529,550,5,DEV-HANAM-MISA,False,True,True,2,confirmed,parkd,2026-09-02,
A10026131,e-편한세상 미사 아파트,경기도 하남시 풍산동 568 e-편한세상 미사 아파트,경기도 하남시 미사강변중앙로 90,2018-06-15,20180615,652,5,DEV-HANAM-MISA,False,True,True,2,confirmed,parkd,2026-09-02,
A10026105,미사강변14단지,경기도 하남시 망월동 907 미사강변14단지,경기도 하남시 미사강변동로 180,2018-07-26,20180726,1632,7,DEV-HANAM-MISA,False,True,True,2,confirmed,parkd,2026-09-02,
A10025930,하남유시티대명루첸리버파크,경기도 하남시 신장동 593 하남유시티대명루첸리버파크,경기도 하남시 하남유니온로 30,2018-09-28,20180928,854,8,DEV-HANAM-MISA,False,False,True,1,rejected,parkd,2026-09-02,"법정동 ""신장동""은 하남 미사 지구 밖 (원도심/타지구)"
A10025953,미사 힐즈파크 푸르지오3단지,경기도 하남시 풍산동 627 미사 힐즈파크 푸르지오3단지,경기도 하남시 세미로1길 30,2018-09-28,20180928,358,5,DEV-HANAM-MISA,False,True,True,2,confirmed,parkd,2026-09-02,
A10025991,하남 힐즈파크 푸르지오 2단지,경기도 하남시 풍산동 626 하남 힐즈파크 푸르지오 2단지,경기도 하남시 세미로1길 11,2018-09-28,20180928,456,7,DEV-HANAM-MISA,False,True,True,2,confirmed,parkd,2026-09-02,
A10025966,미사강변아란티움(25단지)아파트,경기도 하남시 풍산동 565 미사강변아란티움(25단지)아파트,경기도 하남시 미사강변중앙로 120,2018-10-11,20181011,688,5,DEV-HANAM-MISA,False,True,True,2,confirmed,parkd,2026-09-02,
A10025941,미사강변도시 C3단지,경기도 하남시 망월동 1140 미사강변도시 C3단지,경기도 하남시 미사강변한강로 290,2018-11-06,20181106,1492,4,DEV-HANAM-MISA,False,True,True,2,confirmed,parkd,2026-09-02,
A10025947,미사강변 브라운스톤,경기도 하남시 풍산동 559 미사강변 브라운스톤,경기도 하남시 미사강변동로 47,2018-11-06,20181106,871,8,DEV-HANAM-MISA,False,True,True,2,confirmed,parkd,2026-09-02,
A10025667,미사강변센트럴풍경채아파트,경기도 하남시 풍산동 471 미사강변센트럴풍경채아파트,경기도 하남시 미사강변서로 65,2019-01-08,20190108,726,8,DEV-HANAM-MISA,False,True,True,2,confirmed,parkd,2026-09-02,
A10025739,미사강변신안인스빌아파트,경기도 하남시 풍산동 573 미사강변신안인스빌아파트,경기도 하남시 미사강변동로 19,2019-01-29,20190129,734,8,DEV-HANAM-MISA,False,True,True,2,confirmed,parkd,2026-09-02,
A10025534,덕풍역파크어울림아파트,경기도 하남시 덕풍동 947 덕풍역파크어울림아파트,경기도 하남시 덕풍공원로 50,2019-04-05,20190405,383,5,DEV-HANAM-MISA,False,True,True,2,confirmed,parkd,2026-09-02,
A10025339,감일 한라비발디,경기도 하남시 감이동 530 감일 한라비발디,경기도 하남시 감일백제로 65,2019-06-10,20190610,934,8,DEV-HANAM-MISA,False,False,True,1,rejected,parkd,2026-09-02,"법정동 ""감이동""은 하남 미사 지구 밖 (원도심/타지구)"
A10025469,미사역 호반 써밋 아파트,경기도 하남시 망월동 1127 미사역 호반 써밋 아파트,경기도 하남시 미사강변한강로 270,2019-06-11,20190611,846,8,DEV-HANAM-MISA,False,True,True,2,confirmed,parkd,2026-09-02,
A10025043,하남감일스윗시티10단지,경기도 하남시 감이동 454 하남감일스윗시티10단지,경기도 하남시 감일순환로 35,2020-01-15,20200115,753,9,DEV-HANAM-MISA,False,False,True,1,rejected,parkd,2026-09-02,"법정동 ""감이동""은 하남 미사 지구 밖 (원도심/타지구)"
A10024992,감일 스윗시티 1단지,경기도 하남시 감일동 534 감일 스윗시티 1단지,경기도 하남시 감일로 86,2020-03-12,20200312,669,7,DEV-HANAM-MISA,False,False,True,1,rejected,parkd,2026-09-02,"법정동 ""감일동""은 하남 미사 지구 밖 (원도심/타지구)"
A10024941,감일 센트레빌 아파트,경기도 하남시 감이동 535 감일 센트레빌 아파트,경기도 하남시 감일백제로 35,2020-03-12,20200312,589,6,DEV-HANAM-MISA,False,False,True,1,rejected,parkd,2026-09-02,"법정동 ""감이동""은 하남 미사 지구 밖 (원도심/타지구)"
A10024890,미사힐즈파크푸르지오,경기도 하남시 풍산동 630 미사힐즈파크푸르지오,경기도 하남시 세미로1길 10,2020-04-27,20200427,404,7,DEV-HANAM-MISA,False,True,True,2,confirmed,parkd,2026-09-02,
A10024895,하남감일스윗시티행복주택6단지,경기도 하남시 감일동 523 하남감일스윗시티행복주택6단지,경기도 하남시 감일순환로 130,2020-05-08,20200508,672,4,DEV-HANAM-MISA,False,False,True,1,rejected,parkd,2026-09-02,"법정동 ""감일동""은 하남 미사 지구 밖 (원도심/타지구)"
A10024644,하남감일스윗시티8단지,경기도 하남시 감일동 534 하남감일스윗시티8단지,경기도 하남시 감일순환로 95,2020-09-02,20200902,1088,6,DEV-HANAM-MISA,False,False,True,1,rejected,parkd,2026-09-02,"법정동 ""감일동""은 하남 미사 지구 밖 (원도심/타지구)"
A10024569,힐스테이트포웰시티,경기도 하남시 감이동 458 힐스테이트포웰시티,경기도 하남시 감일백제로 120,2020-10-27,20201027,932,6,DEV-HANAM-MISA,False,False,True,1,rejected,parkd,2026-09-02,"법정동 ""감이동""은 하남 미사 지구 밖 (원도심/타지구)"
A10024472,하남감일포엠포레아파트,경기도 하남시 감일동 533 하남감일포엠포레아파트,경기도 하남시 감일순환로 135,2021-01-04,20210104,617,8,DEV-HANAM-MISA,False,False,True,1,rejected,parkd,2026-09-02,"법정동 ""감일동""은 하남 미사 지구 밖 (원도심/타지구)"
A10024471,하남감일 스윗시티 행복주택 7단지,"경기도 하남시 감일동 524,경기도 하남시 감일동 514 하남감일 스윗시티 행복주택 7단지",경기도 하남시 감일순환로 140,2021-01-12,20210112,425,3,DEV-HANAM-MISA,False,False,True,1,rejected,parkd,2026-09-02,"법정동 ""감일동""은 하남 미사 지구 밖 (원도심/타지구)"
A10024378,위례호반써밋,"경기도 하남시 학암동 652,경기도 하남시 학암동 652 위례호반써밋",경기도 하남시 위례대로6길 20,2021-01-28,20210128,699,9,DEV-HANAM-MISA,False,False,True,1,rejected,parkd,2026-09-02,"법정동 ""학암동, 학암동"" 미매칭 - 원도심/타지구"
A10024388,더샵포웰시티,경기도 하남시 감이동 491 더샵포웰시티,경기도 하남시 감일백제로 70,2021-01-29,20210129,881,9,DEV-HANAM-MISA,False,False,True,1,rejected,parkd,2026-09-02,"법정동 ""감이동""은 하남 미사 지구 밖 (원도심/타지구)"
A10024382,포웰시티 푸르지오 라포레,경기도 하남시 감이동 500 포웰시티 푸르지오 라포레,경기도 하남시 감일백제로 20,2021-02-01,20210201,790,9,DEV-HANAM-MISA,False,False,True,1,rejected,parkd,2026-09-02,"법정동 ""감이동""은 하남 미사 지구 밖 (원도심/타지구)"
A10024304,위례포레자이아파트,경기도 하남시 학암동 635 위례포레자이아파트,경기도 하남시 위례대로6길 95,2021-04-27,20210427,558,9,DEV-HANAM-MISA,False,False,True,1,rejected,parkd,2026-09-02,"법정동 ""학암동"" 미매칭 - 원도심/타지구"
A10024247,힐스테이트센트럴위례,경기도 하남시 학암동 651 힐스테이트센트럴위례,경기도 하남시 위례대로6길 15,2021-05-06,20210506,1078,14,DEV-HANAM-MISA,False,False,True,1,rejected,parkd,2026-09-02,"법정동 ""학암동"" 미매칭 - 원도심/타지구"
A10024292,감일 금강펜테리움 센트럴파크,경기도 하남시 감일동 116 감일 금강펜테리움 센트럴파크,경기도 하남시 신우실로 15,2021-05-14,20210514,684,10,DEV-HANAM-MISA,False,False,True,1,rejected,parkd,2026-09-02,"법정동 ""감일동""은 하남 미사 지구 밖 (원도심/타지구)"
A10024211,미사역파라곤아파트,경기도 하남시 망월동 1125 미사역파라곤아파트,경기도 하남시 미사강변동로 100,2021-07-29,20210729,925,8,DEV-HANAM-MISA,False,True,True,2,confirmed,parkd,2026-09-02,
A10024119,하남호반써밋에듀파크,경기도 하남시 신장동 577 하남호반써밋에듀파크,경기도 하남시 하남유니온로 10,2021-08-06,20210806,999,6,DEV-HANAM-MISA,False,False,True,1,rejected,parkd,2026-09-02,"법정동 ""신장동""은 하남 미사 지구 밖 (원도심/타지구)"
A10024045,e편한세상감일아파트,경기도 하남시 감이동 501 e편한세상감일아파트,경기도 하남시 감일중앙로 20,2021-09-07,20210907,866,6,DEV-HANAM-MISA,False,False,True,1,rejected,parkd,2026-09-02,"법정동 ""감이동""은 하남 미사 지구 밖 (원도심/타지구)"
A10024124,위례로제비앙,경기도 하남시 학암동 645 위례로제비앙,경기도 하남시 위례학암로 30,2021-09-14,20210914,508,6,DEV-HANAM-MISA,False,False,True,1,rejected,parkd,2026-09-02,"법정동 ""학암동"" 미매칭 - 원도심/타지구"
A10024051,감일 스타힐스,경기도 하남시 감이동 446 감일 스타힐스,경기도 하남시 감일순환로 170,2021-10-14,20211014,578,8,DEV-HANAM-MISA,False,False,True,1,rejected,parkd,2026-09-02,"법정동 ""감이동""은 하남 미사 지구 밖 (원도심/타지구)"
A10024104,감일 파크 센트레빌,경기도 하남시 감이동 448 감일 파크 센트레빌,경기도 하남시 감일순환로 190,2021-10-14,20211014,595,7,DEV-HANAM-MISA,False,False,True,1,rejected,parkd,2026-09-02,"법정동 ""감이동""은 하남 미사 지구 밖 (원도심/타지구)"
A10022630,더샵하남에디피스,"경기도 하남시 덕풍동 948-,경기도 하남시 덕풍동 938 더샵하남에디피스",경기도 하남시 하남대로 830,2024-03-28,20240328,980,10,DEV-HANAM-MISA,False,True,False,1,rejected,parkd,2026-09-02,승인일 2024-03-28 > window 2021-12-31
A47291001,다산한신휴플러스,경기도 남양주시 다산동 4026-6 다산한신휴플러스,경기도 남양주시 미금로56번길 19,1999-11-15,19991115,270,2,DEV-NAMYANGJU-DASAN,False,True,False,1,rejected,parkd,2026-09-02,승인일 1999-11-15 < window 2017-06-01
A47279408,플루리움45단지아파트,경기도 남양주시 다산동 4002-1 플루리움45단지아파트,경기도 남양주시 도농로 34,2000-11-09,20001109,2042,18,DEV-NAMYANGJU-DASAN,False,True,False,1,rejected,parkd,2026-09-02,승인일 2000-11-09 < window 2017-06-01
A47279205,플루리움3단지,경기도 남양주시 다산동 4002-1 플루리움3단지,경기도 남양주시 도농로 34,2001-05-09,20010509,1144,12,DEV-NAMYANGJU-DASAN,False,True,False,1,rejected,parkd,2026-09-02,승인일 2001-05-09 < window 2017-06-01
A47270906,플루리움1단지,경기도 남양주시 다산동 4002-1 플루리움1단지,경기도 남양주시 도농로 34,2001-09-13,20010913,1086,11,DEV-NAMYANGJU-DASAN,False,True,False,1,rejected,parkd,2026-09-02,승인일 2001-09-13 < window 2017-06-01
A47279207,플루리움2단지,경기도 남양주시 다산동 4002-1 플루리움2단지,경기도 남양주시 도농로 34,2002-01-22,20020122,1484,16,DEV-NAMYANGJU-DASAN,False,True,False,1,rejected,parkd,2026-09-02,승인일 2002-01-22 < window 2017-06-01
A47291304,"다산리버펠리체아파트 1,2,3단지","경기도 남양주시 다산동 4432,경기도 남양주시 다산동 4432-4,경기도 남양주시 다산동 4432-2 다산리버펠리체아파트 1,2,3단지",경기도 남양주시 미금로57번길 20,2005-05-31,20050531,1060,12,DEV-NAMYANGJU-DASAN,False,True,False,1,rejected,parkd,2026-09-02,승인일 2005-05-31 < window 2017-06-01
A47291003,다산롯데아파트,경기도 남양주시 다산동 4433 다산롯데아파트,경기도 남양주시 미금로 24,2005-10-31,20051031,708,9,DEV-NAMYANGJU-DASAN,False,True,False,1,rejected,parkd,2026-09-02,승인일 2005-10-31 < window 2017-06-01
A47287901,동원베네스트,경기도 남양주시 다산동 3395 동원베네스트,경기도 남양주시 미금로 159,2005-11-02,20051102,196,5,DEV-NAMYANGJU-DASAN,False,True,False,1,rejected,parkd,2026-09-02,승인일 2005-11-02 < window 2017-06-01
A47291002,도농부영애시앙,경기도 남양주시 다산동 4001-29 도농부영애시앙,경기도 남양주시 도농로 24,2008-05-21,20080521,364,4,DEV-NAMYANGJU-DASAN,False,True,False,1,rejected,parkd,2026-09-02,승인일 2008-05-21 < window 2017-06-01
A47271002,다산한화꿈에그린,경기도 남양주시 다산동 3718 다산한화꿈에그린,경기도 남양주시 다산지금로16번길 56,2008-08-29,20080829,767,8,DEV-NAMYANGJU-DASAN,False,True,False,1,rejected,parkd,2026-09-02,승인일 2008-08-29 < window 2017-06-01
A47206005,가운휴먼시아1단지,경기도 남양주시 다산동 669 가운휴먼시아1단지,경기도 남양주시 가운로2길 28,2008-09-05,20080905,1417,16,DEV-NAMYANGJU-DASAN,False,True,False,1,rejected,parkd,2026-09-02,승인일 2008-09-05 < window 2017-06-01
A47206006,가운휴먼시아2단지,경기도 남양주시 다산동 671 가운휴먼시아2단지,경기도 남양주시 가운로2길 8,2008-09-05,20080905,388,4,DEV-NAMYANGJU-DASAN,False,True,False,1,rejected,parkd,2026-09-02,승인일 2008-09-05 < window 2017-06-01
A47206003,경남아너스빌,경기도 남양주시 다산동 683 경남아너스빌,경기도 남양주시 가운로2길 111,2008-09-19,20080919,495,10,DEV-NAMYANGJU-DASAN,False,True,False,1,rejected,parkd,2026-09-02,승인일 2008-09-19 < window 2017-06-01
A47206002,더힐포레,경기도 남양주시 다산동 673 더힐포레,경기도 남양주시 가운로2길 11,2008-09-19,20080919,358,8,DEV-NAMYANGJU-DASAN,False,True,False,1,rejected,parkd,2026-09-02,승인일 2008-09-19 < window 2017-06-01
A47206001,더힐포레(3단지),경기도 남양주시 다산동 674 더힐포레(3단지),경기도 남양주시 가운로2길 43,2008-09-19,20080919,189,6,DEV-NAMYANGJU-DASAN,False,True,False,1,rejected,parkd,2026-09-02,승인일 2008-09-19 < window 2017-06-01
A10023893,다산한신더휴 7단지 아파트,경기도 남양주시 다산동 681 다산한신더휴 7단지 아파트,경기도 남양주시 가운로2길 78,2009-10-28,20091028,114,7,DEV-NAMYANGJU-DASAN,False,True,False,1,rejected,parkd,2026-09-02,승인일 2009-10-28 < window 2017-06-01
A10023982,다산한신더휴6단지,"경기도 남양주시 다산동 682,경기도 남양주시 다산동 682 다산한신더휴6단지",,2009-10-28,20091028,111,3,DEV-NAMYANGJU-DASAN,False,True,False,1,rejected,parkd,2026-09-02,승인일 2009-10-28 < window 2017-06-01
A47288801,다산효성해링턴타워,경기도 남양주시 다산동 4434 다산효성해링턴타워,경기도 남양주시 경춘로 377,2010-03-15,20100315,234,2,DEV-NAMYANGJU-DASAN,False,True,False,1,rejected,parkd,2026-09-02,승인일 2010-03-15 < window 2017-06-01
A47288802,도농사랑으로7단지 부영아파트,경기도 남양주시 다산동 4435 도농사랑으로7단지 부영아파트,경기도 남양주시 도농로 71,2013-12-30,20131230,317,6,DEV-NAMYANGJU-DASAN,False,True,False,1,rejected,parkd,2026-09-02,승인일 2013-12-30 < window 2017-06-01
A47288803,다산센트레빌,경기도 남양주시 다산동 4436 다산센트레빌,경기도 남양주시 미금로 16,2016-11-30,20161130,457,9,DEV-NAMYANGJU-DASAN,False,True,False,1,rejected,parkd,2026-09-02,승인일 2016-11-30 < window 2017-06-01
A10027754,힐스테이트황금산아파트,경기도 남양주시 다산동 3129-65 힐스테이트황금산아파트,경기도 남양주시 경춘로 468-40,2017-06-30,20170630,1008,19,DEV-NAMYANGJU-DASAN,False,True,True,2,confirmed,parkd,2026-09-02,
A10026936,별사랑마을2-5단지,경기도 남양주시 별내동 897 별사랑마을2-5단지,경기도 남양주시 별내5로 189-50,2017-07-02,20170702,626,4,DEV-NAMYANGJU-DASAN,False,False,True,1,rejected,parkd,2026-09-02,"법정동 ""별내동""은 남양주 다산 지구 밖 (원도심/타지구)"
A10026600,다산 롯데캐슬아파트,"경기도 남양주시 다산동 5869-2,경기도 남양주시 다산동  다산 롯데캐슬아파트",경기도 남양주시 다산중앙로146번길 7,2017-12-22,20171222,1186,10,DEV-NAMYANGJU-DASAN,False,True,True,2,confirmed,parkd,2026-09-02,
A10026580,다산아이파크,"경기도 남양주시 다산동 5808-1,경기도 남양주시 다산동  다산아이파크",경기도 남양주시 다산순환로 333,2017-12-22,20171222,467,5,DEV-NAMYANGJU-DASAN,False,True,True,2,confirmed,parkd,2026-09-02,
A10026562,다산한양수자인리버팰리스,경기도 남양주시 다산동 6024 다산한양수자인리버팰리스,경기도 남양주시 다산순환로 171,2017-12-22,20171222,640,13,DEV-NAMYANGJU-DASAN,False,True,True,2,confirmed,parkd,2026-09-02,
A10026598,이편한세상 다산,"경기도 남양주시 다산동 3646-1,경기도 남양주시 다산동 6091- 이편한세상 다산",경기도 남양주시 다산중앙로82번길 15,2017-12-22,20171222,1615,13,DEV-NAMYANGJU-DASAN,False,True,True,2,confirmed,parkd,2026-09-02,
A10026494,마석 힐즈파크 푸르지오,경기도 남양주시 화도읍 마석우리 600 마석 힐즈파크 푸르지오,경기도 남양주시 비룡로33번길 25,2018-01-31,20180131,620,7,DEV-NAMYANGJU-DASAN,False,False,True,1,rejected,parkd,2026-09-02,"법정동 ""화도읍""은 남양주 다산 지구 밖 (원도심/타지구)"
A10026388,다산반도유보라메이플타운,경기도 남양주시 다산동 6014 다산반도유보라메이플타운,경기도 남양주시 다산순환로 300,2018-03-14,20180314,1085,11,DEV-NAMYANGJU-DASAN,False,True,True,2,confirmed,parkd,2026-09-02,
A10026386,화도 센트럴 우방아이유쉘,경기도 남양주시 화도읍 녹촌리 556 화도 센트럴 우방아이유쉘,경기도 남양주시 수레로1233번길 34,2018-03-29,20180329,808,14,DEV-NAMYANGJU-DASAN,False,False,True,1,rejected,parkd,2026-09-02,"법정동 ""화도읍""은 남양주 다산 지구 밖 (원도심/타지구)"
A10026292,다산유승한내들센트럴아파트,경기도 남양주시 다산동 6090 다산유승한내들센트럴아파트,경기도 남양주시 다산중앙로81번길 10,2018-04-26,20180426,642,5,DEV-NAMYANGJU-DASAN,False,True,True,2,confirmed,parkd,2026-09-02,
A10026164,다산 e편한세상자이아파트,경기도 남양주시 다산동 3679-3 다산 e편한세상자이아파트,경기도 남양주시 다산중앙로81번길 25,2018-06-27,20180627,1685,12,DEV-NAMYANGJU-DASAN,False,True,True,2,confirmed,parkd,2026-09-02,
A10026156,다산유승한내들골든뷰,경기도 남양주시 다산동 4399-3 다산유승한내들골든뷰,경기도 남양주시 다산순환로 135,2018-07-18,20180718,316,6,DEV-NAMYANGJU-DASAN,False,True,True,2,confirmed,parkd,2026-09-02,
A10026145,다산한양수자인리버파크,경기도 남양주시 다산동 4409-3 다산한양수자인리버파크,경기도 남양주시 다산순환로 111,2018-07-25,20180725,291,6,DEV-NAMYANGJU-DASAN,False,True,True,2,confirmed,parkd,2026-09-02,
A10025828,다산펜테리움 리버테라스1차,"경기도 남양주시 다산동 6215-,경기도 남양주시 다산동 6215 다산펜테리움 리버테라스1차",경기도 남양주시 다산지금로145번길 15,2018-12-21,20181221,944,8,DEV-NAMYANGJU-DASAN,False,True,True,2,confirmed,parkd,2026-09-02,
A10025830,힐스테이트 다산,"경기도 남양주시 다산동 3639-2,경기도 남양주시 다산동  힐스테이트 다산",경기도 남양주시 다산순환로 365,2018-12-28,20181228,1283,13,DEV-NAMYANGJU-DASAN,False,True,True,2,confirmed,parkd,2026-09-02,
A10025748,남양주 라온프라이빗1단지아파트,경기도 남양주시 화도읍 녹촌리 563 남양주 라온프라이빗1단지아파트,경기도 남양주시 경춘보학2길 30,2019-01-24,20190124,373,5,DEV-NAMYANGJU-DASAN,False,False,True,1,rejected,parkd,2026-09-02,"법정동 ""화도읍""은 남양주 다산 지구 밖 (원도심/타지구)"
A10025758,남양주 라온프라이빗2단지,"경기도 남양주시 화도읍 녹촌리 214-6,경기도 남양주시 화도읍 녹촌리 564 남양주 라온프라이빗2단지",경기도 남양주시 경춘보학2길 10,2019-01-24,20190124,469,8,DEV-NAMYANGJU-DASAN,False,False,True,1,rejected,parkd,2026-09-02,"법정동 ""화도읍""은 남양주 다산 지구 밖 (원도심/타지구)"
A10025762,남양주 라온프라이빗5단지아파트,경기도 남양주시 화도읍 녹촌리 45 남양주 라온프라이빗5단지아파트,경기도 남양주시 경춘보학1길 8,2019-01-24,20190124,520,7,DEV-NAMYANGJU-DASAN,False,False,True,1,rejected,parkd,2026-09-02,"법정동 ""화도읍""은 남양주 다산 지구 밖 (원도심/타지구)"
A10025773,남양주라온프라이빗3단지,경기도 남양주시 화도읍 녹촌리 205-13 남양주라온프라이빗3단지,경기도 남양주시 경춘보학2길 29,2019-01-24,20190124,283,4,DEV-NAMYANGJU-DASAN,False,False,True,1,rejected,parkd,2026-09-02,"법정동 ""화도읍""은 남양주 다산 지구 밖 (원도심/타지구)"
A10025756,남양주라온프라이빗4단지,경기도 남양주시 화도읍 녹촌리 29-1 남양주라온프라이빗4단지,경기도 남양주시 경춘보학1길 7,2019-01-24,20190124,356,5,DEV-NAMYANGJU-DASAN,False,False,True,1,rejected,parkd,2026-09-02,"법정동 ""화도읍""은 남양주 다산 지구 밖 (원도심/타지구)"
A10025584,별가람마을 1-2단지 아파트,경기도 남양주시 별내동 806 별가람마을 1-2단지 아파트,경기도 남양주시 덕송3로 30,2019-03-11,20190311,1220,4,DEV-NAMYANGJU-DASAN,False,False,True,1,rejected,parkd,2026-09-02,"법정동 ""별내동""은 남양주 다산 지구 밖 (원도심/타지구)"
A10025596,다산한강 반도유보라아파트 입주자대표회의,경기도 남양주시 다산동 6234 다산한강 반도유보라아파트 입주자대표회의,경기도 남양주시 다산지금로146번길 67,2019-03-21,20190321,1261,11,DEV-NAMYANGJU-DASAN,False,True,True,2,confirmed,parkd,2026-09-02,
A10025561,다산센트럴에일린의뜰아파트,경기도 남양주시 다산동 6208 다산센트럴에일린의뜰아파트,경기도 남양주시 다산지금로16번길 88,2019-04-11,20190411,759,5,DEV-NAMYANGJU-DASAN,False,True,True,2,confirmed,parkd,2026-09-02,
A10025480,장현 행복주택2단지,경기도 남양주시 진접읍 장현리 50-3 장현 행복주택2단지,경기도 남양주시 금강로 1530-33,2019-06-10,20190610,870,4,DEV-NAMYANGJU-DASAN,False,False,True,1,rejected,parkd,2026-09-02,"법정동 ""진접읍""은 남양주 다산 지구 밖 (원도심/타지구)"
A10025474,다산 금강펜테리움 리버테라스2차아파트,경기도 남양주시 다산동 6235 다산 금강펜테리움 리버테라스2차아파트,경기도 남양주시 다산지금로146번길 117,2019-06-12,20190612,1304,15,DEV-NAMYANGJU-DASAN,False,True,True,2,confirmed,parkd,2026-09-02,
A10025435,다산신안인스빌퍼스트리버,경기도 남양주시 다산동 540 다산신안인스빌퍼스트리버,경기도 남양주시 다산지금로146번길 100,2019-06-27,20190627,800,8,DEV-NAMYANGJU-DASAN,False,True,True,2,confirmed,parkd,2026-09-02,
A10025393,다산e편한세상더퍼스트,경기도 남양주시 다산동 6151 다산e편한세상더퍼스트,경기도 남양주시 다산중앙로20번길 7,2019-06-28,20190628,491,5,DEV-NAMYANGJU-DASAN,False,True,True,2,confirmed,parkd,2026-09-02,
A10025331,다산자연&e편한세상 3차아파트,경기도 남양주시 다산동 6132 다산자연&e편한세상 3차아파트,경기도 남양주시 다산중앙로82번길 12,2019-07-26,20190726,1394,10,DEV-NAMYANGJU-DASAN,False,True,True,2,confirmed,parkd,2026-09-02,
A10025354,호평오네뜨센트럴아파트,경기도 남양주시 호평동 190-1 호평오네뜨센트럴아파트,경기도 남양주시 늘을3로 88-12,2019-08-16,20190816,616,7,DEV-NAMYANGJU-DASAN,False,False,True,1,rejected,parkd,2026-09-02,"법정동 ""호평동""은 남양주 다산 지구 밖 (원도심/타지구)"
A10025306,다산역 경기행복주택아파트,경기도 남양주시 다산동 6027 다산역 경기행복주택아파트,경기도 남양주시 다산중앙로145번길 38,2019-09-02,20190902,970,4,DEV-NAMYANGJU-DASAN,False,True,True,2,confirmed,parkd,2026-09-02,
A10025142,별내우미린스타포레아파트,경기도 남양주시 별내동 895 별내우미린스타포레아파트,경기도 남양주시 별내5로 189-130,2019-12-23,20191223,585,8,DEV-NAMYANGJU-DASAN,False,False,True,1,rejected,parkd,2026-09-02,"법정동 ""별내동""은 남양주 다산 지구 밖 (원도심/타지구)"
A10025066,다산 신안인스빌퍼스트포레,경기도 남양주시 다산동 6213 다산 신안인스빌퍼스트포레,경기도 남양주시 다산지금로123번길 17,2020-01-21,20200121,1282,11,DEV-NAMYANGJU-DASAN,False,True,True,2,confirmed,parkd,2026-09-02,
A10024788,위스테이별내,경기도 남양주시 별내동 805 위스테이별내,경기도 남양주시 덕송3로 27,2020-05-27,20200527,491,7,DEV-NAMYANGJU-DASAN,False,False,True,1,rejected,parkd,2026-09-02,"법정동 ""별내동""은 남양주 다산 지구 밖 (원도심/타지구)"
A10024648,평내호평역 대명루첸포레스티움아파트,경기도 남양주시 평내동 191 평내호평역 대명루첸포레스티움아파트,경기도 남양주시 경춘로 1305,2020-06-03,20200603,1008,11,DEV-NAMYANGJU-DASAN,False,False,True,1,rejected,parkd,2026-09-02,"법정동 ""평내동""은 남양주 다산 지구 밖 (원도심/타지구)"
A10024625,남양주두산위브트레지움아파트,"경기도 남양주시 화도읍 묵현리 156-3,경기도 남양주시 화도읍 묵현리 156-13 남양주두산위브트레지움아파트",경기도 남양주시 비룡로 182,2020-09-28,20200928,1620,13,DEV-NAMYANGJU-DASAN,False,False,True,1,rejected,parkd,2026-09-02,"법정동 ""화도읍""은 남양주 다산 지구 밖 (원도심/타지구)"
A10024480,다산자이아이비플레이스 아파트,경기도 남양주시 다산동 6028 다산자이아이비플레이스 아파트,경기도 남양주시 다산중앙로 153,2021-01-07,20210107,967,7,DEV-NAMYANGJU-DASAN,False,True,True,2,confirmed,parkd,2026-09-02,
A10024356,두산알프하임,경기도 남양주시 호평동 730 두산알프하임,경기도 남양주시 백봉로 32,2021-01-28,20210128,2894,49,DEV-NAMYANGJU-DASAN,False,False,True,1,rejected,parkd,2026-09-02,"법정동 ""호평동""은 남양주 다산 지구 밖 (원도심/타지구)"
A10024415,다산해모로아파트,경기도 남양주시 다산동 6297 다산해모로아파트,경기도 남양주시 미금로19번길 9,2021-02-19,20210219,449,5,DEV-NAMYANGJU-DASAN,False,True,True,2,confirmed,parkd,2026-09-02,
A10024267,성도르피스 더스테이,경기도 남양주시 오남읍 오남리 892 성도르피스 더스테이,경기도 남양주시 진건오남로667번길 37-16,2021-04-29,20210429,212,3,DEV-NAMYANGJU-DASAN,False,False,True,1,rejected,parkd,2026-09-02,"법정동 ""오남읍""은 남양주 다산 지구 밖 (원도심/타지구)"
A10024233,별가람마을1-8단지,경기도 남양주시 별내동 822 별가람마을1-8단지,경기도 남양주시 순화궁로 458-58,2021-07-06,20210706,872,5,DEV-NAMYANGJU-DASAN,False,False,True,1,rejected,parkd,2026-09-02,"법정동 ""별내동""은 남양주 다산 지구 밖 (원도심/타지구)"
A10024195,다산센트럴파크,경기도 남양주시 다산동 6107 다산센트럴파크,경기도 남양주시 다산중앙로82번길 87-17,2021-07-28,20210728,2075,6,DEV-NAMYANGJU-DASAN,False,True,True,2,confirmed,parkd,2026-09-02,
A10024153,다산자이 폴라리스,경기도 남양주시 다산동 6015 다산자이 폴라리스,경기도 남양주시 다산순환로 242,2021-07-29,20210729,878,7,DEV-NAMYANGJU-DASAN,False,True,True,2,confirmed,parkd,2026-09-02,
A10024060,다산 메트로 3단지,경기도 남양주시 다산동 6076 다산 메트로 3단지,경기도 남양주시 다산중앙로123번길 47,2021-08-31,20210831,1257,6,DEV-NAMYANGJU-DASAN,False,True,True,2,confirmed,parkd,2026-09-02,
A10024142,별빛마을3-6단지,경기도 남양주시 별내동 1030 별빛마을3-6단지,경기도 남양주시 별내3로 64-16,2021-09-08,20210908,787,6,DEV-NAMYANGJU-DASAN,False,False,True,1,rejected,parkd,2026-09-02,"법정동 ""별내동""은 남양주 다산 지구 밖 (원도심/타지구)"
A10024093,다산 푸르지오,경기도 남양주시 다산동 6163 다산 푸르지오,경기도 남양주시 다산중앙로82번안길 74,2021-10-27,20211027,1614,10,DEV-NAMYANGJU-DASAN,False,True,True,2,confirmed,parkd,2026-09-02,
A10024049,더샵남양주퍼스트시티아파트,경기도 남양주시 진접읍 부평리 653 더샵남양주퍼스트시티아파트,경기도 남양주시 부평로48번길 140,2021-11-29,20211129,1153,10,DEV-NAMYANGJU-DASAN,False,False,True,1,rejected,parkd,2026-09-02,"법정동 ""진접읍""은 남양주 다산 지구 밖 (원도심/타지구)"
A10023892,진접스타힐스  아파트,경기도 남양주시 진접읍 부평리 703-1 진접스타힐스  아파트,경기도 남양주시 부평로48번길 110,2022-01-28,20220128,1266,13,DEV-NAMYANGJU-DASAN,False,False,True,1,rejected,parkd,2026-09-02,"법정동 ""진접읍""은 남양주 다산 지구 밖 (원도심/타지구)"
A10023863,다산지금 경기행복주택,경기도 남양주시 다산동 6110 다산지금 경기행복주택,경기도 남양주시 다산중앙로82번길 106,2022-04-07,20220407,2078,7,DEV-NAMYANGJU-DASAN,False,True,True,2,confirmed,parkd,2026-09-02,
A10023832,별내퍼스트포레,경기도 남양주시 별내동 822-1 별내퍼스트포레,경기도 남양주시 순화궁로 458-16,2022-04-15,20220415,380,5,DEV-NAMYANGJU-DASAN,False,False,True,1,rejected,parkd,2026-09-02,"법정동 ""별내동""은 남양주 다산 지구 밖 (원도심/타지구)"
A10023740,e편한세상 평내 메트로원,경기도 남양주시 평내동 661 e편한세상 평내 메트로원,경기도 남양주시 평내로 145,2022-06-24,20220624,1108,15,DEV-NAMYANGJU-DASAN,False,False,True,1,rejected,parkd,2026-09-02,"법정동 ""평내동""은 남양주 다산 지구 밖 (원도심/타지구)"
A10023642,다산지금데시앙,경기도 남양주시 다산동 6109 다산지금데시앙,경기도 남양주시 다산중앙로82번길 105,2022-08-19,20220819,961,6,DEV-NAMYANGJU-DASAN,False,True,True,2,confirmed,parkd,2026-09-02,
A10023643,다산진건데시앙,경기도 남양주시 다산동 6026 다산진건데시앙,경기도 남양주시 다산중앙로171번길 21-10,2022-08-19,20220819,651,4,DEV-NAMYANGJU-DASAN,False,True,True,2,confirmed,parkd,2026-09-02,
A10023460,남양주금곡 홍유마을,경기도 남양주시 금곡동 687-16 남양주금곡 홍유마을,경기도 남양주시 경춘로 903,2022-12-15,20221215,352,1,DEV-NAMYANGJU-DASAN,False,False,True,1,rejected,parkd,2026-09-02,"법정동 ""금곡동""은 남양주 다산 지구 밖 (원도심/타지구)"
A10022780,진접유승한내들더테라스,경기도 남양주시 진접읍 금곡리 968 진접유승한내들더테라스,경기도 남양주시 해밀예당1로 83,2023-02-08,20230208,236,17,DEV-NAMYANGJU-DASAN,False,False,True,1,rejected,parkd,2026-09-02,"법정동 ""진접읍""은 남양주 다산 지구 밖 (원도심/타지구)"
A10023244,진접삼부르네상스더퍼스트,경기도 남양주시 진접읍 금곡리 527-4 진접삼부르네상스더퍼스트,경기도 남양주시 주곡로 133,2023-03-31,20230331,348,3,DEV-NAMYANGJU-DASAN,False,False,True,1,rejected,parkd,2026-09-02,"법정동 ""진접읍""은 남양주 다산 지구 밖 (원도심/타지구)"
A10022971,다산 포레스트 2단지,경기도 남양주시 다산동 6013 다산 포레스트 2단지,경기도 남양주시 다산순환로 311,2023-10-04,20231004,928,5,DEV-NAMYANGJU-DASAN,False,True,True,2,confirmed,parkd,2026-09-02,
A10022923,별내별헤임,경기도 남양주시 별내동 805-2 별내별헤임,경기도 남양주시 덕송3로 45-13,2023-10-23,20231023,576,8,DEV-NAMYANGJU-DASAN,False,False,True,1,rejected,parkd,2026-09-02,"법정동 ""별내동""은 남양주 다산 지구 밖 (원도심/타지구)"
A10022908,덕소강변라온프라이빗,경기도 남양주시 와부읍 덕소리 616 덕소강변라온프라이빗,경기도 남양주시 덕소로 127,2023-11-23,20231123,295,5,DEV-NAMYANGJU-DASAN,False,False,True,1,rejected,parkd,2026-09-02,"법정동 ""와부읍""은 남양주 다산 지구 밖 (원도심/타지구)"
A10022872,별내자이 더 스타 아파트,경기도 남양주시 별내동 999 별내자이 더 스타 아파트,경기도 남양주시 별내1로 13-21,2023-12-13,20231213,740,5,DEV-NAMYANGJU-DASAN,False,False,True,1,rejected,parkd,2026-09-02,"법정동 ""별내동""은 남양주 다산 지구 밖 (원도심/타지구)"
A10022765,해링턴플레이스 다산파크,경기도 남양주시 다산동 3473 해링턴플레이스 다산파크,경기도 남양주시 미금로 98,2024-02-21,20240221,350,3,DEV-NAMYANGJU-DASAN,False,True,True,2,confirmed,parkd,2026-09-02,
A10022615,다산역자연앤푸르지오,경기도 남양주시 다산동 6084 다산역자연앤푸르지오,경기도 남양주시 다산중앙로123번길 29,2024-02-22,20240222,1272,7,DEV-NAMYANGJU-DASAN,False,True,True,2,confirmed,parkd,2026-09-02,
A10022524,덕소강변스타힐스아파트,"경기도 남양주시 와부읍 도곡리 981-3,경기도 남양주시 와부읍 도곡리 981-3 덕소강변스타힐스아파트",,2024-05-31,20240531,423,7,DEV-NAMYANGJU-DASAN,False,False,True,1,rejected,parkd,2026-09-02,"법정동 ""와부읍""은 남양주 다산 지구 밖 (원도심/타지구)"
A10022364,다산유보라마크뷰,경기도 남양주시 다산동 4438- 다산유보라마크뷰,,2024-07-15,20240715,194,2,DEV-NAMYANGJU-DASAN,False,True,True,2,confirmed,parkd,2026-09-02,
A10020713,금곡역 한신더휴 아파트,경기도 남양주시 금곡동 404-20 금곡역 한신더휴 아파트,,2025-02-11,20250211,406,6,DEV-NAMYANGJU-DASAN,False,False,True,1,rejected,parkd,2026-09-02,"법정동 ""금곡동""은 남양주 다산 지구 밖 (원도심/타지구)"
A10020291,빌리브 센트하이,경기도 남양주시 화도읍 마석우리 295-32 빌리브 센트하이,,2025-09-25,20250925,250,3,DEV-NAMYANGJU-DASAN,False,False,True,1,rejected,parkd,2026-09-02,"법정동 ""화도읍""은 남양주 다산 지구 밖 (원도심/타지구)"
A10020489,덕소강변신일해피트리아파트,"경기도 남양주시 와부읍  513,경기도 남양주시 와부읍 덕소리 619- 덕소강변신일해피트리아파트",,2026-04-09,20260409,212,4,DEV-NAMYANGJU-DASAN,False,False,True,1,rejected,parkd,2026-09-02,"법정동 ""와부읍""은 남양주 다산 지구 밖 (원도심/타지구)"
A10019998,도심역한양수자인리버파인아파트,경기도 남양주시 와부읍 도곡리 931-5 도심역한양수자인리버파인아파트,,2026-07-03,20260703,908,12,DEV-NAMYANGJU-DASAN,False,False,True,1,rejected,parkd,2026-09-02,"법정동 ""와부읍""은 남양주 다산 지구 밖 (원도심/타지구)"
A13881603,거여현대1차,서울특별시 송파구 거여동 362 거여현대1차,서울특별시 송파구 오금로54길 10,1992-03-26,19920326,497,5,DEV-WIRYE,False,True,False,1,rejected,parkd,2026-09-02,승인일 1992-03-26 < window 2013-06-01
A13881401,거여현대2차,서울특별시 송파구 거여동 44 거여현대2차,서울특별시 송파구 오금로61길 20,1992-04-20,19920420,280,3,DEV-WIRYE,False,True,False,1,rejected,parkd,2026-09-02,승인일 1992-04-20 < window 2013-06-01
A13881302,거여현대3차,서울특별시 송파구 거여동 46 거여현대3차,서울특별시 송파구 거마로 41,1993-07-19,19930719,303,3,DEV-WIRYE,False,True,False,1,rejected,parkd,2026-09-02,승인일 1993-07-19 < window 2013-06-01
A13811001,거여6단지,서울특별시 송파구 거여동 295 거여6단지,서울특별시 송파구 양산로2길 38,1997-04-10,19970410,660,5,DEV-WIRYE,False,True,False,1,rejected,parkd,2026-09-02,승인일 1997-04-10 < window 2013-06-01
A13811203,거여4단지,서울특별시 송파구 거여동 293 거여4단지,서울특별시 송파구 양산로4길 8,1997-07-03,19970703,546,6,DEV-WIRYE,False,True,False,1,rejected,parkd,2026-09-02,승인일 1997-07-03 < window 2013-06-01
A13811205,거여5단지,서울특별시 송파구 거여동 294 거여5단지,서울특별시 송파구 양산로4길 16,1997-07-03,19970703,605,6,DEV-WIRYE,False,True,False,1,rejected,parkd,2026-09-02,승인일 1997-07-03 < window 2013-06-01
A13811206,거여1단지,서울특별시 송파구 거여동 290 거여1단지,서울특별시 송파구 양산로8길 8,1997-11-25,19971125,1004,6,DEV-WIRYE,False,True,False,1,rejected,parkd,2026-09-02,승인일 1997-11-25 < window 2013-06-01
A13811202,동아효성아파트(거여2단지),서울특별시 송파구 거여동 291 동아효성아파트(거여2단지),서울특별시 송파구 양산로8길 24,1997-12-15,19971215,478,11,DEV-WIRYE,False,True,False,1,rejected,parkd,2026-09-02,승인일 1997-12-15 < window 2013-06-01
A10022033,삼호아파트,서울특별시 송파구 거여동 136-  삼호아파트,,1999-06-12,19990612,142,1,DEV-WIRYE,False,True,False,1,rejected,parkd,2026-09-02,승인일 1999-06-12 < window 2013-06-01
A13881601,거여우방,서울특별시 송파구 거여동 356 거여우방,서울특별시 송파구 오금로56길 16,1999-09-09,19990909,257,3,DEV-WIRYE,False,True,False,1,rejected,parkd,2026-09-02,승인일 1999-09-09 < window 2013-06-01
A13811204,거여3단지,서울특별시 송파구 거여동 292 거여3단지,서울특별시 송파구 양산로2길 44,2000-10-09,20001009,598,5,DEV-WIRYE,False,True,False,1,rejected,parkd,2026-09-02,승인일 2000-10-09 < window 2013-06-01
A10021407,어울림거여동아파트,서울특별시 송파구 거여동 593- 어울림거여동아파트,,2003-11-29,20031129,140,3,DEV-WIRYE,False,True,False,1,rejected,parkd,2026-09-02,승인일 2003-11-29 < window 2013-06-01
A13821002,송파파인타운11단지,서울특별시 송파구 장지동 854 송파파인타운11단지,서울특별시 송파구 송파대로8길 58,2007-07-31,20070731,333,9,DEV-WIRYE,False,True,False,1,rejected,parkd,2026-09-02,승인일 2007-07-31 < window 2013-06-01
A13821005,송파파인타운10단지,서울특별시 송파구 장지동 856 송파파인타운10단지,서울특별시 송파구 송파대로8길 20,2007-08-20,20070820,545,9,DEV-WIRYE,False,True,False,1,rejected,parkd,2026-09-02,승인일 2007-08-20 < window 2013-06-01
A13821004,송파파인타운7단지,서울특별시 송파구 장지동 844 송파파인타운7단지,서울특별시 송파구 충민로4길 19,2007-12-24,20071224,537,6,DEV-WIRYE,False,True,False,1,rejected,parkd,2026-09-02,승인일 2007-12-24 < window 2013-06-01
A13821007,송파파인타운9단지,서울특별시 송파구 장지동 843 송파파인타운9단지,서울특별시 송파구 송파대로8길 17,2007-12-24,20071224,796,7,DEV-WIRYE,False,True,False,1,rejected,parkd,2026-09-02,승인일 2007-12-24 < window 2013-06-01
A13821001,송파파인타운4단지,서울특별시 송파구 장지동 837 송파파인타운4단지,서울특별시 송파구 새말로12길 16,2008-04-03,20080403,181,4,DEV-WIRYE,False,True,False,1,rejected,parkd,2026-09-02,승인일 2008-04-03 < window 2013-06-01
A13876110,송파파인타운3단지,서울특별시 송파구 장지동 849 송파파인타운3단지,서울특별시 송파구 충민로 152,2008-07-18,20080718,625,10,DEV-WIRYE,False,True,False,1,rejected,parkd,2026-09-02,승인일 2008-07-18 < window 2013-06-01
A13821003,송파파인타운5단지,서울특별시 송파구 장지동 845 송파파인타운5단지,서울특별시 송파구 충민로4길 5,2008-08-22,20080822,455,6,DEV-WIRYE,False,True,False,1,rejected,parkd,2026-09-02,승인일 2008-08-22 < window 2013-06-01
A13876108,송파파인타운6단지,서울특별시 송파구 장지동 847 송파파인타운6단지,서울특별시 송파구 충민로6길 14,2008-08-25,20080825,564,7,DEV-WIRYE,False,True,False,1,rejected,parkd,2026-09-02,승인일 2008-08-25 < window 2013-06-01
A13876109,송파파인타운2단지,서울특별시 송파구 장지동 835 송파파인타운2단지,서울특별시 송파구 충민로 151,2008-09-25,20080925,374,9,DEV-WIRYE,False,True,False,1,rejected,parkd,2026-09-02,승인일 2008-09-25 < window 2013-06-01
A13821006,송파파인타운8단지,서울특별시 송파구 장지동 842 송파파인타운8단지,서울특별시 송파구 충민로4길 6,2008-10-20,20081020,700,5,DEV-WIRYE,False,True,False,1,rejected,parkd,2026-09-02,승인일 2008-10-20 < window 2013-06-01
A13876111,송파파인타운1단지,서울특별시 송파구 장지동 833 송파파인타운1단지,서울특별시 송파구 충민로 188,2010-01-19,20100119,221,7,DEV-WIRYE,False,True,False,1,rejected,parkd,2026-09-02,승인일 2010-01-19 < window 2013-06-01
A10023296,송파파인타운12단지,서울특별시 송파구 장지동 855 송파파인타운12단지,서울특별시 송파구 송파대로8길 42,2011-01-27,20110127,149,4,DEV-WIRYE,False,True,False,1,rejected,parkd,2026-09-02,승인일 2011-01-27 < window 2013-06-01
A13876112,송파파인타운13단지,서울특별시 송파구 장지동 857 송파파인타운13단지,서울특별시 송파구 송파대로8길 10,2011-01-27,20110127,197,4,DEV-WIRYE,False,True,False,1,rejected,parkd,2026-09-02,승인일 2011-01-27 < window 2013-06-01
A13872503,잠실푸르지오월드마크,서울특별시 송파구 신천동 11-4 잠실푸르지오월드마크,서울특별시 송파구 올림픽로35가길 9,2013-06-19,20130619,288,2,DEV-WIRYE,False,False,True,1,rejected,parkd,2026-09-02,"법정동 ""신천동""은 위례 지구 밖 (원도심/타지구)"
A13876113,송파더센트레아파트,서울특별시 송파구 장지동 879 송파더센트레아파트,서울특별시 송파구 위례광장로 163,2013-11-01,20131101,1139,12,DEV-WIRYE,False,True,True,2,confirmed,parkd,2026-09-02,
A13876114,송파꿈에그린아파트,서울특별시 송파구 장지동 901 송파꿈에그린아파트,서울특별시 송파구 위례광장로 121,2013-11-08,20131108,1810,22,DEV-WIRYE,False,True,True,2,confirmed,parkd,2026-09-02,
A10028200,미사강변 파밀리에,경기도 하남시 망월동 910 미사강변 파밀리에,경기도 하남시 아리수로 589,2014-06-12,20140612,976,9,DEV-WIRYE,False,False,True,1,rejected,parkd,2026-09-02,"법정동 ""망월동""은 DEV-HANAM-MISA 지구 소속"
A10028143,리버나인 RIVERNINE,"경기도 하남시 선동 423,경기도 하남시 선동 159 리버나인 RIVERNINE",경기도 하남시 미사강변한강로 110,2014-07-25,20140725,712,9,DEV-WIRYE,False,False,True,1,rejected,parkd,2026-09-02,"법정동 ""선동""은 DEV-HANAM-MISA 지구 소속"
A10028139,미사강변골든센트로,경기도 하남시 망월동 1162 미사강변골든센트로,경기도 하남시 미사강변동로 50-1,2014-12-05,20141205,1541,14,DEV-WIRYE,False,False,True,1,rejected,parkd,2026-09-02,"법정동 ""망월동""은 DEV-HANAM-MISA 지구 소속"
A10028157,미사강변 한신휴플러스,경기도 하남시 망월동 904 미사강변 한신휴플러스,경기도 하남시 미사강변한강로 170,2015-01-16,20150116,763,10,DEV-WIRYE,False,False,True,1,rejected,parkd,2026-09-02,"법정동 ""망월동""은 DEV-HANAM-MISA 지구 소속"
A10028086,위례 송파푸르지오,서울특별시 송파구 장지동 878 위례 송파푸르지오,서울특별시 송파구 위례광장로 185,2015-01-23,20150123,549,7,DEV-WIRYE,True,True,True,3,confirmed,parkd,2026-09-02,
A10028065,미사강변도시 베라체 아파트,경기도 하남시 선동 453 미사강변도시 베라체 아파트,경기도 하남시 풍산로 270-1,2015-05-12,20150512,615,8,DEV-WIRYE,False,False,True,1,rejected,parkd,2026-09-02,"법정동 ""선동""은 DEV-HANAM-MISA 지구 소속"
A10027978,미사강변파크뷰,경기도 하남시 망월동 533-1 미사강변파크뷰,경기도 하남시 미사강변동로 177,2015-07-14,20150714,664,7,DEV-WIRYE,False,False,True,1,rejected,parkd,2026-09-02,"법정동 ""망월동""은 DEV-HANAM-MISA 지구 소속"
A10027881,석촌호수 효성해링턴타워,서울특별시 송파구 석촌동 24-3 석촌호수 효성해링턴타워,서울특별시 송파구 석촌호수로 210,2015-08-26,20150826,257,1,DEV-WIRYE,False,False,True,1,rejected,parkd,2026-09-02,"법정동 ""석촌동"" 미매칭 - 원도심/타지구"
A10027782,미사강변 루나리움,경기도 하남시 망월동 1034 미사강변 루나리움,경기도 하남시 아리수로 499-3,2015-09-30,20150930,1164,11,DEV-WIRYE,False,False,True,1,rejected,parkd,2026-09-02,"법정동 ""망월동""은 DEV-HANAM-MISA 지구 소속"
A10027846,미사강변 트래지안,경기도 하남시 망월동 938 미사강변 트래지안,경기도 하남시 미사강변북로 99,2015-10-16,20151016,620,6,DEV-WIRYE,False,False,True,1,rejected,parkd,2026-09-02,"법정동 ""망월동""은 DEV-HANAM-MISA 지구 소속"
A10027741,플로리체 위례 아파트,경기도 하남시 학암동 671 플로리체 위례 아파트,경기도 하남시 위례중앙로 185,2015-10-30,20151030,970,13,DEV-WIRYE,True,True,True,3,confirmed,parkd,2026-09-02,
A10027691,미사강변13단지,경기도 하남시 망월동 949 미사강변13단지,경기도 하남시 아리수로 530,2015-11-25,20151125,2742,11,DEV-WIRYE,False,False,True,1,rejected,parkd,2026-09-02,"법정동 ""망월동""은 DEV-HANAM-MISA 지구 소속"
A10027709,래미안위례아파트,경기도 성남수정구 창곡동 528 래미안위례아파트,경기도 성남시 수정구 위례순환로 150,2015-11-27,20151127,410,7,DEV-WIRYE,True,True,True,3,confirmed,parkd,2026-09-02,
A10027720,힐스테이트위례,"경기도 성남수정구 창곡동 572,경기도 성남수정구 창곡동  힐스테이트위례",경기도 성남시 수정구 위례동로 15,2015-11-27,20151127,621,14,DEV-WIRYE,True,True,True,3,confirmed,parkd,2026-09-02,
A10027744,위례아이파크아파트,서울특별시 송파구 장지동 894 위례아이파크아파트,서울특별시 송파구 위례광장로 136,2015-11-30,20151130,400,6,DEV-WIRYE,True,True,True,3,confirmed,parkd,2026-09-02,
A10027692,위례더힐55,"경기도 성남수정구 창곡동 521,경기도 성남수정구 창곡동 2-10 위례더힐55",경기도 성남시 수정구 위례순환로 150,2015-12-31,20151231,1380,21,DEV-WIRYE,True,True,True,3,confirmed,parkd,2026-09-02,
A10027686,위례롯데캐슬아파트,경기도 하남시 학암동 672 위례롯데캐슬아파트,경기도 하남시 위례중앙로 215,2016-01-15,20160115,1673,14,DEV-WIRYE,True,True,True,3,confirmed,parkd,2026-09-02,
A10027715,위례 그린파크푸르지오,경기도 하남시 학암동 673 위례 그린파크푸르지오,경기도 하남시 위례순환로 270,2016-01-28,20160128,972,16,DEV-WIRYE,True,True,True,3,confirmed,parkd,2026-09-02,
A10027632,송파 와이즈더샵,서울특별시 송파구 장지동 895 송파 와이즈더샵,서울특별시 송파구 위례광장로 270,2016-02-26,20160226,390,6,DEV-WIRYE,False,True,True,2,confirmed,parkd,2026-09-02,
A10027595,위례센트럴푸르지오,경기도 성남수정구 창곡동 519 위례센트럴푸르지오,경기도 성남시 수정구 위례순환로 211,2016-04-11,20160411,687,8,DEV-WIRYE,True,True,True,3,confirmed,parkd,2026-09-02,
A10027552,미사강변 동원로얄듀크아파트,경기도 하남시 풍산동 477 미사강변 동원로얄듀크아파트,경기도 하남시 미사강변서로 45,2016-04-14,20160414,808,8,DEV-WIRYE,False,False,True,1,rejected,parkd,2026-09-02,"법정동 ""풍산동""은 DEV-HANAM-MISA 지구 소속"
A10027514,미사강변푸르지오,경기도 하남시 망월동 1060 미사강변푸르지오,경기도 하남시 미사강변대로 165,2016-04-22,20160422,1188,15,DEV-WIRYE,False,False,True,1,rejected,parkd,2026-09-02,"법정동 ""망월동""은 DEV-HANAM-MISA 지구 소속"
A10027537,미사강변 하우스디 더레이크,경기도 하남시 망월동 1062 미사강변 하우스디 더레이크,경기도 하남시 미사강변대로 135,2016-05-25,20160525,821,10,DEV-WIRYE,False,False,True,1,rejected,parkd,2026-09-02,"법정동 ""망월동""은 DEV-HANAM-MISA 지구 소속"
A10027553,위례2차아이파크아파트,서울특별시 송파구 장지동 884 위례2차아이파크아파트,서울특별시 송파구 위례광장로 193,2016-05-26,20160526,495,7,DEV-WIRYE,True,True,True,3,confirmed,parkd,2026-09-02,
A10027509,위례 LH 35단지,경기도 성남수정구 창곡동 510 위례 LH 35단지,경기도 성남시 수정구 위례광장로 311,2016-05-31,20160531,2568,14,DEV-WIRYE,True,True,True,3,confirmed,parkd,2026-09-02,
A10027546,위례 센트로엘 아파트,경기도 하남시 학암동 662 위례 센트로엘 아파트,경기도 하남시 위례광장로 265,2016-06-03,20160603,673,11,DEV-WIRYE,True,True,True,3,confirmed,parkd,2026-09-02,
A10027369,위례 래미안이편한세상,"경기도 성남수정구 창곡동 567-,경기도 성남수정구 창곡동  위례 래미안이편한세상",경기도 성남시 수정구 위례동로 61,2016-06-30,20160630,1540,21,DEV-WIRYE,True,True,True,3,confirmed,parkd,2026-09-02,
A10027476,하남미사강변도시17단지,경기도 하남시 망월동 1044 하남미사강변도시17단지,경기도 하남시 미사강변서로 167-4,2016-07-04,20160704,2180,10,DEV-WIRYE,False,False,True,1,rejected,parkd,2026-09-02,"법정동 ""망월동""은 DEV-HANAM-MISA 지구 소속"
A10027461,힐스테이트 송파위례아파트,서울특별시 송파구 장지동 170 힐스테이트 송파위례아파트,서울특별시 송파구 위례광장로 170,2016-07-19,20160719,490,8,DEV-WIRYE,True,True,True,3,confirmed,parkd,2026-09-02,
A10027385,미사강변 더샵리버포레 아파트,경기도 하남시 선동 427 미사강변 더샵리버포레 아파트,경기도 하남시 미사강변북로 65,2016-07-27,20160727,875,8,DEV-WIRYE,False,False,True,1,rejected,parkd,2026-09-02,"법정동 ""선동""은 DEV-HANAM-MISA 지구 소속"
A10027379,미사강변 센텀팰리스,경기도 하남시 망월동 1050 미사강변 센텀팰리스,경기도 하남시 미사강변서로 127,2016-07-29,20160729,1455,17,DEV-WIRYE,False,False,True,1,rejected,parkd,2026-09-02,"법정동 ""망월동""은 DEV-HANAM-MISA 지구 소속"
A10027368,하남 더샵 센트럴뷰,경기도 하남시 덕풍동 946 하남 더샵 센트럴뷰,경기도 하남시 하남대로 856,2016-08-19,20160819,672,11,DEV-WIRYE,False,False,True,1,rejected,parkd,2026-09-02,"법정동 ""덕풍동"" 미매칭 - 원도심/타지구"
A10027308,미사강변도시26단지아파트,경기도 하남시 풍산동 567 미사강변도시26단지아파트,경기도 하남시 미사강변중앙로 100,2016-09-08,20160908,588,5,DEV-WIRYE,False,False,True,1,rejected,parkd,2026-09-02,"법정동 ""풍산동""은 DEV-HANAM-MISA 지구 소속"
A10027344,미사강변센트리버,경기도 하남시 선동 436 미사강변센트리버,경기도 하남시 미사강변대로 270,2016-09-09,20160909,1145,13,DEV-WIRYE,False,False,True,1,rejected,parkd,2026-09-02,"법정동 ""선동""은 DEV-HANAM-MISA 지구 소속"
A10027359,미사강변2차푸르지오,경기도 하남시 선동 433 미사강변2차푸르지오,경기도 하남시 미사강변한강로 60,2016-09-28,20160928,1066,11,DEV-WIRYE,False,False,True,1,rejected,parkd,2026-09-02,"법정동 ""선동""은 DEV-HANAM-MISA 지구 소속"
A10027346,파크하비오푸르지오아파트,서울특별시 송파구 문정동 618 파크하비오푸르지오아파트,서울특별시 송파구 송파대로 111,2016-09-29,20160929,999,10,DEV-WIRYE,False,False,True,1,rejected,parkd,2026-09-02,"법정동 ""문정동""은 위례 지구 밖 (원도심/타지구)"
A10027335,위례자이아파트,경기도 성남수정구 창곡동 531 위례자이아파트,경기도 성남시 수정구 위례순환로 100,2016-10-27,20161027,517,11,DEV-WIRYE,True,True,True,3,confirmed,parkd,2026-09-02,
A10027180,미사강변스타힐스,경기도 하남시 망월동 956 미사강변스타힐스,경기도 하남시 미사강변대로 240,2016-11-24,20161124,1389,16,DEV-WIRYE,False,False,True,1,rejected,parkd,2026-09-02,"법정동 ""망월동""은 DEV-HANAM-MISA 지구 소속"
A10027277,위례호반써밋에비뉴,경기도 성남수정구 창곡동 515 위례호반써밋에비뉴,경기도 성남시 수정구 위례광장로 9-10,2016-12-06,20161206,1137,15,DEV-WIRYE,True,True,True,3,confirmed,parkd,2026-09-02,
A10023897,위례중앙푸르지오아파트,"서울특별시 송파구 장지동 897,서울특별시 송파구 장지동 896 위례중앙푸르지오아파트",서울특별시 송파구 위례광장로 120,2016-12-23,20161223,311,4,DEV-WIRYE,True,True,True,3,confirmed,parkd,2026-09-02,
A10027070,신안인스빌아스트로,경기도 하남시 학암동 663 신안인스빌아스트로,경기도 하남시 위례광장로 285-1,2017-02-22,20170222,694,9,DEV-WIRYE,False,True,True,2,confirmed,parkd,2026-09-02,
A10027116,미사강변센트럴자이,경기도 하남시 풍산동 480 미사강변센트럴자이,경기도 하남시 미사강변대로 95,2017-02-27,20170227,1222,12,DEV-WIRYE,False,False,True,1,rejected,parkd,2026-09-02,"법정동 ""풍산동""은 DEV-HANAM-MISA 지구 소속"
A10026944,위례센트럴자이,경기도 성남수정구 창곡동 504 위례센트럴자이,경기도 성남시 수정구 위례광장로 97,2017-06-28,20170628,1413,19,DEV-WIRYE,True,True,True,3,confirmed,parkd,2026-09-02,
A10026777,LH위례31단지,경기도 성남수정구 창곡동 500 LH위례31단지,경기도 성남시 수정구 위례순환로 17,2017-07-07,20170707,2334,13,DEV-WIRYE,True,True,True,3,confirmed,parkd,2026-09-02,
A10026837,하남유니온시티에일린의뜰아파트,경기도 하남시 신장동 602 하남유니온시티에일린의뜰아파트,경기도 하남시 하남유니온로 70,2017-08-18,20170818,754,8,DEV-WIRYE,False,False,True,1,rejected,parkd,2026-09-02,"법정동 ""신장동""은 위례 지구 밖 (원도심/타지구)"
A10026806,미사강변리버뷰자이,경기도 하남시 선동 455 미사강변리버뷰자이,경기도 하남시 미사강변한강로 10,2017-08-24,20170824,555,5,DEV-WIRYE,False,False,True,1,rejected,parkd,2026-09-02,"법정동 ""선동""은 DEV-HANAM-MISA 지구 소속"
A10026784,미사강변해링턴플레이스아파트,경기도 하남시 망월동 1170 미사강변해링턴플레이스아파트,경기도 하남시 미사강변한강로 326,2017-09-05,20170905,1401,12,DEV-WIRYE,False,False,True,1,rejected,parkd,2026-09-02,"법정동 ""망월동""은 DEV-HANAM-MISA 지구 소속"
A10026682,위례포레샤인아파트,서울특별시 송파구 장지동 905 위례포레샤인아파트,서울특별시 송파구 위례순환로 477,2017-09-28,20170928,2200,23,DEV-WIRYE,True,True,True,3,confirmed,parkd,2026-09-02,
A10024817,"위례역푸르지오4,5,6단지","경기도 성남수정구 창곡동 565-,경기도 성남수정구 창곡동 564-,경기도 성남수정구 창곡동 563-,경기도 성남수정구 창곡동 563,경기도 성남수정구 창곡동 565,경기도 성남수정구 창곡동 564 위례역푸르지오4,5,6단지","경기도 성남시 수정구 위례광장로 12,경기도 성남시 수정구 위례광장로 34,경기도 성남시 수정구 위례광장로 36",2017-10-16,20171016,620,13,DEV-WIRYE,True,True,True,3,confirmed,parkd,2026-09-02,
A10026707,미사강변더샵센트럴포레아파트,경기도 하남시 풍산동 486 미사강변더샵센트럴포레아파트,경기도 하남시 미사강변대로 55,2017-10-25,20171025,487,5,DEV-WIRYE,False,False,True,1,rejected,parkd,2026-09-02,"법정동 ""풍산동""은 DEV-HANAM-MISA 지구 소속"
A10026619,미사 레스티아 아파트,경기도 하남시 망월동 1177 미사 레스티아 아파트,경기도 하남시 미사강변동로 20,2017-10-31,20171031,1104,10,DEV-WIRYE,False,False,True,1,rejected,parkd,2026-09-02,"법정동 ""망월동""은 DEV-HANAM-MISA 지구 소속"
A10026734,송파레미니스아파트,서울특별시 송파구 오금동 616 송파레미니스아파트,서울특별시 송파구 성내천로 6,2017-11-02,20171102,575,5,DEV-WIRYE,False,False,True,1,rejected,parkd,2026-09-02,"법정동 ""오금동""은 위례 지구 밖 (원도심/타지구)"
A10026623,e편한세상 테라스위례,"경기도 성남수정구 창곡동 283-1,경기도 성남수정구 창곡동  e편한세상 테라스위례",경기도 성남시 수정구 위례동이로 24,2017-11-28,20171128,360,15,DEV-WIRYE,True,True,True,3,confirmed,parkd,2026-09-02,
A10026523,미사강변리슈빌NHF,경기도 하남시 선동 445 미사강변리슈빌NHF,경기도 하남시 미사강변북로 25,2018-01-05,20180105,996,10,DEV-WIRYE,False,False,True,1,rejected,parkd,2026-09-02,"법정동 ""선동""은 DEV-HANAM-MISA 지구 소속"
A10026501,미사강변 동일하이빌,경기도 하남시 풍산동 470 미사강변 동일하이빌,경기도 하남시 미사강변서로 85,2018-02-06,20180206,655,6,DEV-WIRYE,False,False,True,1,rejected,parkd,2026-09-02,"법정동 ""풍산동""은 DEV-HANAM-MISA 지구 소속"
A10026362,송파호반베르디움더퍼스트,서울특별시 송파구 오금동 619 송파호반베르디움더퍼스트,서울특별시 송파구 동남로 342,2018-02-23,20180223,220,3,DEV-WIRYE,False,False,True,1,rejected,parkd,2026-09-02,"법정동 ""오금동""은 위례 지구 밖 (원도심/타지구)"
A10026040,리버스위트칸타빌아파트,경기도 하남시 선동 441 리버스위트칸타빌아파트,경기도 하남시 미사강변한강로 30,2018-05-29,20180529,550,5,DEV-WIRYE,False,False,True,1,rejected,parkd,2026-09-02,"법정동 ""선동""은 DEV-HANAM-MISA 지구 소속"
A10026249,송파레미니스2단지,서울특별시 송파구 오금동 617 송파레미니스2단지,서울특별시 송파구 동남로 341,2018-06-05,20180605,818,7,DEV-WIRYE,False,False,True,1,rejected,parkd,2026-09-02,"법정동 ""오금동""은 위례 지구 밖 (원도심/타지구)"
A10026131,e-편한세상 미사 아파트,경기도 하남시 풍산동 568 e-편한세상 미사 아파트,경기도 하남시 미사강변중앙로 90,2018-06-15,20180615,652,5,DEV-WIRYE,False,False,True,1,rejected,parkd,2026-09-02,"법정동 ""풍산동""은 DEV-HANAM-MISA 지구 소속"
A10026105,미사강변14단지,경기도 하남시 망월동 907 미사강변14단지,경기도 하남시 미사강변동로 180,2018-07-26,20180726,1632,7,DEV-WIRYE,False,False,True,1,rejected,parkd,2026-09-02,"법정동 ""망월동""은 DEV-HANAM-MISA 지구 소속"
A10025930,하남유시티대명루첸리버파크,경기도 하남시 신장동 593 하남유시티대명루첸리버파크,경기도 하남시 하남유니온로 30,2018-09-28,20180928,854,8,DEV-WIRYE,False,False,True,1,rejected,parkd,2026-09-02,"법정동 ""신장동""은 위례 지구 밖 (원도심/타지구)"
A10025953,미사 힐즈파크 푸르지오3단지,경기도 하남시 풍산동 627 미사 힐즈파크 푸르지오3단지,경기도 하남시 세미로1길 30,2018-09-28,20180928,358,5,DEV-WIRYE,False,False,True,1,rejected,parkd,2026-09-02,"법정동 ""풍산동""은 DEV-HANAM-MISA 지구 소속"
A10025991,하남 힐즈파크 푸르지오 2단지,경기도 하남시 풍산동 626 하남 힐즈파크 푸르지오 2단지,경기도 하남시 세미로1길 11,2018-09-28,20180928,456,7,DEV-WIRYE,False,False,True,1,rejected,parkd,2026-09-02,"법정동 ""풍산동""은 DEV-HANAM-MISA 지구 소속"
A10021237,송파건원여미지아파트,서울특별시 송파구 마천동 21- 송파건원여미지아파트,,2018-10-08,20181008,107,1,DEV-WIRYE,False,False,True,1,rejected,parkd,2026-09-02,"법정동 ""마천동""은 위례 지구 밖 (원도심/타지구)"
A10025966,미사강변아란티움(25단지)아파트,경기도 하남시 풍산동 565 미사강변아란티움(25단지)아파트,경기도 하남시 미사강변중앙로 120,2018-10-11,20181011,688,5,DEV-WIRYE,False,False,True,1,rejected,parkd,2026-09-02,"법정동 ""풍산동""은 DEV-HANAM-MISA 지구 소속"
A10026003,가천대역 두산위브 아파트,"경기도 성남수정구 태평동 7346,경기도 성남수정구 태평동 50-1 가천대역 두산위브 아파트",경기도 성남시 수정구 태평로 65,2018-10-12,20181012,503,8,DEV-WIRYE,False,False,True,1,rejected,parkd,2026-09-02,"법정동 ""태평동""은 위례 지구 밖 (원도심/타지구)"
A10025941,미사강변도시 C3단지,경기도 하남시 망월동 1140 미사강변도시 C3단지,경기도 하남시 미사강변한강로 290,2018-11-06,20181106,1492,4,DEV-WIRYE,False,False,True,1,rejected,parkd,2026-09-02,"법정동 ""망월동""은 DEV-HANAM-MISA 지구 소속"
A10025947,미사강변 브라운스톤,경기도 하남시 풍산동 559 미사강변 브라운스톤,경기도 하남시 미사강변동로 47,2018-11-06,20181106,871,8,DEV-WIRYE,False,False,True,1,rejected,parkd,2026-09-02,"법정동 ""풍산동""은 DEV-HANAM-MISA 지구 소속"
A10025850,헬리오시티아파트,서울특별시 송파구 가락동 479 헬리오시티아파트,서울특별시 송파구 송파대로 345,2018-12-28,20181228,9510,84,DEV-WIRYE,False,False,True,1,rejected,parkd,2026-09-02,"법정동 ""가락동""은 위례 지구 밖 (원도심/타지구)"
A10025667,미사강변센트럴풍경채아파트,경기도 하남시 풍산동 471 미사강변센트럴풍경채아파트,경기도 하남시 미사강변서로 65,2019-01-08,20190108,726,8,DEV-WIRYE,False,False,True,1,rejected,parkd,2026-09-02,"법정동 ""풍산동""은 DEV-HANAM-MISA 지구 소속"
A10025739,미사강변신안인스빌아파트,경기도 하남시 풍산동 573 미사강변신안인스빌아파트,경기도 하남시 미사강변동로 19,2019-01-29,20190129,734,8,DEV-WIRYE,False,False,True,1,rejected,parkd,2026-09-02,"법정동 ""풍산동""은 DEV-HANAM-MISA 지구 소속"
A10025589,위례포레스트사랑으로부영,경기도 성남수정구 창곡동 597 위례포레스트사랑으로부영,경기도 성남시 수정구 헌릉로 1005,2019-02-15,20190215,566,14,DEV-WIRYE,True,True,True,3,confirmed,parkd,2026-09-02,
A10025657,송파 두산위브아파트,서울특별시 송파구 오금동 135 송파 두산위브아파트,서울특별시 송파구 성내천로 103,2019-02-27,20190227,269,2,DEV-WIRYE,False,False,True,1,rejected,parkd,2026-09-02,"법정동 ""오금동""은 위례 지구 밖 (원도심/타지구)"
A10025534,덕풍역파크어울림아파트,경기도 하남시 덕풍동 947 덕풍역파크어울림아파트,경기도 하남시 덕풍공원로 50,2019-04-05,20190405,383,5,DEV-WIRYE,False,False,True,1,rejected,parkd,2026-09-02,"법정동 ""덕풍동"" 미매칭 - 원도심/타지구"
A10025339,감일 한라비발디,경기도 하남시 감이동 530 감일 한라비발디,경기도 하남시 감일백제로 65,2019-06-10,20190610,934,8,DEV-WIRYE,False,False,True,1,rejected,parkd,2026-09-02,"법정동 ""감이동""은 위례 지구 밖 (원도심/타지구)"
A10025469,미사역 호반 써밋 아파트,경기도 하남시 망월동 1127 미사역 호반 써밋 아파트,경기도 하남시 미사강변한강로 270,2019-06-11,20190611,846,8,DEV-WIRYE,False,False,True,1,rejected,parkd,2026-09-02,"법정동 ""망월동""은 DEV-HANAM-MISA 지구 소속"
A10025391,고등마을아파트,경기도 성남수정구 고등동 578 고등마을아파트,경기도 성남시 수정구 고등로 57,2019-07-15,20190715,1520,11,DEV-WIRYE,False,False,True,1,rejected,parkd,2026-09-02,"법정동 ""고등동"" 미매칭 - 원도심/타지구"
A10025350,판교밸리 호반써밋,경기도 성남수정구 고등동 592 판교밸리 호반써밋,경기도 성남시 수정구 고등로 34,2019-07-26,20190726,768,19,DEV-WIRYE,False,False,True,1,rejected,parkd,2026-09-02,"법정동 ""고등동, 판교밸리"" 미매칭 - 원도심/타지구"
A10025185,잠실올림픽공원아이파크,서울특별시 송파구 풍납동 388-7 잠실올림픽공원아이파크,서울특별시 송파구 올림픽로43길 34,2019-11-14,20191114,697,7,DEV-WIRYE,False,False,True,1,rejected,parkd,2026-09-02,"법정동 ""풍납동"" 미매칭 - 원도심/타지구"
A10025043,하남감일스윗시티10단지,경기도 하남시 감이동 454 하남감일스윗시티10단지,경기도 하남시 감일순환로 35,2020-01-15,20200115,753,9,DEV-WIRYE,False,False,True,1,rejected,parkd,2026-09-02,"법정동 ""감이동""은 위례 지구 밖 (원도심/타지구)"
A10024992,감일 스윗시티 1단지,경기도 하남시 감일동 534 감일 스윗시티 1단지,경기도 하남시 감일로 86,2020-03-12,20200312,669,7,DEV-WIRYE,False,False,True,1,rejected,parkd,2026-09-02,"법정동 ""감일동""은 위례 지구 밖 (원도심/타지구)"
A10024941,감일 센트레빌 아파트,경기도 하남시 감이동 535 감일 센트레빌 아파트,경기도 하남시 감일백제로 35,2020-03-12,20200312,589,6,DEV-WIRYE,False,False,True,1,rejected,parkd,2026-09-02,"법정동 ""감이동""은 위례 지구 밖 (원도심/타지구)"
A10024914,판교밸리 제일풍경채,경기도 성남수정구 고등동 590 판교밸리 제일풍경채,경기도 성남시 수정구 고등공원로 19,2020-04-10,20200410,543,9,DEV-WIRYE,False,False,True,1,rejected,parkd,2026-09-02,"법정동 ""고등동, 판교밸리"" 미매칭 - 원도심/타지구"
A10024890,미사힐즈파크푸르지오,경기도 하남시 풍산동 630 미사힐즈파크푸르지오,경기도 하남시 세미로1길 10,2020-04-27,20200427,404,7,DEV-WIRYE,False,False,True,1,rejected,parkd,2026-09-02,"법정동 ""풍산동""은 DEV-HANAM-MISA 지구 소속"
A10024895,하남감일스윗시티행복주택6단지,경기도 하남시 감일동 523 하남감일스윗시티행복주택6단지,경기도 하남시 감일순환로 130,2020-05-08,20200508,672,4,DEV-WIRYE,False,False,True,1,rejected,parkd,2026-09-02,"법정동 ""감일동""은 위례 지구 밖 (원도심/타지구)"
A10024816,판교 제2테크노밸리 LH 1단지,경기도 성남수정구 시흥동 53-1 판교 제2테크노밸리 LH 1단지,경기도 성남시 수정구 창업로40번길 6,2020-05-22,20200522,200,1,DEV-WIRYE,False,False,True,1,rejected,parkd,2026-09-02,"법정동 ""시흥동, 테크노밸리"" 미매칭 - 원도심/타지구"
A10024631,산성역 포레스티아 아파트,경기도 성남수정구 신흥동 6951 산성역 포레스티아 아파트,경기도 성남시 수정구 수정로 319,2020-07-30,20200730,4089,39,DEV-WIRYE,False,False,True,1,rejected,parkd,2026-09-02,"법정동 ""신흥동""은 위례 지구 밖 (원도심/타지구)"
A10024644,하남감일스윗시티8단지,경기도 하남시 감일동 534 하남감일스윗시티8단지,경기도 하남시 감일순환로 95,2020-09-02,20200902,1088,6,DEV-WIRYE,False,False,True,1,rejected,parkd,2026-09-02,"법정동 ""감일동""은 위례 지구 밖 (원도심/타지구)"
A10024569,힐스테이트포웰시티,경기도 하남시 감이동 458 힐스테이트포웰시티,경기도 하남시 감일백제로 120,2020-10-27,20201027,932,6,DEV-WIRYE,False,False,True,1,rejected,parkd,2026-09-02,"법정동 ""감이동""은 위례 지구 밖 (원도심/타지구)"
A10024577,위례포레샤인18단지,서울특별시 송파구 거여동 648 위례포레샤인18단지,서울특별시 송파구 위례북로4길 12,2020-10-28,20201028,685,13,DEV-WIRYE,True,True,True,3,confirmed,parkd,2026-09-02,
A10024492,위례포레샤인13단지아파트,서울특별시 송파구 거여동 599 위례포레샤인13단지아파트,서울특별시 송파구 위례서이로 25,2020-12-22,20201222,560,8,DEV-WIRYE,True,True,True,3,confirmed,parkd,2026-09-02,
A10024483,LH위례36단지,경기도 성남수정구 창곡동 501 LH위례36단지,경기도 성남시 수정구 위례순환로 53,2021-01-04,20210104,470,3,DEV-WIRYE,True,True,False,2,rejected,parkd,2026-09-02,승인일 2021-01-04 > window 2020-12-31
A10024378,위례호반써밋,"경기도 하남시 학암동 652,경기도 하남시 학암동 652 위례호반써밋",경기도 하남시 위례대로6길 20,2021-01-28,20210128,699,9,DEV-WIRYE,True,True,False,2,rejected,parkd,2026-09-02,승인일 2021-01-28 > window 2020-12-31
A10024304,위례포레자이아파트,경기도 하남시 학암동 635 위례포레자이아파트,경기도 하남시 위례대로6길 95,2021-04-27,20210427,558,9,DEV-WIRYE,True,True,False,2,rejected,parkd,2026-09-02,승인일 2021-04-27 > window 2020-12-31
A10024247,힐스테이트센트럴위례,경기도 하남시 학암동 651 힐스테이트센트럴위례,경기도 하남시 위례대로6길 15,2021-05-06,20210506,1078,14,DEV-WIRYE,True,True,False,2,rejected,parkd,2026-09-02,승인일 2021-05-06 > window 2020-12-31
A10024787,이편한세상 송파파크센트럴,서울특별시 송파구 거여동 696 이편한세상 송파파크센트럴,서울특별시 송파구 오금로 551,2021-05-17,20210517,1199,12,DEV-WIRYE,False,True,False,1,rejected,parkd,2026-09-02,승인일 2021-05-17 > window 2020-12-31
A10024152,포레나송파,서울특별시 송파구 거여동 651 포레나송파,서울특별시 송파구 위례송파로 123,2021-08-06,20210806,1282,18,DEV-WIRYE,False,True,False,1,rejected,parkd,2026-09-02,승인일 2021-08-06 > window 2020-12-31
A10024197,송파레이크힐아파트,서울특별시 송파구 거여동 606 송파레이크힐아파트,서울특별시 송파구 위례송파로 89,2021-08-10,20210810,394,5,DEV-WIRYE,False,True,False,1,rejected,parkd,2026-09-02,승인일 2021-08-10 > window 2020-12-31
A10024124,위례로제비앙,경기도 하남시 학암동 645 위례로제비앙,경기도 하남시 위례학암로 30,2021-09-14,20210914,508,6,DEV-WIRYE,True,True,False,2,rejected,parkd,2026-09-02,승인일 2021-09-14 > window 2020-12-31
A10024085,송파위례리슈빌,서울특별시 송파구 거여동 654 송파위례리슈빌,서울특별시 송파구 위례송파로 124,2021-10-12,20211012,494,8,DEV-WIRYE,True,True,False,2,rejected,parkd,2026-09-02,승인일 2021-10-12 > window 2020-12-31
A10023887,송파 시그니처 롯데캐슬아파트,"서울특별시 송파구 거여동 697-,서울특별시 송파구 거여동 697 송파 시그니처 롯데캐슬아파트",서울특별시 송파구 거마로 56,2021-12-31,20211231,1945,17,DEV-WIRYE,False,True,False,1,rejected,parkd,2026-09-02,승인일 2021-12-31 > window 2020-12-31
A10023953,위례숲 우미린 아파트,경기도 하남시 학암동 646 위례숲 우미린 아파트,경기도 하남시 위례대로6길 45,2022-01-14,20220114,875,13,DEV-WIRYE,True,True,False,2,rejected,parkd,2026-09-02,승인일 2022-01-14 > window 2020-12-31
A10023922,송파레이크파크 호반 써밋2,서울특별시 송파구 거여동 607 송파레이크파크 호반 써밋2,서울특별시 송파구 위례송파로 80,2022-01-28,20220128,700,11,DEV-WIRYE,False,True,False,1,rejected,parkd,2026-09-02,승인일 2022-01-28 > window 2020-12-31
A10023927,송파레이크파크호반써밋1차,서울특별시 송파구 거여동 597 송파레이크파크호반써밋1차,서울특별시 송파구 위례송파로 40,2022-01-28,20220128,689,10,DEV-WIRYE,False,True,False,1,rejected,parkd,2026-09-02,승인일 2022-01-28 > window 2020-12-31
A10023583,위례중흥S클래스,"경기도 하남시 학암동 641-,경기도 하남시 학암동 641 위례중흥S클래스",경기도 하남시 위례대로6길 70,2022-09-08,20220908,475,10,DEV-WIRYE,True,True,False,2,rejected,parkd,2026-09-02,승인일 2022-09-08 > window 2020-12-31
A10023410,위례우미린,경기도 하남시 학암동 639 위례우미린,경기도 하남시 위례대로6길 100,2022-11-30,20221130,420,7,DEV-WIRYE,True,True,False,2,rejected,parkd,2026-09-02,승인일 2022-11-30 > window 2020-12-31
A10023289,위례자이더시티,경기도 성남수정구 창곡동 512 위례자이더시티,경기도 성남시 수정구 위례중앙로 190,2023-03-27,20230327,800,11,DEV-WIRYE,True,True,False,2,rejected,parkd,2026-09-02,승인일 2023-03-27 > window 2020-12-31
A10023115,위례아너스포레,경기도 하남시 학암동 642 위례아너스포레,경기도 하남시 위례대로6길 77,2023-06-15,20230615,411,6,DEV-WIRYE,True,True,False,2,rejected,parkd,2026-09-02,승인일 2023-06-15 > window 2020-12-31
