cluster_id,citycode,nodeid,nodenm,nodeno,api_lat,api_lon,list_lat,list_lon,coord_delta_m,recomputed_dist_m,api_radius_claim_m,reference_missing,direction_label,has_trunk_route,smoke_test_at,smoke_result,raw_snapshot_path,review_status,verified_by,verified_at,reject_reason,raw_citycode_response_path
A10022364,31130,GGB222001318,가운휴먼시아.다산효성해링턴타워.새마을금고다산본점(중),23927,37.6051167,127.15575,37.6051167,127.15575,0.0,145.57417308771008,500,False,,,,,,ai_draft,,,,evidence/citycode/getCtyCodeList_raw.json
A10022364,31130,GGB222000989,다산해모로.다산센트레빌.롯데아파트,23087,37.60625,127.1524667,37.60625,127.1524667,0.0,173.21901636144187,500,False,,,,,,ai_draft,,,,evidence/citycode/getCtyCodeList_raw.json
A10022364,31130,GGB222001319,가운휴먼시아.다산효성해링턴타워.새마을금고다산본점(중),23931,37.6054333,127.1561833,37.6054333,127.1561833,0.0,179.0892102454372,500,False,,,,,,ai_draft,,,,evidence/citycode/getCtyCodeList_raw.json
A10022364,31130,GGB222000990,롯데아파트.다산센트레빌.다산해모로,23088,37.6068167,127.1523333,37.6068167,127.1523333,0.0,221.0799269875681,500,False,,,,,,ai_draft,,,,evidence/citycode/getCtyCodeList_raw.json
A10022364,31130,GGB222000887,다산리버팰리체아파트,23085,37.6083333,127.15205,37.6083333,127.15205,0.0,370.62000752596015,500,False,,,,,,ai_draft,,,,evidence/citycode/getCtyCodeList_raw.json
A10022364,31130,GGB222000888,다산리버팰리체아파트,23086,37.6084,127.15215,37.6084,127.15215,0.0,372.8209827663477,500,False,,,,,,ai_draft,,,,evidence/citycode/getCtyCodeList_raw.json
A10022611,31240,GGB233001316,힐스테이트.금강펜테리움,55913,37.1744167,127.13795,37.1744167,127.13795,0.0,200.61059842167708,500,False,,,,,,ai_draft,,,,evidence/citycode/getCtyCodeList_raw.json
A10022611,31240,GGB233000329,제일풍경채.행복주택40단지,55801,37.17665,127.1416167,37.17665,127.1416167,0.0,209.0807410372147,500,False,,,,,,ai_draft,,,,evidence/citycode/getCtyCodeList_raw.json
A10022611,31240,GGB233001305,금강펜테리움.힐스테이트,55912,37.1741333,127.13815,37.1741333,127.13815,0.0,210.91247375444723,500,False,,,,,,ai_draft,,,,evidence/citycode/getCtyCodeList_raw.json
A10022611,31240,GGB233000331,제일풍경채.행복주택40단지,55802,37.17715,127.1414,37.17715,127.1414,0.0,231.273422612661,500,False,,,,,,ai_draft,,,,evidence/citycode/getCtyCodeList_raw.json
A10022611,31240,GGB233000355,동탄9동행정복지센터,55817,37.1799833,127.138,37.1799833,127.138,0.0,509.0023797003305,500,False,,,,,,ai_draft,,,,evidence/citycode/getCtyCodeList_raw.json
A10022611,31240,GGB233000356,동탄9동행정복지센터,55818,37.1802667,127.1377333,37.1802667,127.1377333,0.0,546.1618873626861,500,False,,,,,,ai_draft,,,,evidence/citycode/getCtyCodeList_raw.json
A10022615,31130,GGB222000874,다산역자연앤푸르지오,49924,37.6223667,127.1515167,37.6223667,127.1515167,0.0,87.83540169309235,500,False,,,,,,ai_draft,,,,evidence/citycode/getCtyCodeList_raw.json
A10022615,31130,GGB222000875,다산역자연앤푸르지오,49925,37.6224333,127.1517167,37.6224333,127.1517167,0.0,106.9034605283714,500,False,,,,,,ai_draft,,,,evidence/citycode/getCtyCodeList_raw.json
A10022615,31130,GGB222001919,다산가람초교.벧엘교회,49789,37.62055,127.1495167,37.62055,127.1495167,0.0,189.4818970775568,500,False,,,,,,ai_draft,,,,evidence/citycode/getCtyCodeList_raw.json
A10022615,31130,GGB222000878,다산역1번출구,49928,37.6238167,127.1508,37.6238167,127.1508,0.0,201.52667756865227,500,False,,,,,,ai_draft,,,,evidence/citycode/getCtyCodeList_raw.json
A10022615,31130,GGB222001918,다산가람초교.벧엘교회,49788,37.62035,127.1497,37.62035,127.1497,0.0,201.78962661511505,500,False,,,,,,ai_draft,,,,evidence/citycode/getCtyCodeList_raw.json
A10022615,31130,GGB222000877,다산역1번출구,49927,37.6242,127.15085,37.6242,127.15085,0.0,244.36135165248544,500,False,,,,,,ai_draft,,,,evidence/citycode/getCtyCodeList_raw.json
A10022628,31240,GGB233000982,(임시)55단지,55970,37.1834167,127.1409667,37.1834167,127.1409667,0.0,343.35071500745846,500,False,,,,,,ai_draft,,,,evidence/citycode/getCtyCodeList_raw.json
A10022628,31240,GGB233000331,제일풍경채.행복주택40단지,55802,37.17715,127.1414,37.17715,127.1414,0.0,379.7777947390746,500,False,,,,,,ai_draft,,,,evidence/citycode/getCtyCodeList_raw.json
A10022628,31240,GGB233000355,동탄9동행정복지센터,55817,37.1799833,127.138,37.1799833,127.138,0.0,379.7828934466029,500,False,,,,,,ai_draft,,,,evidence/citycode/getCtyCodeList_raw.json
A10022628,31240,GGB233001206,(임시)55단지,55971,37.18385,127.1407833,37.18385,127.1407833,0.0,394.19541244112094,500,False,,,,,,ai_draft,,,,evidence/citycode/getCtyCodeList_raw.json
A10022628,31240,GGB233000356,동탄9동행정복지센터,55818,37.1802667,127.1377333,37.1802667,127.1377333,0.0,399.8851915064873,500,False,,,,,,ai_draft,,,,evidence/citycode/getCtyCodeList_raw.json
A10022628,31240,GGB233000329,제일풍경채.행복주택40단지,55801,37.17665,127.1416167,37.17665,127.1416167,0.0,431.5751839586668,500,False,,,,,,ai_draft,,,,evidence/citycode/getCtyCodeList_raw.json
A10022646,31240,GGB233002953,서연중고등학교,37005,37.1615333,127.1116833,37.1615333,127.1116833,0.0,156.57560562056864,500,False,,,,,,ai_draft,,,,evidence/citycode/getCtyCodeList_raw.json
A10022646,31240,GGB233002952,서연중고등학교,37004,37.1613667,127.1117167,37.1613667,127.1117167,0.0,171.0331431975955,500,False,,,,,,ai_draft,,,,evidence/citycode/getCtyCodeList_raw.json
A10022646,31240,GGB233003133,레이크반도9차,55529,37.1619,127.1161167,37.1619,127.1161167,0.0,321.5533640834973,500,False,,,,,,ai_draft,,,,evidence/citycode/getCtyCodeList_raw.json
A10022646,31240,GGB233003166,레이크반도9차,55563,37.1620167,127.1162333,37.1620167,127.1162333,0.0,328.1480555708137,500,False,,,,,,ai_draft,,,,evidence/citycode/getCtyCodeList_raw.json
A10022646,31240,GGB233000428,금호어울림레이크.우남더테라스,55662,37.1619,127.1088333,37.1619,127.1088333,0.0,349.1076544018271,500,False,,,,,,ai_draft,,,,evidence/citycode/getCtyCodeList_raw.json
A10022646,31240,GGB233001748,자연앤자이.센트리체,55503,37.1657333,127.1142,37.1657333,127.1142,0.0,362.6868039742516,500,False,,,,,,ai_draft,,,,evidence/citycode/getCtyCodeList_raw.json
A10022765,31130,GGB222001925,다산1동주민센터.해링턴플레이스다산파크,49795,37.6127333,127.1547333,37.6127333,127.1547333,0.0,51.07230883003391,500,False,,,,,,ai_draft,,,,evidence/citycode/getCtyCodeList_raw.json
A10022765,31130,GGB222001924,다산1동주민센터.해링턴플레이스다산파크,49794,37.6130167,127.1548333,37.6130167,127.1548333,0.0,83.60332689802534,500,False,,,,,,ai_draft,,,,evidence/citycode/getCtyCodeList_raw.json
A10022765,31130,GGB222000851,도농고앞,23093,37.6116167,127.1531333,37.6116167,127.1531333,0.0,143.2258663645057,500,False,,,,,,ai_draft,,,,evidence/citycode/getCtyCodeList_raw.json
A10022765,31130,GGB222001637,부영7단지.도농초등학교,49517,37.6116,127.1561,37.6116,127.1561,0.0,161.50887300796504,500,False,,,,,,ai_draft,,,,evidence/citycode/getCtyCodeList_raw.json
A10022765,31130,GGB222001640,부영7단지.도농초.플루리움2단지,49520,37.612,127.15665,37.612,127.15665,0.0,192.36727279387904,500,False,,,,,,ai_draft,,,,evidence/citycode/getCtyCodeList_raw.json
A10022765,31130,GGB222000852,도농고앞,23092,37.6113167,127.1523333,37.6113167,127.1523333,0.0,220.7759772605579,500,False,,,,,,ai_draft,,,,evidence/citycode/getCtyCodeList_raw.json
A10022882,31240,GGB233001206,(임시)55단지,55971,37.18385,127.1407833,37.18385,127.1407833,0.0,248.14905247955932,500,False,,,,,,ai_draft,,,,evidence/citycode/getCtyCodeList_raw.json
A10022882,31240,GGB233000982,(임시)55단지,55970,37.1834167,127.1409667,37.1834167,127.1409667,0.0,260.61322243148334,500,False,,,,,,ai_draft,,,,evidence/citycode/getCtyCodeList_raw.json
A10022882,31240,GGB233002981,(임시)행복주택,55973,37.1870833,127.1414,37.1870833,127.1414,0.0,296.91741119309586,500,False,,,,,,ai_draft,,,,evidence/citycode/getCtyCodeList_raw.json
A10022882,31240,GGB233000896,(임시)행복주택,55972,37.1874667,127.14175,37.1874667,127.14175,0.0,318.7869635685796,500,False,,,,,,ai_draft,,,,evidence/citycode/getCtyCodeList_raw.json
A10022882,31240,GGB233002980,동탄파크릭스,55974,37.1910667,127.14175,37.1910667,127.14175,0.0,702.1704205519478,500,False,,,,,,ai_draft,,,,evidence/citycode/getCtyCodeList_raw.json
A10022882,31240,GGB233000356,동탄9동행정복지센터,55818,37.1802667,127.1377333,37.1802667,127.1377333,0.0,709.2238952458229,500,False,,,,,,ai_draft,,,,evidence/citycode/getCtyCodeList_raw.json
A10022971,31130,GGB222000790,다산중학교.성산플레이스1,49915,37.6283667,127.1566833,37.6283667,127.1566833,0.0,96.78823174989768,500,False,,,,,,ai_draft,,,,evidence/citycode/getCtyCodeList_raw.json
A10022971,31130,GGB222001929,다산포레스트2단지.반도유보라입구,49799,37.6294333,127.1558167,37.6294333,127.1558167,0.0,111.88003517396672,500,False,,,,,,ai_draft,,,,evidence/citycode/getCtyCodeList_raw.json
A10022971,31130,GGB222001922,반도유보라정문.다산포레스트2단지,49792,37.6295667,127.1555833,37.6295667,127.1555833,0.0,135.75722905928012,500,False,,,,,,ai_draft,,,,evidence/citycode/getCtyCodeList_raw.json
A10022971,31130,GGB222000791,다산중학교,49916,37.6286,127.1584,37.6286,127.1584,0.0,135.76085641698117,500,False,,,,,,ai_draft,,,,evidence/citycode/getCtyCodeList_raw.json
A10022971,31130,GGB222000313,다산롯데캐슬.반도유보라,49786,37.6286167,127.1545333,37.6286167,127.1545333,0.0,230.43352808070668,500,False,,,,,,ai_draft,,,,evidence/citycode/getCtyCodeList_raw.json
A10022971,31130,GGB222000278,다산롯데캐슬.반도유보라,49785,37.6283667,127.1542333,37.6283667,127.1542333,0.0,264.20583629433736,500,False,,,,,,ai_draft,,,,evidence/citycode/getCtyCodeList_raw.json
A10023273,31240,GGB233000896,(임시)행복주택,55972,37.1874667,127.14175,37.1874667,127.14175,0.0,78.42666934274514,500,False,,,,,,ai_draft,,,,evidence/citycode/getCtyCodeList_raw.json
A10023273,31240,GGB233002981,(임시)행복주택,55973,37.1870833,127.1414,37.1870833,127.1414,0.0,125.23587216042296,500,False,,,,,,ai_draft,,,,evidence/citycode/getCtyCodeList_raw.json
A10023273,31240,GGB233002980,동탄파크릭스,55974,37.1910667,127.14175,37.1910667,127.14175,0.0,382.3750102182442,500,False,,,,,,ai_draft,,,,evidence/citycode/getCtyCodeList_raw.json
A10023273,31240,GGB233001206,(임시)55단지,55971,37.18385,127.1407833,37.18385,127.1407833,0.0,456.3016476816517,500,False,,,,,,ai_draft,,,,evidence/citycode/getCtyCodeList_raw.json
A10023273,31240,GGB233000982,(임시)55단지,55970,37.1834167,127.1409667,37.1834167,127.1409667,0.0,496.7720512800493,500,False,,,,,,ai_draft,,,,evidence/citycode/getCtyCodeList_raw.json
A10023273,31240,GGB233000356,동탄9동행정복지센터,55818,37.1802667,127.1377333,37.1802667,127.1377333,0.0,931.1031845829028,500,False,,,,,,ai_draft,,,,evidence/citycode/getCtyCodeList_raw.json
A10023345,31240,GGB233000998,헤리엇.리베라CC,36502,37.1907333,127.0984667,37.1907333,127.0984667,0.0,132.4919389453799,500,False,,,,,,ai_draft,,,,evidence/citycode/getCtyCodeList_raw.json
A10023345,31240,GGB233000999,리베라CC.헤리엇,36501,37.1907167,127.0990833,37.1907167,127.0990833,0.0,166.97752841324103,500,False,,,,,,ai_draft,,,,evidence/citycode/getCtyCodeList_raw.json
A10023345,31240,GGB233000305,그란비아스타,36384,37.1933667,127.0991,37.1933667,127.0991,0.0,212.9969571371088,500,False,,,,,,ai_draft,,,,evidence/citycode/getCtyCodeList_raw.json
A10023345,31240,GGB233002438,한화꿈에그린,55310,37.1944333,127.1004833,37.1944333,127.1004833,0.0,381.5003340072054,500,False,,,,,,ai_draft,,,,evidence/citycode/getCtyCodeList_raw.json
A10023345,31240,GGB233002437,한화꿈에그린,55309,37.1948167,127.1003333,37.1948167,127.1003333,0.0,407.75265076471567,500,False,,,,,,ai_draft,,,,evidence/citycode/getCtyCodeList_raw.json
A10023345,31240,GGB233000978,한화.린스트라우스,36466,37.1953833,127.0990833,37.1953833,127.0990833,0.0,417.6275470611974,500,False,,,,,,ai_draft,,,,evidence/citycode/getCtyCodeList_raw.json
A10023370,31240,GGB233002499,중흥S클래스.에일린의뜰,55410,37.1868833,127.08675,37.1868833,127.08675,0.0,279.98932303568625,500,False,,,,,,ai_draft,,,,evidence/citycode/getCtyCodeList_raw.json
A10023370,31240,GGB233002498,에일린의뜰.중흥S클래스,55405,37.1871833,127.0869333,37.1871833,127.0869333,0.0,317.08962549859245,500,False,,,,,,ai_draft,,,,evidence/citycode/getCtyCodeList_raw.json
A10023370,31240,GGB233002496,더샵센트럴시티2차.행복주택,55404,37.1869,127.0914167,37.1869,127.0914167,0.0,593.5956534211672,500,False,,,,,,ai_draft,,,,evidence/citycode/getCtyCodeList_raw.json
A10023370,31240,GGB233001006,행복주택.동탄경찰서(좌회전전용),55890,37.1865833,127.0916167,37.1865833,127.0916167,0.0,595.9095898494454,500,False,,,,,,ai_draft,,,,evidence/citycode/getCtyCodeList_raw.json
A10023370,31240,GGB233002497,행복주택.동탄경찰서,55409,37.1865667,127.0918,37.1865667,127.0918,0.0,610.3959657576258,500,False,,,,,,ai_draft,,,,evidence/citycode/getCtyCodeList_raw.json
A10023370,31240,GGB233002495,동탄초교,55403,37.1874833,127.0925167,37.1874833,127.0925167,0.0,709.5996965530732,500,False,,,,,,ai_draft,,,,evidence/citycode/getCtyCodeList_raw.json
A10023573,31240,GGB233003211,반도유보라.삼정그린코아,55969,37.2013333,127.0904,37.2013333,127.0904,0.0,134.17804875655872,500,False,,,,,,ai_draft,,,,evidence/citycode/getCtyCodeList_raw.json
A10023573,31240,GGB233003210,반도유보라.삼정그린코아,55968,37.2015667,127.09035,37.2015667,127.09035,0.0,139.24785394682866,500,False,,,,,,ai_draft,,,,evidence/citycode/getCtyCodeList_raw.json
A10023573,31240,GGB233003239,동탄여울공원,55988,37.2020667,127.0869833,37.2020667,127.0869833,0.0,209.00493801717676,500,False,,,,,,ai_draft,,,,evidence/citycode/getCtyCodeList_raw.json
A10023573,31240,GGB233003240,동탄여울공원,55989,37.2023333,127.0870833,37.2023333,127.0870833,0.0,220.24586442060684,500,False,,,,,,ai_draft,,,,evidence/citycode/getCtyCodeList_raw.json
A10023573,31240,GGB233002294,반도8차,37134,37.2018667,127.0925167,37.2018667,127.0925167,0.0,330.7477845806148,500,False,,,,,,ai_draft,,,,evidence/citycode/getCtyCodeList_raw.json
A10023573,31240,GGB233002515,반도8차,37239,37.2018667,127.0930167,37.2018667,127.0930167,0.0,373.3916531760864,500,False,,,,,,ai_draft,,,,evidence/citycode/getCtyCodeList_raw.json
A10023642,31130,GGB222001951,다산지금경기행복주택.다산지금데시앙,49830,37.6198833,127.1658667,37.6198833,127.1658667,0.0,107.35525309325692,500,False,,,,,,ai_draft,,,,evidence/citycode/getCtyCodeList_raw.json
A10023642,31130,GGB222001950,다산지금경기행복주택.다산지금데시앙,49829,37.6196667,127.1658333,37.6196667,127.1658333,0.0,131.1145967553676,500,False,,,,,,ai_draft,,,,evidence/citycode/getCtyCodeList_raw.json
A10023642,31130,GGB222001967,다산센트럴파크.F1단독택지,49846,37.6201,127.1639333,37.6201,127.1639333,0.0,220.6623862730137,500,False,,,,,,ai_draft,,,,evidence/citycode/getCtyCodeList_raw.json
A10023642,31130,GGB222001630,다산신도시입구,49514,37.6193667,127.16815,37.6193667,127.16815,0.0,228.37370253731575,500,False,,,,,,ai_draft,,,,evidence/citycode/getCtyCodeList_raw.json
A10023642,31130,GGB222001966,다산센트럴파크.F1단독택지,49845,37.6198833,127.1639,37.6198833,127.1639,0.0,232.80376450232168,500,False,,,,,,ai_draft,,,,evidence/citycode/getCtyCodeList_raw.json
A10023642,31130,GGB222000846,다산지금경기행복주택,49391,37.6190333,127.16415,37.6190333,127.16415,0.0,271.03054939015897,500,False,,,,,,ai_draft,,,,evidence/citycode/getCtyCodeList_raw.json
A10023643,31130,GGB222000419,다산진건데시앙,49847,37.6283667,127.1491,37.6283667,127.1491,0.0,115.34603825842154,500,False,,,,,,ai_draft,,,,evidence/citycode/getCtyCodeList_raw.json
A10023643,31130,GGB222000872,다산역5번출구.다산진건데시앙,49922,37.6266667,127.1497167,37.6266667,127.1497167,0.0,120.42614136094862,500,False,,,,,,ai_draft,,,,evidence/citycode/getCtyCodeList_raw.json
A10023643,31130,GGB222000873,다산역5번출구.다산자이아이비플레이스,49923,37.6268,127.1499167,37.6268,127.1499167,0.0,125.9456792342216,500,False,,,,,,ai_draft,,,,evidence/citycode/getCtyCodeList_raw.json
A10023643,31130,GGB222001931,모두랑근린공원.다산진건데시앙,49801,37.6285833,127.1491667,37.6285833,127.1491667,0.0,140.07225604564528,500,False,,,,,,ai_draft,,,,evidence/citycode/getCtyCodeList_raw.json
A10023643,31130,GGB222000818,다산하늘초.한양수자인1차후문,49203,37.6266667,127.1471667,37.6266667,127.1471667,0.0,155.90141804508062,500,False,,,,,,ai_draft,,,,evidence/citycode/getCtyCodeList_raw.json
A10023643,31130,GGB222001475,다산진건데시앙.경기행복주택,49392,37.6263667,127.1473333,37.6263667,127.1473333,0.0,164.32216101238654,500,False,,,,,,ai_draft,,,,evidence/citycode/getCtyCodeList_raw.json
A10023650,31240,GGB233000333,디루체,55804,37.1742,127.1260833,37.1742,127.1260833,0.0,236.61569357155724,500,False,,,,,,ai_draft,,,,evidence/citycode/getCtyCodeList_raw.json
A10023650,31240,GGB233000332,디루체,55803,37.1738833,127.12575,37.1738833,127.12575,0.0,282.419775731902,500,False,,,,,,ai_draft,,,,evidence/citycode/getCtyCodeList_raw.json
A10023650,31240,GGB233000354,호반써밋동탄,55816,37.1732333,127.1332333,37.1732333,127.1332333,0.0,540.6816549927166,500,False,,,,,,ai_draft,,,,evidence/citycode/getCtyCodeList_raw.json
A10023650,31240,GGB233000353,호반써밋동탄,55815,37.1730167,127.13365,37.1730167,127.13365,0.0,584.7209434545452,500,False,,,,,,ai_draft,,,,evidence/citycode/getCtyCodeList_raw.json
A10023650,31240,GGB233001333,C10,55915,37.17945,127.1328333,37.17945,127.1328333,0.0,599.1239627015439,500,False,,,,,,ai_draft,,,,evidence/citycode/getCtyCodeList_raw.json
A10023650,31240,GGB233000328,쎈트럴써밋,55800,37.1741,127.12135,37.1741,127.12135,0.0,613.4400118320327,500,False,,,,,,ai_draft,,,,evidence/citycode/getCtyCodeList_raw.json
A10023757,31240,GGB233000329,제일풍경채.행복주택40단지,55801,37.17665,127.1416167,37.17665,127.1416167,0.0,112.7965471824944,500,False,,,,,,ai_draft,,,,evidence/citycode/getCtyCodeList_raw.json
A10023757,31240,GGB233000331,제일풍경채.행복주택40단지,55802,37.17715,127.1414,37.17715,127.1414,0.0,171.1502893274562,500,False,,,,,,ai_draft,,,,evidence/citycode/getCtyCodeList_raw.json
A10023757,31240,GGB233002277,(임시)e편한세상동탄파크아너스,55934,37.1761167,127.1462167,37.1761167,127.1462167,0.0,356.98357832058304,500,False,,,,,,ai_draft,,,,evidence/citycode/getCtyCodeList_raw.json
A10023757,31240,GGB233001305,금강펜테리움.힐스테이트,55912,37.1741333,127.13815,37.1741333,127.13815,0.0,402.584869648257,500,False,,,,,,ai_draft,,,,evidence/citycode/getCtyCodeList_raw.json
A10023757,31240,GGB233001316,힐스테이트.금강펜테리움,55913,37.1744167,127.13795,37.1744167,127.13795,0.0,405.9341323308083,500,False,,,,,,ai_draft,,,,evidence/citycode/getCtyCodeList_raw.json
A10023757,31240,GGB233000355,동탄9동행정복지센터,55817,37.1799833,127.138,37.1799833,127.138,0.0,600.4269476168231,500,False,,,,,,ai_draft,,,,evidence/citycode/getCtyCodeList_raw.json
A10023863,31130,GGB222001950,다산지금경기행복주택.다산지금데시앙,49829,37.6196667,127.1658333,37.6196667,127.1658333,0.0,148.6227908137062,500,False,,,,,,ai_draft,,,,evidence/citycode/getCtyCodeList_raw.json
A10023863,31130,GGB222001951,다산지금경기행복주택.다산지금데시앙,49830,37.6198833,127.1658667,37.6198833,127.1658667,0.0,172.17776990786538,500,False,,,,,,ai_draft,,,,evidence/citycode/getCtyCodeList_raw.json
A10023863,31130,GGB222001550,다산신도시입구,49817,37.6187333,127.168,37.6187333,127.168,0.0,175.59417355729713,500,False,,,,,,ai_draft,,,,evidence/citycode/getCtyCodeList_raw.json
A10023863,31130,GGB222000846,다산지금경기행복주택,49391,37.6190333,127.16415,37.6190333,127.16415,0.0,185.55936703401437,500,False,,,,,,ai_draft,,,,evidence/citycode/getCtyCodeList_raw.json
A10023863,31130,GGB222000836,다산지금경기행복주택,49390,37.6187,127.1638167,37.6187,127.1638167,0.0,202.2331970460241,500,False,,,,,,ai_draft,,,,evidence/citycode/getCtyCodeList_raw.json
A10023863,31130,GGB222001630,다산신도시입구,49514,37.6193667,127.16815,37.6193667,127.16815,0.0,215.81354176796583,500,False,,,,,,ai_draft,,,,evidence/citycode/getCtyCodeList_raw.json
A10023897,31020,GGB204000145,한화오벨리스크,5318,37.4737333,127.14095,37.4737333,127.14095,0.0,150.25569829865245,500,False,,,,,,ai_draft,,,,evidence/citycode/getCtyCodeList_raw.json
A10023897,31020,GGB204000146,위례센트럴자이정문,5319,37.4722167,127.14055,37.4722167,127.14055,0.0,308.1878625708555,500,False,,,,,,ai_draft,,,,evidence/citycode/getCtyCodeList_raw.json
A10023897,31020,GGB204000010,위례보미리즌빌,5317,37.4717667,127.1408167,37.4717667,127.1408167,0.0,344.30703849106493,500,False,,,,,,ai_draft,,,,evidence/citycode/getCtyCodeList_raw.json
A10023897,31020,GGB204000240,성남시위례동행정복지센터.위례보미리즌빌,5069,37.4710833,127.1416333,37.4710833,127.1416333,0.0,401.5141296295608,500,False,,,,,,ai_draft,,,,evidence/citycode/getCtyCodeList_raw.json
A10023897,31020,GGB204000093,래미안위례.위례고운초교.위례35단지,5082,37.4710333,127.14365,37.4710333,127.14365,0.0,424.4918994039652,500,False,,,,,,ai_draft,,,,evidence/citycode/getCtyCodeList_raw.json
A10023897,31020,GGB204000236,성남시위례동행정복지센터.위례아트리버푸르지오,5176,37.4708167,127.1422833,37.4708167,127.1422833,0.0,428.3527264371547,500,False,,,,,,ai_draft,,,,evidence/citycode/getCtyCodeList_raw.json
A10024060,31130,GGB222000907,다산메트로3단지.유승한내들골든뷰,49157,37.6223833,127.14705,37.6223833,127.14705,0.0,99.77871487670292,500,False,,,,,,ai_draft,,,,evidence/citycode/getCtyCodeList_raw.json
A10024060,31130,GGB222001153,유승한내들골든뷰.다산메트로3단지,49264,37.62255,127.1467667,37.62255,127.1467667,0.0,124.86571028499088,500,False,,,,,,ai_draft,,,,evidence/citycode/getCtyCodeList_raw.json
A10024060,31130,GGB222000910,한양수자인2차,49781,37.6207833,127.14715,37.6207833,127.14715,0.0,206.77135348009463,500,False,,,,,,ai_draft,,,,evidence/citycode/getCtyCodeList_raw.json
A10024060,31130,GGB222000911,한양수자인2차,49804,37.6203333,127.1478167,37.6203333,127.1478167,0.0,238.02800866745284,500,False,,,,,,ai_draft,,,,evidence/citycode/getCtyCodeList_raw.json
A10024060,31130,GGB222001919,다산가람초교.벧엘교회,49789,37.62055,127.1495167,37.62055,127.1495167,0.0,242.33023832355724,500,False,,,,,,ai_draft,,,,evidence/citycode/getCtyCodeList_raw.json
A10024060,31130,GGB222001918,다산가람초교.벧엘교회,49788,37.62035,127.1497,37.62035,127.1497,0.0,269.6325584231521,500,False,,,,,,ai_draft,,,,evidence/citycode/getCtyCodeList_raw.json
A10024076,31240,GGB233003211,반도유보라.삼정그린코아,55969,37.2013333,127.0904,37.2013333,127.0904,0.0,291.409670954631,500,False,,,,,,ai_draft,,,,evidence/citycode/getCtyCodeList_raw.json
A10024076,31240,GGB233003210,반도유보라.삼정그린코아,55968,37.2015667,127.09035,37.2015667,127.09035,0.0,313.06802469393205,500,False,,,,,,ai_draft,,,,evidence/citycode/getCtyCodeList_raw.json
A10024076,31240,GGB233001634,디에트르퍼스티지,55495,37.1991667,127.0925167,37.1991667,127.0925167,0.0,317.74170325891333,500,False,,,,,,ai_draft,,,,evidence/citycode/getCtyCodeList_raw.json
A10024076,31240,GGB233001632,디에트르퍼스티지,55494,37.1993333,127.0930167,37.1993333,127.0930167,0.0,363.4477346750842,500,False,,,,,,ai_draft,,,,evidence/citycode/getCtyCodeList_raw.json
A10024076,31240,GGB233003239,동탄여울공원,55988,37.2020667,127.0869833,37.2020667,127.0869833,0.0,383.7452085221564,500,False,,,,,,ai_draft,,,,evidence/citycode/getCtyCodeList_raw.json
A10024076,31240,GGB233003240,동탄여울공원,55989,37.2023333,127.0870833,37.2023333,127.0870833,0.0,406.7704908667112,500,False,,,,,,ai_draft,,,,evidence/citycode/getCtyCodeList_raw.json
A10024091,31240,GGB233001237,호수하우스디,37044,37.1611167,127.0970667,37.1611167,127.0970667,0.0,105.9609493171879,500,False,,,,,,ai_draft,,,,evidence/citycode/getCtyCodeList_raw.json
A10024091,31240,GGB233001118,호수하우스디,37039,37.16095,127.0970167,37.16095,127.0970167,0.0,124.97272770263524,500,False,,,,,,ai_draft,,,,evidence/citycode/getCtyCodeList_raw.json
A10024091,31240,GGB233000275,화남초등학교,55781,37.1633667,127.0966333,37.1633667,127.0966333,0.0,155.65419296223732,500,False,,,,,,ai_draft,,,,evidence/citycode/getCtyCodeList_raw.json
A10024091,31240,GGB233000238,화남초등학교,55768,37.16395,127.0968667,37.16395,127.0968667,0.0,213.22184007877715,500,False,,,,,,ai_draft,,,,evidence/citycode/getCtyCodeList_raw.json
A10024091,31240,GGB233000226,한화포레나,55763,37.1646833,127.0987333,37.1646833,127.0987333,0.0,319.9768910747587,500,False,,,,,,ai_draft,,,,evidence/citycode/getCtyCodeList_raw.json
A10024091,31240,GGB233001587,금호어울림2차,37042,37.16095,127.1006333,37.16095,127.1006333,0.0,323.6654774372845,500,False,,,,,,ai_draft,,,,evidence/citycode/getCtyCodeList_raw.json
A10024093,31130,GGB222000647,다산푸르지오.부영사랑으로,49897,37.6157667,127.163,37.6157667,127.163,0.0,156.05034067756097,500,False,,,,,,ai_draft,,,,evidence/citycode/getCtyCodeList_raw.json
A10024093,31130,GGB222000670,부영사랑으로.다산푸르지오,49898,37.6158167,127.1627833,37.6158167,127.1627833,0.0,174.8240245317638,500,False,,,,,,ai_draft,,,,evidence/citycode/getCtyCodeList_raw.json
A10024093,31130,GGB222001641,부영6단지.금교초등학교,49521,37.6149333,127.1621667,37.6149333,127.1621667,0.0,198.6576135707563,500,False,,,,,,ai_draft,,,,evidence/citycode/getCtyCodeList_raw.json
A10024093,31130,GGB222001642,부영6단지.금교초등학교,49522,37.6147667,127.1620667,37.6147667,127.1620667,0.0,208.25578421276336,500,False,,,,,,ai_draft,,,,evidence/citycode/getCtyCodeList_raw.json
A10024093,31130,GGB222000210,다산별빛초등학교,49881,37.6174333,127.1635667,37.6174333,127.1635667,0.0,288.4023800475564,500,False,,,,,,ai_draft,,,,evidence/citycode/getCtyCodeList_raw.json
A10024093,31130,GGB222000211,다산별빛초등학교,49882,37.61745,127.1633833,37.61745,127.1633833,0.0,294.8022463420165,500,False,,,,,,ai_draft,,,,evidence/citycode/getCtyCodeList_raw.json
A10024111,31240,GGB233003137,계룡리슈빌.금호어울림,55533,37.16465,127.10645,37.16465,127.10645,0.0,132.58710320345858,500,False,,,,,,ai_draft,,,,evidence/citycode/getCtyCodeList_raw.json
A10024111,31240,GGB233000092,계룡리슈빌,55734,37.1655,127.1046333,37.1655,127.1046333,0.0,138.43226340821687,500,False,,,,,,ai_draft,,,,evidence/citycode/getCtyCodeList_raw.json
A10024111,31240,GGB233000091,동탄그랑파사쥬,55733,37.1658333,127.1047,37.1658333,127.1047,0.0,173.50316146983604,500,False,,,,,,ai_draft,,,,evidence/citycode/getCtyCodeList_raw.json
A10024111,31240,GGB233003127,금호어울림.계룡리슈빌,55523,37.1639,127.10695,37.1639,127.10695,0.0,176.38544928547535,500,False,,,,,,ai_draft,,,,evidence/citycode/getCtyCodeList_raw.json
A10024111,31240,GGB277103991,호수공원아이파크(미정차),0,37.1655333,127.1069,37.1655333,127.1069,0.0,216.05592237608775,500,False,,,,,,ai_draft,,,,evidence/citycode/getCtyCodeList_raw.json
A10024111,31240,GGB233002124,경기도시공사동탄사업단,55593,37.1654833,127.1018,37.1654833,127.1018,0.0,314.6295521917812,500,False,,,,,,ai_draft,,,,evidence/citycode/getCtyCodeList_raw.json
A10024153,31130,GGB222000591,다산자이폴라리스.다산자이,49896,37.6285833,127.1510667,37.6285833,127.1510667,0.0,108.30751305381088,500,False,,,,,,ai_draft,,,,evidence/citycode/getCtyCodeList_raw.json
A10024153,31130,GGB222001932,다산자이폴라리스.반도유보라,49802,37.6295833,127.1520333,37.6295833,127.1520333,0.0,111.88590536360203,500,False,,,,,,ai_draft,,,,evidence/citycode/getCtyCodeList_raw.json
A10024153,31130,GGB222000590,다산자이.다산자이폴라리스,49895,37.6283667,127.1510167,37.6283667,127.1510167,0.0,130.97042311060164,500,False,,,,,,ai_draft,,,,evidence/citycode/getCtyCodeList_raw.json
A10024153,31130,GGB222001933,다산자이폴라리스.반도유보라,49803,37.6296333,127.1523333,37.6296333,127.1523333,0.0,138.63276492904473,500,False,,,,,,ai_draft,,,,evidence/citycode/getCtyCodeList_raw.json
A10024153,31130,GGB277104598,자연앤자이1407동(미정차),0,37.63055,127.1494667,37.63055,127.1494667,0.0,161.22382914544252,500,False,,,,,,ai_draft,,,,evidence/citycode/getCtyCodeList_raw.json
A10024153,31130,GGB222001931,모두랑근린공원.다산진건데시앙,49801,37.6285833,127.1491667,37.6285833,127.1491667,0.0,175.58010144403,500,False,,,,,,ai_draft,,,,evidence/citycode/getCtyCodeList_raw.json
A10024177,31240,GGB233002445,금호어울림레이크.우남더테라스,55661,37.1621833,127.1076667,37.1621833,127.1076667,0.0,59.79364472559091,500,False,,,,,,ai_draft,,,,evidence/citycode/getCtyCodeList_raw.json
A10024177,31240,GGB233000428,금호어울림레이크.우남더테라스,55662,37.1619,127.1088333,37.1619,127.1088333,0.0,108.48096099793696,500,False,,,,,,ai_draft,,,,evidence/citycode/getCtyCodeList_raw.json
A10024177,31240,GGB233003132,호수자이파밀리에.아이원,55528,37.1607333,127.1052,37.1607333,127.1052,0.0,239.75867654287904,500,False,,,,,,ai_draft,,,,evidence/citycode/getCtyCodeList_raw.json
A10024177,31240,GGB233003127,금호어울림.계룡리슈빌,55523,37.1639,127.10695,37.1639,127.10695,0.0,258.2581196721942,500,False,,,,,,ai_draft,,,,evidence/citycode/getCtyCodeList_raw.json
A10024177,31240,GGB233003126,아이원.호수자이파밀리에,55522,37.1610167,127.1047833,37.1610167,127.1047833,0.0,263.60900316384414,500,False,,,,,,ai_draft,,,,evidence/citycode/getCtyCodeList_raw.json
A10024177,31240,GGB233003131,호수자이파밀리에,55527,37.1592167,127.1060333,37.1592167,127.1060333,0.0,305.7967867671149,500,False,,,,,,ai_draft,,,,evidence/citycode/getCtyCodeList_raw.json
A10024195,31130,GGB222001967,다산센트럴파크.F1단독택지,49846,37.6201,127.1639333,37.6201,127.1639333,0.0,219.5810135125874,500,False,,,,,,ai_draft,,,,evidence/citycode/getCtyCodeList_raw.json
A10024195,31130,GGB222001966,다산센트럴파크.F1단독택지,49845,37.6198833,127.1639,37.6198833,127.1639,0.0,243.1402116686657,500,False,,,,,,ai_draft,,,,evidence/citycode/getCtyCodeList_raw.json
A10024195,31130,GGB222001951,다산지금경기행복주택.다산지금데시앙,49830,37.6198833,127.1658667,37.6198833,127.1658667,0.0,313.6081099743967,500,False,,,,,,ai_draft,,,,evidence/citycode/getCtyCodeList_raw.json
A10024195,31130,GGB222001950,다산지금경기행복주택.다산지금데시앙,49829,37.6196667,127.1658333,37.6196667,127.1658333,0.0,330.7635466789077,500,False,,,,,,ai_draft,,,,evidence/citycode/getCtyCodeList_raw.json
A10024195,31130,GGB222000846,다산지금경기행복주택,49391,37.6190333,127.16415,37.6190333,127.16415,0.0,339.6951925417824,500,False,,,,,,ai_draft,,,,evidence/citycode/getCtyCodeList_raw.json
A10024195,31130,GGB222000836,다산지금경기행복주택,49390,37.6187,127.1638167,37.6187,127.1638167,0.0,373.75205111319127,500,False,,,,,,ai_draft,,,,evidence/citycode/getCtyCodeList_raw.json
A10024211,31180,GGB227000658,미사역,28464,37.5637,127.1928333,37.5637,127.1928333,0.0,112.98186369767424,500,False,,,,,,ai_draft,,,,evidence/citycode/getCtyCodeList_raw.json
A10024211,31180,GGB227000683,미사역,28530,37.5634833,127.1929167,37.5634833,127.1929167,0.0,124.98955216543176,500,False,,,,,,ai_draft,,,,evidence/citycode/getCtyCodeList_raw.json
A10024211,31180,GGB227000682,미사역,28529,37.5635333,127.1925333,37.5635333,127.1925333,0.0,145.18166527111256,500,False,,,,,,ai_draft,,,,evidence/citycode/getCtyCodeList_raw.json
A10024211,31180,GGB227000660,미사역,28466,37.5633833,127.1925833,37.5633833,127.1925833,0.0,153.02707048503592,500,False,,,,,,ai_draft,,,,evidence/citycode/getCtyCodeList_raw.json
A10024211,31180,GGB227000326,하남종합운동장,28256,37.5663,127.1916833,37.5663,127.1916833,0.0,286.76021240040177,500,False,,,,,,ai_draft,,,,evidence/citycode/getCtyCodeList_raw.json
A10024211,31180,GGB227000293,미사역호반써밋,28314,37.5660167,127.1969167,37.5660167,127.1969167,0.0,330.05839691818164,500,False,,,,,,ai_draft,,,,evidence/citycode/getCtyCodeList_raw.json
A10024290,31240,GGB233001628,반도5차.파라곤,55491,37.1964,127.0925167,37.1964,127.0925167,0.0,156.61271829270785,500,False,,,,,,ai_draft,,,,evidence/citycode/getCtyCodeList_raw.json
A10024290,31240,GGB233001625,반도5차.파라곤,37687,37.1964167,127.0930167,37.1964167,127.0930167,0.0,200.9273962847652,500,False,,,,,,ai_draft,,,,evidence/citycode/getCtyCodeList_raw.json
A10024290,31240,GGB233001638,반도5차,55484,37.1944667,127.09145,37.1944667,127.09145,0.0,221.323189468143,500,False,,,,,,ai_draft,,,,evidence/citycode/getCtyCodeList_raw.json
A10024290,31240,GGB233001641,반도5차,55485,37.1941667,127.0908,37.1941667,127.0908,0.0,245.82968166076944,500,False,,,,,,ai_draft,,,,evidence/citycode/getCtyCodeList_raw.json
A10024290,31240,GGB233001634,디에트르퍼스티지,55495,37.1991667,127.0925167,37.1991667,127.0925167,0.0,347.4709107820611,500,False,,,,,,ai_draft,,,,evidence/citycode/getCtyCodeList_raw.json
A10024290,31240,GGB233001632,디에트르퍼스티지,55494,37.1993333,127.0930167,37.1993333,127.0930167,0.0,385.2303194958322,500,False,,,,,,ai_draft,,,,evidence/citycode/getCtyCodeList_raw.json
A10024368,31240,GGB233002432,대방디엠시티.센트럴상록,55308,37.2095167,127.0996667,37.2095167,127.0996667,0.0,39.55496631670821,500,False,,,,,,ai_draft,,,,evidence/citycode/getCtyCodeList_raw.json
A10024368,31240,GGB233000122,센트럴상록.대방디엠시티,36792,37.2091667,127.1000333,37.2091667,127.1000333,0.0,86.11990648651111,500,False,,,,,,ai_draft,,,,evidence/citycode/getCtyCodeList_raw.json
A10024368,31240,GGB233000694,동탄테크노벨리(중),55852,37.2109333,127.09885,37.2109333,127.09885,0.0,136.78594448781587,500,False,,,,,,ai_draft,,,,evidence/citycode/getCtyCodeList_raw.json
A10024368,31240,GGB233000121,상록.테크노밸리.GS자이,36463,37.2082833,127.0990667,37.2082833,127.0990667,0.0,183.45697403114133,500,False,,,,,,ai_draft,,,,evidence/citycode/getCtyCodeList_raw.json
A10024368,31240,GGB233000710,동탄테크노벨리(중),55855,37.21195,127.0989167,37.21195,127.0989167,0.0,239.6128070703052,500,False,,,,,,ai_draft,,,,evidence/citycode/getCtyCodeList_raw.json
A10024368,31240,GGB233001924,동원로얄듀크,55927,37.2095333,127.1025,37.2095333,127.1025,0.0,256.99207460682715,500,False,,,,,,ai_draft,,,,evidence/citycode/getCtyCodeList_raw.json
A10024415,31130,GGB222000989,다산해모로.다산센트레빌.롯데아파트,23087,37.60625,127.1524667,37.60625,127.1524667,0.0,73.89152993515653,500,False,,,,,,ai_draft,,,,evidence/citycode/getCtyCodeList_raw.json
A10024415,31130,GGB222000990,롯데아파트.다산센트레빌.다산해모로,23088,37.6068167,127.1523333,37.6068167,127.1523333,0.0,126.93317236796936,500,False,,,,,,ai_draft,,,,evidence/citycode/getCtyCodeList_raw.json
A10024415,31130,GGB277104247,왕숙교(미정차),0,37.6043,127.1494,37.6043,127.1494,0.0,275.9106578795337,500,False,,,,,,ai_draft,,,,evidence/citycode/getCtyCodeList_raw.json
A10024415,31130,GGB277104248,왕숙교(미정차),0,37.6040167,127.1495167,37.6040167,127.1495167,0.0,287.12481116486185,500,False,,,,,,ai_draft,,,,evidence/citycode/getCtyCodeList_raw.json
A10024415,31130,GGB222000887,다산리버팰리체아파트,23085,37.6083333,127.15205,37.6083333,127.15205,0.0,291.6931734821538,500,False,,,,,,ai_draft,,,,evidence/citycode/getCtyCodeList_raw.json
A10024415,31130,GGB222000888,다산리버팰리체아파트,23086,37.6084,127.15215,37.6084,127.15215,0.0,299.42796513111887,500,False,,,,,,ai_draft,,,,evidence/citycode/getCtyCodeList_raw.json
A10024467,31240,GGB233002264,동탄첨단산업지구,55613,37.211,127.0926333,37.211,127.0926333,0.0,213.9688486484312,500,False,,,,,,ai_draft,,,,evidence/citycode/getCtyCodeList_raw.json
A10024467,31240,GGB233002269,동탄첨단산업지구,55614,37.2109833,127.0929167,37.2109833,127.0929167,0.0,216.71791301107237,500,False,,,,,,ai_draft,,,,evidence/citycode/getCtyCodeList_raw.json
A10024467,31240,GGB233000141,영천1동,36454,37.2152333,127.0942333,37.2152333,127.0942333,0.0,290.9853559081457,500,False,,,,,,ai_draft,,,,evidence/citycode/getCtyCodeList_raw.json
A10024467,31240,GGB233000144,영천1동,36455,37.2151833,127.0945167,37.2151833,127.0945167,0.0,298.907015873098,500,False,,,,,,ai_draft,,,,evidence/citycode/getCtyCodeList_raw.json
A10024467,31240,GGB233002443,한미약품.푸르지오,55315,37.2095,127.0916167,37.2095,127.0916167,0.0,392.3519331875669,500,False,,,,,,ai_draft,,,,evidence/citycode/getCtyCodeList_raw.json
A10024467,31240,GGB277101908,기흥동탄TG(미정차),0,37.21655,127.0915667,37.21655,127.0915667,0.0,415.26700681146656,500,False,,,,,,ai_draft,,,,evidence/citycode/getCtyCodeList_raw.json
A10024478,31230,GGB232000890,상록데시앙,35838,37.6373,126.6421,37.6373,126.6421,0.0,282.8498641907588,500,False,,,,,,ai_draft,,,,evidence/citycode/getCtyCodeList_raw.json
A10024478,31230,GGB232000969,은여울중학교.경남아너스빌,35919,37.6368833,126.6378,37.6368833,126.6378,0.0,347.71360591798833,500,False,,,,,,ai_draft,,,,evidence/citycode/getCtyCodeList_raw.json
A10024478,31230,GGB232000741,힐스테이트.경남아너스빌,35659,37.6392333,126.6375167,37.6392333,126.6375167,0.0,562.3410776574607,500,False,,,,,,ai_draft,,,,evidence/citycode/getCtyCodeList_raw.json
A10024478,31230,GGB232000971,한강센트럴블루힐후문,35921,37.6353167,126.6339833,37.6353167,126.6339833,0.0,610.0980485241137,500,False,,,,,,ai_draft,,,,evidence/citycode/getCtyCodeList_raw.json
A10024478,31230,GGB232000777,마산역,35684,37.6402667,126.6427333,37.6402667,126.6427333,0.0,613.8098683114092,500,False,,,,,,ai_draft,,,,evidence/citycode/getCtyCodeList_raw.json
A10024478,31230,GGB232000781,마산역,35685,37.64055,126.64255,37.64055,126.64255,0.0,640.3869631494118,500,False,,,,,,ai_draft,,,,evidence/citycode/getCtyCodeList_raw.json
A10024480,31130,GGB222000948,다산자이.다산롯데캐슬,49059,37.6275667,127.1520167,37.6275667,127.1520167,0.0,102.51342480728582,500,False,,,,,,ai_draft,,,,evidence/citycode/getCtyCodeList_raw.json
A10024480,31130,GGB222000873,다산역5번출구.다산자이아이비플레이스,49923,37.6268,127.1499167,37.6268,127.1499167,0.0,107.06895888101344,500,False,,,,,,ai_draft,,,,evidence/citycode/getCtyCodeList_raw.json
A10024480,31130,GGB222000872,다산역5번출구.다산진건데시앙,49922,37.6266667,127.1497167,37.6266667,127.1497167,0.0,127.7395202624112,500,False,,,,,,ai_draft,,,,evidence/citycode/getCtyCodeList_raw.json
A10024480,31130,GGB222000941,다산롯데캐슬.다산자이,49062,37.6275667,127.1523833,37.6275667,127.1523833,0.0,129.28763412275703,500,False,,,,,,ai_draft,,,,evidence/citycode/getCtyCodeList_raw.json
A10024480,31130,GGB222000590,다산자이.다산자이폴라리스,49895,37.6283667,127.1510167,37.6283667,127.1510167,0.0,153.30308401299402,500,False,,,,,,ai_draft,,,,evidence/citycode/getCtyCodeList_raw.json
A10024480,31130,GGB222000591,다산자이폴라리스.다산자이,49896,37.6285833,127.1510667,37.6285833,127.1510667,0.0,177.21259065474044,500,False,,,,,,ai_draft,,,,evidence/citycode/getCtyCodeList_raw.json
A10024486,31230,GGB232000742,힐스테이트.경남아너스빌,35660,37.6384833,126.6344,37.6384833,126.6344,0.0,135.8794502558042,500,False,,,,,,ai_draft,,,,evidence/citycode/getCtyCodeList_raw.json
A10024486,31230,GGB277102614,솔터마을입구(미정차),0,37.6376167,126.63155,37.6376167,126.63155,0.0,211.1347593302424,500,False,,,,,,ai_draft,,,,evidence/citycode/getCtyCodeList_raw.json
A10024486,31230,GGB232000971,한강센트럴블루힐후문,35921,37.6353167,126.6339833,37.6353167,126.6339833,0.0,223.07878492079917,500,False,,,,,,ai_draft,,,,evidence/citycode/getCtyCodeList_raw.json
A10024486,31230,GGB232000208,한강힐스테이트,35522,37.6401,126.6328833,37.6401,126.6328833,0.0,322.0484675488995,500,False,,,,,,ai_draft,,,,evidence/citycode/getCtyCodeList_raw.json
A10024486,31230,GGB232000207,한강힐스테이트,35512,37.64035,126.6330833,37.64035,126.6330833,0.0,344.61468564619145,500,False,,,,,,ai_draft,,,,evidence/citycode/getCtyCodeList_raw.json
A10024486,31230,GGB232000969,은여울중학교.경남아너스빌,35919,37.6368833,126.6378,37.6368833,126.6378,0.0,345.2275749849707,500,False,,,,,,ai_draft,,,,evidence/citycode/getCtyCodeList_raw.json
A10024492,31180,GGB227000686,스타필드시티.위례스타힐스.하남시위례도서관,28533,37.4800833,127.1474,37.4800833,127.1474,0.0,861.090862599598,500,False,,,,,,ai_draft,,,,evidence/citycode/getCtyCodeList_raw.json
A10024492,31180,GGB227000685,스타필드시티.위례지웰푸르지오.하남시위례도서관,28532,37.4800667,127.1478,37.4800667,127.1478,0.0,895.393071673349,500,False,,,,,,ai_draft,,,,evidence/citycode/getCtyCodeList_raw.json
A10024492,31020,GGB204000145,한화오벨리스크,5318,37.4737333,127.14095,37.4737333,127.14095,0.0,993.839216838346,500,False,,,,,,ai_draft,,,,evidence/citycode/getCtyCodeList_raw.json
A10024492,31020,GGB204000326,위례센트럴자이,5313,37.4733167,127.1373667,37.4733167,127.1373667,0.0,1009.2831409630816,500,False,,,,,,ai_draft,,,,evidence/citycode/getCtyCodeList_raw.json
A10024492,31180,GGB227000673,위례초.위례중.효성해링턴타워,28498,37.4780167,127.1484667,37.4780167,127.1484667,0.0,1036.8972232380902,500,False,,,,,,ai_draft,,,,evidence/citycode/getCtyCodeList_raw.json
A10024492,31020,GGB204000327,위례31단지,5314,37.4730833,127.1368333,37.4730833,127.1368333,0.0,1039.10678252376,500,False,,,,,,ai_draft,,,,evidence/citycode/getCtyCodeList_raw.json
A10024496,31240,GGB233000110,호수공원행복주택,55747,37.1676167,127.1190333,37.1676167,127.1190333,0.0,95.5188607609414,500,False,,,,,,ai_draft,,,,evidence/citycode/getCtyCodeList_raw.json
A10024496,31240,GGB233000085,호수공원행복주택,55732,37.1678333,127.1185833,37.1678333,127.1185833,0.0,128.77446734160768,500,False,,,,,,ai_draft,,,,evidence/citycode/getCtyCodeList_raw.json
A10024496,31240,GGB233001710,호수공원행복주택.호수부영6차,55501,37.16715,127.1174,37.16715,127.1174,0.0,159.56282139564726,500,False,,,,,,ai_draft,,,,evidence/citycode/getCtyCodeList_raw.json
A10024496,31240,GGB233000090,행복주택35단지,55731,37.167,127.1211167,37.167,127.1211167,0.0,177.72374370941134,500,False,,,,,,ai_draft,,,,evidence/citycode/getCtyCodeList_raw.json
A10024496,31240,GGB233000114,행복주택35단지,55748,37.1668,127.1211833,37.1668,127.1211833,0.0,181.6844926816297,500,False,,,,,,ai_draft,,,,evidence/citycode/getCtyCodeList_raw.json
A10024496,31240,GGB233001699,호수부영6차.호수공원행복주택,55500,37.1674,127.1170333,37.1674,127.1170333,0.0,199.18080314795108,500,False,,,,,,ai_draft,,,,evidence/citycode/getCtyCodeList_raw.json
A10024525,31240,GGB233000226,한화포레나,55763,37.1646833,127.0987333,37.1646833,127.0987333,0.0,104.50639496706184,500,False,,,,,,ai_draft,,,,evidence/citycode/getCtyCodeList_raw.json
A10024525,31240,GGB233000227,한화포레나,55764,37.1649667,127.0986833,37.1649667,127.0986833,0.0,135.04232357171912,500,False,,,,,,ai_draft,,,,evidence/citycode/getCtyCodeList_raw.json
A10024525,31240,GGB233000238,화남초등학교,55768,37.16395,127.0968667,37.16395,127.0968667,0.0,147.62655815637612,500,False,,,,,,ai_draft,,,,evidence/citycode/getCtyCodeList_raw.json
A10024525,31240,GGB233000275,화남초등학교,55781,37.1633667,127.0966333,37.1633667,127.0966333,0.0,172.41145169551834,500,False,,,,,,ai_draft,,,,evidence/citycode/getCtyCodeList_raw.json
A10024525,31240,GGB233002072,레이크자연앤푸르지오,55592,37.16495,127.1011667,37.16495,127.1011667,0.0,269.6532461458742,500,False,,,,,,ai_draft,,,,evidence/citycode/getCtyCodeList_raw.json
A10024525,31240,GGB233002066,화남초,55590,37.16465,127.0955167,37.16465,127.0955167,0.0,283.5712614420279,500,False,,,,,,ai_draft,,,,evidence/citycode/getCtyCodeList_raw.json
A10024530,31240,GGB233000183,현대트랜시스.동원4차,55755,37.2168667,127.1055333,37.2168667,127.1055333,0.0,103.85123599036598,500,False,,,,,,ai_draft,,,,evidence/citycode/getCtyCodeList_raw.json
A10024530,31240,GGB233002017,현대트랜시스,55585,37.21615,127.1038333,37.21615,127.1038333,0.0,140.36726611281637,500,False,,,,,,ai_draft,,,,evidence/citycode/getCtyCodeList_raw.json
A10024530,31240,GGB233000698,현대트랜시스(중),55853,37.2163,127.1036667,37.2163,127.1036667,0.0,158.31697176064915,500,False,,,,,,ai_draft,,,,evidence/citycode/getCtyCodeList_raw.json
A10024530,31240,GGB233000709,현대트랜시스(중),55854,37.2172833,127.1038167,37.2172833,127.1038167,0.0,204.69769118754155,500,False,,,,,,ai_draft,,,,evidence/citycode/getCtyCodeList_raw.json
A10024530,31240,GGB233002165,현대트랜시스,55602,37.2175667,127.1036333,37.2175667,127.1036333,0.0,238.99920742537267,500,False,,,,,,ai_draft,,,,evidence/citycode/getCtyCodeList_raw.json
A10024530,31240,GGB233000063,동원.다원중,36033,37.2121333,127.1035833,37.2121333,127.1035833,0.0,452.6178618456538,500,False,,,,,,ai_draft,,,,evidence/citycode/getCtyCodeList_raw.json
A10024577,31180,GGB227000353,위례호반써밋.힐스테이트센트럴위례,28586,37.4853833,127.15305,37.4853833,127.15305,0.0,266.51070370257224,500,False,,,,,,ai_draft,,,,evidence/citycode/getCtyCodeList_raw.json
A10024577,31180,GGB227000345,위례호반써밋.힐스테이트센트럴위례,28578,37.48475,127.154,37.48475,127.154,0.0,363.1057325869341,500,False,,,,,,ai_draft,,,,evidence/citycode/getCtyCodeList_raw.json
A10024577,31180,GGB227000352,위례숲우미린,28585,37.4847667,127.1559167,37.4847667,127.1559167,0.0,462.1773051615273,500,False,,,,,,ai_draft,,,,evidence/citycode/getCtyCodeList_raw.json
A10024577,31180,GGB227000346,위례숲우미린,28579,37.4843833,127.1569167,37.4843833,127.1569167,0.0,555.8980672682675,500,False,,,,,,ai_draft,,,,evidence/citycode/getCtyCodeList_raw.json
A10024577,31180,GGB227000348,위례로제비앙.단독주택단지,28581,37.4880833,127.1587,37.4880833,127.1587,0.0,577.1840569918392,500,False,,,,,,ai_draft,,,,evidence/citycode/getCtyCodeList_raw.json
A10024577,31180,GGB227000349,위례로제비앙.단독주택단지,28582,37.4874833,127.15895,37.4874833,127.15895,0.0,597.8754381377224,500,False,,,,,,ai_draft,,,,evidence/citycode/getCtyCodeList_raw.json
A10024592,31240,GGB233000114,행복주택35단지,55748,37.1668,127.1211833,37.1668,127.1211833,0.0,283.31806792730475,500,False,,,,,,ai_draft,,,,evidence/citycode/getCtyCodeList_raw.json
A10024592,31240,GGB233000090,행복주택35단지,55731,37.167,127.1211167,37.167,127.1211167,0.0,305.7322096296645,500,False,,,,,,ai_draft,,,,evidence/citycode/getCtyCodeList_raw.json
A10024592,31240,GGB233003167,동탄2아이파크1단지,55564,37.1613667,127.1199167,37.1613667,127.1199167,0.0,342.1347789961063,500,False,,,,,,ai_draft,,,,evidence/citycode/getCtyCodeList_raw.json
A10024592,31240,GGB233003134,동탄2아이파크1단지,55530,37.1613167,127.1194667,37.1613167,127.1194667,0.0,362.9141729049444,500,False,,,,,,ai_draft,,,,evidence/citycode/getCtyCodeList_raw.json
A10024592,31240,GGB233000084,세정초남측,55730,37.1667,127.1241167,37.1667,127.1241167,0.0,371.93291899181406,500,False,,,,,,ai_draft,,,,evidence/citycode/getCtyCodeList_raw.json
A10024592,31240,GGB233000119,세정초남측,55749,37.1664167,127.1245167,37.1664167,127.1245167,0.0,376.04672825759593,500,False,,,,,,ai_draft,,,,evidence/citycode/getCtyCodeList_raw.json
A10024637,31230,GGB277102420,뉴고려병원(미정차),0,37.63915,126.6644667,37.63915,126.6644667,0.0,253.6326702318311,500,False,,,,,,ai_draft,,,,evidence/citycode/getCtyCodeList_raw.json
A10024637,31230,GGB232000821,중흥s클래스후문,35733,37.6377,126.6677333,37.6377,126.6677333,0.0,323.3698987802876,500,False,,,,,,ai_draft,,,,evidence/citycode/getCtyCodeList_raw.json
A10024637,31230,GGB232000816,중흥s클래스후문,35728,37.6371667,126.6678667,37.6371667,126.6678667,0.0,323.5288070986644,500,False,,,,,,ai_draft,,,,evidence/citycode/getCtyCodeList_raw.json
A10024637,31230,GGB232000548,고창마을.반도유보라후문,35504,37.6399667,126.66365,37.6399667,126.66365,0.0,346.97131765493793,500,False,,,,,,ai_draft,,,,evidence/citycode/getCtyCodeList_raw.json
A10024637,31230,GGB232000547,타운하우스,35506,37.6401667,126.6625,37.6401667,126.6625,0.0,395.4880658313568,500,False,,,,,,ai_draft,,,,evidence/citycode/getCtyCodeList_raw.json
A10024637,31230,GGB232000549,우미린.반도유보라아파트,35494,37.6403,126.6659,37.6403,126.6659,0.0,408.5457383175467,500,False,,,,,,ai_draft,,,,evidence/citycode/getCtyCodeList_raw.json
A10024706,31240,GGB233000063,동원.다원중,36033,37.2121333,127.1035833,37.2121333,127.1035833,0.0,93.30458447302448,500,False,,,,,,ai_draft,,,,evidence/citycode/getCtyCodeList_raw.json
A10024706,31240,GGB233001902,동원.다원중,37073,37.2117833,127.1032667,37.2117833,127.1032667,0.0,139.71436450991445,500,False,,,,,,ai_draft,,,,evidence/citycode/getCtyCodeList_raw.json
A10024706,31240,GGB277104811,현대트랜시스진입전(미정차),0,37.2137333,127.1007667,37.2137333,127.1007667,0.0,347.0934265166157,500,False,,,,,,ai_draft,,,,evidence/citycode/getCtyCodeList_raw.json
A10024706,31240,GGB233002431,동탄2파출소.농협,55307,37.2095,127.1043833,37.2095,127.1043833,0.0,348.0093145237537,500,False,,,,,,ai_draft,,,,evidence/citycode/getCtyCodeList_raw.json
A10024706,31240,GGB233001924,동원로얄듀크,55927,37.2095333,127.1025,37.2095333,127.1025,0.0,384.4872862298402,500,False,,,,,,ai_draft,,,,evidence/citycode/getCtyCodeList_raw.json
A10024706,31240,GGB233001166,동탄2파출소.농협,36470,37.2091833,127.1049,37.2091833,127.1049,0.0,385.4222064080796,500,False,,,,,,ai_draft,,,,evidence/citycode/getCtyCodeList_raw.json
A10024732,31240,GGB233002288,세정초.하우스디,37086,37.1676,127.1248,37.1676,127.1248,0.0,204.14956337062128,500,False,,,,,,ai_draft,,,,evidence/citycode/getCtyCodeList_raw.json
A10024732,31240,GGB233000123,세정초.하우스디,55751,37.16785,127.1244333,37.16785,127.1244333,0.0,213.07900706074489,500,False,,,,,,ai_draft,,,,evidence/citycode/getCtyCodeList_raw.json
A10024732,31240,GGB233003174,반도10차,55701,37.1664167,127.1271667,37.1664167,127.1271667,0.0,278.1153336103565,500,False,,,,,,ai_draft,,,,evidence/citycode/getCtyCodeList_raw.json
A10024732,31240,GGB233000170,반도10차,55750,37.1663333,127.1273667,37.1663333,127.1273667,0.0,291.4454495998725,500,False,,,,,,ai_draft,,,,evidence/citycode/getCtyCodeList_raw.json
A10024732,31240,GGB233000084,세정초남측,55730,37.1667,127.1241167,37.1667,127.1241167,0.0,318.3598533786269,500,False,,,,,,ai_draft,,,,evidence/citycode/getCtyCodeList_raw.json
A10024732,31240,GGB233000119,세정초남측,55749,37.1664167,127.1245167,37.1664167,127.1245167,0.0,322.29596027721215,500,False,,,,,,ai_draft,,,,evidence/citycode/getCtyCodeList_raw.json
A10024759,31240,GGB233000328,쎈트럴써밋,55800,37.1741,127.12135,37.1741,127.12135,0.0,109.57837173134624,500,False,,,,,,ai_draft,,,,evidence/citycode/getCtyCodeList_raw.json
A10024759,31240,GGB233000327,쎈트럴써밋,55799,37.1738167,127.1212667,37.1738167,127.1212667,0.0,133.517098155684,500,False,,,,,,ai_draft,,,,evidence/citycode/getCtyCodeList_raw.json
A10024759,31240,GGB233001608,서희스타힐스.단독주택,37654,37.1734167,127.12005,37.1734167,127.12005,0.0,247.39102572295303,500,False,,,,,,ai_draft,,,,evidence/citycode/getCtyCodeList_raw.json
A10024759,31240,GGB233001572,서희스타힐스.단독주택,55488,37.1733167,127.1195333,37.1733167,127.1195333,0.0,292.5890202604059,500,False,,,,,,ai_draft,,,,evidence/citycode/getCtyCodeList_raw.json
A10024759,31240,GGB233000332,디루체,55803,37.1738833,127.12575,37.1738833,127.12575,0.0,304.1307333779489,500,False,,,,,,ai_draft,,,,evidence/citycode/getCtyCodeList_raw.json
A10024759,31240,GGB233000333,디루체,55804,37.1742,127.1260833,37.1742,127.1260833,0.0,326.3818415318713,500,False,,,,,,ai_draft,,,,evidence/citycode/getCtyCodeList_raw.json
A10024790,31230,GGB232000817,구래동행정복지센터,35729,37.64565,126.6225,37.64565,126.6225,0.0,94.60323220063732,500,False,,,,,,ai_draft,,,,evidence/citycode/getCtyCodeList_raw.json
A10024790,31230,GGB232000822,구래동행정복지센터,35734,37.6451,126.6215667,37.6451,126.6215667,0.0,186.6236407153039,500,False,,,,,,ai_draft,,,,evidence/citycode/getCtyCodeList_raw.json
A10024790,31230,GGB232000944,LH한가람마을2단지,35894,37.6456333,126.6199667,37.6456333,126.6199667,0.0,265.6952178005303,500,False,,,,,,ai_draft,,,,evidence/citycode/getCtyCodeList_raw.json
A10024790,31230,GGB232000027,한강반도유보라5차,35590,37.6461167,126.6264167,37.6461167,126.6264167,0.0,321.32454500216244,500,False,,,,,,ai_draft,,,,evidence/citycode/getCtyCodeList_raw.json
A10024790,31230,GGB232000236,구래3리,35094,37.6464333,126.6189167,37.6464333,126.6189167,0.0,341.4119087570267,500,False,,,,,,ai_draft,,,,evidence/citycode/getCtyCodeList_raw.json
A10024790,31230,GGB232000073,한강반도유보라5차,35473,37.6465,126.6267333,37.6465,126.6267333,0.0,346.8292908832165,500,False,,,,,,ai_draft,,,,evidence/citycode/getCtyCodeList_raw.json
A10024817,31020,GGB204000015,위례역푸르지오4단지,5113,37.4676167,127.14055,37.4676167,127.14055,0.0,116.5134029100481,500,False,,,,,,ai_draft,,,,evidence/citycode/getCtyCodeList_raw.json
A10024817,31020,GGB204000310,위례서일로마을동측,5283,37.4672,127.1391167,37.4672,127.1391167,0.0,210.13789458950575,500,False,,,,,,ai_draft,,,,evidence/citycode/getCtyCodeList_raw.json
A10024817,31020,GGB204000315,위례서일로마을동측,5301,37.4673333,127.1390167,37.4673333,127.1390167,0.0,221.89309914888176,500,False,,,,,,ai_draft,,,,evidence/citycode/getCtyCodeList_raw.json
A10024817,31020,GGB204000090,밀리토피아시티.위례역푸르지오,5180,37.46735,127.14405,37.46735,127.14405,0.0,235.2667424306732,500,False,,,,,,ai_draft,,,,evidence/citycode/getCtyCodeList_raw.json
A10024817,31020,GGB204000097,위례래미안이편한세상.힐스테이트위례,5060,37.4671167,127.1442667,37.4671167,127.1442667,0.0,249.5791075406708,500,False,,,,,,ai_draft,,,,evidence/citycode/getCtyCodeList_raw.json
A10024817,31020,GGB204000331,남위례역.창곡교차로,5321,37.4642,127.1413833,37.4642,127.1413833,0.0,295.4087316163109,500,False,,,,,,ai_draft,,,,evidence/citycode/getCtyCodeList_raw.json
A10024841,31240,GGB233000114,행복주택35단지,55748,37.1668,127.1211833,37.1668,127.1211833,0.0,72.84434003224202,500,False,,,,,,ai_draft,,,,evidence/citycode/getCtyCodeList_raw.json
A10024841,31240,GGB233000090,행복주택35단지,55731,37.167,127.1211167,37.167,127.1211167,0.0,93.47880126662872,500,False,,,,,,ai_draft,,,,evidence/citycode/getCtyCodeList_raw.json
A10024841,31240,GGB233000084,세정초남측,55730,37.1667,127.1241167,37.1667,127.1241167,0.0,212.4266312239217,500,False,,,,,,ai_draft,,,,evidence/citycode/getCtyCodeList_raw.json
A10024841,31240,GGB233000119,세정초남측,55749,37.1664167,127.1245167,37.1664167,127.1245167,0.0,244.1400792317729,500,False,,,,,,ai_draft,,,,evidence/citycode/getCtyCodeList_raw.json
A10024841,31240,GGB233000110,호수공원행복주택,55747,37.1676167,127.1190333,37.1676167,127.1190333,0.0,280.72315692353504,500,False,,,,,,ai_draft,,,,evidence/citycode/getCtyCodeList_raw.json
A10024841,31240,GGB233000123,세정초.하우스디,55751,37.16785,127.1244333,37.16785,127.1244333,0.0,290.3811044343114,500,False,,,,,,ai_draft,,,,evidence/citycode/getCtyCodeList_raw.json
A10024843,31240,GGB233002498,에일린의뜰.중흥S클래스,55405,37.1871833,127.0869333,37.1871833,127.0869333,0.0,233.55506515926487,500,False,,,,,,ai_draft,,,,evidence/citycode/getCtyCodeList_raw.json
A10024843,31240,GGB233002499,중흥S클래스.에일린의뜰,55410,37.1868833,127.08675,37.1868833,127.08675,0.0,254.21912676234425,500,False,,,,,,ai_draft,,,,evidence/citycode/getCtyCodeList_raw.json
A10024843,31240,GGB233001447,동탄국제고등학교,36676,37.1890167,127.0794667,37.1890167,127.0794667,0.0,531.2444738043,500,False,,,,,,ai_draft,,,,evidence/citycode/getCtyCodeList_raw.json
A10024843,31240,GGB233001455,동탄국제고등학교,36677,37.1890667,127.0791833,37.1890667,127.0791833,0.0,556.4722807829412,500,False,,,,,,ai_draft,,,,evidence/citycode/getCtyCodeList_raw.json
A10024843,31240,GGB233002496,더샵센트럴시티2차.행복주택,55404,37.1869,127.0914167,37.1869,127.0914167,0.0,573.5512564520819,500,False,,,,,,ai_draft,,,,evidence/citycode/getCtyCodeList_raw.json
A10024843,31240,GGB233002383,동탄2신도시홍보관,37659,37.1942,127.0845,37.1942,127.0845,0.0,592.5380542016935,500,False,,,,,,ai_draft,,,,evidence/citycode/getCtyCodeList_raw.json
A10024890,31180,GGB227000070,힐즈파크푸르지오1단지,28024,37.5441167,127.1925167,37.5441167,127.1925167,0.0,72.77637813832987,500,False,,,,,,ai_draft,,,,evidence/citycode/getCtyCodeList_raw.json
A10024890,31180,GGB227000709,힐즈파크푸르지오1단지,28556,37.5440667,127.1922667,37.5440667,127.1922667,0.0,91.09571177557444,500,False,,,,,,ai_draft,,,,evidence/citycode/getCtyCodeList_raw.json
A10024890,31180,GGB227000325,테크노밸리U1센터,28247,37.5456333,127.1921333,37.5456333,127.1921333,0.0,224.62690886494644,500,False,,,,,,ai_draft,,,,evidence/citycode/getCtyCodeList_raw.json
A10024890,31180,GGB227000708,테크노밸리U1센터,28555,37.5457333,127.1923333,37.5457333,127.1923333,0.0,227.82683503766705,500,False,,,,,,ai_draft,,,,evidence/citycode/getCtyCodeList_raw.json
A10024890,31180,GGB227000249,온천마을.테크노밸리U1.힐즈파크푸르지오(중),28273,37.54685,127.19475,37.54685,127.19475,0.0,362.1125000622687,500,False,,,,,,ai_draft,,,,evidence/citycode/getCtyCodeList_raw.json
A10024890,31180,GGB227000141,힐즈파크푸르지오.테크노밸리U1센터.온천마을,28173,37.5467,127.1953333,37.5467,127.1953333,0.0,369.3136772979855,500,False,,,,,,ai_draft,,,,evidence/citycode/getCtyCodeList_raw.json
A10025005,31240,GGB233001641,반도5차,55485,37.1941667,127.0908,37.1941667,127.0908,0.0,297.59499255880934,500,False,,,,,,ai_draft,,,,evidence/citycode/getCtyCodeList_raw.json
A10025005,31240,GGB233001638,반도5차,55484,37.1944667,127.09145,37.1944667,127.09145,0.0,308.45770181772616,500,False,,,,,,ai_draft,,,,evidence/citycode/getCtyCodeList_raw.json
A10025005,31240,GGB233001628,반도5차.파라곤,55491,37.1964,127.0925167,37.1964,127.0925167,0.0,315.0435822276215,500,False,,,,,,ai_draft,,,,evidence/citycode/getCtyCodeList_raw.json
A10025005,31240,GGB233001625,반도5차.파라곤,37687,37.1964167,127.0930167,37.1964167,127.0930167,0.0,359.3319948095034,500,False,,,,,,ai_draft,,,,evidence/citycode/getCtyCodeList_raw.json
A10025005,31240,GGB233001634,디에트르퍼스티지,55495,37.1991667,127.0925167,37.1991667,127.0925167,0.0,439.8711269415138,500,False,,,,,,ai_draft,,,,evidence/citycode/getCtyCodeList_raw.json
A10025005,31240,GGB233002382,동탄2신도시홍보관,37660,37.1944667,127.0845167,37.1944667,127.0845167,0.0,448.7590582461815,500,False,,,,,,ai_draft,,,,evidence/citycode/getCtyCodeList_raw.json
A10025020,31240,GGB233002072,레이크자연앤푸르지오,55592,37.16495,127.1011667,37.16495,127.1011667,0.0,155.05080741604647,500,False,,,,,,ai_draft,,,,evidence/citycode/getCtyCodeList_raw.json
A10025020,31240,GGB233002124,경기도시공사동탄사업단,55593,37.1654833,127.1018,37.1654833,127.1018,0.0,170.12371970639336,500,False,,,,,,ai_draft,,,,evidence/citycode/getCtyCodeList_raw.json
A10025020,31240,GGB233000092,계룡리슈빌,55734,37.1655,127.1046333,37.1655,127.1046333,0.0,246.1751013044017,500,False,,,,,,ai_draft,,,,evidence/citycode/getCtyCodeList_raw.json
A10025020,31240,GGB233000091,동탄그랑파사쥬,55733,37.1658333,127.1047,37.1658333,127.1047,0.0,275.7853057517938,500,False,,,,,,ai_draft,,,,evidence/citycode/getCtyCodeList_raw.json
A10025020,31240,GGB233000226,한화포레나,55763,37.1646833,127.0987333,37.1646833,127.0987333,0.0,342.3851912139536,500,False,,,,,,ai_draft,,,,evidence/citycode/getCtyCodeList_raw.json
A10025020,31240,GGB233000227,한화포레나,55764,37.1649667,127.0986833,37.1649667,127.0986833,0.0,354.328558292883,500,False,,,,,,ai_draft,,,,evidence/citycode/getCtyCodeList_raw.json
A10025059,31230,GGB232000866,중흥S클래스.호반더퍼스트,35813,37.65225,126.6691167,37.65225,126.6691167,0.0,105.5307753845377,500,False,,,,,,ai_draft,,,,evidence/citycode/getCtyCodeList_raw.json
A10025059,31230,GGB232000368,장기본동행정복지센터,35204,37.6527667,126.6715333,37.6527667,126.6715333,0.0,114.8615007563935,500,False,,,,,,ai_draft,,,,evidence/citycode/getCtyCodeList_raw.json
A10025059,31230,GGB232000420,장기본동행정복지센터.성창.에일린의뜰,35206,37.65315,126.6717333,37.65315,126.6717333,0.0,147.18234943094782,500,False,,,,,,ai_draft,,,,evidence/citycode/getCtyCodeList_raw.json
A10025059,31230,GGB232000316,청송1단지.중흥S클래스,35203,37.6510333,126.6707,37.6510333,126.6707,0.0,168.62706142774795,500,False,,,,,,ai_draft,,,,evidence/citycode/getCtyCodeList_raw.json
A10025059,31230,GGB232000317,청송1단지.중흥S클래스,35202,37.6509333,126.6709167,37.6509333,126.6709167,0.0,184.4553028690657,500,False,,,,,,ai_draft,,,,evidence/citycode/getCtyCodeList_raw.json
A10025059,31230,GGB232000730,한강로사거리,35291,37.6506667,126.6737167,37.6506667,126.6737167,0.0,366.2938122945884,500,False,,,,,,ai_draft,,,,evidence/citycode/getCtyCodeList_raw.json
A10025066,31130,GGB222000299,신안인스빌2차,23181,37.6023667,127.1743,37.6023667,127.1743,0.0,187.7731743401204,500,False,,,,,,ai_draft,,,,evidence/citycode/getCtyCodeList_raw.json
A10025066,31130,GGB222000304,신안인스빌2차,23179,37.6023833,127.1739167,37.6023833,127.1739167,0.0,219.6621644578324,500,False,,,,,,ai_draft,,,,evidence/citycode/getCtyCodeList_raw.json
A10025066,31130,GGB222001953,금강펜테리움1차,49832,37.6007167,127.17415,37.6007167,127.17415,0.0,308.32978731988453,500,False,,,,,,ai_draft,,,,evidence/citycode/getCtyCodeList_raw.json
A10025066,31130,GGB222001952,금강펜테리움1차,49831,37.6007,127.1737667,37.6007,127.1737667,0.0,331.75747522945954,500,False,,,,,,ai_draft,,,,evidence/citycode/getCtyCodeList_raw.json
A10025066,31130,GGB222000298,남양주체육문화센터.에일린의뜰,23183,37.6055667,127.17435,37.6055667,127.17435,0.0,345.1096508226625,500,False,,,,,,ai_draft,,,,evidence/citycode/getCtyCodeList_raw.json
A10025066,31130,GGB222000305,남양주체육문화센터.에일린의뜰,23182,37.6056,127.174,37.6056,127.174,0.0,364.7108955112956,500,False,,,,,,ai_draft,,,,evidence/citycode/getCtyCodeList_raw.json
A10025093,31240,GGB233003092,우미린2차.호수부영3차,55419,37.17135,127.1064167,37.17135,127.1064167,0.0,141.3411578026587,500,False,,,,,,ai_draft,,,,evidence/citycode/getCtyCodeList_raw.json
A10025093,31240,GGB233002262,하우스디더레이크.우미린,55476,37.1726167,127.1054833,37.1726167,127.1054833,0.0,145.27203196136796,500,False,,,,,,ai_draft,,,,evidence/citycode/getCtyCodeList_raw.json
A10025093,31240,GGB233002260,우미린.하우스디더레이크,55474,37.17235,127.10335,37.17235,127.10335,0.0,166.54456368885295,500,False,,,,,,ai_draft,,,,evidence/citycode/getCtyCodeList_raw.json
A10025093,31240,GGB233003093,호수부영3차.우미린2차,55420,37.1716667,127.1070833,37.1716667,127.1070833,0.0,202.04888599049204,500,False,,,,,,ai_draft,,,,evidence/citycode/getCtyCodeList_raw.json
A10025093,31240,GGB233001954,호수부영3차,55567,37.1723333,127.1081667,37.1723333,127.1081667,0.0,313.0855426202779,500,False,,,,,,ai_draft,,,,evidence/citycode/getCtyCodeList_raw.json
A10025093,31240,GGB233002261,방교초.레이크자이더테라스,55475,37.17265,127.10135,37.17265,127.10135,0.0,336.796475004301,500,False,,,,,,ai_draft,,,,evidence/citycode/getCtyCodeList_raw.json
A10025183,31240,GGB233003126,아이원.호수자이파밀리에,55522,37.1610167,127.1047833,37.1610167,127.1047833,0.0,100.06940497308656,500,False,,,,,,ai_draft,,,,evidence/citycode/getCtyCodeList_raw.json
A10025183,31240,GGB233003132,호수자이파밀리에.아이원,55528,37.1607333,127.1052,37.1607333,127.1052,0.0,141.39479538443277,500,False,,,,,,ai_draft,,,,evidence/citycode/getCtyCodeList_raw.json
A10025183,31240,GGB233001602,금호어울림2차,37047,37.1611333,127.1008,37.1611333,127.1008,0.0,253.1517452954367,500,False,,,,,,ai_draft,,,,evidence/citycode/getCtyCodeList_raw.json
A10025183,31240,GGB233001587,금호어울림2차,37042,37.16095,127.1006333,37.16095,127.1006333,0.0,267.98982216300345,500,False,,,,,,ai_draft,,,,evidence/citycode/getCtyCodeList_raw.json
A10025183,31240,GGB233003131,호수자이파밀리에,55527,37.1592167,127.1060333,37.1592167,127.1060333,0.0,293.2624690778327,500,False,,,,,,ai_draft,,,,evidence/citycode/getCtyCodeList_raw.json
A10025183,31240,GGB233003163,호수자이파밀리에,55560,37.1590667,127.1059167,37.1590667,127.1059167,0.0,298.050826104486,500,False,,,,,,ai_draft,,,,evidence/citycode/getCtyCodeList_raw.json
A10025276,31240,GGB233002060,늘봄초교.파크푸르지오,55030,37.2163667,127.1111833,37.2163667,127.1111833,0.0,61.53707318149714,500,False,,,,,,ai_draft,,,,evidence/citycode/getCtyCodeList_raw.json
A10025276,31240,GGB233002187,파크푸르지오.한양수자인,55612,37.21675,127.1127167,37.21675,127.1127167,0.0,133.58021886431692,500,False,,,,,,ai_draft,,,,evidence/citycode/getCtyCodeList_raw.json
A10025276,31240,GGB233002182,한양수자인.파크푸르지오,55611,37.21665,127.1128333,37.21665,127.1128333,0.0,134.4205469531161,500,False,,,,,,ai_draft,,,,evidence/citycode/getCtyCodeList_raw.json
A10025276,31240,GGB233002169,LH1단지.한양수자인,55605,37.2167667,127.11425,37.2167667,127.11425,0.0,251.33765085618992,500,False,,,,,,ai_draft,,,,evidence/citycode/getCtyCodeList_raw.json
A10025276,31240,GGB233002173,LH1단지.한양수자인,55606,37.2169,127.1148,37.2169,127.1148,0.0,302.1000272012097,500,False,,,,,,ai_draft,,,,evidence/citycode/getCtyCodeList_raw.json
A10025276,31240,GGB233002178,다원초.파크자이,55775,37.2123667,127.1118333,37.2123667,127.1118333,0.0,396.8666324478045,500,False,,,,,,ai_draft,,,,evidence/citycode/getCtyCodeList_raw.json
A10025306,31130,GGB222000835,다산역4번출구.경기행복주택,23035,37.6253,127.1487667,37.6253,127.1487667,0.0,70.78699259082624,500,False,,,,,,ai_draft,,,,evidence/citycode/getCtyCodeList_raw.json
A10025306,31130,GGB222000856,다산역4번출구.경기행복주택,23036,37.6250833,127.1488667,37.6250833,127.1488667,0.0,96.42958261555194,500,False,,,,,,ai_draft,,,,evidence/citycode/getCtyCodeList_raw.json
A10025306,31130,GGB222001475,다산진건데시앙.경기행복주택,49392,37.6263667,127.1473333,37.6263667,127.1473333,0.0,116.28161894423891,500,False,,,,,,ai_draft,,,,evidence/citycode/getCtyCodeList_raw.json
A10025306,31130,GGB222000872,다산역5번출구.다산진건데시앙,49922,37.6266667,127.1497167,37.6266667,127.1497167,0.0,135.2938601880191,500,False,,,,,,ai_draft,,,,evidence/citycode/getCtyCodeList_raw.json
A10025306,31130,GGB222000818,다산하늘초.한양수자인1차후문,49203,37.6266667,127.1471667,37.6266667,127.1471667,0.0,146.0604649470294,500,False,,,,,,ai_draft,,,,evidence/citycode/getCtyCodeList_raw.json
A10025306,31130,GGB222000873,다산역5번출구.다산자이아이비플레이스,49923,37.6268,127.1499167,37.6268,127.1499167,0.0,158.30862950146977,500,False,,,,,,ai_draft,,,,evidence/citycode/getCtyCodeList_raw.json
A10025312,31240,GGB233001754,아이파크.센트럴시티,55505,37.1655167,127.1093167,37.1655167,127.1093167,0.0,113.8189191367472,500,False,,,,,,ai_draft,,,,evidence/citycode/getCtyCodeList_raw.json
A10025312,31240,GGB233001753,센트럴시티.아이파크,55504,37.1658833,127.1091167,37.1658833,127.1091167,0.0,145.66887478711334,500,False,,,,,,ai_draft,,,,evidence/citycode/getCtyCodeList_raw.json
A10025312,31240,GGB233003127,금호어울림.계룡리슈빌,55523,37.1639,127.10695,37.1639,127.10695,0.0,175.15244993476983,500,False,,,,,,ai_draft,,,,evidence/citycode/getCtyCodeList_raw.json
A10025312,31240,GGB277103991,호수공원아이파크(미정차),0,37.1655333,127.1069,37.1655333,127.1069,0.0,190.3820953535265,500,False,,,,,,ai_draft,,,,evidence/citycode/getCtyCodeList_raw.json
A10025312,31240,GGB233003137,계룡리슈빌.금호어울림,55533,37.16465,127.10645,37.16465,127.10645,0.0,200.49680319894503,500,False,,,,,,ai_draft,,,,evidence/citycode/getCtyCodeList_raw.json
A10025312,31240,GGB233002445,금호어울림레이크.우남더테라스,55661,37.1621833,127.1076667,37.1621833,127.1076667,0.0,285.67076412791107,500,False,,,,,,ai_draft,,,,evidence/citycode/getCtyCodeList_raw.json
A10025316,31230,GGB232000734,하늘빛마을,35655,37.6518667,126.69005,37.6518667,126.69005,0.0,387.3416595732848,500,False,,,,,,ai_draft,,,,evidence/citycode/getCtyCodeList_raw.json
A10025316,31230,GGB232000727,운양역,35650,37.6536833,126.6851333,37.6536833,126.6851333,0.0,412.6988668754851,500,False,,,,,,ai_draft,,,,evidence/citycode/getCtyCodeList_raw.json
A10025316,31230,GGB232000731,하늘빛마을,35653,37.6519667,126.6903167,37.6519667,126.6903167,0.0,413.21050338023406,500,False,,,,,,ai_draft,,,,evidence/citycode/getCtyCodeList_raw.json
A10025316,31230,GGB232000010,운양역2번출구,35088,37.65395,126.6847833,37.65395,126.6847833,0.0,449.5193497802177,500,False,,,,,,ai_draft,,,,evidence/citycode/getCtyCodeList_raw.json
A10025316,31230,GGB232000726,운양역,35649,37.6538167,126.6826667,37.6538167,126.6826667,0.0,522.5642800710691,500,False,,,,,,ai_draft,,,,evidence/citycode/getCtyCodeList_raw.json
A10025316,31230,GGB232000744,전원마을1단지.김포한강롯데캐슬,35578,37.6454667,126.6836167,37.6454667,126.6836167,0.0,563.979324074178,500,False,,,,,,ai_draft,,,,evidence/citycode/getCtyCodeList_raw.json
A10025331,31130,GGB222001013,자연앤e편한세상3차,49095,37.6197,127.1548167,37.6197,127.1548167,0.0,123.26215088113136,500,False,,,,,,ai_draft,,,,evidence/citycode/getCtyCodeList_raw.json
A10025331,31130,GGB222000917,자연앤e편한세상3차정문,49782,37.62045,127.15715,37.62045,127.15715,0.0,130.20790428904098,500,False,,,,,,ai_draft,,,,evidence/citycode/getCtyCodeList_raw.json
A10025331,31130,GGB222000831,자연앤e편한세상3차,49041,37.6189833,127.1548333,37.6189833,127.1548333,0.0,136.1632130843765,500,False,,,,,,ai_draft,,,,evidence/citycode/getCtyCodeList_raw.json
A10025331,31130,GGB222000918,e편한세상다산정문,49783,37.62065,127.1555,37.62065,127.1555,0.0,137.05873365562294,500,False,,,,,,ai_draft,,,,evidence/citycode/getCtyCodeList_raw.json
A10025331,31130,GGB222001423,e편한세상자이,49366,37.61945,127.1544333,37.61945,127.1544333,0.0,156.3047435710623,500,False,,,,,,ai_draft,,,,evidence/citycode/getCtyCodeList_raw.json
A10025331,31130,GGB222000956,유승한내들.e편한세상자이,49784,37.62045,127.1538167,37.62045,127.1538167,0.0,232.7919732586617,500,False,,,,,,ai_draft,,,,evidence/citycode/getCtyCodeList_raw.json
A10025360,31240,GGB233002169,LH1단지.한양수자인,55605,37.2167667,127.11425,37.2167667,127.11425,0.0,42.76267235220381,500,False,,,,,,ai_draft,,,,evidence/citycode/getCtyCodeList_raw.json
A10025360,31240,GGB233002173,LH1단지.한양수자인,55606,37.2169,127.1148,37.2169,127.1148,0.0,84.56046390516607,500,False,,,,,,ai_draft,,,,evidence/citycode/getCtyCodeList_raw.json
A10025360,31240,GGB233002182,한양수자인.파크푸르지오,55611,37.21665,127.1128333,37.21665,127.1128333,0.0,112.7037086722319,500,False,,,,,,ai_draft,,,,evidence/citycode/getCtyCodeList_raw.json
A10025360,31240,GGB233002187,파크푸르지오.한양수자인,55612,37.21675,127.1127167,37.21675,127.1127167,0.0,125.64710645320426,500,False,,,,,,ai_draft,,,,evidence/citycode/getCtyCodeList_raw.json
A10025360,31240,GGB233002060,늘봄초교.파크푸르지오,55030,37.2163667,127.1111833,37.2163667,127.1111833,0.0,255.64992764640056,500,False,,,,,,ai_draft,,,,evidence/citycode/getCtyCodeList_raw.json
A10025360,31240,GGB277104709,고매1교(미정차),0,37.2193833,127.1179333,37.2193833,127.1179333,0.0,475.7642741429147,500,False,,,,,,ai_draft,,,,evidence/citycode/getCtyCodeList_raw.json
A10025361,31240,GGB233002383,동탄2신도시홍보관,37659,37.1942,127.0845,37.1942,127.0845,0.0,320.40400428591755,500,False,,,,,,ai_draft,,,,evidence/citycode/getCtyCodeList_raw.json
A10025361,31240,GGB233002382,동탄2신도시홍보관,37660,37.1944667,127.0845167,37.1944667,127.0845167,0.0,349.51071168065886,500,False,,,,,,ai_draft,,,,evidence/citycode/getCtyCodeList_raw.json
A10025361,31240,GGB233001962,사랑의교회,55130,37.1935833,127.08085,37.1935833,127.08085,0.0,448.4594138063256,500,False,,,,,,ai_draft,,,,evidence/citycode/getCtyCodeList_raw.json
A10025361,31240,GGB233001706,월드반도,37697,37.1931,127.0804167,37.1931,127.0804167,0.0,455.55580521748186,500,False,,,,,,ai_draft,,,,evidence/citycode/getCtyCodeList_raw.json
A10025361,31240,GGB233002498,에일린의뜰.중흥S클래스,55405,37.1871833,127.0869333,37.1871833,127.0869333,0.0,492.3225691642724,500,False,,,,,,ai_draft,,,,evidence/citycode/getCtyCodeList_raw.json
A10025361,31240,GGB233002499,중흥S클래스.에일린의뜰,55410,37.1868833,127.08675,37.1868833,127.08675,0.0,518.9803738854753,500,False,,,,,,ai_draft,,,,evidence/citycode/getCtyCodeList_raw.json
A10025393,31130,GGB222001923,다산e편한세상더퍼스트,49793,37.6160833,127.1567167,37.6160833,127.1567167,0.0,64.49895294907911,500,False,,,,,,ai_draft,,,,evidence/citycode/getCtyCodeList_raw.json
A10025393,31130,GGB222001928,다산e편한세상더퍼스트,49798,37.6159333,127.1568,37.6159333,127.1568,0.0,76.20050868760299,500,False,,,,,,ai_draft,,,,evidence/citycode/getCtyCodeList_raw.json
A10025393,31130,GGB222001026,다산e편한세상더퍼스트.현대프리미엄아울렛,49086,37.6163667,127.1548833,37.6163667,127.1548833,0.0,100.0418159160304,500,False,,,,,,ai_draft,,,,evidence/citycode/getCtyCodeList_raw.json
A10025393,31130,GGB222001024,현대프리미엄아울렛.다산e편한세상더퍼스트,49125,37.6163,127.1544833,37.6163,127.1544833,0.0,133.84351051536325,500,False,,,,,,ai_draft,,,,evidence/citycode/getCtyCodeList_raw.json
A10025393,31130,GGB222001926,행정복지센터.남양주시복지재단,49796,37.6149333,127.1556667,37.6149333,127.1556667,0.0,142.34464627141685,500,False,,,,,,ai_draft,,,,evidence/citycode/getCtyCodeList_raw.json
A10025393,31130,GGB222001945,미금중학교.동원베네스트아파트,23111,37.6156,127.1579333,37.6156,127.1579333,0.0,182.66764369431448,500,False,,,,,,ai_draft,,,,evidence/citycode/getCtyCodeList_raw.json
A10025435,31130,GGB222001959,신안인스빌.금강펜테리움2차,49838,37.5966833,127.1702667,37.5966833,127.1702667,0.0,139.73714769935663,500,False,,,,,,ai_draft,,,,evidence/citycode/getCtyCodeList_raw.json
A10025435,31130,GGB222001569,수석토성입구,49465,37.59465,127.1719333,37.59465,127.1719333,0.0,141.39598169548628,500,False,,,,,,ai_draft,,,,evidence/citycode/getCtyCodeList_raw.json
A10025435,31130,GGB222001570,수석토성입구,49466,37.5944833,127.172,37.5944833,127.172,0.0,158.25663398855926,500,False,,,,,,ai_draft,,,,evidence/citycode/getCtyCodeList_raw.json
A10025435,31130,GGB222001958,금강펜테리움2차.신안인스빌,49837,37.5968667,127.1702833,37.5968667,127.1702833,0.0,159.04619897918224,500,False,,,,,,ai_draft,,,,evidence/citycode/getCtyCodeList_raw.json
A10025435,31130,GGB222001956,한강DIMC테라타워,49835,37.5967333,127.1722667,37.5967333,127.1722667,0.0,195.37675825375567,500,False,,,,,,ai_draft,,,,evidence/citycode/getCtyCodeList_raw.json
A10025435,31130,GGB222001957,한강DIMC테라타워,49836,37.5965167,127.17275,37.5965167,127.17275,0.0,213.2653727120276,500,False,,,,,,ai_draft,,,,evidence/citycode/getCtyCodeList_raw.json
A10025469,31180,GGB227000293,미사역호반써밋,28314,37.5660167,127.1969167,37.5660167,127.1969167,0.0,139.6895572474552,500,False,,,,,,ai_draft,,,,evidence/citycode/getCtyCodeList_raw.json
A10025469,31180,GGB227000294,하남종합운동장.국민체육센터,28313,37.5676833,127.1959667,37.5676833,127.1959667,0.0,309.54010845108115,500,False,,,,,,ai_draft,,,,evidence/citycode/getCtyCodeList_raw.json
A10025469,31180,GGB227000658,미사역,28464,37.5637,127.1928333,37.5637,127.1928333,0.0,323.9239975220039,500,False,,,,,,ai_draft,,,,evidence/citycode/getCtyCodeList_raw.json
A10025469,31180,GGB227000683,미사역,28530,37.5634833,127.1929167,37.5634833,127.1929167,0.0,328.1477785382726,500,False,,,,,,ai_draft,,,,evidence/citycode/getCtyCodeList_raw.json
A10025469,31180,GGB227000682,미사역,28529,37.5635333,127.1925333,37.5635333,127.1925333,0.0,355.71462909223123,500,False,,,,,,ai_draft,,,,evidence/citycode/getCtyCodeList_raw.json
A10025469,31180,GGB227000660,미사역,28466,37.5633833,127.1925833,37.5633833,127.1925833,0.0,359.2837991263592,500,False,,,,,,ai_draft,,,,evidence/citycode/getCtyCodeList_raw.json
A10025473,31240,GGB233001111,엘크루아파트,37037,37.16115,127.09365,37.16115,127.09365,0.0,83.70368640435196,500,False,,,,,,ai_draft,,,,evidence/citycode/getCtyCodeList_raw.json
A10025473,31240,GGB233001254,엘크루아파트,37038,37.1609667,127.09365,37.1609667,127.09365,0.0,94.39044466223778,500,False,,,,,,ai_draft,,,,evidence/citycode/getCtyCodeList_raw.json
A10025473,31240,GGB233001118,호수하우스디,37039,37.16095,127.0970167,37.16095,127.0970167,0.0,230.61998812087177,500,False,,,,,,ai_draft,,,,evidence/citycode/getCtyCodeList_raw.json
A10025473,31240,GGB233001237,호수하우스디,37044,37.1611167,127.0970667,37.1611167,127.0970667,0.0,230.97061038455072,500,False,,,,,,ai_draft,,,,evidence/citycode/getCtyCodeList_raw.json
A10025473,31240,GGB233000275,화남초등학교,55781,37.1633667,127.0966333,37.1633667,127.0966333,0.0,282.54138239557494,500,False,,,,,,ai_draft,,,,evidence/citycode/getCtyCodeList_raw.json
A10025473,31240,GGB233000175,행복주택28단지,55752,37.1638833,127.0934,37.1638833,127.0934,0.0,284.6429407701502,500,False,,,,,,ai_draft,,,,evidence/citycode/getCtyCodeList_raw.json
A10025474,31130,GGB222001956,한강DIMC테라타워,49835,37.5967333,127.1722667,37.5967333,127.1722667,0.0,124.78628478003112,500,False,,,,,,ai_draft,,,,evidence/citycode/getCtyCodeList_raw.json
A10025474,31130,GGB222001955,금강펜테리움2차.반도유보라.신안인스빌,49834,37.5972,127.1734,37.5972,127.1734,0.0,160.0051371789035,500,False,,,,,,ai_draft,,,,evidence/citycode/getCtyCodeList_raw.json
A10025474,31130,GGB222001958,금강펜테리움2차.신안인스빌,49837,37.5968667,127.1702833,37.5968667,127.1702833,0.0,162.78443068696728,500,False,,,,,,ai_draft,,,,evidence/citycode/getCtyCodeList_raw.json
A10025474,31130,GGB222001957,한강DIMC테라타워,49836,37.5965167,127.17275,37.5965167,127.17275,0.0,165.9219474182447,500,False,,,,,,ai_draft,,,,evidence/citycode/getCtyCodeList_raw.json
A10025474,31130,GGB222001959,신안인스빌.금강펜테리움2차,49838,37.5966833,127.1702667,37.5966833,127.1702667,0.0,177.2056392053026,500,False,,,,,,ai_draft,,,,evidence/citycode/getCtyCodeList_raw.json
A10025474,31130,GGB222001954,금강펜테리움2차.근린공원,49833,37.5972167,127.17375,37.5972167,127.17375,0.0,188.06981234245745,500,False,,,,,,ai_draft,,,,evidence/citycode/getCtyCodeList_raw.json
A10025510,31240,GGB277103992,호수공원미래체험관(미정차),0,37.1683167,127.1069167,37.1683167,127.1069167,0.0,106.80622705473876,500,False,,,,,,ai_draft,,,,evidence/citycode/getCtyCodeList_raw.json
A10025510,31240,GGB233003128,동탄호수공원.센트럴시티,55524,37.1668167,127.1070167,37.1668167,127.1070167,0.0,181.45858776333932,500,False,,,,,,ai_draft,,,,evidence/citycode/getCtyCodeList_raw.json
A10025510,31240,GGB233003136,동탄호수공원,55532,37.1671667,127.1064333,37.1671667,127.1064333,0.0,187.66932748303853,500,False,,,,,,ai_draft,,,,evidence/citycode/getCtyCodeList_raw.json
A10025510,31240,GGB233001753,센트럴시티.아이파크,55504,37.1658833,127.1091167,37.1658833,127.1091167,0.0,272.05361391396394,500,False,,,,,,ai_draft,,,,evidence/citycode/getCtyCodeList_raw.json
A10025510,31240,GGB277103991,호수공원아이파크(미정차),0,37.1655333,127.1069,37.1655333,127.1069,0.0,314.89938934959844,500,False,,,,,,ai_draft,,,,evidence/citycode/getCtyCodeList_raw.json
A10025510,31240,GGB233001754,아이파크.센트럴시티,55505,37.1655167,127.1093167,37.1655167,127.1093167,0.0,316.3904929538823,500,False,,,,,,ai_draft,,,,evidence/citycode/getCtyCodeList_raw.json
A10025520,31240,GGB233000176,행복주택28단지,55753,37.1639667,127.0936333,37.1639667,127.0936333,0.0,47.49981793166885,500,False,,,,,,ai_draft,,,,evidence/citycode/getCtyCodeList_raw.json
A10025520,31240,GGB233000175,행복주택28단지,55752,37.1638833,127.0934,37.1638833,127.0934,0.0,67.86100341633114,500,False,,,,,,ai_draft,,,,evidence/citycode/getCtyCodeList_raw.json
A10025520,31240,GGB233002066,화남초,55590,37.16465,127.0955167,37.16465,127.0955167,0.0,145.1823912299302,500,False,,,,,,ai_draft,,,,evidence/citycode/getCtyCodeList_raw.json
A10025520,31240,GGB233002067,동탄호수마을,55591,37.1649833,127.0954,37.1649833,127.0954,0.0,161.7469159781998,500,False,,,,,,ai_draft,,,,evidence/citycode/getCtyCodeList_raw.json
A10025520,31240,GGB233000275,화남초등학교,55781,37.1633667,127.0966333,37.1633667,127.0966333,0.0,226.98114523443093,500,False,,,,,,ai_draft,,,,evidence/citycode/getCtyCodeList_raw.json
A10025520,31240,GGB233000238,화남초등학교,55768,37.16395,127.0968667,37.16395,127.0968667,0.0,239.4446087419297,500,False,,,,,,ai_draft,,,,evidence/citycode/getCtyCodeList_raw.json
A10025529,31240,GGB233000432,중흥클래스에듀,55666,37.1734,127.1141333,37.1734,127.1141333,0.0,122.07777521734604,500,False,,,,,,ai_draft,,,,evidence/citycode/getCtyCodeList_raw.json
A10025529,31240,GGB233000431,중흥클래스에듀,55665,37.1731,127.1139167,37.1731,127.1139167,0.0,160.56231642883586,500,False,,,,,,ai_draft,,,,evidence/citycode/getCtyCodeList_raw.json
A10025529,31240,GGB233000571,정현초.청림중,55569,37.1726,127.113,37.1726,127.113,0.0,252.7847097978444,500,False,,,,,,ai_draft,,,,evidence/citycode/getCtyCodeList_raw.json
A10025529,31240,GGB233003047,금강펜테리움2차,55578,37.1767,127.11475,37.1767,127.11475,0.0,260.90122859932603,500,False,,,,,,ai_draft,,,,evidence/citycode/getCtyCodeList_raw.json
A10025529,31240,GGB233003046,금강펜테리움2차,55577,37.17685,127.1148833,37.17685,127.1148833,0.0,277.58408035834265,500,False,,,,,,ai_draft,,,,evidence/citycode/getCtyCodeList_raw.json
A10025529,31240,GGB233001953,정현초.청림중,55566,37.1723167,127.1129833,37.1723167,127.1129833,0.0,278.6754017069817,500,False,,,,,,ai_draft,,,,evidence/citycode/getCtyCodeList_raw.json
A10025534,31180,GGB227000022,하남우체국.덕풍시장,28060,37.54055,127.20045,37.54055,127.20045,0.0,352.1531996724417,500,False,,,,,,ai_draft,,,,evidence/citycode/getCtyCodeList_raw.json
A10025534,31180,GGB227000007,한솔리치빌2.3단지,28037,37.5354,127.19605,37.5354,127.19605,0.0,387.2310952808657,500,False,,,,,,ai_draft,,,,evidence/citycode/getCtyCodeList_raw.json
A10025534,31180,GGB227000145,덕풍초등학교,28053,37.5415,127.2000167,37.5415,127.2000167,0.0,395.1123432763877,500,False,,,,,,ai_draft,,,,evidence/citycode/getCtyCodeList_raw.json
A10025534,31180,GGB227000146,덕풍시장.하남우체국.KT하남지사,28063,37.5397667,127.2018333,37.5397667,127.2018333,0.0,427.954508650691,500,False,,,,,,ai_draft,,,,evidence/citycode/getCtyCodeList_raw.json
A10025534,31180,GGB227000023,덕풍초등학교,28052,37.5421833,127.1995333,37.5421833,127.1995333,0.0,433.8193350898209,500,False,,,,,,ai_draft,,,,evidence/citycode/getCtyCodeList_raw.json
A10025534,31180,GGB227000017,한솔리치빌2.3단지,28038,37.53495,127.1961167,37.53495,127.1961167,0.0,434.6049900360631,500,False,,,,,,ai_draft,,,,evidence/citycode/getCtyCodeList_raw.json
A10025552,31240,GGB233001602,금호어울림2차,37047,37.1611333,127.1008,37.1611333,127.1008,0.0,106.6151468859097,500,False,,,,,,ai_draft,,,,evidence/citycode/getCtyCodeList_raw.json
A10025552,31240,GGB233001587,금호어울림2차,37042,37.16095,127.1006333,37.16095,127.1006333,0.0,131.14362216766102,500,False,,,,,,ai_draft,,,,evidence/citycode/getCtyCodeList_raw.json
A10025552,31240,GGB233003126,아이원.호수자이파밀리에,55522,37.1610167,127.1047833,37.1610167,127.1047833,0.0,282.7234359245049,500,False,,,,,,ai_draft,,,,evidence/citycode/getCtyCodeList_raw.json
A10025552,31240,GGB233003132,호수자이파밀리에.아이원,55528,37.1607333,127.1052,37.1607333,127.1052,0.0,327.7164816828544,500,False,,,,,,ai_draft,,,,evidence/citycode/getCtyCodeList_raw.json
A10025552,31240,GGB233000166,꽃가마약수터,36810,37.1590833,127.09995,37.1590833,127.09995,0.0,335.2280415781137,500,False,,,,,,ai_draft,,,,evidence/citycode/getCtyCodeList_raw.json
A10025552,31240,GGB233001323,꽃가마약수터,36943,37.1586,127.1009333,37.1586,127.1009333,0.0,356.6980857525559,500,False,,,,,,ai_draft,,,,evidence/citycode/getCtyCodeList_raw.json
A10025561,31130,GGB222001417,에일린의뜰아파트정문,49856,37.60775,127.17155,37.60775,127.17155,0.0,79.01266167511737,500,False,,,,,,ai_draft,,,,evidence/citycode/getCtyCodeList_raw.json
A10025561,31130,GGB222000761,에일린의뜰아파트정문,49857,37.6078333,127.1715,37.6078333,127.1715,0.0,88.31816190377941,500,False,,,,,,ai_draft,,,,evidence/citycode/getCtyCodeList_raw.json
A10025561,31130,GGB222001608,센트럴.한화아파트,49491,37.6075667,127.17295,37.6075667,127.17295,0.0,137.74009118034076,500,False,,,,,,ai_draft,,,,evidence/citycode/getCtyCodeList_raw.json
A10025561,31130,GGB222001607,이패야구장.센트럴,49490,37.6076333,127.1732833,37.6076333,127.1732833,0.0,167.5606977361425,500,False,,,,,,ai_draft,,,,evidence/citycode/getCtyCodeList_raw.json
A10025561,31130,GGB222001472,다산2동주민센터.한화꿈에그린아파트,49389,37.60815,127.1690833,37.60815,127.1690833,0.0,248.7799248499853,500,False,,,,,,ai_draft,,,,evidence/citycode/getCtyCodeList_raw.json
A10025561,31130,GGB222001471,한화꿈에그린아파트.다산2동주민센터,49388,37.6079667,127.1689167,37.6079667,127.1689167,0.0,252.641977402103,500,False,,,,,,ai_draft,,,,evidence/citycode/getCtyCodeList_raw.json
A10025583,31240,GGB233003168,동탄2아이파크2단지,55565,37.16,127.1202667,37.16,127.1202667,0.0,49.67907115920124,500,False,,,,,,ai_draft,,,,evidence/citycode/getCtyCodeList_raw.json
A10025583,31240,GGB233003135,동탄2아이파크2단지,55531,37.1600333,127.1200333,37.1600333,127.1200333,0.0,65.18204655719897,500,False,,,,,,ai_draft,,,,evidence/citycode/getCtyCodeList_raw.json
A10025583,31240,GGB233003167,동탄2아이파크1단지,55564,37.1613667,127.1199167,37.1613667,127.1199167,0.0,138.53432529006795,500,False,,,,,,ai_draft,,,,evidence/citycode/getCtyCodeList_raw.json
A10025583,31240,GGB233003134,동탄2아이파크1단지,55530,37.1613167,127.1194667,37.1613167,127.1194667,0.0,158.07835106674867,500,False,,,,,,ai_draft,,,,evidence/citycode/getCtyCodeList_raw.json
A10025583,31240,GGB233002584,서연초,55939,37.1594667,127.1161,37.1594667,127.1161,0.0,417.4106789060326,500,False,,,,,,ai_draft,,,,evidence/citycode/getCtyCodeList_raw.json
A10025583,31240,GGB233003166,레이크반도9차,55563,37.1620167,127.1162333,37.1620167,127.1162333,0.0,439.7986631776896,500,False,,,,,,ai_draft,,,,evidence/citycode/getCtyCodeList_raw.json
A10025589,31020,GGB204000069,위례119안전센터.위례포레스트부영,5075,37.4612,127.14465,37.4612,127.14465,0.0,96.42529970176412,500,False,,,,,,ai_draft,,,,evidence/citycode/getCtyCodeList_raw.json
A10025589,31020,GGB204000031,위례119안전센터.위례포레스트부영,5076,37.4607667,127.1446333,37.4607667,127.1446333,0.0,132.52877007461203,500,False,,,,,,ai_draft,,,,evidence/citycode/getCtyCodeList_raw.json
A10025589,31020,GGB204000094,힐스테이트위례정문,5285,37.4640667,127.1444167,37.4640667,127.1444167,0.0,276.8181517338871,500,False,,,,,,ai_draft,,,,evidence/citycode/getCtyCodeList_raw.json
A10025589,31020,GGB204000201,힐스테이트위례후문.위례한빛초등학교,5298,37.4646667,127.1468167,37.4646667,127.1468167,0.0,345.8955813858986,500,False,,,,,,ai_draft,,,,evidence/citycode/getCtyCodeList_raw.json
A10025589,31020,GGB204000234,힐스테이트위례정문,5299,37.4645667,127.1436,37.4645667,127.1436,0.0,357.3321478361955,500,False,,,,,,ai_draft,,,,evidence/citycode/getCtyCodeList_raw.json
A10025589,31020,GGB204000196,위례한빛초.래미안이편한세상.힐스테이트.한빛마을,5286,37.4648833,127.14735,37.4648833,127.14735,0.0,386.0013971301584,500,False,,,,,,ai_draft,,,,evidence/citycode/getCtyCodeList_raw.json
A10025590,31240,GGB233003167,동탄2아이파크1단지,55564,37.1613667,127.1199167,37.1613667,127.1199167,0.0,71.5463862944821,500,False,,,,,,ai_draft,,,,evidence/citycode/getCtyCodeList_raw.json
A10025590,31240,GGB233003134,동탄2아이파크1단지,55530,37.1613167,127.1194667,37.1613167,127.1194667,0.0,76.51031757928791,500,False,,,,,,ai_draft,,,,evidence/citycode/getCtyCodeList_raw.json
A10025590,31240,GGB233003135,동탄2아이파크2단지,55531,37.1600333,127.1200333,37.1600333,127.1200333,0.0,218.9701296375661,500,False,,,,,,ai_draft,,,,evidence/citycode/getCtyCodeList_raw.json
A10025590,31240,GGB233003168,동탄2아이파크2단지,55565,37.16,127.1202667,37.16,127.1202667,0.0,226.44375458430747,500,False,,,,,,ai_draft,,,,evidence/citycode/getCtyCodeList_raw.json
A10025590,31240,GGB233003166,레이크반도9차,55563,37.1620167,127.1162333,37.1620167,127.1162333,0.0,305.7656277969115,500,False,,,,,,ai_draft,,,,evidence/citycode/getCtyCodeList_raw.json
A10025590,31240,GGB233003133,레이크반도9차,55529,37.1619,127.1161167,37.1619,127.1161167,0.0,316.2087985118077,500,False,,,,,,ai_draft,,,,evidence/citycode/getCtyCodeList_raw.json
A10025596,31130,GGB222001960,다산한강반도유보라정문,49839,37.5997667,127.1679833,37.5997667,127.1679833,0.0,173.72234797723252,500,False,,,,,,ai_draft,,,,evidence/citycode/getCtyCodeList_raw.json
A10025596,31130,GGB222001961,다산한강반도유보라정문,49840,37.5997,127.16775,37.5997,127.16775,0.0,180.01576864579687,500,False,,,,,,ai_draft,,,,evidence/citycode/getCtyCodeList_raw.json
A10025596,31130,GGB222001958,금강펜테리움2차.신안인스빌,49837,37.5968667,127.1702833,37.5968667,127.1702833,0.0,207.17321496657277,500,False,,,,,,ai_draft,,,,evidence/citycode/getCtyCodeList_raw.json
A10025596,31130,GGB222001962,다산한강반도유보라.금강펜테리움2차후문,49841,37.6001167,127.1702667,37.6001167,127.1702667,0.0,212.72597449709167,500,False,,,,,,ai_draft,,,,evidence/citycode/getCtyCodeList_raw.json
A10025596,31130,GGB222001959,신안인스빌.금강펜테리움2차,49838,37.5966833,127.1702667,37.5966833,127.1702667,0.0,224.15292477801216,500,False,,,,,,ai_draft,,,,evidence/citycode/getCtyCodeList_raw.json
A10025596,31130,GGB222001963,다산한강반도유보라.금강펜테리움2차후문,49842,37.6003,127.1701833,37.6003,127.1701833,0.0,227.3253147561777,500,False,,,,,,ai_draft,,,,evidence/citycode/getCtyCodeList_raw.json
A10025667,31180,GGB227000268,하남고용센터.센트럴자이.더샵센트럴포레,28300,37.55545,127.1865167,37.55545,127.1865167,0.0,322.5981813577432,500,False,,,,,,ai_draft,,,,evidence/citycode/getCtyCodeList_raw.json
A10025667,31180,GGB227000269,하남고용센터.센트럴자이.더샵센트럴포레,28301,37.5554833,127.1869,37.5554833,127.1869,0.0,352.5355063129225,500,False,,,,,,ai_draft,,,,evidence/citycode/getCtyCodeList_raw.json
A10025667,31180,GGB227000005,미사강변센텀팰리스.강일리버10단지,28022,37.5597167,127.1820333,37.5597167,127.1820333,0.0,360.1864767722708,500,False,,,,,,ai_draft,,,,evidence/citycode/getCtyCodeList_raw.json
A10025667,31180,GGB227000267,미사강변센트럴자이.하남고등학교,28299,37.5595333,127.1855833,37.5595333,127.1855833,0.0,389.72529315859873,500,False,,,,,,ai_draft,,,,evidence/citycode/getCtyCodeList_raw.json
A10025667,31180,GGB227000679,미사우체국.더샵센트럴포레.동원로얄듀크,28526,37.5528667,127.1847833,37.5528667,127.1847833,0.0,439.423171455548,500,False,,,,,,ai_draft,,,,evidence/citycode/getCtyCodeList_raw.json
A10025667,31180,GGB227000678,미사우체국.더샵센트럴포레.동원로얄듀크,28525,37.5529667,127.1851167,37.5529667,127.1851167,0.0,439.6152798112887,500,False,,,,,,ai_draft,,,,evidence/citycode/getCtyCodeList_raw.json
A10025680,31240,GGB233001954,호수부영3차,55567,37.1723333,127.1081667,37.1723333,127.1081667,0.0,202.75143043373612,500,False,,,,,,ai_draft,,,,evidence/citycode/getCtyCodeList_raw.json
A10025680,31240,GGB233003093,호수부영3차.우미린2차,55420,37.1716667,127.1070833,37.1716667,127.1070833,0.0,305.48937872299626,500,False,,,,,,ai_draft,,,,evidence/citycode/getCtyCodeList_raw.json
A10025680,31240,GGB233000162,나래학교.더샵레이크,36493,37.1759167,127.1057833,37.1759167,127.1057833,0.0,322.9205361292758,500,False,,,,,,ai_draft,,,,evidence/citycode/getCtyCodeList_raw.json
A10025680,31240,GGB233002262,하우스디더레이크.우미린,55476,37.1726167,127.1054833,37.1726167,127.1054833,0.0,325.9078352461069,500,False,,,,,,ai_draft,,,,evidence/citycode/getCtyCodeList_raw.json
A10025680,31240,GGB233003092,우미린2차.호수부영3차,55419,37.17135,127.1064167,37.17135,127.1064167,0.0,365.4698366378451,500,False,,,,,,ai_draft,,,,evidence/citycode/getCtyCodeList_raw.json
A10025680,31240,GGB233000997,레이크빌.하우스디더레이크,36494,37.1760833,127.1050833,37.1760833,127.1050833,0.0,383.8169195320917,500,False,,,,,,ai_draft,,,,evidence/citycode/getCtyCodeList_raw.json
A10025739,31180,GGB227000274,미사강변골든센트로.미사레스티아,28304,37.5578167,127.1961167,37.5578167,127.1961167,0.0,139.30365699096328,500,False,,,,,,ai_draft,,,,evidence/citycode/getCtyCodeList_raw.json
A10025739,31180,GGB227000191,제일풍경채.미사강변신안인스빌,28215,37.5551667,127.1961333,37.5551667,127.1961333,0.0,176.07692604912128,500,False,,,,,,ai_draft,,,,evidence/citycode/getCtyCodeList_raw.json
A10025739,31180,GGB227000273,청아초등학교.신안인스빌.브라운스톤,28303,37.5583667,127.19535,37.5583667,127.19535,0.0,189.4987961722383,500,False,,,,,,ai_draft,,,,evidence/citycode/getCtyCodeList_raw.json
A10025739,31180,GGB227000192,제일풍경채.미사강변신안인스빌,28039,37.5550667,127.1970667,37.5550667,127.1970667,0.0,225.64885647623527,500,False,,,,,,ai_draft,,,,evidence/citycode/getCtyCodeList_raw.json
A10025739,31180,GGB227000257,아이테코.이편한세상미사,28268,37.5542167,127.19395,37.5542167,127.19395,0.0,304.3778150323019,500,False,,,,,,ai_draft,,,,evidence/citycode/getCtyCodeList_raw.json
A10025739,31180,GGB227000162,아란티움.26단지.e편한세상,28074,37.5567333,127.1920167,37.5567333,127.1920167,0.0,306.37783072267024,500,False,,,,,,ai_draft,,,,evidence/citycode/getCtyCodeList_raw.json
A10025771,31240,GGB233003210,반도유보라.삼정그린코아,55968,37.2015667,127.09035,37.2015667,127.09035,0.0,175.05178964324458,500,False,,,,,,ai_draft,,,,evidence/citycode/getCtyCodeList_raw.json
A10025771,31240,GGB233003240,동탄여울공원,55989,37.2023333,127.0870833,37.2023333,127.0870833,0.0,182.12219105435983,500,False,,,,,,ai_draft,,,,evidence/citycode/getCtyCodeList_raw.json
A10025771,31240,GGB233003211,반도유보라.삼정그린코아,55969,37.2013333,127.0904,37.2013333,127.0904,0.0,198.1283113408109,500,False,,,,,,ai_draft,,,,evidence/citycode/getCtyCodeList_raw.json
A10025771,31240,GGB233003239,동탄여울공원,55988,37.2020667,127.0869833,37.2020667,127.0869833,0.0,200.19902173816823,500,False,,,,,,ai_draft,,,,evidence/citycode/getCtyCodeList_raw.json
A10025771,31240,GGB233003121,반도유보라6차,55517,37.2045833,127.091,37.2045833,127.091,0.0,264.9801491944522,500,False,,,,,,ai_draft,,,,evidence/citycode/getCtyCodeList_raw.json
A10025771,31240,GGB233003120,반도유보라6차,55516,37.2048667,127.09085,37.2048667,127.09085,0.0,282.1050097456443,500,False,,,,,,ai_draft,,,,evidence/citycode/getCtyCodeList_raw.json
A10025790,31240,GGB233002499,중흥S클래스.에일린의뜰,55410,37.1868833,127.08675,37.1868833,127.08675,0.0,143.13898153554237,500,False,,,,,,ai_draft,,,,evidence/citycode/getCtyCodeList_raw.json
A10025790,31240,GGB233002498,에일린의뜰.중흥S클래스,55405,37.1871833,127.0869333,37.1871833,127.0869333,0.0,163.06242803006342,500,False,,,,,,ai_draft,,,,evidence/citycode/getCtyCodeList_raw.json
A10025790,31240,GGB233002496,더샵센트럴시티2차.행복주택,55404,37.1869,127.0914167,37.1869,127.0914167,0.0,345.7597586564265,500,False,,,,,,ai_draft,,,,evidence/citycode/getCtyCodeList_raw.json
A10025790,31240,GGB233001006,행복주택.동탄경찰서(좌회전전용),55890,37.1865833,127.0916167,37.1865833,127.0916167,0.0,352.90440604062707,500,False,,,,,,ai_draft,,,,evidence/citycode/getCtyCodeList_raw.json
A10025790,31240,GGB233002497,행복주택.동탄경찰서,55409,37.1865667,127.0918,37.1865667,127.0918,0.0,368.34195776108766,500,False,,,,,,ai_draft,,,,evidence/citycode/getCtyCodeList_raw.json
A10025790,31240,GGB233002495,동탄초교,55403,37.1874833,127.0925167,37.1874833,127.0925167,0.0,460.1411759266582,500,False,,,,,,ai_draft,,,,evidence/citycode/getCtyCodeList_raw.json
A10025798,31240,GGB233001741,센트리체.자연앤자이,55502,37.1660333,127.1139,37.1660333,127.1139,0.0,204.373729948927,500,False,,,,,,ai_draft,,,,evidence/citycode/getCtyCodeList_raw.json
A10025798,31240,GGB233001748,자연앤자이.센트리체,55503,37.1657333,127.1142,37.1657333,127.1142,0.0,246.201427503341,500,False,,,,,,ai_draft,,,,evidence/citycode/getCtyCodeList_raw.json
A10025798,31240,GGB277103993,A74블럭(미정차),0,37.1659,127.115,37.1659,127.115,0.0,293.6896236345647,500,False,,,,,,ai_draft,,,,evidence/citycode/getCtyCodeList_raw.json
A10025798,31240,GGB233001753,센트럴시티.아이파크,55504,37.1658833,127.1091167,37.1658833,127.1091167,0.0,302.32649882151134,500,False,,,,,,ai_draft,,,,evidence/citycode/getCtyCodeList_raw.json
A10025798,31240,GGB233001754,아이파크.센트럴시티,55505,37.1655167,127.1093167,37.1655167,127.1093167,0.0,309.5707464374934,500,False,,,,,,ai_draft,,,,evidence/citycode/getCtyCodeList_raw.json
A10025798,31240,GGB233001699,호수부영6차.호수공원행복주택,55500,37.1674,127.1170333,37.1674,127.1170333,0.0,437.02016130906287,500,False,,,,,,ai_draft,,,,evidence/citycode/getCtyCodeList_raw.json
A10025814,31230,GGB232000890,상록데시앙,35838,37.6373,126.6421,37.6373,126.6421,0.0,443.0060701556882,500,False,,,,,,ai_draft,,,,evidence/citycode/getCtyCodeList_raw.json
A10025814,31230,GGB232000969,은여울중학교.경남아너스빌,35919,37.6368833,126.6378,37.6368833,126.6378,0.0,557.7931509223502,500,False,,,,,,ai_draft,,,,evidence/citycode/getCtyCodeList_raw.json
A10025814,31230,GGB232000971,한강센트럴블루힐후문,35921,37.6353167,126.6339833,37.6353167,126.6339833,0.0,761.616787662934,500,False,,,,,,ai_draft,,,,evidence/citycode/getCtyCodeList_raw.json
A10025814,31230,GGB232000777,마산역,35684,37.6402667,126.6427333,37.6402667,126.6427333,0.0,773.8182978752728,500,False,,,,,,ai_draft,,,,evidence/citycode/getCtyCodeList_raw.json
A10025814,31230,GGB232000741,힐스테이트.경남아너스빌,35659,37.6392333,126.6375167,37.6392333,126.6375167,0.0,778.9763053370676,500,False,,,,,,ai_draft,,,,evidence/citycode/getCtyCodeList_raw.json
A10025814,31230,GGB232000781,마산역,35685,37.64055,126.64255,37.64055,126.64255,0.0,804.5939300953231,500,False,,,,,,ai_draft,,,,evidence/citycode/getCtyCodeList_raw.json
A10025824,31240,GGB233000170,반도10차,55750,37.1663333,127.1273667,37.1663333,127.1273667,0.0,72.56555813275236,500,False,,,,,,ai_draft,,,,evidence/citycode/getCtyCodeList_raw.json
A10025824,31240,GGB233003174,반도10차,55701,37.1664167,127.1271667,37.1664167,127.1271667,0.0,91.60184982287396,500,False,,,,,,ai_draft,,,,evidence/citycode/getCtyCodeList_raw.json
A10025824,31240,GGB233000119,세정초남측,55749,37.1664167,127.1245167,37.1664167,127.1245167,0.0,325.0261472650739,500,False,,,,,,ai_draft,,,,evidence/citycode/getCtyCodeList_raw.json
A10025824,31240,GGB233002288,세정초.하우스디,37086,37.1676,127.1248,37.1676,127.1248,0.0,334.9830511360428,500,False,,,,,,ai_draft,,,,evidence/citycode/getCtyCodeList_raw.json
A10025824,31240,GGB233000084,세정초남측,55730,37.1667,127.1241167,37.1667,127.1241167,0.0,363.41520701849447,500,False,,,,,,ai_draft,,,,evidence/citycode/getCtyCodeList_raw.json
A10025824,31240,GGB233000123,세정초.하우스디,55751,37.16785,127.1244333,37.16785,127.1244333,0.0,376.6332134435512,500,False,,,,,,ai_draft,,,,evidence/citycode/getCtyCodeList_raw.json
A10025828,31130,GGB222001953,금강펜테리움1차,49832,37.6007167,127.17415,37.6007167,127.17415,0.0,190.02459355036504,500,False,,,,,,ai_draft,,,,evidence/citycode/getCtyCodeList_raw.json
A10025828,31130,GGB222001952,금강펜테리움1차,49831,37.6007,127.1737667,37.6007,127.1737667,0.0,223.8434640525842,500,False,,,,,,ai_draft,,,,evidence/citycode/getCtyCodeList_raw.json
A10025828,31130,GGB222000299,신안인스빌2차,23181,37.6023667,127.1743,37.6023667,127.1743,0.0,247.3430156678101,500,False,,,,,,ai_draft,,,,evidence/citycode/getCtyCodeList_raw.json
A10025828,31130,GGB222000304,신안인스빌2차,23179,37.6023833,127.1739167,37.6023833,127.1739167,0.0,273.649242153791,500,False,,,,,,ai_draft,,,,evidence/citycode/getCtyCodeList_raw.json
A10025828,31130,GGB222001964,다산한강초등학교,49843,37.6001333,127.1729333,37.6001333,127.1729333,0.0,306.2874832092314,500,False,,,,,,ai_draft,,,,evidence/citycode/getCtyCodeList_raw.json
A10025828,31130,GGB222001965,다산한강초등학교,49844,37.5999333,127.17295,37.5999333,127.17295,0.0,311.087343242328,500,False,,,,,,ai_draft,,,,evidence/citycode/getCtyCodeList_raw.json
A10025830,31130,GGB222000525,힐스테이트정문.e편한세상.다산유치원,23222,37.6214,127.1581167,37.6214,127.1581167,0.0,188.89822615388007,500,False,,,,,,ai_draft,,,,evidence/citycode/getCtyCodeList_raw.json
A10025830,31130,GGB222000161,e편한세상.힐스테이트정문.다산유치원,49183,37.6216167,127.1577333,37.6216167,127.1577333,0.0,195.10617109641467,500,False,,,,,,ai_draft,,,,evidence/citycode/getCtyCodeList_raw.json
A10025830,31130,GGB222001949,새봄초정문.F2단독택지,49828,37.6205833,127.1596,37.6205833,127.1596,0.0,240.2338680515856,500,False,,,,,,ai_draft,,,,evidence/citycode/getCtyCodeList_raw.json
A10025830,31130,GGB222001276,새봄초정문.F2단독택지,49186,37.6203667,127.1595833,37.6203667,127.1595833,0.0,264.20209792118953,500,False,,,,,,ai_draft,,,,evidence/citycode/getCtyCodeList_raw.json
A10025830,31130,GGB222000917,자연앤e편한세상3차정문,49782,37.62045,127.15715,37.62045,127.15715,0.0,324.5630099379258,500,False,,,,,,ai_draft,,,,evidence/citycode/getCtyCodeList_raw.json
A10025830,31130,GGB222000172,힐스테이트.e편한세상,23474,37.62375,127.1559167,37.62375,127.1559167,0.0,329.61619137418364,500,False,,,,,,ai_draft,,,,evidence/citycode/getCtyCodeList_raw.json
A10025865,31230,GGB232000743,전원마을1단지.김포한강롯데캐슬,35577,37.6453,126.6836,37.6453,126.6836,0.0,126.91599027311418,500,False,,,,,,ai_draft,,,,evidence/citycode/getCtyCodeList_raw.json
A10025865,31230,GGB232000744,전원마을1단지.김포한강롯데캐슬,35578,37.6454667,126.6836167,37.6454667,126.6836167,0.0,143.638071585747,500,False,,,,,,ai_draft,,,,evidence/citycode/getCtyCodeList_raw.json
A10025865,31230,GGB232000422,전원마을.김포한강롯데캐슬,35210,37.6439167,126.68145,37.6439167,126.68145,0.0,242.11554860591767,500,False,,,,,,ai_draft,,,,evidence/citycode/getCtyCodeList_raw.json
A10025865,31230,GGB232000366,장기사거리.수정마을,35211,37.6430167,126.6817,37.6430167,126.6817,0.0,256.9468135639604,500,False,,,,,,ai_draft,,,,evidence/citycode/getCtyCodeList_raw.json
A10025865,31230,GGB232000746,전원마을3단지.KCC스위첸,35584,37.6444333,126.6882833,37.6444333,126.6882833,0.0,362.9644931412173,500,False,,,,,,ai_draft,,,,evidence/citycode/getCtyCodeList_raw.json
A10025865,31230,GGB232000745,전원마을3단지.KCC스위첸,35579,37.6442833,126.6883333,37.6442833,126.6883333,0.0,366.816877303641,500,False,,,,,,ai_draft,,,,evidence/citycode/getCtyCodeList_raw.json
A10025866,31230,GGB232000823,호수마을5단지.호반베르디움2차,35735,37.6473667,126.6328667,37.6473667,126.6328667,0.0,203.53808013797348,500,False,,,,,,ai_draft,,,,evidence/citycode/getCtyCodeList_raw.json
A10025866,31230,GGB232000494,솔터3단지.이마트,35755,37.6441833,126.6307833,37.6441833,126.6307833,0.0,218.4382294208928,500,False,,,,,,ai_draft,,,,evidence/citycode/getCtyCodeList_raw.json
A10025866,31230,GGB232000074,호수마을5단지.호반베르디움2차,35270,37.64765,126.6326,37.64765,126.6326,0.0,233.29666852739925,500,False,,,,,,ai_draft,,,,evidence/citycode/getCtyCodeList_raw.json
A10025866,31230,GGB232000536,솔터마을3단지,35757,37.6439167,126.6309,37.6439167,126.6309,0.0,233.46115331321343,500,False,,,,,,ai_draft,,,,evidence/citycode/getCtyCodeList_raw.json
A10025866,31230,GGB232000724,구래역,35195,37.6452,126.629,37.6452,126.629,0.0,316.1235395791116,500,False,,,,,,ai_draft,,,,evidence/citycode/getCtyCodeList_raw.json
A10025866,31230,GGB232000725,구래역,35196,37.6450833,126.6287,37.6450833,126.6287,0.0,344.07517879060686,500,False,,,,,,ai_draft,,,,evidence/citycode/getCtyCodeList_raw.json
A10025868,31240,GGB233002038,레이크파크뷰.서희스타힐스,55587,37.1716333,127.1172833,37.1716333,127.1172833,0.0,189.6941430817038,500,False,,,,,,ai_draft,,,,evidence/citycode/getCtyCodeList_raw.json
A10025868,31240,GGB233002027,서희스타힐스.레이크파크뷰,55586,37.17195,127.1173833,37.17195,127.1173833,0.0,211.3669344008832,500,False,,,,,,ai_draft,,,,evidence/citycode/getCtyCodeList_raw.json
A10025868,31240,GGB233001953,정현초.청림중,55566,37.1723167,127.1129833,37.1723167,127.1129833,0.0,242.1827439790765,500,False,,,,,,ai_draft,,,,evidence/citycode/getCtyCodeList_raw.json
A10025868,31240,GGB233000431,중흥클래스에듀,55665,37.1731,127.1139167,37.1731,127.1139167,0.0,251.87006571437325,500,False,,,,,,ai_draft,,,,evidence/citycode/getCtyCodeList_raw.json
A10025868,31240,GGB233000571,정현초.청림중,55569,37.1726,127.113,37.1726,127.113,0.0,259.96192072263113,500,False,,,,,,ai_draft,,,,evidence/citycode/getCtyCodeList_raw.json
A10025868,31240,GGB233000432,중흥클래스에듀,55666,37.1734,127.1141333,37.1734,127.1141333,0.0,274.2752829715536,500,False,,,,,,ai_draft,,,,evidence/citycode/getCtyCodeList_raw.json
A10025880,31240,GGB233003160,경남아너스빌,55557,37.1864667,127.12655,37.1864667,127.12655,0.0,54.89385956549165,500,False,,,,,,ai_draft,,,,evidence/citycode/getCtyCodeList_raw.json
A10025880,31240,GGB233003159,한신더휴,55556,37.18655,127.1263167,37.18655,127.1263167,0.0,69.05628732471267,500,False,,,,,,ai_draft,,,,evidence/citycode/getCtyCodeList_raw.json
A10025880,31240,GGB233001614,한신더휴,55489,37.18645,127.12385,37.18645,127.12385,0.0,250.38841739238947,500,False,,,,,,ai_draft,,,,evidence/citycode/getCtyCodeList_raw.json
A10025880,31240,GGB233003161,호반베르디움5차,55558,37.1838667,127.12525,37.1838667,127.12525,0.0,263.7607690967941,500,False,,,,,,ai_draft,,,,evidence/citycode/getCtyCodeList_raw.json
A10025880,31240,GGB233003162,르파비스,55559,37.18345,127.1254,37.18345,127.1254,0.0,300.69104460577495,500,False,,,,,,ai_draft,,,,evidence/citycode/getCtyCodeList_raw.json
A10025880,31240,GGB233003157,목동중.금강4차,55554,37.1888833,127.1271167,37.1888833,127.1271167,0.0,326.3863689170713,500,False,,,,,,ai_draft,,,,evidence/citycode/getCtyCodeList_raw.json
A10025885,31240,GGB233001695,레이크파크뷰,37724,37.1700333,127.1185333,37.1700333,127.1185333,0.0,127.97852120969142,500,False,,,,,,ai_draft,,,,evidence/citycode/getCtyCodeList_raw.json
A10025885,31240,GGB233002038,레이크파크뷰.서희스타힐스,55587,37.1716333,127.1172833,37.1716333,127.1172833,0.0,137.28768890357867,500,False,,,,,,ai_draft,,,,evidence/citycode/getCtyCodeList_raw.json
A10025885,31240,GGB233001696,레이크파크뷰,37696,37.1699167,127.119,37.1699167,127.119,0.0,171.30732928743882,500,False,,,,,,ai_draft,,,,evidence/citycode/getCtyCodeList_raw.json
A10025885,31240,GGB233002027,서희스타힐스.레이크파크뷰,55586,37.17195,127.1173833,37.17195,127.1173833,0.0,173.18543417913506,500,False,,,,,,ai_draft,,,,evidence/citycode/getCtyCodeList_raw.json
A10025885,31240,GGB233000085,호수공원행복주택,55732,37.1678333,127.1185833,37.1678333,127.1185833,0.0,312.0692889594283,500,False,,,,,,ai_draft,,,,evidence/citycode/getCtyCodeList_raw.json
A10025885,31240,GGB233001699,호수부영6차.호수공원행복주택,55500,37.1674,127.1170333,37.1674,127.1170333,0.0,334.03787502865146,500,False,,,,,,ai_draft,,,,evidence/citycode/getCtyCodeList_raw.json
A10025900,31240,GGB233001699,호수부영6차.호수공원행복주택,55500,37.1674,127.1170333,37.1674,127.1170333,0.0,122.70684139867149,500,False,,,,,,ai_draft,,,,evidence/citycode/getCtyCodeList_raw.json
A10025900,31240,GGB233001710,호수공원행복주택.호수부영6차,55501,37.16715,127.1174,37.16715,127.1174,0.0,162.06388066398583,500,False,,,,,,ai_draft,,,,evidence/citycode/getCtyCodeList_raw.json
A10025900,31240,GGB277103993,A74블럭(미정차),0,37.1659,127.115,37.1659,127.115,0.0,205.53682516542352,500,False,,,,,,ai_draft,,,,evidence/citycode/getCtyCodeList_raw.json
A10025900,31240,GGB233001741,센트리체.자연앤자이,55502,37.1660333,127.1139,37.1660333,127.1139,0.0,240.93314650624265,500,False,,,,,,ai_draft,,,,evidence/citycode/getCtyCodeList_raw.json
A10025900,31240,GGB233001748,자연앤자이.센트리체,55503,37.1657333,127.1142,37.1657333,127.1142,0.0,252.08215715296703,500,False,,,,,,ai_draft,,,,evidence/citycode/getCtyCodeList_raw.json
A10025900,31240,GGB233000085,호수공원행복주택,55732,37.1678333,127.1185833,37.1678333,127.1185833,0.0,257.1396973536275,500,False,,,,,,ai_draft,,,,evidence/citycode/getCtyCodeList_raw.json
A10025909,31240,GGB233001954,호수부영3차,55567,37.1723333,127.1081667,37.1723333,127.1081667,0.0,43.04507232806533,500,False,,,,,,ai_draft,,,,evidence/citycode/getCtyCodeList_raw.json
A10025909,31240,GGB233003093,호수부영3차.우미린2차,55420,37.1716667,127.1070833,37.1716667,127.1070833,0.0,85.22833198229988,500,False,,,,,,ai_draft,,,,evidence/citycode/getCtyCodeList_raw.json
A10025909,31240,GGB233003092,우미린2차.호수부영3차,55419,37.17135,127.1064167,37.17135,127.1064167,0.0,153.75451837807924,500,False,,,,,,ai_draft,,,,evidence/citycode/getCtyCodeList_raw.json
A10025909,31240,GGB233002262,하우스디더레이크.우미린,55476,37.1726167,127.1054833,37.1726167,127.1054833,0.0,230.4173709783023,500,False,,,,,,ai_draft,,,,evidence/citycode/getCtyCodeList_raw.json
A10025909,31240,GGB233002260,우미린.하우스디더레이크,55474,37.17235,127.10335,37.17235,127.10335,0.0,410.4341029975325,500,False,,,,,,ai_draft,,,,evidence/citycode/getCtyCodeList_raw.json
A10025909,31240,GGB277103992,호수공원미래체험관(미정차),0,37.1683167,127.1069167,37.1683167,127.1069167,0.0,418.0336491405054,500,False,,,,,,ai_draft,,,,evidence/citycode/getCtyCodeList_raw.json
A10025919,31230,GGB232000847,금성백조예미지,35794,37.63735,126.6226,37.63735,126.6226,0.0,162.98127771505534,500,False,,,,,,ai_draft,,,,evidence/citycode/getCtyCodeList_raw.json
A10025919,31230,GGB232000844,금성백조예미지,35791,37.6376667,126.6220333,37.6376667,126.6220333,0.0,184.9436029564964,500,False,,,,,,ai_draft,,,,evidence/citycode/getCtyCodeList_raw.json
A10025919,31230,GGB277102540,구래리차고지(미정차),0,37.6357,126.6255667,37.6357,126.6255667,0.0,328.31766207997566,500,False,,,,,,ai_draft,,,,evidence/citycode/getCtyCodeList_raw.json
A10025919,31230,GGB232000647,구래리차고지,35618,37.63565,126.6255833,37.63565,126.6255833,0.0,333.96111178301214,500,False,,,,,,ai_draft,,,,evidence/citycode/getCtyCodeList_raw.json
A10025919,31230,GGB232000558,김포한강3차푸르지오,35054,37.6409667,126.6214167,37.6409667,126.6214167,0.0,365.5613801384108,500,False,,,,,,ai_draft,,,,evidence/citycode/getCtyCodeList_raw.json
A10025919,31230,GGB232000767,모아엘가2차.한강센트럴블루힐,35764,37.6373167,126.6286167,37.6373167,126.6286167,0.0,427.4744413074772,500,False,,,,,,ai_draft,,,,evidence/citycode/getCtyCodeList_raw.json
A10025936,31230,GGB232000823,호수마을5단지.호반베르디움2차,35735,37.6473667,126.6328667,37.6473667,126.6328667,0.0,61.42359774688885,500,False,,,,,,ai_draft,,,,evidence/citycode/getCtyCodeList_raw.json
A10025936,31230,GGB232000074,호수마을5단지.호반베르디움2차,35270,37.64765,126.6326,37.64765,126.6326,0.0,85.66444662344925,500,False,,,,,,ai_draft,,,,evidence/citycode/getCtyCodeList_raw.json
A10025936,31230,GGB232000494,솔터3단지.이마트,35755,37.6441833,126.6307833,37.6441833,126.6307833,0.0,337.2730488701002,500,False,,,,,,ai_draft,,,,evidence/citycode/getCtyCodeList_raw.json
A10025936,31230,GGB232000536,솔터마을3단지,35757,37.6439167,126.6309,37.6439167,126.6309,0.0,359.6647618999105,500,False,,,,,,ai_draft,,,,evidence/citycode/getCtyCodeList_raw.json
A10025936,31230,GGB232000724,구래역,35195,37.6452,126.629,37.6452,126.629,0.0,362.9562884720439,500,False,,,,,,ai_draft,,,,evidence/citycode/getCtyCodeList_raw.json
A10025936,31230,GGB232000725,구래역,35196,37.6450833,126.6287,37.6450833,126.6287,0.0,392.2880648439236,500,False,,,,,,ai_draft,,,,evidence/citycode/getCtyCodeList_raw.json
A10025941,31180,GGB227000293,미사역호반써밋,28314,37.5660167,127.1969167,37.5660167,127.1969167,0.0,293.2038570177584,500,False,,,,,,ai_draft,,,,evidence/citycode/getCtyCodeList_raw.json
A10025941,31180,GGB227000683,미사역,28530,37.5634833,127.1929167,37.5634833,127.1929167,0.0,342.1660322648525,500,False,,,,,,ai_draft,,,,evidence/citycode/getCtyCodeList_raw.json
A10025941,31180,GGB227000658,미사역,28464,37.5637,127.1928333,37.5637,127.1928333,0.0,351.1193599469085,500,False,,,,,,ai_draft,,,,evidence/citycode/getCtyCodeList_raw.json
A10025941,31180,GGB227000660,미사역,28466,37.5633833,127.1925833,37.5633833,127.1925833,0.0,371.3658130018604,500,False,,,,,,ai_draft,,,,evidence/citycode/getCtyCodeList_raw.json
A10025941,31180,GGB227000682,미사역,28529,37.5635333,127.1925333,37.5635333,127.1925333,0.0,376.15102415310577,500,False,,,,,,ai_draft,,,,evidence/citycode/getCtyCodeList_raw.json
A10025941,31180,GGB227000264,미사경정공원관람동,28191,37.5642667,127.20095,37.5642667,127.20095,0.0,379.0884574430074,500,False,,,,,,ai_draft,,,,evidence/citycode/getCtyCodeList_raw.json
A10025947,31180,GGB227000514,미사강변브라운스톤,28321,37.5601333,127.1919167,37.5601333,127.1919167,0.0,100.05030024112008,500,False,,,,,,ai_draft,,,,evidence/citycode/getCtyCodeList_raw.json
A10025947,31180,GGB227000506,미사강변브라운스톤,28319,37.56065,127.1926667,37.56065,127.1926667,0.0,123.08869262346492,500,False,,,,,,ai_draft,,,,evidence/citycode/getCtyCodeList_raw.json
A10025947,31180,GGB227000273,청아초등학교.신안인스빌.브라운스톤,28303,37.5583667,127.19535,37.5583667,127.19535,0.0,261.9987098392839,500,False,,,,,,ai_draft,,,,evidence/citycode/getCtyCodeList_raw.json
A10025947,31180,GGB227000162,아란티움.26단지.e편한세상,28074,37.5567333,127.1920167,37.5567333,127.1920167,0.0,319.9159216089622,500,False,,,,,,ai_draft,,,,evidence/citycode/getCtyCodeList_raw.json
A10025947,31180,GGB227000201,하남노인·장애인복지관.미사1동행정복지센터,28228,37.5600833,127.18895,37.5600833,127.18895,0.0,342.5895045506188,500,False,,,,,,ai_draft,,,,evidence/citycode/getCtyCodeList_raw.json
A10025947,31180,GGB227000170,아란티움.26단지.e편한세상,28105,37.55655,127.1918667,37.55655,127.1918667,0.0,342.72540652111024,500,False,,,,,,ai_draft,,,,evidence/citycode/getCtyCodeList_raw.json
A10025953,31180,GGB227000235,덕풍2동행정복지센터.청소년문화의집,28263,37.54355,127.19835,37.54355,127.19835,0.0,319.4380370463076,500,False,,,,,,ai_draft,,,,evidence/citycode/getCtyCodeList_raw.json
A10025953,31180,GGB227000070,힐즈파크푸르지오1단지,28024,37.5441167,127.1925167,37.5441167,127.1925167,0.0,323.2594426398421,500,False,,,,,,ai_draft,,,,evidence/citycode/getCtyCodeList_raw.json
A10025953,31180,GGB227000709,힐즈파크푸르지오1단지,28556,37.5440667,127.1922667,37.5440667,127.1922667,0.0,336.1278884717747,500,False,,,,,,ai_draft,,,,evidence/citycode/getCtyCodeList_raw.json
A10025953,31180,GGB227000144,덕풍2동행정복지센터.청소년문화의집.농협,28051,37.5427667,127.19925,37.5427667,127.19925,0.0,364.13746846312966,500,False,,,,,,ai_draft,,,,evidence/citycode/getCtyCodeList_raw.json
A10025953,31180,GGB227000023,덕풍초등학교,28052,37.5421833,127.1995333,37.5421833,127.1995333,0.0,382.288625611998,500,False,,,,,,ai_draft,,,,evidence/citycode/getCtyCodeList_raw.json
A10025953,31180,GGB227000143,덕풍수리골공영주차장,28047,37.5449833,127.1980833,37.5449833,127.1980833,0.0,406.3523056826923,500,False,,,,,,ai_draft,,,,evidence/citycode/getCtyCodeList_raw.json
A10025962,31240,GGB233003210,반도유보라.삼정그린코아,55968,37.2015667,127.09035,37.2015667,127.09035,0.0,94.02496059854586,500,False,,,,,,ai_draft,,,,evidence/citycode/getCtyCodeList_raw.json
A10025962,31240,GGB233003211,반도유보라.삼정그린코아,55969,37.2013333,127.0904,37.2013333,127.0904,0.0,117.15707950982356,500,False,,,,,,ai_draft,,,,evidence/citycode/getCtyCodeList_raw.json
A10025962,31240,GGB233002294,반도8차,37134,37.2018667,127.0925167,37.2018667,127.0925167,0.0,164.90340853536932,500,False,,,,,,ai_draft,,,,evidence/citycode/getCtyCodeList_raw.json
A10025962,31240,GGB233002515,반도8차,37239,37.2018667,127.0930167,37.2018667,127.0930167,0.0,207.28799567921817,500,False,,,,,,ai_draft,,,,evidence/citycode/getCtyCodeList_raw.json
A10025962,31240,GGB233001629,반도유보라6차,55492,37.2037167,127.0925333,37.2037167,127.0925333,0.0,218.96570614663483,500,False,,,,,,ai_draft,,,,evidence/citycode/getCtyCodeList_raw.json
A10025962,31240,GGB233003121,반도유보라6차,55517,37.2045833,127.091,37.2045833,127.091,0.0,249.48060941357895,500,False,,,,,,ai_draft,,,,evidence/citycode/getCtyCodeList_raw.json
A10025966,31180,GGB227000162,아란티움.26단지.e편한세상,28074,37.5567333,127.1920167,37.5567333,127.1920167,0.0,118.15096394293684,500,False,,,,,,ai_draft,,,,evidence/citycode/getCtyCodeList_raw.json
A10025966,31180,GGB227000170,아란티움.26단지.e편한세상,28105,37.55655,127.1918667,37.55655,127.1918667,0.0,142.27387334396994,500,False,,,,,,ai_draft,,,,evidence/citycode/getCtyCodeList_raw.json
A10025966,31180,GGB227000273,청아초등학교.신안인스빌.브라운스톤,28303,37.5583667,127.19535,37.5583667,127.19535,0.0,254.304895041818,500,False,,,,,,ai_draft,,,,evidence/citycode/getCtyCodeList_raw.json
A10025966,31180,GGB227000514,미사강변브라운스톤,28321,37.5601333,127.1919167,37.5601333,127.1919167,0.0,277.87406643998696,500,False,,,,,,ai_draft,,,,evidence/citycode/getCtyCodeList_raw.json
A10025966,31180,GGB227000274,미사강변골든센트로.미사레스티아,28304,37.5578167,127.1961167,37.5578167,127.1961167,0.0,310.89634998804945,500,False,,,,,,ai_draft,,,,evidence/citycode/getCtyCodeList_raw.json
A10025966,31180,GGB227000506,미사강변브라운스톤,28319,37.56065,127.1926667,37.56065,127.1926667,0.0,328.91798512912294,500,False,,,,,,ai_draft,,,,evidence/citycode/getCtyCodeList_raw.json
A10025968,31240,GGB233003044,베라체.목동초,55550,37.1901833,127.1243167,37.1901833,127.1243167,0.0,51.278855746272136,500,False,,,,,,ai_draft,,,,evidence/citycode/getCtyCodeList_raw.json
A10025968,31240,GGB233001568,베라체아파트,36693,37.1905,127.12285,37.1905,127.12285,0.0,85.03019479411849,500,False,,,,,,ai_draft,,,,evidence/citycode/getCtyCodeList_raw.json
A10025968,31240,GGB233003154,목동초.베라체,55551,37.1901833,127.12495,37.1901833,127.12495,0.0,107.32807477054118,500,False,,,,,,ai_draft,,,,evidence/citycode/getCtyCodeList_raw.json
A10025968,31240,GGB233001623,동원로얄듀크2차.목동초,37682,37.1886667,127.1232667,37.1886667,127.1232667,0.0,176.77331704998576,500,False,,,,,,ai_draft,,,,evidence/citycode/getCtyCodeList_raw.json
A10025968,31240,GGB233003156,e편한세상동탄,55553,37.1902833,127.1258167,37.1902833,127.1258167,0.0,184.23034400188823,500,False,,,,,,ai_draft,,,,evidence/citycode/getCtyCodeList_raw.json
A10025968,31240,GGB233003155,e편한세상동탄,55552,37.1902,127.1266,37.1902,127.1266,0.0,253.4455639223062,500,False,,,,,,ai_draft,,,,evidence/citycode/getCtyCodeList_raw.json
A10025991,31180,GGB227000070,힐즈파크푸르지오1단지,28024,37.5441167,127.1925167,37.5441167,127.1925167,0.0,227.3532025405636,500,False,,,,,,ai_draft,,,,evidence/citycode/getCtyCodeList_raw.json
A10025991,31180,GGB227000709,힐즈파크푸르지오1단지,28556,37.5440667,127.1922667,37.5440667,127.1922667,0.0,247.8098222890464,500,False,,,,,,ai_draft,,,,evidence/citycode/getCtyCodeList_raw.json
A10025991,31180,GGB227000235,덕풍2동행정복지센터.청소년문화의집,28263,37.54355,127.19835,37.54355,127.19835,0.0,292.948627056478,500,False,,,,,,ai_draft,,,,evidence/citycode/getCtyCodeList_raw.json
A10025991,31180,GGB227000143,덕풍수리골공영주차장,28047,37.5449833,127.1980833,37.5449833,127.1980833,0.0,306.7925715345795,500,False,,,,,,ai_draft,,,,evidence/citycode/getCtyCodeList_raw.json
A10025991,31180,GGB227000708,테크노밸리U1센터,28555,37.5457333,127.1923333,37.5457333,127.1923333,0.0,331.2128256761233,500,False,,,,,,ai_draft,,,,evidence/citycode/getCtyCodeList_raw.json
A10025991,31180,GGB227000024,덕풍수리골공영주차장,28046,37.5455833,127.1979333,37.5455833,127.1979333,0.0,333.5679105972007,500,False,,,,,,ai_draft,,,,evidence/citycode/getCtyCodeList_raw.json
A10026008,31240,GGB233001637,린스트라우스.한화,37658,37.19625,127.0985167,37.19625,127.0985167,0.0,100.37509818048318,500,False,,,,,,ai_draft,,,,evidence/citycode/getCtyCodeList_raw.json
A10026008,31240,GGB233000978,한화.린스트라우스,36466,37.1953833,127.0990833,37.1953833,127.0990833,0.0,178.6064137328571,500,False,,,,,,ai_draft,,,,evidence/citycode/getCtyCodeList_raw.json
A10026008,31240,GGB233002437,한화꿈에그린,55309,37.1948167,127.1003333,37.1948167,127.1003333,0.0,305.9011272707179,500,False,,,,,,ai_draft,,,,evidence/citycode/getCtyCodeList_raw.json
A10026008,31240,GGB233002438,한화꿈에그린,55310,37.1944333,127.1004833,37.1944333,127.1004833,0.0,340.70066692267886,500,False,,,,,,ai_draft,,,,evidence/citycode/getCtyCodeList_raw.json
A10026008,31240,GGB233000305,그란비아스타,36384,37.1933667,127.0991,37.1933667,127.0991,0.0,354.569165155405,500,False,,,,,,ai_draft,,,,evidence/citycode/getCtyCodeList_raw.json
A10026008,31240,GGB233001625,반도5차.파라곤,37687,37.1964167,127.0930167,37.1964167,127.0930167,0.0,387.2426033787272,500,False,,,,,,ai_draft,,,,evidence/citycode/getCtyCodeList_raw.json
A10026040,31180,GGB227000282,미사강변2차푸르지오.센트리버,28309,37.5747833,127.1813333,37.5747833,127.1813333,0.0,141.45541560567935,500,False,,,,,,ai_draft,,,,evidence/citycode/getCtyCodeList_raw.json
A10026040,31180,GGB227000284,미사강변리버스위트칸타빌.리슈빌,28311,37.5739333,127.1813167,37.5739333,127.1813167,0.0,160.337432847124,500,False,,,,,,ai_draft,,,,evidence/citycode/getCtyCodeList_raw.json
A10026040,31180,GGB227000372,미사강변2차푸르지오북측.미사한강공원,28606,37.57655,127.1804667,37.57655,127.1804667,0.0,220.95560963854388,500,False,,,,,,ai_draft,,,,evidence/citycode/getCtyCodeList_raw.json
A10026040,31180,GGB227000283,미사강변2차푸르지오.미사강변고등학교,28310,37.5762333,127.1813333,37.5762333,127.1813333,0.0,225.44463021110855,500,False,,,,,,ai_draft,,,,evidence/citycode/getCtyCodeList_raw.json
A10026040,31180,GGB227000204,미사강변2차푸르지오.미사강변고등학교,28227,37.5769833,127.1832333,37.5769833,127.1832333,0.0,402.8739403864581,500,False,,,,,,ai_draft,,,,evidence/citycode/getCtyCodeList_raw.json
A10026040,31180,GGB227000285,센트리버.스타힐스.더샵리버포레,28312,37.5721333,127.1833667,37.5721333,127.1833667,0.0,424.9227299730549,500,False,,,,,,ai_draft,,,,evidence/citycode/getCtyCodeList_raw.json
A10026066,31230,GGB232000942,김포시자원화센터,35892,37.6491833,126.6387,37.6491833,126.6387,0.0,263.6962426145335,500,False,,,,,,ai_draft,,,,evidence/citycode/getCtyCodeList_raw.json
A10026066,31230,GGB232000943,김포시자원화센터,35893,37.6496,126.6389667,37.6496,126.6389667,0.0,286.5479156588204,500,False,,,,,,ai_draft,,,,evidence/citycode/getCtyCodeList_raw.json
A10026066,31230,GGB232000074,호수마을5단지.호반베르디움2차,35270,37.64765,126.6326,37.64765,126.6326,0.0,337.9462749346476,500,False,,,,,,ai_draft,,,,evidence/citycode/getCtyCodeList_raw.json
A10026066,31230,GGB232000823,호수마을5단지.호반베르디움2차,35735,37.6473667,126.6328667,37.6473667,126.6328667,0.0,339.49455300014,500,False,,,,,,ai_draft,,,,evidence/citycode/getCtyCodeList_raw.json
A10026066,31230,GGB232000574,김포한강듀클래스,35521,37.6525333,126.6359667,37.6525333,126.6359667,0.0,346.8006774497843,500,False,,,,,,ai_draft,,,,evidence/citycode/getCtyCodeList_raw.json
A10026066,31230,GGB232000643,김포한강듀클래스,35597,37.6526667,126.63585,37.6526667,126.63585,0.0,361.13430405714655,500,False,,,,,,ai_draft,,,,evidence/citycode/getCtyCodeList_raw.json
A10026067,31240,GGB233003129,호반6차,55525,37.1572333,127.1125167,37.1572333,127.1125167,0.0,192.17216854431345,500,False,,,,,,ai_draft,,,,evidence/citycode/getCtyCodeList_raw.json
A10026067,31240,GGB233003165,호반6차,55562,37.1570667,127.1126833,37.1570667,127.1126833,0.0,209.5867621127829,500,False,,,,,,ai_draft,,,,evidence/citycode/getCtyCodeList_raw.json
A10026067,31240,GGB233002531,서연초,55938,37.1588,127.1155,37.1588,127.1155,0.0,243.29928193087397,500,False,,,,,,ai_draft,,,,evidence/citycode/getCtyCodeList_raw.json
A10026067,31240,GGB233002952,서연중고등학교,37004,37.1613667,127.1117167,37.1613667,127.1117167,0.0,284.15724618432336,500,False,,,,,,ai_draft,,,,evidence/citycode/getCtyCodeList_raw.json
A10026067,31240,GGB233002584,서연초,55939,37.1594667,127.1161,37.1594667,127.1161,0.0,301.4074314953422,500,False,,,,,,ai_draft,,,,evidence/citycode/getCtyCodeList_raw.json
A10026067,31240,GGB233002953,서연중고등학교,37005,37.1615333,127.1116833,37.1615333,127.1116833,0.0,302.6535259327852,500,False,,,,,,ai_draft,,,,evidence/citycode/getCtyCodeList_raw.json
A10026074,31240,GGB233002181,동탄파크자이.이지더원후문,55610,37.2101667,127.1120333,37.2101667,127.1120333,0.0,21.363201538171698,500,False,,,,,,ai_draft,,,,evidence/citycode/getCtyCodeList_raw.json
A10026074,31240,GGB233002179,동탄파크이지더원.자이후문,55609,37.2100667,127.11185,37.2100667,127.11185,0.0,40.65992791119147,500,False,,,,,,ai_draft,,,,evidence/citycode/getCtyCodeList_raw.json
A10026074,31240,GGB233000242,동탄파크자이정문,55608,37.2112833,127.1118333,37.2112833,127.1118333,0.0,123.25572095360413,500,False,,,,,,ai_draft,,,,evidence/citycode/getCtyCodeList_raw.json
A10026074,31240,GGB233000243,동탄파크자이정문,55607,37.2113,127.1116167,37.2113,127.1116167,0.0,132.11418447430322,500,False,,,,,,ai_draft,,,,evidence/citycode/getCtyCodeList_raw.json
A10026074,31240,GGB233002178,다원초.파크자이,55775,37.2123667,127.1118333,37.2123667,127.1118333,0.0,240.74901535369247,500,False,,,,,,ai_draft,,,,evidence/citycode/getCtyCodeList_raw.json
A10026074,31240,GGB233002176,다원초.파크자이,55774,37.21235,127.1116167,37.21235,127.1116167,0.0,242.70095848221075,500,False,,,,,,ai_draft,,,,evidence/citycode/getCtyCodeList_raw.json
A10026087,31240,GGB233003159,한신더휴,55556,37.18655,127.1263167,37.18655,127.1263167,0.0,59.06499816585859,500,False,,,,,,ai_draft,,,,evidence/citycode/getCtyCodeList_raw.json
A10026087,31240,GGB233003160,경남아너스빌,55557,37.1864667,127.12655,37.1864667,127.12655,0.0,80.56683689100241,500,False,,,,,,ai_draft,,,,evidence/citycode/getCtyCodeList_raw.json
A10026087,31240,GGB233001614,한신더휴,55489,37.18645,127.12385,37.18645,127.12385,0.0,160.1134133373629,500,False,,,,,,ai_draft,,,,evidence/citycode/getCtyCodeList_raw.json
A10026087,31240,GGB233003157,목동중.금강4차,55554,37.1888833,127.1271167,37.1888833,127.1271167,0.0,287.6980079562805,500,False,,,,,,ai_draft,,,,evidence/citycode/getCtyCodeList_raw.json
A10026087,31240,GGB233003161,호반베르디움5차,55558,37.1838667,127.12525,37.1838667,127.12525,0.0,303.1868041895207,500,False,,,,,,ai_draft,,,,evidence/citycode/getCtyCodeList_raw.json
A10026087,31240,GGB233001620,힐스테이트.호반5차,55490,37.1848667,127.1229333,37.1848667,127.1229333,0.0,306.61368104320405,500,False,,,,,,ai_draft,,,,evidence/citycode/getCtyCodeList_raw.json
A10026098,31230,GGB232000969,은여울중학교.경남아너스빌,35919,37.6368833,126.6378,37.6368833,126.6378,0.0,125.57494392533324,500,False,,,,,,ai_draft,,,,evidence/citycode/getCtyCodeList_raw.json
A10026098,31230,GGB232000890,상록데시앙,35838,37.6373,126.6421,37.6373,126.6421,0.0,288.14114135889776,500,False,,,,,,ai_draft,,,,evidence/citycode/getCtyCodeList_raw.json
A10026098,31230,GGB232000741,힐스테이트.경남아너스빌,35659,37.6392333,126.6375167,37.6392333,126.6375167,0.0,348.2210514061523,500,False,,,,,,ai_draft,,,,evidence/citycode/getCtyCodeList_raw.json
A10026098,31230,GGB232000971,한강센트럴블루힐후문,35921,37.6353167,126.6339833,37.6353167,126.6339833,0.0,461.203357647491,500,False,,,,,,ai_draft,,,,evidence/citycode/getCtyCodeList_raw.json
A10026098,31230,GGB232000742,힐스테이트.경남아너스빌,35660,37.6384833,126.6344,37.6384833,126.6344,0.0,473.74643771794143,500,False,,,,,,ai_draft,,,,evidence/citycode/getCtyCodeList_raw.json
A10026098,31230,GGB232000534,솔터고교,35756,37.6409,126.6368667,37.6409,126.6368667,0.0,541.5588542343149,500,False,,,,,,ai_draft,,,,evidence/citycode/getCtyCodeList_raw.json
A10026103,31240,GGB233000428,금호어울림레이크.우남더테라스,55662,37.1619,127.1088333,37.1619,127.1088333,0.0,98.11190245110824,500,False,,,,,,ai_draft,,,,evidence/citycode/getCtyCodeList_raw.json
A10026103,31240,GGB233002445,금호어울림레이크.우남더테라스,55661,37.1621833,127.1076667,37.1621833,127.1076667,0.0,101.99099999247262,500,False,,,,,,ai_draft,,,,evidence/citycode/getCtyCodeList_raw.json
A10026103,31240,GGB233003127,금호어울림.계룡리슈빌,55523,37.1639,127.10695,37.1639,127.10695,0.0,191.50013373546489,500,False,,,,,,ai_draft,,,,evidence/citycode/getCtyCodeList_raw.json
A10026103,31240,GGB233003137,계룡리슈빌.금호어울림,55533,37.16465,127.10645,37.16465,127.10645,0.0,281.939967480636,500,False,,,,,,ai_draft,,,,evidence/citycode/getCtyCodeList_raw.json
A10026103,31240,GGB233002953,서연중고등학교,37005,37.1615333,127.1116833,37.1615333,127.1116833,0.0,307.9244797902485,500,False,,,,,,ai_draft,,,,evidence/citycode/getCtyCodeList_raw.json
A10026103,31240,GGB233001754,아이파크.센트럴시티,55505,37.1655167,127.1093167,37.1655167,127.1093167,0.0,314.09149378424587,500,False,,,,,,ai_draft,,,,evidence/citycode/getCtyCodeList_raw.json
A10026105,31180,GGB227000276,미사강변파크뷰.13단지,28305,37.5703,127.1894833,37.5703,127.1894833,0.0,159.1269884061944,500,False,,,,,,ai_draft,,,,evidence/citycode/getCtyCodeList_raw.json
A10026105,31180,GGB227000277,미사강변파밀리에.14단지,28306,37.5697,127.1900833,37.5697,127.1900833,0.0,193.4045903790432,500,False,,,,,,ai_draft,,,,evidence/citycode/getCtyCodeList_raw.json
A10026105,31180,GGB227000371,미사강변트래지안정문,28605,37.5728833,127.1925,37.5728833,127.1925,0.0,232.36694990919412,500,False,,,,,,ai_draft,,,,evidence/citycode/getCtyCodeList_raw.json
A10026105,31180,GGB227000195,미사강변한신더휴.트래지안,28504,37.5731167,127.1923833,37.5731167,127.1923833,0.0,245.3001982216807,500,False,,,,,,ai_draft,,,,evidence/citycode/getCtyCodeList_raw.json
A10026105,31180,GGB227000369,구산문화마을.구산성지,28603,37.572,127.1879167,37.572,127.1879167,0.0,252.86822319149687,500,False,,,,,,ai_draft,,,,evidence/citycode/getCtyCodeList_raw.json
A10026105,31180,GGB227000271,미사강변트래지안.미사초등학교,28212,37.5725167,127.1936333,37.5725167,127.1936333,0.0,289.96636226729595,500,False,,,,,,ai_draft,,,,evidence/citycode/getCtyCodeList_raw.json
A10026126,31240,GGB233000818,호반6차.제일풍경채,55684,37.1565333,127.1111667,37.1565333,127.1111667,0.0,25.929340500725075,500,False,,,,,,ai_draft,,,,evidence/citycode/getCtyCodeList_raw.json
A10026126,31240,GGB233000973,호반6차.제일풍경채,55685,37.15635,127.1115667,37.15635,127.1115667,0.0,47.58981407766879,500,False,,,,,,ai_draft,,,,evidence/citycode/getCtyCodeList_raw.json
A10026126,31240,GGB233003129,호반6차,55525,37.1572333,127.1125167,37.1572333,127.1125167,0.0,119.7101918467521,500,False,,,,,,ai_draft,,,,evidence/citycode/getCtyCodeList_raw.json
A10026126,31240,GGB233003165,호반6차,55562,37.1570667,127.1126833,37.1570667,127.1126833,0.0,126.28769074956011,500,False,,,,,,ai_draft,,,,evidence/citycode/getCtyCodeList_raw.json
A10026126,31240,GGB233003164,롯데캐슬.제일풍경채,55561,37.1574167,127.1090833,37.1574167,127.1090833,0.0,212.5398081590589,500,False,,,,,,ai_draft,,,,evidence/citycode/getCtyCodeList_raw.json
A10026126,31240,GGB233003130,롯데캐슬.제일풍경채,55526,37.1579167,127.1089,37.1579167,127.1089,0.0,251.8967872809332,500,False,,,,,,ai_draft,,,,evidence/citycode/getCtyCodeList_raw.json
A10026127,31240,GGB233000170,반도10차,55750,37.1663333,127.1273667,37.1663333,127.1273667,0.0,207.819726783227,500,False,,,,,,ai_draft,,,,evidence/citycode/getCtyCodeList_raw.json
A10026127,31240,GGB233003174,반도10차,55701,37.1664167,127.1271667,37.1664167,127.1271667,0.0,222.01272075746795,500,False,,,,,,ai_draft,,,,evidence/citycode/getCtyCodeList_raw.json
A10026127,31240,GGB233002288,세정초.하우스디,37086,37.1676,127.1248,37.1676,127.1248,0.0,430.0482824896701,500,False,,,,,,ai_draft,,,,evidence/citycode/getCtyCodeList_raw.json
A10026127,31240,GGB233000119,세정초남측,55749,37.1664167,127.1245167,37.1664167,127.1245167,0.0,452.7504064555667,500,False,,,,,,ai_draft,,,,evidence/citycode/getCtyCodeList_raw.json
A10026127,31240,GGB233000123,세정초.하우스디,55751,37.16785,127.1244333,37.16785,127.1244333,0.0,467.29505167887714,500,False,,,,,,ai_draft,,,,evidence/citycode/getCtyCodeList_raw.json
A10026127,31240,GGB233000084,세정초남측,55730,37.1667,127.1241167,37.1667,127.1241167,0.0,485.1361678599137,500,False,,,,,,ai_draft,,,,evidence/citycode/getCtyCodeList_raw.json
A10026131,31180,GGB227000257,아이테코.이편한세상미사,28268,37.5542167,127.19395,37.5542167,127.19395,0.0,77.43574157070312,500,False,,,,,,ai_draft,,,,evidence/citycode/getCtyCodeList_raw.json
A10026131,31180,GGB227000256,아이테코.이편한세상미사,28271,37.554,127.1943833,37.554,127.1943833,0.0,109.9029854023651,500,False,,,,,,ai_draft,,,,evidence/citycode/getCtyCodeList_raw.json
A10026131,31180,GGB227000191,제일풍경채.미사강변신안인스빌,28215,37.5551667,127.1961333,37.5551667,127.1961333,0.0,198.6307620489259,500,False,,,,,,ai_draft,,,,evidence/citycode/getCtyCodeList_raw.json
A10026131,31180,GGB227000171,아이테코,28107,37.55305,127.1931833,37.55305,127.1931833,0.0,216.55848470980135,500,False,,,,,,ai_draft,,,,evidence/citycode/getCtyCodeList_raw.json
A10026131,31180,GGB227000174,아이테코,28109,37.5528167,127.1936833,37.5528167,127.1936833,0.0,233.80153577813016,500,False,,,,,,ai_draft,,,,evidence/citycode/getCtyCodeList_raw.json
A10026131,31180,GGB227000170,아란티움.26단지.e편한세상,28105,37.55655,127.1918667,37.55655,127.1918667,0.0,255.71779897534915,500,False,,,,,,ai_draft,,,,evidence/citycode/getCtyCodeList_raw.json
A10026132,31240,GGB233002496,더샵센트럴시티2차.행복주택,55404,37.1869,127.0914167,37.1869,127.0914167,0.0,246.1868896739136,500,False,,,,,,ai_draft,,,,evidence/citycode/getCtyCodeList_raw.json
A10026132,31240,GGB233002495,동탄초교,55403,37.1874833,127.0925167,37.1874833,127.0925167,0.0,266.94778852733504,500,False,,,,,,ai_draft,,,,evidence/citycode/getCtyCodeList_raw.json
A10026132,31240,GGB233002494,동탄초교,37003,37.1881333,127.0929833,37.1881333,127.0929833,0.0,274.5224352951996,500,False,,,,,,ai_draft,,,,evidence/citycode/getCtyCodeList_raw.json
A10026132,31240,GGB233001006,행복주택.동탄경찰서(좌회전전용),55890,37.1865833,127.0916167,37.1865833,127.0916167,0.0,285.52893236528,500,False,,,,,,ai_draft,,,,evidence/citycode/getCtyCodeList_raw.json
A10026132,31240,GGB233002497,행복주택.동탄경찰서,55409,37.1865667,127.0918,37.1865667,127.0918,0.0,295.55560952976555,500,False,,,,,,ai_draft,,,,evidence/citycode/getCtyCodeList_raw.json
A10026132,31240,GGB233002498,에일린의뜰.중흥S클래스,55405,37.1871833,127.0869333,37.1871833,127.0869333,0.0,326.1818152503631,500,False,,,,,,ai_draft,,,,evidence/citycode/getCtyCodeList_raw.json
A10026145,31130,GGB222000911,한양수자인2차,49804,37.6203333,127.1478167,37.6203333,127.1478167,0.0,78.29686530672133,500,False,,,,,,ai_draft,,,,evidence/citycode/getCtyCodeList_raw.json
A10026145,31130,GGB222000910,한양수자인2차,49781,37.6207833,127.14715,37.6207833,127.14715,0.0,129.9532636871049,500,False,,,,,,ai_draft,,,,evidence/citycode/getCtyCodeList_raw.json
A10026145,31130,GGB222001919,다산가람초교.벧엘교회,49789,37.62055,127.1495167,37.62055,127.1495167,0.0,198.9747878809153,500,False,,,,,,ai_draft,,,,evidence/citycode/getCtyCodeList_raw.json
A10026145,31130,GGB222001918,다산가람초교.벧엘교회,49788,37.62035,127.1497,37.62035,127.1497,0.0,203.7584193941244,500,False,,,,,,ai_draft,,,,evidence/citycode/getCtyCodeList_raw.json
A10026145,31130,GGB222000907,다산메트로3단지.유승한내들골든뷰,49157,37.6223833,127.14705,37.6223833,127.14705,0.0,306.0996861625503,500,False,,,,,,ai_draft,,,,evidence/citycode/getCtyCodeList_raw.json
A10026145,31130,GGB222001153,유승한내들골든뷰.다산메트로3단지,49264,37.62255,127.1467667,37.62255,127.1467667,0.0,328.8120504308518,500,False,,,,,,ai_draft,,,,evidence/citycode/getCtyCodeList_raw.json
A10026155,31230,GGB232000944,LH한가람마을2단지,35894,37.6456333,126.6199667,37.6456333,126.6199667,0.0,137.62657277223008,500,False,,,,,,ai_draft,,,,evidence/citycode/getCtyCodeList_raw.json
A10026155,31230,GGB232000817,구래동행정복지센터,35729,37.64565,126.6225,37.64565,126.6225,0.0,167.4224491482997,500,False,,,,,,ai_draft,,,,evidence/citycode/getCtyCodeList_raw.json
A10026155,31230,GGB232000822,구래동행정복지센터,35734,37.6451,126.6215667,37.6451,126.6215667,0.0,170.83118097138748,500,False,,,,,,ai_draft,,,,evidence/citycode/getCtyCodeList_raw.json
A10026155,31230,GGB232000236,구래3리,35094,37.6464333,126.6189167,37.6464333,126.6189167,0.0,183.34111512067736,500,False,,,,,,ai_draft,,,,evidence/citycode/getCtyCodeList_raw.json
A10026155,31230,GGB232000179,구래3리,35095,37.6460167,126.6187333,37.6460167,126.6187333,0.0,208.0958416298705,500,False,,,,,,ai_draft,,,,evidence/citycode/getCtyCodeList_raw.json
A10026155,31230,GGB232000557,LH한가람마을2단지,35500,37.64425,126.6199333,37.64425,126.6199333,0.0,274.03311939207686,500,False,,,,,,ai_draft,,,,evidence/citycode/getCtyCodeList_raw.json
A10026156,31130,GGB222001153,유승한내들골든뷰.다산메트로3단지,49264,37.62255,127.1467667,37.62255,127.1467667,0.0,59.281182932884654,500,False,,,,,,ai_draft,,,,evidence/citycode/getCtyCodeList_raw.json
A10026156,31130,GGB222000907,다산메트로3단지.유승한내들골든뷰,49157,37.6223833,127.14705,37.6223833,127.14705,0.0,90.24515276670608,500,False,,,,,,ai_draft,,,,evidence/citycode/getCtyCodeList_raw.json
A10026156,31130,GGB222001935,한양수자인1차입구,49806,37.62465,127.1467833,37.62465,127.1467833,0.0,210.17135229315895,500,False,,,,,,ai_draft,,,,evidence/citycode/getCtyCodeList_raw.json
A10026156,31130,GGB222001936,한양수자인1차입구,49807,37.6248,127.1470667,37.6248,127.1470667,0.0,233.42202841922452,500,False,,,,,,ai_draft,,,,evidence/citycode/getCtyCodeList_raw.json
A10026156,31130,GGB222000910,한양수자인2차,49781,37.6207833,127.14715,37.6207833,127.14715,0.0,241.85175273625765,500,False,,,,,,ai_draft,,,,evidence/citycode/getCtyCodeList_raw.json
A10026156,31130,GGB222000911,한양수자인2차,49804,37.6203333,127.1478167,37.6203333,127.1478167,0.0,311.5694815573559,500,False,,,,,,ai_draft,,,,evidence/citycode/getCtyCodeList_raw.json
A10026164,31130,GGB222000626,유승한내들.e편한세상자이,49153,37.6206667,127.1529,37.6206667,127.1529,0.0,80.96420571767443,500,False,,,,,,ai_draft,,,,evidence/citycode/getCtyCodeList_raw.json
A10026164,31130,GGB222000956,유승한내들.e편한세상자이,49784,37.62045,127.1538167,37.62045,127.1538167,0.0,140.98103170614215,500,False,,,,,,ai_draft,,,,evidence/citycode/getCtyCodeList_raw.json
A10026164,31130,GGB222001423,e편한세상자이,49366,37.61945,127.1544333,37.61945,127.1544333,0.0,205.88969156899788,500,False,,,,,,ai_draft,,,,evidence/citycode/getCtyCodeList_raw.json
A10026164,31130,GGB222001918,다산가람초교.벧엘교회,49788,37.62035,127.1497,37.62035,127.1497,0.0,227.0514743958825,500,False,,,,,,ai_draft,,,,evidence/citycode/getCtyCodeList_raw.json
A10026164,31130,GGB222001013,자연앤e편한세상3차,49095,37.6197,127.1548167,37.6197,127.1548167,0.0,230.0757894494964,500,False,,,,,,ai_draft,,,,evidence/citycode/getCtyCodeList_raw.json
A10026164,31130,GGB222001919,다산가람초교.벧엘교회,49789,37.62055,127.1495167,37.62055,127.1495167,0.0,246.24190930711885,500,False,,,,,,ai_draft,,,,evidence/citycode/getCtyCodeList_raw.json
A10026206,31240,GGB233003130,롯데캐슬.제일풍경채,55526,37.1579167,127.1089,37.1579167,127.1089,0.0,39.30143574571351,500,False,,,,,,ai_draft,,,,evidence/citycode/getCtyCodeList_raw.json
A10026206,31240,GGB233003164,롯데캐슬.제일풍경채,55561,37.1574167,127.1090833,37.1574167,127.1090833,0.0,96.83149717354948,500,False,,,,,,ai_draft,,,,evidence/citycode/getCtyCodeList_raw.json
A10026206,31240,GGB233001319,한국제지,37509,37.15595,127.10855,37.15595,127.10855,0.0,259.2020210369193,500,False,,,,,,ai_draft,,,,evidence/citycode/getCtyCodeList_raw.json
A10026206,31240,GGB233003131,호수자이파밀리에,55527,37.1592167,127.1060333,37.1592167,127.1060333,0.0,271.39561145850683,500,False,,,,,,ai_draft,,,,evidence/citycode/getCtyCodeList_raw.json
A10026206,31240,GGB233003163,호수자이파밀리에,55560,37.1590667,127.1059167,37.1590667,127.1059167,0.0,275.11966676850216,500,False,,,,,,ai_draft,,,,evidence/citycode/getCtyCodeList_raw.json
A10026206,31240,GGB233000818,호반6차.제일풍경채,55684,37.1565333,127.1111667,37.1565333,127.1111667,0.0,281.3953557515418,500,False,,,,,,ai_draft,,,,evidence/citycode/getCtyCodeList_raw.json
A10026216,31230,GGB232000748,화성파크드림.KCC스위첸,35484,37.6446167,126.6930667,37.6446167,126.6930667,0.0,211.29789690785023,500,False,,,,,,ai_draft,,,,evidence/citycode/getCtyCodeList_raw.json
A10026216,31230,GGB232000747,화성파크드림.KCC스위첸,35483,37.6444667,126.6932833,37.6444667,126.6932833,0.0,223.3649833973267,500,False,,,,,,ai_draft,,,,evidence/citycode/getCtyCodeList_raw.json
A10026216,31230,GGB232000745,전원마을3단지.KCC스위첸,35579,37.6442833,126.6883333,37.6442833,126.6883333,0.0,227.632785968248,500,False,,,,,,ai_draft,,,,evidence/citycode/getCtyCodeList_raw.json
A10026216,31230,GGB232000746,전원마을3단지.KCC스위첸,35584,37.6444333,126.6882833,37.6444333,126.6882833,0.0,235.86926154628085,500,False,,,,,,ai_draft,,,,evidence/citycode/getCtyCodeList_raw.json
A10026216,31230,GGB232000423,한옥마을입구.검은다리,35212,37.6392833,126.6891333,37.6392833,126.6891333,0.0,531.553677878007,500,False,,,,,,ai_draft,,,,evidence/citycode/getCtyCodeList_raw.json
A10026216,31230,GGB232000365,장기마을입구.검은다리,35213,37.6380833,126.6901167,37.6380833,126.6901167,0.0,646.0420821713972,500,False,,,,,,ai_draft,,,,evidence/citycode/getCtyCodeList_raw.json
A10026292,31130,GGB222000626,유승한내들.e편한세상자이,49153,37.6206667,127.1529,37.6206667,127.1529,0.0,107.61654006909842,500,False,,,,,,ai_draft,,,,evidence/citycode/getCtyCodeList_raw.json
A10026292,31130,GGB222001943,유승한내들센트럴.e편한세상,49821,37.6221833,127.1540833,37.6221833,127.1540833,0.0,112.05124526090998,500,False,,,,,,ai_draft,,,,evidence/citycode/getCtyCodeList_raw.json
A10026292,31130,GGB222000875,다산역자연앤푸르지오,49925,37.6224333,127.1517167,37.6224333,127.1517167,0.0,145.46432663153925,500,False,,,,,,ai_draft,,,,evidence/citycode/getCtyCodeList_raw.json
A10026292,31130,GGB222001632,e편한세상.유승한내들센트럴,49516,37.6223333,127.1544167,37.6223333,127.1544167,0.0,145.76646084048406,500,False,,,,,,ai_draft,,,,evidence/citycode/getCtyCodeList_raw.json
A10026292,31130,GGB222000956,유승한내들.e편한세상자이,49784,37.62045,127.1538167,37.62045,127.1538167,0.0,148.77258227245898,500,False,,,,,,ai_draft,,,,evidence/citycode/getCtyCodeList_raw.json
A10026292,31130,GGB222000874,다산역자연앤푸르지오,49924,37.6223667,127.1515167,37.6223667,127.1515167,0.0,155.71083734872735,500,False,,,,,,ai_draft,,,,evidence/citycode/getCtyCodeList_raw.json
A10026319,31240,GGB233000379,방교초.레이크자이더테라스,55625,37.1723667,127.10085,37.1723667,127.10085,0.0,487.86683354746026,500,False,,,,,,ai_draft,,,,evidence/citycode/getCtyCodeList_raw.json
A10026319,31240,GGB233003064,동탄레이크원,55947,37.1738333,127.0991833,37.1738333,127.0991833,0.0,510.4556260030258,500,False,,,,,,ai_draft,,,,evidence/citycode/getCtyCodeList_raw.json
A10026319,31240,GGB233003062,ASML(A동),55946,37.17465,127.0971667,37.17465,127.0971667,0.0,540.2632547742675,500,False,,,,,,ai_draft,,,,evidence/citycode/getCtyCodeList_raw.json
A10026319,31240,GGB233002261,방교초.레이크자이더테라스,55475,37.17265,127.10135,37.17265,127.10135,0.0,542.2259685192315,500,False,,,,,,ai_draft,,,,evidence/citycode/getCtyCodeList_raw.json
A10026319,31240,GGB233002067,동탄호수마을,55591,37.1649833,127.0954,37.1649833,127.0954,0.0,546.0264423368558,500,False,,,,,,ai_draft,,,,evidence/citycode/getCtyCodeList_raw.json
A10026319,31240,GGB233002114,산척리,55090,37.1710167,127.09,37.1710167,127.09,0.0,578.0657113056501,500,False,,,,,,ai_draft,,,,evidence/citycode/getCtyCodeList_raw.json
A10026355,31240,GGB233000150,반도유보라.센트럴푸르지오,36515,37.1987333,127.11515,37.1987333,127.11515,0.0,85.59399037929924,500,False,,,,,,ai_draft,,,,evidence/citycode/getCtyCodeList_raw.json
A10026355,31240,GGB233001167,센트럴푸르지오.반도유보라,37484,37.1981167,127.11465,37.1981167,127.11465,0.0,119.82585977376576,500,False,,,,,,ai_draft,,,,evidence/citycode/getCtyCodeList_raw.json
A10026355,31240,GGB233000430,반도4차.동탄4동복지센터,55663,37.2001,127.1154,37.2001,127.1154,0.0,139.10865930581753,500,False,,,,,,ai_draft,,,,evidence/citycode/getCtyCodeList_raw.json
A10026355,31240,GGB233000129,신안2차.반도4차,36460,37.1999833,127.11605,37.1999833,127.11605,0.0,175.57878079225446,500,False,,,,,,ai_draft,,,,evidence/citycode/getCtyCodeList_raw.json
A10026355,31240,GGB233001168,센트럴푸르지오.호반베르디움2차,36458,37.1981333,127.1168167,37.1981333,127.1168167,0.0,246.73102765973212,500,False,,,,,,ai_draft,,,,evidence/citycode/getCtyCodeList_raw.json
A10026355,31240,GGB233002428,호반베르디움,55304,37.19955,127.1176167,37.19955,127.1176167,0.0,292.227429865017,500,False,,,,,,ai_draft,,,,evidence/citycode/getCtyCodeList_raw.json
A10026380,31240,GGB233003132,호수자이파밀리에.아이원,55528,37.1607333,127.1052,37.1607333,127.1052,0.0,55.72827218886066,500,False,,,,,,ai_draft,,,,evidence/citycode/getCtyCodeList_raw.json
A10026380,31240,GGB233003126,아이원.호수자이파밀리에,55522,37.1610167,127.1047833,37.1610167,127.1047833,0.0,100.56728760590056,500,False,,,,,,ai_draft,,,,evidence/citycode/getCtyCodeList_raw.json
A10026380,31240,GGB233003131,호수자이파밀리에,55527,37.1592167,127.1060333,37.1592167,127.1060333,0.0,128.65411459471937,500,False,,,,,,ai_draft,,,,evidence/citycode/getCtyCodeList_raw.json
A10026380,31240,GGB233003163,호수자이파밀리에,55560,37.1590667,127.1059167,37.1590667,127.1059167,0.0,140.1706318734968,500,False,,,,,,ai_draft,,,,evidence/citycode/getCtyCodeList_raw.json
A10026380,31240,GGB233002445,금호어울림레이크.우남더테라스,55661,37.1621833,127.1076667,37.1621833,127.1076667,0.0,293.3252997466953,500,False,,,,,,ai_draft,,,,evidence/citycode/getCtyCodeList_raw.json
A10026380,31240,GGB233000089,장지지하차도,36117,37.1574833,127.1051167,37.1574833,127.1051167,0.0,309.66933764777053,500,False,,,,,,ai_draft,,,,evidence/citycode/getCtyCodeList_raw.json
A10026388,31130,GGB222001921,반도유보라후문,49791,37.6308167,127.1534,37.6308167,127.1534,0.0,132.0280473901352,500,False,,,,,,ai_draft,,,,evidence/citycode/getCtyCodeList_raw.json
A10026388,31130,GGB222000313,다산롯데캐슬.반도유보라,49786,37.6286167,127.1545333,37.6286167,127.1545333,0.0,132.93859004650915,500,False,,,,,,ai_draft,,,,evidence/citycode/getCtyCodeList_raw.json
A10026388,31130,GGB222001922,반도유보라정문.다산포레스트2단지,49792,37.6295667,127.1555833,37.6295667,127.1555833,0.0,134.8679938951703,500,False,,,,,,ai_draft,,,,evidence/citycode/getCtyCodeList_raw.json
A10026388,31130,GGB222001930,반도유보라후문,49800,37.631,127.1536,37.631,127.1536,0.0,144.54012831762006,500,False,,,,,,ai_draft,,,,evidence/citycode/getCtyCodeList_raw.json
A10026388,31130,GGB222001933,다산자이폴라리스.반도유보라,49803,37.6296333,127.1523333,37.6296333,127.1523333,0.0,153.5605905252418,500,False,,,,,,ai_draft,,,,evidence/citycode/getCtyCodeList_raw.json
A10026388,31130,GGB222000278,다산롯데캐슬.반도유보라,49785,37.6283667,127.1542333,37.6283667,127.1542333,0.0,154.99635059729337,500,False,,,,,,ai_draft,,,,evidence/citycode/getCtyCodeList_raw.json
A10026422,31240,GGB233003155,e편한세상동탄,55552,37.1902,127.1266,37.1902,127.1266,0.0,40.54547702494419,500,False,,,,,,ai_draft,,,,evidence/citycode/getCtyCodeList_raw.json
A10026422,31240,GGB233003158,금강4차.목동중,55555,37.1893667,127.1273167,37.1893667,127.1273167,0.0,87.44124939728309,500,False,,,,,,ai_draft,,,,evidence/citycode/getCtyCodeList_raw.json
A10026422,31240,GGB233003156,e편한세상동탄,55553,37.1902833,127.1258167,37.1902833,127.1258167,0.0,110.4661552652075,500,False,,,,,,ai_draft,,,,evidence/citycode/getCtyCodeList_raw.json
A10026422,31240,GGB233003157,목동중.금강4차,55554,37.1888833,127.1271167,37.1888833,127.1271167,0.0,138.0139968097468,500,False,,,,,,ai_draft,,,,evidence/citycode/getCtyCodeList_raw.json
A10026422,31240,GGB233003154,목동초.베라체,55551,37.1901833,127.12495,37.1901833,127.12495,0.0,185.91706840828564,500,False,,,,,,ai_draft,,,,evidence/citycode/getCtyCodeList_raw.json
A10026422,31240,GGB233003044,베라체.목동초,55550,37.1901833,127.1243167,37.1901833,127.1243167,0.0,241.98802769330612,500,False,,,,,,ai_draft,,,,evidence/citycode/getCtyCodeList_raw.json
A10026448,31230,GGB232000663,고다니8단지,35306,37.6536,126.6336833,37.6536,126.6336833,0.0,277.46554668277395,500,False,,,,,,ai_draft,,,,evidence/citycode/getCtyCodeList_raw.json
A10026448,31230,GGB232000967,휴먼시아9단지,35917,37.6517667,126.62935,37.6517667,126.62935,0.0,294.90508237863384,500,False,,,,,,ai_draft,,,,evidence/citycode/getCtyCodeList_raw.json
A10026448,31230,GGB232000961,이편한세상.한강아이파크,35911,37.6514833,126.6292,37.6514833,126.6292,0.0,303.5312153482938,500,False,,,,,,ai_draft,,,,evidence/citycode/getCtyCodeList_raw.json
A10026448,31230,GGB232000664,고다니8단지,35608,37.6538667,126.6340667,37.6538667,126.6340667,0.0,317.4218841462328,500,False,,,,,,ai_draft,,,,evidence/citycode/getCtyCodeList_raw.json
A10026448,31230,GGB232000643,김포한강듀클래스,35597,37.6526667,126.63585,37.6526667,126.63585,0.0,324.1126488671893,500,False,,,,,,ai_draft,,,,evidence/citycode/getCtyCodeList_raw.json
A10026448,31230,GGB232000574,김포한강듀클래스,35521,37.6525333,126.6359667,37.6525333,126.6359667,0.0,326.35428390723234,500,False,,,,,,ai_draft,,,,evidence/citycode/getCtyCodeList_raw.json
A10026458,31230,GGB232000073,한강반도유보라5차,35473,37.6465,126.6267333,37.6465,126.6267333,0.0,83.67105301008483,500,False,,,,,,ai_draft,,,,evidence/citycode/getCtyCodeList_raw.json
A10026458,31230,GGB232000027,한강반도유보라5차,35590,37.6461167,126.6264167,37.6461167,126.6264167,0.0,128.33788970254744,500,False,,,,,,ai_draft,,,,evidence/citycode/getCtyCodeList_raw.json
A10026458,31230,GGB277102725,김포한강7로(미정차),0,37.6480333,126.6277667,37.6480333,126.6277667,0.0,129.07121951062638,500,False,,,,,,ai_draft,,,,evidence/citycode/getCtyCodeList_raw.json
A10026458,31230,GGB232000705,호수마을이편한세상.한가람우미린,35640,37.6492333,126.6277333,37.6492333,126.6277333,0.0,238.9835035986025,500,False,,,,,,ai_draft,,,,evidence/citycode/getCtyCodeList_raw.json
A10026458,31230,GGB232000704,한가람마을우미린.호수이편한세상,35641,37.6495167,126.6273333,37.6495167,126.6273333,0.0,258.3090111097593,500,False,,,,,,ai_draft,,,,evidence/citycode/getCtyCodeList_raw.json
A10026458,31230,GGB232000725,구래역,35196,37.6450833,126.6287,37.6450833,126.6287,0.0,299.4212165612419,500,False,,,,,,ai_draft,,,,evidence/citycode/getCtyCodeList_raw.json
A10026464,31240,GGB233001993,동탄행복마을푸르지오아파트,55584,37.2095833,127.1189667,37.2095833,127.1189667,0.0,240.9473026245084,500,False,,,,,,ai_draft,,,,evidence/citycode/getCtyCodeList_raw.json
A10026464,31240,GGB233001306,반도유보라후문,36482,37.2087833,127.1183167,37.2087833,127.1183167,0.0,346.8786642114516,500,False,,,,,,ai_draft,,,,evidence/citycode/getCtyCodeList_raw.json
A10026464,31240,GGB233001172,반도유보라후문,36785,37.2088333,127.1181833,37.2088333,127.1181833,0.0,348.6364927347633,500,False,,,,,,ai_draft,,,,evidence/citycode/getCtyCodeList_raw.json
A10026464,31240,GGB233001162,반도유보라정문,36448,37.2083,127.1172,37.2083,127.1172,0.0,448.1986087306321,500,False,,,,,,ai_draft,,,,evidence/citycode/getCtyCodeList_raw.json
A10026464,31240,GGB233001169,반도유보라정문,36450,37.2083667,127.1168,37.2083667,127.1168,0.0,465.8411149624429,500,False,,,,,,ai_draft,,,,evidence/citycode/getCtyCodeList_raw.json
A10026464,31240,GGB277104710,중리IC(미정차),0,37.2085833,127.1248667,37.2085833,127.1248667,0.0,507.8343198688211,500,False,,,,,,ai_draft,,,,evidence/citycode/getCtyCodeList_raw.json
A10026501,31180,GGB227000267,미사강변센트럴자이.하남고등학교,28299,37.5595333,127.1855833,37.5595333,127.1855833,0.0,198.81904016794385,500,False,,,,,,ai_draft,,,,evidence/citycode/getCtyCodeList_raw.json
A10026501,31180,GGB227000005,미사강변센텀팰리스.강일리버10단지,28022,37.5597167,127.1820333,37.5597167,127.1820333,0.0,232.6187030618344,500,False,,,,,,ai_draft,,,,evidence/citycode/getCtyCodeList_raw.json
A10026501,31180,GGB227000386,하남고정문,28620,37.5599,127.1859167,37.5599,127.1859167,0.0,248.4530536812124,500,False,,,,,,ai_draft,,,,evidence/citycode/getCtyCodeList_raw.json
A10026501,31180,GGB227000281,미사1동행정복지센터.하남고등학교.노인·장애인복지관,28513,37.55945,127.1874167,37.55945,127.1874167,0.0,330.663476480762,500,False,,,,,,ai_draft,,,,evidence/citycode/getCtyCodeList_raw.json
A10026501,31180,GGB227000268,하남고용센터.센트럴자이.더샵센트럴포레,28300,37.55545,127.1865167,37.55545,127.1865167,0.0,387.7808885943018,500,False,,,,,,ai_draft,,,,evidence/citycode/getCtyCodeList_raw.json
A10026501,31180,GGB227000269,하남고용센터.센트럴자이.더샵센트럴포레,28301,37.5554833,127.1869,37.5554833,127.1869,0.0,405.4672632728823,500,False,,,,,,ai_draft,,,,evidence/citycode/getCtyCodeList_raw.json
A10026503,31230,GGB232000727,운양역,35650,37.6536833,126.6851333,37.6536833,126.6851333,0.0,199.0007952555008,500,False,,,,,,ai_draft,,,,evidence/citycode/getCtyCodeList_raw.json
A10026503,31230,GGB232000010,운양역2번출구,35088,37.65395,126.6847833,37.65395,126.6847833,0.0,213.04695442644476,500,False,,,,,,ai_draft,,,,evidence/citycode/getCtyCodeList_raw.json
A10026503,31230,GGB232000726,운양역,35649,37.6538167,126.6826667,37.6538167,126.6826667,0.0,219.6799479594844,500,False,,,,,,ai_draft,,,,evidence/citycode/getCtyCodeList_raw.json
A10026503,31230,GGB232000758,반도유보라2차.김포대학교,35389,37.6516667,126.6788333,37.6516667,126.6788333,0.0,456.81725994627305,500,False,,,,,,ai_draft,,,,evidence/citycode/getCtyCodeList_raw.json
A10026503,31230,GGB232000772,롯데캐슬정문,35679,37.6555333,126.6806333,37.6555333,126.6806333,0.0,479.0829753450535,500,False,,,,,,ai_draft,,,,evidence/citycode/getCtyCodeList_raw.json
A10026503,31230,GGB232000774,대림e편한세상정문,35681,37.6562833,126.6809667,37.6562833,126.6809667,0.0,531.9072873149911,500,False,,,,,,ai_draft,,,,evidence/citycode/getCtyCodeList_raw.json
A10026523,31180,GGB227000284,미사강변리버스위트칸타빌.리슈빌,28311,37.5739333,127.1813167,37.5739333,127.1813167,0.0,142.78354732283486,500,False,,,,,,ai_draft,,,,evidence/citycode/getCtyCodeList_raw.json
A10026523,31180,GGB227000282,미사강변2차푸르지오.센트리버,28309,37.5747833,127.1813333,37.5747833,127.1813333,0.0,232.0165906796884,500,False,,,,,,ai_draft,,,,evidence/citycode/getCtyCodeList_raw.json
A10026523,31180,GGB227000285,센트리버.스타힐스.더샵리버포레,28312,37.5721333,127.1833667,37.5721333,127.1833667,0.0,252.8109541001756,500,False,,,,,,ai_draft,,,,evidence/citycode/getCtyCodeList_raw.json
A10026523,31180,GGB227000291,미사강변스타힐스.금빛마을,28486,37.5713167,127.1829333,37.5713167,127.1829333,0.0,260.8986287393814,500,False,,,,,,ai_draft,,,,evidence/citycode/getCtyCodeList_raw.json
A10026523,31180,GGB227000656,미사강변스타힐스.금빛마을,28462,37.5701167,127.1831667,37.5701167,127.1831667,0.0,371.4860862184361,500,False,,,,,,ai_draft,,,,evidence/citycode/getCtyCodeList_raw.json
A10026523,31180,GGB227000283,미사강변2차푸르지오.미사강변고등학교,28310,37.5762333,127.1813333,37.5762333,127.1813333,0.0,389.6240172890127,500,False,,,,,,ai_draft,,,,evidence/citycode/getCtyCodeList_raw.json
A10026529,31230,GGB232000724,구래역,35195,37.6452,126.629,37.6452,126.629,0.0,155.62627228329893,500,False,,,,,,ai_draft,,,,evidence/citycode/getCtyCodeList_raw.json
A10026529,31230,GGB232000725,구래역,35196,37.6450833,126.6287,37.6450833,126.6287,0.0,182.7760006171029,500,False,,,,,,ai_draft,,,,evidence/citycode/getCtyCodeList_raw.json
A10026529,31230,GGB232000494,솔터3단지.이마트,35755,37.6441833,126.6307833,37.6441833,126.6307833,0.0,241.05070294841525,500,False,,,,,,ai_draft,,,,evidence/citycode/getCtyCodeList_raw.json
A10026529,31230,GGB232000074,호수마을5단지.호반베르디움2차,35270,37.64765,126.6326,37.64765,126.6326,0.0,266.2002533739917,500,False,,,,,,ai_draft,,,,evidence/citycode/getCtyCodeList_raw.json
A10026529,31230,GGB232000823,호수마을5단지.호반베르디움2차,35735,37.6473667,126.6328667,37.6473667,126.6328667,0.0,270.4087124818669,500,False,,,,,,ai_draft,,,,evidence/citycode/getCtyCodeList_raw.json
A10026529,31230,GGB232000536,솔터마을3단지,35757,37.6439167,126.6309,37.6439167,126.6309,0.0,272.3198227921184,500,False,,,,,,ai_draft,,,,evidence/citycode/getCtyCodeList_raw.json
A10026555,31230,GGB232000773,김포제일고등학교,35680,37.6537833,126.67735,37.6537833,126.67735,0.0,99.46013535509849,500,False,,,,,,ai_draft,,,,evidence/citycode/getCtyCodeList_raw.json
A10026555,31230,GGB232000768,청수초등학교,35675,37.6543833,126.6786167,37.6543833,126.6786167,0.0,168.23529426692502,500,False,,,,,,ai_draft,,,,evidence/citycode/getCtyCodeList_raw.json
A10026555,31230,GGB232000999,롯데캐슬,35952,37.6567833,126.67765,37.6567833,126.67765,0.0,264.56001845575514,500,False,,,,,,ai_draft,,,,evidence/citycode/getCtyCodeList_raw.json
A10026555,31230,GGB232000998,롯데캐슬,35951,37.65685,126.6777333,37.65685,126.6777333,0.0,273.9317106874028,500,False,,,,,,ai_draft,,,,evidence/citycode/getCtyCodeList_raw.json
A10026555,31230,GGB232000785,삼성래미안,35696,37.6518833,126.67595,37.6518833,126.67595,0.0,301.06519512531355,500,False,,,,,,ai_draft,,,,evidence/citycode/getCtyCodeList_raw.json
A10026555,31230,GGB232000786,삼성래미안,35697,37.6518333,126.6757667,37.6518333,126.6757667,0.0,310.42675865252727,500,False,,,,,,ai_draft,,,,evidence/citycode/getCtyCodeList_raw.json
A10026562,31130,GGB222001935,한양수자인1차입구,49806,37.62465,127.1467833,37.62465,127.1467833,0.0,109.31153135196344,500,False,,,,,,ai_draft,,,,evidence/citycode/getCtyCodeList_raw.json
A10026562,31130,GGB222001936,한양수자인1차입구,49807,37.6248,127.1470667,37.6248,127.1470667,0.0,115.96918896783644,500,False,,,,,,ai_draft,,,,evidence/citycode/getCtyCodeList_raw.json
A10026562,31130,GGB222001475,다산진건데시앙.경기행복주택,49392,37.6263667,127.1473333,37.6263667,127.1473333,0.0,157.98120783648938,500,False,,,,,,ai_draft,,,,evidence/citycode/getCtyCodeList_raw.json
A10026562,31130,GGB222000818,다산하늘초.한양수자인1차후문,49203,37.6266667,127.1471667,37.6266667,127.1471667,0.0,172.95512687447712,500,False,,,,,,ai_draft,,,,evidence/citycode/getCtyCodeList_raw.json
A10026562,31130,GGB222000835,다산역4번출구.경기행복주택,23035,37.6253,127.1487667,37.6253,127.1487667,0.0,243.77959519148573,500,False,,,,,,ai_draft,,,,evidence/citycode/getCtyCodeList_raw.json
A10026562,31130,GGB222000856,다산역4번출구.경기행복주택,23036,37.6250833,127.1488667,37.6250833,127.1488667,0.0,254.9242709190367,500,False,,,,,,ai_draft,,,,evidence/citycode/getCtyCodeList_raw.json
A10026580,31130,GGB222000316,다산아이파크.롯데캐슬,49787,37.6268833,127.1558667,37.6268833,127.1558667,0.0,46.06215535528956,500,False,,,,,,ai_draft,,,,evidence/citycode/getCtyCodeList_raw.json
A10026580,31130,GGB222000383,다산롯데캐슬.아이파크,49179,37.62705,127.1555833,37.62705,127.1555833,0.0,70.45093709187964,500,False,,,,,,ai_draft,,,,evidence/citycode/getCtyCodeList_raw.json
A10026580,31130,GGB222000790,다산중학교.성산플레이스1,49915,37.6283667,127.1566833,37.6283667,127.1566833,0.0,157.30137040785772,500,False,,,,,,ai_draft,,,,evidence/citycode/getCtyCodeList_raw.json
A10026580,31130,GGB222001941,다산롯데캐슬정문,49819,37.6261333,127.1543333,37.6261333,127.1543333,0.0,202.78509411359352,500,False,,,,,,ai_draft,,,,evidence/citycode/getCtyCodeList_raw.json
A10026580,31130,GGB222001942,다산롯데캐슬정문,49820,37.62595,127.15435,37.62595,127.15435,0.0,211.6977941828354,500,False,,,,,,ai_draft,,,,evidence/citycode/getCtyCodeList_raw.json
A10026580,31130,GGB222000891,힐스테이트후문,23498,37.6249,127.1558667,37.6249,127.1558667,0.0,234.84890470655145,500,False,,,,,,ai_draft,,,,evidence/citycode/getCtyCodeList_raw.json
A10026587,31240,GGB233003166,레이크반도9차,55563,37.1620167,127.1162333,37.1620167,127.1162333,0.0,101.6722527752606,500,False,,,,,,ai_draft,,,,evidence/citycode/getCtyCodeList_raw.json
A10026587,31240,GGB233003133,레이크반도9차,55529,37.1619,127.1161167,37.1619,127.1161167,0.0,117.00967672104696,500,False,,,,,,ai_draft,,,,evidence/citycode/getCtyCodeList_raw.json
A10026587,31240,GGB233003134,동탄2아이파크1단지,55530,37.1613167,127.1194667,37.1613167,127.1194667,0.0,232.43449460614605,500,False,,,,,,ai_draft,,,,evidence/citycode/getCtyCodeList_raw.json
A10026587,31240,GGB233003167,동탄2아이파크1단지,55564,37.1613667,127.1199167,37.1613667,127.1199167,0.0,264.4085099770673,500,False,,,,,,ai_draft,,,,evidence/citycode/getCtyCodeList_raw.json
A10026587,31240,GGB233002584,서연초,55939,37.1594667,127.1161,37.1594667,127.1161,0.0,345.70680055464504,500,False,,,,,,ai_draft,,,,evidence/citycode/getCtyCodeList_raw.json
A10026587,31240,GGB233003135,동탄2아이파크2단지,55531,37.1600333,127.1200333,37.1600333,127.1200333,0.0,363.5568859625066,500,False,,,,,,ai_draft,,,,evidence/citycode/getCtyCodeList_raw.json
A10026598,31130,GGB222001632,e편한세상.유승한내들센트럴,49516,37.6223333,127.1544167,37.6223333,127.1544167,0.0,119.39424015742732,500,False,,,,,,ai_draft,,,,evidence/citycode/getCtyCodeList_raw.json
A10026598,31130,GGB222000918,e편한세상다산정문,49783,37.62065,127.1555,37.62065,127.1555,0.0,125.28264970122464,500,False,,,,,,ai_draft,,,,evidence/citycode/getCtyCodeList_raw.json
A10026598,31130,GGB222001943,유승한내들센트럴.e편한세상,49821,37.6221833,127.1540833,37.6221833,127.1540833,0.0,138.97785649651843,500,False,,,,,,ai_draft,,,,evidence/citycode/getCtyCodeList_raw.json
A10026598,31130,GGB222000161,e편한세상.힐스테이트정문.다산유치원,49183,37.6216167,127.1577333,37.6216167,127.1577333,0.0,190.92190459103875,500,False,,,,,,ai_draft,,,,evidence/citycode/getCtyCodeList_raw.json
A10026598,31130,GGB222000917,자연앤e편한세상3차정문,49782,37.62045,127.15715,37.62045,127.15715,0.0,202.3835447853443,500,False,,,,,,ai_draft,,,,evidence/citycode/getCtyCodeList_raw.json
A10026598,31130,GGB222000956,유승한내들.e편한세상자이,49784,37.62045,127.1538167,37.62045,127.1538167,0.0,213.74523915098143,500,False,,,,,,ai_draft,,,,evidence/citycode/getCtyCodeList_raw.json
A10026600,31130,GGB222001941,다산롯데캐슬정문,49819,37.6261333,127.1543333,37.6261333,127.1543333,0.0,43.93329270998973,500,False,,,,,,ai_draft,,,,evidence/citycode/getCtyCodeList_raw.json
A10026600,31130,GGB222001942,다산롯데캐슬정문,49820,37.62595,127.15435,37.62595,127.15435,0.0,64.14631081610119,500,False,,,,,,ai_draft,,,,evidence/citycode/getCtyCodeList_raw.json
A10026600,31130,GGB222000383,다산롯데캐슬.아이파크,49179,37.62705,127.1555833,37.62705,127.1555833,0.0,120.43707893717256,500,False,,,,,,ai_draft,,,,evidence/citycode/getCtyCodeList_raw.json
A10026600,31130,GGB222000316,다산아이파크.롯데캐슬,49787,37.6268833,127.1558667,37.6268833,127.1558667,0.0,136.2870302465374,500,False,,,,,,ai_draft,,,,evidence/citycode/getCtyCodeList_raw.json
A10026600,31130,GGB222001694,다산역데시앙,49885,37.6254167,127.1529,37.6254167,127.1529,0.0,179.87009408737467,500,False,,,,,,ai_draft,,,,evidence/citycode/getCtyCodeList_raw.json
A10026600,31130,GGB222000278,다산롯데캐슬.반도유보라,49785,37.6283667,127.1542333,37.6283667,127.1542333,0.0,205.1013925058286,500,False,,,,,,ai_draft,,,,evidence/citycode/getCtyCodeList_raw.json
A10026608,31230,GGB232000420,장기본동행정복지센터.성창.에일린의뜰,35206,37.65315,126.6717333,37.65315,126.6717333,0.0,102.60331268871283,500,False,,,,,,ai_draft,,,,evidence/citycode/getCtyCodeList_raw.json
A10026608,31230,GGB232000368,장기본동행정복지센터,35204,37.6527667,126.6715333,37.6527667,126.6715333,0.0,143.69785768608233,500,False,,,,,,ai_draft,,,,evidence/citycode/getCtyCodeList_raw.json
A10026608,31230,GGB232000732,한강로사거리,35295,37.65095,126.6741,37.65095,126.6741,0.0,328.3217955866787,500,False,,,,,,ai_draft,,,,evidence/citycode/getCtyCodeList_raw.json
A10026608,31230,GGB232000786,삼성래미안,35697,37.6518333,126.6757667,37.6518333,126.6757667,0.0,340.3510946276179,500,False,,,,,,ai_draft,,,,evidence/citycode/getCtyCodeList_raw.json
A10026608,31230,GGB232000316,청송1단지.중흥S클래스,35203,37.6510333,126.6707,37.6510333,126.6707,0.0,342.4926375831449,500,False,,,,,,ai_draft,,,,evidence/citycode/getCtyCodeList_raw.json
A10026608,31230,GGB232000317,청송1단지.중흥S클래스,35202,37.6509333,126.6709167,37.6509333,126.6709167,0.0,343.0297095376981,500,False,,,,,,ai_draft,,,,evidence/citycode/getCtyCodeList_raw.json
A10026619,31180,GGB227000274,미사강변골든센트로.미사레스티아,28304,37.5578167,127.1961167,37.5578167,127.1961167,0.0,162.58719265134704,500,False,,,,,,ai_draft,,,,evidence/citycode/getCtyCodeList_raw.json
A10026619,31180,GGB227000273,청아초등학교.신안인스빌.브라운스톤,28303,37.5583667,127.19535,37.5583667,127.19535,0.0,240.394439910338,500,False,,,,,,ai_draft,,,,evidence/citycode/getCtyCodeList_raw.json
A10026619,31180,GGB227000192,제일풍경채.미사강변신안인스빌,28039,37.5550667,127.1970667,37.5550667,127.1970667,0.0,306.983243306339,500,False,,,,,,ai_draft,,,,evidence/citycode/getCtyCodeList_raw.json
A10026619,31180,GGB227000191,제일풍경채.미사강변신안인스빌,28215,37.5551667,127.1961333,37.5551667,127.1961333,0.0,327.8208028897119,500,False,,,,,,ai_draft,,,,evidence/citycode/getCtyCodeList_raw.json
A10026619,31180,GGB227000211,풍경채1단지.덕풍중학교,28221,37.5549,127.1990667,37.5549,127.1990667,0.0,330.079256236575,500,False,,,,,,ai_draft,,,,evidence/citycode/getCtyCodeList_raw.json
A10026619,31180,GGB227000212,풍경채1단지.덕풍중학교,28222,37.5546667,127.1989,37.5546667,127.1989,0.0,351.1808969498091,500,False,,,,,,ai_draft,,,,evidence/citycode/getCtyCodeList_raw.json
A10026623,31020,GGB204000195,위례한빛고.이편한세상테라스위례,5288,37.4672333,127.1493333,37.4672333,127.1493333,0.0,282.9780156991535,500,False,,,,,,ai_draft,,,,evidence/citycode/getCtyCodeList_raw.json
A10026623,31020,GGB204000098,위례평생학습관,5295,37.46895,127.1501167,37.46895,127.1501167,0.0,315.9451976957816,500,False,,,,,,ai_draft,,,,evidence/citycode/getCtyCodeList_raw.json
A10026623,31020,GGB204000239,위례더힐남문.위례푸른초등학교,5174,37.4697333,127.1523,37.4697333,127.1523,0.0,323.41290548149016,500,False,,,,,,ai_draft,,,,evidence/citycode/getCtyCodeList_raw.json
A10026623,31020,GGB204000095,위례평생학습관,5289,37.4692833,127.1503167,37.4692833,127.1503167,0.0,334.0136879776908,500,False,,,,,,ai_draft,,,,evidence/citycode/getCtyCodeList_raw.json
A10026623,31020,GGB204000089,위례래미안이편한세상.위례한빛중학교,5296,37.4666833,127.1485833,37.4666833,127.1485833,0.0,345.95836944872343,500,False,,,,,,ai_draft,,,,evidence/citycode/getCtyCodeList_raw.json
A10026623,31020,GGB204000048,위례센트럴푸르지오.위례푸른초등학교,5294,37.46995,127.1513167,37.46995,127.1513167,0.0,362.3773863798776,500,False,,,,,,ai_draft,,,,evidence/citycode/getCtyCodeList_raw.json
A10026654,31230,GGB232000767,모아엘가2차.한강센트럴블루힐,35764,37.6373167,126.6286167,37.6373167,126.6286167,0.0,179.41760262586757,500,False,,,,,,ai_draft,,,,evidence/citycode/getCtyCodeList_raw.json
A10026654,31230,GGB277102614,솔터마을입구(미정차),0,37.6376167,126.63155,37.6376167,126.63155,0.0,185.5840804673656,500,False,,,,,,ai_draft,,,,evidence/citycode/getCtyCodeList_raw.json
A10026654,31230,GGB232000718,한강센트럴블루힐.모아엘가2차,35763,37.6370333,126.6288167,37.6370333,126.6288167,0.0,196.67118164468627,500,False,,,,,,ai_draft,,,,evidence/citycode/getCtyCodeList_raw.json
A10026654,31230,GGB232000707,화성파크드림.솔터마을입구,35642,37.6406667,126.63015,37.6406667,126.63015,0.0,231.12537946061892,500,False,,,,,,ai_draft,,,,evidence/citycode/getCtyCodeList_raw.json
A10026654,31230,GGB232000706,솔터마을입구.화성파크드림,35643,37.6411833,126.6302333,37.6411833,126.6302333,0.0,289.03172406170614,500,False,,,,,,ai_draft,,,,evidence/citycode/getCtyCodeList_raw.json
A10026654,31230,GGB232000208,한강힐스테이트,35522,37.6401,126.6328833,37.6401,126.6328833,0.0,314.87489666159524,500,False,,,,,,ai_draft,,,,evidence/citycode/getCtyCodeList_raw.json
A10026682,31020,GGB204000326,위례센트럴자이,5313,37.4733167,127.1373667,37.4733167,127.1373667,0.0,400.5340464675861,500,False,,,,,,ai_draft,,,,evidence/citycode/getCtyCodeList_raw.json
A10026682,31020,GGB204000327,위례31단지,5314,37.4730833,127.1368333,37.4730833,127.1368333,0.0,405.5416242105576,500,False,,,,,,ai_draft,,,,evidence/citycode/getCtyCodeList_raw.json
A10026682,31020,GGB204000335,위례중앙초등학교.성남위례36단지,5325,37.47135,127.1342,37.47135,127.1342,0.0,582.3475037079475,500,False,,,,,,ai_draft,,,,evidence/citycode/getCtyCodeList_raw.json
A10026682,31020,GGB204000145,한화오벨리스크,5318,37.4737333,127.14095,37.4737333,127.14095,0.0,588.1777052231296,500,False,,,,,,ai_draft,,,,evidence/citycode/getCtyCodeList_raw.json
A10026682,31020,GGB204000336,위례중앙초등학교.성남위례36단지,5326,37.47115,127.1340833,37.47115,127.1340833,0.0,606.0090130141017,500,False,,,,,,ai_draft,,,,evidence/citycode/getCtyCodeList_raw.json
A10026682,31020,GGB204000235,위례중앙중학교,5308,37.4712333,127.1380167,37.4712333,127.1380167,0.0,635.0874698581163,500,False,,,,,,ai_draft,,,,evidence/citycode/getCtyCodeList_raw.json
A10026707,31180,GGB227000268,하남고용센터.센트럴자이.더샵센트럴포레,28300,37.55545,127.1865167,37.55545,127.1865167,0.0,169.72044569085688,500,False,,,,,,ai_draft,,,,evidence/citycode/getCtyCodeList_raw.json
A10026707,31180,GGB227000678,미사우체국.더샵센트럴포레.동원로얄듀크,28525,37.5529667,127.1851167,37.5529667,127.1851167,0.0,194.92110658737505,500,False,,,,,,ai_draft,,,,evidence/citycode/getCtyCodeList_raw.json
A10026707,31180,GGB227000269,하남고용센터.센트럴자이.더샵센트럴포레,28301,37.5554833,127.1869,37.5554833,127.1869,0.0,201.4589454408636,500,False,,,,,,ai_draft,,,,evidence/citycode/getCtyCodeList_raw.json
A10026707,31180,GGB227000679,미사우체국.더샵센트럴포레.동원로얄듀크,28526,37.5528667,127.1847833,37.5528667,127.1847833,0.0,204.515858422918,500,False,,,,,,ai_draft,,,,evidence/citycode/getCtyCodeList_raw.json
A10026707,31180,GGB227000356,황산사거리.미사3동공공복합청사,28590,37.55065,127.1877667,37.55065,127.1877667,0.0,519.7151524199221,500,False,,,,,,ai_draft,,,,evidence/citycode/getCtyCodeList_raw.json
A10026707,31180,GGB227000250,황산사거리.미사센텀비즈,28276,37.5500167,127.1841667,37.5500167,127.1841667,0.0,524.6962726306463,500,False,,,,,,ai_draft,,,,evidence/citycode/getCtyCodeList_raw.json
A10026740,31240,GGB233000961,영천초.계룡,36453,37.2042833,127.1049333,37.2042833,127.1049333,0.0,265.2457222537516,500,False,,,,,,ai_draft,,,,evidence/citycode/getCtyCodeList_raw.json
A10026740,31240,GGB233001166,동탄2파출소.농협,36470,37.2091833,127.1049,37.2091833,127.1049,0.0,280.6007587359592,500,False,,,,,,ai_draft,,,,evidence/citycode/getCtyCodeList_raw.json
A10026740,31240,GGB233000131,계룡.영천초,36812,37.2039333,127.1048833,37.2039333,127.1048833,0.0,304.3597143698033,500,False,,,,,,ai_draft,,,,evidence/citycode/getCtyCodeList_raw.json
A10026740,31240,GGB233002431,동탄2파출소.농협,55307,37.2095,127.1043833,37.2095,127.1043833,0.0,321.60585254755443,500,False,,,,,,ai_draft,,,,evidence/citycode/getCtyCodeList_raw.json
A10026740,31240,GGB233001493,퍼스트파크.이지더원,37549,37.2086833,127.1083,37.2086833,127.1083,0.0,361.36628823135646,500,False,,,,,,ai_draft,,,,evidence/citycode/getCtyCodeList_raw.json
A10026740,31240,GGB233001924,동원로얄듀크,55927,37.2095333,127.1025,37.2095333,127.1025,0.0,393.4792220014393,500,False,,,,,,ai_draft,,,,evidence/citycode/getCtyCodeList_raw.json
A10026763,31230,GGB232000865,마산도서관.에일린의뜰,35812,37.6432333,126.6394667,37.6432333,126.6394667,0.0,98.73078977845074,500,False,,,,,,ai_draft,,,,evidence/citycode/getCtyCodeList_raw.json
A10026763,31230,GGB232000979,레이크에일린의뜰,35929,37.6440833,126.6392833,37.6440833,126.6392833,0.0,102.23248311297664,500,False,,,,,,ai_draft,,,,evidence/citycode/getCtyCodeList_raw.json
A10026763,31230,GGB232000869,마산도서관.마산동성당,35816,37.6431833,126.6397333,37.6431833,126.6397333,0.0,122.81492840594989,500,False,,,,,,ai_draft,,,,evidence/citycode/getCtyCodeList_raw.json
A10026763,31230,GGB232000980,레이크에일린의뜰,35930,37.6443,126.6395167,37.6443,126.6395167,0.0,133.567620630309,500,False,,,,,,ai_draft,,,,evidence/citycode/getCtyCodeList_raw.json
A10026763,31230,GGB232000534,솔터고교,35756,37.6409,126.6368667,37.6409,126.6368667,0.0,318.059222871451,500,False,,,,,,ai_draft,,,,evidence/citycode/getCtyCodeList_raw.json
A10026763,31230,GGB232000496,솔터고교,35397,37.641,126.63635,37.641,126.63635,0.0,330.42622573301185,500,False,,,,,,ai_draft,,,,evidence/citycode/getCtyCodeList_raw.json
A10026773,31230,GGB232000974,한강센트럴블루힐정문,35924,37.6349167,126.6298667,37.6349167,126.6298667,0.0,132.6276745809629,500,False,,,,,,ai_draft,,,,evidence/citycode/getCtyCodeList_raw.json
A10026773,31230,GGB277102614,솔터마을입구(미정차),0,37.6376167,126.63155,37.6376167,126.63155,0.0,203.32133320352204,500,False,,,,,,ai_draft,,,,evidence/citycode/getCtyCodeList_raw.json
A10026773,31230,GGB232000718,한강센트럴블루힐.모아엘가2차,35763,37.6370333,126.6288167,37.6370333,126.6288167,0.0,204.125967986277,500,False,,,,,,ai_draft,,,,evidence/citycode/getCtyCodeList_raw.json
A10026773,31230,GGB232000767,모아엘가2차.한강센트럴블루힐,35764,37.6373167,126.6286167,37.6373167,126.6286167,0.0,237.61340190667647,500,False,,,,,,ai_draft,,,,evidence/citycode/getCtyCodeList_raw.json
A10026773,31230,GGB232000572,구래리,35524,37.6351167,126.6279833,37.6351167,126.6279833,0.0,252.90605579176523,500,False,,,,,,ai_draft,,,,evidence/citycode/getCtyCodeList_raw.json
A10026773,31230,GGB232000611,구래리,35558,37.63565,126.62745,37.63565,126.62745,0.0,284.9340913261244,500,False,,,,,,ai_draft,,,,evidence/citycode/getCtyCodeList_raw.json
A10026774,31240,GGB233003121,반도유보라6차,55517,37.2045833,127.091,37.2045833,127.091,0.0,56.60271013963338,500,False,,,,,,ai_draft,,,,evidence/citycode/getCtyCodeList_raw.json
A10026774,31240,GGB233003120,반도유보라6차,55516,37.2048667,127.09085,37.2048667,127.09085,0.0,90.2426253549526,500,False,,,,,,ai_draft,,,,evidence/citycode/getCtyCodeList_raw.json
A10026774,31240,GGB233001629,반도유보라6차,55492,37.2037167,127.0925333,37.2037167,127.0925333,0.0,132.5868281436453,500,False,,,,,,ai_draft,,,,evidence/citycode/getCtyCodeList_raw.json
A10026774,31240,GGB233001631,반도유보라6차,55493,37.2039167,127.0930333,37.2039167,127.0930333,0.0,171.49156282374136,500,False,,,,,,ai_draft,,,,evidence/citycode/getCtyCodeList_raw.json
A10026774,31240,GGB233002294,반도8차,37134,37.2018667,127.0925167,37.2018667,127.0925167,0.0,276.08058605214904,500,False,,,,,,ai_draft,,,,evidence/citycode/getCtyCodeList_raw.json
A10026774,31240,GGB233003210,반도유보라.삼정그린코아,55968,37.2015667,127.09035,37.2015667,127.09035,0.0,287.58997240636126,500,False,,,,,,ai_draft,,,,evidence/citycode/getCtyCodeList_raw.json
A10026777,31020,GGB204000335,위례중앙초등학교.성남위례36단지,5325,37.47135,127.1342,37.47135,127.1342,0.0,177.8633527460837,500,False,,,,,,ai_draft,,,,evidence/citycode/getCtyCodeList_raw.json
A10026777,31020,GGB204000327,위례31단지,5314,37.4730833,127.1368333,37.4730833,127.1368333,0.0,185.2997175967081,500,False,,,,,,ai_draft,,,,evidence/citycode/getCtyCodeList_raw.json
A10026777,31020,GGB204000336,위례중앙초등학교.성남위례36단지,5326,37.47115,127.1340833,37.47115,127.1340833,0.0,202.10138577852143,500,False,,,,,,ai_draft,,,,evidence/citycode/getCtyCodeList_raw.json
A10026777,31020,GGB204000326,위례센트럴자이,5313,37.4733167,127.1373667,37.4733167,127.1373667,0.0,235.94672945962887,500,False,,,,,,ai_draft,,,,evidence/citycode/getCtyCodeList_raw.json
A10026777,31020,GGB204000235,위례중앙중학교,5308,37.4712333,127.1380167,37.4712333,127.1380167,0.0,342.23964025792475,500,False,,,,,,ai_draft,,,,evidence/citycode/getCtyCodeList_raw.json
A10026777,31020,GGB204000323,위례자이,5307,37.4703333,127.13715,37.4703333,127.13715,0.0,354.57170643385786,500,False,,,,,,ai_draft,,,,evidence/citycode/getCtyCodeList_raw.json
A10026784,31180,GGB227000264,미사경정공원관람동,28191,37.5642667,127.20095,37.5642667,127.20095,0.0,376.7141599191036,500,False,,,,,,ai_draft,,,,evidence/citycode/getCtyCodeList_raw.json
A10026784,31180,GGB227000273,청아초등학교.신안인스빌.브라운스톤,28303,37.5583667,127.19535,37.5583667,127.19535,0.0,445.0618563934157,500,False,,,,,,ai_draft,,,,evidence/citycode/getCtyCodeList_raw.json
A10026784,31180,GGB227000274,미사강변골든센트로.미사레스티아,28304,37.5578167,127.1961167,37.5578167,127.1961167,0.0,458.8015136545044,500,False,,,,,,ai_draft,,,,evidence/citycode/getCtyCodeList_raw.json
A10026784,31180,GGB227000293,미사역호반써밋,28314,37.5660167,127.1969167,37.5660167,127.1969167,0.0,525.8682169560888,500,False,,,,,,ai_draft,,,,evidence/citycode/getCtyCodeList_raw.json
A10026784,31180,GGB227000506,미사강변브라운스톤,28319,37.56065,127.1926667,37.56065,127.1926667,0.0,525.9396242461085,500,False,,,,,,ai_draft,,,,evidence/citycode/getCtyCodeList_raw.json
A10026784,31180,GGB227000683,미사역,28530,37.5634833,127.1929167,37.5634833,127.1929167,0.0,544.3250490071149,500,False,,,,,,ai_draft,,,,evidence/citycode/getCtyCodeList_raw.json
A10026805,31240,GGB233001638,반도5차,55484,37.1944667,127.09145,37.1944667,127.09145,0.0,83.60271027995772,500,False,,,,,,ai_draft,,,,evidence/citycode/getCtyCodeList_raw.json
A10026805,31240,GGB233001641,반도5차,55485,37.1941667,127.0908,37.1941667,127.0908,0.0,113.68768040683172,500,False,,,,,,ai_draft,,,,evidence/citycode/getCtyCodeList_raw.json
A10026805,31240,GGB233001628,반도5차.파라곤,55491,37.1964,127.0925167,37.1964,127.0925167,0.0,186.72841517732647,500,False,,,,,,ai_draft,,,,evidence/citycode/getCtyCodeList_raw.json
A10026805,31240,GGB233001625,반도5차.파라곤,37687,37.1964167,127.0930167,37.1964167,127.0930167,0.0,220.27712152599835,500,False,,,,,,ai_draft,,,,evidence/citycode/getCtyCodeList_raw.json
A10026805,31240,GGB233001648,신미주아파트,36993,37.1928667,127.09255,37.1928667,127.09255,0.0,286.0778597736792,500,False,,,,,,ai_draft,,,,evidence/citycode/getCtyCodeList_raw.json
A10026805,31240,GGB233001649,신미주아파트,37965,37.1929667,127.0929833,37.1929667,127.0929833,0.0,296.0990374901208,500,False,,,,,,ai_draft,,,,evidence/citycode/getCtyCodeList_raw.json
A10026806,31180,GGB227000284,미사강변리버스위트칸타빌.리슈빌,28311,37.5739333,127.1813167,37.5739333,127.1813167,0.0,334.7696384852813,500,False,,,,,,ai_draft,,,,evidence/citycode/getCtyCodeList_raw.json
A10026806,31180,GGB227000282,미사강변2차푸르지오.센트리버,28309,37.5747833,127.1813333,37.5747833,127.1813333,0.0,339.11103339844544,500,False,,,,,,ai_draft,,,,evidence/citycode/getCtyCodeList_raw.json
A10026806,31180,GGB227000372,미사강변2차푸르지오북측.미사한강공원,28606,37.57655,127.1804667,37.57655,127.1804667,0.0,361.9350078553133,500,False,,,,,,ai_draft,,,,evidence/citycode/getCtyCodeList_raw.json
A10026806,31180,GGB227000283,미사강변2차푸르지오.미사강변고등학교,28310,37.5762333,127.1813333,37.5762333,127.1813333,0.0,399.4466307210236,500,False,,,,,,ai_draft,,,,evidence/citycode/getCtyCodeList_raw.json
A10026806,31180,GGB227000285,센트리버.스타힐스.더샵리버포레,28312,37.5721333,127.1833667,37.5721333,127.1833667,0.0,565.4967001181955,500,False,,,,,,ai_draft,,,,evidence/citycode/getCtyCodeList_raw.json
A10026806,31180,GGB227000291,미사강변스타힐스.금빛마을,28486,37.5713167,127.1829333,37.5713167,127.1829333,0.0,577.3469930904868,500,False,,,,,,ai_draft,,,,evidence/citycode/getCtyCodeList_raw.json
A10026825,31230,GGB232000837,캐널시티,35784,37.6413,126.6769833,37.6413,126.6769833,0.0,89.2080647583952,500,False,,,,,,ai_draft,,,,evidence/citycode/getCtyCodeList_raw.json
A10026825,31230,GGB232000761,롯데마트.래미안한강아파트,35688,37.6398333,126.6770167,37.6398333,126.6770167,0.0,93.24593521246616,500,False,,,,,,ai_draft,,,,evidence/citycode/getCtyCodeList_raw.json
A10026825,31230,GGB232000838,캐널시티,35785,37.6412,126.6765167,37.6412,126.6765167,0.0,107.22482522542522,500,False,,,,,,ai_draft,,,,evidence/citycode/getCtyCodeList_raw.json
A10026825,31230,GGB232000760,래미안한강아파트,35687,37.6396667,126.6767333,37.6396667,126.6767333,0.0,121.47590607823676,500,False,,,,,,ai_draft,,,,evidence/citycode/getCtyCodeList_raw.json
A10026825,31230,GGB232000820,김포경찰서후문,35732,37.6394667,126.6803333,37.6394667,126.6803333,0.0,282.0489780083915,500,False,,,,,,ai_draft,,,,evidence/citycode/getCtyCodeList_raw.json
A10026825,31230,GGB232000819,김포경찰서후문,35731,37.6389833,126.6803167,37.6389833,126.6803167,0.0,308.50486571656,500,False,,,,,,ai_draft,,,,evidence/citycode/getCtyCodeList_raw.json
A10026888,31240,GGB233000122,센트럴상록.대방디엠시티,36792,37.2091667,127.1000333,37.2091667,127.1000333,0.0,136.90147075657657,500,False,,,,,,ai_draft,,,,evidence/citycode/getCtyCodeList_raw.json
A10026888,31240,GGB233000121,상록.테크노밸리.GS자이,36463,37.2082833,127.0990667,37.2082833,127.0990667,0.0,176.3469539691815,500,False,,,,,,ai_draft,,,,evidence/citycode/getCtyCodeList_raw.json
A10026888,31240,GGB233002432,대방디엠시티.센트럴상록,55308,37.2095167,127.0996667,37.2095167,127.0996667,0.0,187.5679806218921,500,False,,,,,,ai_draft,,,,evidence/citycode/getCtyCodeList_raw.json
A10026888,31240,GGB233001924,동원로얄듀크,55927,37.2095333,127.1025,37.2095333,127.1025,0.0,191.99558930470965,500,False,,,,,,ai_draft,,,,evidence/citycode/getCtyCodeList_raw.json
A10026888,31240,GGB233002436,상록.테크노밸리.GS자이,36842,37.2065167,127.0985167,37.2065167,127.0985167,0.0,295.862609473265,500,False,,,,,,ai_draft,,,,evidence/citycode/getCtyCodeList_raw.json
A10026888,31240,GGB233002431,동탄2파출소.농협,55307,37.2095,127.1043833,37.2095,127.1043833,0.0,325.95749027261826,500,False,,,,,,ai_draft,,,,evidence/citycode/getCtyCodeList_raw.json
A10026909,31240,GGB233000131,계룡.영천초,36812,37.2039333,127.1048833,37.2039333,127.1048833,0.0,307.1953704545866,500,False,,,,,,ai_draft,,,,evidence/citycode/getCtyCodeList_raw.json
A10026909,31240,GGB233000961,영천초.계룡,36453,37.2042833,127.1049333,37.2042833,127.1049333,0.0,344.6731257338098,500,False,,,,,,ai_draft,,,,evidence/citycode/getCtyCodeList_raw.json
A10026909,31240,GGB233000979,포스코더샵.롯데캐슬,36465,37.1999333,127.0991,37.1999333,127.0991,0.0,419.08538826892334,500,False,,,,,,ai_draft,,,,evidence/citycode/getCtyCodeList_raw.json
A10026909,31240,GGB233000964,우남퍼스트빌.예미지시그너스,36469,37.2033667,127.0991,37.2033667,127.0991,0.0,441.9709776674122,500,False,,,,,,ai_draft,,,,evidence/citycode/getCtyCodeList_raw.json
A10026909,31240,GGB233002433,우남퍼스트빌.자이,37663,37.2045667,127.1000833,37.2045667,127.1000833,0.0,459.8534466190082,500,False,,,,,,ai_draft,,,,evidence/citycode/getCtyCodeList_raw.json
A10026909,31240,GGB233000130,예미지시그너스.우남퍼스트빌,36447,37.20315,127.0985,37.20315,127.0985,0.0,478.7891678126512,500,False,,,,,,ai_draft,,,,evidence/citycode/getCtyCodeList_raw.json
A10026944,31020,GGB204000326,위례센트럴자이,5313,37.4733167,127.1373667,37.4733167,127.1373667,0.0,152.29169949693457,500,False,,,,,,ai_draft,,,,evidence/citycode/getCtyCodeList_raw.json
A10026944,31020,GGB204000146,위례센트럴자이정문,5319,37.4722167,127.14055,37.4722167,127.14055,0.0,172.28652370300455,500,False,,,,,,ai_draft,,,,evidence/citycode/getCtyCodeList_raw.json
A10026944,31020,GGB204000145,한화오벨리스크,5318,37.4737333,127.14095,37.4737333,127.14095,0.0,172.8694895015566,500,False,,,,,,ai_draft,,,,evidence/citycode/getCtyCodeList_raw.json
A10026944,31020,GGB204000327,위례31단지,5314,37.4730833,127.1368333,37.4730833,127.1368333,0.0,199.97086334137165,500,False,,,,,,ai_draft,,,,evidence/citycode/getCtyCodeList_raw.json
A10026944,31020,GGB204000010,위례보미리즌빌,5317,37.4717667,127.1408167,37.4717667,127.1408167,0.0,224.16988512025813,500,False,,,,,,ai_draft,,,,evidence/citycode/getCtyCodeList_raw.json
A10026944,31020,GGB204000235,위례중앙중학교,5308,37.4712333,127.1380167,37.4712333,127.1380167,0.0,242.95927296662637,500,False,,,,,,ai_draft,,,,evidence/citycode/getCtyCodeList_raw.json
A10026957,31240,GGB233002493,경기남부직업능력개발원,55937,37.20955,127.08725,37.20955,127.08725,0.0,182.2069673064372,500,False,,,,,,ai_draft,,,,evidence/citycode/getCtyCodeList_raw.json
A10026957,31240,GGB233003207,경기남부직업능력개발원,55967,37.2092,127.0869667,37.2092,127.0869667,0.0,191.0129711582985,500,False,,,,,,ai_draft,,,,evidence/citycode/getCtyCodeList_raw.json
A10026957,31240,GGB233002443,한미약품.푸르지오,55315,37.2095,127.0916167,37.2095,127.0916167,0.0,241.77368945145665,500,False,,,,,,ai_draft,,,,evidence/citycode/getCtyCodeList_raw.json
A10026957,31240,GGB233002442,푸르지오.한미약품,55314,37.2091833,127.0918333,37.2091833,127.0918333,0.0,250.9282912356607,500,False,,,,,,ai_draft,,,,evidence/citycode/getCtyCodeList_raw.json
A10026957,31240,GGB233001635,치동초등학교,55496,37.208,127.09255,37.208,127.09255,0.0,321.13323602291416,500,False,,,,,,ai_draft,,,,evidence/citycode/getCtyCodeList_raw.json
A10026957,31240,GGB233001636,치동초등학교,37672,37.2079333,127.0930333,37.2079333,127.0930333,0.0,364.4041958876446,500,False,,,,,,ai_draft,,,,evidence/citycode/getCtyCodeList_raw.json
A10026985,31240,GGB233002373,호반3차.창의고,55444,37.1796167,127.1188833,37.1796167,127.1188833,0.0,185.70812072107324,500,False,,,,,,ai_draft,,,,evidence/citycode/getCtyCodeList_raw.json
A10026985,31240,GGB233002006,호반3차.창의고,55445,37.1797333,127.1197,37.1797333,127.1197,0.0,236.02402395367383,500,False,,,,,,ai_draft,,,,evidence/citycode/getCtyCodeList_raw.json
A10026985,31240,GGB233000125,호반베르디움3차,55401,37.1795667,127.11455,37.1795667,127.11455,0.0,285.5427954754488,500,False,,,,,,ai_draft,,,,evidence/citycode/getCtyCodeList_raw.json
A10026985,31240,GGB233000126,호반베르디움3차,55402,37.1794,127.1141,37.1794,127.1141,0.0,329.4411138768713,500,False,,,,,,ai_draft,,,,evidence/citycode/getCtyCodeList_raw.json
A10026985,31240,GGB233001785,의료복합,55506,37.1833833,127.11545,37.1833833,127.11545,0.0,335.9226425810165,500,False,,,,,,ai_draft,,,,evidence/citycode/getCtyCodeList_raw.json
A10026985,31240,GGB233000184,힐스테이트동탄,55704,37.1829,127.1204833,37.1829,127.1204833,0.0,361.2756817154632,500,False,,,,,,ai_draft,,,,evidence/citycode/getCtyCodeList_raw.json
A10026990,31230,GGB232000631,한강센트럴자이,35603,37.63495,126.6750167,37.63495,126.6750167,0.0,34.96372548943029,500,False,,,,,,ai_draft,,,,evidence/citycode/getCtyCodeList_raw.json
A10026990,31230,GGB232000818,한강센트럴자이,35730,37.6346333,126.6752,37.6346333,126.6752,0.0,73.6362812063048,500,False,,,,,,ai_draft,,,,evidence/citycode/getCtyCodeList_raw.json
A10026990,31230,GGB232000922,자이타워,35872,37.6371167,126.678,37.6371167,126.678,0.0,344.44069818051145,500,False,,,,,,ai_draft,,,,evidence/citycode/getCtyCodeList_raw.json
A10026990,31230,GGB232000490,금빛초등학교,35402,37.6357833,126.6789833,37.6357833,126.6789833,0.0,366.0264543277933,500,False,,,,,,ai_draft,,,,evidence/citycode/getCtyCodeList_raw.json
A10026990,31230,GGB232000921,자이타워,35871,37.63765,126.6783,37.63765,126.6783,0.0,402.5284485877968,500,False,,,,,,ai_draft,,,,evidence/citycode/getCtyCodeList_raw.json
A10026990,31230,GGB232000632,금빛초등학교,35604,37.6359667,126.6796,37.6359667,126.6796,0.0,423.080889752633,500,False,,,,,,ai_draft,,,,evidence/citycode/getCtyCodeList_raw.json
A10027014,31230,GGB232000558,김포한강3차푸르지오,35054,37.6409667,126.6214167,37.6409667,126.6214167,0.0,140.12209094924546,500,False,,,,,,ai_draft,,,,evidence/citycode/getCtyCodeList_raw.json
A10027014,31230,GGB232000849,김포한강3차푸르지오,35796,37.6415667,126.6208,37.6415667,126.6208,0.0,196.63739666921728,500,False,,,,,,ai_draft,,,,evidence/citycode/getCtyCodeList_raw.json
A10027014,31230,GGB232000848,나비마을삼거리,35795,37.6428167,126.6208833,37.6428167,126.6208833,0.0,258.47260767367555,500,False,,,,,,ai_draft,,,,evidence/citycode/getCtyCodeList_raw.json
A10027014,31230,GGB232000844,금성백조예미지,35791,37.6376667,126.6220333,37.6376667,126.6220333,0.0,400.7853009559557,500,False,,,,,,ai_draft,,,,evidence/citycode/getCtyCodeList_raw.json
A10027014,31230,GGB232000847,금성백조예미지,35794,37.63735,126.6226,37.63735,126.6226,0.0,428.51485349702034,500,False,,,,,,ai_draft,,,,evidence/citycode/getCtyCodeList_raw.json
A10027014,31230,GGB232000557,LH한가람마을2단지,35500,37.64425,126.6199333,37.64425,126.6199333,0.0,433.2632815179147,500,False,,,,,,ai_draft,,,,evidence/citycode/getCtyCodeList_raw.json
A10027017,31230,GGB232000727,운양역,35650,37.6536833,126.6851333,37.6536833,126.6851333,0.0,161.1898097040545,500,False,,,,,,ai_draft,,,,evidence/citycode/getCtyCodeList_raw.json
A10027017,31230,GGB232000010,운양역2번출구,35088,37.65395,126.6847833,37.65395,126.6847833,0.0,185.9322855666996,500,False,,,,,,ai_draft,,,,evidence/citycode/getCtyCodeList_raw.json
A10027017,31230,GGB232000726,운양역,35649,37.6538167,126.6826667,37.6538167,126.6826667,0.0,372.8497178153454,500,False,,,,,,ai_draft,,,,evidence/citycode/getCtyCodeList_raw.json
A10027017,31230,GGB232000734,하늘빛마을,35655,37.6518667,126.69005,37.6518667,126.69005,0.0,373.17138809243977,500,False,,,,,,ai_draft,,,,evidence/citycode/getCtyCodeList_raw.json
A10027017,31230,GGB232000731,하늘빛마을,35653,37.6519667,126.6903167,37.6519667,126.6903167,0.0,384.03684318515513,500,False,,,,,,ai_draft,,,,evidence/citycode/getCtyCodeList_raw.json
A10027017,31230,GGB232000772,롯데캐슬정문,35679,37.6555333,126.6806333,37.6555333,126.6806333,0.0,573.098406493098,500,False,,,,,,ai_draft,,,,evidence/citycode/getCtyCodeList_raw.json
A10027030,31230,GGB232000829,한신더휴테라스,35762,37.6497667,126.6954833,37.6497667,126.6954833,0.0,106.1850397141358,500,False,,,,,,ai_draft,,,,evidence/citycode/getCtyCodeList_raw.json
A10027030,31230,GGB232000828,한신더휴테라스,35761,37.6494833,126.6954667,37.6494833,126.6954667,0.0,136.5648771906835,500,False,,,,,,ai_draft,,,,evidence/citycode/getCtyCodeList_raw.json
A10027030,31230,GGB277104632,김포한강신도시IC(미정차),0,37.65025,126.7000667,37.65025,126.7000667,0.0,433.9725329997456,500,False,,,,,,ai_draft,,,,evidence/citycode/getCtyCodeList_raw.json
A10027030,31230,GGB232000731,하늘빛마을,35653,37.6519667,126.6903167,37.6519667,126.6903167,0.0,450.1726053198231,500,False,,,,,,ai_draft,,,,evidence/citycode/getCtyCodeList_raw.json
A10027030,31230,GGB232000734,하늘빛마을,35655,37.6518667,126.69005,37.6518667,126.69005,0.0,469.2851890143124,500,False,,,,,,ai_draft,,,,evidence/citycode/getCtyCodeList_raw.json
A10027030,31230,GGB277104633,김포한강신도시IC(미정차),0,37.65025,126.7006,37.65025,126.7006,0.0,480.6552039400642,500,False,,,,,,ai_draft,,,,evidence/citycode/getCtyCodeList_raw.json
A10027062,31230,GGB232000890,상록데시앙,35838,37.6373,126.6421,37.6373,126.6421,0.0,139.89661939559767,500,False,,,,,,ai_draft,,,,evidence/citycode/getCtyCodeList_raw.json
A10027062,31230,GGB232000777,마산역,35684,37.6402667,126.6427333,37.6402667,126.6427333,0.0,198.6701347557868,500,False,,,,,,ai_draft,,,,evidence/citycode/getCtyCodeList_raw.json
A10027062,31230,GGB232000781,마산역,35685,37.64055,126.64255,37.64055,126.64255,0.0,230.18167891707773,500,False,,,,,,ai_draft,,,,evidence/citycode/getCtyCodeList_raw.json
A10027062,31230,GGB232000009,마산역,35086,37.6410833,126.64355,37.6410833,126.64355,0.0,300.0623469260816,500,False,,,,,,ai_draft,,,,evidence/citycode/getCtyCodeList_raw.json
A10027062,31230,GGB232000008,마산역,35085,37.64115,126.6432,37.64115,126.6432,0.0,300.7167861745728,500,False,,,,,,ai_draft,,,,evidence/citycode/getCtyCodeList_raw.json
A10027062,31230,GGB232000784,김포생활체육관,35695,37.6408667,126.64565,37.6408667,126.64565,0.0,374.5551234637866,500,False,,,,,,ai_draft,,,,evidence/citycode/getCtyCodeList_raw.json
A10027070,31180,GGB227000295,위례자이더시티.플로리체위례,28372,37.4737667,127.1491333,37.4737667,127.1491333,0.0,373.1135388786269,500,False,,,,,,ai_draft,,,,evidence/citycode/getCtyCodeList_raw.json
A10027070,31020,GGB204000145,한화오벨리스크,5318,37.4737333,127.14095,37.4737333,127.14095,0.0,401.9973770048261,500,False,,,,,,ai_draft,,,,evidence/citycode/getCtyCodeList_raw.json
A10027070,31180,GGB227000299,플로리체위례.위례자이더시티,28468,37.4739667,127.1499833,37.4739667,127.1499833,0.0,437.1596751698167,500,False,,,,,,ai_draft,,,,evidence/citycode/getCtyCodeList_raw.json
A10027070,31020,GGB204000324,위례고운초교,5311,37.4714,127.1472167,37.4714,127.1472167,0.0,439.3598233968945,500,False,,,,,,ai_draft,,,,evidence/citycode/getCtyCodeList_raw.json
A10027070,31180,GGB227000673,위례초.위례중.효성해링턴타워,28498,37.4780167,127.1484667,37.4780167,127.1484667,0.0,440.43614494000207,500,False,,,,,,ai_draft,,,,evidence/citycode/getCtyCodeList_raw.json
A10027070,31020,GGB204000325,위례고운초교,5312,37.47115,127.1466333,37.47115,127.1466333,0.0,447.8516660462844,500,False,,,,,,ai_draft,,,,evidence/citycode/getCtyCodeList_raw.json
A10027079,31230,GGB232000731,하늘빛마을,35653,37.6519667,126.6903167,37.6519667,126.6903167,0.0,241.32967802265384,500,False,,,,,,ai_draft,,,,evidence/citycode/getCtyCodeList_raw.json
A10027079,31230,GGB232000734,하늘빛마을,35655,37.6518667,126.69005,37.6518667,126.69005,0.0,261.52378935496176,500,False,,,,,,ai_draft,,,,evidence/citycode/getCtyCodeList_raw.json
A10027079,31230,GGB232000829,한신더휴테라스,35762,37.6497667,126.6954833,37.6497667,126.6954833,0.0,286.04959615660954,500,False,,,,,,ai_draft,,,,evidence/citycode/getCtyCodeList_raw.json
A10027079,31230,GGB232000828,한신더휴테라스,35761,37.6494833,126.6954667,37.6494833,126.6954667,0.0,305.79607115673343,500,False,,,,,,ai_draft,,,,evidence/citycode/getCtyCodeList_raw.json
A10027079,31230,GGB277104632,김포한강신도시IC(미정차),0,37.65025,126.7000667,37.65025,126.7000667,0.0,638.4691524360882,500,False,,,,,,ai_draft,,,,evidence/citycode/getCtyCodeList_raw.json
A10027079,31230,GGB277104633,김포한강신도시IC(미정차),0,37.65025,126.7006,37.65025,126.7006,0.0,684.5564799069014,500,False,,,,,,ai_draft,,,,evidence/citycode/getCtyCodeList_raw.json
A10027093,31230,GGB232000731,하늘빛마을,35653,37.6519667,126.6903167,37.6519667,126.6903167,0.0,147.81471124049733,500,False,,,,,,ai_draft,,,,evidence/citycode/getCtyCodeList_raw.json
A10027093,31230,GGB232000734,하늘빛마을,35655,37.6518667,126.69005,37.6518667,126.69005,0.0,172.3545699240415,500,False,,,,,,ai_draft,,,,evidence/citycode/getCtyCodeList_raw.json
A10027093,31230,GGB232000829,한신더휴테라스,35762,37.6497667,126.6954833,37.6497667,126.6954833,0.0,497.4309255725137,500,False,,,,,,ai_draft,,,,evidence/citycode/getCtyCodeList_raw.json
A10027093,31230,GGB232000828,한신더휴테라스,35761,37.6494833,126.6954667,37.6494833,126.6954667,0.0,519.1657608249905,500,False,,,,,,ai_draft,,,,evidence/citycode/getCtyCodeList_raw.json
A10027093,31230,GGB232000727,운양역,35650,37.6536833,126.6851333,37.6536833,126.6851333,0.0,565.1634362028208,500,False,,,,,,ai_draft,,,,evidence/citycode/getCtyCodeList_raw.json
A10027093,31230,GGB232000010,운양역2번출구,35088,37.65395,126.6847833,37.65395,126.6847833,0.0,600.5662148935719,500,False,,,,,,ai_draft,,,,evidence/citycode/getCtyCodeList_raw.json
A10027095,31240,GGB233000120,센트럴힐즈.금강1차,36409,37.1814333,127.1096167,37.1814333,127.1096167,0.0,72.87220588874274,500,False,,,,,,ai_draft,,,,evidence/citycode/getCtyCodeList_raw.json
A10027095,31240,GGB233000124,금강1차.센트럴힐즈,55400,37.1814333,127.1089833,37.1814333,127.1089833,0.0,128.9816143503302,500,False,,,,,,ai_draft,,,,evidence/citycode/getCtyCodeList_raw.json
A10027095,31240,GGB233002289,왕배초.금강1차,37112,37.1804,127.1114167,37.1804,127.1114167,0.0,142.88300236433534,500,False,,,,,,ai_draft,,,,evidence/citycode/getCtyCodeList_raw.json
A10027095,31240,GGB233001900,금강1차.왕배초,37072,37.1802667,127.1112667,37.1802667,127.1112667,0.0,147.91572945798848,500,False,,,,,,ai_draft,,,,evidence/citycode/getCtyCodeList_raw.json
A10027095,31240,GGB233001851,신리천공원,55510,37.1833333,127.1107,37.1833333,127.1107,0.0,213.775773768838,500,False,,,,,,ai_draft,,,,evidence/citycode/getCtyCodeList_raw.json
A10027095,31240,GGB233001861,의료복합,55511,37.1836333,127.1133,37.1836333,127.1133,0.0,353.11785409697336,500,False,,,,,,ai_draft,,,,evidence/citycode/getCtyCodeList_raw.json
A10027116,31180,GGB227000267,미사강변센트럴자이.하남고등학교,28299,37.5595333,127.1855833,37.5595333,127.1855833,0.0,197.67904595424665,500,False,,,,,,ai_draft,,,,evidence/citycode/getCtyCodeList_raw.json
A10027116,31180,GGB227000281,미사1동행정복지센터.하남고등학교.노인·장애인복지관,28513,37.55945,127.1874167,37.55945,127.1874167,0.0,218.3217740724783,500,False,,,,,,ai_draft,,,,evidence/citycode/getCtyCodeList_raw.json
A10027116,31180,GGB227000386,하남고정문,28620,37.5599,127.1859167,37.5599,127.1859167,0.0,234.04287083760528,500,False,,,,,,ai_draft,,,,evidence/citycode/getCtyCodeList_raw.json
A10027116,31180,GGB227000268,하남고용센터.센트럴자이.더샵센트럴포레,28300,37.55545,127.1865167,37.55545,127.1865167,0.0,264.0676101556221,500,False,,,,,,ai_draft,,,,evidence/citycode/getCtyCodeList_raw.json
A10027116,31180,GGB227000269,하남고용센터.센트럴자이.더샵센트럴포레,28301,37.5554833,127.1869,37.5554833,127.1869,0.0,267.5380199603805,500,False,,,,,,ai_draft,,,,evidence/citycode/getCtyCodeList_raw.json
A10027116,31180,GGB227000032,하남노인·장애인복지관.미사1동행정복지센터,28081,37.5598667,127.18845,37.5598667,127.18845,0.0,310.87700702292,500,False,,,,,,ai_draft,,,,evidence/citycode/getCtyCodeList_raw.json
A10027117,31240,GGB233002428,호반베르디움,55304,37.19955,127.1176167,37.19955,127.1176167,0.0,258.6702445607166,500,False,,,,,,ai_draft,,,,evidence/citycode/getCtyCodeList_raw.json
A10027117,31240,GGB233002421,예솔초.호반2차.대원2차,55340,37.1962333,127.1187667,37.1962333,127.1187667,0.0,271.17150201915047,500,False,,,,,,ai_draft,,,,evidence/citycode/getCtyCodeList_raw.json
A10027117,31240,GGB233001168,센트럴푸르지오.호반베르디움2차,36458,37.1981333,127.1168167,37.1981333,127.1168167,0.0,297.5801372867126,500,False,,,,,,ai_draft,,,,evidence/citycode/getCtyCodeList_raw.json
A10027117,31240,GGB233002427,KCC스위첸,55303,37.2011167,127.1188667,37.2011167,127.1188667,0.0,322.5013629275409,500,False,,,,,,ai_draft,,,,evidence/citycode/getCtyCodeList_raw.json
A10027117,31240,GGB233000129,신안2차.반도4차,36460,37.1999833,127.11605,37.1999833,127.11605,0.0,404.0384398999131,500,False,,,,,,ai_draft,,,,evidence/citycode/getCtyCodeList_raw.json
A10027117,31240,GGB233000965,청목초.신안1차,36468,37.1945833,127.1194,37.1945833,127.1194,0.0,430.2620602453338,500,False,,,,,,ai_draft,,,,evidence/citycode/getCtyCodeList_raw.json
A10027122,31240,GGB233000981,포레너스아파트,36434,37.2053667,127.1158667,37.2053667,127.1158667,0.0,123.5801676829147,500,False,,,,,,ai_draft,,,,evidence/citycode/getCtyCodeList_raw.json
A10027122,31240,GGB233001506,포레너스아파트,37582,37.2051667,127.1161833,37.2051667,127.1161833,0.0,140.38653730513676,500,False,,,,,,ai_draft,,,,evidence/citycode/getCtyCodeList_raw.json
A10027122,31240,GGB233000135,한백초중교,36513,37.20705,127.1146667,37.20705,127.1146667,0.0,159.3451906410569,500,False,,,,,,ai_draft,,,,evidence/citycode/getCtyCodeList_raw.json
A10027122,31240,GGB233000149,한백초중교,36514,37.2072333,127.1147667,37.2072333,127.1147667,0.0,161.7697245768423,500,False,,,,,,ai_draft,,,,evidence/citycode/getCtyCodeList_raw.json
A10027122,31240,GGB233001169,반도유보라정문,36450,37.2083667,127.1168,37.2083667,127.1168,0.0,220.47311088995497,500,False,,,,,,ai_draft,,,,evidence/citycode/getCtyCodeList_raw.json
A10027122,31240,GGB233001162,반도유보라정문,36448,37.2083,127.1172,37.2083,127.1172,0.0,223.46961529071223,500,False,,,,,,ai_draft,,,,evidence/citycode/getCtyCodeList_raw.json
A10027133,31240,GGB233001006,행복주택.동탄경찰서(좌회전전용),55890,37.1865833,127.0916167,37.1865833,127.0916167,0.0,55.007502247594594,500,False,,,,,,ai_draft,,,,evidence/citycode/getCtyCodeList_raw.json
A10027133,31240,GGB233002497,행복주택.동탄경찰서,55409,37.1865667,127.0918,37.1865667,127.0918,0.0,59.227065150385926,500,False,,,,,,ai_draft,,,,evidence/citycode/getCtyCodeList_raw.json
A10027133,31240,GGB233002496,더샵센트럴시티2차.행복주택,55404,37.1869,127.0914167,37.1869,127.0914167,0.0,88.8777399326372,500,False,,,,,,ai_draft,,,,evidence/citycode/getCtyCodeList_raw.json
A10027133,31240,GGB233002495,동탄초교,55403,37.1874833,127.0925167,37.1874833,127.0925167,0.0,179.26239992147148,500,False,,,,,,ai_draft,,,,evidence/citycode/getCtyCodeList_raw.json
A10027133,31240,GGB233002494,동탄초교,37003,37.1881333,127.0929833,37.1881333,127.0929833,0.0,262.5092386503196,500,False,,,,,,ai_draft,,,,evidence/citycode/getCtyCodeList_raw.json
A10027133,31240,GGB233002498,에일린의뜰.중흥S클래스,55405,37.1871833,127.0869333,37.1871833,127.0869333,0.0,419.7687638616732,500,False,,,,,,ai_draft,,,,evidence/citycode/getCtyCodeList_raw.json
A10027180,31180,GGB227000659,센트리버.스타힐스.더샵리버포레,28465,37.5725333,127.1856,37.5725333,127.1856,0.0,165.22439205034627,500,False,,,,,,ai_draft,,,,evidence/citycode/getCtyCodeList_raw.json
A10027180,31180,GGB227000285,센트리버.스타힐스.더샵리버포레,28312,37.5721333,127.1833667,37.5721333,127.1833667,0.0,170.5657698226512,500,False,,,,,,ai_draft,,,,evidence/citycode/getCtyCodeList_raw.json
A10027180,31180,GGB227000291,미사강변스타힐스.금빛마을,28486,37.5713167,127.1829333,37.5713167,127.1829333,0.0,171.34313340175763,500,False,,,,,,ai_draft,,,,evidence/citycode/getCtyCodeList_raw.json
A10027180,31180,GGB227000656,미사강변스타힐스.금빛마을,28462,37.5701167,127.1831667,37.5701167,127.1831667,0.0,189.9468784712876,500,False,,,,,,ai_draft,,,,evidence/citycode/getCtyCodeList_raw.json
A10027180,31180,GGB227000681,구산문화마을.구산성지,28528,37.5723167,127.1873667,37.5723167,127.1873667,0.0,254.72284964969447,500,False,,,,,,ai_draft,,,,evidence/citycode/getCtyCodeList_raw.json
A10027180,31180,GGB227000369,구산문화마을.구산성지,28603,37.572,127.1879167,37.572,127.1879167,0.0,284.26254826926095,500,False,,,,,,ai_draft,,,,evidence/citycode/getCtyCodeList_raw.json
A10027199,31230,GGB232000490,금빛초등학교,35402,37.6357833,126.6789833,37.6357833,126.6789833,0.0,162.1286750062316,500,False,,,,,,ai_draft,,,,evidence/citycode/getCtyCodeList_raw.json
A10027199,31230,GGB232000922,자이타워,35872,37.6371167,126.678,37.6371167,126.678,0.0,164.99714685464002,500,False,,,,,,ai_draft,,,,evidence/citycode/getCtyCodeList_raw.json
A10027199,31230,GGB232000631,한강센트럴자이,35603,37.63495,126.6750167,37.63495,126.6750167,0.0,209.5478363223839,500,False,,,,,,ai_draft,,,,evidence/citycode/getCtyCodeList_raw.json
A10027199,31230,GGB232000818,한강센트럴자이,35730,37.6346333,126.6752,37.6346333,126.6752,0.0,214.49035173045723,500,False,,,,,,ai_draft,,,,evidence/citycode/getCtyCodeList_raw.json
A10027199,31230,GGB232000632,금빛초등학교,35604,37.6359667,126.6796,37.6359667,126.6796,0.0,217.24156736329425,500,False,,,,,,ai_draft,,,,evidence/citycode/getCtyCodeList_raw.json
A10027199,31230,GGB232000921,자이타워,35871,37.63765,126.6783,37.63765,126.6783,0.0,229.8409031316429,500,False,,,,,,ai_draft,,,,evidence/citycode/getCtyCodeList_raw.json
A10027257,31240,GGB233002498,에일린의뜰.중흥S클래스,55405,37.1871833,127.0869333,37.1871833,127.0869333,0.0,228.2805798154241,500,False,,,,,,ai_draft,,,,evidence/citycode/getCtyCodeList_raw.json
A10027257,31240,GGB233002499,중흥S클래스.에일린의뜰,55410,37.1868833,127.08675,37.1868833,127.08675,0.0,262.5997549385965,500,False,,,,,,ai_draft,,,,evidence/citycode/getCtyCodeList_raw.json
A10027257,31240,GGB233002496,더샵센트럴시티2차.행복주택,55404,37.1869,127.0914167,37.1869,127.0914167,0.0,468.1173934433472,500,False,,,,,,ai_draft,,,,evidence/citycode/getCtyCodeList_raw.json
A10027257,31240,GGB233001006,행복주택.동탄경찰서(좌회전전용),55890,37.1865833,127.0916167,37.1865833,127.0916167,0.0,502.77013095484295,500,False,,,,,,ai_draft,,,,evidence/citycode/getCtyCodeList_raw.json
A10027257,31240,GGB233002497,행복주택.동탄경찰서,55409,37.1865667,127.0918,37.1865667,127.0918,0.0,517.0667339856727,500,False,,,,,,ai_draft,,,,evidence/citycode/getCtyCodeList_raw.json
A10027257,31240,GGB233002495,동탄초교,55403,37.1874833,127.0925167,37.1874833,127.0925167,0.0,524.4618450961519,500,False,,,,,,ai_draft,,,,evidence/citycode/getCtyCodeList_raw.json
A10027277,31180,GGB227000662,위례롯데캐슬.호반써밋에비뉴,28473,37.4738833,127.1519333,37.4738833,127.1519333,0.0,140.08134344714767,500,False,,,,,,ai_draft,,,,evidence/citycode/getCtyCodeList_raw.json
A10027277,31020,GGB204000237,위례호반써밋에비뉴,5292,37.4722833,127.1542,37.4722833,127.1542,0.0,165.81418688820108,500,False,,,,,,ai_draft,,,,evidence/citycode/getCtyCodeList_raw.json
A10027277,31180,GGB227000300,위례롯데캐슬.호반써밋에비뉴,28469,37.4736833,127.1509833,37.4736833,127.1509833,0.0,167.02054854716982,500,False,,,,,,ai_draft,,,,evidence/citycode/getCtyCodeList_raw.json
A10027277,31020,GGB204000346,위례그린파크푸르지오,5291,37.4729667,127.15455,37.4729667,127.15455,0.0,193.55695430213945,500,False,,,,,,ai_draft,,,,evidence/citycode/getCtyCodeList_raw.json
A10027277,31020,GGB204000313,위례센트럴푸르지오,5293,37.47095,127.1538667,37.47095,127.1538667,0.0,232.128274590857,500,False,,,,,,ai_draft,,,,evidence/citycode/getCtyCodeList_raw.json
A10027277,31020,GGB204000312,위례더힐정문,5290,37.4709,127.15415,37.4709,127.15415,0.0,251.3987513539712,500,False,,,,,,ai_draft,,,,evidence/citycode/getCtyCodeList_raw.json
A10027281,31240,GGB233000997,레이크빌.하우스디더레이크,36494,37.1760833,127.1050833,37.1760833,127.1050833,0.0,207.7048444339706,500,False,,,,,,ai_draft,,,,evidence/citycode/getCtyCodeList_raw.json
A10027281,31240,GGB233000162,나래학교.더샵레이크,36493,37.1759167,127.1057833,37.1759167,127.1057833,0.0,227.90407937620049,500,False,,,,,,ai_draft,,,,evidence/citycode/getCtyCodeList_raw.json
A10027281,31240,GGB233002262,하우스디더레이크.우미린,55476,37.1726167,127.1054833,37.1726167,127.1054833,0.0,237.17419465977076,500,False,,,,,,ai_draft,,,,evidence/citycode/getCtyCodeList_raw.json
A10027281,31240,GGB233002260,우미린.하우스디더레이크,55474,37.17235,127.10335,37.17235,127.10335,0.0,237.1924984943605,500,False,,,,,,ai_draft,,,,evidence/citycode/getCtyCodeList_raw.json
A10027281,31240,GGB233002261,방교초.레이크자이더테라스,55475,37.17265,127.10135,37.17265,127.10135,0.0,308.31503990518536,500,False,,,,,,ai_draft,,,,evidence/citycode/getCtyCodeList_raw.json
A10027281,31240,GGB233000379,방교초.레이크자이더테라스,55625,37.1723667,127.10085,37.1723667,127.10085,0.0,362.5600750189594,500,False,,,,,,ai_draft,,,,evidence/citycode/getCtyCodeList_raw.json
A10027291,31240,GGB233000997,레이크빌.하우스디더레이크,36494,37.1760833,127.1050833,37.1760833,127.1050833,0.0,148.36258955912575,500,False,,,,,,ai_draft,,,,evidence/citycode/getCtyCodeList_raw.json
A10027291,31240,GGB233000162,나래학교.더샵레이크,36493,37.1759167,127.1057833,37.1759167,127.1057833,0.0,213.0886792708028,500,False,,,,,,ai_draft,,,,evidence/citycode/getCtyCodeList_raw.json
A10027291,31240,GGB233003063,ASML(B동),55945,37.1752667,127.0997667,37.1752667,127.0997667,0.0,354.51886171504015,500,False,,,,,,ai_draft,,,,evidence/citycode/getCtyCodeList_raw.json
A10027291,31240,GGB233000996,반도3차.금강1차,36488,37.1802,127.1031333,37.1802,127.1031333,0.0,416.930527505392,500,False,,,,,,ai_draft,,,,evidence/citycode/getCtyCodeList_raw.json
A10027291,31240,GGB233002260,우미린.하우스디더레이크,55474,37.17235,127.10335,37.17235,127.10335,0.0,457.2019083745405,500,False,,,,,,ai_draft,,,,evidence/citycode/getCtyCodeList_raw.json
A10027291,31240,GGB233002262,하우스디더레이크.우미린,55476,37.1726167,127.1054833,37.1726167,127.1054833,0.0,462.8974366940379,500,False,,,,,,ai_draft,,,,evidence/citycode/getCtyCodeList_raw.json
A10027308,31180,GGB227000162,아란티움.26단지.e편한세상,28074,37.5567333,127.1920167,37.5567333,127.1920167,0.0,134.52899952014732,500,False,,,,,,ai_draft,,,,evidence/citycode/getCtyCodeList_raw.json
A10027308,31180,GGB227000170,아란티움.26단지.e편한세상,28105,37.55655,127.1918667,37.55655,127.1918667,0.0,140.784840197921,500,False,,,,,,ai_draft,,,,evidence/citycode/getCtyCodeList_raw.json
A10027308,31180,GGB227000257,아이테코.이편한세상미사,28268,37.5542167,127.19395,37.5542167,127.19395,0.0,231.99332664478652,500,False,,,,,,ai_draft,,,,evidence/citycode/getCtyCodeList_raw.json
A10027308,31180,GGB227000256,아이테코.이편한세상미사,28271,37.554,127.1943833,37.554,127.1943833,0.0,265.27687517603937,500,False,,,,,,ai_draft,,,,evidence/citycode/getCtyCodeList_raw.json
A10027308,31180,GGB227000191,제일풍경채.미사강변신안인스빌,28215,37.5551667,127.1961333,37.5551667,127.1961333,0.0,268.2123446789689,500,False,,,,,,ai_draft,,,,evidence/citycode/getCtyCodeList_raw.json
A10027308,31180,GGB227000273,청아초등학교.신안인스빌.브라운스톤,28303,37.5583667,127.19535,37.5583667,127.19535,0.0,289.3851470200862,500,False,,,,,,ai_draft,,,,evidence/citycode/getCtyCodeList_raw.json
A10027334,31240,GGB233000129,신안2차.반도4차,36460,37.1999833,127.11605,37.1999833,127.11605,0.0,106.2936388326816,500,False,,,,,,ai_draft,,,,evidence/citycode/getCtyCodeList_raw.json
A10027334,31240,GGB233000430,반도4차.동탄4동복지센터,55663,37.2001,127.1154,37.2001,127.1154,0.0,133.11873908705928,500,False,,,,,,ai_draft,,,,evidence/citycode/getCtyCodeList_raw.json
A10027334,31240,GGB233002428,호반베르디움,55304,37.19955,127.1176167,37.19955,127.1176167,0.0,170.3297712013676,500,False,,,,,,ai_draft,,,,evidence/citycode/getCtyCodeList_raw.json
A10027334,31240,GGB233002427,KCC스위첸,55303,37.2011167,127.1188667,37.2011167,127.1188667,0.0,204.76915128727683,500,False,,,,,,ai_draft,,,,evidence/citycode/getCtyCodeList_raw.json
A10027334,31240,GGB233000980,모아.반도1차아파트,36459,37.20205,127.11455,37.20205,127.11455,0.0,224.58222190031168,500,False,,,,,,ai_draft,,,,evidence/citycode/getCtyCodeList_raw.json
A10027334,31240,GGB233001491,반도1차.모아아파트,37551,37.2018833,127.1141,37.2018833,127.1141,0.0,248.4384088537003,500,False,,,,,,ai_draft,,,,evidence/citycode/getCtyCodeList_raw.json
A10027335,31020,GGB204000238,위례자이정문,5309,37.4709333,127.1394833,37.4709333,127.1394833,0.0,85.82190987767821,500,False,,,,,,ai_draft,,,,evidence/citycode/getCtyCodeList_raw.json
A10027335,31020,GGB204000235,위례중앙중학교,5308,37.4712333,127.1380167,37.4712333,127.1380167,0.0,129.19024389239357,500,False,,,,,,ai_draft,,,,evidence/citycode/getCtyCodeList_raw.json
A10027335,31020,GGB204000156,위례자이후문,5084,37.4706167,127.14045,37.4706167,127.14045,0.0,140.300281546208,500,False,,,,,,ai_draft,,,,evidence/citycode/getCtyCodeList_raw.json
A10027335,31020,GGB204000323,위례자이,5307,37.4703333,127.13715,37.4703333,127.13715,0.0,155.12104749693083,500,False,,,,,,ai_draft,,,,evidence/citycode/getCtyCodeList_raw.json
A10027335,31020,GGB204000322,위례자이,5297,37.46995,127.1367167,37.46995,127.1367167,0.0,197.4723724880353,500,False,,,,,,ai_draft,,,,evidence/citycode/getCtyCodeList_raw.json
A10027335,31020,GGB204000010,위례보미리즌빌,5317,37.4717667,127.1408167,37.4717667,127.1408167,0.0,233.61884311984815,500,False,,,,,,ai_draft,,,,evidence/citycode/getCtyCodeList_raw.json
A10027344,31180,GGB227000284,미사강변리버스위트칸타빌.리슈빌,28311,37.5739333,127.1813167,37.5739333,127.1813167,0.0,171.43890407519416,500,False,,,,,,ai_draft,,,,evidence/citycode/getCtyCodeList_raw.json
A10027344,31180,GGB227000285,센트리버.스타힐스.더샵리버포레,28312,37.5721333,127.1833667,37.5721333,127.1833667,0.0,185.98053927138588,500,False,,,,,,ai_draft,,,,evidence/citycode/getCtyCodeList_raw.json
A10027344,31180,GGB227000282,미사강변2차푸르지오.센트리버,28309,37.5747833,127.1813333,37.5747833,127.1813333,0.0,201.3810380626379,500,False,,,,,,ai_draft,,,,evidence/citycode/getCtyCodeList_raw.json
A10027344,31180,GGB227000659,센트리버.스타힐스.더샵리버포레,28465,37.5725333,127.1856,37.5725333,127.1856,0.0,250.3125273057134,500,False,,,,,,ai_draft,,,,evidence/citycode/getCtyCodeList_raw.json
A10027344,31180,GGB227000291,미사강변스타힐스.금빛마을,28486,37.5713167,127.1829333,37.5713167,127.1829333,0.0,277.9726528857481,500,False,,,,,,ai_draft,,,,evidence/citycode/getCtyCodeList_raw.json
A10027344,31180,GGB227000283,미사강변2차푸르지오.미사강변고등학교,28310,37.5762333,127.1813333,37.5762333,127.1813333,0.0,318.874762357688,500,False,,,,,,ai_draft,,,,evidence/citycode/getCtyCodeList_raw.json
A10027359,31180,GGB227000204,미사강변2차푸르지오.미사강변고등학교,28227,37.5769833,127.1832333,37.5769833,127.1832333,0.0,150.42311940144995,500,False,,,,,,ai_draft,,,,evidence/citycode/getCtyCodeList_raw.json
A10027359,31180,GGB227000283,미사강변2차푸르지오.미사강변고등학교,28310,37.5762333,127.1813333,37.5762333,127.1813333,0.0,165.77823197310056,500,False,,,,,,ai_draft,,,,evidence/citycode/getCtyCodeList_raw.json
A10027359,31180,GGB227000282,미사강변2차푸르지오.센트리버,28309,37.5747833,127.1813333,37.5747833,127.1813333,0.0,179.22638514809492,500,False,,,,,,ai_draft,,,,evidence/citycode/getCtyCodeList_raw.json
A10027359,31180,GGB227000284,미사강변리버스위트칸타빌.리슈빌,28311,37.5739333,127.1813167,37.5739333,127.1813167,0.0,243.84613586619176,500,False,,,,,,ai_draft,,,,evidence/citycode/getCtyCodeList_raw.json
A10027359,31180,GGB227000372,미사강변2차푸르지오북측.미사한강공원,28606,37.57655,127.1804667,37.57655,127.1804667,0.0,249.8644146237953,500,False,,,,,,ai_draft,,,,evidence/citycode/getCtyCodeList_raw.json
A10027359,31180,GGB227000223,미사강변중학교.미사강변리버나인,28262,37.5771333,127.18675,37.5771333,127.18675,0.0,365.41873206365295,500,False,,,,,,ai_draft,,,,evidence/citycode/getCtyCodeList_raw.json
A10027368,31180,GGB227000247,하남시청역.덕풍시장(중),28275,37.5430333,127.2042333,37.5430333,127.2042333,0.0,163.0716133152752,500,False,,,,,,ai_draft,,,,evidence/citycode/getCtyCodeList_raw.json
A10027368,31180,GGB227000031,하남시청역.덕풍시장,28075,37.5430333,127.2045167,37.5430333,127.2045167,0.0,172.04826427173347,500,False,,,,,,ai_draft,,,,evidence/citycode/getCtyCodeList_raw.json
A10027368,31180,GGB227000139,하남시청역.덕풍시장,28076,37.5427667,127.2042833,37.5427667,127.2042833,0.0,192.7604560353876,500,False,,,,,,ai_draft,,,,evidence/citycode/getCtyCodeList_raw.json
A10027368,31180,GGB227000246,하남시청역.덕풍시장(중),28280,37.5424667,127.2052333,37.5424667,127.2052333,0.0,257.67426022872075,500,False,,,,,,ai_draft,,,,evidence/citycode/getCtyCodeList_raw.json
A10027368,31180,GGB227000253,라인.한솔솔파크아파트(중),28285,37.5448667,127.20045,37.5448667,127.20045,0.0,289.83609834089793,500,False,,,,,,ai_draft,,,,evidence/citycode/getCtyCodeList_raw.json
A10027368,31180,GGB227000252,라인.한솔솔파크아파트(중),28284,37.5449333,127.20005,37.5449333,127.20005,0.0,325.84401179037394,500,False,,,,,,ai_draft,,,,evidence/citycode/getCtyCodeList_raw.json
A10027369,31020,GGB204000089,위례래미안이편한세상.위례한빛중학교,5296,37.4666833,127.1485833,37.4666833,127.1485833,0.0,180.12244378808313,500,False,,,,,,ai_draft,,,,evidence/citycode/getCtyCodeList_raw.json
A10027369,31020,GGB204000097,위례래미안이편한세상.힐스테이트위례,5060,37.4671167,127.1442667,37.4671167,127.1442667,0.0,204.12831926226136,500,False,,,,,,ai_draft,,,,evidence/citycode/getCtyCodeList_raw.json
A10027369,31020,GGB204000090,밀리토피아시티.위례역푸르지오,5180,37.46735,127.14405,37.46735,127.14405,0.0,226.8365452672001,500,False,,,,,,ai_draft,,,,evidence/citycode/getCtyCodeList_raw.json
A10027369,31020,GGB204000196,위례한빛초.래미안이편한세상.힐스테이트.한빛마을,5286,37.4648833,127.14735,37.4648833,127.14735,0.0,239.69275192142425,500,False,,,,,,ai_draft,,,,evidence/citycode/getCtyCodeList_raw.json
A10027369,31020,GGB204000195,위례한빛고.이편한세상테라스위례,5288,37.4672333,127.1493333,37.4672333,127.1493333,0.0,245.9453437401546,500,False,,,,,,ai_draft,,,,evidence/citycode/getCtyCodeList_raw.json
A10027369,31020,GGB204000201,힐스테이트위례후문.위례한빛초등학교,5298,37.4646667,127.1468167,37.4646667,127.1468167,0.0,254.6088136984816,500,False,,,,,,ai_draft,,,,evidence/citycode/getCtyCodeList_raw.json
A10027379,31180,GGB227000005,미사강변센텀팰리스.강일리버10단지,28022,37.5597167,127.1820333,37.5597167,127.1820333,0.0,176.3123948156006,500,False,,,,,,ai_draft,,,,evidence/citycode/getCtyCodeList_raw.json
A10027379,31180,GGB227000220,윤슬중학교.강솔초등학교,28508,37.5620167,127.1815333,37.5620167,127.1815333,0.0,182.2944183398974,500,False,,,,,,ai_draft,,,,evidence/citycode/getCtyCodeList_raw.json
A10027379,31180,GGB227000267,미사강변센트럴자이.하남고등학교,28299,37.5595333,127.1855833,37.5595333,127.1855833,0.0,269.03296050623146,500,False,,,,,,ai_draft,,,,evidence/citycode/getCtyCodeList_raw.json
A10027379,31180,GGB227000386,하남고정문,28620,37.5599,127.1859167,37.5599,127.1859167,0.0,271.8686860859235,500,False,,,,,,ai_draft,,,,evidence/citycode/getCtyCodeList_raw.json
A10027379,31180,GGB227000232,미사강변푸르지오.하우스디더레이크,28289,37.5627833,127.1862167,37.5627833,127.1862167,0.0,332.2620420050011,500,False,,,,,,ai_draft,,,,evidence/citycode/getCtyCodeList_raw.json
A10027379,31180,GGB227000280,미사1동행정복지센터.하남고등학교.노인장애인복지관,28512,37.5606333,127.1876,37.5606333,127.1876,0.0,392.44763109266825,500,False,,,,,,ai_draft,,,,evidence/citycode/getCtyCodeList_raw.json
A10027385,31180,GGB227000659,센트리버.스타힐스.더샵리버포레,28465,37.5725333,127.1856,37.5725333,127.1856,0.0,149.91277298508115,500,False,,,,,,ai_draft,,,,evidence/citycode/getCtyCodeList_raw.json
A10027385,31180,GGB227000681,구산문화마을.구산성지,28528,37.5723167,127.1873667,37.5723167,127.1873667,0.0,214.3006492444906,500,False,,,,,,ai_draft,,,,evidence/citycode/getCtyCodeList_raw.json
A10027385,31180,GGB227000369,구산문화마을.구산성지,28603,37.572,127.1879167,37.572,127.1879167,0.0,272.12188285992505,500,False,,,,,,ai_draft,,,,evidence/citycode/getCtyCodeList_raw.json
A10027385,31180,GGB227000285,센트리버.스타힐스.더샵리버포레,28312,37.5721333,127.1833667,37.5721333,127.1833667,0.0,294.9846305007112,500,False,,,,,,ai_draft,,,,evidence/citycode/getCtyCodeList_raw.json
A10027385,31180,GGB227000222,미사강변중학교.미사강변리버나인,28261,37.57675,127.1879833,37.57675,127.1879833,0.0,369.8073290693243,500,False,,,,,,ai_draft,,,,evidence/citycode/getCtyCodeList_raw.json
A10027385,31180,GGB227000223,미사강변중학교.미사강변리버나인,28262,37.5771333,127.18675,37.5771333,127.18675,0.0,371.54573604613273,500,False,,,,,,ai_draft,,,,evidence/citycode/getCtyCodeList_raw.json
A10027386,31240,GGB233002516,지산마을,55070,37.2052167,127.1122333,37.2052167,127.1122333,0.0,121.23841217897844,500,False,,,,,,ai_draft,,,,evidence/citycode/getCtyCodeList_raw.json
A10027386,31240,GGB233000960,경남.반도1차,36452,37.2035167,127.1108167,37.2035167,127.1108167,0.0,165.7651433490228,500,False,,,,,,ai_draft,,,,evidence/citycode/getCtyCodeList_raw.json
A10027386,31240,GGB233000164,반도1차.경남,36811,37.2031667,127.1107667,37.2031667,127.1107667,0.0,204.8475889629677,500,False,,,,,,ai_draft,,,,evidence/citycode/getCtyCodeList_raw.json
A10027386,31240,GGB233001492,상록.경남아파트.이주택지,37550,37.2068667,127.1105333,37.2068667,127.1105333,0.0,209.2647657771341,500,False,,,,,,ai_draft,,,,evidence/citycode/getCtyCodeList_raw.json
A10027386,31240,GGB233002429,이주택지.상록.경남아파트,55305,37.2071,127.1108667,37.2071,127.1108667,0.0,232.81634032338,500,False,,,,,,ai_draft,,,,evidence/citycode/getCtyCodeList_raw.json
A10027386,31240,GGB233002435,영천유치원.시범예미지,55293,37.2035167,127.1087833,37.2035167,127.1087833,0.0,249.50147056777035,500,False,,,,,,ai_draft,,,,evidence/citycode/getCtyCodeList_raw.json
A10027436,31240,GGB233000120,센트럴힐즈.금강1차,36409,37.1814333,127.1096167,37.1814333,127.1096167,0.0,46.08052556699156,500,False,,,,,,ai_draft,,,,evidence/citycode/getCtyCodeList_raw.json
A10027436,31240,GGB233000124,금강1차.센트럴힐즈,55400,37.1814333,127.1089833,37.1814333,127.1089833,0.0,77.43503248997482,500,False,,,,,,ai_draft,,,,evidence/citycode/getCtyCodeList_raw.json
A10027436,31240,GGB233001900,금강1차.왕배초,37072,37.1802667,127.1112667,37.1802667,127.1112667,0.0,163.08090789649916,500,False,,,,,,ai_draft,,,,evidence/citycode/getCtyCodeList_raw.json
A10027436,31240,GGB233002289,왕배초.금강1차,37112,37.1804,127.1114167,37.1804,127.1114167,0.0,167.96540713509353,500,False,,,,,,ai_draft,,,,evidence/citycode/getCtyCodeList_raw.json
A10027436,31240,GGB233001851,신리천공원,55510,37.1833333,127.1107,37.1833333,127.1107,0.0,272.0477032290593,500,False,,,,,,ai_draft,,,,evidence/citycode/getCtyCodeList_raw.json
A10027436,31240,GGB233003049,반도유보라,55412,37.1813,127.1052167,37.1813,127.1052167,0.0,397.4519505579839,500,False,,,,,,ai_draft,,,,evidence/citycode/getCtyCodeList_raw.json
A10027461,31180,GGB227000686,스타필드시티.위례스타힐스.하남시위례도서관,28533,37.4800833,127.1474,37.4800833,127.1474,0.0,489.3883430914712,500,False,,,,,,ai_draft,,,,evidence/citycode/getCtyCodeList_raw.json
A10027461,31180,GGB227000685,스타필드시티.위례지웰푸르지오.하남시위례도서관,28532,37.4800667,127.1478,37.4800667,127.1478,0.0,522.290494866816,500,False,,,,,,ai_draft,,,,evidence/citycode/getCtyCodeList_raw.json
A10027461,31020,GGB204000145,한화오벨리스크,5318,37.4737333,127.14095,37.4737333,127.14095,0.0,555.7232848885405,500,False,,,,,,ai_draft,,,,evidence/citycode/getCtyCodeList_raw.json
A10027461,31180,GGB227000673,위례초.위례중.효성해링턴타워,28498,37.4780167,127.1484667,37.4780167,127.1484667,0.0,560.6374921647003,500,False,,,,,,ai_draft,,,,evidence/citycode/getCtyCodeList_raw.json
A10027461,31180,GGB227000672,위례초.위례중.효성해링턴타워,28497,37.4776333,127.1492333,37.4776333,127.1492333,0.0,633.9324112191676,500,False,,,,,,ai_draft,,,,evidence/citycode/getCtyCodeList_raw.json
A10027461,31020,GGB204000326,위례센트럴자이,5313,37.4733167,127.1373667,37.4733167,127.1373667,0.0,727.3988024936474,500,False,,,,,,ai_draft,,,,evidence/citycode/getCtyCodeList_raw.json
A10027465,31240,GGB233000161,반도3차.금강1차,36487,37.1824167,127.1026833,37.1824167,127.1026833,0.0,81.49258660340283,500,False,,,,,,ai_draft,,,,evidence/citycode/getCtyCodeList_raw.json
A10027465,31240,GGB233003048,반도유보라,55411,37.1812333,127.1049667,37.1812333,127.1049667,0.0,161.9734429395737,500,False,,,,,,ai_draft,,,,evidence/citycode/getCtyCodeList_raw.json
A10027465,31240,GGB233003049,반도유보라,55412,37.1813,127.1052167,37.1813,127.1052167,0.0,178.9421279649179,500,False,,,,,,ai_draft,,,,evidence/citycode/getCtyCodeList_raw.json
A10027465,31240,GGB233000996,반도3차.금강1차,36488,37.1802,127.1031333,37.1802,127.1031333,0.0,191.0351742960346,500,False,,,,,,ai_draft,,,,evidence/citycode/getCtyCodeList_raw.json
A10027465,31240,GGB233001821,신리천,55509,37.1842333,127.1070833,37.1842333,127.1070833,0.0,419.887871380769,500,False,,,,,,ai_draft,,,,evidence/citycode/getCtyCodeList_raw.json
A10027465,31240,GGB233001813,신리천리베라마을,55508,37.1858,127.10235,37.1858,127.10235,0.0,441.5302872063542,500,False,,,,,,ai_draft,,,,evidence/citycode/getCtyCodeList_raw.json
A10027476,31180,GGB227000006,미사강변17단지.강일리버7단지,28467,37.5645833,127.18015,37.5645833,127.18015,0.0,109.44454389555771,500,False,,,,,,ai_draft,,,,evidence/citycode/getCtyCodeList_raw.json
A10027476,31180,GGB227000199,미사강변루나리움.17단지,28017,37.56645,127.1811833,37.56645,127.1811833,0.0,162.17298273977457,500,False,,,,,,ai_draft,,,,evidence/citycode/getCtyCodeList_raw.json
A10027476,31180,GGB227000196,미사강변루나리움.17단지,28018,37.5667167,127.18085,37.5667167,127.18085,0.0,195.300962786776,500,False,,,,,,ai_draft,,,,evidence/citycode/getCtyCodeList_raw.json
A10027476,31180,GGB227000220,윤슬중학교.강솔초등학교,28508,37.5620167,127.1815333,37.5620167,127.1815333,0.0,331.7654060731824,500,False,,,,,,ai_draft,,,,evidence/citycode/getCtyCodeList_raw.json
A10027476,31180,GGB227000484,미사2동행정복지센터.하남시미사보건센터,28484,37.5673667,127.1848833,37.5673667,127.1848833,0.0,413.0022468948508,500,False,,,,,,ai_draft,,,,evidence/citycode/getCtyCodeList_raw.json
A10027476,31180,GGB227000230,미사강변푸르지오.하우스디더레이크,28287,37.5638,127.1860167,37.5638,127.1860167,0.0,438.18830511745375,500,False,,,,,,ai_draft,,,,evidence/citycode/getCtyCodeList_raw.json
A10027505,31230,GGB232000074,호수마을5단지.호반베르디움2차,35270,37.64765,126.6326,37.64765,126.6326,0.0,71.73880928192898,500,False,,,,,,ai_draft,,,,evidence/citycode/getCtyCodeList_raw.json
A10027505,31230,GGB232000823,호수마을5단지.호반베르디움2차,35735,37.6473667,126.6328667,37.6473667,126.6328667,0.0,105.15966997967516,500,False,,,,,,ai_draft,,,,evidence/citycode/getCtyCodeList_raw.json
A10027505,31230,GGB277102725,김포한강7로(미정차),0,37.6480333,126.6277667,37.6480333,126.6277667,0.0,429.64554480560673,500,False,,,,,,ai_draft,,,,evidence/citycode/getCtyCodeList_raw.json
A10027505,31230,GGB232000705,호수마을이편한세상.한가람우미린,35640,37.6492333,126.6277333,37.6492333,126.6277333,0.0,444.04304027371455,500,False,,,,,,ai_draft,,,,evidence/citycode/getCtyCodeList_raw.json
A10027505,31230,GGB232000961,이편한세상.한강아이파크,35911,37.6514833,126.6292,37.6514833,126.6292,0.0,466.05514262274,500,False,,,,,,ai_draft,,,,evidence/citycode/getCtyCodeList_raw.json
A10027505,31230,GGB232000724,구래역,35195,37.6452,126.629,37.6452,126.629,0.0,469.9564207851244,500,False,,,,,,ai_draft,,,,evidence/citycode/getCtyCodeList_raw.json
A10027509,31020,GGB204000325,위례고운초교,5312,37.47115,127.1466333,37.47115,127.1466333,0.0,236.31692216961477,500,False,,,,,,ai_draft,,,,evidence/citycode/getCtyCodeList_raw.json
A10027509,31020,GGB204000093,래미안위례.위례고운초교.위례35단지,5082,37.4710333,127.14365,37.4710333,127.14365,0.0,241.04865893826036,500,False,,,,,,ai_draft,,,,evidence/citycode/getCtyCodeList_raw.json
A10027509,31020,GGB204000034,래미안위례.위례고운초등학교앞,5081,37.4707333,127.1445333,37.4707333,127.1445333,0.0,243.58945754740552,500,False,,,,,,ai_draft,,,,evidence/citycode/getCtyCodeList_raw.json
A10027509,31020,GGB204000324,위례고운초교,5311,37.4714,127.1472167,37.4714,127.1472167,0.0,250.38436939954565,500,False,,,,,,ai_draft,,,,evidence/citycode/getCtyCodeList_raw.json
A10027509,31020,GGB204000236,성남시위례동행정복지센터.위례아트리버푸르지오,5176,37.4708167,127.1422833,37.4708167,127.1422833,0.0,336.9724811931377,500,False,,,,,,ai_draft,,,,evidence/citycode/getCtyCodeList_raw.json
A10027509,31020,GGB204000240,성남시위례동행정복지센터.위례보미리즌빌,5069,37.4710833,127.1416333,37.4710833,127.1416333,0.0,363.89402530879687,500,False,,,,,,ai_draft,,,,evidence/citycode/getCtyCodeList_raw.json
A10027514,31180,GGB227000230,미사강변푸르지오.하우스디더레이크,28287,37.5638,127.1860167,37.5638,127.1860167,0.0,190.19715020346388,500,False,,,,,,ai_draft,,,,evidence/citycode/getCtyCodeList_raw.json
A10027514,31180,GGB227000232,미사강변푸르지오.하우스디더레이크,28289,37.5627833,127.1862167,37.5627833,127.1862167,0.0,277.2364746079395,500,False,,,,,,ai_draft,,,,evidence/citycode/getCtyCodeList_raw.json
A10027514,31180,GGB227000484,미사2동행정복지센터.하남시미사보건센터,28484,37.5673667,127.1848833,37.5673667,127.1848833,0.0,306.8701252551841,500,False,,,,,,ai_draft,,,,evidence/citycode/getCtyCodeList_raw.json
A10027514,31180,GGB227000199,미사강변루나리움.17단지,28017,37.56645,127.1811833,37.56645,127.1811833,0.0,328.5989276933718,500,False,,,,,,ai_draft,,,,evidence/citycode/getCtyCodeList_raw.json
A10027514,31180,GGB227000485,미사2동행정복지센터.하남시미사보건센터,28485,37.5676167,127.1851833,37.5676167,127.1851833,0.0,340.1648986766589,500,False,,,,,,ai_draft,,,,evidence/citycode/getCtyCodeList_raw.json
A10027514,31180,GGB227000006,미사강변17단지.강일리버7단지,28467,37.5645833,127.18015,37.5645833,127.18015,0.0,353.3082407020594,500,False,,,,,,ai_draft,,,,evidence/citycode/getCtyCodeList_raw.json
A10027537,31180,GGB227000232,미사강변푸르지오.하우스디더레이크,28289,37.5627833,127.1862167,37.5627833,127.1862167,0.0,114.52921706002378,500,False,,,,,,ai_draft,,,,evidence/citycode/getCtyCodeList_raw.json
A10027537,31180,GGB227000230,미사강변푸르지오.하우스디더레이크,28287,37.5638,127.1860167,37.5638,127.1860167,0.0,202.2506456726641,500,False,,,,,,ai_draft,,,,evidence/citycode/getCtyCodeList_raw.json
A10027537,31180,GGB227000386,하남고정문,28620,37.5599,127.1859167,37.5599,127.1859167,0.0,249.23017096279253,500,False,,,,,,ai_draft,,,,evidence/citycode/getCtyCodeList_raw.json
A10027537,31180,GGB227000280,미사1동행정복지센터.하남고등학교.노인장애인복지관,28512,37.5606333,127.1876,37.5606333,127.1876,0.0,261.2401266880687,500,False,,,,,,ai_draft,,,,evidence/citycode/getCtyCodeList_raw.json
A10027537,31180,GGB227000267,미사강변센트럴자이.하남고등학교,28299,37.5595333,127.1855833,37.5595333,127.1855833,0.0,284.69279204159426,500,False,,,,,,ai_draft,,,,evidence/citycode/getCtyCodeList_raw.json
A10027537,31180,GGB227000220,윤슬중학교.강솔초등학교,28508,37.5620167,127.1815333,37.5620167,127.1815333,0.0,329.08977385779303,500,False,,,,,,ai_draft,,,,evidence/citycode/getCtyCodeList_raw.json
A10027546,31180,GGB227000673,위례초.위례중.효성해링턴타워,28498,37.4780167,127.1484667,37.4780167,127.1484667,0.0,308.3841426324516,500,False,,,,,,ai_draft,,,,evidence/citycode/getCtyCodeList_raw.json
A10027546,31180,GGB227000672,위례초.위례중.효성해링턴타워,28497,37.4776333,127.1492333,37.4776333,127.1492333,0.0,349.0363142141732,500,False,,,,,,ai_draft,,,,evidence/citycode/getCtyCodeList_raw.json
A10027546,31180,GGB227000686,스타필드시티.위례스타힐스.하남시위례도서관,28533,37.4800833,127.1474,37.4800833,127.1474,0.0,431.7488181217835,500,False,,,,,,ai_draft,,,,evidence/citycode/getCtyCodeList_raw.json
A10027546,31180,GGB227000295,위례자이더시티.플로리체위례,28372,37.4737667,127.1491333,37.4737667,127.1491333,0.0,437.6992406295276,500,False,,,,,,ai_draft,,,,evidence/citycode/getCtyCodeList_raw.json
A10027546,31180,GGB227000685,스타필드시티.위례지웰푸르지오.하남시위례도서관,28532,37.4800667,127.1478,37.4800667,127.1478,0.0,444.63830175024106,500,False,,,,,,ai_draft,,,,evidence/citycode/getCtyCodeList_raw.json
A10027546,31180,GGB227000299,플로리체위례.위례자이더시티,28468,37.4739667,127.1499833,37.4739667,127.1499833,0.0,481.324138927681,500,False,,,,,,ai_draft,,,,evidence/citycode/getCtyCodeList_raw.json
A10027552,31180,GGB227000679,미사우체국.더샵센트럴포레.동원로얄듀크,28526,37.5528667,127.1847833,37.5528667,127.1847833,0.0,253.6090207467871,500,False,,,,,,ai_draft,,,,evidence/citycode/getCtyCodeList_raw.json
A10027552,31180,GGB227000678,미사우체국.더샵센트럴포레.동원로얄듀크,28525,37.5529667,127.1851167,37.5529667,127.1851167,0.0,267.7635704301596,500,False,,,,,,ai_draft,,,,evidence/citycode/getCtyCodeList_raw.json
A10027552,31180,GGB227000268,하남고용센터.센트럴자이.더샵센트럴포레,28300,37.55545,127.1865167,37.55545,127.1865167,0.0,346.72635437002134,500,False,,,,,,ai_draft,,,,evidence/citycode/getCtyCodeList_raw.json
A10027552,31180,GGB227000269,하남고용센터.센트럴자이.더샵센트럴포레,28301,37.5554833,127.1869,37.5554833,127.1869,0.0,380.0909324500544,500,False,,,,,,ai_draft,,,,evidence/citycode/getCtyCodeList_raw.json
A10027552,31180,GGB227000250,황산사거리.미사센텀비즈,28276,37.5500167,127.1841667,37.5500167,127.1841667,0.0,513.1562950907639,500,False,,,,,,ai_draft,,,,evidence/citycode/getCtyCodeList_raw.json
A10027552,31180,GGB227000486,황산사거리.미사센텀비즈(중),28255,37.5497667,127.1841833,37.5497667,127.1841833,0.0,540.5210112583293,500,False,,,,,,ai_draft,,,,evidence/citycode/getCtyCodeList_raw.json
A10027553,31180,GGB227000686,스타필드시티.위례스타힐스.하남시위례도서관,28533,37.4800833,127.1474,37.4800833,127.1474,0.0,330.24725575040173,500,False,,,,,,ai_draft,,,,evidence/citycode/getCtyCodeList_raw.json
A10027553,31180,GGB227000685,스타필드시티.위례지웰푸르지오.하남시위례도서관,28532,37.4800667,127.1478,37.4800667,127.1478,0.0,364.77070953751934,500,False,,,,,,ai_draft,,,,evidence/citycode/getCtyCodeList_raw.json
A10027553,31180,GGB227000673,위례초.위례중.효성해링턴타워,28498,37.4780167,127.1484667,37.4780167,127.1484667,0.0,453.3689751903948,500,False,,,,,,ai_draft,,,,evidence/citycode/getCtyCodeList_raw.json
A10027553,31180,GGB227000672,위례초.위례중.효성해링턴타워,28497,37.4776333,127.1492333,37.4776333,127.1492333,0.0,532.3205741085377,500,False,,,,,,ai_draft,,,,evidence/citycode/getCtyCodeList_raw.json
A10027553,31180,GGB227000298,하남시위례동행정복지센터.위례고,28371,37.4775667,127.151,37.4775667,127.151,0.0,680.256288997851,500,False,,,,,,ai_draft,,,,evidence/citycode/getCtyCodeList_raw.json
A10027553,31020,GGB204000145,한화오벨리스크,5318,37.4737333,127.14095,37.4737333,127.14095,0.0,692.9799214102381,500,False,,,,,,ai_draft,,,,evidence/citycode/getCtyCodeList_raw.json
A10027595,31020,GGB204000313,위례센트럴푸르지오,5293,37.47095,127.1538667,37.47095,127.1538667,0.0,102.93620565071264,500,False,,,,,,ai_draft,,,,evidence/citycode/getCtyCodeList_raw.json
A10027595,31020,GGB204000312,위례더힐정문,5290,37.4709,127.15415,37.4709,127.15415,0.0,127.5930719607768,500,False,,,,,,ai_draft,,,,evidence/citycode/getCtyCodeList_raw.json
A10027595,31020,GGB204000239,위례더힐남문.위례푸른초등학교,5174,37.4697333,127.1523,37.4697333,127.1523,0.0,131.2929764987055,500,False,,,,,,ai_draft,,,,evidence/citycode/getCtyCodeList_raw.json
A10027595,31020,GGB204000048,위례센트럴푸르지오.위례푸른초등학교,5294,37.46995,127.1513167,37.46995,127.1513167,0.0,159.55924727106458,500,False,,,,,,ai_draft,,,,evidence/citycode/getCtyCodeList_raw.json
A10027595,31020,GGB204000237,위례호반써밋에비뉴,5292,37.4722833,127.1542,37.4722833,127.1542,0.0,205.248417346738,500,False,,,,,,ai_draft,,,,evidence/citycode/getCtyCodeList_raw.json
A10027595,31020,GGB204000095,위례평생학습관,5289,37.4692833,127.1503167,37.4692833,127.1503167,0.0,274.81666399556894,500,False,,,,,,ai_draft,,,,evidence/citycode/getCtyCodeList_raw.json
A10027606,31240,GGB233001172,반도유보라후문,36785,37.2088333,127.1181833,37.2088333,127.1181833,0.0,111.70364241297932,500,False,,,,,,ai_draft,,,,evidence/citycode/getCtyCodeList_raw.json
A10027606,31240,GGB233001169,반도유보라정문,36450,37.2083667,127.1168,37.2083667,127.1168,0.0,113.31083628601554,500,False,,,,,,ai_draft,,,,evidence/citycode/getCtyCodeList_raw.json
A10027606,31240,GGB233001162,반도유보라정문,36448,37.2083,127.1172,37.2083,127.1172,0.0,117.72739656602276,500,False,,,,,,ai_draft,,,,evidence/citycode/getCtyCodeList_raw.json
A10027606,31240,GGB233001306,반도유보라후문,36482,37.2087833,127.1183167,37.2087833,127.1183167,0.0,124.69287703741668,500,False,,,,,,ai_draft,,,,evidence/citycode/getCtyCodeList_raw.json
A10027606,31240,GGB233001993,동탄행복마을푸르지오아파트,55584,37.2095833,127.1189667,37.2095833,127.1189667,0.0,166.6862913404582,500,False,,,,,,ai_draft,,,,evidence/citycode/getCtyCodeList_raw.json
A10027606,31240,GGB233001609,한백고등학교,37674,37.2077833,127.1143333,37.2077833,127.1143333,0.0,301.4817566985755,500,False,,,,,,ai_draft,,,,evidence/citycode/getCtyCodeList_raw.json
A10027631,31230,GGB232000726,운양역,35649,37.6538167,126.6826667,37.6538167,126.6826667,0.0,199.40487311052985,500,False,,,,,,ai_draft,,,,evidence/citycode/getCtyCodeList_raw.json
A10027631,31230,GGB232000758,반도유보라2차.김포대학교,35389,37.6516667,126.6788333,37.6516667,126.6788333,0.0,231.5264920289484,500,False,,,,,,ai_draft,,,,evidence/citycode/getCtyCodeList_raw.json
A10027631,31230,GGB232000759,반도유보라2차.김포대학교,35669,37.6514,126.6779,37.6514,126.6779,0.0,318.87864393102217,500,False,,,,,,ai_draft,,,,evidence/citycode/getCtyCodeList_raw.json
A10027631,31230,GGB232000768,청수초등학교,35675,37.6543833,126.6786167,37.6543833,126.6786167,0.0,324.3301444841732,500,False,,,,,,ai_draft,,,,evidence/citycode/getCtyCodeList_raw.json
A10027631,31230,GGB232000010,운양역2번출구,35088,37.65395,126.6847833,37.65395,126.6847833,0.0,352.4413449104195,500,False,,,,,,ai_draft,,,,evidence/citycode/getCtyCodeList_raw.json
A10027631,31230,GGB232000772,롯데캐슬정문,35679,37.6555333,126.6806333,37.6555333,126.6806333,0.0,354.88865722762193,500,False,,,,,,ai_draft,,,,evidence/citycode/getCtyCodeList_raw.json
A10027632,31020,GGB204000145,한화오벨리스크,5318,37.4737333,127.14095,37.4737333,127.14095,0.0,368.71210477818016,500,False,,,,,,ai_draft,,,,evidence/citycode/getCtyCodeList_raw.json
A10027632,31180,GGB227000673,위례초.위례중.효성해링턴타워,28498,37.4780167,127.1484667,37.4780167,127.1484667,0.0,478.1140201985524,500,False,,,,,,ai_draft,,,,evidence/citycode/getCtyCodeList_raw.json
A10027632,31180,GGB227000672,위례초.위례중.효성해링턴타워,28497,37.4776333,127.1492333,37.4776333,127.1492333,0.0,528.6113475966508,500,False,,,,,,ai_draft,,,,evidence/citycode/getCtyCodeList_raw.json
A10027632,31020,GGB204000146,위례센트럴자이정문,5319,37.4722167,127.14055,37.4722167,127.14055,0.0,529.9263876462769,500,False,,,,,,ai_draft,,,,evidence/citycode/getCtyCodeList_raw.json
A10027632,31180,GGB227000686,스타필드시티.위례스타힐스.하남시위례도서관,28533,37.4800833,127.1474,37.4800833,127.1474,0.0,538.6296118824962,500,False,,,,,,ai_draft,,,,evidence/citycode/getCtyCodeList_raw.json
A10027632,31180,GGB227000685,스타필드시티.위례지웰푸르지오.하남시위례도서관,28532,37.4800667,127.1478,37.4800667,127.1478,0.0,560.7582784606534,500,False,,,,,,ai_draft,,,,evidence/citycode/getCtyCodeList_raw.json
A10027646,31240,GGB233000965,청목초.신안1차,36468,37.1945833,127.1194,37.1945833,127.1194,0.0,150.45129840852164,500,False,,,,,,ai_draft,,,,evidence/citycode/getCtyCodeList_raw.json
A10027646,31240,GGB233002421,예솔초.호반2차.대원2차,55340,37.1962333,127.1187667,37.1962333,127.1187667,0.0,267.6640514823194,500,False,,,,,,ai_draft,,,,evidence/citycode/getCtyCodeList_raw.json
A10027646,31240,GGB233001168,센트럴푸르지오.호반베르디움2차,36458,37.1981333,127.1168167,37.1981333,127.1168167,0.0,478.18632440974994,500,False,,,,,,ai_draft,,,,evidence/citycode/getCtyCodeList_raw.json
A10027646,31240,GGB233001167,센트럴푸르지오.반도유보라,37484,37.1981167,127.11465,37.1981167,127.11465,0.0,548.8052724119935,500,False,,,,,,ai_draft,,,,evidence/citycode/getCtyCodeList_raw.json
A10027646,31240,GGB233001568,베라체아파트,36693,37.1905,127.12285,37.1905,127.12285,0.0,579.4804369873084,500,False,,,,,,ai_draft,,,,evidence/citycode/getCtyCodeList_raw.json
A10027646,31240,GGB233000150,반도유보라.센트럴푸르지오,36515,37.1987333,127.11515,37.1987333,127.11515,0.0,588.3507248721021,500,False,,,,,,ai_draft,,,,evidence/citycode/getCtyCodeList_raw.json
A10027686,31180,GGB227000297,하남시위례동행정복지센터.위례고,28370,37.4767333,127.1521333,37.4767333,127.1521333,0.0,157.94149830548378,500,False,,,,,,ai_draft,,,,evidence/citycode/getCtyCodeList_raw.json
A10027686,31180,GGB227000662,위례롯데캐슬.호반써밋에비뉴,28473,37.4738833,127.1519333,37.4738833,127.1519333,0.0,165.41075773952292,500,False,,,,,,ai_draft,,,,evidence/citycode/getCtyCodeList_raw.json
A10027686,31180,GGB227000301,위례그린파크푸르지오.롯데캐슬.남한산성입구,28470,37.4751,127.1545167,37.4751,127.1545167,0.0,189.7944568399877,500,False,,,,,,ai_draft,,,,evidence/citycode/getCtyCodeList_raw.json
A10027686,31180,GGB227000302,위례롯데캐슬.그린파크푸르지오.남한산성입구,28471,37.4743833,127.1543333,37.4743833,127.1543333,0.0,201.4196547280864,500,False,,,,,,ai_draft,,,,evidence/citycode/getCtyCodeList_raw.json
A10027686,31180,GGB227000300,위례롯데캐슬.호반써밋에비뉴,28469,37.4736833,127.1509833,37.4736833,127.1509833,0.0,220.6995767384273,500,False,,,,,,ai_draft,,,,evidence/citycode/getCtyCodeList_raw.json
A10027686,31180,GGB227000299,플로리체위례.위례자이더시티,28468,37.4739667,127.1499833,37.4739667,127.1499833,0.0,260.3881599545136,500,False,,,,,,ai_draft,,,,evidence/citycode/getCtyCodeList_raw.json
A10027691,31180,GGB227000277,미사강변파밀리에.14단지,28306,37.5697,127.1900833,37.5697,127.1900833,0.0,165.82236046690247,500,False,,,,,,ai_draft,,,,evidence/citycode/getCtyCodeList_raw.json
A10027691,31180,GGB227000276,미사강변파크뷰.13단지,28305,37.5703,127.1894833,37.5703,127.1894833,0.0,190.5536387634568,500,False,,,,,,ai_draft,,,,evidence/citycode/getCtyCodeList_raw.json
A10027691,31180,GGB227000231,하남시미사도서관.미사2동행정복지센터,28290,37.5666667,127.1877167,37.5666667,127.1877167,0.0,242.4531397719198,500,False,,,,,,ai_draft,,,,evidence/citycode/getCtyCodeList_raw.json
A10027691,31180,GGB227000233,하남시미사도서관.미사2동행정복지센터,28302,37.5668833,127.1871667,37.5668833,127.1871667,0.0,242.8252349708227,500,False,,,,,,ai_draft,,,,evidence/citycode/getCtyCodeList_raw.json
A10027691,31180,GGB227000279,미사지구대.종합운동장,28308,37.5669333,127.1909667,37.5669333,127.1909667,0.0,282.4996867437967,500,False,,,,,,ai_draft,,,,evidence/citycode/getCtyCodeList_raw.json
A10027691,31180,GGB227000278,미사지구대.종합운동장,28307,37.56705,127.1913,37.56705,127.1913,0.0,295.9245335069454,500,False,,,,,,ai_draft,,,,evidence/citycode/getCtyCodeList_raw.json
A10027692,31020,GGB204000312,위례더힐정문,5290,37.4709,127.15415,37.4709,127.15415,0.0,120.71139188057474,500,False,,,,,,ai_draft,,,,evidence/citycode/getCtyCodeList_raw.json
A10027692,31020,GGB204000313,위례센트럴푸르지오,5293,37.47095,127.1538667,37.47095,127.1538667,0.0,141.0091490304984,500,False,,,,,,ai_draft,,,,evidence/citycode/getCtyCodeList_raw.json
A10027692,31020,GGB204000239,위례더힐남문.위례푸른초등학교,5174,37.4697333,127.1523,37.4697333,127.1523,0.0,236.99376189722057,500,False,,,,,,ai_draft,,,,evidence/citycode/getCtyCodeList_raw.json
A10027692,31020,GGB204000237,위례호반써밋에비뉴,5292,37.4722833,127.1542,37.4722833,127.1542,0.0,259.8853419823703,500,False,,,,,,ai_draft,,,,evidence/citycode/getCtyCodeList_raw.json
A10027692,31020,GGB204000048,위례센트럴푸르지오.위례푸른초등학교,5294,37.46995,127.1513167,37.46995,127.1513167,0.0,321.6463523865324,500,False,,,,,,ai_draft,,,,evidence/citycode/getCtyCodeList_raw.json
A10027692,31020,GGB204000346,위례그린파크푸르지오,5291,37.4729667,127.15455,37.4729667,127.15455,0.0,329.0661824287029,500,False,,,,,,ai_draft,,,,evidence/citycode/getCtyCodeList_raw.json
A10027709,31020,GGB204000034,래미안위례.위례고운초등학교앞,5081,37.4707333,127.1445333,37.4707333,127.1445333,0.0,73.29197771283997,500,False,,,,,,ai_draft,,,,evidence/citycode/getCtyCodeList_raw.json
A10027709,31020,GGB204000093,래미안위례.위례고운초교.위례35단지,5082,37.4710333,127.14365,37.4710333,127.14365,0.0,128.90095869724686,500,False,,,,,,ai_draft,,,,evidence/citycode/getCtyCodeList_raw.json
A10027709,31020,GGB204000236,성남시위례동행정복지센터.위례아트리버푸르지오,5176,37.4708167,127.1422833,37.4708167,127.1422833,0.0,210.110293355754,500,False,,,,,,ai_draft,,,,evidence/citycode/getCtyCodeList_raw.json
A10027709,31020,GGB204000325,위례고운초교,5312,37.47115,127.1466333,37.47115,127.1466333,0.0,224.93483660136317,500,False,,,,,,ai_draft,,,,evidence/citycode/getCtyCodeList_raw.json
A10027709,31020,GGB204000240,성남시위례동행정복지센터.위례보미리즌빌,5069,37.4710833,127.1416333,37.4710833,127.1416333,0.0,274.5450581211357,500,False,,,,,,ai_draft,,,,evidence/citycode/getCtyCodeList_raw.json
A10027709,31020,GGB204000324,위례고운초교,5311,37.4714,127.1472167,37.4714,127.1472167,0.0,283.34869183183054,500,False,,,,,,ai_draft,,,,evidence/citycode/getCtyCodeList_raw.json
A10027715,31020,GGB204000346,위례그린파크푸르지오,5291,37.4729667,127.15455,37.4729667,127.15455,0.0,112.48717213337471,500,False,,,,,,ai_draft,,,,evidence/citycode/getCtyCodeList_raw.json
A10027715,31180,GGB227000302,위례롯데캐슬.그린파크푸르지오.남한산성입구,28471,37.4743833,127.1543333,37.4743833,127.1543333,0.0,131.8337942288609,500,False,,,,,,ai_draft,,,,evidence/citycode/getCtyCodeList_raw.json
A10027715,31180,GGB227000301,위례그린파크푸르지오.롯데캐슬.남한산성입구,28470,37.4751,127.1545167,37.4751,127.1545167,0.0,183.8526042482337,500,False,,,,,,ai_draft,,,,evidence/citycode/getCtyCodeList_raw.json
A10027715,31020,GGB204000237,위례호반써밋에비뉴,5292,37.4722833,127.1542,37.4722833,127.1542,0.0,189.6513895402308,500,False,,,,,,ai_draft,,,,evidence/citycode/getCtyCodeList_raw.json
A10027715,31180,GGB227000662,위례롯데캐슬.호반써밋에비뉴,28473,37.4738833,127.1519333,37.4738833,127.1519333,0.0,315.8196531173837,500,False,,,,,,ai_draft,,,,evidence/citycode/getCtyCodeList_raw.json
A10027715,31020,GGB204000312,위례더힐정문,5290,37.4709,127.15415,37.4709,127.15415,0.0,327.31327577083897,500,False,,,,,,ai_draft,,,,evidence/citycode/getCtyCodeList_raw.json
A10027720,31020,GGB204000234,힐스테이트위례정문,5299,37.4645667,127.1436,37.4645667,127.1436,0.0,124.32477047635074,500,False,,,,,,ai_draft,,,,evidence/citycode/getCtyCodeList_raw.json
A10027720,31020,GGB204000094,힐스테이트위례정문,5285,37.4640667,127.1444167,37.4640667,127.1444167,0.0,149.69575519754338,500,False,,,,,,ai_draft,,,,evidence/citycode/getCtyCodeList_raw.json
A10027720,31020,GGB204000097,위례래미안이편한세상.힐스테이트위례,5060,37.4671167,127.1442667,37.4671167,127.1442667,0.0,191.1122622670524,500,False,,,,,,ai_draft,,,,evidence/citycode/getCtyCodeList_raw.json
A10027720,31020,GGB204000201,힐스테이트위례후문.위례한빛초등학교,5298,37.4646667,127.1468167,37.4646667,127.1468167,0.0,218.5386636323096,500,False,,,,,,ai_draft,,,,evidence/citycode/getCtyCodeList_raw.json
A10027720,31020,GGB204000090,밀리토피아시티.위례역푸르지오,5180,37.46735,127.14405,37.46735,127.14405,0.0,219.72319285297849,500,False,,,,,,ai_draft,,,,evidence/citycode/getCtyCodeList_raw.json
A10027720,31020,GGB204000196,위례한빛초.래미안이편한세상.힐스테이트.한빛마을,5286,37.4648833,127.14735,37.4648833,127.14735,0.0,256.1550596926994,500,False,,,,,,ai_draft,,,,evidence/citycode/getCtyCodeList_raw.json
A10027729,31240,GGB233000979,포스코더샵.롯데캐슬,36465,37.1999333,127.0991,37.1999333,127.0991,0.0,148.1915708744504,500,False,,,,,,ai_draft,,,,evidence/citycode/getCtyCodeList_raw.json
A10027729,31240,GGB233000137,롯데캐슬.포스코더샵,36436,37.1997,127.0984667,37.1997,127.0984667,0.0,180.9772396113551,500,False,,,,,,ai_draft,,,,evidence/citycode/getCtyCodeList_raw.json
A10027729,31240,GGB233001637,린스트라우스.한화,37658,37.19625,127.0985167,37.19625,127.0985167,0.0,348.0304312138099,500,False,,,,,,ai_draft,,,,evidence/citycode/getCtyCodeList_raw.json
A10027729,31240,GGB233003085,동탄역(동측),55399,37.19985,127.0962833,37.19985,127.0962833,0.0,369.6873410885664,500,False,,,,,,ai_draft,,,,evidence/citycode/getCtyCodeList_raw.json
A10027729,31240,GGB233003084,동탄역(서측),55398,37.1995833,127.0960833,37.1995833,127.0960833,0.0,380.95921447533743,500,False,,,,,,ai_draft,,,,evidence/citycode/getCtyCodeList_raw.json
A10027729,31240,GGB233000978,한화.린스트라우스,36466,37.1953833,127.0990833,37.1953833,127.0990833,0.0,419.9593180708968,500,False,,,,,,ai_draft,,,,evidence/citycode/getCtyCodeList_raw.json
A10027732,31240,GGB233000965,청목초.신안1차,36468,37.1945833,127.1194,37.1945833,127.1194,0.0,177.9531565179327,500,False,,,,,,ai_draft,,,,evidence/citycode/getCtyCodeList_raw.json
A10027732,31240,GGB233002421,예솔초.호반2차.대원2차,55340,37.1962333,127.1187667,37.1962333,127.1187667,0.0,201.6274302125756,500,False,,,,,,ai_draft,,,,evidence/citycode/getCtyCodeList_raw.json
A10027732,31240,GGB233001168,센트럴푸르지오.호반베르디움2차,36458,37.1981333,127.1168167,37.1981333,127.1168167,0.0,457.1716512703047,500,False,,,,,,ai_draft,,,,evidence/citycode/getCtyCodeList_raw.json
A10027732,31240,GGB233002428,호반베르디움,55304,37.19955,127.1176167,37.19955,127.1176167,0.0,524.3528749954677,500,False,,,,,,ai_draft,,,,evidence/citycode/getCtyCodeList_raw.json
A10027732,31240,GGB233001568,베라체아파트,36693,37.1905,127.12285,37.1905,127.12285,0.0,596.0645915098406,500,False,,,,,,ai_draft,,,,evidence/citycode/getCtyCodeList_raw.json
A10027732,31240,GGB233000150,반도유보라.센트럴푸르지오,36515,37.1987333,127.11515,37.1987333,127.11515,0.0,616.044287365723,500,False,,,,,,ai_draft,,,,evidence/citycode/getCtyCodeList_raw.json
A10027741,31180,GGB227000295,위례자이더시티.플로리체위례,28372,37.4737667,127.1491333,37.4737667,127.1491333,0.0,112.91013769461004,500,False,,,,,,ai_draft,,,,evidence/citycode/getCtyCodeList_raw.json
A10027741,31180,GGB227000299,플로리체위례.위례자이더시티,28468,37.4739667,127.1499833,37.4739667,127.1499833,0.0,123.29927024799274,500,False,,,,,,ai_draft,,,,evidence/citycode/getCtyCodeList_raw.json
A10027741,31180,GGB227000300,위례롯데캐슬.호반써밋에비뉴,28469,37.4736833,127.1509833,37.4736833,127.1509833,0.0,210.9268277332129,500,False,,,,,,ai_draft,,,,evidence/citycode/getCtyCodeList_raw.json
A10027741,31180,GGB227000662,위례롯데캐슬.호반써밋에비뉴,28473,37.4738833,127.1519333,37.4738833,127.1519333,0.0,274.7074856885446,500,False,,,,,,ai_draft,,,,evidence/citycode/getCtyCodeList_raw.json
A10027741,31180,GGB227000672,위례초.위례중.효성해링턴타워,28497,37.4776333,127.1492333,37.4776333,127.1492333,0.0,317.88562793075255,500,False,,,,,,ai_draft,,,,evidence/citycode/getCtyCodeList_raw.json
A10027741,31180,GGB227000297,하남시위례동행정복지센터.위례고,28370,37.4767333,127.1521333,37.4767333,127.1521333,0.0,349.4524960765455,500,False,,,,,,ai_draft,,,,evidence/citycode/getCtyCodeList_raw.json
A10027744,31020,GGB204000145,한화오벨리스크,5318,37.4737333,127.14095,37.4737333,127.14095,0.0,286.2349616829169,500,False,,,,,,ai_draft,,,,evidence/citycode/getCtyCodeList_raw.json
A10027744,31020,GGB204000146,위례센트럴자이정문,5319,37.4722167,127.14055,37.4722167,127.14055,0.0,457.84778226269896,500,False,,,,,,ai_draft,,,,evidence/citycode/getCtyCodeList_raw.json
A10027744,31020,GGB204000010,위례보미리즌빌,5317,37.4717667,127.1408167,37.4717667,127.1408167,0.0,500.8744903073047,500,False,,,,,,ai_draft,,,,evidence/citycode/getCtyCodeList_raw.json
A10027744,31020,GGB204000326,위례센트럴자이,5313,37.4733167,127.1373667,37.4733167,127.1373667,0.0,515.7467066377623,500,False,,,,,,ai_draft,,,,evidence/citycode/getCtyCodeList_raw.json
A10027744,31020,GGB204000240,성남시위례동행정복지센터.위례보미리즌빌,5069,37.4710833,127.1416333,37.4710833,127.1416333,0.0,567.2391171475319,500,False,,,,,,ai_draft,,,,evidence/citycode/getCtyCodeList_raw.json
A10027744,31020,GGB204000327,위례31단지,5314,37.4730833,127.1368333,37.4730833,127.1368333,0.0,568.8700724224449,500,False,,,,,,ai_draft,,,,evidence/citycode/getCtyCodeList_raw.json
A10027754,31130,GGB222001321,도농역.동화중고교.다산플루리움(중),23929,37.6083833,127.1620333,37.6083833,127.1620333,0.0,333.68020572692166,500,False,,,,,,ai_draft,,,,evidence/citycode/getCtyCodeList_raw.json
A10027754,31130,GGB222001471,한화꿈에그린아파트.다산2동주민센터,49388,37.6079667,127.1689167,37.6079667,127.1689167,0.0,356.2272352905458,500,False,,,,,,ai_draft,,,,evidence/citycode/getCtyCodeList_raw.json
A10027754,31130,GGB222001320,도농역.동화중고교.다산플루리움(중),23925,37.60785,127.1612333,37.60785,127.1612333,0.0,370.3090160619964,500,False,,,,,,ai_draft,,,,evidence/citycode/getCtyCodeList_raw.json
A10027754,31130,GGB222001472,다산2동주민센터.한화꿈에그린아파트,49389,37.60815,127.1690833,37.60815,127.1690833,0.0,377.88690365997775,500,False,,,,,,ai_draft,,,,evidence/citycode/getCtyCodeList_raw.json
A10027754,31130,GGB222000724,다산2동주민센터.양정초.한화아파트(중),23804,37.6104333,127.1664,37.6104333,127.1664,0.0,426.02251254070535,500,False,,,,,,ai_draft,,,,evidence/citycode/getCtyCodeList_raw.json
A10027754,31130,GGB222000659,다산2동주민센터.양정초.한화아파트(중),23145,37.61075,127.16695,37.61075,127.16695,0.0,473.77744815176936,500,False,,,,,,ai_draft,,,,evidence/citycode/getCtyCodeList_raw.json
A10027768,31240,GGB233000164,반도1차.경남,36811,37.2031667,127.1107667,37.2031667,127.1107667,0.0,132.09315359380705,500,False,,,,,,ai_draft,,,,evidence/citycode/getCtyCodeList_raw.json
A10027768,31240,GGB233002434,시범예미지.영천유치원,55292,37.2032333,127.1087667,37.2032333,127.1087667,0.0,164.9110219356825,500,False,,,,,,ai_draft,,,,evidence/citycode/getCtyCodeList_raw.json
A10027768,31240,GGB233000960,경남.반도1차,36452,37.2035167,127.1108167,37.2035167,127.1108167,0.0,168.74211568794428,500,False,,,,,,ai_draft,,,,evidence/citycode/getCtyCodeList_raw.json
A10027768,31240,GGB233002435,영천유치원.시범예미지,55293,37.2035167,127.1087833,37.2035167,127.1087833,0.0,188.5273275157742,500,False,,,,,,ai_draft,,,,evidence/citycode/getCtyCodeList_raw.json
A10027768,31240,GGB277104808,치동천5교교차로(미정차),0,37.2034167,127.11355,37.2034167,127.11355,0.0,343.34348587155404,500,False,,,,,,ai_draft,,,,evidence/citycode/getCtyCodeList_raw.json
A10027768,31240,GGB233001491,반도1차.모아아파트,37551,37.2018833,127.1141,37.2018833,127.1141,0.0,362.3212353881813,500,False,,,,,,ai_draft,,,,evidence/citycode/getCtyCodeList_raw.json
A10027782,31180,GGB227000196,미사강변루나리움.17단지,28018,37.5667167,127.18085,37.5667167,127.18085,0.0,135.96719178065794,500,False,,,,,,ai_draft,,,,evidence/citycode/getCtyCodeList_raw.json
A10027782,31180,GGB227000199,미사강변루나리움.17단지,28017,37.56645,127.1811833,37.56645,127.1811833,0.0,167.2289983949602,500,False,,,,,,ai_draft,,,,evidence/citycode/getCtyCodeList_raw.json
A10027782,31180,GGB227000656,미사강변스타힐스.금빛마을,28462,37.5701167,127.1831667,37.5701167,127.1831667,0.0,313.28521778207727,500,False,,,,,,ai_draft,,,,evidence/citycode/getCtyCodeList_raw.json
A10027782,31180,GGB227000484,미사2동행정복지센터.하남시미사보건센터,28484,37.5673667,127.1848833,37.5673667,127.1848833,0.0,355.73297555177186,500,False,,,,,,ai_draft,,,,evidence/citycode/getCtyCodeList_raw.json
A10027782,31180,GGB227000485,미사2동행정복지센터.하남시미사보건센터,28485,37.5676167,127.1851833,37.5676167,127.1851833,0.0,378.1421567597952,500,False,,,,,,ai_draft,,,,evidence/citycode/getCtyCodeList_raw.json
A10027782,31180,GGB227000006,미사강변17단지.강일리버7단지,28467,37.5645833,127.18015,37.5645833,127.18015,0.0,379.0793531587107,500,False,,,,,,ai_draft,,,,evidence/citycode/getCtyCodeList_raw.json
A10027798,31240,GGB233002429,이주택지.상록.경남아파트,55305,37.2071,127.1108667,37.2071,127.1108667,0.0,82.54242560678188,500,False,,,,,,ai_draft,,,,evidence/citycode/getCtyCodeList_raw.json
A10027798,31240,GGB233001492,상록.경남아파트.이주택지,37550,37.2068667,127.1105333,37.2068667,127.1105333,0.0,104.97077535295674,500,False,,,,,,ai_draft,,,,evidence/citycode/getCtyCodeList_raw.json
A10027798,31240,GGB233001493,퍼스트파크.이지더원,37549,37.2086833,127.1083,37.2086833,127.1083,0.0,225.09622399996303,500,False,,,,,,ai_draft,,,,evidence/citycode/getCtyCodeList_raw.json
A10027798,31240,GGB233002430,퍼스트파크.이지더원,55306,37.209,127.1085,37.209,127.1085,0.0,227.75452802396185,500,False,,,,,,ai_draft,,,,evidence/citycode/getCtyCodeList_raw.json
A10027798,31240,GGB233002179,동탄파크이지더원.자이후문,55609,37.2100667,127.11185,37.2100667,127.11185,0.0,274.5727355402463,500,False,,,,,,ai_draft,,,,evidence/citycode/getCtyCodeList_raw.json
A10027798,31240,GGB233002181,동탄파크자이.이지더원후문,55610,37.2101667,127.1120333,37.2101667,127.1120333,0.0,291.50255054906785,500,False,,,,,,ai_draft,,,,evidence/citycode/getCtyCodeList_raw.json
A10027806,31240,GGB233000959,동탄2LH4단지,36437,37.2056333,127.12265,37.2056333,127.12265,0.0,77.46468313638573,500,False,,,,,,ai_draft,,,,evidence/citycode/getCtyCodeList_raw.json
A10027806,31240,GGB233001505,동탄2LH4단지,37583,37.2055833,127.1227833,37.2055833,127.1227833,0.0,89.78965088564138,500,False,,,,,,ai_draft,,,,evidence/citycode/getCtyCodeList_raw.json
A10027806,31240,GGB233000352,단독주택,55814,37.2042833,127.1245833,37.2042833,127.1245833,0.0,304.979225229452,500,False,,,,,,ai_draft,,,,evidence/citycode/getCtyCodeList_raw.json
A10027806,31240,GGB233002501,LH4단지후문,55407,37.2041,127.1196167,37.2041,127.1196167,0.0,311.867685439817,500,False,,,,,,ai_draft,,,,evidence/citycode/getCtyCodeList_raw.json
A10027806,31240,GGB233000360,단독주택,55822,37.2041333,127.1246833,37.2041333,127.1246833,0.0,322.8317377637727,500,False,,,,,,ai_draft,,,,evidence/citycode/getCtyCodeList_raw.json
A10027806,31240,GGB233002500,LH4단지후문,55406,37.2042667,127.1192,37.2042667,127.1192,0.0,326.2421677092615,500,False,,,,,,ai_draft,,,,evidence/citycode/getCtyCodeList_raw.json
A10027830,31240,GGB233001637,린스트라우스.한화,37658,37.19625,127.0985167,37.19625,127.0985167,0.0,192.3704144542578,500,False,,,,,,ai_draft,,,,evidence/citycode/getCtyCodeList_raw.json
A10027830,31240,GGB233000978,한화.린스트라우스,36466,37.1953833,127.0990833,37.1953833,127.0990833,0.0,195.2389947774228,500,False,,,,,,ai_draft,,,,evidence/citycode/getCtyCodeList_raw.json
A10027830,31240,GGB233002437,한화꿈에그린,55309,37.1948167,127.1003333,37.1948167,127.1003333,0.0,203.39085674381892,500,False,,,,,,ai_draft,,,,evidence/citycode/getCtyCodeList_raw.json
A10027830,31240,GGB233002438,한화꿈에그린,55310,37.1944333,127.1004833,37.1944333,127.1004833,0.0,244.62542709227856,500,False,,,,,,ai_draft,,,,evidence/citycode/getCtyCodeList_raw.json
A10027830,31240,GGB233002419,한화.호반.대원,55296,37.1967333,127.1048667,37.1967333,127.1048667,0.0,374.9472129011319,500,False,,,,,,ai_draft,,,,evidence/citycode/getCtyCodeList_raw.json
A10027830,31240,GGB233000139,한화.호반.대원,36445,37.1971,127.1049,37.1971,127.1049,0.0,381.3190611656126,500,False,,,,,,ai_draft,,,,evidence/citycode/getCtyCodeList_raw.json
A10027846,31180,GGB227000371,미사강변트래지안정문,28605,37.5728833,127.1925,37.5728833,127.1925,0.0,48.57677315700365,500,False,,,,,,ai_draft,,,,evidence/citycode/getCtyCodeList_raw.json
A10027846,31180,GGB227000195,미사강변한신더휴.트래지안,28504,37.5731167,127.1923833,37.5731167,127.1923833,0.0,76.1053163831014,500,False,,,,,,ai_draft,,,,evidence/citycode/getCtyCodeList_raw.json
A10027846,31180,GGB227000271,미사강변트래지안.미사초등학교,28212,37.5725167,127.1936333,37.5725167,127.1936333,0.0,92.03388929103966,500,False,,,,,,ai_draft,,,,evidence/citycode/getCtyCodeList_raw.json
A10027846,31180,GGB227000270,미사강변한신더휴.트래지안,28091,37.5738333,127.1934,37.5738333,127.1934,0.0,169.23280530227072,500,False,,,,,,ai_draft,,,,evidence/citycode/getCtyCodeList_raw.json
A10027846,31180,GGB227000684,미사강변한신더휴,28531,37.57475,127.1928,37.57475,127.1928,0.0,256.1164602024437,500,False,,,,,,ai_draft,,,,evidence/citycode/getCtyCodeList_raw.json
A10027846,31180,GGB227000219,한강유역환경청.미사고등학교.미사가람마을,28505,37.5703833,127.1945167,37.5703833,127.1945167,0.0,285.8541349616454,500,False,,,,,,ai_draft,,,,evidence/citycode/getCtyCodeList_raw.json
A10027890,31240,GGB233000134,호반베르디움.롯데캐슬,36511,37.1972,127.1112,37.1972,127.1112,0.0,168.81269055305975,500,False,,,,,,ai_draft,,,,evidence/citycode/getCtyCodeList_raw.json
A10027890,31240,GGB233002420,롯데캐슬.호반베르디움,55297,37.19685,127.1110667,37.19685,127.1110667,0.0,174.69113251928826,500,False,,,,,,ai_draft,,,,evidence/citycode/getCtyCodeList_raw.json
A10027890,31240,GGB233001167,센트럴푸르지오.반도유보라,37484,37.1981167,127.11465,37.1981167,127.11465,0.0,204.6672144867588,500,False,,,,,,ai_draft,,,,evidence/citycode/getCtyCodeList_raw.json
A10027890,31240,GGB233000150,반도유보라.센트럴푸르지오,36515,37.1987333,127.11515,37.1987333,127.11515,0.0,285.1390980334997,500,False,,,,,,ai_draft,,,,evidence/citycode/getCtyCodeList_raw.json
A10027890,31240,GGB233001168,센트럴푸르지오.호반베르디움2차,36458,37.1981333,127.1168167,37.1981333,127.1168167,0.0,366.1546396894457,500,False,,,,,,ai_draft,,,,evidence/citycode/getCtyCodeList_raw.json
A10027890,31240,GGB233000430,반도4차.동탄4동복지센터,55663,37.2001,127.1154,37.2001,127.1154,0.0,422.5857948260549,500,False,,,,,,ai_draft,,,,evidence/citycode/getCtyCodeList_raw.json
A10027928,31240,GGB233001167,센트럴푸르지오.반도유보라,37484,37.1981167,127.11465,37.1981167,127.11465,0.0,158.39753154062765,500,False,,,,,,ai_draft,,,,evidence/citycode/getCtyCodeList_raw.json
A10027928,31240,GGB233001168,센트럴푸르지오.호반베르디움2차,36458,37.1981333,127.1168167,37.1981333,127.1168167,0.0,223.31640186144293,500,False,,,,,,ai_draft,,,,evidence/citycode/getCtyCodeList_raw.json
A10027928,31240,GGB233000150,반도유보라.센트럴푸르지오,36515,37.1987333,127.11515,37.1987333,127.11515,0.0,223.79769551557095,500,False,,,,,,ai_draft,,,,evidence/citycode/getCtyCodeList_raw.json
A10027928,31240,GGB233002421,예솔초.호반2차.대원2차,55340,37.1962333,127.1187667,37.1962333,127.1187667,0.0,336.1841342628653,500,False,,,,,,ai_draft,,,,evidence/citycode/getCtyCodeList_raw.json
A10027928,31240,GGB233000134,호반베르디움.롯데캐슬,36511,37.1972,127.1112,37.1972,127.1112,0.0,342.5982332820274,500,False,,,,,,ai_draft,,,,evidence/citycode/getCtyCodeList_raw.json
A10027928,31240,GGB233002420,롯데캐슬.호반베르디움,55297,37.19685,127.1110667,37.19685,127.1110667,0.0,350.5630428472467,500,False,,,,,,ai_draft,,,,evidence/citycode/getCtyCodeList_raw.json
A10027957,31230,GGB232000707,화성파크드림.솔터마을입구,35642,37.6406667,126.63015,37.6406667,126.63015,0.0,83.24360689544949,500,False,,,,,,ai_draft,,,,evidence/citycode/getCtyCodeList_raw.json
A10027957,31230,GGB232000706,솔터마을입구.화성파크드림,35643,37.6411833,126.6302333,37.6411833,126.6302333,0.0,140.3600591082454,500,False,,,,,,ai_draft,,,,evidence/citycode/getCtyCodeList_raw.json
A10027957,31230,GGB232000208,한강힐스테이트,35522,37.6401,126.6328833,37.6401,126.6328833,0.0,269.07835298706084,500,False,,,,,,ai_draft,,,,evidence/citycode/getCtyCodeList_raw.json
A10027957,31230,GGB232000207,한강힐스테이트,35512,37.64035,126.6330833,37.64035,126.6330833,0.0,289.4874889744045,500,False,,,,,,ai_draft,,,,evidence/citycode/getCtyCodeList_raw.json
A10027957,31230,GGB277102614,솔터마을입구(미정차),0,37.6376167,126.63155,37.6376167,126.63155,0.0,301.428683977333,500,False,,,,,,ai_draft,,,,evidence/citycode/getCtyCodeList_raw.json
A10027957,31230,GGB232000767,모아엘가2차.한강센트럴블루힐,35764,37.6373167,126.6286167,37.6373167,126.6286167,0.0,312.97283442856536,500,False,,,,,,ai_draft,,,,evidence/citycode/getCtyCodeList_raw.json
A10027966,31240,GGB233002421,예솔초.호반2차.대원2차,55340,37.1962333,127.1187667,37.1962333,127.1187667,0.0,148.0449019762815,500,False,,,,,,ai_draft,,,,evidence/citycode/getCtyCodeList_raw.json
A10027966,31240,GGB233001168,센트럴푸르지오.호반베르디움2차,36458,37.1981333,127.1168167,37.1981333,127.1168167,0.0,248.45475666978413,500,False,,,,,,ai_draft,,,,evidence/citycode/getCtyCodeList_raw.json
A10027966,31240,GGB233002428,호반베르디움,55304,37.19955,127.1176167,37.19955,127.1176167,0.0,287.2582302387597,500,False,,,,,,ai_draft,,,,evidence/citycode/getCtyCodeList_raw.json
A10027966,31240,GGB233000965,청목초.신안1차,36468,37.1945833,127.1194,37.1945833,127.1194,0.0,317.3590977528927,500,False,,,,,,ai_draft,,,,evidence/citycode/getCtyCodeList_raw.json
A10027966,31240,GGB233000150,반도유보라.센트럴푸르지오,36515,37.1987333,127.11515,37.1987333,127.11515,0.0,409.8881402013714,500,False,,,,,,ai_draft,,,,evidence/citycode/getCtyCodeList_raw.json
A10027966,31240,GGB233002427,KCC스위첸,55303,37.2011167,127.1188667,37.2011167,127.1188667,0.0,412.81748422783,500,False,,,,,,ai_draft,,,,evidence/citycode/getCtyCodeList_raw.json
A10027978,31180,GGB227000276,미사강변파크뷰.13단지,28305,37.5703,127.1894833,37.5703,127.1894833,0.0,116.41021301169528,500,False,,,,,,ai_draft,,,,evidence/citycode/getCtyCodeList_raw.json
A10027978,31180,GGB227000369,구산문화마을.구산성지,28603,37.572,127.1879167,37.572,127.1879167,0.0,117.87387068478392,500,False,,,,,,ai_draft,,,,evidence/citycode/getCtyCodeList_raw.json
A10027978,31180,GGB227000681,구산문화마을.구산성지,28528,37.5723167,127.1873667,37.5723167,127.1873667,0.0,175.3269093973712,500,False,,,,,,ai_draft,,,,evidence/citycode/getCtyCodeList_raw.json
A10027978,31180,GGB227000277,미사강변파밀리에.14단지,28306,37.5697,127.1900833,37.5697,127.1900833,0.0,201.54232852668176,500,False,,,,,,ai_draft,,,,evidence/citycode/getCtyCodeList_raw.json
A10027978,31180,GGB227000659,센트리버.스타힐스.더샵리버포레,28465,37.5725333,127.1856,37.5725333,127.1856,0.0,312.2350537235395,500,False,,,,,,ai_draft,,,,evidence/citycode/getCtyCodeList_raw.json
A10027978,31180,GGB227000371,미사강변트래지안정문,28605,37.5728833,127.1925,37.5728833,127.1925,0.0,391.11983778387776,500,False,,,,,,ai_draft,,,,evidence/citycode/getCtyCodeList_raw.json
A10028002,31240,GGB233002427,KCC스위첸,55303,37.2011167,127.1188667,37.2011167,127.1188667,0.0,44.37181208408899,500,False,,,,,,ai_draft,,,,evidence/citycode/getCtyCodeList_raw.json
A10028002,31240,GGB233002428,호반베르디움,55304,37.19955,127.1176167,37.19955,127.1176167,0.0,174.4815614547506,500,False,,,,,,ai_draft,,,,evidence/citycode/getCtyCodeList_raw.json
A10028002,31240,GGB233000129,신안2차.반도4차,36460,37.1999833,127.11605,37.1999833,127.11605,0.0,235.74180527003543,500,False,,,,,,ai_draft,,,,evidence/citycode/getCtyCodeList_raw.json
A10028002,31240,GGB233000430,반도4차.동탄4동복지센터,55663,37.2001,127.1154,37.2001,127.1154,0.0,282.8596120296295,500,False,,,,,,ai_draft,,,,evidence/citycode/getCtyCodeList_raw.json
A10028002,31240,GGB233002422,무봉초,55298,37.20345,127.1172833,37.20345,127.1172833,0.0,290.25902124888256,500,False,,,,,,ai_draft,,,,evidence/citycode/getCtyCodeList_raw.json
A10028002,31240,GGB233001168,센트럴푸르지오.호반베르디움2차,36458,37.1981333,127.1168167,37.1981333,127.1168167,0.0,347.1978532703957,500,False,,,,,,ai_draft,,,,evidence/citycode/getCtyCodeList_raw.json
A10028048,31240,GGB233000134,호반베르디움.롯데캐슬,36511,37.1972,127.1112,37.1972,127.1112,0.0,165.5266491754811,500,False,,,,,,ai_draft,,,,evidence/citycode/getCtyCodeList_raw.json
A10028048,31240,GGB233002420,롯데캐슬.호반베르디움,55297,37.19685,127.1110667,37.19685,127.1110667,0.0,181.249543482044,500,False,,,,,,ai_draft,,,,evidence/citycode/getCtyCodeList_raw.json
A10028048,31240,GGB233000139,한화.호반.대원,36445,37.1971,127.1049,37.1971,127.1049,0.0,431.7988041182239,500,False,,,,,,ai_draft,,,,evidence/citycode/getCtyCodeList_raw.json
A10028048,31240,GGB233001167,센트럴푸르지오.반도유보라,37484,37.1981167,127.11465,37.1981167,127.11465,0.0,444.12179772563513,500,False,,,,,,ai_draft,,,,evidence/citycode/getCtyCodeList_raw.json
A10028048,31240,GGB233002419,한화.호반.대원,55296,37.1967333,127.1048667,37.1967333,127.1048667,0.0,445.9911452432796,500,False,,,,,,ai_draft,,,,evidence/citycode/getCtyCodeList_raw.json
A10028048,31240,GGB233000150,반도유보라.센트럴푸르지오,36515,37.1987333,127.11515,37.1987333,127.11515,0.0,494.729425407726,500,False,,,,,,ai_draft,,,,evidence/citycode/getCtyCodeList_raw.json
A10028055,31240,GGB233000964,우남퍼스트빌.예미지시그너스,36469,37.2033667,127.0991,37.2033667,127.0991,0.0,189.34116014092947,500,False,,,,,,ai_draft,,,,evidence/citycode/getCtyCodeList_raw.json
A10028055,31240,GGB233000130,예미지시그너스.우남퍼스트빌,36447,37.20315,127.0985,37.20315,127.0985,0.0,191.6942774038309,500,False,,,,,,ai_draft,,,,evidence/citycode/getCtyCodeList_raw.json
A10028055,31240,GGB233000979,포스코더샵.롯데캐슬,36465,37.1999333,127.0991,37.1999333,127.0991,0.0,209.7846865168852,500,False,,,,,,ai_draft,,,,evidence/citycode/getCtyCodeList_raw.json
A10028055,31240,GGB233000137,롯데캐슬.포스코더샵,36436,37.1997,127.0984667,37.1997,127.0984667,0.0,254.5715259574125,500,False,,,,,,ai_draft,,,,evidence/citycode/getCtyCodeList_raw.json
A10028055,31240,GGB233002433,우남퍼스트빌.자이,37663,37.2045667,127.1000833,37.2045667,127.1000833,0.0,314.9716421154575,500,False,,,,,,ai_draft,,,,evidence/citycode/getCtyCodeList_raw.json
A10028055,31240,GGB233000127,자이.우남퍼스트빌,36446,37.2048333,127.0998667,37.2048333,127.0998667,0.0,343.42032146086154,500,False,,,,,,ai_draft,,,,evidence/citycode/getCtyCodeList_raw.json
A10028065,31180,GGB227000284,미사강변리버스위트칸타빌.리슈빌,28311,37.5739333,127.1813167,37.5739333,127.1813167,0.0,297.1983403449511,500,False,,,,,,ai_draft,,,,evidence/citycode/getCtyCodeList_raw.json
A10028065,31180,GGB227000282,미사강변2차푸르지오.센트리버,28309,37.5747833,127.1813333,37.5747833,127.1813333,0.0,364.2632085152225,500,False,,,,,,ai_draft,,,,evidence/citycode/getCtyCodeList_raw.json
A10028065,31180,GGB227000291,미사강변스타힐스.금빛마을,28486,37.5713167,127.1829333,37.5713167,127.1829333,0.0,391.0015549168498,500,False,,,,,,ai_draft,,,,evidence/citycode/getCtyCodeList_raw.json
A10028065,31180,GGB227000285,센트리버.스타힐스.더샵리버포레,28312,37.5721333,127.1833667,37.5721333,127.1833667,0.0,414.5477433312912,500,False,,,,,,ai_draft,,,,evidence/citycode/getCtyCodeList_raw.json
A10028065,31180,GGB227000656,미사강변스타힐스.금빛마을,28462,37.5701167,127.1831667,37.5701167,127.1831667,0.0,463.8746658609143,500,False,,,,,,ai_draft,,,,evidence/citycode/getCtyCodeList_raw.json
A10028065,31180,GGB227000283,미사강변2차푸르지오.미사강변고등학교,28310,37.5762333,127.1813333,37.5762333,127.1813333,0.0,498.4251642354803,500,False,,,,,,ai_draft,,,,evidence/citycode/getCtyCodeList_raw.json
A10028071,31240,GGB233000127,자이.우남퍼스트빌,36446,37.2048333,127.0998667,37.2048333,127.0998667,0.0,247.0296392550521,500,False,,,,,,ai_draft,,,,evidence/citycode/getCtyCodeList_raw.json
A10028071,31240,GGB233002433,우남퍼스트빌.자이,37663,37.2045667,127.1000833,37.2045667,127.1000833,0.0,255.1007616952957,500,False,,,,,,ai_draft,,,,evidence/citycode/getCtyCodeList_raw.json
A10028071,31240,GGB277104810,치동천2교교차로(미정차),0,37.2049333,127.0990833,37.2049333,127.0990833,0.0,296.1112357194737,500,False,,,,,,ai_draft,,,,evidence/citycode/getCtyCodeList_raw.json
A10028071,31240,GGB233002436,상록.테크노밸리.GS자이,36842,37.2065167,127.0985167,37.2065167,127.0985167,0.0,303.4205393850133,500,False,,,,,,ai_draft,,,,evidence/citycode/getCtyCodeList_raw.json
A10028071,31240,GGB233000121,상록.테크노밸리.GS자이,36463,37.2082833,127.0990667,37.2082833,127.0990667,0.0,334.56416569761865,500,False,,,,,,ai_draft,,,,evidence/citycode/getCtyCodeList_raw.json
A10028071,31240,GGB233000961,영천초.계룡,36453,37.2042833,127.1049333,37.2042833,127.1049333,0.0,349.37593621932314,500,False,,,,,,ai_draft,,,,evidence/citycode/getCtyCodeList_raw.json
A10028086,31180,GGB227000686,스타필드시티.위례스타힐스.하남시위례도서관,28533,37.4800833,127.1474,37.4800833,127.1474,0.0,593.0612993892438,500,False,,,,,,ai_draft,,,,evidence/citycode/getCtyCodeList_raw.json
A10028086,31180,GGB227000685,스타필드시티.위례지웰푸르지오.하남시위례도서관,28532,37.4800667,127.1478,37.4800667,127.1478,0.0,628.2130459220151,500,False,,,,,,ai_draft,,,,evidence/citycode/getCtyCodeList_raw.json
A10028086,31180,GGB227000673,위례초.위례중.효성해링턴타워,28498,37.4780167,127.1484667,37.4780167,127.1484667,0.0,752.9773096803664,500,False,,,,,,ai_draft,,,,evidence/citycode/getCtyCodeList_raw.json
A10028086,31020,GGB204000145,한화오벨리스크,5318,37.4737333,127.14095,37.4737333,127.14095,0.0,800.5815827542499,500,False,,,,,,ai_draft,,,,evidence/citycode/getCtyCodeList_raw.json
A10028086,31180,GGB227000672,위례초.위례중.효성해링턴타워,28497,37.4776333,127.1492333,37.4776333,127.1492333,0.0,832.4406449709154,500,False,,,,,,ai_draft,,,,evidence/citycode/getCtyCodeList_raw.json
A10028086,31020,GGB204000326,위례센트럴자이,5313,37.4733167,127.1373667,37.4733167,127.1373667,0.0,898.2587643573313,500,False,,,,,,ai_draft,,,,evidence/citycode/getCtyCodeList_raw.json
A10028120,31240,GGB233000139,한화.호반.대원,36445,37.1971,127.1049,37.1971,127.1049,0.0,221.7374897837937,500,False,,,,,,ai_draft,,,,evidence/citycode/getCtyCodeList_raw.json
A10028120,31240,GGB233002419,한화.호반.대원,55296,37.1967333,127.1048667,37.1967333,127.1048667,0.0,262.45925531790044,500,False,,,,,,ai_draft,,,,evidence/citycode/getCtyCodeList_raw.json
A10028120,31240,GGB233000979,포스코더샵.롯데캐슬,36465,37.1999333,127.0991,37.1999333,127.0991,0.0,516.874749711075,500,False,,,,,,ai_draft,,,,evidence/citycode/getCtyCodeList_raw.json
A10028120,31240,GGB233000131,계룡.영천초,36812,37.2039333,127.1048833,37.2039333,127.1048833,0.0,538.1689421823451,500,False,,,,,,ai_draft,,,,evidence/citycode/getCtyCodeList_raw.json
A10028120,31240,GGB233000137,롯데캐슬.포스코더샵,36436,37.1997,127.0984667,37.1997,127.0984667,0.0,568.4768572219083,500,False,,,,,,ai_draft,,,,evidence/citycode/getCtyCodeList_raw.json
A10028120,31240,GGB233002434,시범예미지.영천유치원,55292,37.2032333,127.1087667,37.2032333,127.1087667,0.0,576.9433116938419,500,False,,,,,,ai_draft,,,,evidence/citycode/getCtyCodeList_raw.json
A10028132,31240,GGB233002179,동탄파크이지더원.자이후문,55609,37.2100667,127.11185,37.2100667,127.11185,0.0,121.75942897684892,500,False,,,,,,ai_draft,,,,evidence/citycode/getCtyCodeList_raw.json
A10028132,31240,GGB233002181,동탄파크자이.이지더원후문,55610,37.2101667,127.1120333,37.2101667,127.1120333,0.0,141.1243722555768,500,False,,,,,,ai_draft,,,,evidence/citycode/getCtyCodeList_raw.json
A10028132,31240,GGB233002430,퍼스트파크.이지더원,55306,37.209,127.1085,37.209,127.1085,0.0,213.5808657864633,500,False,,,,,,ai_draft,,,,evidence/citycode/getCtyCodeList_raw.json
A10028132,31240,GGB233000243,동탄파크자이정문,55607,37.2113,127.1116167,37.2113,127.1116167,0.0,233.03538120043743,500,False,,,,,,ai_draft,,,,evidence/citycode/getCtyCodeList_raw.json
A10028132,31240,GGB233000242,동탄파크자이정문,55608,37.2112833,127.1118333,37.2112833,127.1118333,0.0,237.34491119222915,500,False,,,,,,ai_draft,,,,evidence/citycode/getCtyCodeList_raw.json
A10028132,31240,GGB233001493,퍼스트파크.이지더원,37549,37.2086833,127.1083,37.2086833,127.1083,0.0,238.5358088161065,500,False,,,,,,ai_draft,,,,evidence/citycode/getCtyCodeList_raw.json
A10028139,31180,GGB227000273,청아초등학교.신안인스빌.브라운스톤,28303,37.5583667,127.19535,37.5583667,127.19535,0.0,211.3804169315652,500,False,,,,,,ai_draft,,,,evidence/citycode/getCtyCodeList_raw.json
A10028139,31180,GGB227000274,미사강변골든센트로.미사레스티아,28304,37.5578167,127.1961167,37.5578167,127.1961167,0.0,257.0483552279871,500,False,,,,,,ai_draft,,,,evidence/citycode/getCtyCodeList_raw.json
A10028139,31180,GGB227000506,미사강변브라운스톤,28319,37.56065,127.1926667,37.56065,127.1926667,0.0,322.0256103389712,500,False,,,,,,ai_draft,,,,evidence/citycode/getCtyCodeList_raw.json
A10028139,31180,GGB227000514,미사강변브라운스톤,28321,37.5601333,127.1919167,37.5601333,127.1919167,0.0,382.81396355851183,500,False,,,,,,ai_draft,,,,evidence/citycode/getCtyCodeList_raw.json
A10028139,31180,GGB227000683,미사역,28530,37.5634833,127.1929167,37.5634833,127.1929167,0.0,475.6269177619388,500,False,,,,,,ai_draft,,,,evidence/citycode/getCtyCodeList_raw.json
A10028139,31180,GGB227000660,미사역,28466,37.5633833,127.1925833,37.5633833,127.1925833,0.0,486.0285168519631,500,False,,,,,,ai_draft,,,,evidence/citycode/getCtyCodeList_raw.json
A10028143,31180,GGB227000222,미사강변중학교.미사강변리버나인,28261,37.57675,127.1879833,37.57675,127.1879833,0.0,83.84404179854035,500,False,,,,,,ai_draft,,,,evidence/citycode/getCtyCodeList_raw.json
A10028143,31180,GGB227000223,미사강변중학교.미사강변리버나인,28262,37.5771333,127.18675,37.5771333,127.18675,0.0,133.59695411110926,500,False,,,,,,ai_draft,,,,evidence/citycode/getCtyCodeList_raw.json
A10028143,31180,GGB227000194,구산문화마을.구산성당,28507,37.5766667,127.1903333,37.5766667,127.1903333,0.0,256.60205822337,500,False,,,,,,ai_draft,,,,evidence/citycode/getCtyCodeList_raw.json
A10028143,31180,GGB227000172,구산문화마을.구산성당,28506,37.57645,127.1905333,37.57645,127.1905333,0.0,269.1371022574592,500,False,,,,,,ai_draft,,,,evidence/citycode/getCtyCodeList_raw.json
A10028143,31180,GGB227000204,미사강변2차푸르지오.미사강변고등학교,28227,37.5769833,127.1832333,37.5769833,127.1832333,0.0,389.8264706017687,500,False,,,,,,ai_draft,,,,evidence/citycode/getCtyCodeList_raw.json
A10028143,31180,GGB227000681,구산문화마을.구산성지,28528,37.5723167,127.1873667,37.5723167,127.1873667,0.0,420.3037539123076,500,False,,,,,,ai_draft,,,,evidence/citycode/getCtyCodeList_raw.json
A10028157,31180,GGB227000195,미사강변한신더휴.트래지안,28504,37.5731167,127.1923833,37.5731167,127.1923833,0.0,96.87604120422084,500,False,,,,,,ai_draft,,,,evidence/citycode/getCtyCodeList_raw.json
A10028157,31180,GGB227000684,미사강변한신더휴,28531,37.57475,127.1928,37.57475,127.1928,0.0,113.11881129192186,500,False,,,,,,ai_draft,,,,evidence/citycode/getCtyCodeList_raw.json
A10028157,31180,GGB227000270,미사강변한신더휴.트래지안,28091,37.5738333,127.1934,37.5738333,127.1934,0.0,121.88541720917742,500,False,,,,,,ai_draft,,,,evidence/citycode/getCtyCodeList_raw.json
A10028157,31180,GGB227000371,미사강변트래지안정문,28605,37.5728833,127.1925,37.5728833,127.1925,0.0,124.7716765781294,500,False,,,,,,ai_draft,,,,evidence/citycode/getCtyCodeList_raw.json
A10028157,31180,GGB227000271,미사강변트래지안.미사초등학교,28212,37.5725167,127.1936333,37.5725167,127.1936333,0.0,212.5377638176622,500,False,,,,,,ai_draft,,,,evidence/citycode/getCtyCodeList_raw.json
A10028157,31180,GGB227000172,구산문화마을.구산성당,28506,37.57645,127.1905333,37.57645,127.1905333,0.0,308.46027541774265,500,False,,,,,,ai_draft,,,,evidence/citycode/getCtyCodeList_raw.json
A10028158,31240,GGB233002423,무봉초,55299,37.2038333,127.115,37.2038333,127.115,0.0,89.73402547035413,500,False,,,,,,ai_draft,,,,evidence/citycode/getCtyCodeList_raw.json
A10028158,31240,GGB233002422,무봉초,55298,37.20345,127.1172833,37.20345,127.1172833,0.0,152.29181026890015,500,False,,,,,,ai_draft,,,,evidence/citycode/getCtyCodeList_raw.json
A10028158,31240,GGB233000980,모아.반도1차아파트,36459,37.20205,127.11455,37.20205,127.11455,0.0,156.29475531391898,500,False,,,,,,ai_draft,,,,evidence/citycode/getCtyCodeList_raw.json
A10028158,31240,GGB277104808,치동천5교교차로(미정차),0,37.2034167,127.11355,37.2034167,127.11355,0.0,183.18890681145808,500,False,,,,,,ai_draft,,,,evidence/citycode/getCtyCodeList_raw.json
A10028158,31240,GGB233001491,반도1차.모아아파트,37551,37.2018833,127.1141,37.2018833,127.1141,0.0,196.00170586070396,500,False,,,,,,ai_draft,,,,evidence/citycode/getCtyCodeList_raw.json
A10028158,31240,GGB233001506,포레너스아파트,37582,37.2051667,127.1161833,37.2051667,127.1161833,0.0,226.7793155484852,500,False,,,,,,ai_draft,,,,evidence/citycode/getCtyCodeList_raw.json
A10028167,31240,GGB233002434,시범예미지.영천유치원,55292,37.2032333,127.1087667,37.2032333,127.1087667,0.0,120.0407731083268,500,False,,,,,,ai_draft,,,,evidence/citycode/getCtyCodeList_raw.json
A10028167,31240,GGB233002435,영천유치원.시범예미지,55293,37.2035167,127.1087833,37.2035167,127.1087833,0.0,150.74674335677057,500,False,,,,,,ai_draft,,,,evidence/citycode/getCtyCodeList_raw.json
A10028167,31240,GGB233000164,반도1차.경남,36811,37.2031667,127.1107667,37.2031667,127.1107667,0.0,187.36173092729348,500,False,,,,,,ai_draft,,,,evidence/citycode/getCtyCodeList_raw.json
A10028167,31240,GGB233000960,경남.반도1차,36452,37.2035167,127.1108167,37.2035167,127.1108167,0.0,215.7265092299884,500,False,,,,,,ai_draft,,,,evidence/citycode/getCtyCodeList_raw.json
A10028167,31240,GGB233000131,계룡.영천초,36812,37.2039333,127.1048833,37.2039333,127.1048833,0.0,417.7312930470516,500,False,,,,,,ai_draft,,,,evidence/citycode/getCtyCodeList_raw.json
A10028167,31240,GGB277104808,치동천5교교차로(미정차),0,37.2034167,127.11355,37.2034167,127.11355,0.0,421.3795733336451,500,False,,,,,,ai_draft,,,,evidence/citycode/getCtyCodeList_raw.json
A10028171,31240,GGB233000131,계룡.영천초,36812,37.2039333,127.1048833,37.2039333,127.1048833,0.0,162.3626498842486,500,False,,,,,,ai_draft,,,,evidence/citycode/getCtyCodeList_raw.json
A10028171,31240,GGB233000961,영천초.계룡,36453,37.2042833,127.1049333,37.2042833,127.1049333,0.0,201.4579349853605,500,False,,,,,,ai_draft,,,,evidence/citycode/getCtyCodeList_raw.json
A10028171,31240,GGB233002434,시범예미지.영천유치원,55292,37.2032333,127.1087667,37.2032333,127.1087667,0.0,361.1981059836263,500,False,,,,,,ai_draft,,,,evidence/citycode/getCtyCodeList_raw.json
A10028171,31240,GGB233002435,영천유치원.시범예미지,55293,37.2035167,127.1087833,37.2035167,127.1087833,0.0,371.2257276680321,500,False,,,,,,ai_draft,,,,evidence/citycode/getCtyCodeList_raw.json
A10028171,31240,GGB233002433,우남퍼스트빌.자이,37663,37.2045667,127.1000833,37.2045667,127.1000833,0.0,478.24140543390814,500,False,,,,,,ai_draft,,,,evidence/citycode/getCtyCodeList_raw.json
A10028171,31240,GGB233000127,자이.우남퍼스트빌,36446,37.2048333,127.0998667,37.2048333,127.0998667,0.0,509.6910470940083,500,False,,,,,,ai_draft,,,,evidence/citycode/getCtyCodeList_raw.json
A10028200,31180,GGB227000277,미사강변파밀리에.14단지,28306,37.5697,127.1900833,37.5697,127.1900833,0.0,138.15371346053118,500,False,,,,,,ai_draft,,,,evidence/citycode/getCtyCodeList_raw.json
A10028200,31180,GGB227000197,파밀리에.미사가람마을.종합운동장,28213,37.5683,127.1927833,37.5683,127.1927833,0.0,151.28990096814272,500,False,,,,,,ai_draft,,,,evidence/citycode/getCtyCodeList_raw.json
A10028200,31180,GGB227000276,미사강변파크뷰.13단지,28305,37.5703,127.1894833,37.5703,127.1894833,0.0,216.2713682706092,500,False,,,,,,ai_draft,,,,evidence/citycode/getCtyCodeList_raw.json
A10028200,31180,GGB227000198,파밀리에.미사가람마을.종합운동장,28254,37.5682667,127.1938833,37.5682667,127.1938833,0.0,233.16161160556112,500,False,,,,,,ai_draft,,,,evidence/citycode/getCtyCodeList_raw.json
A10028200,31180,GGB227000278,미사지구대.종합운동장,28307,37.56705,127.1913,37.56705,127.1913,0.0,243.9604798983981,500,False,,,,,,ai_draft,,,,evidence/citycode/getCtyCodeList_raw.json
A10028200,31180,GGB227000279,미사지구대.종합운동장,28308,37.5669333,127.1909667,37.5669333,127.1909667,0.0,260.93165394830856,500,False,,,,,,ai_draft,,,,evidence/citycode/getCtyCodeList_raw.json
A13876113,31020,GGB204000145,한화오벨리스크,5318,37.4737333,127.14095,37.4737333,127.14095,0.0,628.9976278434286,500,False,,,,,,ai_draft,,,,evidence/citycode/getCtyCodeList_raw.json
A13876113,31180,GGB227000686,스타필드시티.위례스타힐스.하남시위례도서관,28533,37.4800833,127.1474,37.4800833,127.1474,0.0,641.827644880425,500,False,,,,,,ai_draft,,,,evidence/citycode/getCtyCodeList_raw.json
A13876113,31180,GGB227000685,스타필드시티.위례지웰푸르지오.하남시위례도서관,28532,37.4800667,127.1478,37.4800667,127.1478,0.0,676.6405989073329,500,False,,,,,,ai_draft,,,,evidence/citycode/getCtyCodeList_raw.json
A13876113,31020,GGB204000326,위례센트럴자이,5313,37.4733167,127.1373667,37.4733167,127.1373667,0.0,716.2195719143353,500,False,,,,,,ai_draft,,,,evidence/citycode/getCtyCodeList_raw.json
A13876113,31180,GGB227000673,위례초.위례중.효성해링턴타워,28498,37.4780167,127.1484667,37.4780167,127.1484667,0.0,745.9130614528707,500,False,,,,,,ai_draft,,,,evidence/citycode/getCtyCodeList_raw.json
A13876113,31020,GGB204000327,위례31단지,5314,37.4730833,127.1368333,37.4730833,127.1368333,0.0,757.7134590123642,500,False,,,,,,ai_draft,,,,evidence/citycode/getCtyCodeList_raw.json
A13876114,31020,GGB204000145,한화오벨리스크,5318,37.4737333,127.14095,37.4737333,127.14095,0.0,279.8893947574979,500,False,,,,,,ai_draft,,,,evidence/citycode/getCtyCodeList_raw.json
A13876114,31020,GGB204000326,위례센트럴자이,5313,37.4733167,127.1373667,37.4733167,127.1373667,0.0,333.07075301712894,500,False,,,,,,ai_draft,,,,evidence/citycode/getCtyCodeList_raw.json
A13876114,31020,GGB204000327,위례31단지,5314,37.4730833,127.1368333,37.4730833,127.1368333,0.0,380.48861770854126,500,False,,,,,,ai_draft,,,,evidence/citycode/getCtyCodeList_raw.json
A13876114,31020,GGB204000146,위례센트럴자이정문,5319,37.4722167,127.14055,37.4722167,127.14055,0.0,422.5211857622738,500,False,,,,,,ai_draft,,,,evidence/citycode/getCtyCodeList_raw.json
A13876114,31020,GGB204000010,위례보미리즌빌,5317,37.4717667,127.1408167,37.4717667,127.1408167,0.0,477.0536646292784,500,False,,,,,,ai_draft,,,,evidence/citycode/getCtyCodeList_raw.json
A13876114,31020,GGB204000235,위례중앙중학교,5308,37.4712333,127.1380167,37.4712333,127.1380167,0.0,529.7479486376295,500,False,,,,,,ai_draft,,,,evidence/citycode/getCtyCodeList_raw.json
A41574201,31230,GGB232000774,대림e편한세상정문,35681,37.6562833,126.6809667,37.6562833,126.6809667,0.0,128.69083938301608,500,False,,,,,,ai_draft,,,,evidence/citycode/getCtyCodeList_raw.json
A41574201,31230,GGB232000775,대림e편한세상후문,35682,37.6584,126.6806833,37.6584,126.6806833,0.0,140.9707607886854,500,False,,,,,,ai_draft,,,,evidence/citycode/getCtyCodeList_raw.json
A41574201,31230,GGB232000764,한라비발디,35672,37.6587667,126.6815,37.6587667,126.6815,0.0,158.70862210030035,500,False,,,,,,ai_draft,,,,evidence/citycode/getCtyCodeList_raw.json
A41574201,31230,GGB232000765,대림e편한세상후문,35673,37.6580167,126.6797167,37.6580167,126.6797167,0.0,179.03189476420587,500,False,,,,,,ai_draft,,,,evidence/citycode/getCtyCodeList_raw.json
A41574201,31230,GGB232000776,한라비발디,35683,37.65895,126.6828167,37.65895,126.6828167,0.0,210.3189188264837,500,False,,,,,,ai_draft,,,,evidence/citycode/getCtyCodeList_raw.json
A41574201,31230,GGB232000772,롯데캐슬정문,35679,37.6555333,126.6806333,37.6555333,126.6806333,0.0,216.9282368129591,500,False,,,,,,ai_draft,,,,evidence/citycode/getCtyCodeList_raw.json
A41574202,31230,GGB232000731,하늘빛마을,35653,37.6519667,126.6903167,37.6519667,126.6903167,0.0,93.08443146050315,500,False,,,,,,ai_draft,,,,evidence/citycode/getCtyCodeList_raw.json
A41574202,31230,GGB232000734,하늘빛마을,35655,37.6518667,126.69005,37.6518667,126.69005,0.0,100.63753690291736,500,False,,,,,,ai_draft,,,,evidence/citycode/getCtyCodeList_raw.json
A41574202,31230,GGB232000727,운양역,35650,37.6536833,126.6851333,37.6536833,126.6851333,0.0,442.49675518609166,500,False,,,,,,ai_draft,,,,evidence/citycode/getCtyCodeList_raw.json
A41574202,31230,GGB232000010,운양역2번출구,35088,37.65395,126.6847833,37.65395,126.6847833,0.0,479.77912154232257,500,False,,,,,,ai_draft,,,,evidence/citycode/getCtyCodeList_raw.json
A41574202,31230,GGB232000829,한신더휴테라스,35762,37.6497667,126.6954833,37.6497667,126.6954833,0.0,585.21388056298,500,False,,,,,,ai_draft,,,,evidence/citycode/getCtyCodeList_raw.json
A41574202,31230,GGB232000828,한신더휴테라스,35761,37.6494833,126.6954667,37.6494833,126.6954667,0.0,602.5988246290863,500,False,,,,,,ai_draft,,,,evidence/citycode/getCtyCodeList_raw.json
A41574203,31230,GGB232000748,화성파크드림.KCC스위첸,35484,37.6446167,126.6930667,37.6446167,126.6930667,0.0,72.70083927354919,500,False,,,,,,ai_draft,,,,evidence/citycode/getCtyCodeList_raw.json
A41574203,31230,GGB232000747,화성파크드림.KCC스위첸,35483,37.6444667,126.6932833,37.6444667,126.6932833,0.0,98.01842425234416,500,False,,,,,,ai_draft,,,,evidence/citycode/getCtyCodeList_raw.json
A41574203,31230,GGB232000745,전원마을3단지.KCC스위첸,35579,37.6442833,126.6883333,37.6442833,126.6883333,0.0,374.4880962337145,500,False,,,,,,ai_draft,,,,evidence/citycode/getCtyCodeList_raw.json
A41574203,31230,GGB232000746,전원마을3단지.KCC스위첸,35584,37.6444333,126.6882833,37.6444333,126.6882833,0.0,375.2779355072512,500,False,,,,,,ai_draft,,,,evidence/citycode/getCtyCodeList_raw.json
A41574203,31230,GGB232000750,한옥마을.아트빌리지.문화원,35662,37.6462167,126.6976,37.6462167,126.6976,0.0,469.41650741647567,500,False,,,,,,ai_draft,,,,evidence/citycode/getCtyCodeList_raw.json
A41574203,31230,GGB232000749,한옥마을.아트빌리지.문화원,35661,37.6460833,126.6976667,37.6460833,126.6976667,0.0,471.2998774371619,500,False,,,,,,ai_draft,,,,evidence/citycode/getCtyCodeList_raw.json
A41574204,31230,GGB232000764,한라비발디,35672,37.6587667,126.6815,37.6587667,126.6815,0.0,64.20830372929647,500,False,,,,,,ai_draft,,,,evidence/citycode/getCtyCodeList_raw.json
A41574204,31230,GGB232000776,한라비발디,35683,37.65895,126.6828167,37.65895,126.6828167,0.0,107.74202436896005,500,False,,,,,,ai_draft,,,,evidence/citycode/getCtyCodeList_raw.json
A41574204,31230,GGB232000775,대림e편한세상후문,35682,37.6584,126.6806833,37.6584,126.6806833,0.0,135.61794355509628,500,False,,,,,,ai_draft,,,,evidence/citycode/getCtyCodeList_raw.json
A41574204,31230,GGB232000765,대림e편한세상후문,35673,37.6580167,126.6797167,37.6580167,126.6797167,0.0,226.4140017943444,500,False,,,,,,ai_draft,,,,evidence/citycode/getCtyCodeList_raw.json
A41574204,31230,GGB232000774,대림e편한세상정문,35681,37.6562833,126.6809667,37.6562833,126.6809667,0.0,344.0900785028773,500,False,,,,,,ai_draft,,,,evidence/citycode/getCtyCodeList_raw.json
A41574204,31230,GGB232000772,롯데캐슬정문,35679,37.6555333,126.6806333,37.6555333,126.6806333,0.0,431.6796726452685,500,False,,,,,,ai_draft,,,,evidence/citycode/getCtyCodeList_raw.json
A41574205,31230,GGB232000768,청수초등학교,35675,37.6543833,126.6786167,37.6543833,126.6786167,0.0,160.62020157905246,500,False,,,,,,ai_draft,,,,evidence/citycode/getCtyCodeList_raw.json
A41574205,31230,GGB232000758,반도유보라2차.김포대학교,35389,37.6516667,126.6788333,37.6516667,126.6788333,0.0,214.48751446295907,500,False,,,,,,ai_draft,,,,evidence/citycode/getCtyCodeList_raw.json
A41574205,31230,GGB232000773,김포제일고등학교,35680,37.6537833,126.67735,37.6537833,126.67735,0.0,231.98429936423636,500,False,,,,,,ai_draft,,,,evidence/citycode/getCtyCodeList_raw.json
A41574205,31230,GGB232000726,운양역,35649,37.6538167,126.6826667,37.6538167,126.6826667,0.0,245.0276948282433,500,False,,,,,,ai_draft,,,,evidence/citycode/getCtyCodeList_raw.json
A41574205,31230,GGB232000772,롯데캐슬정문,35679,37.6555333,126.6806333,37.6555333,126.6806333,0.0,246.4739161647444,500,False,,,,,,ai_draft,,,,evidence/citycode/getCtyCodeList_raw.json
A41574205,31230,GGB232000759,반도유보라2차.김포대학교,35669,37.6514,126.6779,37.6514,126.6779,0.0,284.5062997393593,500,False,,,,,,ai_draft,,,,evidence/citycode/getCtyCodeList_raw.json
A41574206,31230,GGB232000786,삼성래미안,35697,37.6518333,126.6757667,37.6518333,126.6757667,0.0,146.9123644584355,500,False,,,,,,ai_draft,,,,evidence/citycode/getCtyCodeList_raw.json
A41574206,31230,GGB232000785,삼성래미안,35696,37.6518833,126.67595,37.6518833,126.67595,0.0,157.46512625446175,500,False,,,,,,ai_draft,,,,evidence/citycode/getCtyCodeList_raw.json
A41574206,31230,GGB232000732,한강로사거리,35295,37.65095,126.6741,37.65095,126.6741,0.0,185.22892275691416,500,False,,,,,,ai_draft,,,,evidence/citycode/getCtyCodeList_raw.json
A41574206,31230,GGB232000730,한강로사거리,35291,37.6506667,126.6737167,37.6506667,126.6737167,0.0,223.169365240898,500,False,,,,,,ai_draft,,,,evidence/citycode/getCtyCodeList_raw.json
A41574206,31230,GGB232000420,장기본동행정복지센터.성창.에일린의뜰,35206,37.65315,126.6717333,37.65315,126.6717333,0.0,243.1604159681368,500,False,,,,,,ai_draft,,,,evidence/citycode/getCtyCodeList_raw.json
A41574206,31230,GGB232000368,장기본동행정복지센터,35204,37.6527667,126.6715333,37.6527667,126.6715333,0.0,253.59069745409136,500,False,,,,,,ai_draft,,,,evidence/citycode/getCtyCodeList_raw.json
A41574207,31230,GGB232000772,롯데캐슬정문,35679,37.6555333,126.6806333,37.6555333,126.6806333,0.0,134.42385853306254,500,False,,,,,,ai_draft,,,,evidence/citycode/getCtyCodeList_raw.json
A41574207,31230,GGB232000774,대림e편한세상정문,35681,37.6562833,126.6809667,37.6562833,126.6809667,0.0,162.2790705161392,500,False,,,,,,ai_draft,,,,evidence/citycode/getCtyCodeList_raw.json
A41574207,31230,GGB232000998,롯데캐슬,35951,37.65685,126.6777333,37.65685,126.6777333,0.0,164.78831826118946,500,False,,,,,,ai_draft,,,,evidence/citycode/getCtyCodeList_raw.json
A41574207,31230,GGB232000999,롯데캐슬,35952,37.6567833,126.67765,37.6567833,126.67765,0.0,166.1054521385208,500,False,,,,,,ai_draft,,,,evidence/citycode/getCtyCodeList_raw.json
A41574207,31230,GGB232000768,청수초등학교,35675,37.6543833,126.6786167,37.6543833,126.6786167,0.0,177.26865295470742,500,False,,,,,,ai_draft,,,,evidence/citycode/getCtyCodeList_raw.json
A41574207,31230,GGB232000765,대림e편한세상후문,35673,37.6580167,126.6797167,37.6580167,126.6797167,0.0,238.57817241752463,500,False,,,,,,ai_draft,,,,evidence/citycode/getCtyCodeList_raw.json
A41574404,31230,GGB232000839,중흥s클래스.우남퍼스트빌,35786,37.6381833,126.6713667,37.6381833,126.6713667,0.0,129.7396299609592,500,False,,,,,,ai_draft,,,,evidence/citycode/getCtyCodeList_raw.json
A41574404,31230,GGB232000682,가현초등학교.장기동행정복지센터,35629,37.6386167,126.6725167,37.6386167,126.6725167,0.0,140.6885130794685,500,False,,,,,,ai_draft,,,,evidence/citycode/getCtyCodeList_raw.json
A41574404,31230,GGB232000840,중흥s클래스.우남퍼스트빌,35787,37.6378167,126.6707167,37.6378167,126.6707167,0.0,157.20157406853886,500,False,,,,,,ai_draft,,,,evidence/citycode/getCtyCodeList_raw.json
A41574404,31230,GGB232000681,가현초등학교.장기동행정복지센터,35628,37.6389,126.6724667,37.6389,126.6724667,0.0,171.92803612821842,500,False,,,,,,ai_draft,,,,evidence/citycode/getCtyCodeList_raw.json
A41574404,31230,GGB232000631,한강센트럴자이,35603,37.63495,126.6750167,37.63495,126.6750167,0.0,352.73856533770424,500,False,,,,,,ai_draft,,,,evidence/citycode/getCtyCodeList_raw.json
A41574404,31230,GGB232000818,한강센트럴자이,35730,37.6346333,126.6752,37.6346333,126.6752,0.0,390.1079245345056,500,False,,,,,,ai_draft,,,,evidence/citycode/getCtyCodeList_raw.json
A41574405,31230,GGB232000366,장기사거리.수정마을,35211,37.6430167,126.6817,37.6430167,126.6817,0.0,99.23545140521274,500,False,,,,,,ai_draft,,,,evidence/citycode/getCtyCodeList_raw.json
A41574405,31230,GGB232000422,전원마을.김포한강롯데캐슬,35210,37.6439167,126.68145,37.6439167,126.68145,0.0,193.0251431815478,500,False,,,,,,ai_draft,,,,evidence/citycode/getCtyCodeList_raw.json
A41574405,31230,GGB232000684,수정마을.쌍용예가,35622,37.6433333,126.6787667,37.6433333,126.6787667,0.0,256.2221490516736,500,False,,,,,,ai_draft,,,,evidence/citycode/getCtyCodeList_raw.json
A41574405,31230,GGB232000683,수정마을.휴먼시아,35623,37.6433333,126.6784,37.6433333,126.6784,0.0,284.67267165632575,500,False,,,,,,ai_draft,,,,evidence/citycode/getCtyCodeList_raw.json
A41574405,31230,GGB232000820,김포경찰서후문,35732,37.6394667,126.6803333,37.6394667,126.6803333,0.0,313.82315001956664,500,False,,,,,,ai_draft,,,,evidence/citycode/getCtyCodeList_raw.json
A41574405,31230,GGB232000819,김포경찰서후문,35731,37.6389833,126.6803167,37.6389833,126.6803167,0.0,366.22623374163766,500,False,,,,,,ai_draft,,,,evidence/citycode/getCtyCodeList_raw.json
A41574406,31230,GGB232000683,수정마을.휴먼시아,35623,37.6433333,126.6784,37.6433333,126.6784,0.0,154.79827253805368,500,False,,,,,,ai_draft,,,,evidence/citycode/getCtyCodeList_raw.json
A41574406,31230,GGB232000684,수정마을.쌍용예가,35622,37.6433333,126.6787667,37.6433333,126.6787667,0.0,157.29844997423157,500,False,,,,,,ai_draft,,,,evidence/citycode/getCtyCodeList_raw.json
A41574406,31230,GGB232000754,전원마을4단지,35666,37.64605,126.6806167,37.64605,126.6806167,0.0,241.31190647880464,500,False,,,,,,ai_draft,,,,evidence/citycode/getCtyCodeList_raw.json
A41574406,31230,GGB232000755,전원마을4단지,35667,37.6462333,126.6806167,37.6462333,126.6806167,0.0,254.26930074248835,500,False,,,,,,ai_draft,,,,evidence/citycode/getCtyCodeList_raw.json
A41574406,31230,GGB232000422,전원마을.김포한강롯데캐슬,35210,37.6439167,126.68145,37.6439167,126.68145,0.0,279.3342162473052,500,False,,,,,,ai_draft,,,,evidence/citycode/getCtyCodeList_raw.json
A41574406,31230,GGB232000367,지경,35209,37.6473,126.6770667,37.6473,126.6770667,0.0,311.0235906473338,500,False,,,,,,ai_draft,,,,evidence/citycode/getCtyCodeList_raw.json
A41574407,31230,GGB232000760,래미안한강아파트,35687,37.6396667,126.6767333,37.6396667,126.6767333,0.0,112.12983709051572,500,False,,,,,,ai_draft,,,,evidence/citycode/getCtyCodeList_raw.json
A41574407,31230,GGB232000761,롯데마트.래미안한강아파트,35688,37.6398333,126.6770167,37.6398333,126.6770167,0.0,141.81112117756027,500,False,,,,,,ai_draft,,,,evidence/citycode/getCtyCodeList_raw.json
A41574407,31230,GGB232000921,자이타워,35871,37.63765,126.6783,37.63765,126.6783,0.0,239.6891994661484,500,False,,,,,,ai_draft,,,,evidence/citycode/getCtyCodeList_raw.json
A41574407,31230,GGB232000922,자이타워,35872,37.6371167,126.678,37.6371167,126.678,0.0,258.13336561325303,500,False,,,,,,ai_draft,,,,evidence/citycode/getCtyCodeList_raw.json
A41574407,31230,GGB232000838,캐널시티,35785,37.6412,126.6765167,37.6412,126.6765167,0.0,267.08511402201924,500,False,,,,,,ai_draft,,,,evidence/citycode/getCtyCodeList_raw.json
A41574407,31230,GGB232000837,캐널시티,35784,37.6413,126.6769833,37.6413,126.6769833,0.0,287.3750718343482,500,False,,,,,,ai_draft,,,,evidence/citycode/getCtyCodeList_raw.json
A41574408,31230,GGB232000546,뉴고려병원.이니스더원,35493,37.6417833,126.6604167,37.6417833,126.6604167,0.0,195.48358932220535,500,False,,,,,,ai_draft,,,,evidence/citycode/getCtyCodeList_raw.json
A41574408,31230,GGB232000966,한양수자인아파트,35916,37.6426667,126.6578,37.6426667,126.6578,0.0,202.181261762434,500,False,,,,,,ai_draft,,,,evidence/citycode/getCtyCodeList_raw.json
A41574408,31230,GGB232000965,한양수자인아파트,35915,37.6422833,126.6578667,37.6422833,126.6578667,0.0,219.88871364866225,500,False,,,,,,ai_draft,,,,evidence/citycode/getCtyCodeList_raw.json
A41574408,31230,GGB232000545,뉴고려병원,35509,37.6414333,126.6602833,37.6414333,126.6602833,0.0,231.1107389927603,500,False,,,,,,ai_draft,,,,evidence/citycode/getCtyCodeList_raw.json
A41574408,31230,GGB232000722,수자인.호반아파트,35647,37.6445167,126.6575667,37.6445167,126.6575667,0.0,231.6737859930689,500,False,,,,,,ai_draft,,,,evidence/citycode/getCtyCodeList_raw.json
A41574408,31230,GGB232000723,수자인.호반아파트,35648,37.6442167,126.6572833,37.6442167,126.6572833,0.0,240.38001799226615,500,False,,,,,,ai_draft,,,,evidence/citycode/getCtyCodeList_raw.json
A41574409,31230,GGB232000866,중흥S클래스.호반더퍼스트,35813,37.65225,126.6691167,37.65225,126.6691167,0.0,109.1061472562205,500,False,,,,,,ai_draft,,,,evidence/citycode/getCtyCodeList_raw.json
A41574409,31230,GGB232000316,청송1단지.중흥S클래스,35203,37.6510333,126.6707,37.6510333,126.6707,0.0,190.6981412594084,500,False,,,,,,ai_draft,,,,evidence/citycode/getCtyCodeList_raw.json
A41574409,31230,GGB232000317,청송1단지.중흥S클래스,35202,37.6509333,126.6709167,37.6509333,126.6709167,0.0,211.69864000474288,500,False,,,,,,ai_draft,,,,evidence/citycode/getCtyCodeList_raw.json
A41574409,31230,GGB232000867,푸른솔초교,35814,37.6525,126.66565,37.6525,126.66565,0.0,286.68984977591015,500,False,,,,,,ai_draft,,,,evidence/citycode/getCtyCodeList_raw.json
A41574409,31230,GGB232000368,장기본동행정복지센터,35204,37.6527667,126.6715333,37.6527667,126.6715333,0.0,303.3530102359765,500,False,,,,,,ai_draft,,,,evidence/citycode/getCtyCodeList_raw.json
A41574409,31230,GGB232000420,장기본동행정복지센터.성창.에일린의뜰,35206,37.65315,126.6717333,37.65315,126.6717333,0.0,341.4428666411595,500,False,,,,,,ai_draft,,,,evidence/citycode/getCtyCodeList_raw.json
A41574410,31230,GGB232000440,은혜와진리교회,35465,37.6465333,126.6647833,37.6465333,126.6647833,0.0,136.45659542019928,500,False,,,,,,ai_draft,,,,evidence/citycode/getCtyCodeList_raw.json
A41574410,31230,GGB232000708,청송마을.성우오스타,35193,37.6471,126.6637167,37.6471,126.6637167,0.0,141.3859340356489,500,False,,,,,,ai_draft,,,,evidence/citycode/getCtyCodeList_raw.json
A41574410,31230,GGB232000709,고창마을.KCC,35194,37.6471167,126.6631167,37.6471167,126.6631167,0.0,146.0599821886082,500,False,,,,,,ai_draft,,,,evidence/citycode/getCtyCodeList_raw.json
A41574410,31230,GGB232000826,모아.호반아파트,35738,37.6482833,126.6615667,37.6482833,126.6615667,0.0,320.861697780862,500,False,,,,,,ai_draft,,,,evidence/citycode/getCtyCodeList_raw.json
A41574410,31230,GGB232000051,모아미래도엘가,35157,37.6488167,126.6628833,37.6488167,126.6628833,0.0,335.5300096624125,500,False,,,,,,ai_draft,,,,evidence/citycode/getCtyCodeList_raw.json
A41574410,31230,GGB232000827,모아.호반아파트,35739,37.6483833,126.6607667,37.6483833,126.6607667,0.0,371.6409922263841,500,False,,,,,,ai_draft,,,,evidence/citycode/getCtyCodeList_raw.json
A41574411,31230,GGB232000051,모아미래도엘가,35157,37.6488167,126.6628833,37.6488167,126.6628833,0.0,109.55712966301908,500,False,,,,,,ai_draft,,,,evidence/citycode/getCtyCodeList_raw.json
A41574411,31230,GGB232000868,성우오스타.모아미래도엘가,35815,37.6507833,126.6637833,37.6507833,126.6637833,0.0,132.96605616349578,500,False,,,,,,ai_draft,,,,evidence/citycode/getCtyCodeList_raw.json
A41574411,31230,GGB232000811,모아미래도,35723,37.6506667,126.6618167,37.6506667,126.6618167,0.0,200.89371323033563,500,False,,,,,,ai_draft,,,,evidence/citycode/getCtyCodeList_raw.json
A41574411,31230,GGB232000812,모아미래도,35724,37.6504,126.6612333,37.6504,126.6612333,0.0,231.0372821177936,500,False,,,,,,ai_draft,,,,evidence/citycode/getCtyCodeList_raw.json
A41574411,31230,GGB232000826,모아.호반아파트,35738,37.6482833,126.6615667,37.6482833,126.6615667,0.0,234.21024501936265,500,False,,,,,,ai_draft,,,,evidence/citycode/getCtyCodeList_raw.json
A41574411,31230,GGB232000708,청송마을.성우오스타,35193,37.6471,126.6637167,37.6471,126.6637167,0.0,277.16927176070215,500,False,,,,,,ai_draft,,,,evidence/citycode/getCtyCodeList_raw.json
A41574412,31230,GGB232000821,중흥s클래스후문,35733,37.6377,126.6677333,37.6377,126.6677333,0.0,136.99046834898803,500,False,,,,,,ai_draft,,,,evidence/citycode/getCtyCodeList_raw.json
A41574412,31230,GGB232000840,중흥s클래스.우남퍼스트빌,35787,37.6378167,126.6707167,37.6378167,126.6707167,0.0,148.05489996217446,500,False,,,,,,ai_draft,,,,evidence/citycode/getCtyCodeList_raw.json
A41574412,31230,GGB232000816,중흥s클래스후문,35728,37.6371667,126.6678667,37.6371667,126.6678667,0.0,163.63264092096657,500,False,,,,,,ai_draft,,,,evidence/citycode/getCtyCodeList_raw.json
A41574412,31230,GGB232000839,중흥s클래스.우남퍼스트빌,35786,37.6381833,126.6713667,37.6381833,126.6713667,0.0,197.4139337994838,500,False,,,,,,ai_draft,,,,evidence/citycode/getCtyCodeList_raw.json
A41574412,31230,GGB232000682,가현초등학교.장기동행정복지센터,35629,37.6386167,126.6725167,37.6386167,126.6725167,0.0,301.33170034313355,500,False,,,,,,ai_draft,,,,evidence/citycode/getCtyCodeList_raw.json
A41574412,31230,GGB232000577,장기고등학교,35526,37.6409,126.6683833,37.6409,126.6683833,0.0,301.9818157279112,500,False,,,,,,ai_draft,,,,evidence/citycode/getCtyCodeList_raw.json
A41574413,31230,GGB232000662,G버스대기소,35100,37.6458167,126.6577167,37.6458167,126.6577167,0.0,145.28733423554607,500,False,,,,,,ai_draft,,,,evidence/citycode/getCtyCodeList_raw.json
A41574413,31230,GGB232000827,모아.호반아파트,35739,37.6483833,126.6607667,37.6483833,126.6607667,0.0,255.8859713876917,500,False,,,,,,ai_draft,,,,evidence/citycode/getCtyCodeList_raw.json
A41574413,31230,GGB232000722,수자인.호반아파트,35647,37.6445167,126.6575667,37.6445167,126.6575667,0.0,258.1917861100981,500,False,,,,,,ai_draft,,,,evidence/citycode/getCtyCodeList_raw.json
A41574413,31230,GGB232000826,모아.호반아파트,35738,37.6482833,126.6615667,37.6482833,126.6615667,0.0,293.2481000439428,500,False,,,,,,ai_draft,,,,evidence/citycode/getCtyCodeList_raw.json
A41574413,31230,GGB232000723,수자인.호반아파트,35648,37.6442167,126.6572833,37.6442167,126.6572833,0.0,299.7486846148954,500,False,,,,,,ai_draft,,,,evidence/citycode/getCtyCodeList_raw.json
A41574413,31230,GGB232000709,고창마을.KCC,35194,37.6471167,126.6631167,37.6471167,126.6631167,0.0,357.1440799848027,500,False,,,,,,ai_draft,,,,evidence/citycode/getCtyCodeList_raw.json
A41574414,31230,GGB232000756,한강신도시푸르지오,35668,37.6481,126.67845,37.6481,126.67845,0.0,116.26458971562282,500,False,,,,,,ai_draft,,,,evidence/citycode/getCtyCodeList_raw.json
A41574414,31230,GGB232000421,지경,35208,37.6474833,126.6776,37.6474833,126.6776,0.0,131.3711330754788,500,False,,,,,,ai_draft,,,,evidence/citycode/getCtyCodeList_raw.json
A41574414,31230,GGB232001170,모담폭포,35994,37.6497833,126.67795,37.6497833,126.67795,0.0,138.2009939889052,500,False,,,,,,ai_draft,,,,evidence/citycode/getCtyCodeList_raw.json
A41574414,31230,GGB232000753,한강신도시푸르지오,35665,37.64775,126.6784833,37.64775,126.6784833,0.0,142.5909262026779,500,False,,,,,,ai_draft,,,,evidence/citycode/getCtyCodeList_raw.json
A41574414,31230,GGB232000367,지경,35209,37.6473,126.6770667,37.6473,126.6770667,0.0,151.1434210704518,500,False,,,,,,ai_draft,,,,evidence/citycode/getCtyCodeList_raw.json
A41574414,31230,GGB232000759,반도유보라2차.김포대학교,35669,37.6514,126.6779,37.6514,126.6779,0.0,310.6323877212318,500,False,,,,,,ai_draft,,,,evidence/citycode/getCtyCodeList_raw.json
A41574416,31230,GGB232000811,모아미래도,35723,37.6506667,126.6618167,37.6506667,126.6618167,0.0,98.00896883022844,500,False,,,,,,ai_draft,,,,evidence/citycode/getCtyCodeList_raw.json
A41574416,31230,GGB232000812,모아미래도,35724,37.6504,126.6612333,37.6504,126.6612333,0.0,108.7151072236579,500,False,,,,,,ai_draft,,,,evidence/citycode/getCtyCodeList_raw.json
A41574416,31230,GGB232000051,모아미래도엘가,35157,37.6488167,126.6628833,37.6488167,126.6628833,0.0,128.14585769554836,500,False,,,,,,ai_draft,,,,evidence/citycode/getCtyCodeList_raw.json
A41574416,31230,GGB232000868,성우오스타.모아미래도엘가,35815,37.6507833,126.6637833,37.6507833,126.6637833,0.0,168.86340607097645,500,False,,,,,,ai_draft,,,,evidence/citycode/getCtyCodeList_raw.json
A41574416,31230,GGB232000826,모아.호반아파트,35738,37.6482833,126.6615667,37.6482833,126.6615667,0.0,185.5602437942742,500,False,,,,,,ai_draft,,,,evidence/citycode/getCtyCodeList_raw.json
A41574416,31230,GGB232000827,모아.호반아파트,35739,37.6483833,126.6607667,37.6483833,126.6607667,0.0,210.3328640055177,500,False,,,,,,ai_draft,,,,evidence/citycode/getCtyCodeList_raw.json
A41576911,31230,GGB232000704,한가람마을우미린.호수이편한세상,35641,37.6495167,126.6273333,37.6495167,126.6273333,0.0,145.580496776292,500,False,,,,,,ai_draft,,,,evidence/citycode/getCtyCodeList_raw.json
A41576911,31230,GGB232000705,호수마을이편한세상.한가람우미린,35640,37.6492333,126.6277333,37.6492333,126.6277333,0.0,172.84186364397323,500,False,,,,,,ai_draft,,,,evidence/citycode/getCtyCodeList_raw.json
A41576911,31230,GGB232001165,우미린아파트후문,35849,37.65065,126.6255333,37.65065,126.6255333,0.0,177.72051286240492,500,False,,,,,,ai_draft,,,,evidence/citycode/getCtyCodeList_raw.json
A41576911,31230,GGB277102725,김포한강7로(미정차),0,37.6480333,126.6277667,37.6480333,126.6277667,0.0,208.97597484767093,500,False,,,,,,ai_draft,,,,evidence/citycode/getCtyCodeList_raw.json
A41576911,31230,GGB232001164,세계로식자재마트,35848,37.6509,126.6249833,37.6509,126.6249833,0.0,215.93113995918532,500,False,,,,,,ai_draft,,,,evidence/citycode/getCtyCodeList_raw.json
A41576911,31230,GGB277102391,김포한강7로(미정차),0,37.6509333,126.6271667,37.6509333,126.6271667,0.0,240.99031006739068,500,False,,,,,,ai_draft,,,,evidence/citycode/getCtyCodeList_raw.json
A41576912,31230,GGB232000496,솔터고교,35397,37.641,126.63635,37.641,126.63635,0.0,285.5959174039645,500,False,,,,,,ai_draft,,,,evidence/citycode/getCtyCodeList_raw.json
A41576912,31230,GGB232000534,솔터고교,35756,37.6409,126.6368667,37.6409,126.6368667,0.0,320.56837269700753,500,False,,,,,,ai_draft,,,,evidence/citycode/getCtyCodeList_raw.json
A41576912,31230,GGB232000536,솔터마을3단지,35757,37.6439167,126.6309,37.6439167,126.6309,0.0,340.2358897264194,500,False,,,,,,ai_draft,,,,evidence/citycode/getCtyCodeList_raw.json
A41576912,31230,GGB232000207,한강힐스테이트,35512,37.64035,126.6330833,37.64035,126.6330833,0.0,344.63241743066675,500,False,,,,,,ai_draft,,,,evidence/citycode/getCtyCodeList_raw.json
A41576912,31230,GGB232000494,솔터3단지.이마트,35755,37.6441833,126.6307833,37.6441833,126.6307833,0.0,358.23571065546747,500,False,,,,,,ai_draft,,,,evidence/citycode/getCtyCodeList_raw.json
A41576912,31230,GGB232000208,한강힐스테이트,35522,37.6401,126.6328833,37.6401,126.6328833,0.0,377.1935055350326,500,False,,,,,,ai_draft,,,,evidence/citycode/getCtyCodeList_raw.json
A41576913,31230,GGB232000706,솔터마을입구.화성파크드림,35643,37.6411833,126.6302333,37.6411833,126.6302333,0.0,307.116610729582,500,False,,,,,,ai_draft,,,,evidence/citycode/getCtyCodeList_raw.json
A41576913,31230,GGB232000725,구래역,35196,37.6450833,126.6287,37.6450833,126.6287,0.0,322.8222788336895,500,False,,,,,,ai_draft,,,,evidence/citycode/getCtyCodeList_raw.json
A41576913,31230,GGB232000707,화성파크드림.솔터마을입구,35642,37.6406667,126.63015,37.6406667,126.63015,0.0,331.5782986875174,500,False,,,,,,ai_draft,,,,evidence/citycode/getCtyCodeList_raw.json
A41576913,31230,GGB232000724,구래역,35195,37.6452,126.629,37.6452,126.629,0.0,346.3020452392886,500,False,,,,,,ai_draft,,,,evidence/citycode/getCtyCodeList_raw.json
A41576913,31230,GGB232000536,솔터마을3단지,35757,37.6439167,126.6309,37.6439167,126.6309,0.0,368.8713461510721,500,False,,,,,,ai_draft,,,,evidence/citycode/getCtyCodeList_raw.json
A41576913,31230,GGB232000494,솔터3단지.이마트,35755,37.6441833,126.6307833,37.6441833,126.6307833,0.0,373.99022810652366,500,False,,,,,,ai_draft,,,,evidence/citycode/getCtyCodeList_raw.json
A41576914,31230,GGB232000969,은여울중학교.경남아너스빌,35919,37.6368833,126.6378,37.6368833,126.6378,0.0,100.30076645221082,500,False,,,,,,ai_draft,,,,evidence/citycode/getCtyCodeList_raw.json
A41576914,31230,GGB232000741,힐스테이트.경남아너스빌,35659,37.6392333,126.6375167,37.6392333,126.6375167,0.0,164.2160690776314,500,False,,,,,,ai_draft,,,,evidence/citycode/getCtyCodeList_raw.json
A41576914,31230,GGB232000742,힐스테이트.경남아너스빌,35660,37.6384833,126.6344,37.6384833,126.6344,0.0,285.87740140194444,500,False,,,,,,ai_draft,,,,evidence/citycode/getCtyCodeList_raw.json
A41576914,31230,GGB232000534,솔터고교,35756,37.6409,126.6368667,37.6409,126.6368667,0.0,354.1635871110599,500,False,,,,,,ai_draft,,,,evidence/citycode/getCtyCodeList_raw.json
A41576914,31230,GGB232000496,솔터고교,35397,37.641,126.63635,37.641,126.63635,0.0,374.9489325227893,500,False,,,,,,ai_draft,,,,evidence/citycode/getCtyCodeList_raw.json
A41576914,31230,GGB232000890,상록데시앙,35838,37.6373,126.6421,37.6373,126.6421,0.0,406.9768463714088,500,False,,,,,,ai_draft,,,,evidence/citycode/getCtyCodeList_raw.json
A41576915,31230,GGB232000705,호수마을이편한세상.한가람우미린,35640,37.6492333,126.6277333,37.6492333,126.6277333,0.0,149.0275241584536,500,False,,,,,,ai_draft,,,,evidence/citycode/getCtyCodeList_raw.json
A41576915,31230,GGB232000704,한가람마을우미린.호수이편한세상,35641,37.6495167,126.6273333,37.6495167,126.6273333,0.0,168.88956954470615,500,False,,,,,,ai_draft,,,,evidence/citycode/getCtyCodeList_raw.json
A41576915,31230,GGB232000961,이편한세상.한강아이파크,35911,37.6514833,126.6292,37.6514833,126.6292,0.0,172.70308407845835,500,False,,,,,,ai_draft,,,,evidence/citycode/getCtyCodeList_raw.json
A41576915,31230,GGB232000967,휴먼시아9단지,35917,37.6517667,126.62935,37.6517667,126.62935,0.0,204.7590955039127,500,False,,,,,,ai_draft,,,,evidence/citycode/getCtyCodeList_raw.json
A41576915,31230,GGB277102391,김포한강7로(미정차),0,37.6509333,126.6271667,37.6509333,126.6271667,0.0,209.35929105660136,500,False,,,,,,ai_draft,,,,evidence/citycode/getCtyCodeList_raw.json
A41576915,31230,GGB277102725,김포한강7로(미정차),0,37.6480333,126.6277667,37.6480333,126.6277667,0.0,244.85724998853024,500,False,,,,,,ai_draft,,,,evidence/citycode/getCtyCodeList_raw.json
A41576916,31230,GGB232000208,한강힐스테이트,35522,37.6401,126.6328833,37.6401,126.6328833,0.0,105.99649883905693,500,False,,,,,,ai_draft,,,,evidence/citycode/getCtyCodeList_raw.json
A41576916,31230,GGB232000742,힐스테이트.경남아너스빌,35660,37.6384833,126.6344,37.6384833,126.6344,0.0,119.73415020165272,500,False,,,,,,ai_draft,,,,evidence/citycode/getCtyCodeList_raw.json
A41576916,31230,GGB232000207,한강힐스테이트,35512,37.64035,126.6330833,37.64035,126.6330833,0.0,125.17336269746065,500,False,,,,,,ai_draft,,,,evidence/citycode/getCtyCodeList_raw.json
A41576916,31230,GGB277102614,솔터마을입구(미정차),0,37.6376167,126.63155,37.6376167,126.63155,0.0,249.17083359325812,500,False,,,,,,ai_draft,,,,evidence/citycode/getCtyCodeList_raw.json
A41576916,31230,GGB232000496,솔터고교,35397,37.641,126.63635,37.641,126.63635,0.0,318.8629576013502,500,False,,,,,,ai_draft,,,,evidence/citycode/getCtyCodeList_raw.json
A41576916,31230,GGB232000707,화성파크드림.솔터마을입구,35642,37.6406667,126.63015,37.6406667,126.63015,0.0,330.9234384668769,500,False,,,,,,ai_draft,,,,evidence/citycode/getCtyCodeList_raw.json
A41576917,31230,GGB277102725,김포한강7로(미정차),0,37.6480333,126.6277667,37.6480333,126.6277667,0.0,162.22809767783346,500,False,,,,,,ai_draft,,,,evidence/citycode/getCtyCodeList_raw.json
A41576917,31230,GGB232000705,호수마을이편한세상.한가람우미린,35640,37.6492333,126.6277333,37.6492333,126.6277333,0.0,221.64443112045896,500,False,,,,,,ai_draft,,,,evidence/citycode/getCtyCodeList_raw.json
A41576917,31230,GGB232000074,호수마을5단지.호반베르디움2차,35270,37.64765,126.6326,37.64765,126.6326,0.0,265.43904134693406,500,False,,,,,,ai_draft,,,,evidence/citycode/getCtyCodeList_raw.json
A41576917,31230,GGB232000704,한가람마을우미린.호수이편한세상,35641,37.6495167,126.6273333,37.6495167,126.6273333,0.0,268.9008957438377,500,False,,,,,,ai_draft,,,,evidence/citycode/getCtyCodeList_raw.json
A41576917,31230,GGB232000823,호수마을5단지.호반베르디움2차,35735,37.6473667,126.6328667,37.6473667,126.6328667,0.0,293.4801674800334,500,False,,,,,,ai_draft,,,,evidence/citycode/getCtyCodeList_raw.json
A41576917,31230,GGB232000073,한강반도유보라5차,35473,37.6465,126.6267333,37.6465,126.6267333,0.0,296.4575473826512,500,False,,,,,,ai_draft,,,,evidence/citycode/getCtyCodeList_raw.json
A41576918,31230,GGB232000558,김포한강3차푸르지오,35054,37.6409667,126.6214167,37.6409667,126.6214167,0.0,361.6211071527212,500,False,,,,,,ai_draft,,,,evidence/citycode/getCtyCodeList_raw.json
A41576918,31230,GGB232000849,김포한강3차푸르지오,35796,37.6415667,126.6208,37.6415667,126.6208,0.0,402.1986842224215,500,False,,,,,,ai_draft,,,,evidence/citycode/getCtyCodeList_raw.json
A41576918,31230,GGB232000848,나비마을삼거리,35795,37.6428167,126.6208833,37.6428167,126.6208833,0.0,405.7857692039054,500,False,,,,,,ai_draft,,,,evidence/citycode/getCtyCodeList_raw.json
A41576918,31230,GGB232000706,솔터마을입구.화성파크드림,35643,37.6411833,126.6302333,37.6411833,126.6302333,0.0,437.72213087981896,500,False,,,,,,ai_draft,,,,evidence/citycode/getCtyCodeList_raw.json
A41576918,31230,GGB232000707,화성파크드림.솔터마을입구,35642,37.6406667,126.63015,37.6406667,126.63015,0.0,444.8852212708893,500,False,,,,,,ai_draft,,,,evidence/citycode/getCtyCodeList_raw.json
A41576918,31230,GGB232000725,구래역,35196,37.6450833,126.6287,37.6450833,126.6287,0.0,460.085305810181,500,False,,,,,,ai_draft,,,,evidence/citycode/getCtyCodeList_raw.json
A41590101,31230,GGB232000890,상록데시앙,35838,37.6373,126.6421,37.6373,126.6421,0.0,81.38204767589082,500,False,,,,,,ai_draft,,,,evidence/citycode/getCtyCodeList_raw.json
A41590101,31230,GGB232000969,은여울중학교.경남아너스빌,35919,37.6368833,126.6378,37.6368833,126.6378,0.0,333.81768877939123,500,False,,,,,,ai_draft,,,,evidence/citycode/getCtyCodeList_raw.json
A41590101,31230,GGB232000777,마산역,35684,37.6402667,126.6427333,37.6402667,126.6427333,0.0,410.0608082626926,500,False,,,,,,ai_draft,,,,evidence/citycode/getCtyCodeList_raw.json
A41590101,31230,GGB232000781,마산역,35685,37.64055,126.64255,37.64055,126.64255,0.0,437.2291848820829,500,False,,,,,,ai_draft,,,,evidence/citycode/getCtyCodeList_raw.json
A41590101,31230,GGB232000741,힐스테이트.경남아너스빌,35659,37.6392333,126.6375167,37.6392333,126.6375167,0.0,456.0782689675857,500,False,,,,,,ai_draft,,,,evidence/citycode/getCtyCodeList_raw.json
A41590101,31230,GGB232000008,마산역,35085,37.64115,126.6432,37.64115,126.6432,0.0,515.6199462598479,500,False,,,,,,ai_draft,,,,evidence/citycode/getCtyCodeList_raw.json
A47172601,31230,GGB232000706,솔터마을입구.화성파크드림,35643,37.6411833,126.6302333,37.6411833,126.6302333,0.0,167.90050019500708,500,False,,,,,,ai_draft,,,,evidence/citycode/getCtyCodeList_raw.json
A47172601,31230,GGB232000707,화성파크드림.솔터마을입구,35642,37.6406667,126.63015,37.6406667,126.63015,0.0,210.7106375848421,500,False,,,,,,ai_draft,,,,evidence/citycode/getCtyCodeList_raw.json
A47172601,31230,GGB232000207,한강힐스테이트,35512,37.64035,126.6330833,37.64035,126.6330833,0.0,217.75754887249693,500,False,,,,,,ai_draft,,,,evidence/citycode/getCtyCodeList_raw.json
A47172601,31230,GGB232000536,솔터마을3단지,35757,37.6439167,126.6309,37.6439167,126.6309,0.0,224.65122780630296,500,False,,,,,,ai_draft,,,,evidence/citycode/getCtyCodeList_raw.json
A47172601,31230,GGB232000208,한강힐스테이트,35522,37.6401,126.6328833,37.6401,126.6328833,0.0,234.4037778797505,500,False,,,,,,ai_draft,,,,evidence/citycode/getCtyCodeList_raw.json
A47172601,31230,GGB232000494,솔터3단지.이마트,35755,37.6441833,126.6307833,37.6441833,126.6307833,0.0,256.0119115298749,500,False,,,,,,ai_draft,,,,evidence/citycode/getCtyCodeList_raw.json
